0 7.25608e-05
4.88281e-05 6.0624e-05

0 0.00185175
4.88281e-05 0.0018504

9.58894e-05 0
6.84002e-05 4.88281e-05

4.88281e-05 7.47284e-05
8.42786e-05 4.88281e-05

4.88281e-05 0.00184982
9.76563e-05 0.00184693

9.76563e-05 0.00184668
0.000146484 0.00184393

0.000146484 0.00184392
0.000195313 0.00184184

0.000195313 0.00184189
0.000244141 0.0018404

0.000244141 0.00184045
0.000292969 0.00183934

0.000292969 0.00183938
0.000341797 0.00183851

0.000341797 0.00183852
0.000390625 0.00183779

0.000390625 0.00183779
0.000439453 0.00183714

0.000439453 0.00183714
0.000488281 0.00183654

0.000488281 0.00183655
0.000537109 0.00183599

0.000537109 0.00183599
0.000585938 0.00183547

0.000585937 0.00183547
0.000634766 0.00183498

0.000634766 0.00183498
0.000683594 0.00183451

0.000683594 0.00183452
0.000732422 0.00183407

0.000732422 0.00183407
0.00078125 0.00183365

0.00078125 0.00183365
0.000830078 0.00183325

0.000830078 0.00183325
0.000878906 0.00183286

0.000878906 0.00183286
0.000927734 0.00183249

0.000927734 0.00183249
0.000976562 0.00183213

0.000976563 0.00183213
0.00102539 0.00183178

0.00102539 0.00183178
0.00107422 0.00183145

0.00107422 0.00183145
0.00112305 0.00183112

0.00112305 0.00183111
0.00117187 0.00183079

0.00117188 0.0018308
0.0012207 0.0018305

0.0012207 0.0018305
0.00126953 0.00183021

0.00126953 0.00183021
0.00131836 0.00182993

0.00131836 0.00182993
0.00136719 0.00182967

0.00136719 0.00182967
0.00141602 0.00182941

0.00141602 0.00182941
0.00146484 0.00182917

0.00146484 0.00182917
0.00151367 0.00182894

0.00151367 0.00182894
0.0015625 0.00182872

0.0015625 0.00182872
0.00161133 0.0018285

0.00161133 0.0018285
0.00166016 0.00182829

0.00166016 0.00182829
0.00170898 0.00182809

0.00170898 0.00182809
0.00175781 0.00182789

0.00175781 0.00182789
0.00180664 0.0018277

0.00180664 0.0018277
0.00185547 0.00182752

0.00185547 0.00182752
0.0019043 0.00182734

0.0019043 0.00182734
0.00195312 0.00182717

0.00195312 0.00182717
0.00200195 0.00182701

0.00200195 0.00182701
0.00205078 0.00182685

0.00205078 0.00182685
0.00209961 0.0018267

0.00209961 0.0018267
0.00214844 0.00182656

0.00214844 0.00182656
0.00219727 0.00182642

0.00219727 0.00182642
0.00224609 0.00182629

0.00224609 0.00182629
0.00229492 0.00182617

0.00229492 0.00182617
0.00234375 0.00182606

0.00234375 0.00182606
0.00239258 0.00182595

0.00239258 0.00182595
0.00244141 0.00182585

0.00244141 0.00182585
0.00249023 0.00182576

0.00249023 0.00182576
0.00253906 0.00182568

0.00253906 0.00182568
0.00258789 0.00182561

0.00258789 0.00182561
0.00263672 0.00182554

0.00263672 0.00182554
0.00268555 0.00182548

0.00268555 0.00182548
0.00273438 0.00182542

0.00273438 0.00182542
0.0027832 0.00182537

0.0027832 0.00182537
0.00283203 0.00182533

0.00283203 0.00182533
0.00288086 0.00182528

0.00288086 0.00182528
0.00292969 0.00182525

0.00292969 0.00182525
0.00297852 0.00182522

0.00297852 0.00182522
0.00302734 0.00182519

0.00302734 0.00182519
0.00307617 0.00182517

0.00307617 0.00182517
0.003125 0.00182516

0.003125 0.00182516
0.00317383 0.00182515

0.00317383 0.00182515
0.00322266 0.00182515

0.00322266 0.00182515
0.00327148 0.00182515

0.00327148 0.00182516
0.00332031 0.00182516

0.00332031 0.00182517
0.00336914 0.00182518

0.00336914 0.00182518
0.00341797 0.0018252

0.00341797 0.0018252
0.0034668 0.00182522

0.0034668 0.00182522
0.00351563 0.00182525

0.00351563 0.00182525
0.00356445 0.00182528

0.00356445 0.00182528
0.00361328 0.00182531

0.00361328 0.00182531
0.00366211 0.00182535

0.00366211 0.00182535
0.00371094 0.00182539

0.00371094 0.00182539
0.00375977 0.00182543

0.00375977 0.00182543
0.00380859 0.00182547

0.00380859 0.00182547
0.00385742 0.00182552

0.00385742 0.00182552
0.00390625 0.00182557

0.00390625 0.00182557
0.00395508 0.00182562

0.00395508 0.00182562
0.00400391 0.00182568

0.00400391 0.00182568
0.00405273 0.00182574

0.00405273 0.00182574
0.00410156 0.0018258

0.00410156 0.0018258
0.00415039 0.00182587

0.00415039 0.00182587
0.00419922 0.00182594

0.00419922 0.00182594
0.00424805 0.00182601

0.00424805 0.00182601
0.00429688 0.00182609

0.00429687 0.00182609
0.0043457 0.00182616

0.0043457 0.00182616
0.00439453 0.00182624

0.00439453 0.00182624
0.00444336 0.00182631

0.00444336 0.00182631
0.00449219 0.00182639

0.00449219 0.00182639
0.00454102 0.00182646

0.00454102 0.00182646
0.00458984 0.00182654

0.00458984 0.00182654
0.00463867 0.00182661

0.00463867 0.00182661
0.0046875 0.00182669

0.0046875 0.00182669
0.00473633 0.00182676

0.00473633 0.00182676
0.00478516 0.00182683

0.00478516 0.00182683
0.00483398 0.0018269

0.00483398 0.0018269
0.00488281 0.00182697

0.00488281 0.00182697
0.00493164 0.00182704

0.00493164 0.00182704
0.00498047 0.00182711

0.00498047 0.00182711
0.0050293 0.00182718

0.0050293 0.00182718
0.00507813 0.00182724

0.00507813 0.00182724
0.00512695 0.00182731

0.00512695 0.00182731
0.00517578 0.00182738

0.00517578 0.00182738
0.00522461 0.00182744

0.00522461 0.00182744
0.00527344 0.00182751

0.00527344 0.00182751
0.00532227 0.00182757

0.00532227 0.00182757
0.00537109 0.00182764

0.00537109 0.00182764
0.00541992 0.0018277

0.00541992 0.0018277
0.00546875 0.00182776

0.00546875 0.00182776
0.00551758 0.00182783

0.00551758 0.00182783
0.00556641 0.00182789

0.00556641 0.00182789
0.00561523 0.00182795

0.00561523 0.00182795
0.00566406 0.00182801

0.00566406 0.00182801
0.00571289 0.00182807

0.00571289 0.00182807
0.00576172 0.00182813

0.00576172 0.00182813
0.00581055 0.00182818

0.00581055 0.00182818
0.00585938 0.00182823

0.00585938 0.00182823
0.0059082 0.00182828

0.0059082 0.00182828
0.00595703 0.00182833

0.00595703 0.00182833
0.00600586 0.00182837

0.00600586 0.00182837
0.00605469 0.00182842

0.00605469 0.00182842
0.00610352 0.00182846

0.00610352 0.00182846
0.00615234 0.0018285

0.00615234 0.0018285
0.00620117 0.00182854

0.00620117 0.00182854
0.00625 0.00182859

0.00625 0.00182859
0.00629883 0.00182863

0.00629883 0.00182863
0.00634766 0.00182867

0.00634766 0.00182867
0.00639648 0.00182872

0.00639648 0.00182872
0.00644531 0.00182876

0.00644531 0.00182876
0.00649414 0.00182881

0.00649414 0.00182881
0.00654297 0.00182885

0.00654297 0.00182885
0.0065918 0.00182889

0.0065918 0.00182889
0.00664063 0.00182893

0.00664062 0.00182893
0.00668945 0.00182897

0.00668945 0.00182897
0.00673828 0.00182901

0.00673828 0.00182901
0.00678711 0.00182904

0.00678711 0.00182904
0.00683594 0.00182908

0.00683594 0.00182908
0.00688477 0.00182911

0.00688477 0.00182911
0.00693359 0.00182914

0.00693359 0.00182914
0.00698242 0.00182917

0.00698242 0.00182917
0.00703125 0.00182919

0.00703125 0.00182919
0.00708008 0.00182922

0.00708008 0.00182922
0.00712891 0.00182924

0.00712891 0.00182924
0.00717773 0.00182926

0.00717773 0.00182926
0.00722656 0.00182928

0.00722656 0.00182928
0.00727539 0.0018293

0.00727539 0.0018293
0.00732422 0.00182931

0.00732422 0.00182931
0.00737305 0.00182933

0.00737305 0.00182933
0.00742188 0.00182934

0.00742187 0.00182934
0.0074707 0.00182934

0.0074707 0.00182934
0.00751953 0.00182935

0.00751953 0.00182935
0.00756836 0.00182936

0.00756836 0.00182936
0.00761719 0.00182936

0.00761719 0.00182936
0.00766602 0.00182936

0.00766602 0.00182936
0.00771484 0.00182936

0.00771484 0.00182936
0.00776367 0.00182935

0.00776367 0.00182935
0.0078125 0.00182935

0.0078125 0.00182935
0.00786133 0.00182934

0.00786133 0.00182934
0.00791016 0.00182933

0.00791016 0.00182933
0.00795898 0.00182932

0.00795898 0.00182932
0.00800781 0.00182931

0.00800781 0.00182931
0.00805664 0.00182929

0.00805664 0.00182929
0.00810547 0.00182927

0.00810547 0.00182927
0.0081543 0.00182926

0.0081543 0.00182926
0.00820313 0.00182923

0.00820313 0.00182923
0.00825195 0.00182921

0.00825195 0.00182921
0.00830078 0.00182919

0.00830078 0.00182919
0.00834961 0.00182916

0.00834961 0.00182916
0.00839844 0.00182913

0.00839844 0.00182913
0.00844727 0.00182911

0.00844727 0.00182911
0.00849609 0.00182908

0.00849609 0.00182908
0.00854492 0.00182905

0.00854492 0.00182905
0.00859375 0.00182902

0.00859375 0.00182902
0.00864258 0.00182899

0.00864258 0.00182899
0.00869141 0.00182896

0.00869141 0.00182896
0.00874023 0.00182894

0.00874023 0.00182894
0.00878906 0.00182891

0.00878906 0.00182891
0.00883789 0.00182888

0.00883789 0.00182888
0.00888672 0.00182886

0.00888672 0.00182886
0.00893555 0.00182884

0.00893555 0.00182884
0.00898438 0.00182882

0.00898437 0.00182882
0.0090332 0.00182881

0.0090332 0.00182881
0.00908203 0.00182879

0.00908203 0.00182879
0.00913086 0.00182878

0.00913086 0.00182878
0.00917969 0.00182877

0.00917969 0.00182877
0.00922852 0.00182876

0.00922852 0.00182876
0.00927734 0.00182875

0.00927734 0.00182875
0.00932617 0.00182875

0.00932617 0.00182875
0.009375 0.00182875

0.009375 0.00182875
0.00942383 0.00182875

0.00942383 0.00182875
0.00947266 0.00182875

0.00947266 0.00182875
0.00952148 0.00182875

0.00952148 0.00182875
0.00957031 0.00182876

0.00957031 0.00182876
0.00961914 0.00182878

0.00961914 0.00182878
0.00966797 0.00182879

0.00966797 0.00182879
0.0097168 0.00182881

0.0097168 0.00182881
0.00976563 0.00182883

0.00976562 0.00182883
0.00981445 0.00182885

0.00981445 0.00182885
0.00986328 0.00182888

0.00986328 0.00182888
0.00991211 0.00182891

0.00991211 0.00182891
0.00996094 0.00182895

0.00996094 0.00182895
0.0100098 0.00182898

0.0100098 0.00182898
0.0100586 0.00182902

0.0100586 0.00182902
0.0101074 0.00182906

0.0101074 0.00182906
0.0101563 0.0018291

0.0101563 0.0018291
0.0102051 0.00182914

0.0102051 0.00182914
0.0102539 0.00182919

0.0102539 0.00182919
0.0103027 0.00182923

0.0103027 0.00182923
0.0103516 0.00182927

0.0103516 0.00182927
0.0104004 0.00182931

0.0104004 0.00182931
0.0104492 0.00182935

0.0104492 0.00182935
0.010498 0.00182939

0.010498 0.00182939
0.0105469 0.00182942

0.0105469 0.00182942
0.0105957 0.00182946

0.0105957 0.00182946
0.0106445 0.00182949

0.0106445 0.00182949
0.0106934 0.00182952

0.0106934 0.00182952
0.0107422 0.00182955

0.0107422 0.00182955
0.010791 0.00182958

0.010791 0.00182958
0.0108398 0.0018296

0.0108398 0.0018296
0.0108887 0.00182962

0.0108887 0.00182962
0.0109375 0.00182964

0.0109375 0.00182964
0.0109863 0.00182966

0.0109863 0.00182966
0.0110352 0.00182967

0.0110352 0.00182967
0.011084 0.00182968

0.011084 0.00182968
0.0111328 0.00182969

0.0111328 0.00182969
0.0111816 0.00182969

0.0111816 0.00182969
0.0112305 0.00182969

0.0112305 0.00182969
0.0112793 0.00182969

0.0112793 0.00182969
0.0113281 0.00182969

0.0113281 0.00182969
0.011377 0.00182968

0.011377 0.00182968
0.0114258 0.00182966

0.0114258 0.00182966
0.0114746 0.00182965

0.0114746 0.00182965
0.0115234 0.00182963

0.0115234 0.00182963
0.0115723 0.0018296

0.0115723 0.0018296
0.0116211 0.00182957

0.0116211 0.00182957
0.0116699 0.00182954

0.0116699 0.00182954
0.0117188 0.00182951

0.0117188 0.00182951
0.0117676 0.00182948

0.0117676 0.00182948
0.0118164 0.00182944

0.0118164 0.00182944
0.0118652 0.0018294

0.0118652 0.0018294
0.0119141 0.00182935

0.0119141 0.00182935
0.0119629 0.00182931

0.0119629 0.00182931
0.0120117 0.00182927

0.0120117 0.00182926
0.0120605 0.00182922

0.0120605 0.00182922
0.0121094 0.00182917

0.0121094 0.00182917
0.0121582 0.00182913

0.0121582 0.00182913
0.012207 0.00182908

0.012207 0.00182908
0.0122559 0.00182903

0.0122559 0.00182903
0.0123047 0.00182899

0.0123047 0.00182899
0.0123535 0.00182894

0.0123535 0.00182894
0.0124023 0.00182889

0.0124023 0.00182889
0.0124512 0.00182885

0.0124512 0.00182885
0.0125 0.00182881

0.0125 0.00182881
0.0125488 0.00182877

0.0125488 0.00182877
0.0125977 0.00182873

0.0125977 0.00182873
0.0126465 0.00182869

0.0126465 0.00182869
0.0126953 0.00182865

0.0126953 0.00182865
0.0127441 0.00182862

0.0127441 0.00182862
0.012793 0.00182859

0.012793 0.00182859
0.0128418 0.00182857

0.0128418 0.00182857
0.0128906 0.00182855

0.0128906 0.00182855
0.0129395 0.00182853

0.0129395 0.00182853
0.0129883 0.00182852

0.0129883 0.00182852
0.0130371 0.00182852

0.0130371 0.00182852
0.0130859 0.00182852

0.0130859 0.00182852
0.0131348 0.00182852

0.0131348 0.00182852
0.0131836 0.00182853

0.0131836 0.00182853
0.0132324 0.00182855

0.0132324 0.00182855
0.0132813 0.00182858

0.0132812 0.00182858
0.0133301 0.00182861

0.0133301 0.00182861
0.0133789 0.00182864

0.0133789 0.00182864
0.0134277 0.00182869

0.0134277 0.00182869
0.0134766 0.00182874

0.0134766 0.00182874
0.0135254 0.00182879

0.0135254 0.00182879
0.0135742 0.00182886

0.0135742 0.00182886
0.013623 0.00182893

0.013623 0.00182893
0.0136719 0.00182901

0.0136719 0.00182901
0.0137207 0.00182909

0.0137207 0.00182909
0.0137695 0.00182918

0.0137695 0.00182918
0.0138184 0.00182928

0.0138184 0.00182928
0.0138672 0.00182939

0.0138672 0.00182939
0.013916 0.0018295

0.013916 0.0018295
0.0139648 0.00182962

0.0139648 0.00182962
0.0140137 0.00182975

0.0140137 0.00182975
0.0140625 0.00182988

0.0140625 0.00182988
0.0141113 0.00183002

0.0141113 0.00183002
0.0141602 0.00183017

0.0141602 0.00183017
0.014209 0.00183032

0.014209 0.00183032
0.0142578 0.00183048

0.0142578 0.00183048
0.0143066 0.00183064

0.0143066 0.00183064
0.0143555 0.00183081

0.0143555 0.00183081
0.0144043 0.00183099

0.0144043 0.00183099
0.0144531 0.00183117

0.0144531 0.00183117
0.014502 0.00183136

0.014502 0.00183136
0.0145508 0.00183155

0.0145508 0.00183155
0.0145996 0.00183174

0.0145996 0.00183174
0.0146484 0.00183194

0.0146484 0.00183194
0.0146973 0.00183214

0.0146973 0.00183214
0.0147461 0.00183234

0.0147461 0.00183234
0.0147949 0.00183255

0.0147949 0.00183255
0.0148438 0.00183276

0.0148438 0.00183276
0.0148926 0.00183298

0.0148926 0.00183298
0.0149414 0.00183319

0.0149414 0.00183319
0.0149902 0.00183341

0.0149902 0.00183341
0.0150391 0.00183363

0.0150391 0.00183363
0.0150879 0.00183386

0.0150879 0.00183386
0.0151367 0.00183408

0.0151367 0.00183408
0.0151855 0.00183431

0.0151855 0.00183431
0.0152344 0.00183454

0.0152344 0.00183454
0.0152832 0.00183477

0.0152832 0.00183477
0.015332 0.001835

0.015332 0.001835
0.0153809 0.00183524

0.0153809 0.00183524
0.0154297 0.00183547

0.0154297 0.00183547
0.0154785 0.00183571

0.0154785 0.00183571
0.0155273 0.00183594

0.0155273 0.00183594
0.0155762 0.00183618

0.0155762 0.00183618
0.015625 0.00183642

0.015625 0.00183642
0.0156738 0.00183666

0.0156738 0.00183666
0.0157227 0.0018369

0.0157227 0.0018369
0.0157715 0.00183713

0.0157715 0.00183713
0.0158203 0.00183737

0.0158203 0.00183737
0.0158691 0.00183761

0.0158691 0.00183761
0.015918 0.00183785

0.015918 0.00183785
0.0159668 0.00183809

0.0159668 0.00183809
0.0160156 0.00183832

0.0160156 0.00183832
0.0160645 0.00183856

0.0160645 0.00183856
0.0161133 0.00183879

0.0161133 0.00183879
0.0161621 0.00183903

0.0161621 0.00183903
0.0162109 0.00183926

0.0162109 0.00183926
0.0162598 0.0018395

0.0162598 0.0018395
0.0163086 0.00183973

0.0163086 0.00183973
0.0163574 0.00183996

0.0163574 0.00183996
0.0164063 0.00184019

0.0164063 0.00184019
0.0164551 0.00184042

0.0164551 0.00184042
0.0165039 0.00184065

0.0165039 0.00184065
0.0165527 0.00184087

0.0165527 0.00184087
0.0166016 0.0018411

0.0166016 0.0018411
0.0166504 0.00184132

0.0166504 0.00184132
0.0166992 0.00184154

0.0166992 0.00184154
0.016748 0.00184175

0.016748 0.00184175
0.0167969 0.00184196

0.0167969 0.00184196
0.0168457 0.00184217

0.0168457 0.00184217
0.0168945 0.00184238

0.0168945 0.00184238
0.0169434 0.00184258

0.0169434 0.00184258
0.0169922 0.00184277

0.0169922 0.00184277
0.017041 0.00184297

0.017041 0.00184297
0.0170898 0.00184316

0.0170898 0.00184316
0.0171387 0.00184334

0.0171387 0.00184334
0.0171875 0.00184352

0.0171875 0.00184352
0.0172363 0.0018437

0.0172363 0.0018437
0.0172852 0.00184387

0.0172852 0.00184387
0.017334 0.00184403

0.017334 0.00184403
0.0173828 0.00184419

0.0173828 0.00184419
0.0174316 0.00184435

0.0174316 0.00184435
0.0174805 0.0018445

0.0174805 0.0018445
0.0175293 0.00184465

0.0175293 0.00184465
0.0175781 0.00184479

0.0175781 0.00184479
0.017627 0.00184492

0.017627 0.00184492
0.0176758 0.00184505

0.0176758 0.00184505
0.0177246 0.00184517

0.0177246 0.00184517
0.0177734 0.00184528

0.0177734 0.00184528
0.0178223 0.00184539

0.0178223 0.00184539
0.0178711 0.00184549

0.0178711 0.00184549
0.0179199 0.00184558

0.0179199 0.00184558
0.0179687 0.00184567

0.0179688 0.00184567
0.0180176 0.00184575

0.0180176 0.00184575
0.0180664 0.00184582

0.0180664 0.00184582
0.0181152 0.00184588

0.0181152 0.00184588
0.0181641 0.00184594

0.0181641 0.00184594
0.0182129 0.00184599

0.0182129 0.00184599
0.0182617 0.00184603

0.0182617 0.00184603
0.0183105 0.00184606

0.0183105 0.00184606
0.0183594 0.00184608

0.0183594 0.00184608
0.0184082 0.0018461

0.0184082 0.0018461
0.018457 0.0018461

0.018457 0.0018461
0.0185059 0.0018461

0.0185059 0.0018461
0.0185547 0.00184609

0.0185547 0.00184609
0.0186035 0.00184607

0.0186035 0.00184607
0.0186523 0.00184605

0.0186523 0.00184605
0.0187012 0.00184601

0.0187012 0.00184601
0.01875 0.00184597

0.01875 0.00184597
0.0187988 0.00184592

0.0187988 0.00184592
0.0188477 0.00184586

0.0188477 0.00184586
0.0188965 0.0018458

0.0188965 0.0018458
0.0189453 0.00184572

0.0189453 0.00184572
0.0189941 0.00184564

0.0189941 0.00184564
0.019043 0.00184555

0.019043 0.00184555
0.0190918 0.00184545

0.0190918 0.00184545
0.0191406 0.00184535

0.0191406 0.00184535
0.0191895 0.00184523

0.0191895 0.00184523
0.0192383 0.00184511

0.0192383 0.00184511
0.0192871 0.00184499

0.0192871 0.00184499
0.0193359 0.00184485

0.0193359 0.00184485
0.0193848 0.00184471

0.0193848 0.00184471
0.0194336 0.00184457

0.0194336 0.00184457
0.0194824 0.00184442

0.0194824 0.00184442
0.0195312 0.00184426

0.0195313 0.00184426
0.0195801 0.00184409

0.0195801 0.00184409
0.0196289 0.00184392

0.0196289 0.00184392
0.0196777 0.00184375

0.0196777 0.00184375
0.0197266 0.00184357

0.0197266 0.00184357
0.0197754 0.00184338

0.0197754 0.00184338
0.0198242 0.00184319

0.0198242 0.00184319
0.019873 0.001843

0.019873 0.001843
0.0199219 0.0018428

0.0199219 0.0018428
0.0199707 0.0018426

0.0199707 0.0018426
0.0200195 0.0018424

0.0200195 0.0018424
0.0200684 0.00184219

0.0200684 0.00184219
0.0201172 0.00184198

0.0201172 0.00184198
0.020166 0.00184177

0.020166 0.00184177
0.0202148 0.00184156

0.0202148 0.00184156
0.0202637 0.00184134

0.0202637 0.00184134
0.0203125 0.00184112

0.0203125 0.00184112
0.0203613 0.0018409

0.0203613 0.0018409
0.0204102 0.00184068

0.0204102 0.00184068
0.020459 0.00184045

0.020459 0.00184045
0.0205078 0.00184023

0.0205078 0.00184023
0.0205566 0.00184

0.0205566 0.00184
0.0206055 0.00183978

0.0206055 0.00183978
0.0206543 0.00183955

0.0206543 0.00183955
0.0207031 0.00183932

0.0207031 0.00183932
0.020752 0.0018391

0.020752 0.0018391
0.0208008 0.00183887

0.0208008 0.00183887
0.0208496 0.00183864

0.0208496 0.00183864
0.0208984 0.00183842

0.0208984 0.00183842
0.0209473 0.00183819

0.0209473 0.00183819
0.0209961 0.00183797

0.0209961 0.00183797
0.0210449 0.00183774

0.0210449 0.00183774
0.0210938 0.00183752

0.0210938 0.00183752
0.0211426 0.0018373

0.0211426 0.0018373
0.0211914 0.00183708

0.0211914 0.00183708
0.0212402 0.00183686

0.0212402 0.00183686
0.0212891 0.00183665

0.0212891 0.00183665
0.0213379 0.00183643

0.0213379 0.00183643
0.0213867 0.00183622

0.0213867 0.00183622
0.0214355 0.00183601

0.0214355 0.00183601
0.0214844 0.0018358

0.0214844 0.0018358
0.0215332 0.0018356

0.0215332 0.0018356
0.021582 0.00183539

0.021582 0.00183539
0.0216309 0.00183519

0.0216309 0.00183519
0.0216797 0.001835

0.0216797 0.001835
0.0217285 0.0018348

0.0217285 0.0018348
0.0217773 0.00183461

0.0217773 0.00183461
0.0218262 0.00183442

0.0218262 0.00183442
0.021875 0.00183424

0.021875 0.00183424
0.0219238 0.00183406

0.0219238 0.00183406
0.0219727 0.00183388

0.0219727 0.00183388
0.0220215 0.00183371

0.0220215 0.00183371
0.0220703 0.00183354

0.0220703 0.00183354
0.0221191 0.00183337

0.0221191 0.00183337
0.022168 0.00183321

0.022168 0.00183321
0.0222168 0.00183306

0.0222168 0.00183306
0.0222656 0.00183291

0.0222656 0.00183291
0.0223145 0.00183276

0.0223145 0.00183276
0.0223633 0.00183262

0.0223633 0.00183262
0.0224121 0.00183249

0.0224121 0.00183249
0.0224609 0.00183236

0.0224609 0.00183236
0.0225098 0.00183223

0.0225098 0.00183223
0.0225586 0.00183211

0.0225586 0.00183211
0.0226074 0.001832

0.0226074 0.001832
0.0226562 0.0018319

0.0226563 0.0018319
0.0227051 0.0018318

0.0227051 0.0018318
0.0227539 0.00183171

0.0227539 0.00183171
0.0228027 0.00183162

0.0228027 0.00183162
0.0228516 0.00183155

0.0228516 0.00183155
0.0229004 0.00183148

0.0229004 0.00183148
0.0229492 0.00183142

0.0229492 0.00183142
0.022998 0.00183136

0.022998 0.00183136
0.0230469 0.00183131

0.0230469 0.00183131
0.0230957 0.00183127

0.0230957 0.00183127
0.0231445 0.00183124

0.0231445 0.00183124
0.0231934 0.00183122

0.0231934 0.00183122
0.0232422 0.0018312

0.0232422 0.0018312
0.023291 0.00183119

0.023291 0.00183119
0.0233398 0.00183118

0.0233398 0.00183118
0.0233887 0.00183119

0.0233887 0.00183119
0.0234375 0.0018312

0.0234375 0.0018312
0.0234863 0.00183121

0.0234863 0.00183121
0.0235352 0.00183124

0.0235352 0.00183124
0.023584 0.00183127

0.023584 0.00183127
0.0236328 0.0018313

0.0236328 0.0018313
0.0236816 0.00183134

0.0236816 0.00183134
0.0237305 0.00183139

0.0237305 0.00183139
0.0237793 0.00183144

0.0237793 0.00183144
0.0238281 0.0018315

0.0238281 0.0018315
0.023877 0.00183156

0.023877 0.00183156
0.0239258 0.00183162

0.0239258 0.00183162
0.0239746 0.00183169

0.0239746 0.00183169
0.0240234 0.00183176

0.0240234 0.00183176
0.0240723 0.00183183

0.0240723 0.00183183
0.0241211 0.00183191

0.0241211 0.00183191
0.0241699 0.00183198

0.0241699 0.00183198
0.0242188 0.00183206

0.0242188 0.00183206
0.0242676 0.00183215

0.0242676 0.00183215
0.0243164 0.00183223

0.0243164 0.00183223
0.0243652 0.00183231

0.0243652 0.00183231
0.0244141 0.0018324

0.0244141 0.0018324
0.0244629 0.00183249

0.0244629 0.00183249
0.0245117 0.00183257

0.0245117 0.00183257
0.0245605 0.00183266

0.0245605 0.00183266
0.0246094 0.00183275

0.0246094 0.00183275
0.0246582 0.00183284

0.0246582 0.00183284
0.024707 0.00183292

0.024707 0.00183292
0.0247559 0.00183301

0.0247559 0.00183301
0.0248047 0.0018331

0.0248047 0.0018331
0.0248535 0.00183319

0.0248535 0.00183319
0.0249023 0.00183328

0.0249023 0.00183328
0.0249512 0.00183337

0.0249512 0.00183337
0.025 0.00183346

0.025 0.00183346
0.0250488 0.00183355

0.0250488 0.00183355
0.0250977 0.00183364

0.0250977 0.00183364
0.0251465 0.00183373

0.0251465 0.00183373
0.0251953 0.00183382

0.0251953 0.00183382
0.0252441 0.00183391

0.0252441 0.00183391
0.025293 0.001834

0.025293 0.001834
0.0253418 0.00183409

0.0253418 0.00183409
0.0253906 0.00183419

0.0253906 0.00183419
0.0254395 0.00183428

0.0254395 0.00183428
0.0254883 0.00183437

0.0254883 0.00183437
0.0255371 0.00183447

0.0255371 0.00183447
0.0255859 0.00183456

0.0255859 0.00183456
0.0256348 0.00183465

0.0256348 0.00183465
0.0256836 0.00183475

0.0256836 0.00183475
0.0257324 0.00183484

0.0257324 0.00183484
0.0257812 0.00183493

0.0257813 0.00183493
0.0258301 0.00183502

0.0258301 0.00183502
0.0258789 0.00183511

0.0258789 0.00183511
0.0259277 0.0018352

0.0259277 0.0018352
0.0259766 0.00183528

0.0259766 0.00183528
0.0260254 0.00183537

0.0260254 0.00183537
0.0260742 0.00183545

0.0260742 0.00183545
0.026123 0.00183552

0.026123 0.00183552
0.0261719 0.0018356

0.0261719 0.0018356
0.0262207 0.00183567

0.0262207 0.00183567
0.0262695 0.00183574

0.0262695 0.00183574
0.0263184 0.0018358

0.0263184 0.0018358
0.0263672 0.00183586

0.0263672 0.00183586
0.026416 0.00183592

0.026416 0.00183592
0.0264648 0.00183597

0.0264648 0.00183597
0.0265137 0.00183602

0.0265137 0.00183602
0.0265625 0.00183606

0.0265625 0.00183606
0.0266113 0.0018361

0.0266113 0.0018361
0.0266602 0.00183614

0.0266602 0.00183614
0.026709 0.00183617

0.026709 0.00183617
0.0267578 0.0018362

0.0267578 0.0018362
0.0268066 0.00183623

0.0268066 0.00183623
0.0268555 0.00183625

0.0268555 0.00183625
0.0269043 0.00183627

0.0269043 0.00183627
0.0269531 0.00183629

0.0269531 0.00183629
0.027002 0.0018363

0.027002 0.0018363
0.0270508 0.00183631

0.0270508 0.00183631
0.0270996 0.00183632

0.0270996 0.00183632
0.0271484 0.00183632

0.0271484 0.00183632
0.0271973 0.00183633

0.0271973 0.00183633
0.0272461 0.00183633

0.0272461 0.00183633
0.0272949 0.00183633

0.0272949 0.00183633
0.0273438 0.00183632

0.0273438 0.00183632
0.0273926 0.00183632

0.0273926 0.00183632
0.0274414 0.00183631

0.0274414 0.00183631
0.0274902 0.0018363

0.0274902 0.0018363
0.0275391 0.00183629

0.0275391 0.00183629
0.0275879 0.00183628

0.0275879 0.00183628
0.0276367 0.00183626

0.0276367 0.00183626
0.0276855 0.00183625

0.0276855 0.00183625
0.0277344 0.00183623

0.0277344 0.00183623
0.0277832 0.00183621

0.0277832 0.00183621
0.027832 0.00183619

0.027832 0.00183619
0.0278809 0.00183617

0.0278809 0.00183617
0.0279297 0.00183615

0.0279297 0.00183615
0.0279785 0.00183613

0.0279785 0.00183613
0.0280273 0.00183611

0.0280273 0.00183611
0.0280762 0.00183609

0.0280762 0.00183609
0.028125 0.00183607

0.028125 0.00183607
0.0281738 0.00183605

0.0281738 0.00183605
0.0282227 0.00183603

0.0282227 0.00183603
0.0282715 0.00183601

0.0282715 0.00183601
0.0283203 0.00183599

0.0283203 0.00183599
0.0283691 0.00183597

0.0283691 0.00183597
0.028418 0.00183595

0.028418 0.00183595
0.0284668 0.00183593

0.0284668 0.00183593
0.0285156 0.00183591

0.0285156 0.00183591
0.0285645 0.00183589

0.0285645 0.00183589
0.0286133 0.00183587

0.0286133 0.00183587
0.0286621 0.00183585

0.0286621 0.00183585
0.0287109 0.00183584

0.0287109 0.00183584
0.0287598 0.00183582

0.0287598 0.00183582
0.0288086 0.0018358

0.0288086 0.0018358
0.0288574 0.00183579

0.0288574 0.00183579
0.0289063 0.00183577

0.0289063 0.00183577
0.0289551 0.00183576

0.0289551 0.00183576
0.0290039 0.00183574

0.0290039 0.00183574
0.0290527 0.00183573

0.0290527 0.00183573
0.0291016 0.00183572

0.0291016 0.00183572
0.0291504 0.0018357

0.0291504 0.0018357
0.0291992 0.00183569

0.0291992 0.00183569
0.029248 0.00183568

0.029248 0.00183568
0.0292969 0.00183566

0.0292969 0.00183566
0.0293457 0.00183565

0.0293457 0.00183565
0.0293945 0.00183564

0.0293945 0.00183564
0.0294434 0.00183563

0.0294434 0.00183563
0.0294922 0.00183562

0.0294922 0.00183562
0.029541 0.0018356

0.029541 0.0018356
0.0295898 0.00183559

0.0295898 0.00183559
0.0296387 0.00183558

0.0296387 0.00183558
0.0296875 0.00183557

0.0296875 0.00183557
0.0297363 0.00183556

0.0297363 0.00183556
0.0297852 0.00183555

0.0297852 0.00183555
0.029834 0.00183553

0.029834 0.00183553
0.0298828 0.00183552

0.0298828 0.00183552
0.0299316 0.00183551

0.0299316 0.00183551
0.0299805 0.0018355

0.0299805 0.0018355
0.0300293 0.00183549

0.0300293 0.00183549
0.0300781 0.00183548

0.0300781 0.00183548
0.030127 0.00183547

0.030127 0.00183547
0.0301758 0.00183546

0.0301758 0.00183546
0.0302246 0.00183546

0.0302246 0.00183546
0.0302734 0.00183545

0.0302734 0.00183545
0.0303223 0.00183544

0.0303223 0.00183544
0.0303711 0.00183543

0.0303711 0.00183543
0.0304199 0.00183543

0.0304199 0.00183543
0.0304687 0.00183542

0.0304688 0.00183542
0.0305176 0.00183542

0.0305176 0.00183542
0.0305664 0.00183541

0.0305664 0.00183541
0.0306152 0.00183541

0.0306152 0.00183541
0.0306641 0.00183541

0.0306641 0.00183541
0.0307129 0.0018354

0.0307129 0.0018354
0.0307617 0.0018354

0.0307617 0.0018354
0.0308105 0.0018354

0.0308105 0.0018354
0.0308594 0.0018354

0.0308594 0.0018354
0.0309082 0.0018354

0.0309082 0.0018354
0.030957 0.0018354

0.030957 0.0018354
0.0310059 0.0018354

0.0310059 0.0018354
0.0310547 0.00183541

0.0310547 0.00183541
0.0311035 0.00183541

0.0311035 0.00183541
0.0311523 0.00183542

0.0311523 0.00183542
0.0312012 0.00183542

0.0312012 0.00183542
0.03125 0.00183543

0.03125 0.00183543
0.0312988 0.00183544

0.0312988 0.00183544
0.0313477 0.00183545

0.0313477 0.00183545
0.0313965 0.00183546

0.0313965 0.00183546
0.0314453 0.00183548

0.0314453 0.00183548
0.0314941 0.00183549

0.0314941 0.00183549
0.031543 0.00183551

0.031543 0.00183551
0.0315918 0.00183552

0.0315918 0.00183552
0.0316406 0.00183554

0.0316406 0.00183554
0.0316895 0.00183556

0.0316895 0.00183556
0.0317383 0.00183559

0.0317383 0.00183559
0.0317871 0.00183561

0.0317871 0.00183561
0.0318359 0.00183563

0.0318359 0.00183563
0.0318848 0.00183566

0.0318848 0.00183566
0.0319336 0.00183569

0.0319336 0.00183569
0.0319824 0.00183572

0.0319824 0.00183572
0.0320312 0.00183575

0.0320313 0.00183575
0.0320801 0.00183579

0.0320801 0.00183579
0.0321289 0.00183582

0.0321289 0.00183582
0.0321777 0.00183586

0.0321777 0.00183586
0.0322266 0.0018359

0.0322266 0.0018359
0.0322754 0.00183594

0.0322754 0.00183594
0.0323242 0.00183598

0.0323242 0.00183598
0.032373 0.00183602

0.032373 0.00183602
0.0324219 0.00183607

0.0324219 0.00183607
0.0324707 0.00183611

0.0324707 0.00183611
0.0325195 0.00183616

0.0325195 0.00183616
0.0325684 0.0018362

0.0325684 0.0018362
0.0326172 0.00183625

0.0326172 0.00183625
0.032666 0.00183629

0.032666 0.00183629
0.0327148 0.00183634

0.0327148 0.00183634
0.0327637 0.00183639

0.0327637 0.00183639
0.0328125 0.00183643

0.0328125 0.00183643
0.0328613 0.00183648

0.0328613 0.00183648
0.0329102 0.00183652

0.0329102 0.00183652
0.032959 0.00183656

0.032959 0.00183656
0.0330078 0.0018366

0.0330078 0.0018366
0.0330566 0.00183664

0.0330566 0.00183664
0.0331055 0.00183668

0.0331055 0.00183668
0.0331543 0.00183672

0.0331543 0.00183672
0.0332031 0.00183675

0.0332031 0.00183675
0.033252 0.00183678

0.033252 0.00183678
0.0333008 0.00183681

0.0333008 0.00183681
0.0333496 0.00183684

0.0333496 0.00183684
0.0333984 0.00183687

0.0333984 0.00183687
0.0334473 0.00183689

0.0334473 0.00183689
0.0334961 0.00183691

0.0334961 0.00183691
0.0335449 0.00183693

0.0335449 0.00183693
0.0335937 0.00183694

0.0335938 0.00183694
0.0336426 0.00183695

0.0336426 0.00183695
0.0336914 0.00183696

0.0336914 0.00183696
0.0337402 0.00183697

0.0337402 0.00183697
0.0337891 0.00183697

0.0337891 0.00183697
0.0338379 0.00183698

0.0338379 0.00183698
0.0338867 0.00183698

0.0338867 0.00183698
0.0339355 0.00183697

0.0339355 0.00183697
0.0339844 0.00183697

0.0339844 0.00183697
0.0340332 0.00183696

0.0340332 0.00183696
0.034082 0.00183696

0.034082 0.00183696
0.0341309 0.00183695

0.0341309 0.00183695
0.0341797 0.00183694

0.0341797 0.00183694
0.0342285 0.00183692

0.0342285 0.00183692
0.0342773 0.00183691

0.0342773 0.00183691
0.0343262 0.0018369

0.0343262 0.0018369
0.034375 0.00183688

0.034375 0.00183688
0.0344238 0.00183686

0.0344238 0.00183686
0.0344727 0.00183685

0.0344727 0.00183685
0.0345215 0.00183683

0.0345215 0.00183683
0.0345703 0.00183681

0.0345703 0.00183681
0.0346191 0.0018368

0.0346191 0.0018368
0.034668 0.00183678

0.034668 0.00183678
0.0347168 0.00183676

0.0347168 0.00183676
0.0347656 0.00183674

0.0347656 0.00183674
0.0348145 0.00183673

0.0348145 0.00183673
0.0348633 0.00183671

0.0348633 0.00183671
0.0349121 0.00183669

0.0349121 0.00183669
0.0349609 0.00183668

0.0349609 0.00183668
0.0350098 0.00183666

0.0350098 0.00183666
0.0350586 0.00183665

0.0350586 0.00183665
0.0351074 0.00183663

0.0351074 0.00183663
0.0351562 0.00183661

0.0351562 0.00183661
0.0352051 0.0018366

0.0352051 0.0018366
0.0352539 0.00183659

0.0352539 0.00183659
0.0353027 0.00183657

0.0353027 0.00183657
0.0353516 0.00183656

0.0353516 0.00183656
0.0354004 0.00183655

0.0354004 0.00183655
0.0354492 0.00183654

0.0354492 0.00183654
0.035498 0.00183653

0.035498 0.00183653
0.0355469 0.00183652

0.0355469 0.00183652
0.0355957 0.00183651

0.0355957 0.00183651
0.0356445 0.00183651

0.0356445 0.00183651
0.0356934 0.0018365

0.0356934 0.0018365
0.0357422 0.0018365

0.0357422 0.0018365
0.035791 0.00183649

0.035791 0.00183649
0.0358398 0.00183649

0.0358398 0.00183649
0.0358887 0.00183649

0.0358887 0.00183649
0.0359375 0.0018365

0.0359375 0.0018365
0.0359863 0.0018365

0.0359863 0.0018365
0.0360352 0.00183651

0.0360352 0.00183651
0.036084 0.00183652

0.036084 0.00183652
0.0361328 0.00183653

0.0361328 0.00183653
0.0361816 0.00183654

0.0361816 0.00183654
0.0362305 0.00183655

0.0362305 0.00183655
0.0362793 0.00183657

0.0362793 0.00183657
0.0363281 0.00183659

0.0363281 0.00183659
0.036377 0.00183661

0.036377 0.00183661
0.0364258 0.00183663

0.0364258 0.00183663
0.0364746 0.00183666

0.0364746 0.00183666
0.0365234 0.00183668

0.0365234 0.00183668
0.0365723 0.00183671

0.0365723 0.00183671
0.0366211 0.00183674

0.0366211 0.00183674
0.0366699 0.00183677

0.0366699 0.00183677
0.0367188 0.0018368

0.0367188 0.0018368
0.0367676 0.00183683

0.0367676 0.00183683
0.0368164 0.00183687

0.0368164 0.00183687
0.0368652 0.0018369

0.0368652 0.0018369
0.0369141 0.00183694

0.0369141 0.00183694
0.0369629 0.00183698

0.0369629 0.00183698
0.0370117 0.00183701

0.0370117 0.00183701
0.0370605 0.00183705

0.0370605 0.00183705
0.0371094 0.00183709

0.0371094 0.00183709
0.0371582 0.00183712

0.0371582 0.00183712
0.037207 0.00183716

0.037207 0.00183716
0.0372559 0.0018372

0.0372559 0.0018372
0.0373047 0.00183724

0.0373047 0.00183724
0.0373535 0.00183727

0.0373535 0.00183727
0.0374023 0.00183731

0.0374023 0.00183731
0.0374512 0.00183734

0.0374512 0.00183734
0.0375 0.00183738

0.0375 0.00183738
0.0375488 0.00183742

0.0375488 0.00183742
0.0375977 0.00183745

0.0375977 0.00183745
0.0376465 0.00183748

0.0376465 0.00183748
0.0376953 0.00183752

0.0376953 0.00183752
0.0377441 0.00183755

0.0377441 0.00183755
0.037793 0.00183758

0.037793 0.00183758
0.0378418 0.00183761

0.0378418 0.00183761
0.0378906 0.00183764

0.0378906 0.00183764
0.0379395 0.00183767

0.0379395 0.00183767
0.0379883 0.00183769

0.0379883 0.00183769
0.0380371 0.00183772

0.0380371 0.00183772
0.0380859 0.00183775

0.0380859 0.00183775
0.0381348 0.00183777

0.0381348 0.00183777
0.0381836 0.00183779

0.0381836 0.00183779
0.0382324 0.00183782

0.0382324 0.00183782
0.0382813 0.00183784

0.0382813 0.00183784
0.0383301 0.00183786

0.0383301 0.00183786
0.0383789 0.00183788

0.0383789 0.00183788
0.0384277 0.0018379

0.0384277 0.0018379
0.0384766 0.00183792

0.0384766 0.00183792
0.0385254 0.00183793

0.0385254 0.00183793
0.0385742 0.00183795

0.0385742 0.00183795
0.038623 0.00183796

0.038623 0.00183796
0.0386719 0.00183798

0.0386719 0.00183798
0.0387207 0.00183799

0.0387207 0.00183799
0.0387695 0.00183801

0.0387695 0.00183801
0.0388184 0.00183802

0.0388184 0.00183802
0.0388672 0.00183803

0.0388672 0.00183803
0.038916 0.00183804

0.038916 0.00183804
0.0389648 0.00183805

0.0389648 0.00183805
0.0390137 0.00183806

0.0390137 0.00183806
0.0390625 0.00183807

0.0390625 0.00183807
0.0391113 0.00183808

0.0391113 0.00183808
0.0391602 0.00183808

0.0391602 0.00183808
0.039209 0.00183809

0.039209 0.00183809
0.0392578 0.00183809

0.0392578 0.00183809
0.0393066 0.0018381

0.0393066 0.0018381
0.0393555 0.0018381

0.0393555 0.0018381
0.0394043 0.0018381

0.0394043 0.0018381
0.0394531 0.0018381

0.0394531 0.0018381
0.039502 0.00183811

0.039502 0.00183811
0.0395508 0.00183811

0.0395508 0.00183811
0.0395996 0.0018381

0.0395996 0.0018381
0.0396484 0.0018381

0.0396484 0.0018381
0.0396973 0.0018381

0.0396973 0.0018381
0.0397461 0.0018381

0.0397461 0.0018381
0.0397949 0.00183809

0.0397949 0.00183809
0.0398438 0.00183809

0.0398438 0.00183809
0.0398926 0.00183808

0.0398926 0.00183808
0.0399414 0.00183807

0.0399414 0.00183807
0.0399902 0.00183807

0.0399902 0.00183807
0.0400391 0.00183806

0.0400391 0.00183806
0.0400879 0.00183805

0.0400879 0.00183805
0.0401367 0.00183805

0.0401367 0.00183805
0.0401855 0.00183804

0.0401855 0.00183804
0.0402344 0.00183803

0.0402344 0.00183803
0.0402832 0.00183803

0.0402832 0.00183803
0.040332 0.00183802

0.040332 0.00183802
0.0403809 0.00183801

0.0403809 0.00183801
0.0404297 0.00183801

0.0404297 0.00183801
0.0404785 0.001838

0.0404785 0.001838
0.0405273 0.001838

0.0405273 0.001838
0.0405762 0.001838

0.0405762 0.001838
0.040625 0.00183799

0.040625 0.00183799
0.0406738 0.00183799

0.0406738 0.00183799
0.0407227 0.00183799

0.0407227 0.00183799
0.0407715 0.00183799

0.0407715 0.00183799
0.0408203 0.00183799

0.0408203 0.00183799
0.0408691 0.00183799

0.0408691 0.00183799
0.040918 0.00183799

0.040918 0.00183799
0.0409668 0.00183799

0.0409668 0.00183799
0.0410156 0.001838

0.0410156 0.001838
0.0410645 0.001838

0.0410645 0.001838
0.0411133 0.00183801

0.0411133 0.00183801
0.0411621 0.00183801

0.0411621 0.00183801
0.0412109 0.00183802

0.0412109 0.00183802
0.0412598 0.00183803

0.0412598 0.00183803
0.0413086 0.00183803

0.0413086 0.00183803
0.0413574 0.00183804

0.0413574 0.00183804
0.0414062 0.00183805

0.0414063 0.00183805
0.0414551 0.00183806

0.0414551 0.00183806
0.0415039 0.00183807

0.0415039 0.00183807
0.0415527 0.00183808

0.0415527 0.00183808
0.0416016 0.00183809

0.0416016 0.00183809
0.0416504 0.0018381

0.0416504 0.0018381
0.0416992 0.00183811

0.0416992 0.00183811
0.041748 0.00183813

0.041748 0.00183813
0.0417969 0.00183814

0.0417969 0.00183814
0.0418457 0.00183815

0.0418457 0.00183815
0.0418945 0.00183816

0.0418945 0.00183816
0.0419434 0.00183818

0.0419434 0.00183818
0.0419922 0.00183819

0.0419922 0.00183819
0.042041 0.00183821

0.042041 0.00183821
0.0420898 0.00183822

0.0420898 0.00183822
0.0421387 0.00183824

0.0421387 0.00183824
0.0421875 0.00183825

0.0421875 0.00183825
0.0422363 0.00183827

0.0422363 0.00183827
0.0422852 0.00183828

0.0422852 0.00183828
0.042334 0.0018383

0.042334 0.0018383
0.0423828 0.00183831

0.0423828 0.00183831
0.0424316 0.00183833

0.0424316 0.00183833
0.0424805 0.00183834

0.0424805 0.00183834
0.0425293 0.00183836

0.0425293 0.00183836
0.0425781 0.00183838

0.0425781 0.00183838
0.042627 0.00183839

0.042627 0.00183839
0.0426758 0.00183841

0.0426758 0.00183841
0.0427246 0.00183842

0.0427246 0.00183842
0.0427734 0.00183844

0.0427734 0.00183844
0.0428223 0.00183845

0.0428223 0.00183845
0.0428711 0.00183847

0.0428711 0.00183847
0.0429199 0.00183848

0.0429199 0.00183848
0.0429688 0.0018385

0.0429688 0.0018385
0.0430176 0.00183851

0.0430176 0.00183851
0.0430664 0.00183852

0.0430664 0.00183852
0.0431152 0.00183854

0.0431152 0.00183854
0.0431641 0.00183855

0.0431641 0.00183855
0.0432129 0.00183856

0.0432129 0.00183856
0.0432617 0.00183857

0.0432617 0.00183857
0.0433105 0.00183858

0.0433105 0.00183858
0.0433594 0.00183859

0.0433594 0.00183859
0.0434082 0.0018386

0.0434082 0.0018386
0.043457 0.00183861

0.043457 0.00183861
0.0435059 0.00183862

0.0435059 0.00183862
0.0435547 0.00183863

0.0435547 0.00183863
0.0436035 0.00183864

0.0436035 0.00183864
0.0436523 0.00183864

0.0436523 0.00183864
0.0437012 0.00183865

0.0437012 0.00183865
0.04375 0.00183866

0.04375 0.00183866
0.0437988 0.00183866

0.0437988 0.00183866
0.0438477 0.00183867

0.0438477 0.00183867
0.0438965 0.00183867

0.0438965 0.00183867
0.0439453 0.00183868

0.0439453 0.00183868
0.0439941 0.00183868

0.0439941 0.00183868
0.044043 0.00183868

0.044043 0.00183868
0.0440918 0.00183869

0.0440918 0.00183869
0.0441406 0.00183869

0.0441406 0.00183869
0.0441895 0.00183869

0.0441895 0.00183869
0.0442383 0.00183869

0.0442383 0.00183869
0.0442871 0.0018387

0.0442871 0.0018387
0.0443359 0.0018387

0.0443359 0.0018387
0.0443848 0.0018387

0.0443848 0.0018387
0.0444336 0.0018387

0.0444336 0.0018387
0.0444824 0.0018387

0.0444824 0.0018387
0.0445313 0.0018387

0.0445313 0.0018387
0.0445801 0.00183871

0.0445801 0.00183871
0.0446289 0.00183871

0.0446289 0.00183871
0.0446777 0.00183871

0.0446777 0.00183871
0.0447266 0.00183871

0.0447266 0.00183871
0.0447754 0.00183871

0.0447754 0.00183871
0.0448242 0.00183871

0.0448242 0.00183871
0.044873 0.00183871

0.044873 0.00183871
0.0449219 0.00183872

0.0449219 0.00183872
0.0449707 0.00183872

0.0449707 0.00183872
0.0450195 0.00183872

0.0450195 0.00183872
0.0450684 0.00183872

0.0450684 0.00183872
0.0451172 0.00183873

0.0451172 0.00183873
0.045166 0.00183873

0.045166 0.00183873
0.0452148 0.00183873

0.0452148 0.00183873
0.0452637 0.00183874

0.0452637 0.00183874
0.0453125 0.00183874

0.0453125 0.00183874
0.0453613 0.00183874

0.0453613 0.00183874
0.0454102 0.00183875

0.0454102 0.00183875
0.045459 0.00183875

0.045459 0.00183875
0.0455078 0.00183876

0.0455078 0.00183876
0.0455566 0.00183876

0.0455566 0.00183876
0.0456055 0.00183877

0.0456055 0.00183877
0.0456543 0.00183878

0.0456543 0.00183878
0.0457031 0.00183878

0.0457031 0.00183878
0.045752 0.00183879

0.045752 0.00183879
0.0458008 0.0018388

0.0458008 0.0018388
0.0458496 0.00183881

0.0458496 0.00183881
0.0458984 0.00183882

0.0458984 0.00183882
0.0459473 0.00183883

0.0459473 0.00183883
0.0459961 0.00183884

0.0459961 0.00183884
0.0460449 0.00183884

0.0460449 0.00183884
0.0460938 0.00183885

0.0460938 0.00183886
0.0461426 0.00183887

0.0461426 0.00183887
0.0461914 0.00183888

0.0461914 0.00183888
0.0462402 0.00183889

0.0462402 0.00183889
0.0462891 0.0018389

0.0462891 0.0018389
0.0463379 0.00183891

0.0463379 0.00183891
0.0463867 0.00183892

0.0463867 0.00183892
0.0464355 0.00183893

0.0464355 0.00183893
0.0464844 0.00183894

0.0464844 0.00183894
0.0465332 0.00183896

0.0465332 0.00183896
0.046582 0.00183897

0.046582 0.00183897
0.0466309 0.00183898

0.0466309 0.00183898
0.0466797 0.00183899

0.0466797 0.00183899
0.0467285 0.001839

0.0467285 0.001839
0.0467773 0.00183901

0.0467773 0.00183901
0.0468262 0.00183903

0.0468262 0.00183903
0.046875 0.00183904

0.046875 0.00183904
0.0469238 0.00183905

0.0469238 0.00183905
0.0469727 0.00183906

0.0469727 0.00183906
0.0470215 0.00183908

0.0470215 0.00183908
0.0470703 0.00183909

0.0470703 0.00183909
0.0471191 0.0018391

0.0471191 0.0018391
0.047168 0.00183911

0.047168 0.00183911
0.0472168 0.00183912

0.0472168 0.00183912
0.0472656 0.00183914

0.0472656 0.00183914
0.0473145 0.00183915

0.0473145 0.00183915
0.0473633 0.00183916

0.0473633 0.00183916
0.0474121 0.00183917

0.0474121 0.00183917
0.0474609 0.00183919

0.0474609 0.00183919
0.0475098 0.0018392

0.0475098 0.0018392
0.0475586 0.00183921

0.0475586 0.00183921
0.0476074 0.00183923

0.0476074 0.00183923
0.0476563 0.00183924

0.0476563 0.00183924
0.0477051 0.00183925

0.0477051 0.00183925
0.0477539 0.00183927

0.0477539 0.00183927
0.0478027 0.00183928

0.0478027 0.00183928
0.0478516 0.0018393

0.0478516 0.0018393
0.0479004 0.00183931

0.0479004 0.00183931
0.0479492 0.00183932

0.0479492 0.00183932
0.047998 0.00183934

0.047998 0.00183934
0.0480469 0.00183935

0.0480469 0.00183935
0.0480957 0.00183937

0.0480957 0.00183937
0.0481445 0.00183938

0.0481445 0.00183938
0.0481934 0.0018394

0.0481934 0.0018394
0.0482422 0.00183941

0.0482422 0.00183941
0.048291 0.00183942

0.048291 0.00183942
0.0483398 0.00183944

0.0483398 0.00183944
0.0483887 0.00183945

0.0483887 0.00183945
0.0484375 0.00183946

0.0484375 0.00183946
0.0484863 0.00183948

0.0484863 0.00183948
0.0485352 0.00183949

0.0485352 0.00183949
0.048584 0.0018395

0.048584 0.0018395
0.0486328 0.00183951

0.0486328 0.00183951
0.0486816 0.00183953

0.0486816 0.00183953
0.0487305 0.00183954

0.0487305 0.00183954
0.0487793 0.00183955

0.0487793 0.00183955
0.0488281 0.00183956

0.0488281 0.00183956
0.048877 0.00183957

0.048877 0.00183957
0.0489258 0.00183958

0.0489258 0.00183958
0.0489746 0.00183959

0.0489746 0.00183959
0.0490234 0.0018396

0.0490234 0.0018396
0.0490723 0.00183961

0.0490723 0.00183961
0.0491211 0.00183962

0.0491211 0.00183962
0.0491699 0.00183963

0.0491699 0.00183963
0.0492187 0.00183964

0.0492188 0.00183964
0.0492676 0.00183965

0.0492676 0.00183965
0.0493164 0.00183966

0.0493164 0.00183966
0.0493652 0.00183967

0.0493652 0.00183967
0.0494141 0.00183967

0.0494141 0.00183967
0.0494629 0.00183968

0.0494629 0.00183968
0.0495117 0.00183969

0.0495117 0.00183969
0.0495605 0.0018397

0.0495605 0.0018397
0.0496094 0.00183971

0.0496094 0.00183971
0.0496582 0.00183971

0.0496582 0.00183971
0.049707 0.00183972

0.049707 0.00183972
0.0497559 0.00183973

0.0497559 0.00183973
0.0498047 0.00183974

0.0498047 0.00183974
0.0498535 0.00183975

0.0498535 0.00183975
0.0499023 0.00183975

0.0499023 0.00183975
0.0499512 0.00183976

0.0499512 0.00183976
0.05 0.00183977

0.05 0.00183977
0.0500488 0.00183978

0.0500488 0.00183978
0.0500977 0.00183978

0.0500977 0.00183978
0.0501465 0.00183979

0.0501465 0.00183979
0.0501953 0.0018398

0.0501953 0.0018398
0.0502441 0.0018398

0.0502441 0.0018398
0.050293 0.00183981

0.050293 0.00183981
0.0503418 0.00183982

0.0503418 0.00183982
0.0503906 0.00183982

0.0503906 0.00183982
0.0504395 0.00183983

0.0504395 0.00183983
0.0504883 0.00183984

0.0504883 0.00183984
0.0505371 0.00183984

0.0505371 0.00183984
0.0505859 0.00183985

0.0505859 0.00183985
0.0506348 0.00183985

0.0506348 0.00183985
0.0506836 0.00183986

0.0506836 0.00183986
0.0507324 0.00183987

0.0507324 0.00183987
0.0507812 0.00183987

0.0507813 0.00183987
0.0508301 0.00183987

0.0508301 0.00183987
0.0508789 0.00183988

0.0508789 0.00183988
0.0509277 0.00183988

0.0509277 0.00183988
0.0509766 0.00183989

0.0509766 0.00183989
0.0510254 0.00183989

0.0510254 0.00183989
0.0510742 0.00183989

0.0510742 0.00183989
0.051123 0.0018399

0.051123 0.0018399
0.0511719 0.0018399

0.0511719 0.0018399
0.0512207 0.0018399

0.0512207 0.0018399
0.0512695 0.0018399

0.0512695 0.0018399
0.0513184 0.0018399

0.0513184 0.0018399
0.0513672 0.0018399

0.0513672 0.0018399
0.051416 0.0018399

0.051416 0.0018399
0.0514648 0.0018399

0.0514648 0.0018399
0.0515137 0.0018399

0.0515137 0.0018399
0.0515625 0.0018399

0.0515625 0.0018399
0.0516113 0.0018399

0.0516113 0.0018399
0.0516602 0.0018399

0.0516602 0.0018399
0.051709 0.0018399

0.051709 0.0018399
0.0517578 0.0018399

0.0517578 0.0018399
0.0518066 0.0018399

0.0518066 0.0018399
0.0518555 0.00183989

0.0518555 0.00183989
0.0519043 0.00183989

0.0519043 0.00183989
0.0519531 0.00183989

0.0519531 0.00183989
0.052002 0.00183989

0.052002 0.00183989
0.0520508 0.00183988

0.0520508 0.00183988
0.0520996 0.00183988

0.0520996 0.00183988
0.0521484 0.00183988

0.0521484 0.00183988
0.0521973 0.00183988

0.0521973 0.00183988
0.0522461 0.00183987

0.0522461 0.00183987
0.0522949 0.00183987

0.0522949 0.00183987
0.0523438 0.00183987

0.0523438 0.00183987
0.0523926 0.00183987

0.0523926 0.00183987
0.0524414 0.00183987

0.0524414 0.00183987
0.0524902 0.00183987

0.0524902 0.00183987
0.0525391 0.00183987

0.0525391 0.00183987
0.0525879 0.00183987

0.0525879 0.00183987
0.0526367 0.00183987

0.0526367 0.00183987
0.0526855 0.00183987

0.0526855 0.00183987
0.0527344 0.00183987

0.0527344 0.00183987
0.0527832 0.00183987

0.0527832 0.00183987
0.052832 0.00183987

0.052832 0.00183987
0.0528809 0.00183988

0.0528809 0.00183988
0.0529297 0.00183988

0.0529297 0.00183988
0.0529785 0.00183988

0.0529785 0.00183988
0.0530273 0.00183989

0.0530273 0.00183989
0.0530762 0.00183989

0.0530762 0.00183989
0.053125 0.0018399

0.053125 0.0018399
0.0531738 0.00183991

0.0531738 0.00183991
0.0532227 0.00183992

0.0532227 0.00183992
0.0532715 0.00183992

0.0532715 0.00183992
0.0533203 0.00183993

0.0533203 0.00183993
0.0533691 0.00183994

0.0533691 0.00183994
0.053418 0.00183995

0.053418 0.00183995
0.0534668 0.00183996

0.0534668 0.00183996
0.0535156 0.00183997

0.0535156 0.00183997
0.0535645 0.00183998

0.0535645 0.00183998
0.0536133 0.00183999

0.0536133 0.00183999
0.0536621 0.00184

0.0536621 0.00184
0.0537109 0.00184001

0.0537109 0.00184001
0.0537598 0.00184003

0.0537598 0.00184003
0.0538086 0.00184004

0.0538086 0.00184004
0.0538574 0.00184005

0.0538574 0.00184005
0.0539063 0.00184006

0.0539063 0.00184006
0.0539551 0.00184007

0.0539551 0.00184007
0.0540039 0.00184009

0.0540039 0.00184009
0.0540527 0.0018401

0.0540527 0.0018401
0.0541016 0.00184011

0.0541016 0.00184011
0.0541504 0.00184012

0.0541504 0.00184012
0.0541992 0.00184013

0.0541992 0.00184013
0.054248 0.00184015

0.054248 0.00184015
0.0542969 0.00184016

0.0542969 0.00184016
0.0543457 0.00184017

0.0543457 0.00184017
0.0543945 0.00184018

0.0543945 0.00184018
0.0544434 0.00184019

0.0544434 0.00184019
0.0544922 0.0018402

0.0544922 0.0018402
0.054541 0.00184021

0.054541 0.00184021
0.0545898 0.00184022

0.0545898 0.00184022
0.0546387 0.00184023

0.0546387 0.00184023
0.0546875 0.00184023

0.0546875 0.00184023
0.0547363 0.00184024

0.0547363 0.00184024
0.0547852 0.00184025

0.0547852 0.00184025
0.054834 0.00184026

0.054834 0.00184026
0.0548828 0.00184026

0.0548828 0.00184026
0.0549316 0.00184027

0.0549316 0.00184027
0.0549805 0.00184027

0.0549805 0.00184027
0.0550293 0.00184028

0.0550293 0.00184028
0.0550781 0.00184028

0.0550781 0.00184028
0.055127 0.00184028

0.055127 0.00184028
0.0551758 0.00184029

0.0551758 0.00184029
0.0552246 0.00184029

0.0552246 0.00184029
0.0552734 0.00184029

0.0552734 0.00184029
0.0553223 0.00184029

0.0553223 0.00184029
0.0553711 0.00184029

0.0553711 0.00184029
0.0554199 0.00184029

0.0554199 0.00184029
0.0554688 0.00184029

0.055486 0
0.0555176 2.84694e-05

0.0554688 0.00184029
0.0555176 0.00184029

0.0555176 2.91872e-05
0.0555441 0

0.0555176 0.00184029
0.0555664 0.00184029

0.0555664 0.00184029
0.0556152 0.00184029

0.0556152 0.00184029
0.0556641 0.00184029

0.0556641 0.00184029
0.0557129 0.00184028

0.0557129 0.00184028
0.0557617 0.00184028

0.0557617 0.00184028
0.0558105 0.00184028

0.0558105 0.00184028
0.0558594 0.00184027

0.0558594 0.00184027
0.0559082 0.00184027

0.0559082 0.00184027
0.055957 0.00184026

0.055957 0.00184026
0.0560059 0.00184026

0.0560059 0.00184026
0.0560547 0.00184025

0.0560547 0.00184025
0.0561035 0.00184025

0.0561035 0.00184025
0.0561523 0.00184024

0.0561523 0.00184024
0.0562012 0.00184024

0.0562012 0.00184024
0.05625 0.00184023

0.05625 0.00184023
0.0562988 0.00184023

0.0562988 0.00184023
0.0563477 0.00184022

0.0563477 0.00184022
0.0563965 0.00184021

0.0563965 0.00184021
0.0564453 0.00184021

0.0564453 0.00184021
0.0564941 0.0018402

0.0564941 0.0018402
0.056543 0.0018402

0.056543 0.0018402
0.0565918 0.00184019

0.0565918 0.00184019
0.0566406 0.00184018

0.0566406 0.00184018
0.0566895 0.00184018

0.0566895 0.00184018
0.0567383 0.00184017

0.0567383 0.00184017
0.0567871 0.00184017

0.0567871 0.00184017
0.0568359 0.00184016

0.0568359 0.00184016
0.0568848 0.00184015

0.0568848 0.00184015
0.0569336 0.00184015

0.0569336 0.00184015
0.0569824 0.00184014

0.0569824 0.00184014
0.0570312 0.00184014

0.0570313 0.00184014
0.0570801 0.00184013

0.0570801 0.00184013
0.0571289 0.00184013

0.0571289 0.00184013
0.0571777 0.00184012

0.0571777 0.00184012
0.0572266 0.00184012

0.0572266 0.00184012
0.0572754 0.00184011

0.0572754 0.00184011
0.0573242 0.00184011

0.0573242 0.00184011
0.057373 0.0018401

0.057373 0.0018401
0.0574219 0.0018401

0.0574219 0.0018401
0.0574707 0.0018401

0.0574707 0.0018401
0.0575195 0.00184009

0.0575195 0.00184009
0.0575684 0.00184009

0.0575684 0.00184009
0.0576172 0.00184008

0.0576172 0.00184008
0.057666 0.00184008

0.057666 0.00184008
0.0577148 0.00184008

0.0577148 0.00184008
0.0577637 0.00184007

0.0577637 0.00184007
0.0578125 0.00184007

0.0578125 0.00184007
0.0578613 0.00184007

0.0578613 0.00184007
0.0579102 0.00184007

0.0579102 0.00184007
0.057959 0.00184006

0.057959 0.00184006
0.0580078 0.00184006

0.0580078 0.00184006
0.0580566 0.00184006

0.0580566 0.00184006
0.0581055 0.00184006

0.0581055 0.00184006
0.0581543 0.00184006

0.0581543 0.00184006
0.0582031 0.00184006

0.0582031 0.00184006
0.058252 0.00184006

0.058252 0.00184006
0.0583008 0.00184006

0.0583008 0.00184006
0.0583496 0.00184006

0.0583496 0.00184006
0.0583984 0.00184006

0.0583984 0.00184006
0.0584473 0.00184006

0.0584473 0.00184006
0.0584961 0.00184006

0.0584961 0.00184006
0.0585449 0.00184006

0.0585449 0.00184006
0.0585938 0.00184007

0.0585938 0.00184007
0.0586426 0.00184007

0.0586426 0.00184007
0.0586914 0.00184007

0.0586914 0.00184007
0.0587402 0.00184008

0.0587402 0.00184008
0.0587891 0.00184008

0.0587891 0.00184008
0.0588379 0.00184009

0.0588379 0.00184009
0.0588867 0.00184009

0.0588867 0.00184009
0.0589355 0.0018401

0.0589355 0.0018401
0.0589844 0.00184011

0.0589844 0.00184011
0.0590332 0.00184011

0.0590332 0.00184011
0.059082 0.00184012

0.059082 0.00184012
0.0591309 0.00184013

0.0591309 0.00184013
0.0591797 0.00184014

0.0591797 0.00184014
0.0592285 0.00184015

0.0592285 0.00184015
0.0592773 0.00184016

0.0592773 0.00184016
0.0593262 0.00184017

0.0593262 0.00184017
0.059375 0.00184018

0.059375 0.00184018
0.0594238 0.0018402

0.0594238 0.0018402
0.0594727 0.00184021

0.0594727 0.00184021
0.0595215 0.00184022

0.0595215 0.00184022
0.0595703 0.00184024

0.0595703 0.00184024
0.0596191 0.00184026

0.0596191 0.00184026
0.059668 0.00184027

0.059668 0.00184027
0.0597168 0.00184029

0.0597168 0.00184029
0.0597656 0.00184031

0.0597656 0.00184031
0.0598145 0.00184033

0.0598145 0.00184033
0.0598633 0.00184035

0.0598633 0.00184035
0.0599121 0.00184037

0.0599121 0.00184037
0.0599609 0.00184039

0.0599609 0.00184039
0.0600098 0.00184041

0.0600098 0.00184041
0.0600586 0.00184044

0.0600586 0.00184044
0.0601074 0.00184046

0.0601074 0.00184046
0.0601563 0.00184049

0.0601563 0.00184049
0.0602051 0.00184051

0.0602051 0.00184051
0.0602539 0.00184054

0.0602539 0.00184054
0.0603027 0.00184057

0.0603027 0.00184057
0.0603516 0.0018406

0.0603516 0.0018406
0.0604004 0.00184063

0.0604004 0.00184063
0.0604492 0.00184066

0.0604492 0.00184066
0.060498 0.00184069

0.060498 0.00184069
0.0605469 0.00184073

0.0605469 0.00184073
0.0605957 0.00184076

0.0605957 0.00184076
0.0606445 0.00184079

0.0606445 0.00184079
0.0606934 0.00184083

0.0606934 0.00184083
0.0607422 0.00184087

0.0607422 0.00184087
0.060791 0.0018409

0.060791 0.0018409
0.0608398 0.00184094

0.0608398 0.00184094
0.0608887 0.00184098

0.0608887 0.00184098
0.0609375 0.00184102

0.0609375 0.00184102
0.0609863 0.00184106

0.0609863 0.00184106
0.0610352 0.0018411

0.0610352 0.0018411
0.061084 0.00184114

0.061084 0.00184114
0.0611328 0.00184118

0.0611328 0.00184118
0.0611816 0.00184122

0.0611816 0.00184122
0.0612305 0.00184126

0.0612305 0.00184126
0.0612793 0.0018413

0.0612793 0.0018413
0.0613281 0.00184135

0.0613281 0.00184135
0.061377 0.00184139

0.061377 0.00184139
0.0614258 0.00184143

0.0614258 0.00184143
0.0614746 0.00184148

0.0614746 0.00184148
0.0615234 0.00184152

0.0615234 0.00184152
0.0615723 0.00184156

0.0615723 0.00184156
0.0616211 0.00184161

0.0616211 0.00184161
0.0616699 0.00184165

0.0616699 0.00184165
0.0617188 0.00184169

0.0617188 0.00184169
0.0617676 0.00184174

0.0617676 0.00184174
0.0618164 0.00184178

0.0618164 0.00184178
0.0618652 0.00184183

0.0618652 0.00184183
0.0619141 0.00184187

0.0619141 0.00184187
0.0619629 0.00184191

0.0619629 0.00184191
0.0620117 0.00184196

0.0620117 0.00184196
0.0620605 0.001842

0.0620605 0.001842
0.0621094 0.00184204

0.0621094 0.00184204
0.0621582 0.00184209

0.0621582 0.00184209
0.062207 0.00184213

0.062207 0.00184213
0.0622559 0.00184217

0.0622559 0.00184217
0.0623047 0.00184221

0.0623047 0.00184221
0.0623535 0.00184225

0.0623535 0.00184225
0.0624023 0.00184229

0.0624023 0.00184229
0.0624512 0.00184233

0.0624512 0.00184233
0.0625 0.00184237

0.0625 0.00184237
0.0625488 0.00184241

0.0625488 0.00184241
0.0625977 0.00184245

0.0625977 0.00184245
0.0626465 0.00184249

0.0626465 0.00184249
0.0626953 0.00184253

0.0626953 0.00184253
0.0627441 0.00184256

0.0627441 0.00184256
0.062793 0.0018426

0.062793 0.0018426
0.0628418 0.00184263

0.0628418 0.00184263
0.0628906 0.00184267

0.0628906 0.00184267
0.0629395 0.0018427

0.0629395 0.0018427
0.0629883 0.00184273

0.0629883 0.00184273
0.0630371 0.00184277

0.0630371 0.00184277
0.0630859 0.0018428

0.0630859 0.0018428
0.0631348 0.00184283

0.0631348 0.00184283
0.0631836 0.00184286

0.0631836 0.00184286
0.0632324 0.00184289

0.0632324 0.00184289
0.0632813 0.00184291

0.0632812 0.00184291
0.0633301 0.00184294

0.0633301 0.00184294
0.0633789 0.00184296

0.0633789 0.00184296
0.0634277 0.00184299

0.0634277 0.00184299
0.0634766 0.00184301

0.0634766 0.00184301
0.0635254 0.00184304

0.0635254 0.00184304
0.0635742 0.00184306

0.0635742 0.00184306
0.063623 0.00184308

0.063623 0.00184308
0.0636719 0.0018431

0.0636719 0.0018431
0.0637207 0.00184312

0.0637207 0.00184312
0.0637695 0.00184313

0.0637695 0.00184313
0.0638184 0.00184315

0.0638184 0.00184315
0.0638672 0.00184316

0.0638672 0.00184316
0.063916 0.00184318

0.063916 0.00184318
0.0639648 0.00184319

0.0639648 0.00184319
0.0640137 0.0018432

0.0640137 0.0018432
0.0640625 0.00184321

0.0640625 0.00184321
0.0641113 0.00184322

0.0641113 0.00184322
0.0641602 0.00184323

0.0641602 0.00184323
0.064209 0.00184324

0.064209 0.00184324
0.0642578 0.00184325

0.0642578 0.00184325
0.0643066 0.00184325

0.0643066 0.00184325
0.0643555 0.00184326

0.0643555 0.00184326
0.0644043 0.00184326

0.0644043 0.00184326
0.0644531 0.00184326

0.0644531 0.00184326
0.064502 0.00184326

0.064502 0.00184326
0.0645508 0.00184326

0.0645508 0.00184326
0.0645996 0.00184326

0.0645996 0.00184326
0.0646484 0.00184326

0.0646484 0.00184326
0.0646973 0.00184325

0.0646973 0.00184325
0.0647461 0.00184325

0.0647461 0.00184325
0.0647949 0.00184324

0.0647949 0.00184324
0.0648438 0.00184324

0.0648437 0.00184324
0.0648926 0.00184323

0.0648926 0.00184323
0.0649414 0.00184322

0.0649414 0.00184322
0.0649902 0.00184321

0.0649902 0.00184321
0.0650391 0.0018432

0.0650391 0.0018432
0.0650879 0.00184319

0.0650879 0.00184319
0.0651367 0.00184318

0.0651367 0.00184318
0.0651855 0.00184316

0.0651855 0.00184316
0.0652344 0.00184315

0.0652344 0.00184315
0.0652832 0.00184313

0.0652832 0.00184313
0.065332 0.00184311

0.065332 0.00184311
0.0653809 0.0018431

0.0653809 0.0018431
0.0654297 0.00184308

0.0654297 0.00184308
0.0654785 0.00184306

0.0654785 0.00184306
0.0655273 0.00184303

0.0655273 0.00184303
0.0655762 0.00184301

0.0655762 0.00184301
0.065625 0.00184299

0.065625 0.00184299
0.0656738 0.00184296

0.0656738 0.00184296
0.0657227 0.00184294

0.0657227 0.00184294
0.0657715 0.00184291

0.0657715 0.00184291
0.0658203 0.00184289

0.0658203 0.00184289
0.0658691 0.00184286

0.0658691 0.00184286
0.065918 0.00184283

0.065918 0.00184283
0.0659668 0.0018428

0.0659668 0.0018428
0.0660156 0.00184277

0.0660156 0.00184277
0.0660645 0.00184273

0.0660645 0.00184273
0.0661133 0.0018427

0.0661133 0.0018427
0.0661621 0.00184267

0.0661621 0.00184267
0.0662109 0.00184263

0.0662109 0.00184263
0.0662598 0.0018426

0.0662598 0.0018426
0.0663086 0.00184256

0.0663086 0.00184256
0.0663574 0.00184252

0.0663574 0.00184252
0.0664063 0.00184248

0.0664062 0.00184248
0.0664551 0.00184244

0.0664551 0.00184244
0.0665039 0.0018424

0.0665039 0.0018424
0.0665527 0.00184236

0.0665527 0.00184236
0.0666016 0.00184232

0.0666016 0.00184232
0.0666504 0.00184228

0.0666504 0.00184228
0.0666992 0.00184223

0.0666992 0.00184223
0.066748 0.00184219

0.066748 0.00184219
0.0667969 0.00184214

0.0667969 0.00184214
0.0668457 0.0018421

0.0668457 0.0018421
0.0668945 0.00184205

0.0668945 0.00184205
0.0669434 0.001842

0.0669434 0.001842
0.0669922 0.00184196

0.0669922 0.00184196
0.067041 0.00184191

0.067041 0.00184191
0.0670898 0.00184186

0.0670898 0.00184186
0.0671387 0.00184181

0.0671387 0.00184181
0.0671875 0.00184176

0.0671875 0.00184176
0.0672363 0.00184171

0.0672363 0.00184171
0.0672852 0.00184166

0.0672852 0.00184166
0.067334 0.00184161

0.067334 0.00184161
0.0673828 0.00184156

0.0673828 0.00184156
0.0674316 0.00184151

0.0674316 0.00184151
0.0674805 0.00184146

0.0674805 0.00184146
0.0675293 0.0018414

0.0675293 0.0018414
0.0675781 0.00184135

0.0675781 0.00184135
0.067627 0.0018413

0.067627 0.0018413
0.0676758 0.00184125

0.0676758 0.00184125
0.0677246 0.00184119

0.0677246 0.00184119
0.0677734 0.00184114

0.0677734 0.00184114
0.0678223 0.00184109

0.0678223 0.00184109
0.0678711 0.00184104

0.0678711 0.00184104
0.0679199 0.00184098

0.0679199 0.00184098
0.0679688 0.00184093

0.0679687 0.00184093
0.0680176 0.00184088

0.0680176 0.00184088
0.0680664 0.00184083

0.0680664 0.00184083
0.0681152 0.00184078

0.0681152 0.00184078
0.0681641 0.00184073

0.0681641 0.00184073
0.0682129 0.00184068

0.0682129 0.00184068
0.0682617 0.00184062

0.0682617 0.00184062
0.0683105 0.00184057

0.0683105 0.00184057
0.0683594 0.00184053

0.0683594 0.00184053
0.0684082 0.00184048

0.0684082 0.00184048
0.068457 0.00184043

0.068457 0.00184043
0.0685059 0.00184038

0.0685059 0.00184038
0.0685547 0.00184033

0.0685547 0.00184033
0.0686035 0.00184029

0.0686035 0.00184029
0.0686523 0.00184024

0.0686523 0.00184024
0.0687012 0.00184019

0.0687012 0.00184019
0.06875 0.00184015

0.06875 0.00184015
0.0687988 0.00184011

0.0687988 0.00184011
0.0688477 0.00184006

0.0688477 0.00184006
0.0688965 0.00184002

0.0688965 0.00184002
0.0689453 0.00183998

0.0689453 0.00183998
0.0689941 0.00183994

0.0689941 0.00183994
0.069043 0.0018399

0.069043 0.0018399
0.0690918 0.00183986

0.0690918 0.00183986
0.0691406 0.00183982

0.0691406 0.00183982
0.0691895 0.00183979

0.0691895 0.00183979
0.0692383 0.00183975

0.0692383 0.00183975
0.0692871 0.00183971

0.0692871 0.00183971
0.0693359 0.00183968

0.0693359 0.00183968
0.0693848 0.00183965

0.0693848 0.00183965
0.0694336 0.00183962

0.0694336 0.00183962
0.0694824 0.00183959

0.0694824 0.00183959
0.0695313 0.00183956

0.0695313 0.00183956
0.0695801 0.00183953

0.0695801 0.00183953
0.0696289 0.0018395

0.0696289 0.0018395
0.0696777 0.00183948

0.0696777 0.00183948
0.0697266 0.00183945

0.0697266 0.00183945
0.0697754 0.00183943

0.0697754 0.00183943
0.0698242 0.00183941

0.0698242 0.00183941
0.069873 0.00183939

0.069873 0.00183939
0.0699219 0.00183937

0.0699219 0.00183937
0.0699707 0.00183935

0.0699707 0.00183935
0.0700195 0.00183934

0.0700195 0.00183934
0.0700684 0.00183932

0.0700684 0.00183932
0.0701172 0.00183931

0.0701172 0.00183931
0.070166 0.0018393

0.070166 0.0018393
0.0702148 0.00183929

0.0702148 0.00183929
0.0702637 0.00183928

0.0702637 0.00183928
0.0703125 0.00183928

0.0703125 0.00183928
0.0703613 0.00183927

0.0703613 0.00183927
0.0704102 0.00183927

0.0704102 0.00183927
0.070459 0.00183927

0.070459 0.00183927
0.0705078 0.00183927

0.0705078 0.00183927
0.0705566 0.00183927

0.0705566 0.00183927
0.0706055 0.00183927

0.0706055 0.00183927
0.0706543 0.00183928

0.0706543 0.00183928
0.0707031 0.00183928

0.0707031 0.00183928
0.070752 0.00183929

0.070752 0.00183929
0.0708008 0.0018393

0.0708008 0.0018393
0.0708496 0.00183932

0.0708496 0.00183932
0.0708984 0.00183933

0.0708984 0.00183933
0.0709473 0.00183935

0.0709473 0.00183935
0.0709961 0.00183936

0.0709961 0.00183936
0.0710449 0.00183938

0.0710449 0.00183938
0.0710938 0.0018394

0.0710937 0.0018394
0.0711426 0.00183943

0.0711426 0.00183943
0.0711914 0.00183945

0.0711914 0.00183945
0.0712402 0.00183948

0.0712402 0.00183948
0.0712891 0.0018395

0.0712891 0.0018395
0.0713379 0.00183953

0.0713379 0.00183953
0.0713867 0.00183956

0.0713867 0.00183956
0.0714355 0.0018396

0.0714355 0.0018396
0.0714844 0.00183963

0.0714844 0.00183963
0.0715332 0.00183967

0.0715332 0.00183967
0.071582 0.0018397

0.071582 0.0018397
0.0716309 0.00183974

0.0716309 0.00183974
0.0716797 0.00183978

0.0716797 0.00183978
0.0717285 0.00183982

0.0717285 0.00183982
0.0717773 0.00183986

0.0717773 0.00183986
0.0718262 0.00183991

0.0718262 0.00183991
0.071875 0.00183995

0.071875 0.00183995
0.0719238 0.00184

0.0719238 0.00184
0.0719727 0.00184005

0.0719727 0.00184005
0.0720215 0.00184009

0.0720215 0.00184009
0.0720703 0.00184014

0.0720703 0.00184014
0.0721191 0.00184019

0.0721191 0.00184019
0.072168 0.00184025

0.072168 0.00184025
0.0722168 0.0018403

0.0722168 0.0018403
0.0722656 0.00184035

0.0722656 0.00184035
0.0723145 0.00184041

0.0723145 0.00184041
0.0723633 0.00184046

0.0723633 0.00184046
0.0724121 0.00184051

0.0724121 0.00184051
0.0724609 0.00184057

0.0724609 0.00184057
0.0725098 0.00184063

0.0725098 0.00184063
0.0725586 0.00184068

0.0725586 0.00184068
0.0726074 0.00184074

0.0726074 0.00184074
0.0726563 0.0018408

0.0726562 0.0018408
0.0727051 0.00184086

0.0727051 0.00184086
0.0727539 0.00184091

0.0727539 0.00184091
0.0728027 0.00184097

0.0728027 0.00184097
0.0728516 0.00184103

0.0728516 0.00184103
0.0729004 0.00184109

0.0729004 0.00184109
0.0729492 0.00184115

0.0729492 0.00184115
0.072998 0.00184121

0.072998 0.00184121
0.0730469 0.00184127

0.0730469 0.00184127
0.0730957 0.00184133

0.0730957 0.00184133
0.0731445 0.00184138

0.0731445 0.00184138
0.0731934 0.00184144

0.0731934 0.00184144
0.0732422 0.0018415

0.0732422 0.0018415
0.073291 0.00184156

0.073291 0.00184156
0.0733398 0.00184162

0.0733398 0.00184162
0.0733887 0.00184167

0.0733887 0.00184167
0.0734375 0.00184173

0.0734375 0.00184173
0.0734863 0.00184179

0.0734863 0.00184179
0.0735352 0.00184184

0.0735352 0.00184184
0.073584 0.0018419

0.073584 0.0018419
0.0736328 0.00184195

0.0736328 0.00184195
0.0736816 0.00184201

0.0736816 0.00184201
0.0737305 0.00184206

0.0737305 0.00184206
0.0737793 0.00184212

0.0737793 0.00184212
0.0738281 0.00184217

0.0738281 0.00184217
0.073877 0.00184222

0.073877 0.00184222
0.0739258 0.00184227

0.0739258 0.00184227
0.0739746 0.00184232

0.0739746 0.00184232
0.0740234 0.00184237

0.0740234 0.00184237
0.0740723 0.00184242

0.0740723 0.00184242
0.0741211 0.00184247

0.0741211 0.00184247
0.0741699 0.00184251

0.0741699 0.00184251
0.0742188 0.00184256

0.0742188 0.00184256
0.0742676 0.00184261

0.0742676 0.00184261
0.0743164 0.00184265

0.0743164 0.00184265
0.0743652 0.00184269

0.0743652 0.00184269
0.0744141 0.00184274

0.0744141 0.00184274
0.0744629 0.00184278

0.0744629 0.00184278
0.0745117 0.00184282

0.0745117 0.00184282
0.0745605 0.00184286

0.0745605 0.00184286
0.0746094 0.0018429

0.0746094 0.0018429
0.0746582 0.00184293

0.0746582 0.00184293
0.074707 0.00184297

0.074707 0.00184297
0.0747559 0.00184301

0.0747559 0.00184301
0.0748047 0.00184304

0.0748047 0.00184304
0.0748535 0.00184308

0.0748535 0.00184308
0.0749023 0.00184311

0.0749023 0.00184311
0.0749512 0.00184314

0.0749512 0.00184314
0.075 0.00184317

0.075 0.00184317
0.0750488 0.0018432

0.0750488 0.0018432
0.0750977 0.00184323

0.0750977 0.00184323
0.0751465 0.00184326

0.0751465 0.00184326
0.0751953 0.00184328

0.0751953 0.00184328
0.0752441 0.00184331

0.0752441 0.00184331
0.075293 0.00184333

0.075293 0.00184333
0.0753418 0.00184336

0.0753418 0.00184336
0.0753906 0.00184338

0.0753906 0.00184338
0.0754395 0.0018434

0.0754395 0.0018434
0.0754883 0.00184342

0.0754883 0.00184342
0.0755371 0.00184344

0.0755371 0.00184344
0.0755859 0.00184346

0.0755859 0.00184346
0.0756348 0.00184348

0.0756348 0.00184348
0.0756836 0.00184349

0.0756836 0.00184349
0.0757324 0.00184351

0.0757324 0.00184351
0.0757813 0.00184352

0.0757812 0.00184352
0.0758301 0.00184353

0.0758301 0.00184353
0.0758789 0.00184354

0.0758789 0.00184354
0.0759277 0.00184355

0.0759277 0.00184355
0.0759766 0.00184356

0.0759766 0.00184356
0.0760254 0.00184357

0.0760254 0.00184357
0.0760742 0.00184357

0.0760742 0.00184357
0.076123 0.00184357

0.076123 0.00184357
0.0761719 0.00184358

0.0761719 0.00184358
0.0762207 0.00184358

0.0762207 0.00184358
0.0762695 0.00184358

0.0762695 0.00184358
0.0763184 0.00184357

0.0763184 0.00184357
0.0763672 0.00184357

0.0763672 0.00184357
0.076416 0.00184356

0.076416 0.00184356
0.0764648 0.00184356

0.0764648 0.00184356
0.0765137 0.00184355

0.0765137 0.00184355
0.0765625 0.00184354

0.0765625 0.00184354
0.0766113 0.00184352

0.0766113 0.00184352
0.0766602 0.00184351

0.0766602 0.00184351
0.076709 0.00184349

0.076709 0.00184349
0.0767578 0.00184347

0.0767578 0.00184347
0.0768066 0.00184345

0.0768066 0.00184345
0.0768555 0.00184343

0.0768555 0.00184343
0.0769043 0.0018434

0.0769043 0.0018434
0.0769531 0.00184338

0.0769531 0.00184338
0.077002 0.00184335

0.077002 0.00184335
0.0770508 0.00184331

0.0770508 0.00184331
0.0770996 0.00184328

0.0770996 0.00184328
0.0771484 0.00184324

0.0771484 0.00184324
0.0771973 0.00184321

0.0771973 0.00184321
0.0772461 0.00184316

0.0772461 0.00184316
0.0772949 0.00184312

0.0772949 0.00184312
0.0773438 0.00184307

0.0773438 0.00184307
0.0773926 0.00184302

0.0773926 0.00184302
0.0774414 0.00184297

0.0774414 0.00184297
0.0774902 0.00184292

0.0774902 0.00184292
0.0775391 0.00184286

0.0775391 0.00184286
0.0775879 0.0018428

0.0775879 0.0018428
0.0776367 0.00184274

0.0776367 0.00184274
0.0776855 0.00184267

0.0776855 0.00184267
0.0777344 0.0018426

0.0777344 0.0018426
0.0777832 0.00184253

0.0777832 0.00184253
0.077832 0.00184246

0.077832 0.00184246
0.0778809 0.00184238

0.0778809 0.00184238
0.0779297 0.0018423

0.0779297 0.0018423
0.0779785 0.00184221

0.0779785 0.00184221
0.0780273 0.00184212

0.0780273 0.00184212
0.0780762 0.00184203

0.0780762 0.00184203
0.078125 0.00184194

0.078125 0.00184194
0.0781738 0.00184184

0.0781738 0.00184184
0.0782227 0.00184174

0.0782227 0.00184174
0.0782715 0.00184163

0.0782715 0.00184163
0.0783203 0.00184152

0.0783203 0.00184152
0.0783691 0.00184141

0.0783691 0.00184141
0.078418 0.0018413

0.078418 0.0018413
0.0784668 0.00184118

0.0784668 0.00184118
0.0785156 0.00184105

0.0785156 0.00184105
0.0785645 0.00184093

0.0785645 0.00184093
0.0786133 0.0018408

0.0786133 0.0018408
0.0786621 0.00184066

0.0786621 0.00184066
0.0787109 0.00184052

0.0787109 0.00184052
0.0787598 0.00184038

0.0787598 0.00184038
0.0788086 0.00184023

0.0788086 0.00184023
0.0788574 0.00184008

0.0788574 0.00184008
0.0789063 0.00183993

0.0789062 0.00183993
0.0789551 0.00183977

0.0789551 0.00183977
0.0790039 0.00183961

0.0790039 0.00183961
0.0790527 0.00183944

0.0790527 0.00183944
0.0791016 0.00183927

0.0791016 0.00183927
0.0791504 0.0018391

0.0791504 0.0018391
0.0791992 0.00183892

0.0791992 0.00183892
0.079248 0.00183874

0.079248 0.00183874
0.0792969 0.00183856

0.0792969 0.00183856
0.0793457 0.00183837

0.0793457 0.00183837
0.0793945 0.00183817

0.0793945 0.00183817
0.0794434 0.00183798

0.0794434 0.00183798
0.0794922 0.00183778

0.0794922 0.00183778
0.079541 0.00183757

0.079541 0.00183757
0.0795898 0.00183736

0.0795898 0.00183736
0.0796387 0.00183715

0.0796387 0.00183715
0.0796875 0.00183694

0.0796875 0.00183694
0.0797363 0.00183672

0.0797363 0.00183672
0.0797852 0.0018365

0.0797852 0.0018365
0.079834 0.00183627

0.079834 0.00183627
0.0798828 0.00183604

0.0798828 0.00183604
0.0799316 0.00183581

0.0799316 0.00183581
0.0799805 0.00183557

0.0799805 0.00183557
0.0800293 0.00183533

0.0800293 0.00183533
0.0800781 0.00183509

0.0800781 0.00183509
0.080127 0.00183485

0.080127 0.00183485
0.0801758 0.0018346

0.0801758 0.0018346
0.0802246 0.00183435

0.0802246 0.00183435
0.0802734 0.0018341

0.0802734 0.0018341
0.0803223 0.00183384

0.0803223 0.00183384
0.0803711 0.00183358

0.0803711 0.00183358
0.0804199 0.00183332

0.0804199 0.00183332
0.0804688 0.00183306

0.0804688 0.00183306
0.0805176 0.0018328

0.0805176 0.0018328
0.0805664 0.00183253

0.0805664 0.00183253
0.0806152 0.00183226

0.0806152 0.00183226
0.0806641 0.00183199

0.0806641 0.00183199
0.0807129 0.00183172

0.0807129 0.00183172
0.0807617 0.00183145

0.0807617 0.00183145
0.0808105 0.00183118

0.0808105 0.00183118
0.0808594 0.0018309

0.0808594 0.0018309
0.0809082 0.00183063

0.0809082 0.00183063
0.080957 0.00183035

0.080957 0.00183035
0.0810059 0.00183007

0.0810059 0.00183007
0.0810547 0.0018298

0.0810547 0.0018298
0.0811035 0.00182952

0.0811035 0.00182952
0.0811523 0.00182925

0.0811523 0.00182925
0.0812012 0.00182897

0.0812012 0.00182897
0.08125 0.00182869

0.08125 0.00182869
0.0812988 0.00182842

0.0812988 0.00182842
0.0813477 0.00182815

0.0813477 0.00182815
0.0813965 0.00182787

0.0813965 0.00182787
0.0814453 0.0018276

0.0814453 0.0018276
0.0814941 0.00182733

0.0814941 0.00182733
0.081543 0.00182706

0.081543 0.00182706
0.0815918 0.0018268

0.0815918 0.0018268
0.0816406 0.00182653

0.0816406 0.00182653
0.0816895 0.00182627

0.0816895 0.00182627
0.0817383 0.00182601

0.0817383 0.00182601
0.0817871 0.00182576

0.0817871 0.00182576
0.0818359 0.0018255

0.0818359 0.0018255
0.0818848 0.00182525

0.0818848 0.00182525
0.0819336 0.00182501

0.0819336 0.00182501
0.0819824 0.00182477

0.0819824 0.00182477
0.0820313 0.00182453

0.0820312 0.00182453
0.0820801 0.00182429

0.0820801 0.00182429
0.0821289 0.00182406

0.0821289 0.00182406
0.0821777 0.00182384

0.0821777 0.00182384
0.0822266 0.00182362

0.0822266 0.00182362
0.0822754 0.00182341

0.0822754 0.00182341
0.0823242 0.0018232

0.0823242 0.0018232
0.082373 0.00182299

0.082373 0.00182299
0.0824219 0.0018228

0.0824219 0.0018228
0.0824707 0.00182261

0.0824707 0.00182261
0.0825195 0.00182242

0.0825195 0.00182242
0.0825684 0.00182225

0.0825684 0.00182225
0.0826172 0.00182207

0.0826172 0.00182207
0.082666 0.00182191

0.082666 0.00182191
0.0827148 0.00182176

0.0827148 0.00182176
0.0827637 0.00182161

0.0827637 0.00182161
0.0828125 0.00182147

0.0828125 0.00182147
0.0828613 0.00182134

0.0828613 0.00182134
0.0829102 0.00182121

0.0829102 0.00182121
0.082959 0.0018211

0.082959 0.0018211
0.0830078 0.00182099

0.0830078 0.00182099
0.0830566 0.00182089

0.0830566 0.00182089
0.0831055 0.0018208

0.0831055 0.0018208
0.0831543 0.00182073

0.0831543 0.00182073
0.0832031 0.00182066

0.0832031 0.00182066
0.083252 0.0018206

0.083252 0.0018206
0.0833008 0.00182055

0.0833008 0.00182055
0.0833496 0.00182051

0.0833496 0.00182051
0.0833984 0.00182048

0.0833984 0.00182048
0.0834473 0.00182046

0.0834473 0.00182046
0.0834961 0.00182045

0.0834961 0.00182045
0.0835449 0.00182045

0.0835449 0.00182045
0.0835938 0.00182047

0.0835937 0.00182047
0.0836426 0.00182049

0.0836426 0.00182049
0.0836914 0.00182053

0.0836914 0.00182053
0.0837402 0.00182058

0.0837402 0.00182058
0.0837891 0.00182063

0.0837891 0.00182063
0.0838379 0.0018207

0.0838379 0.0018207
0.0838867 0.00182079

0.0838867 0.00182079
0.0839355 0.00182088

0.0839355 0.00182088
0.0839844 0.00182099

0.0839844 0.00182099
0.0840332 0.0018211

0.0840332 0.0018211
0.084082 0.00182123

0.084082 0.00182123
0.0841309 0.00182137

0.0841309 0.00182137
0.0841797 0.00182153

0.0841797 0.00182153
0.0842285 0.00182169

0.0842285 0.00182169
0.0842773 0.00182187

0.0842773 0.00182187
0.0843262 0.00182206

0.0843262 0.00182206
0.084375 0.00182227

0.084375 0.00182227
0.0844238 0.00182248

0.0844238 0.00182248
0.0844727 0.00182271

0.0844727 0.00182271
0.0845215 0.00182295

0.0845215 0.00182295
0.0845703 0.0018232

0.0845703 0.0018232
0.0846191 0.00182347

0.0846191 0.00182347
0.084668 0.00182374

0.084668 0.00182374
0.0847168 0.00182403

0.0847168 0.00182403
0.0847656 0.00182433

0.0847656 0.00182433
0.0848145 0.00182465

0.0848145 0.00182465
0.0848633 0.00182497

0.0848633 0.00182497
0.0849121 0.00182531

0.0849121 0.00182531
0.0849609 0.00182566

0.0849609 0.00182566
0.0850098 0.00182602

0.0850098 0.00182602
0.0850586 0.00182639

0.0850586 0.00182639
0.0851074 0.00182677

0.0851074 0.00182677
0.0851563 0.00182717

0.0851563 0.00182717
0.0852051 0.00182758

0.0852051 0.00182758
0.0852539 0.00182799

0.0852539 0.00182799
0.0853027 0.00182842

0.0853027 0.00182842
0.0853516 0.00182886

0.0853516 0.00182886
0.0854004 0.00182931

0.0854004 0.00182931
0.0854492 0.00182977

0.0854492 0.00182977
0.085498 0.00183024

0.085498 0.00183024
0.0855469 0.00183072

0.0855469 0.00183072
0.0855957 0.0018312

0.0855957 0.0018312
0.0856445 0.0018317

0.0856445 0.0018317
0.0856934 0.00183221

0.0856934 0.00183221
0.0857422 0.00183273

0.0857422 0.00183273
0.085791 0.00183325

0.085791 0.00183325
0.0858398 0.00183378

0.0858398 0.00183378
0.0858887 0.00183432

0.0858887 0.00183432
0.0859375 0.00183487

0.0859375 0.00183487
0.0859863 0.00183543

0.0859863 0.00183543
0.0860352 0.00183599

0.0860352 0.00183599
0.086084 0.00183656

0.086084 0.00183656
0.0861328 0.00183713

0.0861328 0.00183713
0.0861816 0.00183771

0.0861816 0.00183771
0.0862305 0.0018383

0.0862305 0.0018383
0.0862793 0.00183889

0.0862793 0.00183889
0.0863281 0.00183948

0.0863281 0.00183948
0.086377 0.00184008

0.086377 0.00184008
0.0864258 0.00184069

0.0864258 0.00184069
0.0864746 0.00184129

0.0864746 0.00184129
0.0865234 0.0018419

0.0865234 0.0018419
0.0865723 0.00184252

0.0865723 0.00184252
0.0866211 0.00184313

0.0866211 0.00184313
0.0866699 0.00184375

0.0866699 0.00184375
0.0867188 0.00184436

0.0867187 0.00184436
0.0867676 0.00184498

0.0867676 0.00184498
0.0868164 0.0018456

0.0868164 0.0018456
0.0868652 0.00184622

0.0868652 0.00184622
0.0869141 0.00184684

0.0869141 0.00184684
0.0869629 0.00184746

0.0869629 0.00184746
0.0870117 0.00184807

0.0870117 0.00184807
0.0870605 0.00184869

0.0870605 0.00184869
0.0871094 0.0018493

0.0871094 0.0018493
0.0871582 0.00184991

0.0871582 0.00184991
0.087207 0.00185051

0.087207 0.00185051
0.0872559 0.00185111

0.0872559 0.00185111
0.0873047 0.00185171

0.0873047 0.00185171
0.0873535 0.0018523

0.0873535 0.0018523
0.0874023 0.00185289

0.0874023 0.00185289
0.0874512 0.00185347

0.0874512 0.00185347
0.0875 0.00185404

0.0875 0.00185404
0.0875488 0.00185461

0.0875488 0.00185461
0.0875977 0.00185515

0.0875977 0.00185515
0.0876269 0.00185547

0.0876275 0.00185547
0.0876465 0.00185568

0.0876465 0.00185568
0.0876953 0.00185622

0.0876953 0.00185622
0.0877441 0.00185676

0.0877441 0.00185676
0.087793 0.00185728

0.087793 0.00185728
0.0878418 0.00185778

0.0878418 0.00185778
0.0878906 0.00185828

0.0878906 0.00185828
0.0879395 0.00185877

0.0879395 0.00185877
0.0879883 0.00185924

0.0879883 0.00185924
0.0880371 0.0018597

0.0880371 0.0018597
0.0880859 0.00186015

0.0880859 0.00186015
0.0881348 0.00186058

0.0881348 0.00186058
0.0881836 0.00186101

0.0881836 0.00186101
0.0882324 0.00186141

0.0882324 0.00186141
0.0882813 0.00186181

0.0882813 0.00186181
0.0883301 0.00186219

0.0883301 0.00186219
0.0883789 0.00186255

0.0883789 0.00186255
0.0884277 0.0018629

0.0884277 0.0018629
0.0884766 0.00186324

0.0884766 0.00186324
0.0885254 0.00186355

0.0885254 0.00186355
0.0885742 0.00186386

0.0885742 0.00186386
0.088623 0.00186415

0.088623 0.00186415
0.0886719 0.00186442

0.0886719 0.00186442
0.0887207 0.00186467

0.0887207 0.00186467
0.0887695 0.00186491

0.0887695 0.00186491
0.0888184 0.00186513

0.0888184 0.00186513
0.0888672 0.00186534

0.0888672 0.00186534
0.088916 0.00186553

0.088916 0.00186553
0.0889648 0.0018657

0.0889648 0.0018657
0.0890137 0.00186586

0.0890137 0.00186586
0.0890625 0.001866

0.0890625 0.001866
0.0891113 0.00186612

0.0891113 0.00186612
0.0891602 0.00186623

0.0891602 0.00186623
0.089209 0.00186631

0.089209 0.00186631
0.0892578 0.00186639

0.0892578 0.00186639
0.0893066 0.00186644

0.0893066 0.00186644
0.0893555 0.00186648

0.0893555 0.00186648
0.0894043 0.0018665

0.0894043 0.0018665
0.0894531 0.0018665

0.0894531 0.0018665
0.089502 0.00186649

0.089502 0.00186649
0.0895508 0.00186646

0.0895508 0.00186646
0.0895996 0.00186641

0.0895996 0.00186641
0.0896484 0.00186635

0.0896484 0.00186635
0.0896973 0.00186627

0.0896973 0.00186627
0.0897461 0.00186617

0.0897461 0.00186617
0.0897949 0.00186606

0.0897949 0.00186606
0.0898438 0.00186593

0.0898438 0.00186593
0.0898926 0.00186579

0.0898926 0.00186579
0.0899414 0.00186563

0.0899414 0.00186563
0.0899902 0.00186546

0.0899902 0.00186546
0.0900391 0.00186527

0.0900391 0.00186527
0.0900879 0.00186506

0.0900879 0.00186506
0.0901367 0.00186485

0.0901367 0.00186485
0.0901855 0.00186461

0.0901855 0.00186461
0.0902344 0.00186437

0.0902344 0.00186437
0.0902832 0.0018641

0.0902832 0.0018641
0.090332 0.00186383

0.090332 0.00186383
0.0903809 0.00186354

0.0903809 0.00186354
0.0904297 0.00186324

0.0904297 0.00186324
0.0904785 0.00186293

0.0904785 0.00186293
0.0905273 0.00186261

0.0905273 0.00186261
0.0905762 0.00186227

0.0905762 0.00186227
0.090625 0.00186192

0.090625 0.00186192
0.0906738 0.00186156

0.0906738 0.00186156
0.0907227 0.00186119

0.0907227 0.00186119
0.0907715 0.00186081

0.0907715 0.00186081
0.0908203 0.00186042

0.0908203 0.00186042
0.0908691 0.00186002

0.0908691 0.00186002
0.090918 0.00185961

0.090918 0.00185961
0.0909668 0.0018592

0.0909668 0.0018592
0.0910156 0.00185877

0.0910156 0.00185877
0.0910645 0.00185834

0.0910645 0.00185834
0.0911133 0.0018579

0.0911133 0.0018579
0.0911621 0.00185745

0.0911621 0.00185745
0.0912109 0.001857

0.0912109 0.00185699
0.0912598 0.00185654

0.0912598 0.00185654
0.0913086 0.00185608

0.0913086 0.00185608
0.0913574 0.00185561

0.0914063 0.00185513
0.0913715 0.00185547

0.0913574 0.00185561
0.091372 0.00185547

0.0914062 0.00185512
0.0914551 0.00185464

0.0914551 0.00185464
0.0915039 0.00185415

0.0915039 0.00185415
0.0915527 0.00185367

0.0915527 0.00185367
0.0916016 0.00185317

0.0916016 0.00185317
0.0916504 0.00185268

0.0916504 0.00185268
0.0916992 0.00185218

0.0916992 0.00185218
0.091748 0.00185168

0.091748 0.00185168
0.0917969 0.00185119

0.0917969 0.00185119
0.0918457 0.00185069

0.0918457 0.00185069
0.0918945 0.00185019

0.0918945 0.00185019
0.0919434 0.00184969

0.0919434 0.00184969
0.0919922 0.00184919

0.0919922 0.00184919
0.092041 0.0018487

0.092041 0.0018487
0.0920898 0.0018482

0.0920898 0.0018482
0.0921387 0.00184771

0.0921387 0.00184771
0.0921875 0.00184722

0.0921875 0.00184722
0.0922363 0.00184673

0.0922363 0.00184673
0.0922852 0.00184625

0.0922852 0.00184625
0.092334 0.00184576

0.092334 0.00184576
0.0923828 0.00184529

0.0923828 0.00184529
0.0924316 0.00184481

0.0924316 0.00184481
0.0924805 0.00184434

0.0924805 0.00184434
0.0925293 0.00184387

0.0925293 0.00184387
0.0925781 0.00184341

0.0925781 0.00184341
0.092627 0.00184295

0.092627 0.00184295
0.0926758 0.0018425

0.0926758 0.0018425
0.0927246 0.00184205

0.0927246 0.00184205
0.0927734 0.00184161

0.0927734 0.00184161
0.0928223 0.00184117

0.0928223 0.00184117
0.0928711 0.00184074

0.0928711 0.00184074
0.0929199 0.00184031

0.0929199 0.00184031
0.0929688 0.0018399

0.0929688 0.0018399
0.0930176 0.00183949

0.0930176 0.00183949
0.0930664 0.00183908

0.0930664 0.00183908
0.0931152 0.00183869

0.0931152 0.00183869
0.0931641 0.0018383

0.0931641 0.0018383
0.0932129 0.00183792

0.0932129 0.00183792
0.0932617 0.00183755

0.0932617 0.00183755
0.0933105 0.00183718

0.0933105 0.00183718
0.0933594 0.00183683

0.0933594 0.00183683
0.0934082 0.00183648

0.0934082 0.00183648
0.093457 0.00183614

0.093457 0.00183614
0.0935059 0.00183581

0.0935059 0.00183581
0.0935547 0.0018355

0.0935547 0.0018355
0.0936035 0.00183519

0.0936035 0.00183519
0.0936523 0.00183489

0.0936523 0.00183489
0.0937012 0.0018346

0.0937012 0.0018346
0.09375 0.00183432

0.09375 0.00183432
0.0937988 0.00183405

0.0937988 0.00183405
0.0938477 0.00183379

0.0938477 0.00183379
0.0938965 0.00183354

0.0938965 0.00183354
0.0939453 0.0018333

0.0939453 0.0018333
0.0939941 0.00183307

0.0939941 0.00183307
0.094043 0.00183285

0.094043 0.00183285
0.0940918 0.00183265

0.0940918 0.00183265
0.0941406 0.00183245

0.0941406 0.00183245
0.0941895 0.00183227

0.0941895 0.00183227
0.0942383 0.0018321

0.0942383 0.0018321
0.0942871 0.00183194

0.0942871 0.00183194
0.0943359 0.00183179

0.0943359 0.00183179
0.0943848 0.00183165

0.0943848 0.00183165
0.0944336 0.00183152

0.0944336 0.00183152
0.0944824 0.00183141

0.0944824 0.00183141
0.0945313 0.00183131

0.0945312 0.00183131
0.0945801 0.00183122

0.0945801 0.00183122
0.0946289 0.00183114

0.0946289 0.00183114
0.0946777 0.00183107

0.0946777 0.00183107
0.0947266 0.00183101

0.0947266 0.00183101
0.0947754 0.00183097

0.0947754 0.00183097
0.0948242 0.00183094

0.0948242 0.00183094
0.094873 0.00183092

0.094873 0.00183092
0.0949219 0.00183091

0.0949219 0.00183091
0.0949707 0.00183091

0.0949707 0.00183091
0.0950195 0.00183093

0.0950195 0.00183093
0.0950684 0.00183095

0.0950684 0.00183095
0.0951172 0.00183099

0.0951172 0.00183099
0.095166 0.00183104

0.095166 0.00183104
0.0952148 0.0018311

0.0952148 0.0018311
0.0952637 0.00183117

0.0952637 0.00183117
0.0953125 0.00183125

0.0953125 0.00183125
0.0953613 0.00183134

0.0953613 0.00183134
0.0954102 0.00183144

0.0954102 0.00183144
0.095459 0.00183156

0.095459 0.00183156
0.0955078 0.00183168

0.0955078 0.00183168
0.0955566 0.00183182

0.0955566 0.00183182
0.0956055 0.00183196

0.0956055 0.00183196
0.0956543 0.00183211

0.0956543 0.00183211
0.0957031 0.00183228

0.0957031 0.00183228
0.095752 0.00183245

0.095752 0.00183245
0.0958008 0.00183263

0.0958008 0.00183263
0.0958496 0.00183282

0.0958496 0.00183282
0.0958984 0.00183302

0.0958984 0.00183302
0.0959473 0.00183323

0.0959473 0.00183323
0.0959961 0.00183344

0.0959961 0.00183344
0.0960449 0.00183367

0.0960449 0.00183367
0.0960938 0.0018339

0.0960938 0.0018339
0.0961426 0.00183414

0.0961426 0.00183414
0.0961914 0.00183438

0.0961914 0.00183438
0.0962402 0.00183463

0.0962402 0.00183463
0.0962891 0.00183489

0.0962891 0.00183489
0.0963379 0.00183515

0.0963379 0.00183515
0.0963867 0.00183542

0.0963867 0.00183542
0.0964355 0.00183569

0.0964355 0.00183569
0.0964844 0.00183597

0.0964844 0.00183597
0.0965332 0.00183625

0.0965332 0.00183625
0.096582 0.00183654

0.096582 0.00183654
0.0966309 0.00183683

0.0966309 0.00183683
0.0966797 0.00183712

0.0966797 0.00183712
0.0967285 0.00183742

0.0967285 0.00183742
0.0967773 0.00183771

0.0967773 0.00183771
0.0968262 0.00183801

0.0968262 0.00183801
0.096875 0.00183831

0.096875 0.00183831
0.0969238 0.00183861

0.0969238 0.00183861
0.0969727 0.00183891

0.0969727 0.00183891
0.0970215 0.00183921

0.0970215 0.00183921
0.0970703 0.00183951

0.0970703 0.00183951
0.0971191 0.00183981

0.0971191 0.00183981
0.097168 0.00184011

0.097168 0.00184011
0.0972168 0.0018404

0.0972168 0.0018404
0.0972656 0.0018407

0.0972656 0.0018407
0.0973145 0.00184099

0.0973145 0.00184099
0.0973633 0.00184127

0.0973633 0.00184127
0.0974121 0.00184155

0.0974121 0.00184155
0.0974609 0.00184183

0.0974609 0.00184183
0.0975098 0.00184211

0.0975098 0.00184211
0.0975586 0.00184237

0.0975586 0.00184237
0.0976074 0.00184263

0.0976074 0.00184263
0.0976563 0.00184289

0.0976562 0.00184289
0.0977051 0.00184314

0.0977051 0.00184314
0.0977539 0.00184338

0.0977539 0.00184338
0.0978027 0.00184362

0.0978027 0.00184362
0.0978516 0.00184384

0.0978516 0.00184384
0.0979004 0.00184406

0.0979004 0.00184406
0.0979492 0.00184427

0.0979492 0.00184427
0.097998 0.00184447

0.097998 0.00184447
0.0980469 0.00184466

0.0980469 0.00184466
0.0980957 0.00184485

0.0980957 0.00184485
0.0981445 0.00184502

0.0981445 0.00184502
0.0981934 0.00184518

0.0981934 0.00184518
0.0982422 0.00184533

0.0982422 0.00184533
0.098291 0.00184548

0.098291 0.00184548
0.0983398 0.00184561

0.0983398 0.00184561
0.0983887 0.00184573

0.0983887 0.00184573
0.0984375 0.00184583

0.0984375 0.00184583
0.0984863 0.00184593

0.0984863 0.00184593
0.0985352 0.00184602

0.0985352 0.00184602
0.098584 0.00184609

0.098584 0.00184609
0.0986328 0.00184615

0.0986328 0.00184615
0.0986816 0.0018462

0.0986816 0.0018462
0.0987305 0.00184624

0.0987305 0.00184624
0.0987793 0.00184626

0.0987793 0.00184626
0.0988281 0.00184628

0.0988281 0.00184628
0.098877 0.00184628

0.098877 0.00184628
0.0989258 0.00184627

0.0989258 0.00184627
0.0989746 0.00184625

0.0989746 0.00184625
0.0990234 0.00184621

0.0990234 0.00184621
0.0990723 0.00184617

0.0990723 0.00184617
0.0991211 0.00184611

0.0991211 0.00184611
0.0991699 0.00184604

0.0991699 0.00184604
0.0992188 0.00184596

0.0992187 0.00184596
0.0992676 0.00184587

0.0992676 0.00184587
0.0993164 0.00184576

0.0993164 0.00184576
0.0993652 0.00184565

0.0993652 0.00184565
0.0994141 0.00184552

0.0994141 0.00184552
0.0994629 0.00184539

0.0994629 0.00184539
0.0995117 0.00184524

0.0995117 0.00184524
0.0995605 0.00184509

0.0995605 0.00184509
0.0996094 0.00184492

0.0996094 0.00184492
0.0996582 0.00184475

0.0996582 0.00184475
0.099707 0.00184456

0.099707 0.00184456
0.0997559 0.00184437

0.0997559 0.00184437
0.0998047 0.00184417

0.0998047 0.00184417
0.0998535 0.00184396

0.0998535 0.00184396
0.0999023 0.00184374

0.0999023 0.00184374
0.0999512 0.00184352

0.0999512 0.00184352
0.1 0.00184329

0.1 0.00184329
0.100049 0.00184305

0.100049 0.00184305
0.100098 0.00184281

0.100098 0.00184281
0.100146 0.00184256

0.100146 0.00184256
0.100195 0.0018423

0.100195 0.0018423
0.100244 0.00184204

0.100244 0.00184204
0.100293 0.00184178

0.100293 0.00184178
0.100342 0.00184151

0.100342 0.00184151
0.100391 0.00184124

0.100391 0.00184124
0.100439 0.00184097

0.100439 0.00184096
0.100488 0.00184069

0.100488 0.00184069
0.100537 0.00184041

0.100537 0.00184041
0.100586 0.00184013

0.100586 0.00184013
0.100635 0.00183984

0.100635 0.00183984
0.100684 0.00183956

0.100684 0.00183956
0.100732 0.00183928

0.100732 0.00183928
0.100781 0.00183899

0.100781 0.00183899
0.10083 0.00183871

0.10083 0.00183871
0.100879 0.00183843

0.100879 0.00183843
0.100928 0.00183815

0.100928 0.00183815
0.100977 0.00183787

0.100977 0.00183787
0.101025 0.0018376

0.101025 0.0018376
0.101074 0.00183733

0.101074 0.00183733
0.101123 0.00183706

0.101123 0.00183706
0.101172 0.00183679

0.101172 0.00183679
0.101221 0.00183653

0.101221 0.00183653
0.10127 0.00183628

0.10127 0.00183628
0.101318 0.00183603

0.101318 0.00183603
0.101367 0.00183578

0.101367 0.00183578
0.101416 0.00183554

0.101416 0.00183554
0.101465 0.00183531

0.101465 0.00183531
0.101514 0.00183508

0.101514 0.00183508
0.101563 0.00183487

0.101562 0.00183487
0.101611 0.00183466

0.101611 0.00183466
0.10166 0.00183446

0.10166 0.00183446
0.101709 0.00183426

0.101709 0.00183426
0.101758 0.00183408

0.101758 0.00183408
0.101807 0.0018339

0.101807 0.0018339
0.101855 0.00183374

0.101855 0.00183374
0.101904 0.00183358

0.101904 0.00183358
0.101953 0.00183344

0.101953 0.00183344
0.102002 0.0018333

0.102002 0.0018333
0.102051 0.00183318

0.102051 0.00183318
0.1021 0.00183307

0.1021 0.00183307
0.102148 0.00183297

0.102148 0.00183297
0.102197 0.00183288

0.102197 0.00183288
0.102246 0.0018328

0.102246 0.0018328
0.102295 0.00183274

0.102295 0.00183274
0.102344 0.00183269

0.102344 0.00183269
0.102393 0.00183265

0.102393 0.00183265
0.102441 0.00183263

0.102441 0.00183263
0.10249 0.00183262

0.10249 0.00183261
0.102539 0.00183262

0.102539 0.00183262
0.102588 0.00183263

0.102588 0.00183263
0.102637 0.00183266

0.102637 0.00183266
0.102686 0.0018327

0.102686 0.0018327
0.102734 0.00183276

0.102734 0.00183276
0.102783 0.00183283

0.102783 0.00183283
0.102832 0.00183292

0.102832 0.00183292
0.102881 0.00183301

0.102881 0.00183301
0.10293 0.00183313

0.10293 0.00183313
0.102979 0.00183325

0.102979 0.00183325
0.103027 0.00183339

0.103027 0.00183339
0.103076 0.00183355

0.103076 0.00183355
0.103125 0.00183372

0.103125 0.00183372
0.103174 0.0018339

0.103174 0.0018339
0.103223 0.00183409

0.103223 0.00183409
0.103271 0.0018343

0.103271 0.0018343
0.10332 0.00183453

0.10332 0.00183453
0.103369 0.00183476

0.103369 0.00183476
0.103418 0.00183501

0.103418 0.00183501
0.103467 0.00183527

0.103467 0.00183527
0.103516 0.00183555

0.103516 0.00183555
0.103564 0.00183584

0.103564 0.00183584
0.103613 0.00183613

0.103613 0.00183613
0.103662 0.00183645

0.103662 0.00183645
0.103711 0.00183677

0.103711 0.00183677
0.10376 0.0018371

0.10376 0.0018371
0.103809 0.00183745

0.103809 0.00183745
0.103857 0.0018378

0.103857 0.0018378
0.103906 0.00183817

0.103906 0.00183817
0.103955 0.00183855

0.103955 0.00183855
0.104004 0.00183893

0.104004 0.00183893
0.104053 0.00183933

0.104053 0.00183933
0.104102 0.00183973

0.104102 0.00183973
0.10415 0.00184014

0.10415 0.00184014
0.104199 0.00184056

0.104199 0.00184056
0.104248 0.00184099

0.104248 0.00184099
0.104297 0.00184142

0.104297 0.00184142
0.104346 0.00184186

0.104346 0.00184186
0.104395 0.00184231

0.104395 0.00184231
0.104443 0.00184276

0.104443 0.00184276
0.104492 0.00184322

0.104492 0.00184322
0.104541 0.00184368

0.104541 0.00184368
0.10459 0.00184415

0.10459 0.00184415
0.104639 0.00184461

0.104639 0.00184461
0.104688 0.00184508

0.104688 0.00184508
0.104736 0.00184556

0.104736 0.00184556
0.104785 0.00184603

0.104785 0.00184603
0.104834 0.0018465

0.104834 0.0018465
0.104883 0.00184698

0.104883 0.00184698
0.104932 0.00184745

0.104932 0.00184745
0.10498 0.00184793

0.10498 0.00184793
0.105029 0.0018484

0.105029 0.0018484
0.105078 0.00184887

0.105078 0.00184887
0.105127 0.00184934

0.105127 0.00184934
0.105176 0.0018498

0.105176 0.0018498
0.105225 0.00185026

0.105225 0.00185026
0.105273 0.00185071

0.105273 0.00185071
0.105322 0.00185116

0.105322 0.00185116
0.105371 0.0018516

0.105371 0.0018516
0.10542 0.00185204

0.10542 0.00185204
0.105469 0.00185247

0.105469 0.00185247
0.105518 0.00185289

0.105518 0.00185289
0.105566 0.0018533

0.105566 0.0018533
0.105615 0.0018537

0.105615 0.0018537
0.105664 0.0018541

0.105664 0.0018541
0.105713 0.00185448

0.105713 0.00185448
0.105762 0.00185485

0.105762 0.00185485
0.105811 0.0018552

0.105811 0.0018552
0.105849 0.00185547

0.10585 0.00185547
0.105859 0.00185553

0.105859 0.00185554
0.105908 0.00185587

0.105908 0.00185588
0.105957 0.0018562

0.105957 0.0018562
0.106006 0.00185651

0.106006 0.00185651
0.106055 0.00185681

0.106055 0.00185681
0.106104 0.00185709

0.106104 0.00185709
0.106152 0.00185736

0.106194 0
0.106201 1.86617e-05

0.106152 0.00185736
0.106201 0.00185761

0.106201 1.95743e-05
0.106215 4.88281e-05

0.106218 4.88281e-05
0.10625 7.77434e-05

0.106201 0.00185761
0.10625 0.00185785

0.10625 7.69656e-05
0.106298 9.76563e-05

0.10625 0.00185785
0.106299 0.00185807

0.106299 9.44972e-05
0.10634 9.76563e-05

0.106299 0.00185807
0.106348 0.00185827

0.106396 9.12373e-05
0.106355 9.76563e-05

0.106348 0.00185827
0.106396 0.00185846

0.106396 9.53894e-05
0.106445 6.70228e-05

0.106396 0.00185846
0.106445 0.00185864

0.106492 0
0.106468 4.88281e-05

0.106445 6.73153e-05
0.106465 4.88281e-05

0.106445 0.00185864
0.106494 0.00185879

0.106494 0.00185879
0.106543 0.00185894

0.106543 0.00185894
0.106592 0.00185906

0.106592 0.00185906
0.106641 0.00185917

0.106641 0.00185917
0.106689 0.00185926

0.106689 0.00185926
0.106738 0.00185934

0.106738 0.00185934
0.106787 0.0018594

0.106787 0.0018594
0.106836 0.00185944

0.106836 0.00185944
0.106885 0.00185947

0.106885 0.00185947
0.106934 0.00185949

0.106934 0.00185949
0.106982 0.00185948

0.106982 0.00185948
0.107031 0.00185947

0.107031 0.00185947
0.10708 0.00185943

0.10708 0.00185943
0.107129 0.00185939

0.107129 0.00185939
0.107178 0.00185932

0.107178 0.00185932
0.107227 0.00185925

0.107227 0.00185925
0.107275 0.00185916

0.107275 0.00185916
0.107324 0.00185905

0.107324 0.00185905
0.107373 0.00185893

0.107373 0.00185893
0.107422 0.0018588

0.107422 0.0018588
0.107471 0.00185866

0.107471 0.00185866
0.10752 0.0018585

0.10752 0.0018585
0.107568 0.00185834

0.107568 0.00185834
0.107617 0.00185816

0.107617 0.00185816
0.107666 0.00185797

0.107666 0.00185797
0.107715 0.00185777

0.107715 0.00185777
0.107764 0.00185756

0.107764 0.00185756
0.107813 0.00185734

0.107813 0.00185734
0.107861 0.00185712

0.107861 0.00185712
0.10791 0.00185688

0.10791 0.00185688
0.107959 0.00185664

0.107959 0.00185664
0.108008 0.00185639

0.108008 0.00185639
0.108057 0.00185613

0.108057 0.00185613
0.108105 0.00185587

0.108105 0.00185587
0.108154 0.00185561

0.108203 0.00185533
0.108179 0.00185547

0.108154 0.00185561
0.108179 0.00185547

0.108203 0.00185533
0.108252 0.00185504

0.108252 0.00185504
0.108301 0.00185476

0.108301 0.00185476
0.10835 0.00185447

0.10835 0.00185447
0.108398 0.00185417

0.108398 0.00185417
0.108447 0.00185388

0.108447 0.00185388
0.108496 0.00185358

0.108496 0.00185358
0.108545 0.00185328

0.108545 0.00185328
0.108594 0.00185298

0.108594 0.00185298
0.108643 0.00185268

0.108643 0.00185268
0.108691 0.00185238

0.108691 0.00185238
0.10874 0.00185208

0.10874 0.00185208
0.108789 0.00185178

0.108789 0.00185178
0.108838 0.00185148

0.108838 0.00185148
0.108887 0.00185118

0.108887 0.00185118
0.108936 0.00185088

0.108936 0.00185088
0.108984 0.00185059

0.108984 0.00185059
0.109033 0.0018503

0.109033 0.0018503
0.109082 0.00185001

0.109082 0.00185001
0.109131 0.00184972

0.109131 0.00184972
0.10918 0.00184944

0.10918 0.00184944
0.109229 0.00184916

0.109229 0.00184916
0.109277 0.00184888

0.109277 0.00184888
0.109326 0.00184861

0.109326 0.00184861
0.109375 0.00184834

0.109375 0.00184834
0.109424 0.00184807

0.109424 0.00184807
0.109473 0.00184781

0.109473 0.00184781
0.109521 0.00184755

0.109521 0.00184755
0.10957 0.00184729

0.10957 0.00184729
0.109619 0.00184704

0.109619 0.00184704
0.109668 0.00184679

0.109668 0.00184679
0.109717 0.00184655

0.109717 0.00184655
0.109766 0.00184631

0.109766 0.00184631
0.109814 0.00184608

0.109814 0.00184608
0.109863 0.00184585

0.109863 0.00184585
0.109912 0.00184562

0.109912 0.00184562
0.109961 0.0018454

0.109961 0.0018454
0.11001 0.00184518

0.11001 0.00184518
0.110059 0.00184497

0.110059 0.00184497
0.110107 0.00184476

0.110107 0.00184476
0.110156 0.00184456

0.110156 0.00184456
0.110205 0.00184436

0.110205 0.00184436
0.110254 0.00184416

0.110254 0.00184416
0.110303 0.00184397

0.110303 0.00184397
0.110352 0.00184379

0.110352 0.00184379
0.1104 0.0018436

0.1104 0.0018436
0.110449 0.00184343

0.110449 0.00184343
0.110498 0.00184325

0.110498 0.00184325
0.110547 0.00184308

0.110547 0.00184308
0.110596 0.00184292

0.110596 0.00184292
0.110645 0.00184276

0.110645 0.00184276
0.110693 0.0018426

0.110693 0.0018426
0.110742 0.00184245

0.110742 0.00184245
0.110791 0.0018423

0.110791 0.0018423
0.11084 0.00184215

0.11084 0.00184215
0.110889 0.00184201

0.110889 0.00184201
0.110938 0.00184187

0.110937 0.00184187
0.110986 0.00184174

0.110986 0.00184174
0.111035 0.00184161

0.111035 0.00184161
0.111084 0.00184148

0.111084 0.00184148
0.111133 0.00184135

0.111133 0.00184135
0.111182 0.00184123

0.111182 0.00184123
0.11123 0.00184112

0.11123 0.00184112
0.111279 0.001841

0.111279 0.001841
0.111328 0.00184089

0.111328 0.00184089
0.111377 0.00184078

0.111377 0.00184078
0.111426 0.00184068

0.111426 0.00184068
0.111475 0.00184057

0.111475 0.00184057
0.111523 0.00184048

0.111523 0.00184048
0.111572 0.00184038

0.111572 0.00184038
0.111621 0.00184029

0.111621 0.00184029
0.11167 0.0018402

0.11167 0.0018402
0.111719 0.00184011

0.111719 0.00184011
0.111768 0.00184002

0.111768 0.00184002
0.111816 0.00183994

0.111816 0.00183994
0.111865 0.00183986

0.111865 0.00183986
0.111914 0.00183978

0.111914 0.00183978
0.111963 0.00183971

0.111963 0.00183971
0.112012 0.00183964

0.112012 0.00183964
0.112061 0.00183957

0.112061 0.00183957
0.112109 0.0018395

0.112109 0.0018395
0.112158 0.00183943

0.112158 0.00183943
0.112207 0.00183937

0.112207 0.00183937
0.112256 0.00183931

0.112256 0.00183931
0.112305 0.00183926

0.112305 0.00183926
0.112354 0.0018392

0.112354 0.0018392
0.112402 0.00183915

0.112402 0.00183915
0.112451 0.0018391

0.112451 0.0018391
0.1125 0.00183906

0.1125 0.00183906
0.112549 0.00183901

0.112549 0.00183901
0.112598 0.00183897

0.112598 0.00183897
0.112646 0.00183893

0.112646 0.00183893
0.112695 0.0018389

0.112695 0.0018389
0.112744 0.00183887

0.112744 0.00183887
0.112793 0.00183884

0.112793 0.00183884
0.112842 0.00183881

0.112842 0.00183881
0.112891 0.00183879

0.112891 0.00183879
0.112939 0.00183877

0.112939 0.00183877
0.112988 0.00183876

0.112988 0.00183876
0.113037 0.00183874

0.113037 0.00183874
0.113086 0.00183874

0.113086 0.00183874
0.113135 0.00183873

0.113135 0.00183873
0.113184 0.00183874

0.113184 0.00183874
0.113232 0.00183874

0.113232 0.00183874
0.113281 0.00183875

0.113281 0.00183875
0.11333 0.00183877

0.11333 0.00183877
0.113379 0.00183879

0.113379 0.00183879
0.113428 0.00183882

0.113428 0.00183882
0.113477 0.00183885

0.113477 0.00183885
0.113525 0.00183889

0.113525 0.00183889
0.113574 0.00183893

0.113574 0.00183893
0.113623 0.00183898

0.113623 0.00183898
0.113672 0.00183904

0.113672 0.00183904
0.113721 0.0018391

0.113721 0.0018391
0.11377 0.00183917

0.11377 0.00183917
0.113818 0.00183925

0.113818 0.00183925
0.113867 0.00183933

0.113867 0.00183933
0.113916 0.00183942

0.113916 0.00183942
0.113965 0.00183952

0.113965 0.00183952
0.114014 0.00183962

0.114014 0.00183962
0.114063 0.00183974

0.114062 0.00183974
0.114111 0.00183986

0.114111 0.00183986
0.11416 0.00183998

0.11416 0.00183998
0.114209 0.00184012

0.114209 0.00184012
0.114258 0.00184026

0.114258 0.00184026
0.114307 0.00184042

0.114307 0.00184042
0.114355 0.00184057

0.114355 0.00184057
0.114404 0.00184074

0.114404 0.00184074
0.114453 0.00184092

0.114453 0.00184092
0.114502 0.0018411

0.114502 0.0018411
0.114551 0.00184129

0.114551 0.00184129
0.1146 0.00184149

0.1146 0.00184149
0.114648 0.00184169

0.114648 0.00184169
0.114697 0.00184191

0.114697 0.00184191
0.114746 0.00184213

0.114746 0.00184213
0.114795 0.00184236

0.114795 0.00184236
0.114844 0.00184259

0.114844 0.00184259
0.114893 0.00184284

0.114893 0.00184284
0.114941 0.00184308

0.114941 0.00184308
0.11499 0.00184334

0.11499 0.00184334
0.115039 0.0018436

0.115039 0.0018436
0.115088 0.00184387

0.115088 0.00184387
0.115137 0.00184414

0.115137 0.00184414
0.115186 0.00184442

0.115186 0.00184442
0.115234 0.00184471

0.115234 0.00184471
0.115283 0.001845

0.115283 0.001845
0.115332 0.00184529

0.115332 0.00184529
0.115381 0.00184559

0.115381 0.00184559
0.11543 0.00184589

0.11543 0.00184589
0.115479 0.00184619

0.115479 0.00184619
0.115527 0.0018465

0.115527 0.0018465
0.115576 0.00184681

0.115576 0.00184681
0.115625 0.00184712

0.115625 0.00184712
0.115674 0.00184743

0.115674 0.00184743
0.115723 0.00184775

0.115723 0.00184775
0.115771 0.00184806

0.115771 0.00184806
0.11582 0.00184838

0.11582 0.00184838
0.115869 0.00184869

0.115869 0.00184869
0.115918 0.001849

0.115918 0.001849
0.115967 0.00184931

0.115967 0.00184931
0.116016 0.00184962

0.116016 0.00184962
0.116064 0.00184993

0.116064 0.00184993
0.116113 0.00185023

0.116113 0.00185023
0.116162 0.00185053

0.116162 0.00185053
0.116211 0.00185082

0.116211 0.00185082
0.11626 0.00185111

0.11626 0.00185111
0.116309 0.0018514

0.116309 0.0018514
0.116357 0.00185168

0.116357 0.00185168
0.116406 0.00185195

0.116406 0.00185195
0.116455 0.00185221

0.116455 0.00185221
0.116504 0.00185247

0.116504 0.00185247
0.116553 0.00185272

0.116553 0.00185272
0.116602 0.00185296

0.116602 0.00185296
0.11665 0.00185319

0.11665 0.00185319
0.116699 0.00185341

0.116699 0.00185341
0.116748 0.00185362

0.116748 0.00185362
0.116797 0.00185382

0.116797 0.00185382
0.116846 0.00185401

0.116846 0.00185401
0.116895 0.00185419

0.116895 0.00185419
0.116943 0.00185435

0.116943 0.00185435
0.116992 0.00185451

0.116992 0.00185451
0.117041 0.00185465

0.117041 0.00185465
0.11709 0.00185478

0.11709 0.00185478
0.117139 0.00185489

0.117139 0.00185489
0.117188 0.00185499

0.117188 0.00185499
0.117236 0.00185508

0.117236 0.00185508
0.117285 0.00185515

0.117285 0.00185515
0.117334 0.00185521

0.117334 0.00185521
0.117383 0.00185526

0.117383 0.00185526
0.117432 0.00185529

0.117432 0.00185529
0.11748 0.00185531

0.11748 0.00185531
0.117529 0.00185531

0.117529 0.00185531
0.117578 0.0018553

0.117578 0.0018553
0.117627 0.00185528

0.117627 0.00185528
0.117676 0.00185524

0.117676 0.00185524
0.117725 0.00185518

0.117725 0.00185518
0.117773 0.00185511

0.117773 0.00185511
0.117822 0.00185503

0.117822 0.00185503
0.117871 0.00185493

0.117871 0.00185493
0.11792 0.00185482

0.11792 0.00185482
0.117969 0.0018547

0.117969 0.0018547
0.118018 0.00185456

0.118018 0.00185456
0.118066 0.00185441

0.118066 0.00185441
0.118115 0.00185425

0.118115 0.00185425
0.118164 0.00185408

0.118164 0.00185408
0.118213 0.00185389

0.118213 0.00185389
0.118262 0.0018537

0.118262 0.0018537
0.118311 0.00185349

0.118311 0.00185349
0.118359 0.00185327

0.118359 0.00185327
0.118408 0.00185305

0.118408 0.00185305
0.118457 0.00185281

0.118457 0.00185281
0.118506 0.00185257

0.118506 0.00185257
0.118555 0.00185231

0.118555 0.00185231
0.118604 0.00185205

0.118604 0.00185205
0.118652 0.00185178

0.118652 0.00185178
0.118701 0.0018515

0.118701 0.0018515
0.11875 0.00185122

0.11875 0.00185122
0.118799 0.00185093

0.118799 0.00185093
0.118848 0.00185063

0.118848 0.00185063
0.118896 0.00185033

0.118896 0.00185033
0.118945 0.00185002

0.118945 0.00185002
0.118994 0.00184971

0.118994 0.00184971
0.119043 0.00184939

0.119043 0.00184939
0.119092 0.00184907

0.119092 0.00184907
0.119141 0.00184875

0.119141 0.00184875
0.119189 0.00184842

0.119189 0.00184842
0.119238 0.0018481

0.119238 0.0018481
0.119287 0.00184777

0.119287 0.00184777
0.119336 0.00184744

0.119336 0.00184744
0.119385 0.00184711

0.119385 0.00184711
0.119434 0.00184678

0.119434 0.00184678
0.119482 0.00184645

0.119482 0.00184645
0.119531 0.00184612

0.119531 0.00184612
0.11958 0.0018458

0.11958 0.0018458
0.119629 0.00184547

0.119629 0.00184547
0.119678 0.00184515

0.119678 0.00184515
0.119727 0.00184483

0.119727 0.00184483
0.119775 0.00184451

0.119775 0.00184451
0.119824 0.0018442

0.119824 0.0018442
0.119873 0.00184389

0.119873 0.00184389
0.119922 0.00184359

0.119922 0.00184359
0.119971 0.00184329

0.119971 0.00184329
0.12002 0.00184299

0.12002 0.00184299
0.120068 0.0018427

0.120068 0.0018427
0.120117 0.00184242

0.120117 0.00184242
0.120166 0.00184214

0.120166 0.00184214
0.120215 0.00184187

0.120215 0.00184187
0.120264 0.00184161

0.120264 0.00184161
0.120313 0.00184135

0.120313 0.00184135
0.120361 0.0018411

0.120361 0.0018411
0.12041 0.00184085

0.12041 0.00184085
0.120459 0.00184062

0.120459 0.00184062
0.120508 0.00184039

0.120508 0.00184039
0.120557 0.00184017

0.120557 0.00184017
0.120605 0.00183996

0.120605 0.00183996
0.120654 0.00183975

0.120654 0.00183975
0.120703 0.00183955

0.120703 0.00183955
0.120752 0.00183936

0.120752 0.00183936
0.120801 0.00183918

0.120801 0.00183918
0.12085 0.00183901

0.12085 0.00183901
0.120898 0.00183885

0.120898 0.00183885
0.120947 0.00183869

0.120947 0.00183869
0.120996 0.00183855

0.120996 0.00183855
0.121045 0.00183841

0.121045 0.00183841
0.121094 0.00183828

0.121094 0.00183828
0.121143 0.00183816

0.121143 0.00183816
0.121191 0.00183805

0.121191 0.00183805
0.12124 0.00183795

0.12124 0.00183795
0.121289 0.00183785

0.121289 0.00183785
0.121338 0.00183777

0.121338 0.00183777
0.121387 0.00183769

0.121387 0.00183769
0.121436 0.00183762

0.121436 0.00183762
0.121484 0.00183756

0.121484 0.00183756
0.121533 0.0018375

0.121533 0.0018375
0.121582 0.00183746

0.121582 0.00183746
0.121631 0.00183742

0.121631 0.00183742
0.12168 0.00183739

0.12168 0.00183739
0.121729 0.00183737

0.121729 0.00183737
0.121777 0.00183736

0.121777 0.00183736
0.121826 0.00183735

0.121826 0.00183735
0.121875 0.00183735

0.121875 0.00183735
0.121924 0.00183736

0.121924 0.00183736
0.121973 0.00183738

0.121973 0.00183738
0.122021 0.0018374

0.122021 0.0018374
0.12207 0.00183743

0.12207 0.00183743
0.122119 0.00183746

0.122119 0.00183746
0.122168 0.0018375

0.122168 0.0018375
0.122217 0.00183755

0.122217 0.00183755
0.122266 0.00183761

0.122266 0.00183761
0.122314 0.00183767

0.122314 0.00183767
0.122363 0.00183774

0.122363 0.00183774
0.122412 0.00183781

0.122412 0.00183781
0.122461 0.00183789

0.122461 0.00183789
0.12251 0.00183797

0.12251 0.00183797
0.122559 0.00183806

0.122559 0.00183806
0.122607 0.00183815

0.122607 0.00183815
0.122656 0.00183825

0.122656 0.00183825
0.122705 0.00183835

0.122705 0.00183835
0.122754 0.00183846

0.122754 0.00183846
0.122803 0.00183857

0.122803 0.00183857
0.122852 0.00183869

0.122852 0.00183869
0.1229 0.00183881

0.1229 0.00183881
0.122949 0.00183893

0.122949 0.00183893
0.122998 0.00183906

0.122998 0.00183906
0.123047 0.00183919

0.123047 0.00183919
0.123096 0.00183932

0.123096 0.00183932
0.123145 0.00183946

0.123145 0.00183946
0.123193 0.00183959

0.123193 0.00183959
0.123242 0.00183974

0.123242 0.00183974
0.123291 0.00183988

0.123291 0.00183988
0.12334 0.00184002

0.12334 0.00184002
0.123389 0.00184017

0.123389 0.00184017
0.123438 0.00184032

0.123438 0.00184032
0.123486 0.00184046

0.123486 0.00184046
0.123535 0.00184061

0.123535 0.00184061
0.123584 0.00184076

0.123584 0.00184076
0.123633 0.00184091

0.123633 0.00184091
0.123682 0.00184106

0.123682 0.00184106
0.12373 0.00184121

0.12373 0.00184121
0.123779 0.00184136

0.123779 0.00184136
0.123828 0.00184151

0.123828 0.00184151
0.123877 0.00184166

0.123877 0.00184166
0.123926 0.00184181

0.123926 0.00184181
0.123975 0.00184195

0.123975 0.00184195
0.124023 0.00184209

0.124023 0.00184209
0.124072 0.00184224

0.124072 0.00184224
0.124121 0.00184238

0.124121 0.00184238
0.12417 0.00184251

0.12417 0.00184251
0.124219 0.00184265

0.124219 0.00184265
0.124268 0.00184278

0.124268 0.00184278
0.124316 0.0018429

0.124316 0.0018429
0.124365 0.00184303

0.124365 0.00184303
0.124414 0.00184315

0.124414 0.00184315
0.124463 0.00184327

0.124463 0.00184327
0.124512 0.00184338

0.124512 0.00184338
0.124561 0.00184349

0.124561 0.00184349
0.124609 0.00184359

0.124609 0.00184359
0.124658 0.00184369

0.124658 0.00184369
0.124707 0.00184378

0.124707 0.00184378
0.124756 0.00184387

0.124756 0.00184387
0.124805 0.00184396

0.124805 0.00184396
0.124854 0.00184404

0.124854 0.00184404
0.124902 0.00184411

0.124902 0.00184411
0.124951 0.00184418

0.124951 0.00184418
0.125 0.00184424

0.125 0.00184424
0.125049 0.00184429

0.125049 0.00184429
0.125098 0.00184434

0.125098 0.00184434
0.125146 0.00184439

0.125146 0.00184439
0.125195 0.00184442

0.125195 0.00184442
0.125244 0.00184445

0.125244 0.00184445
0.125293 0.00184448

0.125293 0.00184448
0.125342 0.0018445

0.125342 0.0018445
0.125391 0.00184451

0.125391 0.00184451
0.125439 0.00184452

0.125439 0.00184452
0.125488 0.00184452

0.125488 0.00184452
0.125537 0.00184452

0.125537 0.00184452
0.125586 0.0018445

0.125586 0.0018445
0.125635 0.00184449

0.125635 0.00184449
0.125684 0.00184446

0.125684 0.00184446
0.125732 0.00184444

0.125732 0.00184444
0.125781 0.0018444

0.125781 0.0018444
0.12583 0.00184436

0.12583 0.00184436
0.125879 0.00184432

0.125879 0.00184432
0.125928 0.00184427

0.125928 0.00184427
0.125977 0.00184421

0.125977 0.00184421
0.126025 0.00184416

0.126025 0.00184416
0.126074 0.00184409

0.126074 0.00184409
0.126123 0.00184402

0.126123 0.00184402
0.126172 0.00184395

0.126172 0.00184395
0.126221 0.00184388

0.126221 0.00184388
0.12627 0.0018438

0.12627 0.0018438
0.126318 0.00184371

0.126318 0.00184371
0.126367 0.00184363

0.126367 0.00184363
0.126416 0.00184354

0.126416 0.00184354
0.126465 0.00184345

0.126465 0.00184345
0.126514 0.00184335

0.126514 0.00184335
0.126563 0.00184326

0.126562 0.00184326
0.126611 0.00184316

0.126611 0.00184316
0.12666 0.00184306

0.12666 0.00184306
0.126709 0.00184296

0.126709 0.00184296
0.126758 0.00184286

0.126758 0.00184286
0.126807 0.00184275

0.126807 0.00184275
0.126855 0.00184265

0.126855 0.00184265
0.126904 0.00184254

0.126904 0.00184254
0.126953 0.00184244

0.126953 0.00184244
0.127002 0.00184234

0.127002 0.00184233
0.127051 0.00184223

0.127051 0.00184223
0.1271 0.00184213

0.1271 0.00184213
0.127148 0.00184202

0.127148 0.00184202
0.127197 0.00184192

0.127197 0.00184192
0.127246 0.00184182

0.127246 0.00184182
0.127295 0.00184172

0.127295 0.00184172
0.127344 0.00184162

0.127344 0.00184162
0.127393 0.00184153

0.127393 0.00184153
0.127441 0.00184143

0.127441 0.00184143
0.12749 0.00184134

0.12749 0.00184134
0.127539 0.00184125

0.127539 0.00184125
0.127588 0.00184116

0.127588 0.00184116
0.127637 0.00184108

0.127637 0.00184108
0.127686 0.00184099

0.127686 0.00184099
0.127734 0.00184091

0.127734 0.00184091
0.127783 0.00184084

0.127783 0.00184084
0.127832 0.00184076

0.127832 0.00184076
0.127881 0.00184069

0.127881 0.00184069
0.12793 0.00184062

0.12793 0.00184062
0.127979 0.00184056

0.127979 0.00184056
0.128027 0.00184049

0.128027 0.00184049
0.128076 0.00184043

0.128076 0.00184043
0.128125 0.00184038

0.128125 0.00184038
0.128174 0.00184032

0.128174 0.00184032
0.128223 0.00184027

0.128223 0.00184027
0.128271 0.00184023

0.128271 0.00184023
0.12832 0.00184018

0.12832 0.00184018
0.128369 0.00184014

0.128369 0.00184014
0.128418 0.0018401

0.128418 0.0018401
0.128467 0.00184006

0.128467 0.00184006
0.128516 0.00184003

0.128516 0.00184003
0.128564 0.00184

0.128564 0.00184
0.128613 0.00183997

0.128613 0.00183997
0.128662 0.00183994

0.128662 0.00183994
0.128711 0.00183992

0.128711 0.00183992
0.12876 0.0018399

0.12876 0.0018399
0.128809 0.00183988

0.128809 0.00183988
0.128857 0.00183986

0.128857 0.00183986
0.128906 0.00183984

0.128906 0.00183984
0.128955 0.00183982

0.128955 0.00183982
0.129004 0.00183981

0.129004 0.00183981
0.129053 0.00183979

0.129053 0.00183979
0.129102 0.00183978

0.129102 0.00183978
0.12915 0.00183977

0.12915 0.00183977
0.129199 0.00183975

0.129199 0.00183975
0.129248 0.00183974

0.129248 0.00183974
0.129297 0.00183973

0.129297 0.00183973
0.129346 0.00183972

0.129346 0.00183972
0.129395 0.0018397

0.129395 0.0018397
0.129443 0.00183969

0.129443 0.00183969
0.129492 0.00183968

0.129492 0.00183968
0.129541 0.00183966

0.129541 0.00183966
0.12959 0.00183964

0.12959 0.00183964
0.129639 0.00183963

0.129639 0.00183963
0.129688 0.00183961

0.129688 0.00183961
0.129736 0.00183959

0.129736 0.00183959
0.129785 0.00183957

0.129785 0.00183957
0.129834 0.00183954

0.129834 0.00183954
0.129883 0.00183952

0.129883 0.00183952
0.129932 0.00183949

0.129932 0.00183949
0.12998 0.00183946

0.12998 0.00183946
0.130029 0.00183942

0.130029 0.00183942
0.130078 0.00183939

0.130078 0.00183939
0.130127 0.00183935

0.130127 0.00183935
0.130176 0.00183931

0.130176 0.00183931
0.130225 0.00183927

0.130225 0.00183927
0.130273 0.00183922

0.130273 0.00183922
0.130322 0.00183917

0.130322 0.00183917
0.130371 0.00183912

0.130371 0.00183912
0.13042 0.00183906

0.13042 0.00183906
0.130469 0.001839

0.130469 0.001839
0.130518 0.00183894

0.130518 0.00183894
0.130566 0.00183888

0.130566 0.00183888
0.130615 0.00183881

0.130615 0.00183881
0.130664 0.00183874

0.130664 0.00183874
0.130713 0.00183866

0.130713 0.00183866
0.130762 0.00183859

0.130762 0.00183859
0.130811 0.00183851

0.130811 0.00183851
0.130859 0.00183843

0.130859 0.00183843
0.130908 0.00183834

0.130908 0.00183834
0.130957 0.00183825

0.130957 0.00183825
0.131006 0.00183816

0.131006 0.00183816
0.131055 0.00183807

0.131055 0.00183807
0.131104 0.00183798

0.131104 0.00183798
0.131152 0.00183788

0.131152 0.00183788
0.131201 0.00183779

0.131201 0.00183779
0.13125 0.00183769

0.13125 0.00183769
0.131299 0.00183759

0.131299 0.00183759
0.131348 0.00183748

0.131348 0.00183748
0.131396 0.00183738

0.131396 0.00183738
0.131445 0.00183728

0.131445 0.00183728
0.131494 0.00183717

0.131494 0.00183717
0.131543 0.00183707

0.131543 0.00183707
0.131592 0.00183697

0.131592 0.00183697
0.131641 0.00183686

0.131641 0.00183686
0.131689 0.00183676

0.131689 0.00183676
0.131738 0.00183666

0.131738 0.00183666
0.131787 0.00183656

0.131787 0.00183656
0.131836 0.00183646

0.131836 0.00183646
0.131885 0.00183636

0.131885 0.00183636
0.131934 0.00183627

0.131934 0.00183627
0.131982 0.00183618

0.131982 0.00183618
0.132031 0.00183609

0.132031 0.00183609
0.13208 0.001836

0.13208 0.001836
0.132129 0.00183592

0.132129 0.00183592
0.132178 0.00183584

0.132178 0.00183584
0.132227 0.00183577

0.132227 0.00183577
0.132275 0.0018357

0.132275 0.0018357
0.132324 0.00183564

0.132324 0.00183564
0.132373 0.00183558

0.132373 0.00183558
0.132422 0.00183552

0.132422 0.00183552
0.132471 0.00183548

0.132471 0.00183548
0.13252 0.00183544

0.13252 0.00183544
0.132568 0.0018354

0.132568 0.0018354
0.132617 0.00183538

0.132617 0.00183538
0.132666 0.00183536

0.132666 0.00183536
0.132715 0.00183535

0.132715 0.00183535
0.132764 0.00183534

0.132764 0.00183534
0.132812 0.00183535

0.132812 0.00183535
0.132861 0.00183536

0.132861 0.00183536
0.13291 0.00183538

0.13291 0.00183538
0.132959 0.00183541

0.132959 0.00183541
0.133008 0.00183545

0.133008 0.00183545
0.133057 0.0018355

0.133057 0.0018355
0.133105 0.00183556

0.133105 0.00183556
0.133154 0.00183563

0.133154 0.00183563
0.133203 0.00183571

0.133203 0.00183571
0.133252 0.0018358

0.133252 0.0018358
0.133301 0.00183591

0.133301 0.00183591
0.13335 0.00183602

0.13335 0.00183602
0.133398 0.00183614

0.133398 0.00183614
0.133447 0.00183627

0.133447 0.00183627
0.133496 0.00183642

0.133496 0.00183642
0.133545 0.00183658

0.133545 0.00183658
0.133594 0.00183674

0.133594 0.00183674
0.133643 0.00183692

0.133643 0.00183692
0.133691 0.00183711

0.133691 0.00183711
0.13374 0.00183731

0.13374 0.00183731
0.133789 0.00183753

0.133789 0.00183753
0.133838 0.00183775

0.133838 0.00183775
0.133887 0.00183799

0.133887 0.00183799
0.133936 0.00183823

0.133936 0.00183823
0.133984 0.00183849

0.133984 0.00183849
0.134033 0.00183876

0.134033 0.00183876
0.134082 0.00183904

0.134082 0.00183904
0.134131 0.00183933

0.134131 0.00183933
0.13418 0.00183963

0.13418 0.00183963
0.134229 0.00183994

0.134229 0.00183994
0.134277 0.00184026

0.134277 0.00184026
0.134326 0.00184059

0.134326 0.00184059
0.134375 0.00184094

0.134375 0.00184094
0.134424 0.00184129

0.134424 0.00184129
0.134473 0.00184165

0.134473 0.00184165
0.134521 0.00184202

0.134521 0.00184202
0.13457 0.00184239

0.13457 0.00184239
0.134619 0.00184278

0.134619 0.00184278
0.134668 0.00184317

0.134668 0.00184317
0.134717 0.00184358

0.134717 0.00184358
0.134766 0.00184399

0.134766 0.00184399
0.134814 0.0018444

0.134814 0.0018444
0.134863 0.00184483

0.134863 0.00184483
0.134912 0.00184526

0.134912 0.00184526
0.134961 0.00184569

0.134961 0.00184569
0.13501 0.00184613

0.13501 0.00184613
0.135059 0.00184658

0.135059 0.00184658
0.135107 0.00184703

0.135107 0.00184703
0.135156 0.00184748

0.135156 0.00184748
0.135205 0.00184794

0.135205 0.00184794
0.135254 0.00184841

0.135254 0.00184841
0.135303 0.00184887

0.135303 0.00184887
0.135352 0.00184934

0.135352 0.00184934
0.1354 0.00184981

0.1354 0.00184981
0.135449 0.00185028

0.135449 0.00185028
0.135498 0.00185075

0.135498 0.00185075
0.135547 0.00185122

0.135547 0.00185122
0.135596 0.00185169

0.135596 0.00185169
0.135645 0.00185217

0.135645 0.00185217
0.135693 0.00185264

0.135693 0.00185264
0.135742 0.0018531

0.135742 0.0018531
0.135791 0.00185357

0.135791 0.00185357
0.13584 0.00185404

0.13584 0.00185404
0.135889 0.0018545

0.135889 0.0018545
0.135938 0.00185495

0.135937 0.00185495
0.135986 0.00185539

0.135986 0.00185539
0.135995 0.00185547

0.135996 0.00185547
0.136035 0.00185583

0.136035 0.00185583
0.136084 0.00185628

0.136084 0.00185628
0.136133 0.00185672

0.136133 0.00185672
0.136182 0.00185715

0.136182 0.00185715
0.13623 0.00185758

0.13623 0.00185758
0.136279 0.001858

0.136279 0.001858
0.136328 0.00185841

0.136328 0.00185841
0.136377 0.00185881

0.136377 0.00185881
0.136426 0.00185921

0.136426 0.00185921
0.136475 0.0018596

0.136475 0.0018596
0.136523 0.00185998

0.136523 0.00185998
0.136572 0.00186035

0.136572 0.00186035
0.136621 0.00186071

0.136621 0.00186071
0.13667 0.00186106

0.13667 0.00186106
0.136719 0.00186141

0.136719 0.00186141
0.136768 0.00186174

0.136768 0.00186174
0.136816 0.00186207

0.136816 0.00186207
0.136865 0.00186238

0.136865 0.00186238
0.136914 0.00186269

0.136914 0.00186269
0.136963 0.00186299

0.136963 0.00186299
0.137012 0.00186327

0.137012 0.00186327
0.137061 0.00186355

0.137061 0.00186355
0.137109 0.00186382

0.137109 0.00186382
0.137158 0.00186408

0.137158 0.00186408
0.137207 0.00186432

0.137207 0.00186432
0.137256 0.00186456

0.137256 0.00186456
0.137305 0.00186479

0.137305 0.00186479
0.137354 0.00186501

0.137354 0.00186501
0.137402 0.00186522

0.137402 0.00186522
0.137451 0.00186541

0.137451 0.00186541
0.1375 0.0018656

0.1375 0.0018656
0.137549 0.00186578

0.137549 0.00186578
0.137598 0.00186595

0.137598 0.00186595
0.137646 0.00186611

0.137646 0.00186611
0.137695 0.00186626

0.137695 0.00186626
0.137744 0.0018664

0.137744 0.0018664
0.137793 0.00186653

0.137793 0.00186653
0.137842 0.00186665

0.137842 0.00186665
0.137891 0.00186676

0.137891 0.00186676
0.137939 0.00186686

0.137939 0.00186686
0.137988 0.00186696

0.137988 0.00186696
0.138037 0.00186704

0.138037 0.00186704
0.138086 0.00186712

0.138086 0.00186712
0.138135 0.00186719

0.138135 0.00186719
0.138184 0.00186725

0.138184 0.00186725
0.138232 0.0018673

0.138232 0.0018673
0.138281 0.00186734

0.138281 0.00186734
0.13833 0.00186738

0.13833 0.00186738
0.138379 0.00186741

0.138379 0.00186741
0.138428 0.00186742

0.138428 0.00186742
0.138477 0.00186744

0.138477 0.00186744
0.138525 0.00186744

0.138525 0.00186744
0.138574 0.00186744

0.138574 0.00186744
0.138623 0.00186743

0.138623 0.00186743
0.138672 0.00186741

0.138672 0.00186741
0.138721 0.00186739

0.138721 0.00186739
0.13877 0.00186736

0.13877 0.00186736
0.138818 0.00186732

0.138818 0.00186732
0.138867 0.00186728

0.138867 0.00186728
0.138916 0.00186723

0.138916 0.00186723
0.138965 0.00186717

0.138965 0.00186717
0.139014 0.00186711

0.139014 0.00186711
0.139063 0.00186704

0.139063 0.00186704
0.139111 0.00186697

0.139111 0.00186697
0.13916 0.00186689

0.13916 0.00186689
0.139209 0.0018668

0.139209 0.0018668
0.139258 0.00186672

0.139258 0.00186672
0.139307 0.00186662

0.139307 0.00186662
0.139355 0.00186652

0.139355 0.00186652
0.139404 0.00186642

0.139404 0.00186642
0.139453 0.00186631

0.139453 0.00186631
0.139502 0.0018662

0.139502 0.0018662
0.139551 0.00186608

0.139551 0.00186608
0.1396 0.00186596

0.1396 0.00186596
0.139648 0.00186583

0.139648 0.00186583
0.139697 0.0018657

0.139697 0.0018657
0.139746 0.00186557

0.139746 0.00186557
0.139795 0.00186543

0.139795 0.00186543
0.139844 0.00186529

0.139844 0.00186529
0.139893 0.00186515

0.139893 0.00186515
0.139941 0.001865

0.139941 0.001865
0.13999 0.00186485

0.139994 0
0.140025 4.88281e-05

0.14003 4.88281e-05
0.140039 5.51233e-05

0.13999 0.00186485
0.140039 0.0018647

0.140039 5.42972e-05
0.140088 7.39298e-05

0.140039 0.0018647
0.140088 0.00186455

0.140088 6.79015e-05
0.140137 7.10361e-05

0.140088 0.00186455
0.140137 0.00186439

0.140137 7.00446e-05
0.140186 7.07203e-05

0.140137 0.00186439
0.140186 0.00186423

0.140186 7.08204e-05
0.140234 7.08198e-05

0.140186 0.00186423
0.140234 0.00186407

0.140234 7.06662e-05
0.140283 7.00961e-05

0.140234 0.00186407
0.140283 0.0018639

0.140283 7.01175e-05
0.140332 6.92425e-05

0.140283 0.0018639
0.140332 0.00186374

0.140332 6.93013e-05
0.140381 6.79611e-05

0.140332 0.00186374
0.140381 0.00186357

0.140381 6.78796e-05
0.14043 6.61197e-05

0.140381 0.00186357
0.14043 0.0018634

0.14043 6.59686e-05
0.140479 6.42542e-05

0.14043 0.0018634
0.140479 0.00186323

0.140479 6.41328e-05
0.140527 6.30089e-05

0.140479 0.00186323
0.140527 0.00186306

0.140527 6.30674e-05
0.140576 6.26595e-05

0.140527 0.00186306
0.140576 0.00186288

0.140576 6.3041e-05
0.140625 6.24689e-05

0.140576 0.00186288
0.140625 0.00186271

0.140625 6.26962e-05
0.140674 6.07425e-05

0.140625 0.00186271
0.140674 0.00186253

0.140674 6.74515e-05
0.140723 5.02437e-05

0.140674 0.00186253
0.140723 0.00186236

0.140759 0
0.140731 4.88281e-05

0.140723 6.71485e-05
0.140748 4.88281e-05

0.140723 0.00186236
0.140771 0.00186218

0.140771 0.00186218
0.14082 0.001862

0.14082 0.001862
0.140869 0.00186183

0.140869 0.00186183
0.140918 0.00186165

0.140918 0.00186165
0.140967 0.00186147

0.140967 0.00186147
0.141016 0.00186129

0.141016 0.00186129
0.141064 0.00186112

0.141064 0.00186112
0.141113 0.00186094

0.141113 0.00186094
0.141162 0.00186076

0.141162 0.00186076
0.141211 0.00186059

0.141211 0.00186059
0.14126 0.00186041

0.14126 0.00186041
0.141309 0.00186024

0.141309 0.00186024
0.141357 0.00186007

0.141357 0.00186007
0.141406 0.0018599

0.141406 0.0018599
0.141455 0.00185973

0.141455 0.00185973
0.141504 0.00185957

0.141504 0.00185957
0.141553 0.0018594

0.141553 0.0018594
0.141602 0.00185924

0.141602 0.00185924
0.14165 0.00185908

0.14165 0.00185908
0.141699 0.00185893

0.141699 0.00185893
0.141748 0.00185878

0.141748 0.00185878
0.141797 0.00185863

0.141797 0.00185863
0.141846 0.00185849

0.141846 0.00185849
0.141895 0.00185835

0.141895 0.00185835
0.141943 0.00185821

0.141943 0.00185821
0.141992 0.00185808

0.141992 0.00185808
0.142041 0.00185795

0.142041 0.00185795
0.14209 0.00185783

0.14209 0.00185783
0.142139 0.00185771

0.142139 0.00185771
0.142188 0.0018576

0.142187 0.0018576
0.142236 0.00185749

0.142236 0.00185749
0.142285 0.00185739

0.142285 0.00185739
0.142334 0.00185729

0.142334 0.00185729
0.142383 0.00185719

0.142383 0.00185719
0.142432 0.0018571

0.142432 0.0018571
0.14248 0.00185702

0.14248 0.00185702
0.142529 0.00185694

0.142529 0.00185694
0.142578 0.00185686

0.142578 0.00185686
0.142627 0.0018568

0.142627 0.0018568
0.142676 0.00185673

0.142676 0.00185673
0.142725 0.00185667

0.142725 0.00185667
0.142773 0.00185662

0.142773 0.00185662
0.142822 0.00185657

0.142822 0.00185657
0.142871 0.00185653

0.142871 0.00185653
0.14292 0.00185649

0.14292 0.00185649
0.142969 0.00185646

0.142969 0.00185646
0.143018 0.00185643

0.143018 0.00185643
0.143066 0.00185641

0.143066 0.00185641
0.143115 0.00185639

0.143115 0.00185639
0.143164 0.00185638

0.143164 0.00185638
0.143213 0.00185637

0.143213 0.00185637
0.143262 0.00185637

0.143262 0.00185637
0.143311 0.00185638

0.143311 0.00185638
0.143359 0.00185639

0.143359 0.00185639
0.143408 0.0018564

0.143408 0.0018564
0.143457 0.00185642

0.143457 0.00185642
0.143506 0.00185644

0.143506 0.00185644
0.143555 0.00185647

0.143555 0.00185647
0.143604 0.0018565

0.143604 0.0018565
0.143652 0.00185654

0.143652 0.00185654
0.143701 0.00185658

0.143701 0.00185658
0.14375 0.00185663

0.14375 0.00185663
0.143799 0.00185668

0.143799 0.00185668
0.143848 0.00185673

0.143848 0.00185673
0.143896 0.00185678

0.143896 0.00185678
0.143945 0.00185684

0.143945 0.00185684
0.143994 0.0018569

0.143994 0.0018569
0.144043 0.00185697

0.144043 0.00185697
0.144092 0.00185703

0.144092 0.00185703
0.144141 0.0018571

0.144141 0.0018571
0.144189 0.00185717

0.144189 0.00185717
0.144238 0.00185724

0.144238 0.00185724
0.144287 0.00185731

0.144287 0.00185731
0.144336 0.00185738

0.144336 0.00185738
0.144385 0.00185745

0.144385 0.00185745
0.144434 0.00185752

0.144434 0.00185752
0.144482 0.00185759

0.144482 0.00185759
0.144531 0.00185766

0.144531 0.00185766
0.14458 0.00185773

0.14458 0.00185773
0.144629 0.0018578

0.144629 0.0018578
0.144678 0.00185786

0.144678 0.00185786
0.144727 0.00185793

0.144727 0.00185793
0.144775 0.00185799

0.144775 0.00185799
0.144824 0.00185805

0.144824 0.00185805
0.144873 0.00185811

0.144873 0.00185811
0.144922 0.00185816

0.144922 0.00185816
0.144971 0.00185822

0.144971 0.00185822
0.14502 0.00185826

0.14502 0.00185826
0.145068 0.00185831

0.145068 0.00185831
0.145117 0.00185835

0.145117 0.00185835
0.145166 0.00185838

0.145166 0.00185838
0.145215 0.00185841

0.145215 0.00185841
0.145264 0.00185844

0.145264 0.00185844
0.145313 0.00185845

0.145313 0.00185845
0.145361 0.00185847

0.145361 0.00185847
0.14541 0.00185847

0.14541 0.00185847
0.145459 0.00185847

0.145459 0.00185847
0.145508 0.00185847

0.145508 0.00185847
0.145557 0.00185845

0.145557 0.00185845
0.145605 0.00185844

0.145605 0.00185844
0.145654 0.00185841

0.145654 0.00185841
0.145703 0.00185838

0.145703 0.00185838
0.145752 0.00185834

0.145752 0.00185834
0.145801 0.0018583

0.145801 0.0018583
0.14585 0.00185824

0.14585 0.00185824
0.145898 0.00185818

0.145898 0.00185818
0.145947 0.00185812

0.145947 0.00185812
0.145996 0.00185804

0.145996 0.00185804
0.146045 0.00185796

0.146045 0.00185796
0.146094 0.00185788

0.146094 0.00185788
0.146143 0.00185778

0.146143 0.00185778
0.146191 0.00185768

0.146191 0.00185768
0.14624 0.00185757

0.14624 0.00185757
0.146289 0.00185745

0.146289 0.00185745
0.146338 0.00185732

0.146338 0.00185732
0.146387 0.00185719

0.146387 0.00185719
0.146436 0.00185705

0.146436 0.00185705
0.146484 0.0018569

0.146484 0.0018569
0.146533 0.00185674

0.146533 0.00185674
0.146582 0.00185658

0.146582 0.00185658
0.146631 0.00185641

0.146631 0.00185641
0.14668 0.00185623

0.14668 0.00185623
0.146729 0.00185604

0.146729 0.00185604
0.146777 0.00185584

0.146777 0.00185584
0.146826 0.00185564

0.146875 0.00185543
0.146867 0.00185547

0.146826 0.00185565
0.146867 0.00185547

0.146875 0.00185543
0.146924 0.00185521

0.146924 0.00185521
0.146973 0.00185498

0.146973 0.00185498
0.147021 0.00185474

0.147021 0.00185474
0.14707 0.00185449

0.14707 0.00185449
0.147119 0.00185424

0.147119 0.00185423
0.147168 0.00185397

0.147168 0.00185397
0.147217 0.0018537

0.147217 0.0018537
0.147266 0.00185342

0.147266 0.00185342
0.147314 0.00185313

0.147314 0.00185313
0.147363 0.00185284

0.147363 0.00185284
0.147412 0.00185253

0.147412 0.00185253
0.147461 0.00185222

0.147461 0.00185222
0.14751 0.0018519

0.14751 0.0018519
0.147559 0.00185158

0.147559 0.00185158
0.147607 0.00185124

0.147607 0.00185124
0.147656 0.00185089

0.147656 0.00185089
0.147705 0.00185054

0.147705 0.00185054
0.147754 0.00185018

0.147754 0.00185018
0.147803 0.00184981

0.147803 0.00184981
0.147852 0.00184943

0.147852 0.00184943
0.1479 0.00184904

0.1479 0.00184904
0.147949 0.00184864

0.147949 0.00184864
0.147998 0.00184823

0.147998 0.00184823
0.148047 0.00184781

0.148047 0.00184781
0.148096 0.00184738

0.148096 0.00184738
0.148145 0.00184694

0.148145 0.00184694
0.148193 0.00184649

0.148193 0.00184649
0.148242 0.00184603

0.148242 0.00184603
0.148291 0.00184556

0.148291 0.00184556
0.14834 0.00184508

0.14834 0.00184508
0.148389 0.00184459

0.148389 0.00184459
0.148438 0.00184409

0.148438 0.00184409
0.148486 0.00184357

0.148486 0.00184357
0.148535 0.00184305

0.148535 0.00184305
0.148584 0.00184252

0.148584 0.00184252
0.148633 0.00184197

0.148633 0.00184197
0.148682 0.00184142

0.148682 0.00184142
0.14873 0.00184085

0.14873 0.00184085
0.148779 0.00184028

0.148779 0.00184028
0.148828 0.00183969

0.148828 0.00183969
0.148877 0.00183909

0.148877 0.00183909
0.148926 0.00183848

0.148926 0.00183848
0.148975 0.00183786

0.148975 0.00183786
0.149023 0.00183724

0.149023 0.00183724
0.149072 0.0018366

0.149072 0.0018366
0.149121 0.00183595

0.149121 0.00183595
0.14917 0.00183529

0.14917 0.00183529
0.149219 0.00183462

0.149219 0.00183462
0.149268 0.00183394

0.149268 0.00183394
0.149316 0.00183325

0.149316 0.00183325
0.149365 0.00183255

0.149365 0.00183255
0.149414 0.00183184

0.149414 0.00183184
0.149463 0.00183112

0.149463 0.00183112
0.149512 0.00183039

0.149512 0.00183039
0.149561 0.00182966

0.149561 0.00182966
0.149609 0.00182891

0.149609 0.00182891
0.149658 0.00182816

0.149658 0.00182816
0.149707 0.00182739

0.149707 0.00182739
0.149756 0.00182662

0.149756 0.00182662
0.149805 0.00182584

0.149805 0.00182584
0.149854 0.00182505

0.149854 0.00182505
0.149902 0.00182426

0.149902 0.00182426
0.149951 0.00182345

0.149951 0.00182345
0.15 0.00182264

0.15 0.00182264
0.150049 0.00182182

0.150049 0.00182182
0.150098 0.00182099

0.150098 0.00182099
0.150146 0.00182015

0.150146 0.00182015
0.150195 0.00181931

0.150195 0.00181931
0.150244 0.00181846

0.150244 0.00181846
0.150293 0.0018176

0.150293 0.0018176
0.150342 0.00181674

0.150342 0.00181674
0.150391 0.00181587

0.150391 0.00181587
0.150439 0.00181499

0.150439 0.00181499
0.150488 0.0018141

0.150488 0.0018141
0.150537 0.00181321

0.150537 0.00181321
0.150586 0.00181232

0.150609 0
0.150629 4.88281e-05

0.150628 4.88281e-05
0.150635 5.71062e-05

0.150586 0.00181232
0.150635 0.00181141

0.150635 5.5457e-05
0.150684 8.99277e-05

0.150635 0.00181141
0.150684 0.0018105

0.150684 8.15114e-05
0.150732 8.8384e-05

0.150684 0.0018105
0.150732 0.00180958

0.150732 8.60138e-05
0.150781 8.68613e-05

0.150732 0.00180958
0.150781 0.00180866

0.150781 8.89456e-05
0.15083 8.43396e-05

0.150781 0.00180866
0.15083 0.00180774

0.15083 8.96852e-05
0.150879 6.47657e-05

0.15083 0.00180775
0.150879 0.00180681

0.150924 0
0.150899 4.88281e-05

0.150879 6.8395e-05
0.1509 4.88281e-05

0.150928 0.00180585
0.150887 0.00180664

0.150879 0.00180681
0.150888 0.00180664

0.150928 0.00180585
0.150977 0.00180491

0.150977 0.00180491
0.151025 0.00180396

0.151025 0.00180396
0.151074 0.00180301

0.151074 0.00180301
0.151123 0.00180205

0.151123 0.00180205
0.151172 0.00180108

0.151172 0.00180108
0.151221 0.0018001

0.151221 0.0018001
0.15127 0.00179912

0.15127 0.00179912
0.151318 0.00179814

0.151318 0.00179814
0.151367 0.00179714

0.151367 0.00179714
0.151416 0.00179614

0.151416 0.00179614
0.151465 0.00179514

0.151465 0.00179514
0.151514 0.00179413

0.151514 0.00179413
0.151563 0.00179311

0.151563 0.00179311
0.151611 0.00179209

0.151611 0.00179209
0.15166 0.00179105

0.15166 0.00179105
0.151709 0.00179001

0.151709 0.00179001
0.151758 0.00178897

0.151758 0.00178897
0.151807 0.00178791

0.151807 0.00178791
0.151855 0.00178685

0.151855 0.00178685
0.151904 0.00178577

0.151904 0.00178577
0.151953 0.00178469

0.151953 0.00178469
0.152002 0.0017836

0.152002 0.0017836
0.152051 0.00178249

0.152051 0.00178249
0.1521 0.00178138

0.1521 0.00178138
0.152148 0.00178025

0.152148 0.00178025
0.152197 0.00177912

0.152197 0.00177912
0.152246 0.00177796

0.152246 0.00177796
0.152295 0.0017768

0.152295 0.0017768
0.152344 0.00177562

0.152344 0.00177562
0.152393 0.00177443

0.152393 0.00177443
0.152441 0.00177322

0.152441 0.00177322
0.15249 0.001772

0.15249 0.001772
0.152539 0.00177077

0.152539 0.00177077
0.152588 0.00176952

0.152588 0.00176952
0.152637 0.00176825

0.152637 0.00176825
0.152686 0.00176697

0.152686 0.00176697
0.152734 0.00176567

0.152734 0.00176567
0.152783 0.00176436

0.152783 0.00176436
0.152832 0.00176303

0.152832 0.00176303
0.152881 0.00176168

0.152881 0.00176168
0.15293 0.00176031

0.15293 0.00176032
0.152979 0.00175894

0.153027 0.00175752
0.153017 0.00175781

0.152979 0.00175894
0.153018 0.00175781

0.153027 0.00175752
0.153076 0.00175609

0.153076 0.00175609
0.153125 0.00175466

0.153125 0.00175467
0.153174 0.00175322

0.153174 0.00175322
0.153223 0.00175175

0.153223 0.00175175
0.153271 0.00175026

0.153271 0.00175026
0.15332 0.00174874

0.15332 0.00174874
0.153369 0.00174721

0.153369 0.00174721
0.153418 0.00174566

0.153418 0.00174566
0.153467 0.00174408

0.153467 0.00174408
0.153516 0.00174249

0.153516 0.00174249
0.153564 0.00174087

0.153564 0.00174087
0.153613 0.00173922

0.153613 0.00173922
0.153662 0.00173755

0.153662 0.00173755
0.153711 0.00173586

0.153711 0.00173586
0.15376 0.00173414

0.15376 0.00173414
0.153809 0.00173239

0.153809 0.00173239
0.153857 0.00173062

0.153857 0.00173062
0.153906 0.00172881

0.153906 0.00172881
0.153955 0.00172698

0.153955 0.00172698
0.154004 0.00172512

0.154004 0.00172512
0.154053 0.00172322

0.154053 0.00172322
0.154102 0.00172129

0.154102 0.00172129
0.15415 0.00171933

0.15415 0.00171933
0.154199 0.00171733

0.154199 0.00171733
0.154248 0.00171529

0.154248 0.00171529
0.154297 0.00171321

0.154297 0.00171321
0.154346 0.0017111

0.154395 0.00170891
0.154393 0.00170898

0.154346 0.00171111
0.154393 0.00170898

0.154395 0.00170892
0.154443 0.0017067

0.154443 0.0017067
0.154492 0.00170447

0.154492 0.00170447
0.154541 0.00170219

0.154541 0.00170219
0.15459 0.00169987

0.15459 0.00169987
0.154639 0.0016975

0.154639 0.0016975
0.154688 0.00169508

0.154688 0.00169508
0.154736 0.00169262

0.154736 0.00169262
0.154785 0.00169011

0.154785 0.00169011
0.154834 0.00168756

0.154834 0.00168756
0.154883 0.00168495

0.154883 0.00168495
0.154932 0.00168231

0.154932 0.00168231
0.15498 0.00167961

0.15498 0.00167961
0.155029 0.00167687

0.155029 0.00167687
0.155078 0.00167408

0.155078 0.00167408
0.155127 0.00167125

0.155127 0.00167125
0.155176 0.00166836

0.155176 0.00166836
0.155225 0.00166543

0.155225 0.00166544
0.155273 0.00166245

0.155322 0.00165937
0.15531 0.00166016

0.155273 0.00166246
0.15531 0.00166016

0.155322 0.00165937
0.155371 0.00165627

0.155371 0.00165628
0.15542 0.00165315

0.15542 0.00165315
0.155469 0.00164998

0.155469 0.00164998
0.155518 0.00164674

0.155518 0.00164674
0.155566 0.00164346

0.155566 0.00164346
0.155615 0.00164012

0.155615 0.00164012
0.155664 0.00163672

0.155664 0.00163672
0.155713 0.00163327

0.155713 0.00163327
0.155762 0.00162976

0.155762 0.00162976
0.155811 0.00162619

0.155811 0.00162619
0.155859 0.00162256

0.155859 0.00162256
0.155908 0.00161888

0.155908 0.00161889
0.155957 0.00161515

0.156006 0.00161129
0.156005 0.00161133

0.155957 0.00161517
0.156006 0.00161133

0.156006 0.0016113
0.156055 0.0016074

0.156055 0.00160741
0.156104 0.0016035

0.156104 0.0016035
0.156152 0.00159956

0.156152 0.00159956
0.156201 0.00159556

0.156201 0.00159556
0.15625 0.0015915

0.15625 0.0015915
0.156299 0.0015874

0.156299 0.0015874
0.156348 0.00158324

0.156348 0.00158324
0.156396 0.00157904

0.156396 0.00157903
0.156445 0.00157478

0.156445 0.00157477
0.156494 0.00157048

0.156494 0.0015705
0.156543 0.00156617

0.156592 0.0015617
0.156583 0.0015625

0.156543 0.00156618
0.156584 0.0015625

0.156592 0.0015617
0.156641 0.00155724

0.156641 0.00155725
0.156689 0.00155282

0.156689 0.00155283
0.156738 0.0015484

0.156738 0.0015484
0.156787 0.00154397

0.156787 0.00154397
0.156836 0.00153953

0.156836 0.00153953
0.156885 0.00153509

0.156885 0.00153509
0.156934 0.00153065

0.156934 0.00153065
0.156982 0.0015262

0.156982 0.0015262
0.157031 0.00152178

0.157031 0.0015218
0.15708 0.00151737

0.157129 0.00151285
0.15712 0.00151367

0.15708 0.00151739
0.157121 0.00151367

0.157129 0.00151285
0.157178 0.00150837

0.157178 0.00150838
0.157227 0.00150399

0.157227 0.00150399
0.157275 0.00149966

0.157275 0.00149966
0.157324 0.00149536

0.157324 0.00149535
0.157373 0.00149109

0.157373 0.00149109
0.157422 0.00148686

0.157422 0.00148686
0.157471 0.00148268

0.157471 0.00148268
0.15752 0.00147856

0.15752 0.00147856
0.157568 0.00147451

0.157568 0.0014745
0.157617 0.00147055

0.157617 0.00147059
0.157666 0.00146668

0.157715 0.00146274
0.157688 0.00146484

0.157666 0.00146668
0.157689 0.00146484

0.157715 0.00146273
0.157764 0.001459

0.157764 0.00145901
0.157813 0.00145549

0.157812 0.0014555
0.157861 0.00145214

0.157861 0.00145214
0.15791 0.00144894

0.15791 0.00144893
0.157959 0.00144589

0.157959 0.00144588
0.158008 0.001443

0.158008 0.001443
0.158057 0.00144029

0.158057 0.00144029
0.158105 0.00143777

0.158105 0.00143776
0.158154 0.00143544

0.158154 0.00143544
0.158203 0.00143333

0.158203 0.00143333
0.158252 0.00143143

0.158252 0.00143143
0.158301 0.00142977

0.158301 0.00142977
0.15835 0.00142834

0.15835 0.00142834
0.158398 0.00142717

0.158398 0.00142716
0.158447 0.00142625

0.158447 0.00142624
0.158496 0.00142559

0.158496 0.00142559
0.158545 0.00142522

0.158545 0.00142521
0.158594 0.00142513

0.158594 0.00142512
0.158643 0.00142533

0.158643 0.00142533
0.158691 0.00142584

0.158691 0.00142584
0.15874 0.00142667

0.15874 0.00142667
0.158789 0.00142782

0.158789 0.00142781
0.158838 0.0014293

0.158838 0.00142929
0.158887 0.00143111

0.158887 0.00143111
0.158936 0.00143328

0.158936 0.00143328
0.158984 0.0014358

0.158984 0.0014358
0.159033 0.00143869

0.159033 0.00143868
0.159082 0.00144195

0.159082 0.00144195
0.159131 0.00144559

0.159131 0.00144559
0.15918 0.0014496

0.15918 0.0014496
0.159229 0.001454

0.159229 0.00145401
0.159277 0.00145881

0.159277 0.0014588
0.159326 0.00146398

0.159326 0.00146398
0.159334 0.00146484

0.159334 0.00146484
0.159375 0.00146957

0.159375 0.00146958
0.159424 0.00147558

0.159424 0.00147557
0.159473 0.00148196

0.159473 0.00148196
0.159521 0.00148874

0.159521 0.00148874
0.15957 0.00149592

0.15957 0.00149593
0.159619 0.0015035

0.159619 0.00150349
0.159668 0.00151146

0.159668 0.00151144
0.159681 0.00151367

0.159681 0.00151367
0.159717 0.00151988

0.159717 0.00151989
0.159766 0.00152871

0.159766 0.00152871
0.159814 0.0015379

0.159814 0.0015379
0.159863 0.00154746

0.159863 0.00154746
0.159912 0.00155741

0.159912 0.00155736
0.159936 0.0015625

0.159936 0.0015625
0.159961 0.00156781

0.159961 0.00156782
0.16001 0.00157861

0.16001 0.00157861
0.160059 0.00158974

0.160059 0.00158973
0.160107 0.00160122

0.160107 0.00160117
0.160149 0.00161133

0.160149 0.00161133
0.160156 0.00161321

0.160156 0.00161315
0.160205 0.00162546

0.160205 0.00162546
0.160254 0.00163808

0.160254 0.00163806
0.160303 0.00165102

0.160303 0.00165096
0.160336 0.00166016

0.160336 0.00166016
0.160352 0.00166446

0.160352 0.00166443
0.1604 0.00167814

0.1604 0.00167813
0.160449 0.0016921

0.160449 0.00169205
0.160498 0.0017064

0.160498 0.0017064
0.160507 0.00170898

0.160506 0.00170898
0.160547 0.00172118

0.160547 0.00172117
0.160596 0.00173609

0.160596 0.00173603
0.160645 0.00175126

0.160645 0.00175122
0.160665 0.00175781

0.160665 0.00175781
0.160693 0.00176692

0.160693 0.0017669
0.160742 0.00178263

0.160742 0.00178256
0.160791 0.00179854

0.160791 0.0017985
0.160815 0.00180664

0.160815 0.00180664
0.16084 0.00181493

0.16084 0.0018149
0.160889 0.00183126

0.160889 0.00183118
0.160938 0.00184773

0.160938 0.00184771
0.16096 0.00185547

0.16096 0.00185547
0.160986 0.00186466

0.160986 0.00186461
0.161035 0.00188141

0.161035 0.00188131
0.161084 0.00189826

0.161084 0.00189825
0.161101 0.0019043

0.161101 0.0019043
0.161133 0.00191551

0.161133 0.00191545
0.161182 0.00193245

0.161182 0.00193235
0.16123 0.00194947

0.16123 0.00194949
0.161241 0.00195312

0.16124 0.00195312
0.161279 0.0019668

0.161279 0.00196671
0.161328 0.00198365

0.161328 0.00198358
0.161377 0.00200058

0.161377 0.00200058
0.161381 0.00200195

0.16138 0.00200195
0.161426 0.00201765

0.161426 0.00201755
0.161475 0.00203411

0.161475 0.00203405
0.161523 0.0020506

0.161523 0.00205078
0.161523 0.00205085

0.161523 0.00205058
0.161524 0.00205078

0.161523 0.0020508
0.161572 0.00206706

0.161572 0.00206695
0.161621 0.00208277

0.161621 0.00208272
0.16167 0.00209841

0.16167 0.0020984
0.161674 0.00209961

0.161673 0.00209961
0.161719 0.00211389

0.161719 0.00211379
0.161768 0.00212845

0.161768 0.00212838
0.161816 0.00214273

0.161816 0.00214277
0.161836 0.00214844

0.161836 0.00214844
0.161865 0.00215683

0.161865 0.00215677
0.161914 0.00216991

0.161914 0.00216984
0.161963 0.00218233

0.161963 0.00218231
0.162012 0.00219433

0.162012 0.00219438
0.162024 0.00219727

0.162024 0.00219727
0.162061 0.00220579

0.162061 0.00220574
0.162109 0.00221615

0.162109 0.00221612
0.162158 0.00222574

0.162158 0.00222574
0.162207 0.00223464

0.162207 0.00223465
0.162256 0.00224282

0.162256 0.00224288
0.162277 0.00224609

0.162278 0.00224609
0.162305 0.00225015

0.162305 0.00225016
0.162354 0.00225653

0.162354 0.00225652
0.162402 0.00226202

0.162402 0.00226202
0.162451 0.0022667

0.162451 0.0022667
0.1625 0.00227055

0.1625 0.00227055
0.162549 0.00227357

0.162549 0.00227356
0.162598 0.00227577

0.162641 0
0.162646 1.59895e-05

0.162598 0.00227576
0.162646 0.00227719

0.162646 1.33089e-05
0.162671 4.88281e-05

0.162663 4.88281e-05
0.162695 6.95974e-05

0.162646 0.00227718
0.162695 0.00227787

0.162695 6.84751e-05
0.162744 6.01873e-05

0.162695 0.00227786
0.162744 0.00227784

0.162789 0
0.162758 4.88281e-05

0.162744 5.55356e-05
0.162753 4.88281e-05

0.162744 0.00227783
0.162793 0.00227712

0.162793 0.00227712
0.162842 0.00227577

0.162842 0.00227576
0.162891 0.00227381

0.162891 0.0022738
0.162939 0.0022713

0.162939 0.00227129
0.162988 0.0022683

0.162988 0.0022683
0.163037 0.00226485

0.163037 0.00226484
0.163086 0.00226094

0.163086 0.00226093
0.163135 0.0022566

0.163135 0.00225656
0.163184 0.0022519

0.163184 0.00225186
0.163232 0.00224705

0.163281 0.00224212
0.163243 0.00224609

0.163232 0.00224708
0.163242 0.00224609

0.163281 0.0022421
0.16333 0.00223677

0.16333 0.00223674
0.163379 0.00223116

0.163379 0.00223114
0.163428 0.00222538

0.163428 0.00222537
0.163477 0.00221948

0.163477 0.00221949
0.163525 0.00221346

0.163525 0.00221345
0.163574 0.00220728

0.163574 0.00220721
0.163623 0.00220106

0.163672 0.00219512
0.163655 0.00219727

0.163623 0.00220104
0.163654 0.00219727

0.163672 0.00219509
0.163721 0.00218896

0.163721 0.00218892
0.16377 0.00218267

0.16377 0.00218265
0.163818 0.00217639

0.163818 0.00217638
0.163867 0.00217015

0.163867 0.00217016
0.163916 0.00216393

0.163916 0.00216392
0.163965 0.00215769

0.163965 0.00215763
0.164014 0.00215153

0.164063 0.00214572
0.16404 0.00214844

0.164014 0.00215152
0.164039 0.00214844

0.164062 0.0021457
0.164111 0.00213979

0.164111 0.00213976
0.16416 0.00213385

0.16416 0.00213384
0.164209 0.002128

0.164209 0.002128
0.164258 0.00212226

0.164258 0.00212227
0.164307 0.00211662

0.164307 0.00211663
0.164355 0.00211104

0.164355 0.00211102
0.164404 0.00210552

0.164404 0.00210547
0.164453 0.00210017

0.164502 0.00209509
0.164459 0.00209961

0.164453 0.00210016
0.164458 0.00209961

0.164502 0.00209507
0.164551 0.00208993

0.164551 0.00208991
0.1646 0.00208483

0.1646 0.00208482
0.164648 0.00207983

0.164648 0.00207983
0.164697 0.00207493

0.164697 0.00207494
0.164746 0.00207013

0.164746 0.00207013
0.164795 0.0020654

0.164795 0.00206541
0.164844 0.00206074

0.164844 0.00206074
0.164893 0.00205613

0.164893 0.0020561
0.164941 0.00205163

0.16499 0.00204734
0.164952 0.00205078

0.164941 0.00205162
0.164951 0.00205078

0.16499 0.00204733
0.165039 0.00204302

0.165039 0.00204301
0.165088 0.00203874

0.165088 0.00203874
0.165137 0.00203455

0.165137 0.00203455
0.165186 0.00203043

0.165186 0.00203043
0.165234 0.00202638

0.165234 0.00202638
0.165283 0.00202239

0.165283 0.0020224
0.165332 0.00201848

0.165332 0.00201848
0.165381 0.00201461

0.165381 0.00201462
0.16543 0.0020108

0.16543 0.0020108
0.165479 0.00200704

0.165479 0.00200702
0.165527 0.00200332

0.165576 0.00199971
0.165546 0.00200195

0.165527 0.00200331
0.165546 0.00200195

0.165576 0.00199971
0.165625 0.00199613

0.165625 0.00199612
0.165674 0.00199257

0.165674 0.00199257
0.165723 0.00198906

0.165723 0.00198906
0.165771 0.00198559

0.165771 0.00198559
0.16582 0.00198215

0.16582 0.00198215
0.165869 0.00197875

0.165869 0.00197875
0.165918 0.00197538

0.165918 0.00197539
0.165967 0.00197204

0.165967 0.00197204
0.166016 0.00196872

0.166016 0.00196872
0.166064 0.00196541

0.166064 0.00196542
0.166113 0.00196213

0.166113 0.00196213
0.166162 0.00195886

0.166162 0.00195886
0.166211 0.00195559

0.16626 0.00195231
0.166248 0.00195312

0.166211 0.00195558
0.166248 0.00195312

0.16626 0.00195231
0.166309 0.00194906

0.166309 0.00194906
0.166357 0.00194583

0.166357 0.00194583
0.166406 0.0019426

0.166406 0.0019426
0.166455 0.00193937

0.166455 0.00193937
0.166504 0.00193613

0.166504 0.00193613
0.166553 0.00193289

0.166553 0.00193289
0.166602 0.00192964

0.166602 0.00192964
0.16665 0.00192637

0.16665 0.00192637
0.166699 0.00192308

0.166699 0.00192308
0.166748 0.00191977

0.166748 0.00191977
0.166797 0.00191643

0.166797 0.00191643
0.166846 0.00191307

0.166846 0.00191307
0.166895 0.00190967

0.166895 0.00190968
0.166943 0.00190623

0.166992 0.0019027
0.16697 0.0019043

0.166943 0.00190623
0.16697 0.0019043

0.166992 0.0019027
0.167041 0.00189917

0.167041 0.00189918
0.16709 0.00189565

0.16709 0.00189566
0.167139 0.00189212

0.167139 0.00189212
0.167188 0.00188855

0.167188 0.00188856
0.167236 0.00188495

0.167236 0.00188495
0.167285 0.00188131

0.167285 0.00188132
0.167334 0.00187763

0.167334 0.00187764
0.167383 0.00187391

0.167383 0.00187391
0.167432 0.00187012

0.167432 0.00187012
0.16748 0.00186629

0.16748 0.00186629
0.167529 0.0018624

0.167529 0.00186242
0.167578 0.00185845

0.167627 0.00185435
0.167614 0.00185547

0.167578 0.00185847
0.167614 0.00185547

0.167627 0.00185434
0.167676 0.00185021

0.167676 0.00185021
0.167725 0.0018461

0.167725 0.00184611
0.167773 0.00184199

0.167773 0.001842
0.167822 0.00183784

0.167822 0.00183784
0.167871 0.00183361

0.167871 0.00183362
0.16792 0.0018293

0.16792 0.0018293
0.167969 0.00182488

0.167969 0.00182485
0.168018 0.0018204

0.168018 0.00182035
0.168066 0.00181601

0.168066 0.00181591
0.168115 0.00181199

0.168115 0.00181181
0.168164 0.00180884

0.168164 0.00180872
0.168213 0.00180728

0.168243 0
0.168244 4.88281e-05

0.168244 4.88281e-05
0.168247 9.76563e-05

0.168247 9.76563e-05
0.168251 0.000146484

0.168251 0.000146484
0.168258 0.000195313

0.168258 0.000195313
0.168262 0.000220473

0.168213 0.00180725
0.168262 0.00180762

0.168262 0.000221202
0.168266 0.000244141

0.168266 0.000244141
0.168276 0.000292969

0.168276 0.000292969
0.168287 0.000341797

0.168287 0.000341797
0.1683 0.000390625

0.1683 0.000390625
0.168311 0.000426631

0.168262 0.0018077
0.168311 0.00180978

0.168311 0.000429805
0.168313 0.000439453

0.168314 0.000439453
0.16833 0.000488281

0.16833 0.000488281
0.168347 0.000537109

0.168347 0.000537109
0.168359 0.000570404

0.168311 0.00181011
0.168359 0.00181311

0.168359 0.000575933
0.168363 0.000585938

0.168364 0.000585937
0.168383 0.000634766

0.168384 0.000634766
0.168403 0.000683594

0.168404 0.000683594
0.168408 0.000695039

0.168359 0.00181459
0.168408 0.00181486

0.168408 0.000699996
0.168421 0.000732422

0.168422 0.000732422
0.168442 0.00078125

0.168443 0.00078125
0.168457 0.000817158

0.168457 0.00180327
0.168443 0.00180664

0.168408 0.00181829
0.168456 0.00180664

0.168457 0.000821802
0.16846 0.000830078

0.168461 0.000830078
0.168479 0.000878906

0.168479 0.000878906
0.168497 0.000927734

0.168498 0.000927734
0.168506 0.000953172

0.168506 0.00177465
0.168459 0.00180664

0.168506 0.000956638
0.168512 0.000976562

0.168512 0.000976563
0.168527 0.00102539

0.168527 0.00102539
0.16854 0.00107422

0.16854 0.00107422
0.168551 0.00112305

0.168552 0.00112305
0.168555 0.00113958

0.168554 0.00161133
0.168543 0.00166016

0.168542 0.00166016
0.168535 0.00170898

0.168543 0.00170898
0.168524 0.00175781

0.168506 0.00178941
0.168534 0.00175781

0.168555 0.00114123
0.168561 0.00117187

0.168561 0.00117188
0.168568 0.0012207

0.168568 0.0012207
0.168574 0.00126953

0.168574 0.00126953
0.168578 0.00131836

0.168578 0.00131836
0.16858 0.00136719

0.16858 0.00136719
0.168579 0.00141602

0.168579 0.00141602
0.168576 0.00146484

0.168576 0.00146484
0.168572 0.00151367

0.168573 0.00151367
0.168566 0.0015625

0.168566 0.0015625
0.168556 0.00161133

0.169092 0.00107373
0.169091 0.00107422

0.169092 0.00107422
0.169086 0.00112305

0.169087 0.00112305
0.169092 0.00112777

0.169092 0.00108938
0.169141 0.00112196

0.169092 0.0011285
0.169141 0.001125

0.169141 0.00110665
0.169142 0.00112305

0.169141 0.00112715
0.169144 0.00112305

0.169385 0.00101804
0.169374 0.00102539

0.169377 0.00102539
0.169382 0.00107422

0.169385 0.00102015
0.169412 0.00102539

0.169407 0.00102539
0.16939 0.00107422

0.169434 0.00102502
0.169434 0.00102539

0.169434 0.00103479
0.169434 0.00102539

