4.88281e-05 7.79167e-07
1.44266e-05 4.88281e-05

0 6.74658e-05
3.83329e-05 4.88281e-05

0 0.000427606
2.73957e-05 0.000439453

4.66782e-06 0.000439453
4.00427e-05 0.000488281

0 0.000532831
4.31289e-05 0.000488281

0 0.000545559
2.13425e-05 0.000537109

0 0.00185022
4.88281e-05 0.00184919

4.88281e-05 4.9053e-07
4.89516e-05 0

4.88281e-05 0.00184878
9.76563e-05 0.00184652

9.76563e-05 0.00184631
0.000146484 0.00184405

0.000146484 0.00184403
0.000195313 0.00184224

0.000195313 0.00184227
0.000244141 0.00184094

0.000244141 0.00184097
0.000292969 0.00183996

0.000292969 0.00183999
0.000341797 0.00183918

0.000341797 0.0018392
0.000390625 0.00183852

0.000390625 0.00183853
0.000439453 0.00183794

0.000439453 0.00183794
0.000488281 0.00183741

0.000488281 0.00183741
0.000537109 0.00183691

0.000537109 0.00183692
0.000585938 0.00183645

0.000585937 0.00183645
0.000634766 0.00183601

0.000634766 0.00183601
0.000683594 0.0018356

0.000683594 0.0018356
0.000732422 0.0018352

0.000732422 0.0018352
0.00078125 0.00183483

0.00078125 0.00183483
0.000830078 0.00183447

0.000830078 0.00183447
0.000878906 0.00183413

0.000878906 0.00183413
0.000927734 0.0018338

0.000927734 0.0018338
0.000976562 0.00183349

0.000976563 0.00183349
0.00102539 0.00183319

0.00102539 0.00183319
0.00107422 0.00183291

0.00107422 0.00183291
0.00112305 0.00183264

0.00112305 0.00183264
0.00117187 0.00183239

0.00117188 0.00183239
0.0012207 0.00183215

0.0012207 0.00183215
0.00126953 0.00183193

0.00126953 0.00183193
0.00131836 0.00183172

0.00131836 0.00183172
0.00136719 0.00183153

0.00136719 0.00183153
0.00141602 0.00183135

0.00141602 0.00183135
0.00146484 0.00183118

0.00146484 0.00183118
0.00151367 0.00183102

0.00151367 0.00183102
0.0015625 0.00183088

0.0015625 0.00183088
0.00161133 0.00183075

0.00161133 0.00183075
0.00166016 0.00183064

0.00166016 0.00183064
0.00170898 0.00183053

0.00170898 0.00183053
0.00175781 0.00183044

0.00175781 0.00183044
0.00180664 0.00183035

0.00180664 0.00183035
0.00185547 0.00183027

0.00185547 0.00183027
0.0019043 0.0018302

0.0019043 0.0018302
0.00195312 0.00183013

0.00195312 0.00183013
0.00200195 0.00183007

0.00200195 0.00183007
0.00205078 0.00183001

0.00205078 0.00183001
0.00209961 0.00182995

0.00209961 0.00182995
0.00214844 0.00182988

0.00214844 0.00182988
0.00219727 0.00182982

0.00219727 0.00182982
0.00224609 0.00182974

0.00224609 0.00182974
0.00229492 0.00182966

0.00229492 0.00182966
0.00234375 0.00182957

0.00234375 0.00182957
0.00239258 0.00182947

0.00239258 0.00182947
0.00244141 0.00182936

0.00244141 0.00182936
0.00249023 0.00182923

0.00249023 0.00182923
0.00253906 0.00182909

0.00253906 0.00182909
0.00258789 0.00182893

0.00258789 0.00182893
0.00263672 0.00182875

0.00263672 0.00182875
0.00268555 0.00182856

0.00268555 0.00182856
0.00273438 0.00182834

0.00273438 0.00182834
0.0027832 0.00182811

0.0027832 0.00182811
0.00283203 0.00182787

0.00283203 0.00182787
0.00288086 0.0018276

0.00288086 0.0018276
0.00292969 0.00182733

0.00292969 0.00182732
0.00297852 0.00182703

0.00297852 0.00182703
0.00302734 0.00182672

0.00302734 0.00182672
0.00307617 0.0018264

0.00307617 0.0018264
0.003125 0.00182606

0.003125 0.00182606
0.00317383 0.00182571

0.00317383 0.00182571
0.00322266 0.00182535

0.00322266 0.00182535
0.00327148 0.00182499

0.00327148 0.00182499
0.00332031 0.00182461

0.00332031 0.00182461
0.00336914 0.00182423

0.00336914 0.00182423
0.00341797 0.00182385

0.00341797 0.00182385
0.0034668 0.00182346

0.0034668 0.00182346
0.00351563 0.00182307

0.00351563 0.00182307
0.00356445 0.00182268

0.00356445 0.00182268
0.00361328 0.0018223

0.00361328 0.00182229
0.00366211 0.00182191

0.00366211 0.00182191
0.00371094 0.00182153

0.00371094 0.00182153
0.00375977 0.00182115

0.00375977 0.00182115
0.00380859 0.00182077

0.00380859 0.00182077
0.00385742 0.00182041

0.00385742 0.00182041
0.00390625 0.00182005

0.00390625 0.00182005
0.00395508 0.0018197

0.00395508 0.0018197
0.00400391 0.00181936

0.00400391 0.00181936
0.00405273 0.00181904

0.00405273 0.00181904
0.00410156 0.00181872

0.00410156 0.00181872
0.00415039 0.00181842

0.00415039 0.00181842
0.00419922 0.00181813

0.00419922 0.00181813
0.00424805 0.00181785

0.00424805 0.00181785
0.00429688 0.00181759

0.00429687 0.00181759
0.0043457 0.00181735

0.0043457 0.00181735
0.00439453 0.00181712

0.00439453 0.00181712
0.00444336 0.0018169

0.00444336 0.0018169
0.00449219 0.0018167

0.00449219 0.0018167
0.00454102 0.00181652

0.00454102 0.00181652
0.00458984 0.00181635

0.00458984 0.00181635
0.00463867 0.0018162

0.00463867 0.0018162
0.0046875 0.00181606

0.0046875 0.00181606
0.00473633 0.00181595

0.00473633 0.00181595
0.00478516 0.00181584

0.00478516 0.00181584
0.00483398 0.00181576

0.00483398 0.00181576
0.00488281 0.00181569

0.00488281 0.00181569
0.00493164 0.00181563

0.00493164 0.00181563
0.00498047 0.00181559

0.00498047 0.00181559
0.0050293 0.00181557

0.0050293 0.00181557
0.00507813 0.00181556

0.00507813 0.00181556
0.00512695 0.00181557

0.00512695 0.00181557
0.00517578 0.00181559

0.00517578 0.00181559
0.00522461 0.00181562

0.00522461 0.00181562
0.00527344 0.00181567

0.00527344 0.00181567
0.00532227 0.00181574

0.00532227 0.00181574
0.00537109 0.00181582

0.00537109 0.00181582
0.00541992 0.00181591

0.00541992 0.00181591
0.00546875 0.00181602

0.00546875 0.00181602
0.00551758 0.00181614

0.00551758 0.00181614
0.00556641 0.00181627

0.00556641 0.00181627
0.00561523 0.00181641

0.00561523 0.00181641
0.00566406 0.00181657

0.00566406 0.00181657
0.00571289 0.00181674

0.00571289 0.00181674
0.00576172 0.00181691

0.00576172 0.00181691
0.00581055 0.0018171

0.00581055 0.0018171
0.00585938 0.0018173

0.00585938 0.0018173
0.0059082 0.0018175

0.0059082 0.0018175
0.00595703 0.00181771

0.00595703 0.00181771
0.00600586 0.00181793

0.00600586 0.00181793
0.00605469 0.00181815

0.00605469 0.00181815
0.00610352 0.00181838

0.00610352 0.00181838
0.00615234 0.00181861

0.00615234 0.00181861
0.00620117 0.00181884

0.00620117 0.00181884
0.00625 0.00181907

0.00625 0.00181907
0.00629883 0.00181931

0.00629883 0.00181931
0.00634766 0.00181954

0.00634766 0.00181954
0.00639648 0.00181978

0.00639648 0.00181978
0.00644531 0.00182002

0.00644531 0.00182002
0.00649414 0.00182026

0.00649414 0.00182026
0.00654297 0.0018205

0.00654297 0.0018205
0.0065918 0.00182074

0.0065918 0.00182074
0.00664063 0.00182099

0.00664062 0.00182099
0.00668945 0.00182123

0.00668945 0.00182123
0.00673828 0.00182148

0.00673828 0.00182148
0.00678711 0.00182174

0.00678711 0.00182174
0.00683594 0.001822

0.00683594 0.001822
0.00688477 0.00182226

0.00688477 0.00182226
0.00693359 0.00182253

0.00693359 0.00182253
0.00698242 0.0018228

0.00698242 0.0018228
0.00703125 0.00182307

0.00703125 0.00182307
0.00708008 0.00182335

0.00708008 0.00182335
0.00712891 0.00182363

0.00712891 0.00182363
0.00717773 0.0018239

0.00717773 0.0018239
0.00722656 0.00182418

0.00722656 0.00182418
0.00727539 0.00182445

0.00727539 0.00182445
0.00732422 0.00182471

0.00732422 0.00182471
0.00737305 0.00182497

0.00737305 0.00182497
0.00742188 0.00182522

0.00742187 0.00182522
0.0074707 0.00182545

0.0074707 0.00182545
0.00751953 0.00182567

0.00751953 0.00182567
0.00756836 0.00182588

0.00756836 0.00182588
0.00761719 0.00182607

0.00761719 0.00182607
0.00766602 0.00182626

0.00766602 0.00182626
0.00771484 0.00182642

0.00771484 0.00182642
0.00776367 0.00182658

0.00776367 0.00182658
0.0078125 0.00182673

0.0078125 0.00182673
0.00786133 0.00182686

0.00786133 0.00182686
0.00791016 0.00182699

0.00791016 0.00182699
0.00795898 0.00182712

0.00795898 0.00182712
0.00800781 0.00182723

0.00800781 0.00182723
0.00805664 0.00182734

0.00805664 0.00182734
0.00810547 0.00182745

0.00810547 0.00182745
0.0081543 0.00182754

0.0081543 0.00182754
0.00820313 0.00182763

0.00820313 0.00182763
0.00825195 0.0018277

0.00825195 0.0018277
0.00830078 0.00182777

0.00830078 0.00182777
0.00834961 0.00182782

0.00834961 0.00182782
0.00839844 0.00182786

0.00839844 0.00182786
0.00844727 0.00182789

0.00844727 0.00182789
0.00849609 0.00182792

0.00849609 0.00182792
0.00854492 0.00182794

0.00854492 0.00182794
0.00859375 0.00182795

0.00859375 0.00182795
0.00864258 0.00182796

0.00864258 0.00182796
0.00869141 0.00182797

0.00869141 0.00182797
0.00874023 0.00182797

0.00874023 0.00182797
0.00878906 0.00182798

0.00878906 0.00182798
0.00883789 0.00182798

0.00883789 0.00182798
0.00888672 0.00182798

0.00888672 0.00182798
0.00893555 0.00182798

0.00893555 0.00182798
0.00898438 0.00182797

0.00898437 0.00182797
0.0090332 0.00182796

0.0090332 0.00182796
0.00908203 0.00182794

0.00908203 0.00182794
0.00913086 0.00182792

0.00913086 0.00182792
0.00917969 0.0018279

0.00917969 0.0018279
0.00922852 0.00182787

0.00922852 0.00182787
0.00927734 0.00182785

0.00927734 0.00182785
0.00932617 0.00182783

0.00932617 0.00182783
0.009375 0.00182781

0.009375 0.00182781
0.00942383 0.0018278

0.00942383 0.0018278
0.00947266 0.00182779

0.00947266 0.00182779
0.00952148 0.00182779

0.00952148 0.00182779
0.00957031 0.0018278

0.00957031 0.0018278
0.00961914 0.00182781

0.00961914 0.00182781
0.00966797 0.00182782

0.00966797 0.00182782
0.0097168 0.00182784

0.0097168 0.00182784
0.00976563 0.00182785

0.00976562 0.00182785
0.00981445 0.00182787

0.00981445 0.00182787
0.00986328 0.00182789

0.00986328 0.00182789
0.00991211 0.0018279

0.00991211 0.0018279
0.00996094 0.00182791

0.00996094 0.00182791
0.0100098 0.00182792

0.0100098 0.00182792
0.0100586 0.00182792

0.0100586 0.00182792
0.0101074 0.00182792

0.0101074 0.00182792
0.0101563 0.00182791

0.0101563 0.00182791
0.0102051 0.0018279

0.0102051 0.0018279
0.0102539 0.00182788

0.0102539 0.00182788
0.0103027 0.00182786

0.0103027 0.00182786
0.0103516 0.00182784

0.0103516 0.00182784
0.0104004 0.00182782

0.0104004 0.00182782
0.0104492 0.0018278

0.0104492 0.0018278
0.010498 0.00182778

0.010498 0.00182778
0.0105469 0.00182776

0.0105469 0.00182776
0.0105957 0.00182774

0.0105957 0.00182774
0.0106445 0.00182772

0.0106445 0.00182772
0.0106934 0.00182771

0.0106934 0.00182771
0.0107422 0.0018277

0.0107422 0.0018277
0.010791 0.00182769

0.010791 0.00182769
0.0108398 0.00182769

0.0108398 0.00182769
0.0108887 0.00182769

0.0108887 0.00182769
0.0109375 0.0018277

0.0109375 0.0018277
0.0109863 0.0018277

0.0109863 0.0018277
0.0110352 0.00182771

0.0110352 0.00182771
0.011084 0.00182772

0.011084 0.00182772
0.0111328 0.00182774

0.0111328 0.00182774
0.0111816 0.00182775

0.0111816 0.00182775
0.0112305 0.00182777

0.0112305 0.00182777
0.0112793 0.00182779

0.0112793 0.00182779
0.0113281 0.00182782

0.0113281 0.00182782
0.011377 0.00182785

0.011377 0.00182785
0.0114258 0.00182788

0.0114258 0.00182788
0.0114746 0.00182791

0.0114746 0.00182791
0.0115234 0.00182795

0.0115234 0.00182795
0.0115723 0.00182799

0.0115723 0.00182799
0.0116211 0.00182803

0.0116211 0.00182803
0.0116699 0.00182807

0.0116699 0.00182807
0.0117188 0.00182812

0.0117188 0.00182812
0.0117676 0.00182817

0.0117676 0.00182817
0.0118164 0.00182821

0.0118164 0.00182821
0.0118652 0.00182826

0.0118652 0.00182826
0.0119141 0.00182831

0.0119141 0.00182831
0.0119629 0.00182836

0.0119629 0.00182836
0.0120117 0.00182842

0.0120117 0.00182842
0.0120605 0.00182847

0.0120605 0.00182847
0.0121094 0.00182852

0.0121094 0.00182852
0.0121582 0.00182857

0.0121582 0.00182857
0.012207 0.00182862

0.012207 0.00182862
0.0122559 0.00182867

0.0122559 0.00182867
0.0123047 0.00182871

0.0123047 0.00182871
0.0123535 0.00182876

0.0123535 0.00182876
0.0124023 0.00182881

0.0124023 0.00182881
0.0124512 0.00182885

0.0124512 0.00182885
0.0125 0.00182889

0.0125 0.00182889
0.0125488 0.00182893

0.0125488 0.00182893
0.0125977 0.00182896

0.0125977 0.00182896
0.0126465 0.001829

0.0126465 0.001829
0.0126953 0.00182903

0.0126953 0.00182903
0.0127441 0.00182905

0.0127441 0.00182905
0.012793 0.00182908

0.012793 0.00182908
0.0128418 0.0018291

0.0128418 0.0018291
0.0128906 0.00182912

0.0128906 0.00182912
0.0129395 0.00182913

0.0129395 0.00182913
0.0129883 0.00182915

0.0129883 0.00182915
0.0130371 0.00182916

0.0130371 0.00182916
0.0130859 0.00182916

0.0130859 0.00182916
0.0131348 0.00182917

0.0131348 0.00182917
0.0131836 0.00182917

0.0131836 0.00182917
0.0132324 0.00182916

0.0132324 0.00182916
0.0132813 0.00182916

0.0132812 0.00182916
0.0133301 0.00182915

0.0133301 0.00182915
0.0133789 0.00182914

0.0133789 0.00182914
0.0134277 0.00182912

0.0134277 0.00182912
0.0134766 0.00182911

0.0134766 0.00182911
0.0135254 0.00182909

0.0135254 0.00182909
0.0135742 0.00182907

0.0135742 0.00182907
0.013623 0.00182904

0.013623 0.00182904
0.0136719 0.00182902

0.0136719 0.00182902
0.0137207 0.00182899

0.0137207 0.00182899
0.0137695 0.00182896

0.0137695 0.00182896
0.0138184 0.00182893

0.0138184 0.00182893
0.0138672 0.0018289

0.0138672 0.0018289
0.013916 0.00182887

0.013916 0.00182887
0.0139648 0.00182883

0.0139648 0.00182883
0.0140137 0.0018288

0.0140137 0.0018288
0.0140625 0.00182876

0.0140625 0.00182876
0.0141113 0.00182872

0.0141113 0.00182872
0.0141602 0.00182868

0.0141602 0.00182868
0.014209 0.00182865

0.014209 0.00182865
0.0142578 0.00182861

0.0142578 0.00182861
0.0143066 0.00182857

0.0143066 0.00182857
0.0143555 0.00182853

0.0143555 0.00182853
0.0144043 0.00182849

0.0144043 0.00182849
0.0144531 0.00182845

0.0144531 0.00182845
0.014502 0.00182842

0.014502 0.00182842
0.0145508 0.00182838

0.0145508 0.00182838
0.0145996 0.00182834

0.0145996 0.00182834
0.0146484 0.00182831

0.0146484 0.00182831
0.0146973 0.00182827

0.0146973 0.00182827
0.0147461 0.00182824

0.0147461 0.00182824
0.0147949 0.0018282

0.0147949 0.0018282
0.0148438 0.00182817

0.0148438 0.00182817
0.0148926 0.00182814

0.0148926 0.00182814
0.0149414 0.00182811

0.0149414 0.00182811
0.0149902 0.00182808

0.0149902 0.00182808
0.0150391 0.00182805

0.0150391 0.00182805
0.0150879 0.00182803

0.0150879 0.00182803
0.0151367 0.001828

0.0151367 0.001828
0.0151855 0.00182798

0.0151855 0.00182798
0.0152344 0.00182796

0.0152344 0.00182796
0.0152832 0.00182793

0.0152832 0.00182793
0.015332 0.00182791

0.015332 0.00182791
0.0153809 0.0018279

0.0153809 0.0018279
0.0154297 0.00182788

0.0154297 0.00182788
0.0154785 0.00182786

0.0154785 0.00182786
0.0155273 0.00182785

0.0155273 0.00182785
0.0155762 0.00182783

0.0155762 0.00182783
0.015625 0.00182782

0.015625 0.00182782
0.0156738 0.00182781

0.0156738 0.00182781
0.0157227 0.0018278

0.0157227 0.0018278
0.0157715 0.00182779

0.0157715 0.00182779
0.0158203 0.00182779

0.0158203 0.00182779
0.0158691 0.00182778

0.0158691 0.00182778
0.015918 0.00182778

0.015918 0.00182778
0.0159668 0.00182777

0.0159668 0.00182777
0.0160156 0.00182777

0.0160156 0.00182777
0.0160645 0.00182777

0.0160645 0.00182777
0.0161133 0.00182777

0.0161133 0.00182777
0.0161621 0.00182778

0.0161621 0.00182778
0.0162109 0.00182778

0.0162109 0.00182778
0.0162598 0.00182778

0.0162598 0.00182778
0.0163086 0.00182779

0.0163086 0.00182779
0.0163574 0.0018278

0.0163574 0.0018278
0.0164063 0.0018278

0.0164063 0.0018278
0.0164551 0.00182781

0.0164551 0.00182781
0.0165039 0.00182782

0.0165039 0.00182782
0.0165527 0.00182783

0.0165527 0.00182783
0.0166016 0.00182784

0.0166016 0.00182784
0.0166504 0.00182786

0.0166504 0.00182786
0.0166992 0.00182787

0.0166992 0.00182787
0.016748 0.00182789

0.016748 0.00182789
0.0167969 0.0018279

0.0167969 0.0018279
0.0168457 0.00182792

0.0168457 0.00182792
0.0168945 0.00182794

0.0168945 0.00182794
0.0169434 0.00182796

0.0169434 0.00182796
0.0169922 0.00182798

0.0169922 0.00182798
0.017041 0.001828

0.017041 0.001828
0.0170898 0.00182802

0.0170898 0.00182802
0.0171387 0.00182804

0.0171387 0.00182804
0.0171875 0.00182807

0.0171875 0.00182807
0.0172363 0.0018281

0.0172363 0.0018281
0.0172852 0.00182812

0.0172852 0.00182812
0.017334 0.00182815

0.017334 0.00182815
0.0173828 0.00182818

0.0173828 0.00182818
0.0174316 0.00182822

0.0174316 0.00182822
0.0174805 0.00182825

0.0174805 0.00182825
0.0175293 0.00182829

0.0175293 0.00182829
0.0175781 0.00182832

0.0175781 0.00182832
0.017627 0.00182836

0.017627 0.00182836
0.0176758 0.0018284

0.0176758 0.0018284
0.0177246 0.00182845

0.0177246 0.00182845
0.0177734 0.00182849

0.0177734 0.00182849
0.0178223 0.00182854

0.0178223 0.00182854
0.0178711 0.00182859

0.0178711 0.00182859
0.0179199 0.00182864

0.0179199 0.00182864
0.0179687 0.00182869

0.0179688 0.00182869
0.0180176 0.00182875

0.0180176 0.00182875
0.0180664 0.0018288

0.0180664 0.0018288
0.0181152 0.00182886

0.0181152 0.00182886
0.0181641 0.00182892

0.0181641 0.00182892
0.0182129 0.00182899

0.0182129 0.00182899
0.0182617 0.00182905

0.0182617 0.00182905
0.0183105 0.00182912

0.0183105 0.00182912
0.0183594 0.00182919

0.0183594 0.00182919
0.0184082 0.00182926

0.0184082 0.00182926
0.018457 0.00182934

0.018457 0.00182934
0.0185059 0.00182941

0.0185059 0.00182941
0.0185547 0.00182949

0.0185547 0.00182949
0.0186035 0.00182957

0.0186035 0.00182957
0.0186523 0.00182966

0.0186523 0.00182966
0.0187012 0.00182975

0.0187012 0.00182975
0.01875 0.00182984

0.01875 0.00182984
0.0187988 0.00182993

0.0187988 0.00182993
0.0188477 0.00183002

0.0188477 0.00183002
0.0188965 0.00183012

0.0188965 0.00183012
0.0189453 0.00183022

0.0189453 0.00183022
0.0189941 0.00183032

0.0189941 0.00183032
0.019043 0.00183043

0.019043 0.00183043
0.0190918 0.00183053

0.0190918 0.00183053
0.0191406 0.00183064

0.0191406 0.00183064
0.0191895 0.00183075

0.0191895 0.00183075
0.0192383 0.00183087

0.0192383 0.00183087
0.0192871 0.00183099

0.0192871 0.00183099
0.0193359 0.00183111

0.0193359 0.00183111
0.0193848 0.00183123

0.0193848 0.00183123
0.0194336 0.00183135

0.0194336 0.00183135
0.0194824 0.00183148

0.0194824 0.00183148
0.0195312 0.00183161

0.0195313 0.00183161
0.0195801 0.00183174

0.0195801 0.00183174
0.0196289 0.00183187

0.0196289 0.00183187
0.0196777 0.001832

0.0196777 0.001832
0.0197266 0.00183214

0.0197266 0.00183214
0.0197754 0.00183227

0.0197754 0.00183227
0.0198242 0.00183241

0.0198242 0.00183241
0.019873 0.00183255

0.019873 0.00183255
0.0199219 0.00183269

0.0199219 0.00183269
0.0199707 0.00183283

0.0199707 0.00183283
0.0200195 0.00183297

0.0200195 0.00183297
0.0200684 0.00183312

0.0200684 0.00183312
0.0201172 0.00183326

0.0201172 0.00183326
0.020166 0.00183341

0.020166 0.00183341
0.0202148 0.00183355

0.0202148 0.00183355
0.0202637 0.0018337

0.0202637 0.0018337
0.0203125 0.00183384

0.0203125 0.00183384
0.0203613 0.00183399

0.0203613 0.00183399
0.0204102 0.00183413

0.0204102 0.00183413
0.020459 0.00183428

0.020459 0.00183428
0.0205078 0.00183442

0.0205078 0.00183442
0.0205566 0.00183457

0.0205566 0.00183457
0.0206055 0.00183472

0.0206055 0.00183472
0.0206543 0.00183486

0.0206543 0.00183486
0.0207031 0.001835

0.0207031 0.001835
0.020752 0.00183515

0.020752 0.00183515
0.0208008 0.00183529

0.0208008 0.00183529
0.0208496 0.00183543

0.0208496 0.00183543
0.0208984 0.00183557

0.0208984 0.00183557
0.0209473 0.00183571

0.0209473 0.00183571
0.0209961 0.00183585

0.0209961 0.00183585
0.0210449 0.00183599

0.0210449 0.00183599
0.0210938 0.00183613

0.0210938 0.00183613
0.0211426 0.00183626

0.0211426 0.00183626
0.0211914 0.0018364

0.0211914 0.0018364
0.0212402 0.00183653

0.0212402 0.00183653
0.0212891 0.00183666

0.0212891 0.00183666
0.0213379 0.00183679

0.0213379 0.00183679
0.0213867 0.00183692

0.0213867 0.00183692
0.0214355 0.00183704

0.0214355 0.00183704
0.0214844 0.00183716

0.0214844 0.00183716
0.0215332 0.00183728

0.0215332 0.00183728
0.021582 0.0018374

0.021582 0.0018374
0.0216309 0.00183751

0.0216309 0.00183751
0.0216797 0.00183762

0.0216797 0.00183762
0.0217285 0.00183773

0.0217285 0.00183773
0.0217773 0.00183783

0.0217773 0.00183783
0.0218262 0.00183793

0.0218262 0.00183793
0.021875 0.00183803

0.021875 0.00183803
0.0219238 0.00183812

0.0219238 0.00183812
0.0219727 0.00183821

0.0219727 0.00183821
0.0220215 0.0018383

0.0220215 0.0018383
0.0220703 0.00183838

0.0220703 0.00183838
0.0221191 0.00183846

0.0221191 0.00183846
0.022168 0.00183853

0.022168 0.00183853
0.0222168 0.0018386

0.0222168 0.0018386
0.0222656 0.00183866

0.0222656 0.00183866
0.0223145 0.00183872

0.0223145 0.00183872
0.0223633 0.00183877

0.0223633 0.00183877
0.0224121 0.00183882

0.0224121 0.00183882
0.0224609 0.00183886

0.0224609 0.00183886
0.0225098 0.0018389

0.0225098 0.0018389
0.0225586 0.00183894

0.0225586 0.00183894
0.0226074 0.00183896

0.0226074 0.00183896
0.0226562 0.00183899

0.0226563 0.00183899
0.0227051 0.00183901

0.0227051 0.00183901
0.0227539 0.00183902

0.0227539 0.00183902
0.0228027 0.00183903

0.0228027 0.00183903
0.0228516 0.00183904

0.0228516 0.00183904
0.0229004 0.00183904

0.0229004 0.00183904
0.0229492 0.00183904

0.0229492 0.00183904
0.022998 0.00183903

0.022998 0.00183903
0.0230469 0.00183901

0.0230469 0.00183901
0.0230957 0.001839

0.0230957 0.001839
0.0231445 0.00183897

0.0231445 0.00183897
0.0231934 0.00183895

0.0231934 0.00183895
0.0232422 0.00183892

0.0232422 0.00183892
0.023291 0.00183888

0.023291 0.00183888
0.0233398 0.00183884

0.0233398 0.00183884
0.0233887 0.0018388

0.0233887 0.0018388
0.0234375 0.00183875

0.0234375 0.00183875
0.0234863 0.0018387

0.0234863 0.0018387
0.0235352 0.00183864

0.0235352 0.00183864
0.023584 0.00183858

0.023584 0.00183858
0.0236328 0.00183852

0.0236328 0.00183852
0.0236816 0.00183845

0.0236816 0.00183845
0.0237305 0.00183838

0.0237305 0.00183838
0.0237793 0.0018383

0.0237793 0.0018383
0.0238281 0.00183823

0.0238281 0.00183823
0.023877 0.00183815

0.023877 0.00183815
0.0239258 0.00183806

0.0239258 0.00183806
0.0239746 0.00183798

0.0239746 0.00183798
0.0240234 0.00183789

0.0240234 0.00183789
0.0240723 0.0018378

0.0240723 0.0018378
0.0241211 0.00183771

0.0241211 0.00183771
0.0241699 0.00183761

0.0241699 0.00183761
0.0242188 0.00183752

0.0242188 0.00183752
0.0242676 0.00183742

0.0242676 0.00183742
0.0243164 0.00183732

0.0243164 0.00183732
0.0243652 0.00183722

0.0243652 0.00183722
0.0244141 0.00183712

0.0244141 0.00183712
0.0244629 0.00183702

0.0244629 0.00183702
0.0245117 0.00183692

0.0245117 0.00183692
0.0245605 0.00183682

0.0245605 0.00183682
0.0246094 0.00183672

0.0246094 0.00183672
0.0246582 0.00183662

0.0246582 0.00183662
0.024707 0.00183652

0.024707 0.00183652
0.0247559 0.00183643

0.0247559 0.00183643
0.0248047 0.00183633

0.0248047 0.00183633
0.0248535 0.00183623

0.0248535 0.00183623
0.0249023 0.00183614

0.0249023 0.00183614
0.0249512 0.00183605

0.0249512 0.00183605
0.025 0.00183596

0.025 0.00183596
0.0250488 0.00183587

0.0250488 0.00183587
0.0250977 0.00183578

0.0250977 0.00183578
0.0251465 0.0018357

0.0251465 0.0018357
0.0251953 0.00183562

0.0251953 0.00183562
0.0252441 0.00183554

0.0252441 0.00183554
0.025293 0.00183547

0.025293 0.00183547
0.0253418 0.0018354

0.0253418 0.0018354
0.0253906 0.00183533

0.0253906 0.00183533
0.0254395 0.00183527

0.0254395 0.00183527
0.0254883 0.00183521

0.0254883 0.00183521
0.0255371 0.00183516

0.0255371 0.00183516
0.0255859 0.00183511

0.0255859 0.00183511
0.0256348 0.00183507

0.0256348 0.00183507
0.0256836 0.00183503

0.0256836 0.00183503
0.0257324 0.00183499

0.0257324 0.00183499
0.0257812 0.00183496

0.0257813 0.00183496
0.0258301 0.00183494

0.0258301 0.00183494
0.0258789 0.00183492

0.0258789 0.00183492
0.0259277 0.0018349

0.0259277 0.0018349
0.0259766 0.00183489

0.0259766 0.00183489
0.0260254 0.00183488

0.0260254 0.00183488
0.0260742 0.00183489

0.0260742 0.00183489
0.026123 0.00183489

0.026123 0.00183489
0.0261719 0.0018349

0.0261719 0.0018349
0.0262207 0.00183492

0.0262207 0.00183492
0.0262695 0.00183494

0.0262695 0.00183494
0.0263184 0.00183496

0.0263184 0.00183496
0.0263672 0.00183499

0.0263672 0.00183499
0.026416 0.00183503

0.026416 0.00183503
0.0264648 0.00183507

0.0264648 0.00183507
0.0265137 0.00183511

0.0265137 0.00183511
0.0265625 0.00183516

0.0265625 0.00183516
0.0266113 0.00183521

0.0266113 0.00183521
0.0266602 0.00183527

0.0266602 0.00183527
0.026709 0.00183533

0.026709 0.00183533
0.0267578 0.0018354

0.0267578 0.0018354
0.0268066 0.00183547

0.0268066 0.00183547
0.0268555 0.00183554

0.0268555 0.00183554
0.0269043 0.00183561

0.0269043 0.00183561
0.0269531 0.00183569

0.0269531 0.00183569
0.027002 0.00183577

0.027002 0.00183577
0.0270508 0.00183585

0.0270508 0.00183585
0.0270996 0.00183594

0.0270996 0.00183594
0.0271484 0.00183602

0.0271484 0.00183602
0.0271973 0.00183611

0.0271973 0.00183611
0.0272461 0.0018362

0.0272461 0.0018362
0.0272949 0.00183628

0.0272949 0.00183628
0.0273438 0.00183637

0.0273438 0.00183637
0.0273926 0.00183646

0.0273926 0.00183646
0.0274414 0.00183655

0.0274414 0.00183655
0.0274902 0.00183664

0.0274902 0.00183664
0.0275391 0.00183672

0.0275391 0.00183672
0.0275879 0.00183681

0.0275879 0.00183681
0.0276367 0.00183689

0.0276367 0.00183689
0.0276855 0.00183697

0.0276855 0.00183697
0.0277344 0.00183705

0.0277344 0.00183705
0.0277832 0.00183713

0.0277832 0.00183713
0.027832 0.0018372

0.027832 0.0018372
0.0278809 0.00183727

0.0278809 0.00183727
0.0279297 0.00183734

0.0279297 0.00183734
0.0279785 0.0018374

0.0279785 0.0018374
0.0280273 0.00183746

0.0280273 0.00183746
0.0280762 0.00183752

0.0280762 0.00183752
0.028125 0.00183757

0.028125 0.00183757
0.0281738 0.00183762

0.0281738 0.00183762
0.0282227 0.00183766

0.0282227 0.00183766
0.0282715 0.0018377

0.0282715 0.0018377
0.0283203 0.00183773

0.0283203 0.00183773
0.0283691 0.00183776

0.0283691 0.00183776
0.028418 0.00183778

0.028418 0.00183778
0.0284668 0.00183781

0.0284668 0.00183781
0.0285156 0.00183782

0.0285156 0.00183782
0.0285645 0.00183783

0.0285645 0.00183783
0.0286133 0.00183784

0.0286133 0.00183784
0.0286621 0.00183784

0.0286621 0.00183784
0.0287109 0.00183784

0.0287109 0.00183784
0.0287598 0.00183784

0.0287598 0.00183784
0.0288086 0.00183783

0.0288086 0.00183783
0.0288574 0.00183782

0.0288574 0.00183782
0.0289063 0.0018378

0.0289063 0.0018378
0.0289551 0.00183778

0.0289551 0.00183778
0.0290039 0.00183776

0.0290039 0.00183776
0.0290527 0.00183774

0.0290527 0.00183774
0.0291016 0.00183771

0.0291016 0.00183771
0.0291504 0.00183769

0.0291504 0.00183769
0.0291992 0.00183766

0.0291992 0.00183766
0.029248 0.00183763

0.029248 0.00183763
0.0292969 0.0018376

0.0292969 0.0018376
0.0293457 0.00183757

0.0293457 0.00183757
0.0293945 0.00183754

0.0293945 0.00183754
0.0294434 0.00183751

0.0294434 0.00183751
0.0294922 0.00183747

0.0294922 0.00183747
0.029541 0.00183744

0.029541 0.00183744
0.0295898 0.00183741

0.0295898 0.00183741
0.0296387 0.00183739

0.0296387 0.00183739
0.0296875 0.00183736

0.0296875 0.00183736
0.0297363 0.00183733

0.0297363 0.00183733
0.0297852 0.00183731

0.0297852 0.00183731
0.029834 0.00183728

0.029834 0.00183728
0.0298828 0.00183726

0.0298828 0.00183726
0.0299316 0.00183724

0.0299316 0.00183724
0.0299805 0.00183722

0.0299805 0.00183722
0.0300293 0.00183721

0.0300293 0.00183721
0.0300781 0.00183719

0.0300781 0.00183719
0.030127 0.00183718

0.030127 0.00183718
0.0301758 0.00183717

0.0301758 0.00183717
0.0302246 0.00183716

0.0302246 0.00183716
0.0302734 0.00183715

0.0302734 0.00183715
0.0303223 0.00183715

0.0303223 0.00183715
0.0303711 0.00183714

0.0303711 0.00183714
0.0304199 0.00183714

0.0304199 0.00183714
0.0304687 0.00183714

0.0304688 0.00183714
0.0305176 0.00183714

0.0305176 0.00183714
0.0305664 0.00183714

0.0305664 0.00183714
0.0306152 0.00183714

0.0306152 0.00183714
0.0306641 0.00183714

0.0306641 0.00183714
0.0307129 0.00183714

0.0307129 0.00183714
0.0307617 0.00183714

0.0307617 0.00183714
0.0308105 0.00183714

0.0308105 0.00183714
0.0308594 0.00183714

0.0308594 0.00183714
0.0309082 0.00183713

0.0309082 0.00183713
0.030957 0.00183713

0.030957 0.00183713
0.0310059 0.00183713

0.0310059 0.00183713
0.0310547 0.00183713

0.0310547 0.00183713
0.0311035 0.00183712

0.0311035 0.00183712
0.0311523 0.00183712

0.0311523 0.00183712
0.0312012 0.00183711

0.0312012 0.00183711
0.03125 0.00183711

0.03125 0.00183711
0.0312988 0.0018371

0.0312988 0.0018371
0.0313477 0.00183709

0.0313477 0.00183709
0.0313965 0.00183709

0.0313965 0.00183709
0.0314453 0.00183708

0.0314453 0.00183708
0.0314941 0.00183707

0.0314941 0.00183707
0.031543 0.00183706

0.031543 0.00183706
0.0315918 0.00183706

0.0315918 0.00183706
0.0316406 0.00183705

0.0316406 0.00183705
0.0316895 0.00183704

0.0316895 0.00183704
0.0317383 0.00183704

0.0317383 0.00183703
0.0317871 0.00183703

0.0317871 0.00183703
0.0318359 0.00183703

0.0318359 0.00183703
0.0318848 0.00183702

0.0318848 0.00183702
0.0319336 0.00183702

0.0319336 0.00183702
0.0319824 0.00183702

0.0319824 0.00183702
0.0320312 0.00183702

0.0320313 0.00183702
0.0320801 0.00183703

0.0320801 0.00183703
0.0321289 0.00183703

0.0321289 0.00183703
0.0321777 0.00183704

0.0321777 0.00183704
0.0322266 0.00183705

0.0322266 0.00183705
0.0322754 0.00183706

0.0322754 0.00183706
0.0323242 0.00183707

0.0323242 0.00183707
0.032373 0.00183708

0.032373 0.00183708
0.0324219 0.00183709

0.0324219 0.00183709
0.0324707 0.0018371

0.0324707 0.0018371
0.0325195 0.00183712

0.0325195 0.00183712
0.0325684 0.00183713

0.0325684 0.00183713
0.0326172 0.00183714

0.0326172 0.00183714
0.032666 0.00183716

0.032666 0.00183716
0.0327148 0.00183717

0.0327148 0.00183717
0.0327637 0.00183718

0.0327637 0.00183718
0.0328125 0.00183719

0.0328125 0.00183719
0.0328613 0.0018372

0.0328613 0.0018372
0.0329102 0.0018372

0.0329102 0.0018372
0.032959 0.00183721

0.032959 0.00183721
0.0330078 0.00183721

0.0330078 0.00183721
0.0330566 0.00183721

0.0330566 0.00183721
0.0331055 0.00183721

0.0331055 0.00183721
0.0331543 0.00183721

0.0331543 0.00183721
0.0332031 0.00183721

0.0332031 0.00183721
0.033252 0.0018372

0.033252 0.0018372
0.0333008 0.00183719

0.0333008 0.00183719
0.0333496 0.00183718

0.0333496 0.00183718
0.0333984 0.00183717

0.0333984 0.00183717
0.0334473 0.00183716

0.0334473 0.00183716
0.0334961 0.00183715

0.0334961 0.00183715
0.0335449 0.00183714

0.0335449 0.00183714
0.0335937 0.00183713

0.0335938 0.00183713
0.0336426 0.00183713

0.0336426 0.00183713
0.0336914 0.00183712

0.0336914 0.00183712
0.0337402 0.00183711

0.0337402 0.00183711
0.0337891 0.00183711

0.0337891 0.00183711
0.0338379 0.00183711

0.0338379 0.0018371
0.0338867 0.0018371

0.0338867 0.0018371
0.0339355 0.00183711

0.0339355 0.00183711
0.0339844 0.00183711

0.0339844 0.00183711
0.0340332 0.00183712

0.0340332 0.00183712
0.034082 0.00183713

0.034082 0.00183713
0.0341309 0.00183714

0.0341309 0.00183714
0.0341797 0.00183715

0.0341797 0.00183715
0.0342285 0.00183717

0.0342285 0.00183717
0.0342773 0.00183719

0.0342773 0.00183719
0.0343262 0.00183721

0.0343262 0.00183721
0.034375 0.00183724

0.034375 0.00183724
0.0344238 0.00183726

0.0344238 0.00183726
0.0344727 0.00183729

0.0344727 0.00183729
0.0345215 0.00183732

0.0345215 0.00183732
0.0345703 0.00183735

0.0345703 0.00183735
0.0346191 0.00183738

0.0346191 0.00183738
0.034668 0.00183741

0.034668 0.00183741
0.0347168 0.00183744

0.0347168 0.00183744
0.0347656 0.00183747

0.0347656 0.00183747
0.0348145 0.00183751

0.0348145 0.00183751
0.0348633 0.00183754

0.0348633 0.00183754
0.0349121 0.00183758

0.0349121 0.00183758
0.0349609 0.00183762

0.0349609 0.00183762
0.0350098 0.00183765

0.0350098 0.00183765
0.0350586 0.00183769

0.0350586 0.00183769
0.0351074 0.00183773

0.0351074 0.00183773
0.0351562 0.00183777

0.0351562 0.00183777
0.0352051 0.0018378

0.0352051 0.0018378
0.0352539 0.00183784

0.0352539 0.00183784
0.0353027 0.00183788

0.0353027 0.00183788
0.0353516 0.00183793

0.0353516 0.00183793
0.0354004 0.00183797

0.0354004 0.00183797
0.0354492 0.00183801

0.0354492 0.00183801
0.035498 0.00183805

0.035498 0.00183805
0.0355469 0.0018381

0.0355469 0.0018381
0.0355957 0.00183814

0.0355957 0.00183814
0.0356445 0.00183818

0.0356445 0.00183818
0.0356934 0.00183823

0.0356934 0.00183823
0.0357422 0.00183827

0.0357422 0.00183827
0.035791 0.00183832

0.035791 0.00183832
0.0358398 0.00183837

0.0358398 0.00183837
0.0358887 0.00183841

0.0358887 0.00183841
0.0359375 0.00183846

0.0359375 0.00183846
0.0359863 0.00183851

0.0359863 0.00183851
0.0360352 0.00183856

0.0360352 0.00183856
0.036084 0.00183861

0.036084 0.00183861
0.0361328 0.00183865

0.0361328 0.00183865
0.0361816 0.0018387

0.0361816 0.0018387
0.0362305 0.00183875

0.0362305 0.00183875
0.0362793 0.0018388

0.0362793 0.0018388
0.0363281 0.00183885

0.0363281 0.00183885
0.036377 0.0018389

0.036377 0.0018389
0.0364258 0.00183894

0.0364258 0.00183894
0.0364746 0.00183899

0.0364746 0.00183899
0.0365234 0.00183904

0.0365234 0.00183904
0.0365723 0.00183909

0.0365723 0.00183909
0.0366211 0.00183914

0.0366211 0.00183914
0.0366699 0.00183919

0.0366699 0.00183919
0.0367188 0.00183923

0.0367188 0.00183923
0.0367676 0.00183928

0.0367676 0.00183928
0.0368164 0.00183933

0.0368164 0.00183933
0.0368652 0.00183938

0.0368652 0.00183938
0.0369141 0.00183943

0.0369141 0.00183943
0.0369629 0.00183947

0.0369629 0.00183947
0.0370117 0.00183952

0.0370117 0.00183952
0.0370605 0.00183957

0.0370605 0.00183957
0.0371094 0.00183962

0.0371094 0.00183962
0.0371582 0.00183967

0.0371582 0.00183967
0.037207 0.00183972

0.037207 0.00183972
0.0372559 0.00183976

0.0372559 0.00183976
0.0373047 0.00183981

0.0373047 0.00183981
0.0373535 0.00183986

0.0373535 0.00183986
0.0374023 0.00183991

0.0374023 0.00183991
0.0374512 0.00183995

0.0374512 0.00183995
0.0375 0.00184

0.0375 0.00184
0.0375488 0.00184005

0.0375488 0.00184005
0.0375977 0.00184009

0.0375977 0.00184009
0.0376465 0.00184014

0.0376465 0.00184014
0.0376953 0.00184019

0.0376953 0.00184019
0.0377441 0.00184023

0.0377441 0.00184023
0.037793 0.00184028

0.037793 0.00184028
0.0378418 0.00184033

0.0378418 0.00184033
0.0378906 0.00184037

0.0378906 0.00184037
0.0379395 0.00184042

0.0379395 0.00184042
0.0379883 0.00184046

0.0379883 0.00184046
0.0380371 0.0018405

0.0380371 0.0018405
0.0380859 0.00184055

0.0380859 0.00184055
0.0381348 0.00184059

0.0381348 0.00184059
0.0381836 0.00184063

0.0381836 0.00184063
0.0382324 0.00184068

0.0382324 0.00184068
0.0382813 0.00184072

0.0382813 0.00184072
0.0383301 0.00184076

0.0383301 0.00184076
0.0383789 0.0018408

0.0383789 0.0018408
0.0384277 0.00184084

0.0384277 0.00184084
0.0384766 0.00184088

0.0384766 0.00184088
0.0385254 0.00184092

0.0385254 0.00184092
0.0385742 0.00184096

0.0385742 0.00184096
0.038623 0.00184099

0.038623 0.00184099
0.0386719 0.00184103

0.0386719 0.00184103
0.0387207 0.00184107

0.0387207 0.00184107
0.0387695 0.0018411

0.0387695 0.0018411
0.0388184 0.00184113

0.0388184 0.00184113
0.0388672 0.00184117

0.0388672 0.00184117
0.038916 0.0018412

0.038916 0.0018412
0.0389648 0.00184123

0.0389648 0.00184123
0.0390137 0.00184126

0.0390137 0.00184126
0.0390625 0.00184129

0.0390625 0.00184129
0.0391113 0.00184132

0.0391113 0.00184132
0.0391602 0.00184135

0.0391602 0.00184135
0.039209 0.00184137

0.039209 0.00184137
0.0392578 0.0018414

0.0392578 0.0018414
0.0393066 0.00184142

0.0393066 0.00184142
0.0393555 0.00184145

0.0393555 0.00184145
0.0394043 0.00184147

0.0394043 0.00184147
0.0394531 0.00184149

0.0394531 0.00184149
0.039502 0.00184151

0.039502 0.00184151
0.0395508 0.00184153

0.0395508 0.00184153
0.0395996 0.00184154

0.0395996 0.00184154
0.0396484 0.00184156

0.0396484 0.00184156
0.0396973 0.00184157

0.0396973 0.00184157
0.0397461 0.00184158

0.0397461 0.00184158
0.0397949 0.0018416

0.0397949 0.0018416
0.0398438 0.00184161

0.0398438 0.00184161
0.0398926 0.00184161

0.0398926 0.00184161
0.0399414 0.00184162

0.0399414 0.00184162
0.0399902 0.00184163

0.0399902 0.00184163
0.0400391 0.00184163

0.0400391 0.00184163
0.0400879 0.00184163

0.0400879 0.00184163
0.0401367 0.00184163

0.0401367 0.00184163
0.0401855 0.00184163

0.0401855 0.00184163
0.0402344 0.00184163

0.0402344 0.00184163
0.0402832 0.00184163

0.0402832 0.00184163
0.040332 0.00184162

0.040332 0.00184162
0.0403809 0.00184161

0.0403809 0.00184161
0.0404297 0.0018416

0.0404297 0.0018416
0.0404785 0.00184159

0.0404785 0.00184159
0.0405273 0.00184158

0.0405273 0.00184158
0.0405762 0.00184156

0.0405762 0.00184156
0.040625 0.00184155

0.040625 0.00184155
0.0406738 0.00184153

0.0406738 0.00184153
0.0407227 0.00184151

0.0407227 0.00184151
0.0407715 0.00184148

0.0407715 0.00184148
0.0408203 0.00184146

0.0408203 0.00184146
0.0408691 0.00184143

0.0408691 0.00184143
0.040918 0.0018414

0.040918 0.0018414
0.0409668 0.00184137

0.0409668 0.00184137
0.0410156 0.00184134

0.0410156 0.00184134
0.0410645 0.00184131

0.0410645 0.00184131
0.0411133 0.00184127

0.0411133 0.00184127
0.0411621 0.00184123

0.0411621 0.00184123
0.0412109 0.00184119

0.0412109 0.00184119
0.0412598 0.00184115

0.0412598 0.00184115
0.0413086 0.0018411

0.0413086 0.0018411
0.0413574 0.00184106

0.0413574 0.00184106
0.0414062 0.00184101

0.0414063 0.00184101
0.0414551 0.00184096

0.0414551 0.00184096
0.0415039 0.0018409

0.0415039 0.0018409
0.0415527 0.00184085

0.0415527 0.00184085
0.0416016 0.00184079

0.0416016 0.00184079
0.0416504 0.00184073

0.0416504 0.00184073
0.0416992 0.00184067

0.0416992 0.00184067
0.041748 0.00184061

0.041748 0.00184061
0.0417969 0.00184055

0.0417969 0.00184055
0.0418457 0.00184048

0.0418457 0.00184048
0.0418945 0.00184041

0.0418945 0.00184041
0.0419434 0.00184034

0.0419434 0.00184034
0.0419922 0.00184027

0.0419922 0.00184027
0.042041 0.0018402

0.042041 0.0018402
0.0420898 0.00184012

0.0420898 0.00184012
0.0421387 0.00184005

0.0421387 0.00184005
0.0421875 0.00183997

0.0421875 0.00183997
0.0422363 0.00183989

0.0422363 0.00183989
0.0422852 0.00183981

0.0422852 0.00183981
0.042334 0.00183972

0.042334 0.00183972
0.0423828 0.00183964

0.0423828 0.00183964
0.0424316 0.00183956

0.0424316 0.00183956
0.0424805 0.00183947

0.0424805 0.00183947
0.0425293 0.00183938

0.0425293 0.00183938
0.0425781 0.00183929

0.0425781 0.00183929
0.042627 0.0018392

0.042627 0.0018392
0.0426758 0.00183911

0.0426758 0.00183911
0.0427246 0.00183902

0.0427246 0.00183902
0.0427734 0.00183892

0.0427734 0.00183892
0.0428223 0.00183883

0.0428223 0.00183883
0.0428711 0.00183873

0.0428711 0.00183873
0.0429199 0.00183863

0.0429199 0.00183863
0.0429688 0.00183854

0.0429688 0.00183854
0.0430176 0.00183844

0.0430176 0.00183844
0.0430664 0.00183834

0.0430664 0.00183834
0.0431152 0.00183824

0.0431152 0.00183824
0.0431641 0.00183814

0.0431641 0.00183814
0.0432129 0.00183804

0.0432129 0.00183804
0.0432617 0.00183794

0.0432617 0.00183794
0.0433105 0.00183784

0.0433105 0.00183784
0.0433594 0.00183774

0.0433594 0.00183774
0.0434082 0.00183764

0.0434082 0.00183764
0.043457 0.00183754

0.043457 0.00183754
0.0435059 0.00183744

0.0435059 0.00183744
0.0435547 0.00183734

0.0435547 0.00183734
0.0436035 0.00183724

0.0436035 0.00183724
0.0436523 0.00183715

0.0436523 0.00183715
0.0437012 0.00183705

0.0437012 0.00183705
0.04375 0.00183695

0.04375 0.00183695
0.0437988 0.00183685

0.0437988 0.00183685
0.0438477 0.00183676

0.0438477 0.00183676
0.0438965 0.00183666

0.0438965 0.00183666
0.0439453 0.00183657

0.0439453 0.00183657
0.0439941 0.00183648

0.0439941 0.00183648
0.044043 0.00183639

0.044043 0.00183639
0.0440918 0.0018363

0.0440918 0.0018363
0.0441406 0.00183621

0.0441406 0.00183621
0.0441895 0.00183612

0.0441895 0.00183612
0.0442383 0.00183604

0.0442383 0.00183604
0.0442871 0.00183595

0.0442871 0.00183595
0.0443359 0.00183587

0.0443359 0.00183587
0.0443848 0.00183579

0.0443848 0.00183579
0.0444336 0.00183571

0.0444336 0.00183571
0.0444824 0.00183564

0.0444824 0.00183564
0.0445313 0.00183556

0.0445313 0.00183556
0.0445801 0.00183549

0.0445801 0.00183549
0.0446289 0.00183542

0.0446289 0.00183542
0.0446777 0.00183536

0.0446777 0.00183536
0.0447266 0.00183529

0.0447266 0.00183529
0.0447754 0.00183523

0.0447754 0.00183523
0.0448242 0.00183517

0.0448242 0.00183517
0.044873 0.00183512

0.044873 0.00183512
0.0449219 0.00183506

0.0449219 0.00183506
0.0449707 0.00183501

0.0449707 0.00183501
0.0450195 0.00183496

0.0450195 0.00183496
0.0450684 0.00183492

0.0450684 0.00183492
0.0451172 0.00183488

0.0451172 0.00183488
0.045166 0.00183484

0.045166 0.00183484
0.0452148 0.00183481

0.0452148 0.00183481
0.0452637 0.00183478

0.0452637 0.00183478
0.0453125 0.00183475

0.0453125 0.00183475
0.0453613 0.00183472

0.0453613 0.00183472
0.0454102 0.0018347

0.0454102 0.0018347
0.045459 0.00183469

0.045459 0.00183469
0.0455078 0.00183468

0.0455078 0.00183468
0.0455566 0.00183467

0.0455566 0.00183467
0.0456055 0.00183466

0.0456055 0.00183466
0.0456543 0.00183466

0.0456543 0.00183466
0.0457031 0.00183467

0.0457031 0.00183467
0.045752 0.00183468

0.045752 0.00183468
0.0458008 0.00183469

0.0458008 0.00183469
0.0458496 0.00183471

0.0458496 0.00183471
0.0458984 0.00183473

0.0458984 0.00183473
0.0459473 0.00183476

0.0459473 0.00183476
0.0459961 0.00183479

0.0459961 0.00183479
0.0460449 0.00183483

0.0460449 0.00183483
0.0460938 0.00183487

0.0460938 0.00183487
0.0461426 0.00183492

0.0461426 0.00183492
0.0461914 0.00183497

0.0461914 0.00183497
0.0462402 0.00183503

0.0462402 0.00183503
0.0462891 0.00183509

0.0462891 0.00183509
0.0463379 0.00183516

0.0463379 0.00183516
0.0463867 0.00183523

0.0463867 0.00183523
0.0464355 0.00183531

0.0464355 0.00183531
0.0464844 0.0018354

0.0464844 0.0018354
0.0465332 0.00183549

0.0465332 0.00183549
0.046582 0.00183559

0.046582 0.00183559
0.0466309 0.00183569

0.0466309 0.00183569
0.0466797 0.0018358

0.0466797 0.0018358
0.0467285 0.00183591

0.0467285 0.00183591
0.0467773 0.00183603

0.0467773 0.00183603
0.0468262 0.00183616

0.0468262 0.00183616
0.046875 0.00183629

0.046875 0.00183629
0.0469238 0.00183643

0.0469238 0.00183643
0.0469727 0.00183657

0.0469727 0.00183657
0.0470215 0.00183672

0.0470215 0.00183672
0.0470703 0.00183688

0.0470703 0.00183688
0.0471191 0.00183704

0.0471191 0.00183704
0.047168 0.00183721

0.047168 0.00183721
0.0472168 0.00183738

0.0472168 0.00183738
0.0472656 0.00183756

0.0472656 0.00183756
0.0473145 0.00183775

0.0473145 0.00183775
0.0473633 0.00183794

0.0473633 0.00183794
0.0474121 0.00183814

0.0474121 0.00183814
0.0474609 0.00183835

0.0474609 0.00183835
0.0475098 0.00183856

0.0475098 0.00183856
0.0475586 0.00183878

0.0475586 0.00183878
0.0476074 0.00183901

0.0476074 0.00183901
0.0476563 0.00183924

0.0476563 0.00183924
0.0477051 0.00183948

0.0477051 0.00183948
0.0477539 0.00183972

0.0477539 0.00183972
0.0478027 0.00183997

0.0478027 0.00183997
0.0478516 0.00184023

0.0478516 0.00184023
0.0479004 0.0018405

0.0479004 0.0018405
0.0479492 0.00184077

0.0479492 0.00184077
0.047998 0.00184104

0.047998 0.00184104
0.0480469 0.00184132

0.0480469 0.00184132
0.0480957 0.00184161

0.0480957 0.00184161
0.0481445 0.00184191

0.0481445 0.00184191
0.0481934 0.00184221

0.0481934 0.00184221
0.0482422 0.00184252

0.0482422 0.00184252
0.048291 0.00184283

0.048291 0.00184283
0.0483398 0.00184315

0.0483398 0.00184315
0.0483887 0.00184347

0.0483887 0.00184347
0.0484375 0.0018438

0.0484375 0.0018438
0.0484863 0.00184413

0.0484863 0.00184413
0.0485352 0.00184447

0.0485352 0.00184447
0.048584 0.00184482

0.048584 0.00184482
0.0486328 0.00184517

0.0486328 0.00184517
0.0486816 0.00184553

0.0486816 0.00184553
0.0487305 0.00184589

0.0487305 0.00184589
0.0487793 0.00184625

0.0487793 0.00184625
0.0488281 0.00184662

0.0488281 0.00184662
0.048877 0.00184699

0.048877 0.00184699
0.0489258 0.00184737

0.0489258 0.00184737
0.0489746 0.00184775

0.0489746 0.00184775
0.0490234 0.00184814

0.0490234 0.00184814
0.0490723 0.00184853

0.0490723 0.00184853
0.0491211 0.00184892

0.0491211 0.00184892
0.0491699 0.00184931

0.0491699 0.00184931
0.0492187 0.00184971

0.0492188 0.00184971
0.0492676 0.00185011

0.0492676 0.00185011
0.0493164 0.00185051

0.0493164 0.00185051
0.0493652 0.00185091

0.0493652 0.00185091
0.0494141 0.00185132

0.0494141 0.00185132
0.0494629 0.00185173

0.0494629 0.00185173
0.0495117 0.00185214

0.0495117 0.00185214
0.0495605 0.00185254

0.0495605 0.00185254
0.0496094 0.00185295

0.0496094 0.00185295
0.0496582 0.00185336

0.0496582 0.00185336
0.049707 0.00185377

0.049707 0.00185377
0.0497559 0.00185418

0.0497559 0.00185418
0.0498047 0.00185458

0.0498047 0.00185459
0.0498535 0.00185499

0.0498535 0.00185498
0.0499023 0.00185538

0.0499023 0.00185538
0.0499134 0.00185547

0.0499136 0.00185547
0.0499512 0.00185578

0.0499512 0.00185578
0.05 0.00185618

0.05 0.00185618
0.0500488 0.00185658

0.0500488 0.00185658
0.0500977 0.00185697

0.0500977 0.00185697
0.0501465 0.00185736

0.0501465 0.00185736
0.0501953 0.00185775

0.0501953 0.00185775
0.0502441 0.00185813

0.0502441 0.00185813
0.050293 0.00185851

0.050293 0.00185851
0.0503418 0.00185888

0.0503418 0.00185888
0.0503906 0.00185925

0.0503906 0.00185925
0.0504395 0.00185961

0.0504395 0.00185961
0.0504883 0.00185997

0.0504883 0.00185997
0.0505371 0.00186032

0.0505371 0.00186032
0.0505859 0.00186066

0.0505859 0.00186066
0.0506348 0.001861

0.0506348 0.001861
0.0506836 0.00186133

0.0506836 0.00186133
0.0507324 0.00186165

0.0507324 0.00186165
0.0507812 0.00186197

0.0507813 0.00186197
0.0508301 0.00186228

0.0508301 0.00186228
0.0508789 0.00186258

0.0508789 0.00186258
0.0509277 0.00186287

0.0509277 0.00186287
0.0509766 0.00186315

0.0509766 0.00186315
0.0510254 0.00186343

0.0510254 0.00186343
0.0510742 0.00186369

0.0510742 0.00186369
0.051123 0.00186395

0.051123 0.00186395
0.0511719 0.0018642

0.0511719 0.0018642
0.0512207 0.00186444

0.0512207 0.00186444
0.0512695 0.00186467

0.0512695 0.00186467
0.0513184 0.00186489

0.0513184 0.00186489
0.0513672 0.00186509

0.0513672 0.00186509
0.051416 0.00186529

0.051416 0.00186529
0.0514648 0.00186548

0.0514648 0.00186548
0.0515137 0.00186566

0.0515137 0.00186566
0.0515625 0.00186583

0.0515625 0.00186583
0.0516113 0.00186598

0.0516113 0.00186598
0.0516602 0.00186613

0.0516602 0.00186613
0.051709 0.00186626

0.051709 0.00186626
0.0517578 0.00186638

0.0517578 0.00186638
0.0518066 0.00186649

0.0518066 0.00186649
0.0518555 0.00186659

0.0518555 0.00186659
0.0519043 0.00186668

0.0519043 0.00186668
0.0519531 0.00186676

0.0519531 0.00186676
0.052002 0.00186682

0.052002 0.00186682
0.0520508 0.00186687

0.0520508 0.00186687
0.0520996 0.00186691

0.0520996 0.00186691
0.0521484 0.00186694

0.0521484 0.00186694
0.0521973 0.00186695

0.0521973 0.00186695
0.0522461 0.00186696

0.0522461 0.00186696
0.0522949 0.00186695

0.0522949 0.00186695
0.0523438 0.00186692

0.0523438 0.00186692
0.0523926 0.00186689

0.0523926 0.00186689
0.0524414 0.00186684

0.0524414 0.00186684
0.0524902 0.00186678

0.0524902 0.00186678
0.0525391 0.00186671

0.0525391 0.00186671
0.0525879 0.00186663

0.0525879 0.00186663
0.0526367 0.00186653

0.0526367 0.00186653
0.0526855 0.00186642

0.0526855 0.00186642
0.0527344 0.0018663

0.0527344 0.0018663
0.0527832 0.00186617

0.0527832 0.00186617
0.052832 0.00186602

0.052832 0.00186602
0.0528809 0.00186587

0.0528809 0.00186587
0.0529297 0.0018657

0.0529297 0.0018657
0.0529785 0.00186551

0.0529785 0.00186551
0.0530273 0.00186532

0.0530273 0.00186532
0.0530762 0.00186512

0.0530762 0.00186512
0.053125 0.0018649

0.053125 0.0018649
0.0531738 0.00186467

0.0531738 0.00186467
0.0532227 0.00186443

0.0532227 0.00186443
0.0532715 0.00186418

0.0532715 0.00186418
0.0533203 0.00186392

0.0533203 0.00186392
0.0533691 0.00186365

0.0533691 0.00186365
0.053418 0.00186337

0.053418 0.00186337
0.0534668 0.00186308

0.0534668 0.00186308
0.0535156 0.00186277

0.0535156 0.00186277
0.0535645 0.00186246

0.0535645 0.00186246
0.0536133 0.00186214

0.0536133 0.00186214
0.0536621 0.00186181

0.0536621 0.00186181
0.0537109 0.00186147

0.0537109 0.00186147
0.0537598 0.00186112

0.0537598 0.00186112
0.0538086 0.00186076

0.0538086 0.00186076
0.0538574 0.00186039

0.0538574 0.00186039
0.0539063 0.00186001

0.0539063 0.00186001
0.0539551 0.00185963

0.0539551 0.00185963
0.0540039 0.00185924

0.0540039 0.00185924
0.0540527 0.00185884

0.0540527 0.00185884
0.0541016 0.00185844

0.0541016 0.00185844
0.0541504 0.00185802

0.0541504 0.00185802
0.0541992 0.00185761

0.0541992 0.00185761
0.054248 0.00185718

0.054248 0.00185718
0.0542969 0.00185675

0.0542969 0.00185675
0.0543457 0.00185631

0.0543457 0.00185632
0.0543945 0.00185588

0.0544434 0.00185543
0.0544394 0.00185547

0.0543945 0.00185588
0.0544399 0.00185547

0.0544434 0.00185543
0.0544922 0.00185498

0.0544922 0.00185498
0.054541 0.00185452

0.054541 0.00185452
0.0545898 0.00185406

0.0545898 0.00185406
0.0546387 0.00185359

0.0546387 0.00185359
0.0546875 0.00185312

0.0546875 0.00185312
0.0547363 0.00185265

0.0547363 0.00185265
0.0547852 0.00185218

0.0547852 0.00185218
0.054834 0.00185171

0.054834 0.00185171
0.0548828 0.00185123

0.0548828 0.00185123
0.0549316 0.00185076

0.0549316 0.00185076
0.0549805 0.00185029

0.0549805 0.00185029
0.0550293 0.00184981

0.0550293 0.00184981
0.0550781 0.00184934

0.0550781 0.00184934
0.055127 0.00184886

0.055127 0.00184886
0.0551758 0.00184839

0.0551758 0.00184839
0.0552246 0.00184792

0.0552246 0.00184792
0.0552734 0.00184745

0.0552734 0.00184745
0.0553223 0.00184698

0.0553223 0.00184698
0.0553711 0.00184651

0.0553711 0.00184651
0.0554199 0.00184605

0.0554199 0.00184605
0.0554688 0.00184559

0.0554688 0.00184559
0.0555176 0.00184513

0.0555176 0.00184513
0.0555664 0.00184467

0.0555664 0.00184467
0.0556152 0.00184422

0.0556152 0.00184422
0.0556641 0.00184377

0.0556641 0.00184377
0.0557129 0.00184333

0.0557129 0.00184333
0.0557617 0.00184289

0.0557617 0.00184289
0.0558105 0.00184246

0.0558105 0.00184246
0.0558594 0.00184203

0.0558594 0.00184203
0.0559082 0.0018416

0.0559082 0.0018416
0.055957 0.00184118

0.055957 0.00184118
0.0560059 0.00184077

0.0560059 0.00184077
0.0560547 0.00184036

0.0560547 0.00184036
0.0561035 0.00183996

0.0561035 0.00183996
0.0561523 0.00183957

0.0561523 0.00183957
0.0562012 0.00183918

0.0562012 0.00183918
0.05625 0.0018388

0.05625 0.0018388
0.0562988 0.00183842

0.0562988 0.00183842
0.0563477 0.00183806

0.0563477 0.00183806
0.0563965 0.0018377

0.0563965 0.0018377
0.0564453 0.00183735

0.0564453 0.00183735
0.0564941 0.00183701

0.0564941 0.00183701
0.056543 0.00183667

0.056543 0.00183667
0.0565918 0.00183635

0.0565918 0.00183635
0.0566406 0.00183603

0.0566406 0.00183603
0.0566895 0.00183573

0.0566895 0.00183573
0.0567383 0.00183543

0.0567383 0.00183543
0.0567871 0.00183514

0.0567871 0.00183514
0.0568359 0.00183486

0.0568359 0.00183486
0.0568848 0.00183459

0.0568848 0.00183459
0.0569336 0.00183434

0.0569336 0.00183434
0.0569824 0.00183409

0.0569824 0.00183409
0.0570312 0.00183385

0.0570313 0.00183385
0.0570801 0.00183362

0.0570801 0.00183362
0.0571289 0.0018334

0.0571289 0.0018334
0.0571777 0.0018332

0.0571777 0.0018332
0.0572266 0.001833

0.0572266 0.001833
0.0572754 0.00183282

0.0572754 0.00183282
0.0573242 0.00183264

0.0573242 0.00183264
0.057373 0.00183248

0.057373 0.00183248
0.0574219 0.00183233

0.0574219 0.00183233
0.0574707 0.00183219

0.0574707 0.00183219
0.0575195 0.00183206

0.0575195 0.00183206
0.0575684 0.00183195

0.0575684 0.00183195
0.0576172 0.00183184

0.0576172 0.00183184
0.057666 0.00183175

0.057666 0.00183175
0.0577148 0.00183167

0.0577148 0.00183167
0.0577637 0.0018316

0.0577637 0.0018316
0.0578125 0.00183155

0.0578125 0.00183155
0.0578613 0.0018315

0.0578613 0.0018315
0.0579102 0.00183147

0.0579102 0.00183147
0.057959 0.00183145

0.057959 0.00183145
0.0580078 0.00183144

0.0580078 0.00183144
0.0580566 0.00183145

0.0580566 0.00183145
0.0581055 0.00183146

0.0581055 0.00183146
0.0581543 0.00183149

0.0581543 0.00183149
0.0582031 0.00183153

0.0582031 0.00183153
0.058252 0.00183159

0.058252 0.00183159
0.0583008 0.00183165

0.0583008 0.00183165
0.0583496 0.00183173

0.0583496 0.00183173
0.0583984 0.00183182

0.0583984 0.00183182
0.0584473 0.00183191

0.0584473 0.00183191
0.0584961 0.00183202

0.0584961 0.00183202
0.0585449 0.00183215

0.0585449 0.00183215
0.0585938 0.00183228

0.0585938 0.00183228
0.0586426 0.00183242

0.0586426 0.00183242
0.0586914 0.00183258

0.0586914 0.00183258
0.0587402 0.00183274

0.0587402 0.00183274
0.0587891 0.00183291

0.0587891 0.00183291
0.0588379 0.0018331

0.0588379 0.0018331
0.0588867 0.00183329

0.0588867 0.00183329
0.0589355 0.00183349

0.0589355 0.00183349
0.0589844 0.0018337

0.0589844 0.0018337
0.0590332 0.00183392

0.0590332 0.00183392
0.059082 0.00183415

0.059082 0.00183415
0.0591309 0.00183438

0.0591309 0.00183438
0.0591797 0.00183463

0.0591797 0.00183463
0.0592285 0.00183488

0.0592285 0.00183488
0.0592773 0.00183513

0.0592773 0.00183513
0.0593262 0.0018354

0.0593262 0.0018354
0.059375 0.00183567

0.059375 0.00183567
0.0594238 0.00183594

0.0594238 0.00183594
0.0594727 0.00183622

0.0594727 0.00183622
0.0595215 0.0018365

0.0595215 0.0018365
0.0595703 0.00183679

0.0595703 0.00183679
0.0596191 0.00183709

0.0596191 0.00183709
0.059668 0.00183738

0.059668 0.00183738
0.0597168 0.00183768

0.0597168 0.00183768
0.0597656 0.00183798

0.0597656 0.00183798
0.0598145 0.00183829

0.0598145 0.00183829
0.0598633 0.00183859

0.0598633 0.00183859
0.0599121 0.0018389

0.0599121 0.0018389
0.0599609 0.0018392

0.0599609 0.0018392
0.0600098 0.00183951

0.0600098 0.00183951
0.0600586 0.00183982

0.0600586 0.00183982
0.0601074 0.00184013

0.0601074 0.00184013
0.0601563 0.00184043

0.0601563 0.00184043
0.0602051 0.00184074

0.0602051 0.00184074
0.0602539 0.00184104

0.0602539 0.00184104
0.0603027 0.00184134

0.0603027 0.00184134
0.0603516 0.00184163

0.0603516 0.00184163
0.0604004 0.00184193

0.0604004 0.00184193
0.0604492 0.00184222

0.0604492 0.00184222
0.060498 0.0018425

0.060498 0.0018425
0.0605469 0.00184278

0.0605469 0.00184278
0.0605957 0.00184306

0.0605957 0.00184306
0.0606445 0.00184333

0.0606445 0.00184333
0.0606934 0.0018436

0.0606934 0.0018436
0.0607422 0.00184386

0.0607422 0.00184386
0.060791 0.00184411

0.060791 0.00184411
0.0608398 0.00184436

0.0608398 0.00184436
0.0608887 0.00184459

0.0608887 0.00184459
0.0609375 0.00184483

0.0609375 0.00184483
0.0609863 0.00184505

0.0609863 0.00184505
0.0610352 0.00184527

0.0610352 0.00184527
0.061084 0.00184548

0.061084 0.00184548
0.0611328 0.00184568

0.0611328 0.00184568
0.0611816 0.00184587

0.0611816 0.00184587
0.0612305 0.00184606

0.0612305 0.00184606
0.0612793 0.00184623

0.0612793 0.00184623
0.0613281 0.0018464

0.0613281 0.0018464
0.061377 0.00184655

0.061377 0.00184655
0.0614258 0.0018467

0.0614258 0.0018467
0.0614746 0.00184684

0.0614746 0.00184684
0.0615234 0.00184697

0.0615234 0.00184697
0.0615723 0.00184709

0.0615723 0.00184709
0.0616211 0.0018472

0.0616211 0.0018472
0.0616699 0.0018473

0.0616699 0.0018473
0.0617188 0.00184739

0.0617188 0.00184739
0.0617676 0.00184747

0.0617676 0.00184747
0.0618164 0.00184754

0.0618164 0.00184754
0.0618652 0.00184761

0.0618652 0.00184761
0.0619141 0.00184766

0.0619141 0.00184766
0.0619629 0.00184771

0.0619629 0.00184771
0.0620117 0.00184774

0.0620117 0.00184774
0.0620605 0.00184777

0.0620605 0.00184777
0.0621094 0.00184778

0.0621094 0.00184778
0.0621582 0.00184779

0.0621582 0.00184779
0.062207 0.00184779

0.062207 0.00184779
0.0622559 0.00184778

0.0622559 0.00184778
0.0623047 0.00184776

0.0623047 0.00184776
0.0623535 0.00184774

0.0623535 0.00184774
0.0624023 0.0018477

0.0624023 0.0018477
0.0624512 0.00184766

0.0624512 0.00184766
0.0625 0.00184761

0.0625 0.00184761
0.0625488 0.00184755

0.0625488 0.00184755
0.0625977 0.00184749

0.0625977 0.00184749
0.0626465 0.00184742

0.0626465 0.00184742
0.0626953 0.00184734

0.0626953 0.00184734
0.0627441 0.00184726

0.0627441 0.00184726
0.062793 0.00184717

0.062793 0.00184717
0.0628418 0.00184707

0.0628418 0.00184707
0.0628906 0.00184697

0.0628906 0.00184697
0.0629395 0.00184686

0.0629395 0.00184686
0.0629883 0.00184674

0.0629883 0.00184674
0.0630371 0.00184663

0.0630371 0.00184663
0.0630859 0.0018465

0.0630859 0.0018465
0.0631348 0.00184637

0.0631348 0.00184637
0.0631836 0.00184624

0.0631836 0.00184624
0.0632324 0.00184611

0.0632324 0.00184611
0.0632813 0.00184597

0.0632812 0.00184597
0.0633301 0.00184582

0.0633301 0.00184582
0.0633789 0.00184568

0.0633789 0.00184568
0.0634277 0.00184553

0.0634277 0.00184553
0.0634766 0.00184538

0.0634766 0.00184538
0.0635254 0.00184523

0.0635254 0.00184523
0.0635742 0.00184507

0.0635742 0.00184507
0.063623 0.00184491

0.063623 0.00184491
0.0636719 0.00184475

0.0636719 0.00184475
0.0637207 0.0018446

0.0637207 0.0018446
0.0637695 0.00184444

0.0637695 0.00184444
0.0638184 0.00184427

0.0638184 0.00184427
0.0638672 0.00184411

0.0638672 0.00184411
0.063916 0.00184395

0.063916 0.00184395
0.0639648 0.00184379

0.0639648 0.00184379
0.0640137 0.00184363

0.0640137 0.00184363
0.0640625 0.00184347

0.0640625 0.00184347
0.0641113 0.00184332

0.0641113 0.00184332
0.0641602 0.00184316

0.0641602 0.00184316
0.064209 0.001843

0.064209 0.001843
0.0642578 0.00184285

0.0642578 0.00184285
0.0643066 0.0018427

0.0643066 0.0018427
0.0643555 0.00184255

0.0643555 0.00184255
0.0644043 0.0018424

0.0644043 0.0018424
0.0644531 0.00184226

0.0644531 0.00184226
0.064502 0.00184212

0.064502 0.00184212
0.0645508 0.00184198

0.0645508 0.00184198
0.0645996 0.00184185

0.0645996 0.00184185
0.0646484 0.00184172

0.0646484 0.00184172
0.0646973 0.00184159

0.0646973 0.00184159
0.0647461 0.00184146

0.0647461 0.00184146
0.0647949 0.00184134

0.0647949 0.00184134
0.0648438 0.00184123

0.0648437 0.00184123
0.0648926 0.00184112

0.0648926 0.00184112
0.0649414 0.00184101

0.0649414 0.00184101
0.0649902 0.0018409

0.0649902 0.0018409
0.0650391 0.00184081

0.0650391 0.00184081
0.0650879 0.00184071

0.0650879 0.00184071
0.0651367 0.00184062

0.0651367 0.00184062
0.0651855 0.00184054

0.0651855 0.00184054
0.0652344 0.00184046

0.0652344 0.00184046
0.0652832 0.00184038

0.0652832 0.00184038
0.065332 0.00184031

0.065332 0.00184031
0.0653809 0.00184024

0.0653809 0.00184024
0.0654297 0.00184018

0.0654297 0.00184018
0.0654785 0.00184013

0.0654785 0.00184013
0.0655273 0.00184008

0.0655273 0.00184008
0.0655762 0.00184003

0.0655762 0.00184003
0.065625 0.00183999

0.065625 0.00183999
0.0656738 0.00183995

0.0656738 0.00183995
0.0657227 0.00183992

0.0657227 0.00183992
0.0657715 0.0018399

0.0657715 0.0018399
0.0658203 0.00183988

0.0658203 0.00183988
0.0658691 0.00183986

0.0658691 0.00183986
0.065918 0.00183985

0.065918 0.00183985
0.0659668 0.00183984

0.0659668 0.00183984
0.0660156 0.00183984

0.0660156 0.00183984
0.0660645 0.00183984

0.0660645 0.00183984
0.0661133 0.00183985

0.0661133 0.00183985
0.0661621 0.00183986

0.0661621 0.00183986
0.0662109 0.00183988

0.0662109 0.00183988
0.0662598 0.0018399

0.0662598 0.0018399
0.0663086 0.00183992

0.0663086 0.00183992
0.0663574 0.00183995

0.0663574 0.00183995
0.0664063 0.00183998

0.0664062 0.00183998
0.0664551 0.00184002

0.0664551 0.00184002
0.0665039 0.00184006

0.0665039 0.00184006
0.0665527 0.0018401

0.0665527 0.0018401
0.0666016 0.00184015

0.0666016 0.00184015
0.0666504 0.00184019

0.0666504 0.00184019
0.0666992 0.00184025

0.0666992 0.00184025
0.066748 0.0018403

0.066748 0.0018403
0.0667969 0.00184036

0.0667969 0.00184036
0.0668457 0.00184042

0.0668457 0.00184042
0.0668945 0.00184048

0.0668945 0.00184049
0.0669434 0.00184055

0.0669434 0.00184055
0.0669922 0.00184062

0.0669922 0.00184062
0.067041 0.00184069

0.067041 0.00184069
0.0670898 0.00184076

0.0670898 0.00184076
0.0671387 0.00184083

0.0671387 0.00184083
0.0671875 0.00184091

0.0671875 0.00184091
0.0672363 0.00184098

0.0672363 0.00184098
0.0672852 0.00184106

0.0672852 0.00184106
0.067334 0.00184114

0.067334 0.00184114
0.0673828 0.00184121

0.0673828 0.00184121
0.0674316 0.00184129

0.0674316 0.00184129
0.0674805 0.00184137

0.0674805 0.00184137
0.0675293 0.00184145

0.0675293 0.00184145
0.0675781 0.00184153

0.0675781 0.00184153
0.067627 0.00184161

0.067627 0.00184161
0.0676758 0.00184169

0.0676758 0.00184169
0.0677246 0.00184177

0.0677246 0.00184177
0.0677734 0.00184185

0.0677734 0.00184185
0.0678223 0.00184192

0.0678223 0.00184192
0.0678711 0.001842

0.0678711 0.001842
0.0679199 0.00184207

0.0679199 0.00184207
0.0679688 0.00184215

0.0679687 0.00184215
0.0680176 0.00184222

0.0680176 0.00184222
0.0680664 0.00184229

0.0680664 0.00184229
0.0681152 0.00184236

0.0681152 0.00184236
0.0681641 0.00184243

0.0681641 0.00184243
0.0682129 0.0018425

0.0682129 0.0018425
0.0682617 0.00184256

0.0682617 0.00184256
0.0683105 0.00184262

0.0683105 0.00184262
0.0683594 0.00184268

0.0683594 0.00184268
0.0684082 0.00184274

0.0684082 0.00184274
0.068457 0.00184279

0.068457 0.00184279
0.0685059 0.00184285

0.0685059 0.00184285
0.0685547 0.0018429

0.0685547 0.0018429
0.0686035 0.00184295

0.0686035 0.00184295
0.0686523 0.00184299

0.0686523 0.00184299
0.0687012 0.00184304

0.0687012 0.00184304
0.06875 0.00184308

0.06875 0.00184308
0.0687988 0.00184311

0.0687988 0.00184311
0.0688477 0.00184315

0.0688477 0.00184315
0.0688965 0.00184318

0.0688965 0.00184318
0.0689453 0.00184321

0.0689453 0.00184321
0.0689941 0.00184324

0.0689941 0.00184324
0.069043 0.00184326

0.069043 0.00184326
0.0690918 0.00184328

0.0690918 0.00184328
0.0691406 0.0018433

0.0691406 0.0018433
0.0691895 0.00184332

0.0691895 0.00184332
0.0692383 0.00184333

0.0692383 0.00184333
0.0692871 0.00184334

0.0692871 0.00184334
0.0693359 0.00184335

0.0693359 0.00184335
0.0693848 0.00184336

0.0693848 0.00184336
0.0694336 0.00184336

0.0694336 0.00184336
0.0694824 0.00184336

0.0694824 0.00184336
0.0695313 0.00184336

0.0695313 0.00184336
0.0695801 0.00184336

0.0695801 0.00184336
0.0696289 0.00184336

0.0696289 0.00184336
0.0696777 0.00184335

0.0696777 0.00184335
0.0697266 0.00184334

0.0697266 0.00184334
0.0697754 0.00184333

0.0697754 0.00184333
0.0698242 0.00184332

0.0698242 0.00184332
0.069873 0.00184331

0.069873 0.00184331
0.0699219 0.00184329

0.0699219 0.00184329
0.0699707 0.00184327

0.0699707 0.00184327
0.0700195 0.00184326

0.0700195 0.00184326
0.0700684 0.00184324

0.0700684 0.00184324
0.0701172 0.00184322

0.0701172 0.00184322
0.070166 0.00184319

0.070166 0.00184319
0.0702148 0.00184317

0.0702148 0.00184317
0.0702637 0.00184315

0.0702637 0.00184315
0.0703125 0.00184313

0.0703125 0.00184313
0.0703613 0.0018431

0.0703613 0.0018431
0.0704102 0.00184308

0.0704102 0.00184308
0.070459 0.00184305

0.070459 0.00184305
0.0705078 0.00184302

0.0705078 0.00184302
0.0705566 0.001843

0.0705566 0.001843
0.0706055 0.00184297

0.0706055 0.00184297
0.0706543 0.00184295

0.0706543 0.00184295
0.0707031 0.00184292

0.0707031 0.00184292
0.070752 0.00184289

0.070752 0.00184289
0.0708008 0.00184287

0.0708008 0.00184287
0.0708496 0.00184284

0.0708496 0.00184284
0.0708984 0.00184281

0.0708984 0.00184281
0.0709473 0.00184279

0.0709473 0.00184279
0.0709961 0.00184276

0.0709961 0.00184276
0.0710449 0.00184274

0.0710449 0.00184274
0.0710938 0.00184271

0.0710937 0.00184271
0.0711426 0.00184269

0.0711426 0.00184269
0.0711914 0.00184267

0.0711914 0.00184267
0.0712402 0.00184264

0.0712402 0.00184264
0.0712891 0.00184262

0.0712891 0.00184262
0.0713379 0.0018426

0.0713379 0.0018426
0.0713867 0.00184258

0.0713867 0.00184258
0.0714355 0.00184256

0.0714355 0.00184256
0.0714844 0.00184254

0.0714844 0.00184254
0.0715332 0.00184252

0.0715332 0.00184252
0.071582 0.0018425

0.071582 0.0018425
0.0716309 0.00184249

0.0716309 0.00184249
0.0716797 0.00184247

0.0716797 0.00184247
0.0717285 0.00184246

0.0717285 0.00184246
0.0717773 0.00184244

0.0717773 0.00184244
0.0718262 0.00184243

0.0718262 0.00184243
0.071875 0.00184242

0.071875 0.00184242
0.0719238 0.00184241

0.0719238 0.00184241
0.0719727 0.0018424

0.0719727 0.0018424
0.0720215 0.00184239

0.0720215 0.00184239
0.0720703 0.00184238

0.0720703 0.00184238
0.0721191 0.00184237

0.0721191 0.00184237
0.072168 0.00184237

0.072168 0.00184237
0.0722168 0.00184236

0.0722168 0.00184236
0.0722656 0.00184236

0.0722656 0.00184236
0.0723145 0.00184236

0.0723145 0.00184236
0.0723633 0.00184236

0.0723633 0.00184236
0.0724121 0.00184236

0.0724121 0.00184236
0.0724609 0.00184236

0.0724609 0.00184236
0.0725098 0.00184236

0.0725098 0.00184236
0.0725586 0.00184236

0.0725586 0.00184236
0.0726074 0.00184237

0.0726074 0.00184237
0.0726563 0.00184237

0.0726562 0.00184237
0.0727051 0.00184238

0.0727051 0.00184238
0.0727539 0.00184239

0.0727539 0.00184239
0.0728027 0.0018424

0.0728027 0.0018424
0.0728516 0.00184241

0.0728516 0.00184241
0.0729004 0.00184242

0.0729004 0.00184242
0.0729492 0.00184243

0.0729492 0.00184243
0.072998 0.00184244

0.072998 0.00184244
0.0730469 0.00184246

0.0730469 0.00184246
0.0730957 0.00184247

0.0730957 0.00184247
0.0731445 0.00184249

0.0731445 0.00184249
0.0731934 0.00184251

0.0731934 0.00184251
0.0732422 0.00184253

0.0732422 0.00184253
0.073291 0.00184255

0.073291 0.00184255
0.0733398 0.00184257

0.0733398 0.00184257
0.0733887 0.00184259

0.0733887 0.00184259
0.0734375 0.00184261

0.0734375 0.00184261
0.0734863 0.00184263

0.0734863 0.00184263
0.0735352 0.00184266

0.0735352 0.00184266
0.073584 0.00184268

0.073584 0.00184268
0.0736328 0.00184271

0.0736328 0.00184271
0.0736816 0.00184273

0.0736816 0.00184273
0.0737305 0.00184276

0.0737305 0.00184276
0.0737793 0.00184278

0.0737793 0.00184278
0.0738281 0.00184281

0.0738281 0.00184281
0.073877 0.00184284

0.073877 0.00184284
0.0739258 0.00184286

0.0739258 0.00184286
0.0739746 0.00184289

0.0739746 0.00184289
0.0740234 0.00184292

0.0740234 0.00184292
0.0740723 0.00184294

0.0740723 0.00184294
0.0741211 0.00184297

0.0741211 0.00184297
0.0741699 0.001843

0.0741699 0.001843
0.0742188 0.00184303

0.0742188 0.00184303
0.0742676 0.00184305

0.0742676 0.00184305
0.0743164 0.00184308

0.0743164 0.00184308
0.0743652 0.0018431

0.0743652 0.0018431
0.0744141 0.00184313

0.0744141 0.00184313
0.0744629 0.00184316

0.0744629 0.00184316
0.0745117 0.00184318

0.0745117 0.00184318
0.0745605 0.0018432

0.0745605 0.0018432
0.0746094 0.00184323

0.0746094 0.00184323
0.0746582 0.00184325

0.0746582 0.00184325
0.074707 0.00184327

0.074707 0.00184327
0.0747559 0.00184329

0.0747559 0.00184329
0.0748047 0.00184332

0.0748047 0.00184332
0.0748535 0.00184334

0.0748535 0.00184334
0.0749023 0.00184335

0.0749023 0.00184335
0.0749512 0.00184337

0.0749512 0.00184337
0.075 0.00184339

0.075 0.00184339
0.0750488 0.00184341

0.0750488 0.00184341
0.0750977 0.00184342

0.0750977 0.00184342
0.0751465 0.00184344

0.0751465 0.00184344
0.0751953 0.00184345

0.0751953 0.00184345
0.0752441 0.00184346

0.0752441 0.00184346
0.075293 0.00184347

0.075293 0.00184347
0.0753418 0.00184348

0.0753418 0.00184348
0.0753906 0.00184349

0.0753906 0.00184349
0.0754395 0.0018435

0.0754395 0.0018435
0.0754883 0.00184351

0.0754883 0.00184351
0.0755371 0.00184352

0.0755371 0.00184352
0.0755859 0.00184352

0.0755859 0.00184352
0.0756348 0.00184352

0.0756348 0.00184352
0.0756836 0.00184353

0.0756836 0.00184353
0.0757324 0.00184353

0.0757324 0.00184353
0.0757813 0.00184353

0.0757812 0.00184353
0.0758301 0.00184353

0.0758301 0.00184353
0.0758789 0.00184353

0.0758789 0.00184353
0.0759277 0.00184352

0.0759277 0.00184352
0.0759766 0.00184352

0.0759766 0.00184352
0.0760254 0.00184351

0.0760254 0.00184351
0.0760742 0.00184351

0.0760742 0.00184351
0.076123 0.0018435

0.076123 0.0018435
0.0761719 0.00184349

0.0761719 0.00184349
0.0762207 0.00184348

0.0762207 0.00184348
0.0762695 0.00184347

0.0762695 0.00184347
0.0763184 0.00184346

0.0763184 0.00184346
0.0763672 0.00184344

0.0763672 0.00184344
0.076416 0.00184343

0.076416 0.00184343
0.0764648 0.00184341

0.0764648 0.00184341
0.0765137 0.00184339

0.0765137 0.00184339
0.0765625 0.00184337

0.0765625 0.00184337
0.0766113 0.00184335

0.0766113 0.00184335
0.0766602 0.00184333

0.0766602 0.00184333
0.076709 0.00184331

0.076709 0.00184331
0.0767578 0.00184329

0.0767578 0.00184329
0.0768066 0.00184326

0.0768066 0.00184326
0.0768555 0.00184324

0.0768555 0.00184324
0.0769043 0.00184321

0.0769043 0.00184321
0.0769531 0.00184319

0.0769531 0.00184319
0.077002 0.00184316

0.077002 0.00184316
0.0770508 0.00184313

0.0770508 0.00184313
0.0770996 0.0018431

0.0770996 0.0018431
0.0771484 0.00184307

0.0771484 0.00184307
0.0771973 0.00184304

0.0771973 0.00184304
0.0772461 0.00184301

0.0772461 0.00184301
0.0772949 0.00184298

0.0772949 0.00184298
0.0773438 0.00184295

0.0773438 0.00184295
0.0773926 0.00184292

0.0773926 0.00184292
0.0774414 0.00184289

0.0774414 0.00184289
0.0774902 0.00184286

0.0774902 0.00184286
0.0775391 0.00184282

0.0775391 0.00184282
0.0775879 0.00184279

0.0775879 0.00184279
0.0776367 0.00184276

0.0776367 0.00184276
0.0776855 0.00184273

0.0776855 0.00184273
0.0777344 0.0018427

0.0777344 0.0018427
0.0777832 0.00184267

0.0777832 0.00184267
0.077832 0.00184265

0.077832 0.00184265
0.0778809 0.00184262

0.0778809 0.00184262
0.0779297 0.00184259

0.0779297 0.00184259
0.0779785 0.00184257

0.0779785 0.00184257
0.0780273 0.00184254

0.0780273 0.00184254
0.0780762 0.00184252

0.0780762 0.00184252
0.078125 0.0018425

0.078125 0.0018425
0.0781738 0.00184248

0.0781738 0.00184248
0.0782227 0.00184246

0.0782227 0.00184246
0.0782715 0.00184244

0.0782715 0.00184244
0.0783203 0.00184242

0.0783203 0.00184242
0.0783691 0.00184241

0.0783691 0.00184241
0.078418 0.0018424

0.078418 0.0018424
0.0784668 0.00184239

0.0784668 0.00184239
0.0785156 0.00184238

0.0785156 0.00184238
0.0785645 0.00184237

0.0785645 0.00184237
0.0786133 0.00184236

0.0786133 0.00184236
0.0786621 0.00184236

0.0786621 0.00184236
0.0787109 0.00184236

0.0787109 0.00184236
0.0787598 0.00184236

0.0787598 0.00184236
0.0788086 0.00184236

0.0788086 0.00184236
0.0788574 0.00184236

0.0788574 0.00184236
0.0789063 0.00184237

0.0789062 0.00184237
0.0789551 0.00184238

0.0789551 0.00184238
0.0790039 0.00184239

0.0790039 0.00184239
0.0790527 0.0018424

0.0790527 0.0018424
0.0791016 0.00184241

0.0791016 0.00184241
0.0791504 0.00184242

0.0791504 0.00184242
0.0791992 0.00184244

0.0791992 0.00184244
0.079248 0.00184246

0.079248 0.00184246
0.0792969 0.00184248

0.0792969 0.00184248
0.0793457 0.0018425

0.0793457 0.0018425
0.0793945 0.00184252

0.0793945 0.00184252
0.0794434 0.00184254

0.0794434 0.00184254
0.0794922 0.00184257

0.0794922 0.00184257
0.079541 0.00184259

0.079541 0.00184259
0.0795898 0.00184262

0.0795898 0.00184262
0.0796387 0.00184265

0.0796387 0.00184265
0.0796875 0.00184268

0.0796875 0.00184268
0.0797363 0.00184271

0.0797363 0.00184271
0.0797852 0.00184274

0.0797852 0.00184274
0.079834 0.00184277

0.079834 0.00184277
0.0798828 0.0018428

0.0798828 0.0018428
0.0799316 0.00184283

0.0799316 0.00184283
0.0799805 0.00184286

0.0799805 0.00184286
0.0800293 0.00184289

0.0800293 0.00184289
0.0800781 0.00184293

0.0800781 0.00184293
0.080127 0.00184296

0.080127 0.00184296
0.0801758 0.00184299

0.0801758 0.00184299
0.0802246 0.00184302

0.0802246 0.00184302
0.0802734 0.00184305

0.0802734 0.00184305
0.0803223 0.00184308

0.0803223 0.00184308
0.0803711 0.00184311

0.0803711 0.00184311
0.0804199 0.00184314

0.0804199 0.00184314
0.0804688 0.00184317

0.0804688 0.00184317
0.0805176 0.0018432

0.0805176 0.0018432
0.0805664 0.00184323

0.0805664 0.00184323
0.0806152 0.00184325

0.0806152 0.00184325
0.0806641 0.00184328

0.0806641 0.00184328
0.0807129 0.0018433

0.0807129 0.0018433
0.0807617 0.00184333

0.0807617 0.00184333
0.0808105 0.00184335

0.0808105 0.00184335
0.0808594 0.00184337

0.0808594 0.00184337
0.0809082 0.00184339

0.0809082 0.00184339
0.080957 0.00184341

0.080957 0.00184341
0.0810059 0.00184342

0.0810059 0.00184342
0.0810547 0.00184344

0.0810547 0.00184344
0.0811035 0.00184345

0.0811035 0.00184345
0.0811523 0.00184346

0.0811523 0.00184346
0.0812012 0.00184348

0.0812012 0.00184348
0.08125 0.00184349

0.08125 0.00184349
0.0812988 0.0018435

0.0812988 0.0018435
0.0813477 0.0018435

0.0813477 0.0018435
0.0813965 0.00184351

0.0813965 0.00184351
0.0814453 0.00184351

0.0814453 0.00184351
0.0814941 0.00184352

0.0814941 0.00184352
0.081543 0.00184352

0.081543 0.00184352
0.0815918 0.00184352

0.0815918 0.00184352
0.0816406 0.00184352

0.0816406 0.00184352
0.0816895 0.00184352

0.0816895 0.00184352
0.0817383 0.00184352

0.0817383 0.00184352
0.0817871 0.00184352

0.0817871 0.00184352
0.0818359 0.00184351

0.0818359 0.00184351
0.0818848 0.00184351

0.0818848 0.00184351
0.0819336 0.00184351

0.0819336 0.00184351
0.0819824 0.0018435

0.0819824 0.0018435
0.0820313 0.00184349

0.0820312 0.00184349
0.0820801 0.00184349

0.0820801 0.00184349
0.0821289 0.00184348

0.0821289 0.00184348
0.0821777 0.00184347

0.0821777 0.00184347
0.0822266 0.00184347

0.0822266 0.00184347
0.0822754 0.00184346

0.0822754 0.00184346
0.0823242 0.00184345

0.0823242 0.00184345
0.082373 0.00184344

0.082373 0.00184344
0.0824219 0.00184344

0.0824219 0.00184344
0.0824707 0.00184343

0.0824707 0.00184343
0.0825195 0.00184342

0.0825195 0.00184342
0.0825684 0.00184341

0.0825684 0.00184341
0.0826172 0.00184341

0.0826172 0.00184341
0.082666 0.0018434

0.082666 0.0018434
0.0827148 0.00184339

0.0827148 0.00184339
0.0827637 0.00184339

0.0827637 0.00184339
0.0828125 0.00184338

0.0828125 0.00184338
0.0828613 0.00184338

0.0828613 0.00184338
0.0829102 0.00184337

0.0829102 0.00184337
0.082959 0.00184337

0.082959 0.00184337
0.0830078 0.00184337

0.0830078 0.00184337
0.0830566 0.00184337

0.0830566 0.00184337
0.0831055 0.00184336

0.0831055 0.00184336
0.0831543 0.00184336

0.0831543 0.00184336
0.0832031 0.00184336

0.0832031 0.00184336
0.083252 0.00184336

0.083252 0.00184336
0.0833008 0.00184336

0.0833008 0.00184336
0.0833496 0.00184337

0.0833496 0.00184337
0.0833984 0.00184337

0.0833984 0.00184337
0.0834473 0.00184337

0.0834473 0.00184337
0.0834961 0.00184337

0.0834961 0.00184337
0.0835449 0.00184338

0.0835449 0.00184338
0.0835938 0.00184338

0.0835937 0.00184338
0.0836426 0.00184339

0.0836426 0.00184339
0.0836914 0.0018434

0.0836914 0.0018434
0.0837402 0.0018434

0.0837402 0.0018434
0.0837891 0.00184341

0.0837891 0.00184341
0.0838379 0.00184342

0.0838379 0.00184342
0.0838867 0.00184343

0.0838867 0.00184343
0.0839355 0.00184344

0.0839355 0.00184344
0.0839844 0.00184344

0.0839844 0.00184344
0.0840332 0.00184345

0.0840332 0.00184345
0.084082 0.00184346

0.084082 0.00184346
0.0841309 0.00184348

0.0841309 0.00184348
0.0841797 0.00184349

0.0841797 0.00184349
0.0842285 0.0018435

0.0842285 0.0018435
0.0842773 0.00184351

0.0842773 0.00184351
0.0843262 0.00184352

0.0843262 0.00184352
0.084375 0.00184353

0.084375 0.00184353
0.0844238 0.00184354

0.0844238 0.00184354
0.0844727 0.00184356

0.0844727 0.00184356
0.0845215 0.00184357

0.0845215 0.00184357
0.0845703 0.00184358

0.0845703 0.00184358
0.0846191 0.00184359

0.0846191 0.00184359
0.084668 0.0018436

0.084668 0.0018436
0.0847168 0.00184361

0.0847168 0.00184361
0.0847656 0.00184363

0.0847656 0.00184363
0.0848145 0.00184364

0.0848145 0.00184364
0.0848633 0.00184365

0.0848633 0.00184365
0.0849121 0.00184366

0.0849121 0.00184366
0.0849609 0.00184367

0.0849609 0.00184367
0.0850098 0.00184368

0.0850098 0.00184368
0.0850586 0.00184369

0.0850586 0.00184369
0.0851074 0.0018437

0.0851074 0.0018437
0.0851563 0.00184371

0.0851563 0.00184371
0.0852051 0.00184371

0.0852051 0.00184371
0.0852539 0.00184372

0.0852539 0.00184372
0.0853027 0.00184373

0.0853027 0.00184373
0.0853516 0.00184374

0.0853516 0.00184374
0.0854004 0.00184374

0.0854004 0.00184374
0.0854492 0.00184375

0.0854492 0.00184375
0.085498 0.00184375

0.085498 0.00184375
0.0855469 0.00184376

0.0855469 0.00184376
0.0855957 0.00184376

0.0855957 0.00184376
0.0856445 0.00184376

0.0856445 0.00184376
0.0856934 0.00184376

0.0856934 0.00184376
0.0857422 0.00184376

0.0857422 0.00184376
0.085791 0.00184376

0.085791 0.00184376
0.0858398 0.00184376

0.0858398 0.00184376
0.0858887 0.00184376

0.0858887 0.00184376
0.0859375 0.00184376

0.0859375 0.00184376
0.0859863 0.00184376

0.0859863 0.00184376
0.0860352 0.00184375

0.0860352 0.00184375
0.086084 0.00184375

0.086084 0.00184375
0.0861328 0.00184374

0.0861328 0.00184374
0.0861816 0.00184373

0.0861816 0.00184373
0.0862305 0.00184373

0.0862305 0.00184373
0.0862793 0.00184372

0.0862793 0.00184372
0.0863281 0.00184371

0.0863281 0.00184371
0.086377 0.0018437

0.086377 0.0018437
0.0864258 0.00184369

0.0864258 0.00184369
0.0864746 0.00184368

0.0864746 0.00184368
0.0865234 0.00184367

0.0865234 0.00184367
0.0865723 0.00184366

0.0865723 0.00184366
0.0866211 0.00184365

0.0866211 0.00184365
0.0866699 0.00184363

0.0866699 0.00184363
0.0867188 0.00184362

0.0867187 0.00184362
0.0867676 0.0018436

0.0867676 0.0018436
0.0868164 0.00184359

0.0868164 0.00184359
0.0868652 0.00184357

0.0868652 0.00184357
0.0869141 0.00184356

0.0869141 0.00184356
0.0869629 0.00184354

0.0869629 0.00184354
0.0870117 0.00184352

0.0870117 0.00184352
0.0870605 0.00184351

0.0870605 0.00184351
0.0871094 0.00184349

0.0871094 0.00184349
0.0871582 0.00184347

0.0871582 0.00184347
0.087207 0.00184345

0.087207 0.00184345
0.0872559 0.00184344

0.0872559 0.00184344
0.0873047 0.00184342

0.0873047 0.00184342
0.0873535 0.0018434

0.0873535 0.0018434
0.0874023 0.00184338

0.0874023 0.00184338
0.0874512 0.00184336

0.0874512 0.00184336
0.0875 0.00184334

0.0875 0.00184334
0.0875488 0.00184332

0.0875488 0.00184332
0.0875977 0.0018433

0.0875977 0.0018433
0.0876465 0.00184328

0.0876465 0.00184328
0.0876953 0.00184327

0.0876953 0.00184327
0.0877441 0.00184325

0.0877441 0.00184325
0.087793 0.00184323

0.087793 0.00184323
0.0878418 0.00184321

0.0878418 0.00184321
0.0878906 0.00184319

0.0878906 0.00184319
0.0879395 0.00184317

0.0879395 0.00184317
0.0879883 0.00184315

0.0879883 0.00184315
0.0880371 0.00184313

0.0880371 0.00184313
0.0880859 0.00184312

0.0880859 0.00184312
0.0881348 0.0018431

0.0881348 0.0018431
0.0881836 0.00184308

0.0881836 0.00184308
0.0882324 0.00184306

0.0882324 0.00184306
0.0882813 0.00184305

0.0882813 0.00184305
0.0883301 0.00184303

0.0883301 0.00184303
0.0883789 0.00184301

0.0883789 0.00184301
0.0884277 0.001843

0.0884277 0.001843
0.0884766 0.00184298

0.0884766 0.00184298
0.0885254 0.00184297

0.0885254 0.00184297
0.0885742 0.00184295

0.0885742 0.00184295
0.088623 0.00184294

0.088623 0.00184294
0.0886719 0.00184292

0.0886719 0.00184292
0.0887207 0.00184291

0.0887207 0.00184291
0.0887695 0.00184289

0.0887695 0.00184289
0.0888184 0.00184288

0.0888184 0.00184288
0.0888672 0.00184287

0.0888672 0.00184287
0.088916 0.00184286

0.088916 0.00184286
0.0889648 0.00184285

0.0889648 0.00184285
0.0890137 0.00184283

0.0890137 0.00184283
0.0890625 0.00184282

0.0890625 0.00184282
0.0891113 0.00184281

0.0891113 0.00184281
0.0891602 0.0018428

0.0891602 0.0018428
0.089209 0.00184279

0.089209 0.00184279
0.0892578 0.00184278

0.0892578 0.00184278
0.0893066 0.00184277

0.0893066 0.00184277
0.0893555 0.00184276

0.0893555 0.00184276
0.0894043 0.00184275

0.0894043 0.00184275
0.0894531 0.00184275

0.0894531 0.00184275
0.089502 0.00184274

0.089502 0.00184274
0.0895508 0.00184273

0.0895508 0.00184273
0.0895996 0.00184272

0.0895996 0.00184272
0.0896484 0.00184271

0.0896484 0.00184271
0.0896973 0.0018427

0.0896973 0.0018427
0.0897461 0.0018427

0.0897461 0.0018427
0.0897949 0.00184269

0.0897949 0.00184269
0.0898438 0.00184268

0.0898438 0.00184268
0.0898926 0.00184267

0.0898926 0.00184267
0.0899414 0.00184267

0.0899414 0.00184267
0.0899902 0.00184266

0.0899902 0.00184266
0.0900391 0.00184265

0.0900391 0.00184265
0.0900879 0.00184264

0.0900879 0.00184264
0.0901367 0.00184264

0.0901367 0.00184264
0.0901855 0.00184263

0.0901855 0.00184263
0.0902344 0.00184262

0.0902344 0.00184262
0.0902832 0.00184261

0.0902832 0.00184261
0.090332 0.00184261

0.090332 0.00184261
0.0903809 0.0018426

0.0903809 0.0018426
0.0904297 0.00184259

0.0904297 0.00184259
0.0904785 0.00184258

0.0904785 0.00184258
0.0905273 0.00184258

0.0905273 0.00184258
0.0905762 0.00184257

0.0905762 0.00184257
0.090625 0.00184256

0.090625 0.00184256
0.0906738 0.00184255

0.0906738 0.00184255
0.0907227 0.00184254

0.0907227 0.00184254
0.0907715 0.00184254

0.0907715 0.00184254
0.0908203 0.00184253

0.0908203 0.00184253
0.0908691 0.00184252

0.0908691 0.00184252
0.090918 0.00184251

0.090918 0.00184251
0.0909668 0.0018425

0.0909668 0.0018425
0.0910156 0.0018425

0.0910156 0.0018425
0.0910645 0.00184249

0.0910645 0.00184249
0.0911133 0.00184248

0.0911133 0.00184248
0.0911621 0.00184247

0.0911621 0.00184247
0.0912109 0.00184247

0.0912109 0.00184247
0.0912598 0.00184246

0.0912598 0.00184246
0.0913086 0.00184245

0.0913086 0.00184245
0.0913574 0.00184244

0.0913574 0.00184244
0.0914063 0.00184244

0.0914062 0.00184244
0.0914551 0.00184243

0.0914551 0.00184243
0.0915039 0.00184242

0.0915039 0.00184242
0.0915527 0.00184242

0.0915527 0.00184242
0.0916016 0.00184241

0.0916016 0.00184241
0.0916504 0.0018424

0.0916504 0.0018424
0.0916992 0.0018424

0.0916992 0.0018424
0.091748 0.00184239

0.091748 0.00184239
0.0917969 0.00184239

0.0917969 0.00184239
0.0918457 0.00184238

0.0918457 0.00184238
0.0918945 0.00184238

0.0918945 0.00184238
0.0919434 0.00184237

0.0919434 0.00184237
0.0919922 0.00184237

0.0919922 0.00184237
0.092041 0.00184237

0.092041 0.00184237
0.0920898 0.00184237

0.0920898 0.00184237
0.0921387 0.00184237

0.0921387 0.00184237
0.0921875 0.00184236

0.0921875 0.00184236
0.0922363 0.00184236

0.0922363 0.00184236
0.0922852 0.00184236

0.0922852 0.00184236
0.092334 0.00184237

0.092334 0.00184237
0.0923828 0.00184237

0.0923828 0.00184237
0.0924316 0.00184237

0.0924316 0.00184237
0.0924805 0.00184237

0.0924805 0.00184237
0.0925293 0.00184238

0.0925293 0.00184238
0.0925781 0.00184238

0.0925781 0.00184238
0.092627 0.00184239

0.092627 0.00184239
0.0926758 0.00184239

0.0926758 0.00184239
0.0927246 0.0018424

0.0927246 0.0018424
0.0927734 0.00184241

0.0927734 0.00184241
0.0928223 0.00184242

0.0928223 0.00184242
0.0928711 0.00184243

0.0928711 0.00184243
0.0929199 0.00184244

0.0929199 0.00184244
0.0929688 0.00184245

0.0929688 0.00184245
0.0930176 0.00184246

0.0930176 0.00184246
0.0930664 0.00184248

0.0930664 0.00184248
0.0931152 0.00184249

0.0931152 0.00184249
0.0931641 0.00184251

0.0931641 0.00184251
0.0932129 0.00184253

0.0932129 0.00184253
0.0932617 0.00184255

0.0932617 0.00184255
0.0933105 0.00184257

0.0933105 0.00184257
0.0933594 0.00184259

0.0933594 0.00184259
0.0934082 0.00184261

0.0934082 0.00184261
0.093457 0.00184263

0.093457 0.00184263
0.0935059 0.00184266

0.0935059 0.00184266
0.0935547 0.00184269

0.0935547 0.00184269
0.0936035 0.00184271

0.0936035 0.00184271
0.0936523 0.00184274

0.0936523 0.00184274
0.0937012 0.00184277

0.0937012 0.00184277
0.09375 0.0018428

0.09375 0.0018428
0.0937988 0.00184284

0.0937988 0.00184284
0.0938477 0.00184287

0.0938477 0.00184287
0.0938965 0.0018429

0.0938965 0.0018429
0.0939453 0.00184294

0.0939453 0.00184294
0.0939941 0.00184298

0.0939941 0.00184298
0.094043 0.00184302

0.094043 0.00184302
0.0940918 0.00184306

0.0940918 0.00184306
0.0941406 0.0018431

0.0941406 0.0018431
0.0941895 0.00184314

0.0941895 0.00184314
0.0942383 0.00184319

0.0942383 0.00184319
0.0942871 0.00184324

0.0942871 0.00184324
0.0943359 0.00184328

0.0943359 0.00184328
0.0943848 0.00184333

0.0943848 0.00184333
0.0944336 0.00184338

0.0944336 0.00184338
0.0944824 0.00184343

0.0944824 0.00184343
0.0945313 0.00184349

0.0945312 0.00184349
0.0945801 0.00184354

0.0945801 0.00184354
0.0946289 0.0018436

0.0946289 0.0018436
0.0946777 0.00184365

0.0946777 0.00184365
0.0947266 0.00184371

0.0947266 0.00184371
0.0947754 0.00184377

0.0947754 0.00184377
0.0948242 0.00184383

0.0948242 0.00184383
0.094873 0.0018439

0.094873 0.0018439
0.0949219 0.00184396

0.0949219 0.00184396
0.0949707 0.00184403

0.0949707 0.00184403
0.0950195 0.00184409

0.0950195 0.00184409
0.0950684 0.00184416

0.0950684 0.00184416
0.0951172 0.00184423

0.0951172 0.00184423
0.095166 0.0018443

0.095166 0.0018443
0.0952148 0.00184437

0.0952148 0.00184437
0.0952637 0.00184444

0.0952637 0.00184444
0.0953125 0.00184452

0.0953125 0.00184452
0.0953613 0.00184459

0.0953613 0.00184459
0.0954102 0.00184467

0.0954102 0.00184467
0.095459 0.00184475

0.095459 0.00184475
0.0955078 0.00184482

0.0955078 0.00184482
0.0955566 0.0018449

0.0955566 0.0018449
0.0956055 0.00184498

0.0956055 0.00184498
0.0956543 0.00184506

0.0956543 0.00184506
0.0957031 0.00184515

0.0957031 0.00184515
0.095752 0.00184523

0.095752 0.00184523
0.0958008 0.00184531

0.0958008 0.00184531
0.0958496 0.00184539

0.0958496 0.00184539
0.0958984 0.00184548

0.0958984 0.00184548
0.0959473 0.00184556

0.0959473 0.00184556
0.0959961 0.00184565

0.0959961 0.00184565
0.0960449 0.00184574

0.0960449 0.00184574
0.0960938 0.00184582

0.0960938 0.00184582
0.0961426 0.00184591

0.0961426 0.00184591
0.0961914 0.001846

0.0961914 0.001846
0.0962402 0.00184608

0.0962402 0.00184608
0.0962891 0.00184617

0.0962891 0.00184617
0.0963379 0.00184626

0.0963379 0.00184626
0.0963867 0.00184635

0.0963867 0.00184635
0.0964355 0.00184643

0.0964355 0.00184643
0.0964844 0.00184652

0.0964844 0.00184652
0.0965332 0.00184661

0.0965332 0.00184661
0.096582 0.00184669

0.096582 0.00184669
0.0966309 0.00184678

0.0966309 0.00184678
0.0966797 0.00184687

0.0966797 0.00184687
0.0967285 0.00184695

0.0967285 0.00184695
0.0967773 0.00184703

0.0967773 0.00184703
0.0968262 0.00184712

0.0968262 0.00184712
0.096875 0.0018472

0.096875 0.0018472
0.0969238 0.00184728

0.0969238 0.00184728
0.0969727 0.00184736

0.0969727 0.00184736
0.0970215 0.00184744

0.0970215 0.00184745
0.0970703 0.00184752

0.0970703 0.00184752
0.0971191 0.0018476

0.0971191 0.0018476
0.097168 0.00184768

0.097168 0.00184768
0.0972168 0.00184775

0.0972168 0.00184775
0.0972656 0.00184783

0.0972656 0.00184783
0.0973145 0.0018479

0.0973145 0.0018479
0.0973633 0.00184797

0.0973633 0.00184797
0.0974121 0.00184804

0.0974121 0.00184804
0.0974609 0.0018481

0.0974609 0.0018481
0.0975098 0.00184817

0.0975098 0.00184817
0.0975586 0.00184823

0.0975586 0.00184823
0.0976074 0.00184829

0.0976074 0.00184829
0.0976563 0.00184835

0.0976562 0.00184835
0.0977051 0.00184841

0.0977051 0.00184841
0.0977539 0.00184846

0.0977539 0.00184846
0.0978027 0.00184851

0.0978027 0.00184851
0.0978516 0.00184856

0.0978516 0.00184856
0.0979004 0.00184861

0.0979004 0.00184861
0.0979492 0.00184865

0.0979492 0.00184865
0.097998 0.0018487

0.097998 0.0018487
0.0980469 0.00184873

0.0980469 0.00184873
0.0980957 0.00184877

0.0980957 0.00184877
0.0981445 0.0018488

0.0981445 0.0018488
0.0981934 0.00184883

0.0981934 0.00184883
0.0982422 0.00184886

0.0982422 0.00184886
0.098291 0.00184889

0.098291 0.00184889
0.0983398 0.00184891

0.0983398 0.00184891
0.0983887 0.00184893

0.0983887 0.00184893
0.0984375 0.00184894

0.0984375 0.00184894
0.0984863 0.00184896

0.0984863 0.00184896
0.0985352 0.00184896

0.0985352 0.00184896
0.098584 0.00184897

0.098584 0.00184897
0.0986328 0.00184897

0.0986328 0.00184897
0.0986816 0.00184897

0.0986816 0.00184897
0.0987305 0.00184897

0.0987305 0.00184897
0.0987793 0.00184896

0.0987793 0.00184896
0.0988281 0.00184895

0.0988281 0.00184895
0.098877 0.00184894

0.098877 0.00184894
0.0989258 0.00184892

0.0989258 0.00184892
0.0989746 0.0018489

0.0989746 0.0018489
0.0990234 0.00184888

0.0990234 0.00184888
0.0990723 0.00184885

0.0990723 0.00184885
0.0991211 0.00184882

0.0991211 0.00184882
0.0991699 0.00184879

0.0991699 0.00184879
0.0992188 0.00184875

0.0992187 0.00184875
0.0992676 0.00184871

0.0992676 0.00184871
0.0993164 0.00184867

0.0993164 0.00184867
0.0993652 0.00184862

0.0993652 0.00184862
0.0994141 0.00184857

0.0994141 0.00184857
0.0994629 0.00184852

0.0994629 0.00184852
0.0995117 0.00184846

0.0995117 0.00184846
0.0995605 0.00184841

0.0995605 0.00184841
0.0996094 0.00184834

0.0996094 0.00184834
0.0996582 0.00184828

0.0996582 0.00184828
0.099707 0.00184821

0.099707 0.00184821
0.0997559 0.00184814

0.0997559 0.00184814
0.0998047 0.00184807

0.0998047 0.00184807
0.0998535 0.00184799

0.0998535 0.00184799
0.0999023 0.00184791

0.0999023 0.00184791
0.0999512 0.00184783

0.0999512 0.00184783
0.1 0.00184775

0.1 0.00184775
0.100049 0.00184766

0.100049 0.00184766
0.100098 0.00184757

0.100098 0.00184757
0.100146 0.00184748

0.100146 0.00184748
0.100195 0.00184739

0.100195 0.00184739
0.100244 0.00184729

0.100244 0.00184729
0.100293 0.0018472

0.100293 0.0018472
0.100342 0.0018471

0.100342 0.0018471
0.100391 0.001847

0.100391 0.001847
0.100439 0.00184689

0.100439 0.00184689
0.100488 0.00184679

0.100488 0.00184679
0.100537 0.00184668

0.100537 0.00184668
0.100586 0.00184657

0.100586 0.00184657
0.100635 0.00184646

0.100635 0.00184646
0.100684 0.00184634

0.100684 0.00184634
0.100732 0.00184623

0.100732 0.00184623
0.100781 0.00184611

0.100781 0.00184611
0.10083 0.001846

0.10083 0.001846
0.100879 0.00184588

0.100879 0.00184588
0.100928 0.00184576

0.100928 0.00184576
0.100977 0.00184564

0.100977 0.00184564
0.101025 0.00184552

0.101025 0.00184552
0.101074 0.00184539

0.101074 0.00184539
0.101123 0.00184527

0.101123 0.00184527
0.101172 0.00184515

0.101172 0.00184515
0.101221 0.00184502

0.101221 0.00184502
0.10127 0.00184489

0.10127 0.00184489
0.101318 0.00184477

0.101318 0.00184477
0.101367 0.00184464

0.101367 0.00184464
0.101416 0.00184451

0.101416 0.00184451
0.101465 0.00184438

0.101465 0.00184438
0.101514 0.00184425

0.101514 0.00184425
0.101563 0.00184413

0.101562 0.00184413
0.101611 0.001844

0.101611 0.001844
0.10166 0.00184387

0.10166 0.00184387
0.101709 0.00184374

0.101709 0.00184374
0.101758 0.00184361

0.101758 0.00184361
0.101807 0.00184348

0.101807 0.00184348
0.101855 0.00184335

0.101855 0.00184335
0.101904 0.00184323

0.101904 0.00184323
0.101953 0.0018431

0.101953 0.0018431
0.102002 0.00184297

0.102002 0.00184297
0.102051 0.00184284

0.102051 0.00184284
0.1021 0.00184272

0.1021 0.00184272
0.102148 0.00184259

0.102148 0.00184259
0.102197 0.00184247

0.102197 0.00184247
0.102246 0.00184235

0.102246 0.00184235
0.102295 0.00184223

0.102295 0.00184223
0.102344 0.00184211

0.102344 0.00184211
0.102393 0.00184199

0.102393 0.00184199
0.102441 0.00184187

0.102441 0.00184187
0.10249 0.00184175

0.10249 0.00184175
0.102539 0.00184164

0.102539 0.00184164
0.102588 0.00184152

0.102588 0.00184152
0.102637 0.00184141

0.102637 0.00184141
0.102686 0.0018413

0.102686 0.0018413
0.102734 0.00184119

0.102734 0.00184119
0.102783 0.00184109

0.102783 0.00184109
0.102832 0.00184098

0.102832 0.00184098
0.102881 0.00184088

0.102881 0.00184088
0.10293 0.00184078

0.10293 0.00184078
0.102979 0.00184069

0.102979 0.00184069
0.103027 0.00184059

0.103027 0.00184059
0.103076 0.0018405

0.103076 0.0018405
0.103125 0.00184041

0.103125 0.00184041
0.103174 0.00184032

0.103174 0.00184032
0.103223 0.00184024

0.103223 0.00184024
0.103271 0.00184016

0.103271 0.00184016
0.10332 0.00184008

0.10332 0.00184008
0.103369 0.00184

0.103369 0.00184
0.103418 0.00183993

0.103418 0.00183993
0.103467 0.00183986

0.103467 0.00183986
0.103516 0.0018398

0.103516 0.0018398
0.103564 0.00183973

0.103564 0.00183973
0.103613 0.00183967

0.103613 0.00183967
0.103662 0.00183962

0.103662 0.00183962
0.103711 0.00183956

0.103711 0.00183956
0.10376 0.00183951

0.10376 0.00183951
0.103809 0.00183947

0.103809 0.00183947
0.103857 0.00183942

0.103857 0.00183942
0.103906 0.00183939

0.103906 0.00183939
0.103955 0.00183935

0.103955 0.00183935
0.104004 0.00183932

0.104004 0.00183932
0.104053 0.00183929

0.104053 0.00183929
0.104102 0.00183927

0.104102 0.00183927
0.10415 0.00183925

0.10415 0.00183925
0.104199 0.00183923

0.104199 0.00183923
0.104248 0.00183922

0.104248 0.00183922
0.104297 0.00183921

0.104297 0.00183921
0.104346 0.0018392

0.104346 0.0018392
0.104395 0.0018392

0.104395 0.0018392
0.104443 0.00183921

0.104443 0.00183921
0.104492 0.00183921

0.104492 0.00183921
0.104541 0.00183922

0.104541 0.00183922
0.10459 0.00183924

0.10459 0.00183924
0.104639 0.00183926

0.104639 0.00183926
0.104688 0.00183928

0.104688 0.00183928
0.104736 0.00183931

0.104736 0.00183931
0.104785 0.00183934

0.104785 0.00183934
0.104834 0.00183937

0.104834 0.00183937
0.104883 0.00183941

0.104883 0.00183941
0.104932 0.00183945

0.104932 0.00183945
0.10498 0.0018395

0.10498 0.0018395
0.105029 0.00183955

0.105029 0.00183955
0.105078 0.0018396

0.105078 0.0018396
0.105127 0.00183966

0.105127 0.00183966
0.105176 0.00183972

0.105176 0.00183972
0.105225 0.00183979

0.105225 0.00183979
0.105273 0.00183986

0.105273 0.00183986
0.105322 0.00183993

0.105322 0.00183993
0.105371 0.00184001

0.105371 0.00184001
0.10542 0.00184009

0.10542 0.00184009
0.105469 0.00184017

0.105469 0.00184017
0.105518 0.00184026

0.105518 0.00184026
0.105566 0.00184035

0.105566 0.00184035
0.105615 0.00184045

0.105615 0.00184045
0.105664 0.00184055

0.105664 0.00184055
0.105713 0.00184065

0.105713 0.00184065
0.105762 0.00184076

0.105762 0.00184076
0.105811 0.00184087

0.105811 0.00184087
0.105859 0.00184098

0.105859 0.00184098
0.105908 0.0018411

0.105908 0.0018411
0.105957 0.00184122

0.105957 0.00184122
0.106006 0.00184134

0.106006 0.00184134
0.106055 0.00184146

0.106055 0.00184146
0.106104 0.00184159

0.106104 0.00184159
0.106152 0.00184173

0.106152 0.00184173
0.106201 0.00184186

0.106201 0.00184186
0.10625 0.001842

0.10625 0.001842
0.106299 0.00184214

0.106299 0.00184214
0.106348 0.00184229

0.106348 0.00184229
0.106396 0.00184243

0.106396 0.00184243
0.106445 0.00184258

0.106445 0.00184258
0.106494 0.00184273

0.106494 0.00184273
0.106543 0.00184289

0.106543 0.00184289
0.106592 0.00184304

0.106592 0.00184304
0.106641 0.0018432

0.106641 0.0018432
0.106689 0.00184337

0.106689 0.00184337
0.106738 0.00184353

0.106738 0.00184353
0.106787 0.00184369

0.106787 0.00184369
0.106836 0.00184386

0.106836 0.00184386
0.106885 0.00184403

0.106885 0.00184403
0.106934 0.0018442

0.106934 0.0018442
0.106982 0.00184438

0.106982 0.00184438
0.107031 0.00184455

0.107031 0.00184455
0.10708 0.00184473

0.10708 0.00184473
0.107129 0.0018449

0.107129 0.0018449
0.107178 0.00184508

0.107178 0.00184508
0.107227 0.00184526

0.107227 0.00184526
0.107275 0.00184544

0.107275 0.00184544
0.107324 0.00184563

0.107324 0.00184563
0.107373 0.00184581

0.107373 0.00184581
0.107422 0.00184599

0.107422 0.00184599
0.107471 0.00184618

0.107471 0.00184618
0.10752 0.00184636

0.10752 0.00184636
0.107568 0.00184654

0.107568 0.00184654
0.107617 0.00184673

0.107617 0.00184673
0.107666 0.00184691

0.107666 0.00184691
0.107715 0.0018471

0.107715 0.0018471
0.107764 0.00184728

0.107764 0.00184728
0.107813 0.00184747

0.107813 0.00184747
0.107861 0.00184765

0.107861 0.00184765
0.10791 0.00184783

0.10791 0.00184783
0.107959 0.00184801

0.107959 0.00184801
0.108008 0.0018482

0.108008 0.0018482
0.108057 0.00184838

0.108057 0.00184838
0.108105 0.00184855

0.108105 0.00184855
0.108154 0.00184873

0.108154 0.00184873
0.108203 0.00184891

0.108203 0.00184891
0.108252 0.00184908

0.108252 0.00184908
0.108301 0.00184925

0.108301 0.00184925
0.10835 0.00184942

0.10835 0.00184942
0.108398 0.00184959

0.108398 0.00184959
0.108447 0.00184976

0.108447 0.00184976
0.108496 0.00184992

0.108496 0.00184992
0.108545 0.00185008

0.108545 0.00185008
0.108594 0.00185024

0.108594 0.00185024
0.108643 0.0018504

0.108643 0.0018504
0.108691 0.00185055

0.108691 0.00185055
0.10874 0.0018507

0.10874 0.0018507
0.108789 0.00185084

0.108789 0.00185084
0.108838 0.00185099

0.108838 0.00185099
0.108887 0.00185112

0.108887 0.00185112
0.108936 0.00185126

0.108936 0.00185126
0.108984 0.00185139

0.108984 0.00185139
0.109033 0.00185152

0.109033 0.00185152
0.109082 0.00185164

0.109082 0.00185164
0.109131 0.00185176

0.109131 0.00185176
0.10918 0.00185187

0.10918 0.00185187
0.109229 0.00185198

0.109229 0.00185198
0.109277 0.00185209

0.109277 0.00185209
0.109326 0.00185219

0.109326 0.00185219
0.109375 0.00185228

0.109375 0.00185228
0.109424 0.00185237

0.109424 0.00185237
0.109473 0.00185246

0.109473 0.00185246
0.109521 0.00185253

0.109521 0.00185253
0.10957 0.00185261

0.10957 0.00185261
0.109619 0.00185268

0.109619 0.00185268
0.109668 0.00185274

0.109668 0.00185274
0.109717 0.0018528

0.109717 0.0018528
0.109766 0.00185285

0.109766 0.00185285
0.109814 0.00185289

0.109814 0.00185289
0.109863 0.00185293

0.109863 0.00185293
0.109912 0.00185296

0.109912 0.00185296
0.109961 0.00185299

0.109961 0.00185299
0.11001 0.00185301

0.11001 0.00185301
0.110059 0.00185302

0.110059 0.00185302
0.110107 0.00185303

0.110107 0.00185303
0.110156 0.00185303

0.110156 0.00185303
0.110205 0.00185302

0.110205 0.00185302
0.110254 0.00185301

0.110254 0.00185301
0.110303 0.00185299

0.110303 0.00185299
0.110352 0.00185296

0.110352 0.00185296
0.1104 0.00185292

0.1104 0.00185292
0.110449 0.00185288

0.110449 0.00185288
0.110498 0.00185283

0.110498 0.00185283
0.110547 0.00185278

0.110547 0.00185278
0.110596 0.00185271

0.110596 0.00185271
0.110645 0.00185264

0.110645 0.00185264
0.110693 0.00185257

0.110693 0.00185257
0.110742 0.00185248

0.110742 0.00185248
0.110791 0.00185239

0.110791 0.00185239
0.11084 0.00185229

0.11084 0.00185229
0.110889 0.00185218

0.110889 0.00185218
0.110938 0.00185206

0.110937 0.00185206
0.110986 0.00185194

0.110986 0.00185194
0.111035 0.00185181

0.111035 0.00185181
0.111084 0.00185167

0.111084 0.00185167
0.111133 0.00185153

0.111133 0.00185153
0.111182 0.00185138

0.111182 0.00185138
0.11123 0.00185122

0.11123 0.00185122
0.111279 0.00185105

0.111279 0.00185105
0.111328 0.00185087

0.111328 0.00185087
0.111377 0.00185069

0.111377 0.00185069
0.111426 0.0018505

0.111426 0.0018505
0.111475 0.0018503

0.111475 0.0018503
0.111523 0.00185009

0.111523 0.00185009
0.111572 0.00184988

0.111572 0.00184988
0.111621 0.00184966

0.111621 0.00184966
0.11167 0.00184943

0.11167 0.00184943
0.111719 0.00184919

0.111719 0.00184919
0.111768 0.00184894

0.111768 0.00184894
0.111816 0.00184869

0.111816 0.00184869
0.111865 0.00184843

0.111865 0.00184843
0.111914 0.00184816

0.111914 0.00184816
0.111963 0.00184788

0.111963 0.00184788
0.112012 0.0018476

0.112012 0.0018476
0.112061 0.0018473

0.112061 0.0018473
0.112109 0.001847

0.112109 0.001847
0.112158 0.00184669

0.112158 0.00184669
0.112207 0.00184638

0.112207 0.00184638
0.112256 0.00184605

0.112256 0.00184605
0.112305 0.00184572

0.112305 0.00184572
0.112354 0.00184538

0.112354 0.00184538
0.112402 0.00184503

0.112402 0.00184503
0.112451 0.00184468

0.112451 0.00184468
0.1125 0.00184431

0.1125 0.00184431
0.112549 0.00184394

0.112549 0.00184394
0.112598 0.00184356

0.112598 0.00184356
0.112646 0.00184318

0.112646 0.00184318
0.112695 0.00184278

0.112695 0.00184278
0.112744 0.00184238

0.112744 0.00184238
0.112793 0.00184197

0.112793 0.00184197
0.112842 0.00184156

0.112842 0.00184156
0.112891 0.00184113

0.112891 0.00184113
0.112939 0.0018407

0.112939 0.0018407
0.112988 0.00184026

0.112988 0.00184026
0.113037 0.00183982

0.113037 0.00183982
0.113086 0.00183937

0.113086 0.00183937
0.113135 0.00183891

0.113135 0.00183891
0.113184 0.00183844

0.113184 0.00183844
0.113232 0.00183797

0.113232 0.00183797
0.113281 0.00183749

0.113281 0.00183749
0.11333 0.001837

0.11333 0.001837
0.113379 0.00183651

0.113379 0.00183651
0.113428 0.00183601

0.113428 0.00183601
0.113477 0.00183551

0.113477 0.00183551
0.113525 0.001835

0.113525 0.001835
0.113574 0.00183448

0.113574 0.00183448
0.113623 0.00183396

0.113623 0.00183396
0.113672 0.00183343

0.113672 0.00183343
0.113721 0.0018329

0.113721 0.0018329
0.11377 0.00183236

0.11377 0.00183236
0.113818 0.00183181

0.113818 0.00183181
0.113867 0.00183126

0.113867 0.00183126
0.113916 0.0018307

0.113916 0.00183071
0.113965 0.00183015

0.113965 0.00183015
0.114014 0.00182958

0.114014 0.00182958
0.114063 0.00182901

0.114062 0.00182901
0.114111 0.00182843

0.114111 0.00182843
0.11416 0.00182785

0.11416 0.00182785
0.114209 0.00182727

0.114209 0.00182727
0.114258 0.00182668

0.114258 0.00182668
0.114307 0.00182609

0.114307 0.00182609
0.114355 0.00182549

0.114355 0.00182549
0.114404 0.00182489

0.114404 0.00182489
0.114453 0.00182429

0.114453 0.00182429
0.114502 0.00182368

0.114502 0.00182368
0.114551 0.00182307

0.114551 0.00182307
0.1146 0.00182246

0.1146 0.00182246
0.114648 0.00182185

0.114648 0.00182185
0.114697 0.00182123

0.114697 0.00182123
0.114746 0.00182061

0.114746 0.00182061
0.114795 0.00181999

0.114795 0.00181999
0.114844 0.00181936

0.114844 0.00181936
0.114893 0.00181874

0.114893 0.00181874
0.114941 0.00181811

0.114941 0.00181811
0.11499 0.00181749

0.11499 0.00181749
0.115039 0.00181686

0.115039 0.00181686
0.115088 0.00181623

0.115088 0.00181623
0.115137 0.00181561

0.115137 0.00181561
0.115186 0.00181498

0.115186 0.00181498
0.115234 0.00181435

0.115234 0.00181435
0.115283 0.00181373

0.115283 0.00181373
0.115332 0.0018131

0.115332 0.0018131
0.115381 0.00181248

0.115381 0.00181248
0.11543 0.00181186

0.11543 0.00181186
0.115479 0.00181124

0.115479 0.00181124
0.115527 0.00181063

0.115527 0.00181063
0.115576 0.00181002

0.115576 0.00181002
0.115625 0.00180941

0.115625 0.00180941
0.115674 0.0018088

0.115674 0.0018088
0.115723 0.0018082

0.115723 0.0018082
0.115771 0.00180761

0.115771 0.00180761
0.11582 0.00180703

0.115869 0.00180643
0.115852 0.00180664

0.11582 0.00180703
0.115852 0.00180664

0.115869 0.00180643
0.115918 0.00180584

0.115918 0.00180584
0.115967 0.00180527

0.115967 0.00180527
0.116016 0.00180471

0.116016 0.00180471
0.116064 0.00180415

0.116064 0.00180415
0.116113 0.00180361

0.116113 0.00180361
0.116162 0.00180307

0.116162 0.00180307
0.116211 0.00180254

0.116211 0.00180254
0.11626 0.00180203

0.11626 0.00180203
0.116309 0.00180152

0.116309 0.00180152
0.116357 0.00180102

0.116357 0.00180102
0.116406 0.00180054

0.116406 0.00180054
0.116455 0.00180007

0.116455 0.00180007
0.116504 0.00179962

0.116504 0.00179962
0.116553 0.00179917

0.116553 0.00179917
0.116602 0.00179875

0.116602 0.00179875
0.11665 0.00179833

0.11665 0.00179833
0.116699 0.00179794

0.116699 0.00179794
0.116748 0.00179756

0.116748 0.00179756
0.116797 0.00179719

0.116797 0.00179719
0.116846 0.00179685

0.116846 0.00179685
0.116895 0.00179652

0.116895 0.00179652
0.116943 0.00179621

0.116943 0.00179621
0.116992 0.00179592

0.116992 0.00179592
0.117041 0.00179565

0.117041 0.00179565
0.11709 0.00179539

0.11709 0.00179539
0.117139 0.00179516

0.117139 0.00179516
0.117188 0.00179495

0.117188 0.00179495
0.117236 0.00179476

0.117236 0.00179476
0.117285 0.0017946

0.117285 0.0017946
0.117334 0.00179445

0.117334 0.00179445
0.117383 0.00179433

0.117383 0.00179433
0.117432 0.00179424

0.117432 0.00179424
0.11748 0.00179416

0.11748 0.00179416
0.117529 0.00179411

0.117529 0.00179411
0.117578 0.00179409

0.117578 0.00179409
0.117627 0.00179409

0.117627 0.00179409
0.117676 0.00179411

0.117676 0.00179411
0.117725 0.00179417

0.117725 0.00179417
0.117773 0.00179424

0.117773 0.00179424
0.117822 0.00179435

0.117822 0.00179435
0.117871 0.00179448

0.117871 0.00179448
0.11792 0.00179464

0.11792 0.00179464
0.117969 0.00179483

0.117969 0.00179483
0.118018 0.00179504

0.118018 0.00179504
0.118066 0.00179529

0.118066 0.00179529
0.118115 0.00179556

0.118115 0.00179556
0.118164 0.00179586

0.118164 0.00179586
0.118213 0.00179619

0.118213 0.00179619
0.118262 0.00179655

0.118262 0.00179655
0.118311 0.00179694

0.118311 0.00179694
0.118359 0.00179735

0.118359 0.00179735
0.118408 0.0017978

0.118408 0.0017978
0.118457 0.00179828

0.118457 0.00179828
0.118506 0.00179879

0.118506 0.00179879
0.118555 0.00179932

0.118555 0.00179932
0.118604 0.00179989

0.118604 0.00179989
0.118652 0.00180049

0.118652 0.00180049
0.118701 0.00180111

0.118701 0.00180111
0.11875 0.00180177

0.11875 0.00180177
0.118799 0.00180246

0.118799 0.00180246
0.118848 0.00180317

0.118848 0.00180317
0.118896 0.00180392

0.118896 0.00180392
0.118945 0.00180469

0.118945 0.0018047
0.118994 0.00180549

0.118994 0.00180549
0.119043 0.00180631

0.119043 0.0018063
0.119062 0.00180664

0.119062 0.00180664
0.119092 0.00180716

0.119092 0.00180716
0.119141 0.00180805

0.119141 0.00180805
0.119189 0.00180896

0.119189 0.00180896
0.119238 0.0018099

0.119238 0.0018099
0.119287 0.00181087

0.119287 0.00181087
0.119336 0.00181186

0.119336 0.00181186
0.119385 0.00181288

0.119385 0.00181288
0.119434 0.00181392

0.119434 0.00181392
0.119482 0.00181498

0.119482 0.00181498
0.119531 0.00181607

0.119531 0.00181607
0.11958 0.00181718

0.11958 0.00181718
0.119629 0.00181831

0.119629 0.00181831
0.119678 0.00181946

0.119678 0.00181946
0.119727 0.00182064

0.119727 0.00182064
0.119775 0.00182184

0.119775 0.00182184
0.119824 0.00182306

0.119824 0.00182306
0.119873 0.0018243

0.119873 0.0018243
0.119922 0.00182556

0.119922 0.00182556
0.119971 0.00182683

0.119971 0.00182683
0.12002 0.00182813

0.12002 0.00182813
0.120068 0.00182944

0.120068 0.00182944
0.120117 0.00183077

0.120117 0.00183077
0.120166 0.00183212

0.120166 0.00183212
0.120215 0.00183349

0.120215 0.00183349
0.120264 0.00183486

0.120264 0.00183486
0.120313 0.00183625

0.120313 0.00183625
0.120361 0.00183766

0.120361 0.00183766
0.12041 0.00183907

0.12041 0.00183907
0.120459 0.0018405

0.120459 0.0018405
0.120508 0.00184194

0.120508 0.00184194
0.120557 0.00184338

0.120557 0.00184338
0.120605 0.00184483

0.120605 0.00184483
0.120654 0.00184629

0.120654 0.00184629
0.120703 0.00184776

0.120703 0.00184776
0.120752 0.00184923

0.120752 0.00184922
0.120801 0.0018507

0.120801 0.0018507
0.12085 0.00185217

0.12085 0.00185218
0.120898 0.00185365

0.120898 0.00185365
0.120947 0.00185512

0.120947 0.00185512
0.120959 0.00185547

0.120959 0.00185547
0.120996 0.00185657

0.120996 0.00185658
0.121045 0.00185805

0.121045 0.00185805
0.121094 0.00185951

0.121094 0.00185951
0.121143 0.00186096

0.121143 0.00186096
0.121191 0.00186241

0.121191 0.00186241
0.12124 0.00186384

0.12124 0.00186384
0.121289 0.00186527

0.121289 0.00186527
0.121338 0.00186668

0.121338 0.00186668
0.121387 0.00186808

0.121387 0.00186808
0.121436 0.00186946

0.121436 0.00186946
0.121484 0.00187083

0.121484 0.00187083
0.121533 0.00187218

0.121533 0.00187218
0.121582 0.00187352

0.121582 0.00187352
0.121631 0.00187483

0.121631 0.00187483
0.12168 0.00187612

0.12168 0.00187612
0.121729 0.00187739

0.121729 0.00187739
0.121777 0.00187864

0.121777 0.00187864
0.121826 0.00187986

0.121826 0.00187986
0.121875 0.00188106

0.121875 0.00188106
0.121924 0.00188223

0.121924 0.00188223
0.121973 0.00188337

0.121973 0.00188337
0.122021 0.00188449

0.122021 0.00188449
0.12207 0.00188557

0.12207 0.00188557
0.122119 0.00188662

0.122119 0.00188662
0.122168 0.00188764

0.122168 0.00188764
0.122217 0.00188863

0.122217 0.00188863
0.122266 0.00188958

0.122266 0.00188958
0.122314 0.0018905

0.122314 0.0018905
0.122363 0.00189138

0.122363 0.00189138
0.122412 0.00189222

0.122412 0.00189222
0.122461 0.00189303

0.122461 0.00189303
0.12251 0.0018938

0.12251 0.0018938
0.122559 0.00189453

0.122559 0.00189453
0.122607 0.00189522

0.122607 0.00189522
0.122656 0.00189586

0.122656 0.00189586
0.122705 0.00189647

0.122705 0.00189647
0.122754 0.00189704

0.122754 0.00189704
0.122803 0.00189756

0.122803 0.00189756
0.122852 0.00189805

0.122852 0.00189805
0.1229 0.00189849

0.1229 0.00189849
0.122949 0.00189888

0.122949 0.00189888
0.122998 0.00189924

0.122998 0.00189924
0.123047 0.00189955

0.123047 0.00189955
0.123096 0.00189982

0.123096 0.00189982
0.123145 0.00190005

0.123145 0.00190005
0.123193 0.00190023

0.123193 0.00190023
0.123242 0.00190038

0.123242 0.00190038
0.123291 0.00190048

0.123291 0.00190048
0.12334 0.00190054

0.12334 0.00190054
0.123389 0.00190055

0.123389 0.00190055
0.123438 0.00190053

0.123438 0.00190053
0.123486 0.00190046

0.123486 0.00190046
0.123535 0.00190036

0.123535 0.00190036
0.123584 0.00190021

0.123584 0.00190021
0.123633 0.00190003

0.123633 0.00190003
0.123682 0.0018998

0.123682 0.0018998
0.12373 0.00189954

0.12373 0.00189954
0.123779 0.00189924

0.123779 0.00189924
0.123828 0.0018989

0.123828 0.0018989
0.123877 0.00189852

0.123877 0.00189852
0.123926 0.00189811

0.123926 0.00189811
0.123975 0.00189766

0.123975 0.00189766
0.124023 0.00189718

0.124023 0.00189718
0.124072 0.00189666

0.124072 0.00189666
0.124121 0.00189612

0.124121 0.00189612
0.12417 0.00189553

0.12417 0.00189553
0.124219 0.00189492

0.124219 0.00189492
0.124268 0.00189428

0.124268 0.00189428
0.124316 0.0018936

0.124316 0.0018936
0.124365 0.0018929

0.124365 0.0018929
0.124414 0.00189217

0.124414 0.00189217
0.124463 0.00189141

0.124463 0.00189141
0.124512 0.00189062

0.124512 0.00189062
0.124561 0.00188981

0.124561 0.00188981
0.124609 0.00188898

0.124609 0.00188898
0.124658 0.00188812

0.124658 0.00188812
0.124707 0.00188724

0.124707 0.00188724
0.124756 0.00188633

0.124756 0.00188633
0.124805 0.00188541

0.124805 0.00188541
0.124854 0.00188446

0.124854 0.00188446
0.124902 0.00188349

0.124902 0.00188349
0.124951 0.00188251

0.124951 0.00188251
0.125 0.00188151

0.125 0.00188151
0.125049 0.00188049

0.125049 0.00188049
0.125098 0.00187945

0.125098 0.00187946
0.125146 0.00187841

0.125146 0.00187841
0.125195 0.00187735

0.125195 0.00187735
0.125244 0.00187627

0.125244 0.00187627
0.125293 0.00187518

0.125293 0.00187518
0.125342 0.00187408

0.125342 0.00187408
0.125391 0.00187297

0.125391 0.00187297
0.125439 0.00187185

0.125439 0.00187185
0.125488 0.00187072

0.125488 0.00187072
0.125537 0.00186958

0.125537 0.00186958
0.125586 0.00186844

0.125586 0.00186844
0.125635 0.00186729

0.125635 0.00186729
0.125684 0.00186614

0.125684 0.00186614
0.125732 0.00186498

0.125732 0.00186498
0.125781 0.00186381

0.125781 0.00186381
0.12583 0.00186265

0.12583 0.00186265
0.125879 0.00186148

0.125879 0.00186148
0.125928 0.00186032

0.125928 0.00186032
0.125977 0.00185915

0.125977 0.00185914
0.126025 0.00185798

0.126025 0.00185798
0.126074 0.00185682

0.126074 0.00185683
0.126123 0.00185566

0.126172 0.0018545
0.126131 0.00185547

0.126123 0.00185566
0.126131 0.00185547

0.126172 0.0018545
0.126221 0.00185334

0.126221 0.00185335
0.12627 0.0018522

0.12627 0.0018522
0.126318 0.00185105

0.126318 0.00185105
0.126367 0.00184991

0.126367 0.00184991
0.126416 0.00184878

0.126416 0.00184878
0.126465 0.00184765

0.126465 0.00184765
0.126514 0.00184653

0.126514 0.00184653
0.126563 0.00184543

0.126562 0.00184543
0.126611 0.00184433

0.126611 0.00184433
0.12666 0.00184324

0.12666 0.00184324
0.126709 0.00184217

0.126709 0.00184217
0.126758 0.00184111

0.126758 0.00184111
0.126807 0.00184006

0.126807 0.00184006
0.126855 0.00183902

0.126855 0.00183902
0.126904 0.00183799

0.126904 0.00183799
0.126953 0.00183698

0.126953 0.00183698
0.127002 0.00183599

0.127002 0.00183599
0.127051 0.00183501

0.127051 0.00183501
0.1271 0.00183404

0.1271 0.00183404
0.127148 0.00183309

0.127148 0.00183309
0.127197 0.00183216

0.127197 0.00183216
0.127246 0.00183125

0.127246 0.00183124
0.127295 0.00183035

0.127295 0.00183035
0.127344 0.00182947

0.127344 0.00182947
0.127393 0.00182861

0.127393 0.00182861
0.127441 0.00182776

0.127441 0.00182776
0.12749 0.00182694

0.12749 0.00182694
0.127539 0.00182614

0.127539 0.00182614
0.127588 0.00182535

0.127588 0.00182535
0.127637 0.00182459

0.127637 0.00182459
0.127686 0.00182384

0.127686 0.00182384
0.127734 0.00182312

0.127734 0.00182312
0.127783 0.00182241

0.127783 0.00182241
0.127832 0.00182173

0.127832 0.00182173
0.127881 0.00182107

0.127881 0.00182107
0.12793 0.00182043

0.12793 0.00182043
0.127979 0.00181982

0.127979 0.00181982
0.128027 0.00181922

0.128027 0.00181922
0.128076 0.00181865

0.128076 0.00181865
0.128125 0.0018181

0.128125 0.0018181
0.128174 0.00181758

0.128174 0.00181758
0.128223 0.00181708

0.128223 0.00181708
0.128271 0.0018166

0.128271 0.0018166
0.12832 0.00181614

0.12832 0.00181614
0.128369 0.00181571

0.128369 0.00181571
0.128418 0.00181531

0.128418 0.00181531
0.128467 0.00181492

0.128467 0.00181492
0.128516 0.00181456

0.128516 0.00181456
0.128564 0.00181423

0.128564 0.00181423
0.128613 0.00181392

0.128613 0.00181392
0.128662 0.00181363

0.128662 0.00181363
0.128711 0.00181337

0.128711 0.00181337
0.12876 0.00181313

0.12876 0.00181313
0.128809 0.00181292

0.128809 0.00181292
0.128857 0.00181273

0.128857 0.00181273
0.128906 0.00181257

0.128906 0.00181257
0.128955 0.00181243

0.128955 0.00181243
0.129004 0.00181231

0.129004 0.00181231
0.129053 0.00181222

0.129053 0.00181222
0.129102 0.00181215

0.129102 0.00181215
0.12915 0.00181211

0.12915 0.00181211
0.129199 0.00181209

0.129199 0.00181209
0.129248 0.00181209

0.129248 0.00181209
0.129297 0.00181212

0.129297 0.00181212
0.129346 0.00181217

0.129346 0.00181217
0.129395 0.00181224

0.129395 0.00181224
0.129443 0.00181234

0.129443 0.00181234
0.129492 0.00181246

0.129492 0.00181246
0.129541 0.0018126

0.129541 0.0018126
0.12959 0.00181277

0.12959 0.00181277
0.129639 0.00181295

0.129639 0.00181295
0.129688 0.00181316

0.129688 0.00181316
0.129736 0.00181339

0.129736 0.00181339
0.129785 0.00181364

0.129785 0.00181364
0.129834 0.00181391

0.129834 0.00181391
0.129883 0.0018142

0.129883 0.0018142
0.129932 0.00181451

0.129932 0.00181451
0.12998 0.00181484

0.12998 0.00181485
0.130029 0.0018152

0.130029 0.0018152
0.130078 0.00181556

0.130078 0.00181556
0.130127 0.00181595

0.130127 0.00181595
0.130176 0.00181636

0.130176 0.00181636
0.130225 0.00181678

0.130225 0.00181678
0.130273 0.00181722

0.130273 0.00181722
0.130322 0.00181768

0.130322 0.00181768
0.130371 0.00181815

0.130371 0.00181815
0.13042 0.00181863

0.13042 0.00181863
0.130469 0.00181914

0.130469 0.00181914
0.130518 0.00181965

0.130518 0.00181965
0.130566 0.00182018

0.130566 0.00182018
0.130615 0.00182072

0.130615 0.00182072
0.130664 0.00182127

0.130664 0.00182127
0.130713 0.00182184

0.130713 0.00182184
0.130762 0.00182241

0.130762 0.00182241
0.130811 0.001823

0.130811 0.001823
0.130859 0.00182359

0.130859 0.00182359
0.130908 0.00182419

0.130908 0.00182419
0.130957 0.0018248

0.130957 0.0018248
0.131006 0.00182542

0.131006 0.00182542
0.131055 0.00182604

0.131055 0.00182604
0.131104 0.00182667

0.131104 0.00182667
0.131152 0.0018273

0.131152 0.0018273
0.131201 0.00182794

0.131201 0.00182794
0.13125 0.00182858

0.13125 0.00182858
0.131299 0.00182923

0.131299 0.00182923
0.131348 0.00182987

0.131348 0.00182987
0.131396 0.00183051

0.131396 0.00183051
0.131445 0.00183116

0.131445 0.00183116
0.131494 0.0018318

0.131494 0.00183181
0.131543 0.00183245

0.131543 0.00183245
0.131592 0.00183309

0.131592 0.00183309
0.131641 0.00183373

0.131641 0.00183373
0.131689 0.00183436

0.131689 0.00183436
0.131738 0.00183499

0.131738 0.00183499
0.131787 0.00183561

0.131787 0.00183561
0.131836 0.00183623

0.131836 0.00183623
0.131885 0.00183684

0.131885 0.00183684
0.131934 0.00183744

0.131934 0.00183744
0.131982 0.00183803

0.131982 0.00183803
0.132031 0.00183861

0.132031 0.00183861
0.13208 0.00183918

0.13208 0.00183919
0.132129 0.00183975

0.132129 0.00183975
0.132178 0.0018403

0.132178 0.0018403
0.132227 0.00184084

0.132227 0.00184084
0.132275 0.00184136

0.132275 0.00184136
0.132324 0.00184187

0.132324 0.00184187
0.132373 0.00184237

0.132373 0.00184237
0.132422 0.00184285

0.132422 0.00184285
0.132471 0.00184332

0.132471 0.00184332
0.13252 0.00184377

0.13252 0.00184377
0.132568 0.00184421

0.132568 0.00184421
0.132617 0.00184463

0.132617 0.00184463
0.132666 0.00184503

0.132666 0.00184503
0.132715 0.00184541

0.132715 0.00184541
0.132764 0.00184578

0.132764 0.00184578
0.132812 0.00184612

0.132812 0.00184612
0.132861 0.00184645

0.132861 0.00184645
0.13291 0.00184676

0.13291 0.00184676
0.132959 0.00184705

0.132959 0.00184705
0.133008 0.00184731

0.133008 0.00184731
0.133057 0.00184756

0.133057 0.00184756
0.133105 0.00184778

0.133105 0.00184778
0.133154 0.00184799

0.133154 0.00184799
0.133203 0.00184817

0.133203 0.00184817
0.133252 0.00184834

0.133252 0.00184834
0.133301 0.00184848

0.133301 0.00184848
0.13335 0.00184859

0.13335 0.00184859
0.133398 0.00184869

0.133398 0.00184869
0.133447 0.00184877

0.133447 0.00184877
0.133496 0.00184882

0.133496 0.00184882
0.133545 0.00184885

0.133545 0.00184885
0.133594 0.00184886

0.133594 0.00184886
0.133643 0.00184885

0.133643 0.00184885
0.133691 0.00184881

0.133691 0.00184881
0.13374 0.00184876

0.13374 0.00184876
0.133789 0.00184868

0.133789 0.00184868
0.133838 0.00184858

0.133838 0.00184858
0.133887 0.00184847

0.133887 0.00184847
0.133936 0.00184833

0.133936 0.00184833
0.133984 0.00184817

0.133984 0.00184817
0.134033 0.00184799

0.134033 0.00184799
0.134082 0.00184779

0.134082 0.00184779
0.134131 0.00184757

0.134131 0.00184757
0.13418 0.00184733

0.13418 0.00184733
0.134229 0.00184708

0.134229 0.00184708
0.134277 0.0018468

0.134277 0.0018468
0.134326 0.00184651

0.134326 0.00184651
0.134375 0.00184621

0.134375 0.00184621
0.134424 0.00184588

0.134424 0.00184588
0.134473 0.00184554

0.134473 0.00184554
0.134521 0.00184519

0.134521 0.00184519
0.13457 0.00184482

0.13457 0.00184482
0.134619 0.00184444

0.134619 0.00184444
0.134668 0.00184404

0.134668 0.00184404
0.134717 0.00184363

0.134717 0.00184363
0.134766 0.00184321

0.134766 0.00184321
0.134814 0.00184278

0.134814 0.00184278
0.134863 0.00184234

0.134863 0.00184234
0.134912 0.00184189

0.134912 0.00184189
0.134961 0.00184143

0.134961 0.00184143
0.13501 0.00184096

0.13501 0.00184096
0.135059 0.00184048

0.135059 0.00184048
0.135107 0.00184

0.135107 0.00184
0.135156 0.00183952

0.135156 0.00183952
0.135205 0.00183902

0.135205 0.00183902
0.135254 0.00183853

0.135254 0.00183853
0.135303 0.00183803

0.135303 0.00183803
0.135352 0.00183753

0.135352 0.00183753
0.1354 0.00183703

0.1354 0.00183703
0.135449 0.00183653

0.135449 0.00183653
0.135498 0.00183602

0.135498 0.00183602
0.135547 0.00183552

0.135547 0.00183552
0.135596 0.00183503

0.135596 0.00183503
0.135645 0.00183453

0.135645 0.00183453
0.135693 0.00183404

0.135693 0.00183404
0.135742 0.00183356

0.135742 0.00183356
0.135791 0.00183308

0.135791 0.00183308
0.13584 0.0018326

0.13584 0.0018326
0.135889 0.00183214

0.135889 0.00183214
0.135938 0.00183168

0.135937 0.00183168
0.135986 0.00183123

0.135986 0.00183123
0.136035 0.00183079

0.136035 0.00183079
0.136084 0.00183037

0.136084 0.00183037
0.136133 0.00182995

0.136133 0.00182995
0.136182 0.00182955

0.136182 0.00182955
0.13623 0.00182916

0.13623 0.00182916
0.136279 0.00182878

0.136279 0.00182878
0.136328 0.00182842

0.136328 0.00182842
0.136377 0.00182807

0.136377 0.00182807
0.136426 0.00182774

0.136426 0.00182774
0.136475 0.00182743

0.136475 0.00182743
0.136523 0.00182714

0.136523 0.00182714
0.136572 0.00182686

0.136572 0.00182686
0.136621 0.00182661

0.136621 0.00182661
0.13667 0.00182637

0.13667 0.00182637
0.136719 0.00182615

0.136719 0.00182615
0.136768 0.00182596

0.136768 0.00182596
0.136816 0.00182579

0.136816 0.00182579
0.136865 0.00182563

0.136865 0.00182563
0.136914 0.00182551

0.136914 0.00182551
0.136963 0.0018254

0.136963 0.0018254
0.137012 0.00182532

0.137012 0.00182532
0.137061 0.00182527

0.137061 0.00182527
0.137109 0.00182524

0.137109 0.00182524
0.137158 0.00182523

0.137158 0.00182523
0.137207 0.00182525

0.137207 0.00182525
0.137256 0.0018253

0.137256 0.0018253
0.137305 0.00182537

0.137305 0.00182537
0.137354 0.00182547

0.137354 0.00182547
0.137402 0.0018256

0.137402 0.0018256
0.137451 0.00182576

0.137451 0.00182576
0.1375 0.00182594

0.1375 0.00182594
0.137549 0.00182615

0.137549 0.00182615
0.137598 0.00182639

0.137598 0.00182639
0.137646 0.00182666

0.137646 0.00182666
0.137695 0.00182695

0.137695 0.00182695
0.137744 0.00182728

0.137744 0.00182728
0.137793 0.00182763

0.137793 0.00182763
0.137842 0.00182801

0.137842 0.00182801
0.137891 0.00182842

0.137891 0.00182842
0.137939 0.00182885

0.137939 0.00182885
0.137988 0.00182931

0.137988 0.00182931
0.138037 0.0018298

0.138037 0.0018298
0.138086 0.00183032

0.138086 0.00183032
0.138135 0.00183087

0.138135 0.00183087
0.138184 0.00183144

0.138184 0.00183144
0.138232 0.00183204

0.138232 0.00183204
0.138281 0.00183266

0.138281 0.00183266
0.13833 0.00183331

0.13833 0.00183331
0.138379 0.00183398

0.138379 0.00183398
0.138428 0.00183468

0.138428 0.00183468
0.138477 0.0018354

0.138477 0.0018354
0.138525 0.00183614

0.138525 0.00183614
0.138574 0.00183691

0.138574 0.00183691
0.138623 0.00183769

0.138623 0.00183769
0.138672 0.0018385

0.138672 0.0018385
0.138721 0.00183932

0.138721 0.00183932
0.13877 0.00184017

0.13877 0.00184017
0.138818 0.00184103

0.138818 0.00184103
0.138867 0.00184191

0.138867 0.00184191
0.138916 0.0018428

0.138916 0.0018428
0.138965 0.00184371

0.138965 0.00184371
0.139014 0.00184463

0.139014 0.00184463
0.139063 0.00184557

0.139063 0.00184557
0.139111 0.00184651

0.139111 0.00184651
0.13916 0.00184747

0.13916 0.00184747
0.139209 0.00184843

0.139209 0.00184843
0.139258 0.00184941

0.139258 0.00184941
0.139307 0.00185038

0.139307 0.00185038
0.139355 0.00185137

0.139355 0.00185137
0.139404 0.00185235

0.139404 0.00185236
0.139453 0.00185335

0.139453 0.00185335
0.139502 0.00185434

0.139502 0.00185434
0.139551 0.00185532

0.139551 0.00185531
0.139558 0.00185547

0.139559 0.00185547
0.1396 0.00185629

0.1396 0.0018563
0.139648 0.00185728

0.139648 0.00185729
0.139697 0.00185827

0.139697 0.00185827
0.139746 0.00185924

0.139784 0
0.139795 3.1229e-05

0.139746 0.00185924
0.139795 0.00186021

0.139795 2.4706e-05
0.139811 4.88281e-05

0.139799 4.88281e-05
0.139844 7.87495e-05

0.139795 0.00186021
0.139844 0.00186116

0.139844 6.53924e-05
0.139893 7.23616e-05

0.139844 0.00186116
0.139893 0.00186211

0.139893 7.05928e-05
0.139941 7.45949e-05

0.139893 0.00186211
0.139941 0.00186304

0.139941 7.47062e-05
0.13999 7.90562e-05

0.139941 0.00186304
0.13999 0.00186396

0.13999 7.91707e-05
0.140039 8.3417e-05

0.13999 0.00186396
0.140039 0.00186487

0.140039 8.34987e-05
0.140088 8.72492e-05

0.140039 0.00186487
0.140088 0.00186575

0.140088 8.73842e-05
0.140137 9.02054e-05

0.140088 0.00186575
0.140137 0.00186663

0.140137 9.08683e-05
0.140186 9.11645e-05

0.140137 0.00186663
0.140186 0.00186748

0.140186 9.34919e-05
0.140234 8.52823e-05

0.140186 0.00186748
0.140234 0.00186832

0.140234 8.47599e-05
0.140283 6.44344e-05

0.140234 0.00186832
0.140283 0.00186913

0.140328 0
0.140307 4.88281e-05

0.140283 8.39515e-05
0.140324 4.88281e-05

0.140283 0.00186913
0.140332 0.00186992

0.140332 3.21047e-06
0.140333 0

0.140332 5.77913e-05
0.140337 4.88281e-05

0.140332 0.00186992
0.140381 0.00187069

0.140381 0.00187069
0.14043 0.00187144

0.14043 0.00187144
0.140479 0.00187216

0.140479 0.00187216
0.140527 0.00187286

0.140527 0.00187286
0.140576 0.00187353

0.140576 0.00187353
0.140625 0.00187417

0.140625 0.00187417
0.140674 0.00187479

0.140674 0.00187479
0.140723 0.00187537

0.140723 0.00187537
0.140771 0.00187593

0.140771 0.00187593
0.14082 0.00187645

0.14082 0.00187646
0.140869 0.00187695

0.140869 0.00187695
0.140918 0.00187741

0.140918 0.00187741
0.140967 0.00187784

0.140967 0.00187784
0.141016 0.00187824

0.141016 0.00187824
0.141064 0.0018786

0.141064 0.0018786
0.141113 0.00187893

0.141113 0.00187893
0.141162 0.00187923

0.141162 0.00187923
0.141211 0.00187949

0.141211 0.00187949
0.14126 0.00187972

0.14126 0.00187972
0.141309 0.00187991

0.141309 0.00187991
0.141357 0.00188006

0.141357 0.00188006
0.141406 0.00188018

0.141406 0.00188018
0.141455 0.00188027

0.141455 0.00188027
0.141504 0.00188032

0.141504 0.00188032
0.141553 0.00188033

0.141553 0.00188033
0.141602 0.00188031

0.141602 0.00188031
0.14165 0.00188025

0.14165 0.00188025
0.141699 0.00188016

0.141699 0.00188016
0.141748 0.00188003

0.141748 0.00188003
0.141797 0.00187987

0.141797 0.00187987
0.141846 0.00187968

0.141846 0.00187968
0.141895 0.00187945

0.141895 0.00187945
0.141943 0.00187919

0.141943 0.00187919
0.141992 0.00187889

0.141992 0.00187889
0.142041 0.00187856

0.142041 0.00187856
0.14209 0.00187821

0.14209 0.00187821
0.142139 0.00187781

0.142139 0.00187781
0.142188 0.00187739

0.142187 0.00187739
0.142236 0.00187694

0.142236 0.00187694
0.142285 0.00187646

0.142285 0.00187646
0.142334 0.00187595

0.142334 0.00187595
0.142383 0.00187541

0.142383 0.00187541
0.142432 0.00187485

0.142432 0.00187485
0.14248 0.00187426

0.14248 0.00187426
0.142529 0.00187365

0.142529 0.00187365
0.142578 0.00187301

0.142578 0.00187301
0.142627 0.00187234

0.142627 0.00187234
0.142676 0.00187166

0.142676 0.00187166
0.142725 0.00187095

0.142725 0.00187095
0.142773 0.00187022

0.142773 0.00187022
0.142822 0.00186947

0.142822 0.00186947
0.142871 0.00186871

0.142871 0.00186871
0.14292 0.00186793

0.14292 0.00186793
0.142969 0.00186713

0.142969 0.00186713
0.143018 0.00186631

0.143018 0.00186631
0.143066 0.00186548

0.143066 0.00186548
0.143115 0.00186464

0.143115 0.00186464
0.143164 0.00186378

0.143164 0.00186378
0.143213 0.00186292

0.143213 0.00186292
0.143262 0.00186204

0.143262 0.00186204
0.143311 0.00186115

0.143311 0.00186115
0.143359 0.00186026

0.143359 0.00186026
0.143408 0.00185936

0.143408 0.00185936
0.143457 0.00185845

0.143457 0.00185845
0.143506 0.00185754

0.143506 0.00185754
0.143555 0.00185663

0.143555 0.00185664
0.143604 0.00185572

0.143652 0.00185479
0.143617 0.00185547

0.143604 0.00185572
0.143617 0.00185547

0.143652 0.00185479
0.143701 0.00185387

0.143701 0.00185387
0.14375 0.00185295

0.14375 0.00185295
0.143799 0.00185203

0.143799 0.00185203
0.143848 0.00185112

0.143848 0.00185112
0.143896 0.0018502

0.143896 0.0018502
0.143945 0.00184929

0.143945 0.00184929
0.143994 0.00184838

0.143994 0.00184838
0.144043 0.00184749

0.144043 0.00184749
0.144092 0.0018466

0.144092 0.0018466
0.144141 0.00184571

0.144141 0.00184571
0.144189 0.00184484

0.144189 0.00184484
0.144238 0.00184398

0.144238 0.00184398
0.144287 0.00184312

0.144298 0
0.144325 4.88281e-05

0.144323 4.88281e-05
0.144336 5.9724e-05

0.144287 0.00184312
0.144336 0.00184228

0.144336 5.65462e-05
0.144385 7.8163e-05

0.144336 0.00184228
0.144385 0.00184146

0.144385 6.86096e-05
0.144434 7.02833e-05

0.144385 0.00184145
0.144434 0.00184064

0.144434 6.99841e-05
0.144482 7.14198e-05

0.144434 0.00184064
0.144482 0.00183984

0.144482 7.18148e-05
0.144531 7.28209e-05

0.144482 0.00183984
0.144531 0.00183905

0.144531 7.24983e-05
0.14458 7.293e-05

0.144531 0.00183905
0.14458 0.00183828

0.14458 7.30668e-05
0.144629 7.32955e-05

0.14458 0.00183828
0.144629 0.00183752

0.144629 7.3816e-05
0.144678 7.25269e-05

0.144629 0.00183752
0.144678 0.00183678

0.144678 7.38839e-05
0.144727 6.73219e-05

0.144678 0.00183678
0.144727 0.00183606

0.144775 4.26494e-05
0.144771 4.88281e-05

0.144727 7.48533e-05
0.14477 4.88281e-05

0.144727 0.00183606
0.144775 0.00183536

0.144775 4.47266e-05
0.144795 0

0.144775 6.57279e-05
0.144791 4.88281e-05

0.144775 0.00183536
0.144824 0.00183467

0.144824 0.00183467
0.144873 0.00183401

0.144873 0.00183401
0.144922 0.00183336

0.144922 0.00183336
0.144971 0.00183273

0.144971 0.00183273
0.14502 0.00183212

0.14502 0.00183212
0.145068 0.00183153

0.145068 0.00183153
0.145117 0.00183097

0.145117 0.00183097
0.145166 0.00183042

0.145166 0.00183042
0.145215 0.0018299

0.145215 0.0018299
0.145264 0.00182939

0.145264 0.00182939
0.145313 0.00182891

0.145313 0.00182891
0.145361 0.00182846

0.145361 0.00182846
0.14541 0.00182802

0.14541 0.00182802
0.145459 0.00182761

0.145459 0.00182761
0.145508 0.00182722

0.145508 0.00182722
0.145557 0.00182685

0.145557 0.00182685
0.145605 0.00182651

0.145605 0.00182651
0.145654 0.00182619

0.145654 0.00182619
0.145703 0.00182589

0.145727 0
0.145751 4.88281e-05

0.145744 4.88281e-05
0.145752 5.44709e-05

0.145703 0.00182589
0.145752 0.00182562

0.145801 2.52396e-05
0.145752 4.88281e-05

0.145752 5.71423e-05
0.145801 4.96973e-05

0.145752 0.00182562
0.145801 0.00182537

0.145801 1.34959e-05
0.145805 0

0.145801 0.00182537
0.14585 0.00182514

0.14585 0.00182514
0.145898 0.00182494

0.145898 0.00182494
0.145947 0.00182476

0.145947 0.00182476
0.145996 0.00182461

0.145996 0.00182461
0.146045 0.00182448

0.146045 0.00182448
0.146094 0.00182437

0.146094 0.00182437
0.146143 0.00182428

0.146143 0.00182428
0.146191 0.00182422

0.146191 0.00182422
0.14624 0.00182418

0.14624 0.00182418
0.146289 0.00182416

0.146289 0.00182416
0.146338 0.00182417

0.146338 0.00182417
0.146387 0.00182419

0.146387 0.00182419
0.146436 0.00182424

0.146436 0.00182424
0.146484 0.00182432

0.146484 0.00182432
0.146533 0.00182441

0.146533 0.00182441
0.146582 0.00182452

0.146582 0.00182452
0.146631 0.00182466

0.146631 0.00182466
0.14668 0.00182481

0.14668 0.00182481
0.146729 0.00182499

0.146729 0.00182499
0.146777 0.00182519

0.146777 0.00182519
0.146826 0.0018254

0.146826 0.0018254
0.146875 0.00182564

0.146875 0.00182564
0.146924 0.00182589

0.146924 0.00182589
0.146973 0.00182617

0.146973 0.00182617
0.147021 0.00182646

0.147021 0.00182646
0.14707 0.00182677

0.14707 0.00182677
0.147119 0.0018271

0.147119 0.0018271
0.147168 0.00182744

0.147168 0.00182744
0.147217 0.0018278

0.147217 0.0018278
0.147266 0.00182818

0.147266 0.00182818
0.147314 0.00182857

0.147314 0.00182857
0.147363 0.00182898

0.147363 0.00182898
0.147412 0.00182941

0.147412 0.00182941
0.147461 0.00182984

0.147461 0.00182984
0.14751 0.0018303

0.14751 0.0018303
0.147559 0.00183076

0.147559 0.00183076
0.147607 0.00183124

0.147607 0.00183124
0.147656 0.00183173

0.147656 0.00183173
0.147705 0.00183223

0.147705 0.00183223
0.147754 0.00183275

0.147754 0.00183275
0.147803 0.00183327

0.147803 0.00183327
0.147852 0.0018338

0.147852 0.0018338
0.1479 0.00183435

0.1479 0.00183435
0.147949 0.0018349

0.147949 0.0018349
0.147998 0.00183546

0.147998 0.00183546
0.148047 0.00183602

0.148047 0.00183602
0.148096 0.0018366

0.148096 0.0018366
0.148145 0.00183718

0.148145 0.00183718
0.148193 0.00183776

0.148193 0.00183776
0.148242 0.00183835

0.148242 0.00183835
0.148291 0.00183895

0.148291 0.00183895
0.14834 0.00183954

0.14834 0.00183954
0.148389 0.00184015

0.148389 0.00184015
0.148438 0.00184075

0.148438 0.00184075
0.148486 0.00184136

0.148486 0.00184136
0.148535 0.00184197

0.148535 0.00184197
0.148584 0.00184258

0.148584 0.00184258
0.148633 0.00184319

0.148633 0.00184319
0.148682 0.0018438

0.148682 0.0018438
0.14873 0.00184441

0.14873 0.00184441
0.148779 0.00184501

0.148779 0.00184501
0.148828 0.00184562

0.148828 0.00184562
0.148877 0.00184623

0.148877 0.00184623
0.148926 0.00184683

0.148926 0.00184683
0.148975 0.00184743

0.148975 0.00184743
0.149023 0.00184802

0.149023 0.00184802
0.149072 0.00184861

0.149072 0.00184861
0.149121 0.0018492

0.149121 0.0018492
0.14917 0.00184978

0.14917 0.00184978
0.149219 0.00185036

0.149219 0.00185036
0.149268 0.00185093

0.149268 0.00185093
0.149316 0.00185149

0.149316 0.00185149
0.149365 0.00185205

0.149365 0.00185205
0.149414 0.0018526

0.149414 0.0018526
0.149463 0.00185314

0.149463 0.00185314
0.149512 0.00185367

0.149512 0.00185367
0.149561 0.0018542

0.149561 0.0018542
0.149609 0.00185471

0.149609 0.00185472
0.149658 0.00185521

0.149658 0.00185521
0.149684 0.00185547

0.149684 0.00185547
0.149707 0.0018557

0.149707 0.0018557
0.149756 0.00185619

0.149756 0.0018562
0.149805 0.00185668

0.149805 0.00185668
0.149854 0.00185715

0.149854 0.00185715
0.149902 0.00185761

0.149902 0.00185761
0.149951 0.00185806

0.149951 0.00185806
0.15 0.00185849

0.15 0.00185849
0.150049 0.00185892

0.150049 0.00185892
0.150098 0.00185933

0.150098 0.00185933
0.150146 0.00185974

0.150146 0.00185974
0.150195 0.00186013

0.150195 0.00186013
0.150244 0.00186051

0.150244 0.00186051
0.150293 0.00186088

0.150293 0.00186088
0.150342 0.00186123

0.150342 0.00186123
0.150391 0.00186158

0.150391 0.00186158
0.150439 0.00186191

0.150439 0.00186191
0.150488 0.00186223

0.150488 0.00186223
0.150537 0.00186253

0.150537 0.00186253
0.150586 0.00186283

0.150586 0.00186283
0.150635 0.00186311

0.150635 0.00186311
0.150684 0.00186338

0.150684 0.00186338
0.150732 0.00186363

0.150732 0.00186363
0.150781 0.00186388

0.150781 0.00186388
0.15083 0.00186411

0.15083 0.00186411
0.150879 0.00186432

0.150879 0.00186432
0.150928 0.00186453

0.150928 0.00186453
0.150977 0.00186472

0.150977 0.00186472
0.151025 0.00186489

0.151025 0.00186489
0.151074 0.00186506

0.151074 0.00186506
0.151123 0.00186521

0.151123 0.00186521
0.151172 0.00186535

0.151172 0.00186535
0.151221 0.00186547

0.151221 0.00186547
0.15127 0.00186558

0.15127 0.00186558
0.151318 0.00186568

0.151318 0.00186568
0.151367 0.00186576

0.151367 0.00186576
0.151416 0.00186583

0.151416 0.00186583
0.151465 0.00186589

0.151465 0.00186589
0.151514 0.00186593

0.151514 0.00186593
0.151563 0.00186596

0.151563 0.00186596
0.151611 0.00186597

0.151611 0.00186597
0.15166 0.00186597

0.15166 0.00186597
0.151709 0.00186596

0.151709 0.00186596
0.151758 0.00186593

0.151758 0.00186593
0.151807 0.00186589

0.151807 0.00186589
0.151855 0.00186584

0.151855 0.00186584
0.151904 0.00186577

0.151904 0.00186577
0.151953 0.00186569

0.151953 0.00186569
0.152002 0.00186559

0.152002 0.00186559
0.152051 0.00186548

0.152051 0.00186548
0.1521 0.00186536

0.1521 0.00186536
0.152148 0.00186522

0.152148 0.00186522
0.152197 0.00186507

0.152197 0.00186507
0.152246 0.00186491

0.152246 0.00186491
0.152295 0.00186473

0.152295 0.00186473
0.152344 0.00186453

0.152344 0.00186453
0.152393 0.00186433

0.152393 0.00186433
0.152441 0.00186411

0.152441 0.00186411
0.15249 0.00186388

0.15249 0.00186388
0.152539 0.00186363

0.152539 0.00186363
0.152588 0.00186337

0.152588 0.00186337
0.152637 0.0018631

0.152637 0.0018631
0.152686 0.00186282

0.152686 0.00186282
0.152734 0.00186252

0.152734 0.00186252
0.152783 0.00186221

0.152783 0.00186221
0.152832 0.00186188

0.152832 0.00186188
0.152881 0.00186155

0.152881 0.00186155
0.15293 0.0018612

0.15293 0.0018612
0.152979 0.00186084

0.152979 0.00186084
0.153027 0.00186047

0.153027 0.00186047
0.153076 0.00186008

0.153076 0.00186008
0.153125 0.00185968

0.153125 0.00185968
0.153174 0.00185928

0.153174 0.00185928
0.153223 0.00185886

0.153223 0.00185886
0.153271 0.00185843

0.153271 0.00185843
0.15332 0.00185799

0.15332 0.00185799
0.153369 0.00185754

0.153369 0.00185754
0.153418 0.00185708

0.153418 0.00185707
0.153467 0.0018566

0.153467 0.00185661
0.153516 0.00185613

0.153516 0.00185614
0.153564 0.00185565

0.153613 0.00185514
0.153581 0.00185547

0.153564 0.00185565
0.153582 0.00185547

0.153613 0.00185514
0.153662 0.00185462

0.153662 0.00185462
0.153711 0.00185411

0.153711 0.00185411
0.15376 0.00185358

0.15376 0.00185358
0.153809 0.00185305

0.153809 0.00185305
0.153857 0.00185251

0.153857 0.00185251
0.153906 0.00185196

0.153906 0.00185196
0.153955 0.0018514

0.153955 0.0018514
0.154004 0.00185084

0.154004 0.00185084
0.154053 0.00185028

0.154053 0.00185028
0.154102 0.00184971

0.154102 0.00184971
0.15415 0.00184914

0.15415 0.00184914
0.154199 0.00184856

0.154199 0.00184856
0.154248 0.00184798

0.154248 0.00184798
0.154297 0.0018474

0.154297 0.0018474
0.154346 0.00184681

0.154346 0.00184681
0.154395 0.00184623

0.154395 0.00184623
0.154443 0.00184564

0.154443 0.00184564
0.154492 0.00184505

0.154492 0.00184505
0.154541 0.00184446

0.154541 0.00184446
0.15459 0.00184388

0.15459 0.00184388
0.154639 0.00184329

0.154639 0.00184329
0.154688 0.00184271

0.154688 0.00184271
0.154736 0.00184212

0.154736 0.00184212
0.154785 0.00184154

0.154785 0.00184154
0.154834 0.00184097

0.154834 0.00184097
0.154883 0.00184039

0.154883 0.00184039
0.154932 0.00183982

0.154932 0.00183982
0.15498 0.00183926

0.15498 0.00183926
0.155029 0.0018387

0.155029 0.0018387
0.155078 0.00183815

0.155078 0.00183815
0.155127 0.00183761

0.155127 0.00183761
0.155176 0.00183707

0.155176 0.00183707
0.155225 0.00183654

0.155225 0.00183654
0.155273 0.00183602

0.155273 0.00183602
0.155322 0.0018355

0.155322 0.0018355
0.155371 0.001835

0.155371 0.001835
0.15542 0.00183451

0.15542 0.00183451
0.155469 0.00183402

0.155469 0.00183402
0.155518 0.00183355

0.155518 0.00183355
0.155566 0.00183309

0.155566 0.00183309
0.155615 0.00183264

0.155615 0.00183264
0.155664 0.00183221

0.155664 0.00183221
0.155713 0.00183178

0.155713 0.00183178
0.155762 0.00183137

0.155762 0.00183137
0.155811 0.00183098

0.155811 0.00183098
0.155859 0.0018306

0.155859 0.0018306
0.155908 0.00183023

0.155908 0.00183023
0.155957 0.00182988

0.155957 0.00182988
0.156006 0.00182954

0.156006 0.00182954
0.156055 0.00182922

0.156055 0.00182922
0.156104 0.00182891

0.156104 0.00182891
0.156152 0.00182862

0.156152 0.00182862
0.156201 0.00182835

0.156201 0.00182835
0.15625 0.0018281

0.15625 0.0018281
0.156299 0.00182786

0.156299 0.00182786
0.156348 0.00182764

0.156348 0.00182764
0.156396 0.00182743

0.156396 0.00182743
0.156445 0.00182725

0.156445 0.00182725
0.156494 0.00182708

0.156494 0.00182708
0.156543 0.00182693

0.156543 0.00182693
0.156592 0.0018268

0.156592 0.0018268
0.156641 0.00182669

0.156647 0
0.156649 4.88281e-05

0.156649 4.88281e-05
0.156653 9.76563e-05

0.156653 9.76563e-05
0.15666 0.000146484

0.15666 0.000146484
0.15667 0.000195313

0.15667 0.000195313
0.156683 0.000244141

0.156683 0.000244141
0.156689 0.000263626

0.156641 0.00182669
0.156689 0.00182659

0.156689 0.000263625
0.156699 0.000292969

0.156699 0.000292969
0.156719 0.000341797

0.156719 0.000341797
0.156738 0.000382059

0.156689 0.00182659
0.156738 0.00182652

0.156738 0.00038209
0.156742 0.000390625

0.156742 0.000390625
0.15677 0.000439453

0.15677 0.000439453
0.156787 0.000465685

0.156738 0.00182652
0.156787 0.00182646

0.156787 0.000465683
0.156802 0.000488281

0.156802 0.000488281
0.156836 0.000532221

0.156787 0.00182646
0.156836 0.00182642

0.156836 0.000532225
0.15684 0.000537109

0.156839 0.000537109
0.156884 0.000585938

0.156884 0.000585937
0.156885 0.000586822

0.156836 0.00182642
0.156885 0.0018264

0.156885 0.000586816
0.156934 0.000632363

0.156885 0.0018264
0.156934 0.0018264

0.156934 0.000631012
0.156938 0.000634766

0.156937 0.000634766
0.156982 0.00067059

0.156934 0.0018264
0.156982 0.00182642

0.156982 0.000669769
0.157003 0.000683594

0.157002 0.000683594
0.157031 0.000702834

0.156982 0.00182642
0.157031 0.00182645

0.157031 0.000702298
0.15708 0.000729681

0.157031 0.00182645
0.15708 0.00182651

0.15708 0.000728769
0.157088 0.000732422

0.157085 0.000732422
0.157129 0.00075265

0.15708 0.00182651
0.157129 0.00182658

0.157129 0.000752198
0.157178 0.000770541

0.157129 0.00182658
0.157178 0.00182667

0.157178 0.000770329
0.157214 0.00078125

0.157212 0.00078125
0.157227 0.000785563

0.157178 0.00182667
0.157227 0.00182678

0.157227 0.000785358
0.157275 0.000796269

0.157227 0.00182678
0.157275 0.00182691

0.157275 0.000796043
0.157324 0.000803261

0.157275 0.00182691
0.157324 0.00182706

0.157324 0.000803298
0.157373 0.0008072

0.157324 0.00182706
0.157373 0.00182722

0.157373 0.00080721
0.157422 0.000807704

0.157373 0.00182722
0.157422 0.0018274

0.157422 0.000807719
0.157471 0.000804756

0.157422 0.0018274
0.157471 0.0018276

0.157471 0.000804771
0.15752 0.000798294

0.157471 0.0018276
0.15752 0.00182781

0.15752 0.000798231
0.157568 0.000788335

0.15752 0.00182781
0.157568 0.00182804

0.157617 0.000775412
0.157596 0.00078125

0.157568 0.000788128
0.157593 0.00078125

0.157568 0.00182804
0.157617 0.00182829

0.157617 0.000775218
0.157666 0.000757434

0.157617 0.00182829
0.157666 0.00182855

0.157666 0.000757106
0.157715 0.000735239

0.157666 0.00182855
0.157715 0.00182883

0.157764 0.000709495
0.157721 0.000732422

0.157715 0.000734556
0.157719 0.000732422

0.157715 0.00182883
0.157764 0.00182912

0.157813 0.000677746
0.157804 0.000683594

0.157764 0.000708986
0.157803 0.000683594

0.157764 0.00182912
0.157813 0.00182942

0.157812 0.000677666
0.157861 0.000639944

0.157812 0.00182942
0.157861 0.00182974

0.15791 0.00059529
0.157867 0.000634766

0.157861 0.000639049
0.157866 0.000634766

0.157861 0.00182974
0.15791 0.00183007

0.157959 0.000541442
0.157919 0.000585938

0.15791 0.000594455
0.157919 0.000585937

0.15791 0.00183007
0.157959 0.00183042

0.158008 0.000474878
0.157999 0.000488281

0.157999 0.000488281
0.157962 0.000537109

0.157959 0.000540753
0.157962 0.000537109

0.157959 0.00183042
0.158008 0.00183077

0.158057 0.000392196
0.158031 0.000439453

0.158008 0.000474859
0.158031 0.000439453

0.158008 0.00183077
0.158057 0.00183114

0.158105 0.00027421
0.158099 0.000292969

0.158099 0.000292969
0.15808 0.000341797

0.15808 0.000341797
0.158057 0.000390625

0.158057 0.000392217
0.158057 0.000390625

0.158057 0.00183114
0.158105 0.00183152

0.15815 0
0.158149 4.88281e-05

0.158149 4.88281e-05
0.158145 9.76563e-05

0.158145 9.76563e-05
0.158138 0.000146484

0.158138 0.000146484
0.158128 0.000195313

0.158128 0.000195313
0.158115 0.000244141

0.158105 0.000274209
0.158115 0.000244141

0.158105 0.00183152
0.158154 0.00183191

0.158154 0.00183191
0.158203 0.00183231

0.158203 0.00183231
0.158252 0.00183271

0.158252 0.00183271
0.158301 0.00183313

0.158301 0.00183313
0.15835 0.00183355

0.15835 0.00183355
0.158398 0.00183397

0.158398 0.00183397
0.158447 0.00183441

0.158447 0.00183441
0.158496 0.00183484

0.158496 0.00183484
0.158545 0.00183528

0.158545 0.00183528
0.158594 0.00183573

0.158594 0.00183573
0.158643 0.00183617

0.158643 0.00183617
0.158691 0.00183662

0.158691 0.00183662
0.15874 0.00183707

0.15874 0.00183707
0.158789 0.00183751

0.158789 0.00183751
0.158838 0.00183796

0.158838 0.00183796
0.158887 0.0018384

0.158887 0.0018384
0.158936 0.00183885

0.158936 0.00183885
0.158984 0.00183928

0.158984 0.00183928
0.159033 0.00183972

0.159033 0.00183972
0.159082 0.00184015

0.159082 0.00184015
0.159131 0.00184057

0.159131 0.00184057
0.15918 0.00184099

0.15918 0.00184099
0.159229 0.00184139

0.159229 0.00184139
0.159277 0.00184179

0.159277 0.00184179
0.159326 0.00184219

0.159326 0.00184219
0.159375 0.00184257

0.159375 0.00184257
0.159424 0.00184294

0.159424 0.00184294
0.159473 0.0018433

0.159473 0.0018433
0.159521 0.00184364

0.159521 0.00184364
0.15957 0.00184398

0.15957 0.00184398
0.159619 0.0018443

0.159619 0.0018443
0.159668 0.00184461

0.159668 0.00184461
0.159717 0.0018449

0.159717 0.0018449
0.159766 0.00184518

0.159766 0.00184518
0.159814 0.00184544

0.159814 0.00184544
0.159863 0.00184569

0.159863 0.00184569
0.159912 0.00184591

0.159912 0.00184591
0.159961 0.00184613

0.159961 0.00184613
0.16001 0.00184632

0.16001 0.00184632
0.160059 0.0018465

0.160059 0.0018465
0.160107 0.00184666

0.160107 0.00184666
0.160156 0.00184679

0.160156 0.00184679
0.160205 0.00184691

0.160205 0.00184691
0.160254 0.00184701

0.160254 0.00184701
0.160303 0.0018471

0.160303 0.0018471
0.160352 0.00184716

0.160352 0.00184716
0.1604 0.0018472

0.1604 0.0018472
0.160449 0.00184722

0.160449 0.00184722
0.160498 0.00184722

0.160498 0.00184722
0.160547 0.0018472

0.160547 0.0018472
0.160596 0.00184716

0.160596 0.00184716
0.160645 0.00184709

0.160645 0.00184709
0.160693 0.00184701

0.160693 0.00184701
0.160742 0.00184691

0.160742 0.00184691
0.160791 0.00184679

0.160812 0
0.160814 4.88281e-05

0.160814 4.88281e-05
0.160819 9.76563e-05

0.160818 9.76563e-05
0.160826 0.000146484

0.160826 0.000146484
0.160837 0.000195313

0.160837 0.000195313
0.16084 0.00020578

0.160791 0.00184679
0.16084 0.00184664

0.16084 0.000205825
0.160851 0.000244141

0.160851 0.000244141
0.160868 0.000292969

0.160868 0.000292969
0.160889 0.000339181

0.16084 0.00184664
0.160889 0.00184648

0.160889 0.00033929
0.16089 0.000341797

0.16089 0.000341797
0.160915 0.000390625

0.160915 0.000390625
0.160938 0.000426292

0.160889 0.00184648
0.160938 0.0018463

0.160938 0.000426479
0.160946 0.000439453

0.160945 0.000439453
0.160981 0.000488281

0.160981 0.000488281
0.160986 0.000494667

0.160938 0.0018463
0.160986 0.00184609

0.160986 0.000494471
0.161024 0.000537109

0.161024 0.000537109
0.161035 0.000549049

0.160986 0.00184609
0.161035 0.00184587

0.161035 0.000549147
0.161074 0.000585938

0.161074 0.000585937
0.161084 0.000594444

0.161035 0.00184587
0.161084 0.00184563

0.161084 0.000594424
0.161133 0.000632928

0.161084 0.00184563
0.161133 0.00184537

0.161133 0.000631826
0.161137 0.000634766

0.161136 0.000634766
0.161182 0.000665342

0.161133 0.00184537
0.161182 0.00184509

0.161182 0.000664758
0.161215 0.000683594

0.161214 0.000683594
0.16123 0.000693003

0.161182 0.00184509
0.16123 0.00184479

0.16123 0.000692817
0.161279 0.000716451

0.16123 0.00184479
0.161279 0.00184447

0.161279 0.000716178
0.161319 0.000732422

0.161319 0.000732422
0.161328 0.000736088

0.161279 0.00184447
0.161328 0.00184414

0.161328 0.000735911
0.161377 0.000752352

0.161328 0.00184414
0.161377 0.00184379

0.161377 0.000752239
0.161426 0.000765688

0.161377 0.00184379
0.161426 0.00184342

0.161426 0.000765711
0.161475 0.000776347

0.161426 0.00184342
0.161475 0.00184303

0.161475 0.000776123
0.161506 0.00078125

0.161504 0.00078125
0.161523 0.00078444

0.161475 0.00184303
0.161523 0.00184263

0.161523 0.000784151
0.161572 0.000789687

0.161523 0.00184263
0.161572 0.00184222

0.161572 0.000789666
0.161621 0.000792953

0.161572 0.00184221
0.161621 0.00184178

0.161621 0.000792931
0.16167 0.000794055

0.161621 0.00184178
0.16167 0.00184134

0.16167 0.000794028
0.161719 0.000793085

0.16167 0.00184134
0.161719 0.00184088

0.161719 0.000793064
0.161768 0.00079015

0.161719 0.00184088
0.161768 0.0018404

0.161768 0.000790131
0.161816 0.000785329

0.161768 0.0018404
0.161816 0.00183991

0.161865 0.000778718
0.161846 0.00078125

0.161816 0.000785292
0.161846 0.00078125

0.161816 0.00183991
0.161865 0.00183941

0.161865 0.000778721
0.161914 0.000770412

0.161865 0.00183941
0.161914 0.0018389

0.161914 0.000770395
0.161963 0.000760376

0.161914 0.0018389
0.161963 0.00183838

0.161963 0.000760388
0.162012 0.000748669

0.161963 0.00183838
0.162012 0.00183784

0.162012 0.000748814
0.162061 0.000735079

0.162012 0.00183784
0.162061 0.00183729

0.162109 0.000718902
0.162069 0.000732422

0.162061 0.000735053
0.162068 0.000732422

0.162061 0.00183729
0.162109 0.00183674

0.162109 0.000719044
0.162158 0.000699262

0.162109 0.00183674
0.162158 0.00183617

0.162207 0.000675814
0.162191 0.000683594

0.162158 0.000699402
0.16219 0.000683594

0.162158 0.00183617
0.162207 0.0018356

0.162207 0.000675416
0.162256 0.000645797

0.162207 0.00183559
0.162256 0.00183501

0.162305 0.000610599
0.162272 0.000634766

0.162256 0.000645115
0.162271 0.000634766

0.162256 0.00183501
0.162305 0.00183442

0.162354 0.000566755
0.162333 0.000585938

0.162305 0.000609064
0.162332 0.000585937

0.162305 0.00183442
0.162354 0.00183382

0.162402 0.000512822
0.162382 0.000537109

0.162354 0.000566044
0.162381 0.000537109

0.162354 0.00183382
0.162402 0.00183321

0.162451 0.000447036
0.162422 0.000488281

0.162402 0.000512984
0.162422 0.000488281

0.162402 0.00183321
0.162451 0.00183259

0.1625 0.000360951
0.162485 0.000390625

0.162485 0.000390625
0.162456 0.000439453

0.162451 0.000446952
0.162456 0.000439453

0.162451 0.00183259
0.1625 0.00183197

0.162549 0.000236642
0.162547 0.000244141

0.162547 0.000244141
0.16253 0.000292969

0.16253 0.000292969
0.162509 0.000341797

0.1625 0.000361009
0.16251 0.000341797

0.1625 0.00183197
0.162549 0.00183135

0.162584 0
0.162582 4.88281e-05

0.162582 4.88281e-05
0.162578 9.76563e-05

0.162578 9.76563e-05
0.162571 0.000146484

0.162571 0.000146484
0.16256 0.000195313

0.162549 0.00023672
0.16256 0.000195313

0.162549 0.00183135
0.162598 0.00183071

0.162598 0.00183071
0.162646 0.00183007

0.162646 0.00183007
0.162695 0.00182943

0.162695 0.00182943
0.162744 0.00182878

0.162744 0.00182878
0.162793 0.00182812

0.162793 0.00182812
0.162842 0.00182746

0.162842 0.00182746
0.162891 0.0018268

0.162891 0.0018268
0.162939 0.00182613

0.162939 0.00182613
0.162988 0.00182546

0.162988 0.00182546
0.163037 0.00182479

0.163037 0.00182479
0.163086 0.00182411

0.163086 0.00182411
0.163135 0.00182343

0.163135 0.00182343
0.163184 0.00182275

0.163184 0.00182275
0.163232 0.00182206

0.163232 0.00182206
0.163281 0.00182138

0.163281 0.00182138
0.16333 0.00182069

0.16333 0.00182069
0.163379 0.00181999

0.163379 0.00181999
0.163428 0.0018193

0.163433 0
0.163436 4.88281e-05

0.163435 4.88281e-05
0.163443 9.76563e-05

0.163443 9.76563e-05
0.163457 0.000146484

0.163457 0.000146484
0.163477 0.000190139

0.163428 0.0018193
0.163477 0.0018186

0.163477 0.000190248
0.163479 0.000195313

0.163478 0.000195313
0.163509 0.000244141

0.163509 0.000244141
0.163525 0.000264737

0.163477 0.0018186
0.163525 0.0018179

0.163525 0.000264974
0.16355 0.000292969

0.163551 0.000292969
0.163574 0.000314465

0.163525 0.0018179
0.163574 0.0018172

0.163574 0.000316951
0.163608 0.000341797

0.163613 0.000341797
0.163623 0.000348157

0.163574 0.0018172
0.163623 0.0018165

0.163623 0.000349444
0.163672 0.000374703

0.163623 0.0018165
0.163672 0.00181579

0.163672 0.000375483
0.163714 0.000390625

0.163716 0.000390625
0.163721 0.000392248

0.163672 0.00181579
0.163721 0.00181509

0.163721 0.000392489
0.16377 0.000402644

0.163721 0.00181509
0.16377 0.00181438

0.16377 0.000402499
0.163818 0.000406592

0.16377 0.00181438
0.163818 0.00181366

0.163818 0.000406569
0.163867 0.000404932

0.163818 0.00181366
0.163867 0.00181294

0.163867 0.000404979
0.163916 0.000397571

0.163867 0.00181294
0.163916 0.00181222

0.163965 0.00038382
0.163941 0.000390625

0.163916 0.000398052
0.163942 0.000390625

0.163916 0.00181222
0.163965 0.00181149

0.163965 0.000383036
0.164014 0.000363295

0.163965 0.00181149
0.164014 0.00181076

0.164063 0.000341059
0.164061 0.000341797

0.164014 0.000361936
0.164061 0.000341797

0.164014 0.00181076
0.164063 0.00181003

0.164062 0.000340242
0.164111 0.000322249

0.164062 0.00181003
0.164111 0.00180931

0.164111 0.000322462
0.16416 0.000308482

0.164111 0.00180931
0.16416 0.0018086

0.16416 0.000308716
0.164209 0.000297856

0.16416 0.0018086
0.164209 0.0018079

0.164258 0.000289666
0.16424 0.000292969

0.164209 0.000297974
0.164236 0.000292969

0.164209 0.00180791
0.164258 0.00180721

0.164258 0.000289326
0.164307 0.00028114

0.164307 0.00180648
0.164296 0.00180664

0.164258 0.00180722
0.164296 0.00180664

0.164307 0.000280903
0.164355 0.00027386

0.164307 0.00180647
0.164355 0.00180568

0.164355 0.00027373
0.164404 0.000268561

0.164355 0.00180568
0.164404 0.00180487

0.164404 0.000268414
0.164453 0.000265673

0.164404 0.00180486
0.164453 0.00180405

0.164453 0.00026554
0.164502 0.000265788

0.164453 0.00180405
0.164502 0.00180325

0.164502 0.000265736
0.164551 0.000269343

0.164502 0.00180325
0.164551 0.00180244

0.164551 0.000269398
0.1646 0.00027636

0.164551 0.00180244
0.1646 0.00180163

0.1646 0.000276456
0.164648 0.000286471

0.1646 0.00180163
0.164648 0.00180081

0.164648 0.000286694
0.164673 0.000292969

0.164673 0.000292969
0.164697 0.000299125

0.164648 0.00180081
0.164697 0.00179999

0.164697 0.000299519
0.164746 0.00031317

0.164697 0.00179999
0.164746 0.00179915

0.164746 0.000313582
0.164795 0.000326839

0.164746 0.00179915
0.164795 0.00179831

0.164795 0.000327136
0.164844 0.000338581

0.164795 0.00179831
0.164844 0.00179746

0.164844 0.000338459
0.164862 0.000341797

0.16486 0.000341797
0.164893 0.000347615

0.164844 0.00179746
0.164893 0.0017966

0.164893 0.000347484
0.164941 0.000353031

0.164893 0.0017966
0.164941 0.00179573

0.164941 0.000353149
0.16499 0.000355243

0.164941 0.00179573
0.16499 0.00179484

0.16499 0.000355288
0.165039 0.000353603

0.16499 0.00179484
0.165039 0.00179395

0.165039 0.000353607
0.165088 0.000348045

0.165039 0.00179395
0.165088 0.00179304

0.165137 0.000338673
0.165121 0.000341797

0.165088 0.000348015
0.16512 0.000341797

0.165088 0.00179304
0.165137 0.00179212

0.165137 0.000338403
0.165186 0.000325336

0.165137 0.00179212
0.165186 0.00179119

0.165186 0.000324891
0.165234 0.000309482

0.165186 0.00179119
0.165234 0.00179024

0.165283 0.000292592
0.165282 0.000292969

0.165234 0.000308908
0.165283 0.000293203

0.165234 0.00179024
0.165283 0.00178927

0.165283 0.00029169
0.165332 0.000279856

0.165283 0.00029327
0.165284 0.000292969

0.165283 0.00178927
0.165332 0.00178829

0.165332 0.000277883
0.165381 0.000276881

0.165332 0.00178829
0.165381 0.00178729

0.165381 0.00027665
0.16543 0.000290894

0.165381 0.00178729
0.16543 0.00178628

0.16543 0.000290756
0.165434 0.000292969

0.165431 0.000292969
0.165479 0.000319621

0.16543 0.00178628
0.165479 0.00178524

0.165479 0.000320714
0.165509 0.000341797

0.165506 0.000341797
0.165527 0.000356468

0.165479 0.00178524
0.165527 0.00178418

0.165527 0.000356646
0.165576 0.000390625

0.165575 0.000390625
0.165576 0.000391457

0.165527 0.00178418
0.165576 0.00178311

0.165576 0.00039004
0.165577 0.000390625

0.165576 0.000391571
0.165625 0.000422837

0.165576 0.00178311
0.165625 0.00178202

0.165625 0.000422463
0.165655 0.000439453

0.165654 0.000439453
0.165674 0.000450391

0.165625 0.00178202
0.165674 0.0017809

0.165674 0.000450306
0.165723 0.000474033

0.165674 0.00178091
0.165723 0.00177977

0.165723 0.000473832
0.165758 0.000488281

0.165758 0.000488281
0.165771 0.000493905

0.165723 0.00177977
0.165771 0.00177861

0.165771 0.000493837
0.16582 0.000510154

0.165771 0.00177861
0.16582 0.00177742

0.16582 0.000510102
0.165869 0.00052283

0.16582 0.00177742
0.165869 0.0017762

0.165869 0.000522867
0.165918 0.000532036

0.165869 0.0017762
0.165918 0.00177496

0.165918 0.000532053
0.165963 0.000537109

0.165963 0.000537109
0.165967 0.000537498

0.165918 0.00177496
0.165967 0.00177369

0.165967 0.000537536
0.166016 0.00053942

0.165967 0.00177369
0.166016 0.00177239

0.166016 0.000539331
0.166064 0.000537812

0.166016 0.00177239
0.166064 0.00177107

0.166113 0.000532838
0.166075 0.000537109

0.166064 0.000537635
0.166069 0.000537109

0.166064 0.00177107
0.166113 0.00176971

0.166113 0.000532661
0.166162 0.000522941

0.166113 0.00176971
0.166162 0.00176831

0.166162 0.000523036
0.166211 0.000508964

0.166162 0.00176831
0.166211 0.00176689

0.166211 0.00050879
0.16626 0.000490524

0.166211 0.00176689
0.16626 0.00176542

0.166309 0.000467597
0.166267 0.000488281

0.16626 0.00048955
0.166262 0.000488281

0.16626 0.00176542
0.166309 0.00176392

0.166357 0.000436888
0.166353 0.000439453

0.166309 0.000466704
0.166351 0.000439453

0.166309 0.00176392
0.166357 0.00176239

0.166357 0.000436945
0.166406 0.00039767

0.166357 0.00176239
0.166406 0.00176082

0.166455 0.000347387
0.166414 0.000390625

0.166406 0.000396089
0.166412 0.000390625

0.166406 0.00176082
0.166455 0.00175924

0.166504 0.00027726
0.166495 0.000292969

0.166495 0.000292969
0.166459 0.000341797

0.166455 0.000345986
0.166459 0.000341797

0.166504 0.00175763
0.166498 0.00175781

0.166455 0.00175927
0.166498 0.00175781

0.166553 0.000169217
0.166544 0.000195313

0.166544 0.000195313
0.166523 0.000244141

0.166504 0.000277186
0.166523 0.000244141

0.166504 0.00175762
0.166553 0.00175588

0.16658 0
0.166578 4.88281e-05

0.166578 4.88281e-05
0.166571 9.76563e-05

0.166571 9.76563e-05
0.16656 0.000146484

0.166553 0.000169161
0.16656 0.000146484

0.166553 0.00175587
0.166602 0.00175408

0.166602 0.00175408
0.16665 0.00175224

0.16665 0.00175224
0.166699 0.00175035

0.166699 0.00175035
0.166748 0.00174841

0.166748 0.00174841
0.166797 0.00174641

0.166797 0.00174641
0.166846 0.00174437

0.166846 0.00174437
0.166895 0.00174226

0.166895 0.00174227
0.166943 0.00174011

0.166943 0.00174011
0.166992 0.00173789

0.166992 0.00173789
0.167041 0.00173562

0.167041 0.00173561
0.16709 0.00173329

0.16709 0.00173329
0.167139 0.0017309

0.167139 0.0017309
0.167188 0.00172845

0.167188 0.00172845
0.167236 0.00172593

0.167236 0.00172593
0.167285 0.00172333

0.167285 0.00172333
0.167334 0.00172067

0.167334 0.00172067
0.167383 0.00171794

0.167383 0.00171794
0.167432 0.00171515

0.167432 0.00171514
0.16748 0.00171231

0.16748 0.00171235
0.167529 0.00170942

0.167578 0.00170634
0.167536 0.00170898

0.167529 0.00170944
0.167536 0.00170898

0.167578 0.00170632
0.167627 0.0017031

0.167627 0.0017031
0.167676 0.00169979

0.167676 0.00169979
0.167725 0.00169639

0.167725 0.00169639
0.167773 0.00169291

0.167773 0.00169291
0.167822 0.00168933

0.167822 0.00168933
0.167871 0.00168567

0.167871 0.00168568
0.16792 0.00168194

0.16792 0.00168194
0.167969 0.0016781

0.167969 0.0016781
0.168018 0.00167417

0.168018 0.00167417
0.168066 0.00167016

0.168066 0.00167015
0.168115 0.00166608

0.168115 0.00166611
0.168164 0.00166194

0.168213 0.00165755
0.168184 0.00166016

0.168164 0.00166198
0.168184 0.00166016

0.168213 0.00165753
0.168262 0.00165292

0.168262 0.00165291
0.168311 0.00164817

0.168311 0.00164817
0.168359 0.00164332

0.168359 0.00164332
0.168408 0.00163838

0.168408 0.00163838
0.168457 0.00163334

0.168457 0.00163334
0.168506 0.00162821

0.168506 0.00162821
0.168555 0.00162301

0.168555 0.00162299
0.168604 0.00161775

0.168604 0.00161782
0.168652 0.00161244

0.168701 0.00160676
0.168662 0.00161133

0.168652 0.00161247
0.168662 0.00161133

0.168701 0.00160672
0.16875 0.00160082

0.16875 0.00160081
0.168799 0.00159478

0.168843 0
0.168844 4.88281e-05

0.168844 4.88281e-05
0.168847 9.76563e-05

0.168847 9.76563e-05
0.168848 0.000101542

0.168799 0.00159478
0.168848 0.00158863

0.168848 0.000102214
0.168853 0.000146484

0.168853 0.000146484
0.168863 0.000195313

0.168863 0.000195313
0.168875 0.000244141

0.168875 0.000244141
0.168889 0.000292969

0.168891 0.000292969
0.168896 0.000309615

0.168848 0.00158861
0.168896 0.00158239

0.168896 0.000319724
0.168904 0.000341797

0.168906 0.000341797
0.168927 0.000390625

0.168928 0.000390625
0.168945 0.000426067

0.168896 0.00158235
0.168945 0.00157616

0.168945 0.000431171
0.168949 0.000439453

0.16895 0.000439453
0.168977 0.000488281

0.168979 0.000488281
0.168994 0.000513129

0.168945 0.00157611
0.168994 0.00157015

0.168994 0.000517423
0.169006 0.000537109

0.169008 0.000537109
0.169041 0.000585938

0.169042 0.000585937
0.169043 0.000587574

0.168994 0.00157
0.169043 0.00156466

0.169043 0.000588052
0.169079 0.000634766

0.169081 0.000634766
0.169092 0.000647976

0.169092 0.00156027
0.169066 0.0015625

0.169043 0.00156461
0.169067 0.0015625

0.169092 0.000650823
0.169119 0.000683594

0.169122 0.000683594
0.169141 0.000705327

0.169092 0.00156025
0.169141 0.00155755

0.169141 0.00070782
0.169163 0.000732422

0.169165 0.000732422
0.169189 0.000759095

0.169141 0.00155775
0.169189 0.00155635

0.169189 0.00076132
0.169208 0.00078125

0.169211 0.00078125
0.169238 0.000811472

0.169189 0.00155708
0.169238 0.00155516

0.169238 0.000813208
0.169254 0.000830078

0.169256 0.000830078
0.169287 0.000866172

0.169238 0.00155702
0.169287 0.0015494

0.169287 0.000867078
0.169297 0.000878906

0.169298 0.000878906
0.169335 0.000927734

0.169335 0.000927734
0.169336 0.000929283

0.169287 0.00155232
0.169336 0.00152944

0.169336 0.000929275
0.169366 0.000976562

0.169366 0.000976563
0.169385 0.00101707

0.169385 0.00139042
0.169382 0.00141602

0.169385 0.00141758
0.169378 0.00146484

0.169385 0.00146718
0.169355 0.00151367

0.169336 0.0015395
0.169366 0.00151367

0.169385 0.00101651
0.169389 0.00102539

0.169388 0.00102539
0.169402 0.00107422

0.169401 0.00107422
0.169407 0.00112305

0.169407 0.00112305
0.169408 0.00117187

0.169408 0.00117188
0.169406 0.0012207

0.169406 0.0012207
0.169402 0.00126953

0.169403 0.00126953
0.169398 0.00131836

0.169398 0.00131836
0.169391 0.00136719

0.169385 0.00139606
0.169388 0.00136719

0.169385 0.00146322
0.169391 0.00141602

0.169385 0.00147706
0.16939 0.00146484

0.169678 0.00106309
0.16966 0.00107422

0.169658 0.00107422
0.169678 0.00108105

0.169678 0.00106032
0.169683 0.00107422

0.169678 0.0010815
0.169683 0.00107422

0.170117 0.000774871
0.170108 0.00078125

0.17011 0.00078125
0.170117 0.000810125

0.170117 0.000776123
0.170132 0.00078125

0.170117 0.000809657
0.17013 0.00078125

0.180118 0
0.180121 4.88281e-05

0.180121 4.88281e-05
0.180127 8.17325e-05

0.180127 8.18135e-05
0.18013 9.76563e-05

0.18013 9.76563e-05
0.180144 0.000146484

0.180144 0.000146484
0.180166 0.000195313

0.180165 0.000195313
0.180176 0.000212476

0.180176 0.000212318
0.180196 0.000244141

0.180195 0.000244141
0.180225 0.000278939

0.180225 0.00027903
0.180238 0.000292969

0.180239 0.000292969
0.180273 0.000322769

0.180273 0.000324122
0.180301 0.000341797

0.180304 0.000341797
0.180322 0.000352862

0.180322 0.000353319
0.180371 0.000375275

0.180371 0.000375738
0.18042 0.00038975

0.18042 0.000389739
0.180426 0.000390625

0.180433 0.000390625
0.180469 0.000395474

0.180469 0.00039567
0.180518 0.000396602

0.180566 0.000389868
0.18056 0.000390625

0.180518 0.000397048
0.180566 0.000391427

0.180615 0.000378644
0.180568 0.000390625

0.180566 0.000391374
0.180569 0.000390625

0.180615 0.000379149
0.180664 0.00035932

0.180713 0.000330322
0.180694 0.000341797

0.180664 0.000359997
0.180695 0.000341797

0.180762 0.000289399
0.180758 0.000292969

0.180713 0.000331635
0.180759 0.000292969

0.180811 0.000228996
0.180801 0.000244141

0.180762 0.000289918
0.180802 0.000244141

0.180859 0.000125014
0.180853 0.000146484

0.180853 0.000146484
0.180831 0.000195313

0.180811 0.000228573
0.180832 0.000195313

0.180879 0
0.180876 4.88281e-05

0.180876 4.88281e-05
0.180867 9.76563e-05

0.180859 0.000124774
0.180868 9.76563e-05

0.181483 0
0.181494 2.71097e-05

0.181494 2.72622e-05
0.181506 4.88281e-05

0.181509 4.88281e-05
0.181543 7.7386e-05

0.181543 7.78224e-05
0.181592 9.10165e-05

0.181592 9.44651e-05
0.181641 7.08856e-05

0.181683 0
0.181662 4.88281e-05

0.181641 7.19663e-05
0.181663 4.88281e-05

0.187939 0.000421357
0.187927 0.000439453

0.187927 0.000439453
0.187935 0.000488281

0.187938 0.000488281
0.187939 0.000489391

0.187939 0.000416768
0.187988 0.00041836

0.187939 0.000488027
0.187988 0.000477799

0.187939 0.000496362
0.187988 0.00049425

0.187988 0.000414026
0.188003 0.000439453

0.187988 0.00048303
0.187996 0.000439453

0.187988 0.000495774
0.187995 0.000488281

