0 6.92115e-05
4.88281e-05 5.97813e-05

0 0.00184656
4.88281e-05 0.00184608

9.75522e-05 0
6.92282e-05 4.88281e-05

4.88281e-05 7.59388e-05
8.87181e-05 4.88281e-05

4.88281e-05 0.00184596
9.76563e-05 0.00184475

9.76563e-05 0.0018446
0.000146484 0.00184321

0.000146484 0.00184318
0.000195313 0.00184198

0.000195313 0.00184199
0.000244141 0.00184102

0.000244141 0.00184104
0.000292969 0.00184026

0.000292969 0.00184027
0.000341797 0.00183963

0.000341797 0.00183964
0.000390625 0.0018391

0.000390625 0.0018391
0.000439453 0.00183863

0.000439453 0.00183863
0.000488281 0.00183821

0.000488281 0.00183821
0.000537109 0.00183782

0.000537109 0.00183783
0.000585938 0.00183747

0.000585937 0.00183747
0.000634766 0.00183713

0.000634766 0.00183713
0.000683594 0.00183681

0.000683594 0.00183681
0.000732422 0.00183651

0.000732422 0.00183651
0.00078125 0.00183622

0.00078125 0.00183622
0.000830078 0.00183594

0.000830078 0.00183594
0.000878906 0.00183567

0.000878906 0.00183567
0.000927734 0.00183541

0.000927734 0.00183541
0.000976562 0.00183516

0.000976563 0.00183516
0.00102539 0.00183491

0.00102539 0.00183491
0.00107422 0.00183468

0.00107422 0.00183468
0.00112305 0.00183446

0.00112305 0.00183446
0.00117187 0.00183424

0.00117188 0.00183424
0.0012207 0.00183404

0.0012207 0.00183404
0.00126953 0.00183384

0.00126953 0.00183384
0.00131836 0.00183365

0.00131836 0.00183365
0.00136719 0.00183347

0.00136719 0.00183347
0.00141602 0.0018333

0.00141602 0.0018333
0.00146484 0.00183313

0.00146484 0.00183313
0.00151367 0.00183298

0.00151367 0.00183298
0.0015625 0.00183283

0.0015625 0.00183283
0.00161133 0.00183268

0.00161133 0.00183268
0.00166016 0.00183255

0.00166016 0.00183255
0.00170898 0.00183242

0.00170898 0.00183242
0.00175781 0.0018323

0.00175781 0.0018323
0.00180664 0.00183218

0.00180664 0.00183218
0.00185547 0.00183207

0.00185547 0.00183207
0.0019043 0.00183197

0.0019043 0.00183197
0.00195312 0.00183188

0.00195312 0.00183188
0.00200195 0.00183179

0.00200195 0.00183179
0.00205078 0.0018317

0.00205078 0.0018317
0.00209961 0.00183162

0.00209961 0.00183162
0.00214844 0.00183155

0.00214844 0.00183155
0.00219727 0.00183148

0.00219727 0.00183148
0.00224609 0.00183142

0.00224609 0.00183142
0.00229492 0.00183136

0.00229492 0.00183136
0.00234375 0.00183131

0.00234375 0.00183131
0.00239258 0.00183126

0.00239258 0.00183126
0.00244141 0.00183121

0.00244141 0.00183122
0.00249023 0.00183117

0.00249023 0.00183117
0.00253906 0.00183113

0.00253906 0.00183113
0.00258789 0.0018311

0.00258789 0.0018311
0.00263672 0.00183106

0.00263672 0.00183107
0.00268555 0.00183103

0.00268555 0.00183103
0.00273438 0.001831

0.00273438 0.001831
0.0027832 0.00183097

0.0027832 0.00183097
0.00283203 0.00183094

0.00283203 0.00183094
0.00288086 0.00183092

0.00288086 0.00183092
0.00292969 0.0018309

0.00292969 0.0018309
0.00297852 0.00183087

0.00297852 0.00183087
0.00302734 0.00183085

0.00302734 0.00183085
0.00307617 0.00183083

0.00307617 0.00183083
0.003125 0.00183081

0.003125 0.00183081
0.00317383 0.00183079

0.00317383 0.00183079
0.00322266 0.00183076

0.00322266 0.00183076
0.00327148 0.00183074

0.00327148 0.00183074
0.00332031 0.00183071

0.00332031 0.00183071
0.00336914 0.00183069

0.00336914 0.00183069
0.00341797 0.00183066

0.00341797 0.00183066
0.0034668 0.00183063

0.0034668 0.00183063
0.00351563 0.0018306

0.00351563 0.0018306
0.00356445 0.00183056

0.00356445 0.00183056
0.00361328 0.00183053

0.00361328 0.00183053
0.00366211 0.00183049

0.00366211 0.00183049
0.00371094 0.00183045

0.00371094 0.00183045
0.00375977 0.00183042

0.00375977 0.00183042
0.00380859 0.00183038

0.00380859 0.00183038
0.00385742 0.00183035

0.00385742 0.00183035
0.00390625 0.00183032

0.00390625 0.00183032
0.00395508 0.00183029

0.00395508 0.00183029
0.00400391 0.00183027

0.00400391 0.00183027
0.00405273 0.00183025

0.00405273 0.00183025
0.00410156 0.00183024

0.00410156 0.00183024
0.00415039 0.00183024

0.00415039 0.00183024
0.00419922 0.00183025

0.00419922 0.00183025
0.00424805 0.00183026

0.00424805 0.00183026
0.00429688 0.00183028

0.00429687 0.00183028
0.0043457 0.0018303

0.0043457 0.0018303
0.00439453 0.00183033

0.00439453 0.00183033
0.00444336 0.00183035

0.00444336 0.00183035
0.00449219 0.00183038

0.00449219 0.00183038
0.00454102 0.0018304

0.00454102 0.0018304
0.00458984 0.00183042

0.00458984 0.00183042
0.00463867 0.00183043

0.00463867 0.00183043
0.0046875 0.00183044

0.0046875 0.00183044
0.00473633 0.00183044

0.00473633 0.00183044
0.00478516 0.00183044

0.00478516 0.00183044
0.00483398 0.00183044

0.00483398 0.00183044
0.00488281 0.00183044

0.00488281 0.00183044
0.00493164 0.00183044

0.00493164 0.00183044
0.00498047 0.00183044

0.00498047 0.00183044
0.0050293 0.00183045

0.0050293 0.00183045
0.00507813 0.00183046

0.00507813 0.00183046
0.00512695 0.00183048

0.00512695 0.00183048
0.00517578 0.00183049

0.00517578 0.00183049
0.00522461 0.00183051

0.00522461 0.00183051
0.00527344 0.00183052

0.00527344 0.00183052
0.00532227 0.00183054

0.00532227 0.00183054
0.00537109 0.00183056

0.00537109 0.00183056
0.00541992 0.00183058

0.00541992 0.00183058
0.00546875 0.00183059

0.00546875 0.00183059
0.00551758 0.00183061

0.00551758 0.00183061
0.00556641 0.00183063

0.00556641 0.00183063
0.00561523 0.00183065

0.00561523 0.00183065
0.00566406 0.00183066

0.00566406 0.00183066
0.00571289 0.00183068

0.00571289 0.00183068
0.00576172 0.0018307

0.00576172 0.0018307
0.00581055 0.00183072

0.00581055 0.00183072
0.00585938 0.00183074

0.00585938 0.00183074
0.0059082 0.00183076

0.0059082 0.00183076
0.00595703 0.00183077

0.00595703 0.00183077
0.00600586 0.00183079

0.00600586 0.00183079
0.00605469 0.00183081

0.00605469 0.00183081
0.00610352 0.00183083

0.00610352 0.00183083
0.00615234 0.00183085

0.00615234 0.00183085
0.00620117 0.00183086

0.00620117 0.00183086
0.00625 0.00183088

0.00625 0.00183088
0.00629883 0.0018309

0.00629883 0.0018309
0.00634766 0.00183091

0.00634766 0.00183091
0.00639648 0.00183093

0.00639648 0.00183093
0.00644531 0.00183095

0.00644531 0.00183095
0.00649414 0.00183096

0.00649414 0.00183096
0.00654297 0.00183098

0.00654297 0.00183098
0.0065918 0.001831

0.0065918 0.001831
0.00664063 0.00183101

0.00664062 0.00183101
0.00668945 0.00183103

0.00668945 0.00183103
0.00673828 0.00183104

0.00673828 0.00183104
0.00678711 0.00183106

0.00678711 0.00183106
0.00683594 0.00183107

0.00683594 0.00183107
0.00688477 0.00183109

0.00688477 0.00183109
0.00693359 0.0018311

0.00693359 0.0018311
0.00698242 0.00183111

0.00698242 0.00183111
0.00703125 0.00183112

0.00703125 0.00183112
0.00708008 0.00183114

0.00708008 0.00183114
0.00712891 0.00183115

0.00712891 0.00183115
0.00717773 0.00183116

0.00717773 0.00183116
0.00722656 0.00183117

0.00722656 0.00183117
0.00727539 0.00183118

0.00727539 0.00183118
0.00732422 0.00183119

0.00732422 0.00183119
0.00737305 0.0018312

0.00737305 0.0018312
0.00742188 0.00183121

0.00742187 0.00183121
0.0074707 0.00183122

0.0074707 0.00183122
0.00751953 0.00183123

0.00751953 0.00183123
0.00756836 0.00183124

0.00756836 0.00183124
0.00761719 0.00183124

0.00761719 0.00183124
0.00766602 0.00183125

0.00766602 0.00183125
0.00771484 0.00183126

0.00771484 0.00183126
0.00776367 0.00183126

0.00776367 0.00183126
0.0078125 0.00183127

0.0078125 0.00183127
0.00786133 0.00183128

0.00786133 0.00183128
0.00791016 0.00183128

0.00791016 0.00183128
0.00795898 0.00183129

0.00795898 0.00183129
0.00800781 0.00183129

0.00800781 0.00183129
0.00805664 0.0018313

0.00805664 0.0018313
0.00810547 0.0018313

0.00810547 0.0018313
0.0081543 0.0018313

0.0081543 0.0018313
0.00820313 0.0018313

0.00820313 0.0018313
0.00825195 0.00183131

0.00825195 0.00183131
0.00830078 0.00183131

0.00830078 0.00183131
0.00834961 0.00183131

0.00834961 0.00183131
0.00839844 0.00183131

0.00839844 0.00183131
0.00844727 0.00183131

0.00844727 0.00183131
0.00849609 0.00183131

0.00849609 0.00183131
0.00854492 0.00183131

0.00854492 0.00183131
0.00859375 0.0018313

0.00859375 0.0018313
0.00864258 0.0018313

0.00864258 0.0018313
0.00869141 0.0018313

0.00869141 0.0018313
0.00874023 0.00183129

0.00874023 0.00183129
0.00878906 0.00183129

0.00878906 0.00183129
0.00883789 0.00183128

0.00883789 0.00183128
0.00888672 0.00183128

0.00888672 0.00183128
0.00893555 0.00183127

0.00893555 0.00183127
0.00898438 0.00183126

0.00898437 0.00183126
0.0090332 0.00183125

0.0090332 0.00183125
0.00908203 0.00183125

0.00908203 0.00183125
0.00913086 0.00183124

0.00913086 0.00183124
0.00917969 0.00183123

0.00917969 0.00183123
0.00922852 0.00183122

0.00922852 0.00183122
0.00927734 0.00183121

0.00927734 0.00183121
0.00932617 0.0018312

0.00932617 0.0018312
0.009375 0.00183119

0.009375 0.00183119
0.00942383 0.00183118

0.00942383 0.00183118
0.00947266 0.00183117

0.00947266 0.00183117
0.00952148 0.00183116

0.00952148 0.00183116
0.00957031 0.00183115

0.00957031 0.00183115
0.00961914 0.00183114

0.00961914 0.00183114
0.00966797 0.00183113

0.00966797 0.00183113
0.0097168 0.00183112

0.0097168 0.00183112
0.00976563 0.00183111

0.00976562 0.00183111
0.00981445 0.0018311

0.00981445 0.0018311
0.00986328 0.0018311

0.00986328 0.0018311
0.00991211 0.00183109

0.00991211 0.00183109
0.00996094 0.00183108

0.00996094 0.00183108
0.0100098 0.00183107

0.0100098 0.00183107
0.0100586 0.00183106

0.0100586 0.00183106
0.0101074 0.00183105

0.0101074 0.00183105
0.0101563 0.00183105

0.0101563 0.00183105
0.0102051 0.00183104

0.0102051 0.00183104
0.0102539 0.00183103

0.0102539 0.00183103
0.0103027 0.00183103

0.0103027 0.00183103
0.0103516 0.00183102

0.0103516 0.00183102
0.0104004 0.00183101

0.0104004 0.00183101
0.0104492 0.00183101

0.0104492 0.00183101
0.010498 0.001831

0.010498 0.001831
0.0105469 0.001831

0.0105469 0.001831
0.0105957 0.00183099

0.0105957 0.00183099
0.0106445 0.00183098

0.0106445 0.00183098
0.0106934 0.00183098

0.0106934 0.00183098
0.0107422 0.00183097

0.0107422 0.00183097
0.010791 0.00183097

0.010791 0.00183097
0.0108398 0.00183096

0.0108398 0.00183096
0.0108887 0.00183095

0.0108887 0.00183095
0.0109375 0.00183095

0.0109375 0.00183095
0.0109863 0.00183094

0.0109863 0.00183094
0.0110352 0.00183093

0.0110352 0.00183093
0.011084 0.00183093

0.011084 0.00183093
0.0111328 0.00183092

0.0111328 0.00183092
0.0111816 0.00183092

0.0111816 0.00183092
0.0112305 0.00183091

0.0112305 0.00183091
0.0112793 0.00183091

0.0112793 0.00183091
0.0113281 0.0018309

0.0113281 0.0018309
0.011377 0.0018309

0.011377 0.0018309
0.0114258 0.00183089

0.0114258 0.00183089
0.0114746 0.00183089

0.0114746 0.00183089
0.0115234 0.00183088

0.0115234 0.00183088
0.0115723 0.00183088

0.0115723 0.00183088
0.0116211 0.00183088

0.0116211 0.00183088
0.0116699 0.00183088

0.0116699 0.00183088
0.0117188 0.00183088

0.0117188 0.00183088
0.0117676 0.00183088

0.0117676 0.00183088
0.0118164 0.00183088

0.0118164 0.00183088
0.0118652 0.00183088

0.0118652 0.00183088
0.0119141 0.00183088

0.0119141 0.00183088
0.0119629 0.00183088

0.0119629 0.00183088
0.0120117 0.00183089

0.0120117 0.00183089
0.0120605 0.00183089

0.0120605 0.00183089
0.0121094 0.00183089

0.0121094 0.00183089
0.0121582 0.00183089

0.0121582 0.00183089
0.012207 0.0018309

0.012207 0.0018309
0.0122559 0.0018309

0.0122559 0.0018309
0.0123047 0.0018309

0.0123047 0.0018309
0.0123535 0.0018309

0.0123535 0.0018309
0.0124023 0.0018309

0.0124023 0.0018309
0.0124512 0.0018309

0.0124512 0.0018309
0.0125 0.0018309

0.0125 0.0018309
0.0125488 0.0018309

0.0125488 0.0018309
0.0125977 0.00183089

0.0125977 0.00183089
0.0126465 0.00183088

0.0126465 0.00183088
0.0126953 0.00183088

0.0126953 0.00183088
0.0127441 0.00183086

0.0127441 0.00183086
0.012793 0.00183085

0.012793 0.00183085
0.0128418 0.00183084

0.0128418 0.00183084
0.0128906 0.00183082

0.0128906 0.00183082
0.0129395 0.0018308

0.0129395 0.0018308
0.0129883 0.00183078

0.0129883 0.00183078
0.0130371 0.00183077

0.0130371 0.00183077
0.0130859 0.00183075

0.0130859 0.00183075
0.0131348 0.00183073

0.0131348 0.00183073
0.0131836 0.00183071

0.0131836 0.00183071
0.0132324 0.00183069

0.0132324 0.00183069
0.0132813 0.00183068

0.0132812 0.00183068
0.0133301 0.00183066

0.0133301 0.00183066
0.0133789 0.00183065

0.0133789 0.00183065
0.0134277 0.00183064

0.0134277 0.00183064
0.0134766 0.00183064

0.0134766 0.00183064
0.0135254 0.00183063

0.0135254 0.00183063
0.0135742 0.00183063

0.0135742 0.00183063
0.013623 0.00183063

0.013623 0.00183063
0.0136719 0.00183064

0.0136719 0.00183064
0.0137207 0.00183064

0.0137207 0.00183064
0.0137695 0.00183065

0.0137695 0.00183065
0.0138184 0.00183066

0.0138184 0.00183066
0.0138672 0.00183067

0.0138672 0.00183067
0.013916 0.00183067

0.013916 0.00183067
0.0139648 0.00183068

0.0139648 0.00183068
0.0140137 0.00183069

0.0140137 0.00183069
0.0140625 0.00183069

0.0140625 0.00183069
0.0141113 0.00183069

0.0141113 0.00183069
0.0141602 0.0018307

0.0141602 0.0018307
0.014209 0.0018307

0.014209 0.0018307
0.0142578 0.0018307

0.0142578 0.0018307
0.0143066 0.00183069

0.0143066 0.00183069
0.0143555 0.00183069

0.0143555 0.00183069
0.0144043 0.00183069

0.0144043 0.00183069
0.0144531 0.00183068

0.0144531 0.00183068
0.014502 0.00183068

0.014502 0.00183068
0.0145508 0.00183068

0.0145508 0.00183068
0.0145996 0.00183068

0.0145996 0.00183068
0.0146484 0.00183068

0.0146484 0.00183068
0.0146973 0.00183068

0.0146973 0.00183068
0.0147461 0.00183068

0.0147461 0.00183068
0.0147949 0.00183068

0.0147949 0.00183068
0.0148438 0.00183068

0.0148438 0.00183068
0.0148926 0.00183069

0.0148926 0.00183069
0.0149414 0.00183069

0.0149414 0.00183069
0.0149902 0.00183069

0.0149902 0.00183069
0.0150391 0.0018307

0.0150391 0.0018307
0.0150879 0.0018307

0.0150879 0.0018307
0.0151367 0.00183071

0.0151367 0.00183071
0.0151855 0.00183071

0.0151855 0.00183071
0.0152344 0.00183072

0.0152344 0.00183072
0.0152832 0.00183072

0.0152832 0.00183072
0.015332 0.00183073

0.015332 0.00183073
0.0153809 0.00183074

0.0153809 0.00183074
0.0154297 0.00183074

0.0154297 0.00183074
0.0154785 0.00183075

0.0154785 0.00183075
0.0155273 0.00183076

0.0155273 0.00183076
0.0155762 0.00183077

0.0155762 0.00183077
0.015625 0.00183078

0.015625 0.00183078
0.0156738 0.00183078

0.0156738 0.00183078
0.0157227 0.00183079

0.0157227 0.00183079
0.0157715 0.0018308

0.0157715 0.0018308
0.0158203 0.00183081

0.0158203 0.00183081
0.0158691 0.00183082

0.0158691 0.00183082
0.015918 0.00183083

0.015918 0.00183083
0.0159668 0.00183084

0.0159668 0.00183084
0.0160156 0.00183085

0.0160156 0.00183085
0.0160645 0.00183086

0.0160645 0.00183086
0.0161133 0.00183087

0.0161133 0.00183087
0.0161621 0.00183088

0.0161621 0.00183088
0.0162109 0.0018309

0.0162109 0.0018309
0.0162598 0.00183091

0.0162598 0.00183091
0.0163086 0.00183092

0.0163086 0.00183092
0.0163574 0.00183094

0.0163574 0.00183094
0.0164063 0.00183095

0.0164063 0.00183095
0.0164551 0.00183097

0.0164551 0.00183097
0.0165039 0.00183098

0.0165039 0.00183098
0.0165527 0.001831

0.0165527 0.001831
0.0166016 0.00183102

0.0166016 0.00183102
0.0166504 0.00183103

0.0166504 0.00183103
0.0166992 0.00183105

0.0166992 0.00183105
0.016748 0.00183107

0.016748 0.00183107
0.0167969 0.00183108

0.0167969 0.00183108
0.0168457 0.0018311

0.0168457 0.0018311
0.0168945 0.00183112

0.0168945 0.00183112
0.0169434 0.00183114

0.0169434 0.00183114
0.0169922 0.00183115

0.0169922 0.00183115
0.017041 0.00183117

0.017041 0.00183117
0.0170898 0.00183119

0.0170898 0.00183119
0.0171387 0.00183121

0.0171387 0.00183121
0.0171875 0.00183123

0.0171875 0.00183123
0.0172363 0.00183125

0.0172363 0.00183125
0.0172852 0.00183127

0.0172852 0.00183127
0.017334 0.00183129

0.017334 0.00183129
0.0173828 0.00183131

0.0173828 0.00183131
0.0174316 0.00183133

0.0174316 0.00183133
0.0174805 0.00183135

0.0174805 0.00183135
0.0175293 0.00183137

0.0175293 0.00183137
0.0175781 0.00183139

0.0175781 0.00183139
0.017627 0.00183141

0.017627 0.00183141
0.0176758 0.00183143

0.0176758 0.00183143
0.0177246 0.00183145

0.0177246 0.00183145
0.0177734 0.00183147

0.0177734 0.00183147
0.0178223 0.00183149

0.0178223 0.00183149
0.0178711 0.00183151

0.0178711 0.00183151
0.0179199 0.00183153

0.0179199 0.00183153
0.0179687 0.00183155

0.0179688 0.00183155
0.0180176 0.00183157

0.0180176 0.00183157
0.0180664 0.00183159

0.0180664 0.00183159
0.0181152 0.00183161

0.0181152 0.00183161
0.0181641 0.00183163

0.0181641 0.00183163
0.0182129 0.00183165

0.0182129 0.00183165
0.0182617 0.00183167

0.0182617 0.00183167
0.0183105 0.00183169

0.0183105 0.00183169
0.0183594 0.00183171

0.0183594 0.00183171
0.0184082 0.00183173

0.0184082 0.00183173
0.018457 0.00183174

0.018457 0.00183174
0.0185059 0.00183176

0.0185059 0.00183176
0.0185547 0.00183177

0.0185547 0.00183177
0.0186035 0.00183178

0.0186035 0.00183178
0.0186523 0.0018318

0.0186523 0.0018318
0.0187012 0.00183181

0.0187012 0.00183181
0.01875 0.00183182

0.01875 0.00183182
0.0187988 0.00183183

0.0187988 0.00183183
0.0188477 0.00183183

0.0188477 0.00183183
0.0188965 0.00183184

0.0188965 0.00183184
0.0189453 0.00183185

0.0189453 0.00183185
0.0189941 0.00183185

0.0189941 0.00183185
0.019043 0.00183185

0.019043 0.00183185
0.0190918 0.00183186

0.0190918 0.00183186
0.0191406 0.00183186

0.0191406 0.00183186
0.0191895 0.00183186

0.0191895 0.00183186
0.0192383 0.00183185

0.0192383 0.00183185
0.0192871 0.00183185

0.0192871 0.00183185
0.0193359 0.00183185

0.0193359 0.00183185
0.0193848 0.00183184

0.0193848 0.00183184
0.0194336 0.00183184

0.0194336 0.00183184
0.0194824 0.00183183

0.0194824 0.00183183
0.0195312 0.00183182

0.0195313 0.00183182
0.0195801 0.00183181

0.0195801 0.00183181
0.0196289 0.00183181

0.0196289 0.00183181
0.0196777 0.0018318

0.0196777 0.0018318
0.0197266 0.00183179

0.0197266 0.00183179
0.0197754 0.00183178

0.0197754 0.00183178
0.0198242 0.00183177

0.0198242 0.00183177
0.019873 0.00183176

0.019873 0.00183176
0.0199219 0.00183175

0.0199219 0.00183175
0.0199707 0.00183174

0.0199707 0.00183174
0.0200195 0.00183173

0.0200195 0.00183173
0.0200684 0.00183171

0.0200684 0.00183171
0.0201172 0.0018317

0.0201172 0.0018317
0.020166 0.00183169

0.020166 0.00183169
0.0202148 0.00183168

0.0202148 0.00183168
0.0202637 0.00183167

0.0202637 0.00183167
0.0203125 0.00183166

0.0203125 0.00183166
0.0203613 0.00183165

0.0203613 0.00183165
0.0204102 0.00183164

0.0204102 0.00183164
0.020459 0.00183163

0.020459 0.00183163
0.0205078 0.00183162

0.0205078 0.00183162
0.0205566 0.00183162

0.0205566 0.00183162
0.0206055 0.00183161

0.0206055 0.00183161
0.0206543 0.0018316

0.0206543 0.0018316
0.0207031 0.00183159

0.0207031 0.00183159
0.020752 0.00183158

0.020752 0.00183158
0.0208008 0.00183157

0.0208008 0.00183157
0.0208496 0.00183155

0.0208496 0.00183155
0.0208984 0.00183154

0.0208984 0.00183154
0.0209473 0.00183153

0.0209473 0.00183153
0.0209961 0.00183152

0.0209961 0.00183152
0.0210449 0.00183151

0.0210449 0.00183151
0.0210938 0.0018315

0.0210938 0.0018315
0.0211426 0.00183149

0.0211426 0.00183149
0.0211914 0.00183148

0.0211914 0.00183148
0.0212402 0.00183147

0.0212402 0.00183147
0.0212891 0.00183146

0.0212891 0.00183146
0.0213379 0.00183145

0.0213379 0.00183145
0.0213867 0.00183144

0.0213867 0.00183144
0.0214355 0.00183143

0.0214355 0.00183143
0.0214844 0.00183142

0.0214844 0.00183142
0.0215332 0.00183141

0.0215332 0.00183141
0.021582 0.0018314

0.021582 0.0018314
0.0216309 0.0018314

0.0216309 0.0018314
0.0216797 0.00183139

0.0216797 0.00183139
0.0217285 0.00183138

0.0217285 0.00183138
0.0217773 0.00183138

0.0217773 0.00183138
0.0218262 0.00183137

0.0218262 0.00183137
0.021875 0.00183136

0.021875 0.00183136
0.0219238 0.00183136

0.0219238 0.00183136
0.0219727 0.00183136

0.0219727 0.00183136
0.0220215 0.00183135

0.0220215 0.00183135
0.0220703 0.00183135

0.0220703 0.00183135
0.0221191 0.00183135

0.0221191 0.00183135
0.022168 0.00183134

0.022168 0.00183134
0.0222168 0.00183134

0.0222168 0.00183134
0.0222656 0.00183134

0.0222656 0.00183134
0.0223145 0.00183134

0.0223145 0.00183134
0.0223633 0.00183134

0.0223633 0.00183134
0.0224121 0.00183134

0.0224121 0.00183134
0.0224609 0.00183134

0.0224609 0.00183134
0.0225098 0.00183134

0.0225098 0.00183134
0.0225586 0.00183134

0.0225586 0.00183134
0.0226074 0.00183135

0.0226074 0.00183135
0.0226562 0.00183135

0.0226563 0.00183135
0.0227051 0.00183136

0.0227051 0.00183136
0.0227539 0.00183136

0.0227539 0.00183136
0.0228027 0.00183137

0.0228027 0.00183137
0.0228516 0.00183137

0.0228516 0.00183137
0.0229004 0.00183138

0.0229004 0.00183138
0.0229492 0.00183139

0.0229492 0.00183139
0.022998 0.0018314

0.022998 0.0018314
0.0230469 0.0018314

0.0230469 0.0018314
0.0230957 0.00183141

0.0230957 0.00183141
0.0231445 0.00183142

0.0231445 0.00183142
0.0231934 0.00183143

0.0231934 0.00183143
0.0232422 0.00183144

0.0232422 0.00183144
0.023291 0.00183146

0.023291 0.00183146
0.0233398 0.00183147

0.0233398 0.00183147
0.0233887 0.00183148

0.0233887 0.00183148
0.0234375 0.00183149

0.0234375 0.00183149
0.0234863 0.0018315

0.0234863 0.0018315
0.0235352 0.00183151

0.0235352 0.00183151
0.023584 0.00183152

0.023584 0.00183152
0.0236328 0.00183153

0.0236328 0.00183153
0.0236816 0.00183155

0.0236816 0.00183155
0.0237305 0.00183156

0.0237305 0.00183156
0.0237793 0.00183157

0.0237793 0.00183157
0.0238281 0.00183158

0.0238281 0.00183158
0.023877 0.00183159

0.023877 0.00183159
0.0239258 0.0018316

0.0239258 0.0018316
0.0239746 0.00183161

0.0239746 0.00183161
0.0240234 0.00183161

0.0240234 0.00183161
0.0240723 0.00183162

0.0240723 0.00183162
0.0241211 0.00183163

0.0241211 0.00183163
0.0241699 0.00183164

0.0241699 0.00183164
0.0242188 0.00183164

0.0242188 0.00183164
0.0242676 0.00183165

0.0242676 0.00183165
0.0243164 0.00183165

0.0243164 0.00183165
0.0243652 0.00183166

0.0243652 0.00183166
0.0244141 0.00183166

0.0244141 0.00183166
0.0244629 0.00183166

0.0244629 0.00183166
0.0245117 0.00183167

0.0245117 0.00183167
0.0245605 0.00183167

0.0245605 0.00183167
0.0246094 0.00183167

0.0246094 0.00183167
0.0246582 0.00183168

0.0246582 0.00183168
0.024707 0.00183168

0.024707 0.00183168
0.0247559 0.00183168

0.0247559 0.00183168
0.0248047 0.00183168

0.0248047 0.00183168
0.0248535 0.00183168

0.0248535 0.00183168
0.0249023 0.00183169

0.0249023 0.00183169
0.0249512 0.00183169

0.0249512 0.00183169
0.025 0.00183169

0.025 0.00183169
0.0250488 0.00183169

0.0250488 0.00183169
0.0250977 0.0018317

0.0250977 0.0018317
0.0251465 0.0018317

0.0251465 0.0018317
0.0251953 0.0018317

0.0251953 0.0018317
0.0252441 0.00183171

0.0252441 0.00183171
0.025293 0.00183171

0.025293 0.00183171
0.0253418 0.00183172

0.0253418 0.00183172
0.0253906 0.00183172

0.0253906 0.00183172
0.0254395 0.00183173

0.0254395 0.00183173
0.0254883 0.00183174

0.0254883 0.00183174
0.0255371 0.00183174

0.0255371 0.00183174
0.0255859 0.00183175

0.0255859 0.00183175
0.0256348 0.00183175

0.0256348 0.00183175
0.0256836 0.00183176

0.0256836 0.00183176
0.0257324 0.00183177

0.0257324 0.00183177
0.0257812 0.00183177

0.0257813 0.00183177
0.0258301 0.00183178

0.0258301 0.00183178
0.0258789 0.00183179

0.0258789 0.00183179
0.0259277 0.00183179

0.0259277 0.00183179
0.0259766 0.0018318

0.0259766 0.0018318
0.0260254 0.00183181

0.0260254 0.00183181
0.0260742 0.00183181

0.0260742 0.00183181
0.026123 0.00183182

0.026123 0.00183182
0.0261719 0.00183182

0.0261719 0.00183182
0.0262207 0.00183183

0.0262207 0.00183183
0.0262695 0.00183184

0.0262695 0.00183184
0.0263184 0.00183184

0.0263184 0.00183184
0.0263672 0.00183185

0.0263672 0.00183185
0.026416 0.00183185

0.026416 0.00183185
0.0264648 0.00183186

0.0264648 0.00183186
0.0265137 0.00183186

0.0265137 0.00183186
0.0265625 0.00183187

0.0265625 0.00183187
0.0266113 0.00183187

0.0266113 0.00183187
0.0266602 0.00183188

0.0266602 0.00183188
0.026709 0.00183189

0.026709 0.00183189
0.0267578 0.00183189

0.0267578 0.00183189
0.0268066 0.0018319

0.0268066 0.0018319
0.0268555 0.0018319

0.0268555 0.0018319
0.0269043 0.00183191

0.0269043 0.00183191
0.0269531 0.00183192

0.0269531 0.00183192
0.027002 0.00183193

0.027002 0.00183193
0.0270508 0.00183194

0.0270508 0.00183194
0.0270996 0.00183194

0.0270996 0.00183194
0.0271484 0.00183195

0.0271484 0.00183195
0.0271973 0.00183197

0.0271973 0.00183197
0.0272461 0.00183198

0.0272461 0.00183198
0.0272949 0.00183199

0.0272949 0.00183199
0.0273438 0.00183201

0.0273438 0.00183201
0.0273926 0.00183202

0.0273926 0.00183202
0.0274414 0.00183204

0.0274414 0.00183204
0.0274902 0.00183206

0.0274902 0.00183206
0.0275391 0.00183208

0.0275391 0.00183208
0.0275879 0.0018321

0.0275879 0.0018321
0.0276367 0.00183212

0.0276367 0.00183212
0.0276855 0.00183215

0.0276855 0.00183215
0.0277344 0.00183217

0.0277344 0.00183217
0.0277832 0.0018322

0.0277832 0.0018322
0.027832 0.00183223

0.027832 0.00183223
0.0278809 0.00183226

0.0278809 0.00183226
0.0279297 0.00183229

0.0279297 0.00183229
0.0279785 0.00183231

0.0279785 0.00183231
0.0280273 0.00183234

0.0280273 0.00183234
0.0280762 0.00183237

0.0280762 0.00183237
0.028125 0.0018324

0.028125 0.0018324
0.0281738 0.00183243

0.0281738 0.00183243
0.0282227 0.00183246

0.0282227 0.00183246
0.0282715 0.00183248

0.0282715 0.00183248
0.0283203 0.00183251

0.0283203 0.00183251
0.0283691 0.00183253

0.0283691 0.00183253
0.028418 0.00183256

0.028418 0.00183256
0.0284668 0.00183258

0.0284668 0.00183258
0.0285156 0.0018326

0.0285156 0.0018326
0.0285645 0.00183261

0.0285645 0.00183261
0.0286133 0.00183263

0.0286133 0.00183263
0.0286621 0.00183265

0.0286621 0.00183265
0.0287109 0.00183266

0.0287109 0.00183266
0.0287598 0.00183267

0.0287598 0.00183267
0.0288086 0.00183269

0.0288086 0.00183269
0.0288574 0.0018327

0.0288574 0.0018327
0.0289063 0.00183271

0.0289063 0.00183271
0.0289551 0.00183272

0.0289551 0.00183272
0.0290039 0.00183273

0.0290039 0.00183273
0.0290527 0.00183274

0.0290527 0.00183274
0.0291016 0.00183276

0.0291016 0.00183276
0.0291504 0.00183277

0.0291504 0.00183277
0.0291992 0.00183278

0.0291992 0.00183278
0.029248 0.0018328

0.029248 0.0018328
0.0292969 0.00183282

0.0292969 0.00183282
0.0293457 0.00183284

0.0293457 0.00183284
0.0293945 0.00183286

0.0293945 0.00183286
0.0294434 0.00183288

0.0294434 0.00183288
0.0294922 0.00183291

0.0294922 0.00183291
0.029541 0.00183293

0.029541 0.00183293
0.0295898 0.00183296

0.0295898 0.00183296
0.0296387 0.00183299

0.0296387 0.00183299
0.0296875 0.00183302

0.0296875 0.00183302
0.0297363 0.00183306

0.0297363 0.00183306
0.0297852 0.00183309

0.0297852 0.00183309
0.029834 0.00183312

0.029834 0.00183312
0.0298828 0.00183316

0.0298828 0.00183316
0.0299316 0.00183319

0.0299316 0.00183319
0.0299805 0.00183323

0.0299805 0.00183323
0.0300293 0.00183326

0.0300293 0.00183326
0.0300781 0.0018333

0.0300781 0.0018333
0.030127 0.00183333

0.030127 0.00183333
0.0301758 0.00183337

0.0301758 0.00183337
0.0302246 0.0018334

0.0302246 0.0018334
0.0302734 0.00183343

0.0302734 0.00183343
0.0303223 0.00183346

0.0303223 0.00183346
0.0303711 0.00183349

0.0303711 0.00183349
0.0304199 0.00183352

0.0304199 0.00183352
0.0304687 0.00183354

0.0304688 0.00183354
0.0305176 0.00183357

0.0305176 0.00183357
0.0305664 0.00183359

0.0305664 0.00183359
0.0306152 0.00183362

0.0306152 0.00183362
0.0306641 0.00183364

0.0306641 0.00183364
0.0307129 0.00183366

0.0307129 0.00183366
0.0307617 0.00183369

0.0307617 0.00183369
0.0308105 0.00183371

0.0308105 0.00183371
0.0308594 0.00183373

0.0308594 0.00183373
0.0309082 0.00183375

0.0309082 0.00183375
0.030957 0.00183378

0.030957 0.00183378
0.0310059 0.0018338

0.0310059 0.0018338
0.0310547 0.00183382

0.0310547 0.00183382
0.0311035 0.00183385

0.0311035 0.00183385
0.0311523 0.00183387

0.0311523 0.00183387
0.0312012 0.00183389

0.0312012 0.00183389
0.03125 0.00183392

0.03125 0.00183392
0.0312988 0.00183394

0.0312988 0.00183394
0.0313477 0.00183396

0.0313477 0.00183396
0.0313965 0.00183399

0.0313965 0.00183399
0.0314453 0.00183401

0.0314453 0.00183401
0.0314941 0.00183403

0.0314941 0.00183403
0.031543 0.00183405

0.031543 0.00183405
0.0315918 0.00183407

0.0315918 0.00183407
0.0316406 0.00183409

0.0316406 0.00183409
0.0316895 0.00183411

0.0316895 0.00183411
0.0317383 0.00183413

0.0317383 0.00183413
0.0317871 0.00183415

0.0317871 0.00183415
0.0318359 0.00183416

0.0318359 0.00183416
0.0318848 0.00183418

0.0318848 0.00183418
0.0319336 0.00183419

0.0319336 0.00183419
0.0319824 0.0018342

0.0319824 0.0018342
0.0320312 0.00183421

0.0320313 0.00183421
0.0320801 0.00183422

0.0320801 0.00183422
0.0321289 0.00183423

0.0321289 0.00183423
0.0321777 0.00183423

0.0321777 0.00183423
0.0322266 0.00183424

0.0322266 0.00183424
0.0322754 0.00183424

0.0322754 0.00183424
0.0323242 0.00183425

0.0323242 0.00183425
0.032373 0.00183425

0.032373 0.00183425
0.0324219 0.00183425

0.0324219 0.00183425
0.0324707 0.00183425

0.0324707 0.00183425
0.0325195 0.00183425

0.0325195 0.00183425
0.0325684 0.00183424

0.0325684 0.00183424
0.0326172 0.00183424

0.0326172 0.00183424
0.032666 0.00183423

0.032666 0.00183423
0.0327148 0.00183422

0.0327148 0.00183422
0.0327637 0.00183421

0.0327637 0.00183421
0.0328125 0.0018342

0.0328125 0.0018342
0.0328613 0.00183419

0.0328613 0.00183419
0.0329102 0.00183418

0.0329102 0.00183418
0.032959 0.00183416

0.032959 0.00183416
0.0330078 0.00183414

0.0330078 0.00183414
0.0330566 0.00183412

0.0330566 0.00183412
0.0331055 0.0018341

0.0331055 0.0018341
0.0331543 0.00183408

0.0331543 0.00183408
0.0332031 0.00183406

0.0332031 0.00183406
0.033252 0.00183403

0.033252 0.00183403
0.0333008 0.00183401

0.0333008 0.00183401
0.0333496 0.00183398

0.0333496 0.00183398
0.0333984 0.00183395

0.0333984 0.00183395
0.0334473 0.00183391

0.0334473 0.00183391
0.0334961 0.00183388

0.0334961 0.00183388
0.0335449 0.00183384

0.0335449 0.00183384
0.0335937 0.00183381

0.0335938 0.00183381
0.0336426 0.00183377

0.0336426 0.00183377
0.0336914 0.00183373

0.0336914 0.00183373
0.0337402 0.00183368

0.0337402 0.00183368
0.0337891 0.00183364

0.0337891 0.00183364
0.0338379 0.00183359

0.0338379 0.00183359
0.0338867 0.00183355

0.0338867 0.00183355
0.0339355 0.0018335

0.0339355 0.0018335
0.0339844 0.00183345

0.0339844 0.00183345
0.0340332 0.0018334

0.0340332 0.0018334
0.034082 0.00183334

0.034082 0.00183334
0.0341309 0.00183329

0.0341309 0.00183329
0.0341797 0.00183324

0.0341797 0.00183324
0.0342285 0.00183318

0.0342285 0.00183318
0.0342773 0.00183312

0.0342773 0.00183312
0.0343262 0.00183306

0.0343262 0.00183306
0.034375 0.001833

0.034375 0.001833
0.0344238 0.00183294

0.0344238 0.00183294
0.0344727 0.00183288

0.0344727 0.00183288
0.0345215 0.00183281

0.0345215 0.00183281
0.0345703 0.00183275

0.0345703 0.00183275
0.0346191 0.00183268

0.0346191 0.00183268
0.034668 0.00183262

0.034668 0.00183262
0.0347168 0.00183255

0.0347168 0.00183255
0.0347656 0.00183248

0.0347656 0.00183248
0.0348145 0.00183241

0.0348145 0.00183241
0.0348633 0.00183234

0.0348633 0.00183234
0.0349121 0.00183227

0.0349121 0.00183227
0.0349609 0.0018322

0.0349609 0.0018322
0.0350098 0.00183213

0.0350098 0.00183213
0.0350586 0.00183206

0.0350586 0.00183206
0.0351074 0.00183199

0.0351074 0.00183199
0.0351562 0.00183192

0.0351562 0.00183192
0.0352051 0.00183184

0.0352051 0.00183184
0.0352539 0.00183177

0.0352539 0.00183177
0.0353027 0.0018317

0.0353027 0.0018317
0.0353516 0.00183162

0.0353516 0.00183162
0.0354004 0.00183155

0.0354004 0.00183155
0.0354492 0.00183147

0.0354492 0.00183147
0.035498 0.0018314

0.035498 0.0018314
0.0355469 0.00183133

0.0355469 0.00183133
0.0355957 0.00183125

0.0355957 0.00183125
0.0356445 0.00183118

0.0356445 0.00183118
0.0356934 0.0018311

0.0356934 0.0018311
0.0357422 0.00183103

0.0357422 0.00183103
0.035791 0.00183096

0.035791 0.00183096
0.0358398 0.00183088

0.0358398 0.00183088
0.0358887 0.00183081

0.0358887 0.00183081
0.0359375 0.00183074

0.0359375 0.00183074
0.0359863 0.00183067

0.0359863 0.00183067
0.0360352 0.0018306

0.0360352 0.0018306
0.036084 0.00183052

0.036084 0.00183052
0.0361328 0.00183045

0.0361328 0.00183045
0.0361816 0.00183038

0.0361816 0.00183038
0.0362305 0.00183032

0.0362305 0.00183032
0.0362793 0.00183025

0.0362793 0.00183025
0.0363281 0.00183018

0.0363281 0.00183018
0.036377 0.00183012

0.036377 0.00183012
0.0364258 0.00183005

0.0364258 0.00183005
0.0364746 0.00182999

0.0364746 0.00182999
0.0365234 0.00182992

0.0365234 0.00182992
0.0365723 0.00182986

0.0365723 0.00182986
0.0366211 0.0018298

0.0366211 0.0018298
0.0366699 0.00182974

0.0366699 0.00182974
0.0367188 0.00182969

0.0367188 0.00182969
0.0367676 0.00182963

0.0367676 0.00182963
0.0368164 0.00182958

0.0368164 0.00182958
0.0368652 0.00182952

0.0368652 0.00182952
0.0369141 0.00182947

0.0369141 0.00182947
0.0369629 0.00182942

0.0369629 0.00182942
0.0370117 0.00182938

0.0370117 0.00182938
0.0370605 0.00182933

0.0370605 0.00182933
0.0371094 0.00182929

0.0371094 0.00182929
0.0371582 0.00182924

0.0371582 0.00182924
0.037207 0.00182921

0.037207 0.00182921
0.0372559 0.00182917

0.0372559 0.00182917
0.0373047 0.00182913

0.0373047 0.00182913
0.0373535 0.0018291

0.0373535 0.0018291
0.0374023 0.00182907

0.0374023 0.00182907
0.0374512 0.00182904

0.0374512 0.00182904
0.0375 0.00182902

0.0375 0.00182902
0.0375488 0.00182899

0.0375488 0.00182899
0.0375977 0.00182897

0.0375977 0.00182897
0.0376465 0.00182895

0.0376465 0.00182895
0.0376953 0.00182894

0.0376953 0.00182894
0.0377441 0.00182893

0.0377441 0.00182893
0.037793 0.00182892

0.037793 0.00182892
0.0378418 0.00182891

0.0378418 0.00182891
0.0378906 0.00182891

0.0378906 0.00182891
0.0379395 0.00182891

0.0379395 0.00182891
0.0379883 0.00182891

0.0379883 0.00182891
0.0380371 0.00182891

0.0380371 0.00182891
0.0380859 0.00182892

0.0380859 0.00182892
0.0381348 0.00182893

0.0381348 0.00182893
0.0381836 0.00182895

0.0381836 0.00182895
0.0382324 0.00182897

0.0382324 0.00182897
0.0382813 0.00182899

0.0382813 0.00182899
0.0383301 0.00182901

0.0383301 0.00182901
0.0383789 0.00182904

0.0383789 0.00182904
0.0384277 0.00182907

0.0384277 0.00182907
0.0384766 0.0018291

0.0384766 0.0018291
0.0385254 0.00182914

0.0385254 0.00182914
0.0385742 0.00182918

0.0385742 0.00182918
0.038623 0.00182923

0.038623 0.00182923
0.0386719 0.00182928

0.0386719 0.00182928
0.0387207 0.00182933

0.0387207 0.00182933
0.0387695 0.00182938

0.0387695 0.00182938
0.0388184 0.00182944

0.0388184 0.00182944
0.0388672 0.0018295

0.0388672 0.0018295
0.038916 0.00182957

0.038916 0.00182957
0.0389648 0.00182964

0.0389648 0.00182964
0.0390137 0.00182971

0.0390137 0.00182971
0.0390625 0.00182979

0.0390625 0.00182979
0.0391113 0.00182987

0.0391113 0.00182987
0.0391602 0.00182996

0.0391602 0.00182996
0.039209 0.00183004

0.039209 0.00183004
0.0392578 0.00183014

0.0392578 0.00183014
0.0393066 0.00183023

0.0393066 0.00183023
0.0393555 0.00183033

0.0393555 0.00183033
0.0394043 0.00183043

0.0394043 0.00183043
0.0394531 0.00183054

0.0394531 0.00183054
0.039502 0.00183065

0.039502 0.00183065
0.0395508 0.00183076

0.0395508 0.00183076
0.0395996 0.00183088

0.0395996 0.00183088
0.0396484 0.001831

0.0396484 0.001831
0.0396973 0.00183113

0.0396973 0.00183113
0.0397461 0.00183126

0.0397461 0.00183126
0.0397949 0.00183139

0.0397949 0.00183139
0.0398438 0.00183153

0.0398438 0.00183153
0.0398926 0.00183167

0.0398926 0.00183167
0.0399414 0.00183181

0.0399414 0.00183181
0.0399902 0.00183196

0.0399902 0.00183196
0.0400391 0.00183211

0.0400391 0.00183211
0.0400879 0.00183227

0.0400879 0.00183227
0.0401367 0.00183242

0.0401367 0.00183242
0.0401855 0.00183259

0.0401855 0.00183259
0.0402344 0.00183275

0.0402344 0.00183275
0.0402832 0.00183292

0.0402832 0.00183292
0.040332 0.00183309

0.040332 0.00183309
0.0403809 0.00183326

0.0403809 0.00183326
0.0404297 0.00183344

0.0404297 0.00183344
0.0404785 0.00183362

0.0404785 0.00183362
0.0405273 0.00183381

0.0405273 0.00183381
0.0405762 0.001834

0.0405762 0.001834
0.040625 0.00183419

0.040625 0.00183419
0.0406738 0.00183438

0.0406738 0.00183438
0.0407227 0.00183457

0.0407227 0.00183457
0.0407715 0.00183477

0.0407715 0.00183477
0.0408203 0.00183497

0.0408203 0.00183497
0.0408691 0.00183518

0.0408691 0.00183518
0.040918 0.00183538

0.040918 0.00183538
0.0409668 0.00183559

0.0409668 0.00183559
0.0410156 0.0018358

0.0410156 0.0018358
0.0410645 0.00183601

0.0410645 0.00183601
0.0411133 0.00183622

0.0411133 0.00183622
0.0411621 0.00183644

0.0411621 0.00183644
0.0412109 0.00183666

0.0412109 0.00183666
0.0412598 0.00183687

0.0412598 0.00183687
0.0413086 0.00183709

0.0413086 0.00183709
0.0413574 0.00183731

0.0413574 0.00183731
0.0414062 0.00183753

0.0414063 0.00183753
0.0414551 0.00183775

0.0414551 0.00183775
0.0415039 0.00183798

0.0415039 0.00183798
0.0415527 0.0018382

0.0415527 0.0018382
0.0416016 0.00183842

0.0416016 0.00183842
0.0416504 0.00183864

0.0416504 0.00183864
0.0416992 0.00183886

0.0416992 0.00183886
0.041748 0.00183908

0.041748 0.00183908
0.0417969 0.0018393

0.0417969 0.0018393
0.0418457 0.00183952

0.0418457 0.00183952
0.0418945 0.00183974

0.0418945 0.00183974
0.0419434 0.00183996

0.0419434 0.00183996
0.0419922 0.00184017

0.0419922 0.00184017
0.042041 0.00184039

0.042041 0.00184039
0.0420898 0.0018406

0.0420898 0.0018406
0.0421387 0.0018408

0.0421387 0.0018408
0.0421875 0.00184101

0.0421875 0.00184101
0.0422363 0.00184121

0.0422363 0.00184121
0.0422852 0.00184141

0.0422852 0.00184141
0.042334 0.00184161

0.042334 0.00184161
0.0423828 0.0018418

0.0423828 0.0018418
0.0424316 0.00184199

0.0424316 0.00184199
0.0424805 0.00184218

0.0424805 0.00184218
0.0425293 0.00184236

0.0425293 0.00184236
0.0425781 0.00184254

0.0425781 0.00184254
0.042627 0.00184271

0.042627 0.00184271
0.0426758 0.00184288

0.0426758 0.00184288
0.0427246 0.00184305

0.0427246 0.00184305
0.0427734 0.00184321

0.0427734 0.00184321
0.0428223 0.00184336

0.0428223 0.00184336
0.0428711 0.00184351

0.0428711 0.00184351
0.0429199 0.00184365

0.0429199 0.00184365
0.0429688 0.00184379

0.0429688 0.00184379
0.0430176 0.00184393

0.0430176 0.00184393
0.0430664 0.00184405

0.0430664 0.00184405
0.0431152 0.00184418

0.0431152 0.00184418
0.0431641 0.00184429

0.0431641 0.00184429
0.0432129 0.0018444

0.0432129 0.0018444
0.0432617 0.0018445

0.0432617 0.0018445
0.0433105 0.0018446

0.0433105 0.0018446
0.0433594 0.00184469

0.0433594 0.00184469
0.0434082 0.00184478

0.0434082 0.00184478
0.043457 0.00184486

0.043457 0.00184486
0.0435059 0.00184493

0.0435059 0.00184493
0.0435547 0.001845

0.0435547 0.001845
0.0436035 0.00184506

0.0436035 0.00184506
0.0436523 0.00184512

0.0436523 0.00184512
0.0437012 0.00184517

0.0437012 0.00184517
0.04375 0.00184521

0.04375 0.00184521
0.0437988 0.00184525

0.0437988 0.00184525
0.0438477 0.00184528

0.0438477 0.00184528
0.0438965 0.00184531

0.0438965 0.00184531
0.0439453 0.00184533

0.0439453 0.00184533
0.0439941 0.00184534

0.0439941 0.00184534
0.044043 0.00184535

0.044043 0.00184535
0.0440918 0.00184536

0.0440918 0.00184536
0.0441406 0.00184536

0.0441406 0.00184536
0.0441895 0.00184535

0.0441895 0.00184535
0.0442383 0.00184534

0.0442383 0.00184534
0.0442871 0.00184532

0.0442871 0.00184532
0.0443359 0.0018453

0.0443359 0.0018453
0.0443848 0.00184527

0.0443848 0.00184527
0.0444336 0.00184524

0.0444336 0.00184524
0.0444824 0.0018452

0.0444824 0.0018452
0.0445313 0.00184516

0.0445313 0.00184516
0.0445801 0.00184512

0.0445801 0.00184512
0.0446289 0.00184507

0.0446289 0.00184507
0.0446777 0.00184501

0.0446777 0.00184501
0.0447266 0.00184495

0.0447266 0.00184495
0.0447754 0.00184489

0.0447754 0.00184489
0.0448242 0.00184482

0.0448242 0.00184482
0.044873 0.00184475

0.044873 0.00184475
0.0449219 0.00184468

0.0449219 0.00184468
0.0449707 0.0018446

0.0449707 0.0018446
0.0450195 0.00184451

0.0450195 0.00184451
0.0450684 0.00184442

0.0450684 0.00184442
0.0451172 0.00184433

0.0451172 0.00184433
0.045166 0.00184424

0.045166 0.00184424
0.0452148 0.00184414

0.0452148 0.00184414
0.0452637 0.00184403

0.0452637 0.00184403
0.0453125 0.00184393

0.0453125 0.00184393
0.0453613 0.00184382

0.0453613 0.00184382
0.0454102 0.0018437

0.0454102 0.0018437
0.045459 0.00184359

0.045459 0.00184359
0.0455078 0.00184346

0.0455078 0.00184346
0.0455566 0.00184334

0.0455566 0.00184334
0.0456055 0.00184321

0.0456055 0.00184321
0.0456543 0.00184308

0.0456543 0.00184308
0.0457031 0.00184294

0.0457031 0.00184294
0.045752 0.00184281

0.045752 0.00184281
0.0458008 0.00184267

0.0458008 0.00184266
0.0458496 0.00184252

0.0458496 0.00184252
0.0458984 0.00184237

0.0458984 0.00184237
0.0459473 0.00184222

0.0459473 0.00184222
0.0459961 0.00184207

0.0459961 0.00184207
0.0460449 0.00184192

0.0460449 0.00184192
0.0460938 0.00184176

0.0460938 0.00184176
0.0461426 0.0018416

0.0461426 0.0018416
0.0461914 0.00184144

0.0461914 0.00184144
0.0462402 0.00184128

0.0462402 0.00184128
0.0462891 0.00184112

0.0462891 0.00184112
0.0463379 0.00184095

0.0463379 0.00184095
0.0463867 0.00184078

0.0463867 0.00184078
0.0464355 0.00184062

0.0464355 0.00184062
0.0464844 0.00184045

0.0464844 0.00184045
0.0465332 0.00184028

0.0465332 0.00184028
0.046582 0.00184011

0.046582 0.00184011
0.0466309 0.00183995

0.0466309 0.00183995
0.0466797 0.00183978

0.0466797 0.00183978
0.0467285 0.00183961

0.0467285 0.00183961
0.0467773 0.00183945

0.0467773 0.00183945
0.0468262 0.00183928

0.0468262 0.00183928
0.046875 0.00183912

0.046875 0.00183912
0.0469238 0.00183895

0.0469238 0.00183895
0.0469727 0.00183879

0.0469727 0.00183879
0.0470215 0.00183863

0.0470215 0.00183863
0.0470703 0.00183848

0.0470703 0.00183848
0.0471191 0.00183832

0.0471191 0.00183832
0.047168 0.00183817

0.047168 0.00183817
0.0472168 0.00183802

0.0472168 0.00183802
0.0472656 0.00183787

0.0472656 0.00183787
0.0473145 0.00183773

0.0473145 0.00183773
0.0473633 0.00183758

0.0473633 0.00183758
0.0474121 0.00183745

0.0474121 0.00183745
0.0474609 0.00183731

0.0474609 0.00183731
0.0475098 0.00183718

0.0475098 0.00183718
0.0475586 0.00183705

0.0475586 0.00183705
0.0476074 0.00183692

0.0476074 0.00183692
0.0476563 0.0018368

0.0476563 0.0018368
0.0477051 0.00183668

0.0477051 0.00183668
0.0477539 0.00183657

0.0477539 0.00183657
0.0478027 0.00183646

0.0478027 0.00183646
0.0478516 0.00183635

0.0478516 0.00183635
0.0479004 0.00183624

0.0479004 0.00183624
0.0479492 0.00183615

0.0479492 0.00183615
0.047998 0.00183605

0.047998 0.00183605
0.0480469 0.00183596

0.0480469 0.00183596
0.0480957 0.00183587

0.0480957 0.00183587
0.0481445 0.00183579

0.0481445 0.00183579
0.0481934 0.00183571

0.0481934 0.00183571
0.0482422 0.00183564

0.0482422 0.00183564
0.048291 0.00183557

0.048291 0.00183557
0.0483398 0.00183551

0.0483398 0.00183551
0.0483887 0.00183545

0.0483887 0.00183545
0.0484375 0.0018354

0.0484375 0.0018354
0.0484863 0.00183535

0.0484863 0.00183535
0.0485352 0.00183531

0.0485352 0.00183531
0.048584 0.00183527

0.048584 0.00183527
0.0486328 0.00183524

0.0486328 0.00183524
0.0486816 0.00183522

0.0486816 0.00183522
0.0487305 0.0018352

0.0487305 0.0018352
0.0487793 0.00183519

0.0487793 0.00183519
0.0488281 0.00183518

0.0488281 0.00183518
0.048877 0.00183518

0.048877 0.00183518
0.0489258 0.00183519

0.0489258 0.00183519
0.0489746 0.0018352

0.0489746 0.0018352
0.0490234 0.00183522

0.0490234 0.00183522
0.0490723 0.00183525

0.0490723 0.00183525
0.0491211 0.00183528

0.0491211 0.00183528
0.0491699 0.00183532

0.0491699 0.00183532
0.0492187 0.00183536

0.0492188 0.00183536
0.0492676 0.00183541

0.0492676 0.00183541
0.0493164 0.00183547

0.0493164 0.00183547
0.0493652 0.00183553

0.0493652 0.00183553
0.0494141 0.0018356

0.0494141 0.0018356
0.0494629 0.00183567

0.0494629 0.00183567
0.0495117 0.00183575

0.0495117 0.00183575
0.0495605 0.00183584

0.0495605 0.00183584
0.0496094 0.00183593

0.0496094 0.00183593
0.0496582 0.00183602

0.0496582 0.00183602
0.049707 0.00183612

0.049707 0.00183612
0.0497559 0.00183623

0.0497559 0.00183623
0.0498047 0.00183634

0.0498047 0.00183634
0.0498535 0.00183645

0.0498535 0.00183645
0.0499023 0.00183657

0.0499023 0.00183657
0.0499512 0.00183669

0.0499512 0.00183669
0.05 0.00183681

0.05 0.00183681
0.0500488 0.00183694

0.0500488 0.00183694
0.0500977 0.00183706

0.0500977 0.00183706
0.0501465 0.0018372

0.0501465 0.0018372
0.0501953 0.00183733

0.0501953 0.00183733
0.0502441 0.00183747

0.0502441 0.00183747
0.050293 0.0018376

0.050293 0.0018376
0.0503418 0.00183774

0.0503418 0.00183774
0.0503906 0.00183788

0.0503906 0.00183788
0.0504395 0.00183802

0.0504395 0.00183802
0.0504883 0.00183816

0.0504883 0.00183816
0.0505371 0.00183831

0.0505371 0.00183831
0.0505859 0.00183845

0.0505859 0.00183845
0.0506348 0.00183859

0.0506348 0.00183859
0.0506836 0.00183873

0.0506836 0.00183873
0.0507324 0.00183887

0.0507324 0.00183887
0.0507812 0.00183901

0.0507813 0.00183901
0.0508301 0.00183915

0.0508301 0.00183915
0.0508789 0.00183929

0.0508789 0.00183929
0.0509277 0.00183942

0.0509277 0.00183942
0.0509766 0.00183956

0.0509766 0.00183956
0.0510254 0.00183969

0.0510254 0.00183969
0.0510742 0.00183982

0.0510742 0.00183982
0.051123 0.00183994

0.051123 0.00183994
0.0511719 0.00184007

0.0511719 0.00184007
0.0512207 0.00184019

0.0512207 0.00184019
0.0512695 0.0018403

0.0512695 0.0018403
0.0513184 0.00184042

0.0513184 0.00184042
0.0513672 0.00184053

0.0513672 0.00184053
0.051416 0.00184063

0.051416 0.00184063
0.0514648 0.00184073

0.0514648 0.00184073
0.0515137 0.00184083

0.0515137 0.00184083
0.0515625 0.00184092

0.0515625 0.00184092
0.0516113 0.00184101

0.0516113 0.00184101
0.0516602 0.00184109

0.0516602 0.00184109
0.051709 0.00184116

0.051709 0.00184116
0.0517578 0.00184123

0.0517578 0.00184123
0.0518066 0.0018413

0.0518066 0.0018413
0.0518555 0.00184136

0.0518555 0.00184136
0.0519043 0.00184141

0.0519043 0.00184141
0.0519531 0.00184145

0.0519531 0.00184145
0.052002 0.00184149

0.052002 0.00184149
0.0520508 0.00184153

0.0520508 0.00184153
0.0520996 0.00184155

0.0520996 0.00184155
0.0521484 0.00184157

0.0521484 0.00184157
0.0521973 0.00184158

0.0521973 0.00184158
0.0522461 0.00184159

0.0522461 0.00184159
0.0522949 0.00184158

0.0522949 0.00184158
0.0523438 0.00184157

0.0523438 0.00184157
0.0523926 0.00184156

0.0523926 0.00184156
0.0524414 0.00184153

0.0524414 0.00184153
0.0524902 0.0018415

0.0524902 0.0018415
0.0525391 0.00184147

0.0525391 0.00184147
0.0525879 0.00184142

0.0525879 0.00184142
0.0526367 0.00184137

0.0526367 0.00184137
0.0526855 0.00184131

0.0526855 0.00184131
0.0527344 0.00184125

0.0527344 0.00184125
0.0527832 0.00184118

0.0527832 0.00184118
0.052832 0.0018411

0.052832 0.0018411
0.0528809 0.00184102

0.0528809 0.00184102
0.0529297 0.00184093

0.0529297 0.00184093
0.0529785 0.00184083

0.0529785 0.00184083
0.0530273 0.00184073

0.0530273 0.00184073
0.0530762 0.00184063

0.0530762 0.00184063
0.053125 0.00184052

0.053125 0.00184052
0.0531738 0.0018404

0.0531738 0.0018404
0.0532227 0.00184028

0.0532227 0.00184028
0.0532715 0.00184016

0.0532715 0.00184016
0.0533203 0.00184003

0.0533203 0.00184003
0.0533691 0.0018399

0.0533691 0.0018399
0.053418 0.00183977

0.053418 0.00183977
0.0534668 0.00183963

0.0534668 0.00183963
0.0535156 0.00183949

0.0535156 0.00183949
0.0535645 0.00183935

0.0535645 0.00183935
0.0536133 0.0018392

0.0536133 0.0018392
0.0536621 0.00183906

0.0536621 0.00183906
0.0537109 0.00183891

0.0537109 0.00183891
0.0537598 0.00183876

0.0537598 0.00183876
0.0538086 0.00183861

0.0538086 0.00183861
0.0538574 0.00183846

0.0538574 0.00183846
0.0539063 0.00183831

0.0539063 0.00183831
0.0539551 0.00183816

0.0539551 0.00183816
0.0540039 0.00183801

0.0540039 0.00183801
0.0540527 0.00183786

0.0540527 0.00183786
0.0541016 0.00183771

0.0541016 0.00183771
0.0541504 0.00183756

0.0541504 0.00183756
0.0541992 0.00183742

0.0541992 0.00183742
0.054248 0.00183728

0.054248 0.00183728
0.0542969 0.00183714

0.0542969 0.00183714
0.0543457 0.00183701

0.0543457 0.00183701
0.0543945 0.00183688

0.0543945 0.00183688
0.0544434 0.00183675

0.0544434 0.00183675
0.0544922 0.00183663

0.0544922 0.00183663
0.054541 0.00183651

0.054541 0.00183651
0.0545898 0.0018364

0.0545898 0.0018364
0.0546387 0.00183629

0.0546387 0.00183629
0.0546875 0.00183619

0.0546875 0.00183619
0.0547363 0.0018361

0.0547363 0.0018361
0.0547852 0.00183601

0.0547852 0.00183601
0.054834 0.00183593

0.054834 0.00183593
0.0548828 0.00183585

0.0548828 0.00183585
0.0549316 0.00183578

0.0549316 0.00183578
0.0549805 0.00183572

0.0549805 0.00183572
0.0550293 0.00183567

0.0550293 0.00183567
0.0550781 0.00183562

0.0550781 0.00183562
0.055127 0.00183558

0.055127 0.00183558
0.0551758 0.00183555

0.0551758 0.00183555
0.0552246 0.00183553

0.0552246 0.00183553
0.0552734 0.00183551

0.0552734 0.00183551
0.0553223 0.00183551

0.0553223 0.00183551
0.0553711 0.00183551

0.0553711 0.00183551
0.0554199 0.00183551

0.0554199 0.00183551
0.0554688 0.00183553

0.0554688 0.00183553
0.0555176 0.00183555

0.0555176 0.00183555
0.0555664 0.00183558

0.0555664 0.00183558
0.0556152 0.00183562

0.0556152 0.00183562
0.0556641 0.00183567

0.0556641 0.00183567
0.0557129 0.00183572

0.0557129 0.00183572
0.0557617 0.00183578

0.0557617 0.00183578
0.0558105 0.00183585

0.0558105 0.00183585
0.0558594 0.00183592

0.0558594 0.00183592
0.0559082 0.001836

0.0559082 0.001836
0.055957 0.00183609

0.055957 0.00183609
0.0560059 0.00183618

0.0560059 0.00183618
0.0560547 0.00183628

0.0560547 0.00183628
0.0561035 0.00183638

0.0561035 0.00183638
0.0561523 0.00183649

0.0561523 0.00183649
0.0562012 0.0018366

0.0562012 0.0018366
0.05625 0.00183672

0.05625 0.00183672
0.0562988 0.00183684

0.0562988 0.00183684
0.0563477 0.00183697

0.0563477 0.00183697
0.0563965 0.00183709

0.0563965 0.00183709
0.0564453 0.00183723

0.0564453 0.00183723
0.0564941 0.00183736

0.0564941 0.00183736
0.056543 0.0018375

0.056543 0.0018375
0.0565918 0.00183763

0.0565918 0.00183763
0.0566406 0.00183777

0.0566406 0.00183777
0.0566895 0.00183791

0.0566895 0.00183791
0.0567383 0.00183805

0.0567383 0.00183805
0.0567871 0.00183819

0.0567871 0.00183819
0.0568359 0.00183833

0.0568359 0.00183833
0.0568848 0.00183847

0.0568848 0.00183847
0.0569336 0.00183861

0.0569336 0.00183861
0.0569824 0.00183875

0.0569824 0.00183875
0.0570312 0.00183888

0.0570313 0.00183888
0.0570801 0.00183901

0.0570801 0.00183901
0.0571289 0.00183914

0.0571289 0.00183914
0.0571777 0.00183927

0.0571777 0.00183927
0.0572266 0.0018394

0.0572266 0.0018394
0.0572754 0.00183952

0.0572754 0.00183952
0.0573242 0.00183963

0.0573242 0.00183963
0.057373 0.00183975

0.057373 0.00183975
0.0574219 0.00183986

0.0574219 0.00183986
0.0574707 0.00183996

0.0574707 0.00183996
0.0575195 0.00184006

0.0575195 0.00184006
0.0575684 0.00184015

0.0575684 0.00184015
0.0576172 0.00184025

0.0576172 0.00184025
0.057666 0.00184033

0.057666 0.00184033
0.0577148 0.00184041

0.0577148 0.00184041
0.0577637 0.00184049

0.0577637 0.00184049
0.0578125 0.00184056

0.0578125 0.00184056
0.0578613 0.00184062

0.0578613 0.00184062
0.0579102 0.00184068

0.0579102 0.00184068
0.057959 0.00184074

0.057959 0.00184074
0.0580078 0.00184079

0.0580078 0.00184079
0.0580566 0.00184084

0.0580566 0.00184084
0.0581055 0.00184088

0.0581055 0.00184088
0.0581543 0.00184092

0.0581543 0.00184092
0.0582031 0.00184095

0.0582031 0.00184095
0.058252 0.00184098

0.058252 0.00184098
0.0583008 0.00184101

0.0583008 0.00184101
0.0583496 0.00184103

0.0583496 0.00184103
0.0583984 0.00184106

0.0583984 0.00184106
0.0584473 0.00184107

0.0584473 0.00184107
0.0584961 0.00184109

0.0584961 0.00184109
0.0585449 0.0018411

0.0585449 0.0018411
0.0585938 0.00184111

0.0585938 0.00184111
0.0586426 0.00184112

0.0586426 0.00184112
0.0586914 0.00184113

0.0586914 0.00184113
0.0587402 0.00184114

0.0587402 0.00184114
0.0587891 0.00184115

0.0587891 0.00184115
0.0588379 0.00184115

0.0588379 0.00184115
0.0588867 0.00184116

0.0588867 0.00184116
0.0589355 0.00184117

0.0589355 0.00184117
0.0589844 0.00184118

0.0589844 0.00184118
0.0590332 0.00184119

0.0590332 0.00184119
0.059082 0.0018412

0.059082 0.0018412
0.0591309 0.00184121

0.0591309 0.00184121
0.0591797 0.00184123

0.0591797 0.00184123
0.0592285 0.00184125

0.0592285 0.00184125
0.0592773 0.00184127

0.0592773 0.00184127
0.0593262 0.00184129

0.0593262 0.00184129
0.059375 0.00184132

0.059375 0.00184132
0.0594238 0.00184135

0.0594238 0.00184135
0.0594727 0.00184138

0.0594727 0.00184138
0.0595215 0.00184142

0.0595215 0.00184142
0.0595703 0.00184146

0.0595703 0.00184146
0.0596191 0.0018415

0.0596191 0.0018415
0.059668 0.00184155

0.059668 0.00184155
0.0597168 0.0018416

0.0597168 0.0018416
0.0597656 0.00184166

0.0597656 0.00184166
0.0598145 0.00184172

0.0598145 0.00184172
0.0598633 0.00184178

0.0598633 0.00184178
0.0599121 0.00184185

0.0599121 0.00184185
0.0599609 0.00184192

0.0599609 0.00184192
0.0600098 0.001842

0.0600098 0.001842
0.0600586 0.00184208

0.0600586 0.00184208
0.0601074 0.00184216

0.0601074 0.00184216
0.0601563 0.00184225

0.0601563 0.00184225
0.0602051 0.00184234

0.0602051 0.00184234
0.0602539 0.00184244

0.0602539 0.00184244
0.0603027 0.00184254

0.0603027 0.00184254
0.0603516 0.00184264

0.0603516 0.00184264
0.0604004 0.00184274

0.0604004 0.00184274
0.0604492 0.00184285

0.0604492 0.00184285
0.060498 0.00184296

0.060498 0.00184296
0.0605469 0.00184307

0.0605469 0.00184307
0.0605957 0.00184318

0.0605957 0.00184318
0.0606445 0.00184329

0.0606445 0.00184329
0.0606934 0.00184341

0.0606934 0.00184341
0.0607422 0.00184352

0.0607422 0.00184352
0.060791 0.00184364

0.060791 0.00184364
0.0608398 0.00184375

0.0608398 0.00184375
0.0608887 0.00184387

0.0608887 0.00184387
0.0609375 0.00184399

0.0609375 0.00184399
0.0609863 0.0018441

0.0609863 0.0018441
0.0610352 0.00184421

0.0610352 0.00184421
0.061084 0.00184433

0.061084 0.00184433
0.0611328 0.00184444

0.0611328 0.00184444
0.0611816 0.00184454

0.0611816 0.00184454
0.0612305 0.00184465

0.0612305 0.00184465
0.0612793 0.00184475

0.0612793 0.00184475
0.0613281 0.00184485

0.0613281 0.00184485
0.061377 0.00184495

0.061377 0.00184495
0.0614258 0.00184504

0.0614258 0.00184504
0.0614746 0.00184513

0.0614746 0.00184513
0.0615234 0.00184521

0.0615234 0.00184521
0.0615723 0.00184529

0.0615723 0.00184529
0.0616211 0.00184537

0.0616211 0.00184537
0.0616699 0.00184544

0.0616699 0.00184544
0.0617188 0.00184551

0.0617188 0.00184551
0.0617676 0.00184557

0.0617676 0.00184557
0.0618164 0.00184562

0.0618164 0.00184562
0.0618652 0.00184567

0.0618652 0.00184567
0.0619141 0.00184572

0.0619141 0.00184572
0.0619629 0.00184576

0.0619629 0.00184576
0.0620117 0.00184579

0.0620117 0.00184579
0.0620605 0.00184582

0.0620605 0.00184582
0.0621094 0.00184585

0.0621094 0.00184585
0.0621582 0.00184586

0.0621582 0.00184586
0.062207 0.00184588

0.062207 0.00184588
0.0622559 0.00184588

0.0622559 0.00184588
0.0623047 0.00184589

0.0623047 0.00184589
0.0623535 0.00184588

0.0623535 0.00184588
0.0624023 0.00184588

0.0624023 0.00184588
0.0624512 0.00184586

0.0624512 0.00184586
0.0625 0.00184584

0.0625 0.00184584
0.0625488 0.00184582

0.0625488 0.00184582
0.0625977 0.00184579

0.0625977 0.00184579
0.0626465 0.00184576

0.0626465 0.00184576
0.0626953 0.00184573

0.0626953 0.00184573
0.0627441 0.00184569

0.0627441 0.00184569
0.062793 0.00184565

0.062793 0.00184565
0.0628418 0.0018456

0.0628418 0.0018456
0.0628906 0.00184555

0.0628906 0.00184555
0.0629395 0.0018455

0.0629395 0.0018455
0.0629883 0.00184544

0.0629883 0.00184544
0.0630371 0.00184539

0.0630371 0.00184539
0.0630859 0.00184533

0.0630859 0.00184533
0.0631348 0.00184526

0.0631348 0.00184526
0.0631836 0.0018452

0.0631836 0.0018452
0.0632324 0.00184513

0.0632324 0.00184513
0.0632813 0.00184506

0.0632812 0.00184506
0.0633301 0.00184499

0.0633301 0.00184499
0.0633789 0.00184492

0.0633789 0.00184492
0.0634277 0.00184485

0.0634277 0.00184485
0.0634766 0.00184477

0.0634766 0.00184477
0.0635254 0.0018447

0.0635254 0.0018447
0.0635742 0.00184462

0.0635742 0.00184462
0.063623 0.00184454

0.063623 0.00184454
0.0636719 0.00184446

0.0636719 0.00184446
0.0637207 0.00184438

0.0637207 0.00184438
0.0637695 0.0018443

0.0637695 0.0018443
0.0638184 0.00184422

0.0638184 0.00184422
0.0638672 0.00184414

0.0638672 0.00184414
0.063916 0.00184405

0.063916 0.00184405
0.0639648 0.00184397

0.0639648 0.00184397
0.0640137 0.00184388

0.0640137 0.00184388
0.0640625 0.0018438

0.0640625 0.0018438
0.0641113 0.00184371

0.0641113 0.00184371
0.0641602 0.00184362

0.0641602 0.00184362
0.064209 0.00184353

0.064209 0.00184353
0.0642578 0.00184344

0.0642578 0.00184344
0.0643066 0.00184334

0.0643066 0.00184334
0.0643555 0.00184325

0.0643555 0.00184325
0.0644043 0.00184315

0.0644043 0.00184315
0.0644531 0.00184306

0.0644531 0.00184306
0.064502 0.00184296

0.064502 0.00184296
0.0645508 0.00184286

0.0645508 0.00184286
0.0645996 0.00184276

0.0645996 0.00184276
0.0646484 0.00184266

0.0646484 0.00184266
0.0646973 0.00184255

0.0646973 0.00184255
0.0647461 0.00184245

0.0647461 0.00184245
0.0647949 0.00184234

0.0647949 0.00184234
0.0648438 0.00184224

0.0648437 0.00184224
0.0648926 0.00184213

0.0648926 0.00184213
0.0649414 0.00184202

0.0649414 0.00184202
0.0649902 0.00184191

0.0649902 0.00184191
0.0650391 0.00184181

0.0650391 0.00184181
0.0650879 0.0018417

0.0650879 0.0018417
0.0651367 0.00184159

0.0651367 0.00184159
0.0651855 0.00184148

0.0651855 0.00184148
0.0652344 0.00184137

0.0652344 0.00184137
0.0652832 0.00184126

0.0652832 0.00184126
0.065332 0.00184115

0.065332 0.00184115
0.0653809 0.00184104

0.0653809 0.00184104
0.0654297 0.00184093

0.0654297 0.00184093
0.0654785 0.00184083

0.0654785 0.00184083
0.0655273 0.00184072

0.0655273 0.00184072
0.0655762 0.00184062

0.0655762 0.00184062
0.065625 0.00184052

0.065625 0.00184052
0.0656738 0.00184042

0.0656738 0.00184042
0.0657227 0.00184032

0.0657227 0.00184032
0.0657715 0.00184022

0.0657715 0.00184022
0.0658203 0.00184013

0.0658203 0.00184013
0.0658691 0.00184004

0.0658691 0.00184004
0.065918 0.00183995

0.065918 0.00183995
0.0659668 0.00183987

0.0659668 0.00183987
0.0660156 0.00183979

0.0660156 0.00183979
0.0660645 0.00183971

0.0660645 0.00183971
0.0661133 0.00183963

0.0661133 0.00183963
0.0661621 0.00183956

0.0661621 0.00183956
0.0662109 0.00183949

0.0662109 0.00183949
0.0662598 0.00183943

0.0662598 0.00183943
0.0663086 0.00183937

0.0663086 0.00183937
0.0663574 0.00183931

0.0663574 0.00183931
0.0664063 0.00183926

0.0664062 0.00183926
0.0664551 0.00183921

0.0664551 0.00183921
0.0665039 0.00183916

0.0665039 0.00183916
0.0665527 0.00183912

0.0665527 0.00183912
0.0666016 0.00183908

0.0666016 0.00183908
0.0666504 0.00183905

0.0666504 0.00183905
0.0666992 0.00183902

0.0666992 0.00183902
0.066748 0.001839

0.066748 0.001839
0.0667969 0.00183898

0.0667969 0.00183898
0.0668457 0.00183896

0.0668457 0.00183896
0.0668945 0.00183895

0.0668945 0.00183895
0.0669434 0.00183894

0.0669434 0.00183894
0.0669922 0.00183894

0.0669922 0.00183894
0.067041 0.00183894

0.067041 0.00183894
0.0670898 0.00183895

0.0670898 0.00183895
0.0671387 0.00183896

0.0671387 0.00183896
0.0671875 0.00183898

0.0671875 0.00183898
0.0672363 0.001839

0.0672363 0.001839
0.0672852 0.00183902

0.0672852 0.00183902
0.067334 0.00183905

0.067334 0.00183905
0.0673828 0.00183909

0.0673828 0.00183909
0.0674316 0.00183913

0.0674316 0.00183913
0.0674805 0.00183917

0.0674805 0.00183917
0.0675293 0.00183922

0.0675293 0.00183922
0.0675781 0.00183927

0.0675781 0.00183927
0.067627 0.00183933

0.067627 0.00183933
0.0676758 0.00183939

0.0676758 0.00183939
0.0677246 0.00183946

0.0677246 0.00183946
0.0677734 0.00183953

0.0677734 0.00183953
0.0678223 0.0018396

0.0678223 0.0018396
0.0678711 0.00183968

0.0678711 0.00183968
0.0679199 0.00183977

0.0679199 0.00183977
0.0679688 0.00183985

0.0679687 0.00183985
0.0680176 0.00183994

0.0680176 0.00183994
0.0680664 0.00184004

0.0680664 0.00184004
0.0681152 0.00184014

0.0681152 0.00184014
0.0681641 0.00184024

0.0681641 0.00184024
0.0682129 0.00184035

0.0682129 0.00184035
0.0682617 0.00184046

0.0682617 0.00184046
0.0683105 0.00184057

0.0683105 0.00184057
0.0683594 0.00184069

0.0683594 0.00184069
0.0684082 0.0018408

0.0684082 0.0018408
0.068457 0.00184092

0.068457 0.00184092
0.0685059 0.00184105

0.0685059 0.00184105
0.0685547 0.00184117

0.0685547 0.00184117
0.0686035 0.0018413

0.0686035 0.0018413
0.0686523 0.00184143

0.0686523 0.00184143
0.0687012 0.00184155

0.0687012 0.00184156
0.06875 0.00184169

0.06875 0.00184169
0.0687988 0.00184182

0.0687988 0.00184182
0.0688477 0.00184195

0.0688477 0.00184195
0.0688965 0.00184208

0.0688965 0.00184208
0.0689453 0.00184222

0.0689453 0.00184222
0.0689941 0.00184235

0.0689941 0.00184235
0.069043 0.00184248

0.069043 0.00184248
0.0690918 0.00184262

0.0690918 0.00184262
0.0691406 0.00184275

0.0691406 0.00184275
0.0691895 0.00184288

0.0691895 0.00184288
0.0692383 0.00184301

0.0692383 0.00184301
0.0692871 0.00184314

0.0692871 0.00184314
0.0693359 0.00184327

0.0693359 0.00184327
0.0693848 0.0018434

0.0693848 0.0018434
0.0694336 0.00184352

0.0694336 0.00184352
0.0694824 0.00184364

0.0694824 0.00184364
0.0695313 0.00184376

0.0695313 0.00184376
0.0695801 0.00184388

0.0695801 0.00184388
0.0696289 0.001844

0.0696289 0.001844
0.0696777 0.00184411

0.0696777 0.00184411
0.0697266 0.00184422

0.0697266 0.00184422
0.0697754 0.00184432

0.0697754 0.00184432
0.0698242 0.00184442

0.0698242 0.00184442
0.069873 0.00184452

0.069873 0.00184452
0.0699219 0.00184461

0.0699219 0.00184461
0.0699707 0.0018447

0.0699707 0.0018447
0.0700195 0.00184479

0.0700195 0.00184479
0.0700684 0.00184487

0.0700684 0.00184487
0.0701172 0.00184495

0.0701172 0.00184495
0.070166 0.00184502

0.070166 0.00184502
0.0702148 0.00184508

0.0702148 0.00184508
0.0702637 0.00184514

0.0702637 0.00184514
0.0703125 0.0018452

0.0703125 0.0018452
0.0703613 0.00184525

0.0703613 0.00184525
0.0704102 0.0018453

0.0704102 0.0018453
0.070459 0.00184534

0.070459 0.00184534
0.0705078 0.00184537

0.0705078 0.00184537
0.0705566 0.0018454

0.0705566 0.0018454
0.0706055 0.00184542

0.0706055 0.00184542
0.0706543 0.00184544

0.0706543 0.00184544
0.0707031 0.00184545

0.0707031 0.00184545
0.070752 0.00184546

0.070752 0.00184546
0.0708008 0.00184546

0.0708008 0.00184546
0.0708496 0.00184545

0.0708496 0.00184545
0.0708984 0.00184544

0.0708984 0.00184544
0.0709473 0.00184542

0.0709473 0.00184542
0.0709961 0.0018454

0.0709961 0.0018454
0.0710449 0.00184538

0.0710449 0.00184538
0.0710938 0.00184534

0.0710937 0.00184534
0.0711426 0.0018453

0.0711426 0.0018453
0.0711914 0.00184526

0.0711914 0.00184526
0.0712402 0.00184521

0.0712402 0.00184521
0.0712891 0.00184516

0.0712891 0.00184516
0.0713379 0.0018451

0.0713379 0.0018451
0.0713867 0.00184504

0.0713867 0.00184504
0.0714355 0.00184497

0.0714355 0.00184497
0.0714844 0.0018449

0.0714844 0.0018449
0.0715332 0.00184483

0.0715332 0.00184483
0.071582 0.00184475

0.071582 0.00184475
0.0716309 0.00184467

0.0716309 0.00184467
0.0716797 0.00184458

0.0716797 0.00184458
0.0717285 0.00184449

0.0717285 0.00184449
0.0717773 0.0018444

0.0717773 0.0018444
0.0718262 0.00184431

0.0718262 0.00184431
0.071875 0.00184421

0.071875 0.00184421
0.0719238 0.00184411

0.0719238 0.00184411
0.0719727 0.00184401

0.0719727 0.00184401
0.0720215 0.00184391

0.0720215 0.00184391
0.0720703 0.00184381

0.0720703 0.00184381
0.0721191 0.0018437

0.0721191 0.0018437
0.072168 0.0018436

0.072168 0.0018436
0.0722168 0.00184349

0.0722168 0.00184349
0.0722656 0.00184339

0.0722656 0.00184339
0.0723145 0.00184328

0.0723145 0.00184328
0.0723633 0.00184318

0.0723633 0.00184318
0.0724121 0.00184307

0.0724121 0.00184307
0.0724609 0.00184297

0.0724609 0.00184297
0.0725098 0.00184286

0.0725098 0.00184286
0.0725586 0.00184276

0.0725586 0.00184276
0.0726074 0.00184266

0.0726074 0.00184266
0.0726563 0.00184256

0.0726562 0.00184256
0.0727051 0.00184246

0.0727051 0.00184246
0.0727539 0.00184237

0.0727539 0.00184237
0.0728027 0.00184227

0.0728027 0.00184227
0.0728516 0.00184218

0.0728516 0.00184218
0.0729004 0.00184209

0.0729004 0.00184209
0.0729492 0.00184201

0.0729492 0.00184201
0.072998 0.00184192

0.072998 0.00184192
0.0730469 0.00184184

0.0730469 0.00184184
0.0730957 0.00184177

0.0730957 0.00184177
0.0731445 0.0018417

0.0731445 0.0018417
0.0731934 0.00184163

0.0731934 0.00184163
0.0732422 0.00184156

0.0732422 0.00184156
0.073291 0.0018415

0.073291 0.0018415
0.0733398 0.00184144

0.0733398 0.00184144
0.0733887 0.00184138

0.0733887 0.00184138
0.0734375 0.00184133

0.0734375 0.00184133
0.0734863 0.00184129

0.0734863 0.00184129
0.0735352 0.00184124

0.0735352 0.00184124
0.073584 0.0018412

0.073584 0.0018412
0.0736328 0.00184117

0.0736328 0.00184117
0.0736816 0.00184114

0.0736816 0.00184114
0.0737305 0.00184111

0.0737305 0.00184111
0.0737793 0.00184109

0.0737793 0.00184109
0.0738281 0.00184107

0.0738281 0.00184107
0.073877 0.00184105

0.073877 0.00184105
0.0739258 0.00184104

0.0739258 0.00184104
0.0739746 0.00184103

0.0739746 0.00184103
0.0740234 0.00184103

0.0740234 0.00184103
0.0740723 0.00184102

0.0740723 0.00184102
0.0741211 0.00184103

0.0741211 0.00184103
0.0741699 0.00184103

0.0741699 0.00184103
0.0742188 0.00184104

0.0742188 0.00184104
0.0742676 0.00184105

0.0742676 0.00184105
0.0743164 0.00184106

0.0743164 0.00184106
0.0743652 0.00184108

0.0743652 0.00184108
0.0744141 0.0018411

0.0744141 0.0018411
0.0744629 0.00184112

0.0744629 0.00184112
0.0745117 0.00184115

0.0745117 0.00184115
0.0745605 0.00184117

0.0745605 0.00184117
0.0746094 0.0018412

0.0746094 0.0018412
0.0746582 0.00184123

0.0746582 0.00184123
0.074707 0.00184126

0.074707 0.00184126
0.0747559 0.00184129

0.0747559 0.00184129
0.0748047 0.00184133

0.0748047 0.00184133
0.0748535 0.00184136

0.0748535 0.00184136
0.0749023 0.0018414

0.0749023 0.0018414
0.0749512 0.00184144

0.0749512 0.00184144
0.075 0.00184147

0.075 0.00184147
0.0750488 0.00184151

0.0750488 0.00184151
0.0750977 0.00184155

0.0750977 0.00184155
0.0751465 0.00184159

0.0751465 0.00184159
0.0751953 0.00184162

0.0751953 0.00184162
0.0752441 0.00184166

0.0752441 0.00184166
0.075293 0.0018417

0.075293 0.0018417
0.0753418 0.00184173

0.0753418 0.00184173
0.0753906 0.00184177

0.0753906 0.00184177
0.0754395 0.0018418

0.0754395 0.0018418
0.0754883 0.00184184

0.0754883 0.00184184
0.0755371 0.00184187

0.0755371 0.00184187
0.0755859 0.0018419

0.0755859 0.0018419
0.0756348 0.00184193

0.0756348 0.00184193
0.0756836 0.00184196

0.0756836 0.00184196
0.0757324 0.00184198

0.0757324 0.00184198
0.0757813 0.001842

0.0757812 0.001842
0.0758301 0.00184203

0.0758301 0.00184203
0.0758789 0.00184205

0.0758789 0.00184205
0.0759277 0.00184206

0.0759277 0.00184206
0.0759766 0.00184208

0.0759766 0.00184208
0.0760254 0.00184209

0.0760254 0.00184209
0.0760742 0.0018421

0.0760742 0.0018421
0.076123 0.00184211

0.076123 0.00184211
0.0761719 0.00184211

0.0761719 0.00184211
0.0762207 0.00184211

0.0762207 0.00184211
0.0762695 0.00184211

0.0762695 0.00184211
0.0763184 0.00184211

0.0763184 0.00184211
0.0763672 0.00184211

0.0763672 0.00184211
0.076416 0.0018421

0.076416 0.0018421
0.0764648 0.00184209

0.0764648 0.00184209
0.0765137 0.00184207

0.0765137 0.00184207
0.0765625 0.00184206

0.0765625 0.00184206
0.0766113 0.00184204

0.0766113 0.00184204
0.0766602 0.00184202

0.0766602 0.00184202
0.076709 0.00184199

0.076709 0.00184199
0.0767578 0.00184197

0.0767578 0.00184197
0.0768066 0.00184194

0.0768066 0.00184194
0.0768555 0.00184191

0.0768555 0.00184191
0.0769043 0.00184188

0.0769043 0.00184188
0.0769531 0.00184184

0.0769531 0.00184184
0.077002 0.00184181

0.077002 0.00184181
0.0770508 0.00184177

0.0770508 0.00184177
0.0770996 0.00184173

0.0770996 0.00184173
0.0771484 0.00184168

0.0771484 0.00184168
0.0771973 0.00184164

0.0771973 0.00184164
0.0772461 0.0018416

0.0772461 0.0018416
0.0772949 0.00184155

0.0772949 0.00184155
0.0773438 0.0018415

0.0773438 0.0018415
0.0773926 0.00184145

0.0773926 0.00184145
0.0774414 0.00184141

0.0774414 0.00184141
0.0774902 0.00184136

0.0774902 0.00184136
0.0775391 0.00184131

0.0775391 0.00184131
0.0775879 0.00184126

0.0775879 0.00184126
0.0776367 0.0018412

0.0776367 0.0018412
0.0776855 0.00184115

0.0776855 0.00184115
0.0777344 0.0018411

0.0777344 0.0018411
0.0777832 0.00184105

0.0777832 0.00184105
0.077832 0.001841

0.077832 0.001841
0.0778809 0.00184095

0.0778809 0.00184095
0.0779297 0.00184091

0.0779297 0.00184091
0.0779785 0.00184086

0.0779785 0.00184086
0.0780273 0.00184081

0.0780273 0.00184081
0.0780762 0.00184077

0.0780762 0.00184077
0.078125 0.00184072

0.078125 0.00184072
0.0781738 0.00184068

0.0781738 0.00184068
0.0782227 0.00184064

0.0782227 0.00184064
0.0782715 0.0018406

0.0782715 0.0018406
0.0783203 0.00184057

0.0783203 0.00184057
0.0783691 0.00184053

0.0783691 0.00184053
0.078418 0.0018405

0.078418 0.0018405
0.0784668 0.00184047

0.0784668 0.00184047
0.0785156 0.00184044

0.0785156 0.00184044
0.0785645 0.00184042

0.0785645 0.00184042
0.0786133 0.00184039

0.0786133 0.00184039
0.0786621 0.00184037

0.0786621 0.00184037
0.0787109 0.00184036

0.0787109 0.00184036
0.0787598 0.00184034

0.0787598 0.00184034
0.0788086 0.00184033

0.0788086 0.00184033
0.0788574 0.00184032

0.0788574 0.00184032
0.0789063 0.00184032

0.0789062 0.00184032
0.0789551 0.00184031

0.0789551 0.00184031
0.0790039 0.00184031

0.0790039 0.00184031
0.0790527 0.00184032

0.0790527 0.00184032
0.0791016 0.00184032

0.0791016 0.00184032
0.0791504 0.00184033

0.0791504 0.00184033
0.0791992 0.00184035

0.0791992 0.00184035
0.079248 0.00184036

0.079248 0.00184036
0.0792969 0.00184038

0.0792969 0.00184038
0.0793457 0.0018404

0.0793457 0.0018404
0.0793945 0.00184043

0.0793945 0.00184043
0.0794434 0.00184045

0.0794434 0.00184045
0.0794922 0.00184048

0.0794922 0.00184048
0.079541 0.00184052

0.079541 0.00184052
0.0795898 0.00184055

0.0795898 0.00184055
0.0796387 0.00184059

0.0796387 0.00184059
0.0796875 0.00184063

0.0796875 0.00184063
0.0797363 0.00184067

0.0797363 0.00184067
0.0797852 0.00184072

0.0797852 0.00184072
0.079834 0.00184077

0.079834 0.00184077
0.0798828 0.00184081

0.0798828 0.00184081
0.0799316 0.00184086

0.0799316 0.00184086
0.0799805 0.00184092

0.0799805 0.00184092
0.0800293 0.00184097

0.0800293 0.00184097
0.0800781 0.00184103

0.0800781 0.00184103
0.080127 0.00184108

0.080127 0.00184108
0.0801758 0.00184114

0.0801758 0.00184114
0.0802246 0.0018412

0.0802246 0.0018412
0.0802734 0.00184126

0.0802734 0.00184126
0.0803223 0.00184132

0.0803223 0.00184132
0.0803711 0.00184138

0.0803711 0.00184138
0.0804199 0.00184144

0.0804199 0.00184144
0.0804688 0.0018415

0.0804688 0.0018415
0.0805176 0.00184156

0.0805176 0.00184156
0.0805664 0.00184161

0.0805664 0.00184161
0.0806152 0.00184167

0.0806152 0.00184167
0.0806641 0.00184173

0.0806641 0.00184173
0.0807129 0.00184179

0.0807129 0.00184179
0.0807617 0.00184185

0.0807617 0.00184185
0.0808105 0.0018419

0.0808105 0.0018419
0.0808594 0.00184195

0.0808594 0.00184195
0.0809082 0.00184201

0.0809082 0.00184201
0.080957 0.00184206

0.080957 0.00184206
0.0810059 0.00184211

0.0810059 0.00184211
0.0810547 0.00184215

0.0810547 0.00184215
0.0811035 0.0018422

0.0811035 0.0018422
0.0811523 0.00184224

0.0811523 0.00184224
0.0812012 0.00184228

0.0812012 0.00184228
0.08125 0.00184232

0.08125 0.00184232
0.0812988 0.00184236

0.0812988 0.00184236
0.0813477 0.0018424

0.0813477 0.0018424
0.0813965 0.00184243

0.0813965 0.00184243
0.0814453 0.00184246

0.0814453 0.00184246
0.0814941 0.00184248

0.0814941 0.00184248
0.081543 0.00184251

0.081543 0.00184251
0.0815918 0.00184253

0.0815918 0.00184253
0.0816406 0.00184255

0.0816406 0.00184255
0.0816895 0.00184257

0.0816895 0.00184257
0.0817383 0.00184258

0.0817383 0.00184258
0.0817871 0.00184259

0.0817871 0.00184259
0.0818359 0.0018426

0.0818359 0.0018426
0.0818848 0.00184261

0.0818848 0.00184261
0.0819336 0.00184261

0.0819336 0.00184261
0.0819824 0.00184261

0.0819824 0.00184261
0.0820313 0.00184261

0.0820312 0.00184261
0.0820801 0.0018426

0.0820801 0.0018426
0.0821289 0.0018426

0.0821289 0.0018426
0.0821777 0.00184259

0.0821777 0.00184259
0.0822266 0.00184258

0.0822266 0.00184258
0.0822754 0.00184256

0.0822754 0.00184256
0.0823242 0.00184255

0.0823242 0.00184255
0.082373 0.00184253

0.082373 0.00184253
0.0824219 0.00184251

0.0824219 0.00184251
0.0824707 0.00184249

0.0824707 0.00184249
0.0825195 0.00184246

0.0825195 0.00184246
0.0825684 0.00184244

0.0825684 0.00184244
0.0826172 0.00184241

0.0826172 0.00184241
0.082666 0.00184238

0.082666 0.00184238
0.0827148 0.00184235

0.0827148 0.00184235
0.0827637 0.00184232

0.0827637 0.00184232
0.0828125 0.00184229

0.0828125 0.00184229
0.0828613 0.00184226

0.0828613 0.00184226
0.0829102 0.00184223

0.0829102 0.00184223
0.082959 0.00184219

0.082959 0.00184219
0.0830078 0.00184216

0.0830078 0.00184216
0.0830566 0.00184212

0.0830566 0.00184212
0.0831055 0.00184208

0.0831055 0.00184208
0.0831543 0.00184205

0.0831543 0.00184205
0.0832031 0.00184201

0.0832031 0.00184201
0.083252 0.00184197

0.083252 0.00184197
0.0833008 0.00184194

0.0833008 0.00184194
0.0833496 0.0018419

0.0833496 0.0018419
0.0833984 0.00184186

0.0833984 0.00184186
0.0834473 0.00184182

0.0834473 0.00184182
0.0834961 0.00184179

0.0834961 0.00184179
0.0835449 0.00184175

0.0835449 0.00184175
0.0835938 0.00184171

0.0835937 0.00184171
0.0836426 0.00184168

0.0836426 0.00184168
0.0836914 0.00184164

0.0836914 0.00184164
0.0837402 0.0018416

0.0837402 0.0018416
0.0837891 0.00184157

0.0837891 0.00184157
0.0838379 0.00184153

0.0838379 0.00184153
0.0838867 0.0018415

0.0838867 0.0018415
0.0839355 0.00184147

0.0839355 0.00184147
0.0839844 0.00184143

0.0839844 0.00184143
0.0840332 0.0018414

0.0840332 0.0018414
0.084082 0.00184137

0.084082 0.00184137
0.0841309 0.00184134

0.0841309 0.00184134
0.0841797 0.00184131

0.0841797 0.00184131
0.0842285 0.00184128

0.0842285 0.00184128
0.0842773 0.00184125

0.0842773 0.00184125
0.0843262 0.00184122

0.0843262 0.00184122
0.084375 0.00184119

0.084375 0.00184119
0.0844238 0.00184116

0.0844238 0.00184116
0.0844727 0.00184113

0.0844727 0.00184113
0.0845215 0.00184111

0.0845215 0.00184111
0.0845703 0.00184108

0.0845703 0.00184108
0.0846191 0.00184105

0.0846191 0.00184105
0.084668 0.00184103

0.084668 0.00184103
0.0847168 0.001841

0.0847168 0.001841
0.0847656 0.00184098

0.0847656 0.00184098
0.0848145 0.00184095

0.0848145 0.00184095
0.0848633 0.00184093

0.0848633 0.00184093
0.0849121 0.0018409

0.0849121 0.0018409
0.0849609 0.00184088

0.0849609 0.00184088
0.0850098 0.00184085

0.0850098 0.00184085
0.0850586 0.00184083

0.0850586 0.00184083
0.0851074 0.00184081

0.0851074 0.00184081
0.0851563 0.00184078

0.0851563 0.00184078
0.0852051 0.00184076

0.0852051 0.00184076
0.0852539 0.00184074

0.0852539 0.00184074
0.0853027 0.00184071

0.0853027 0.00184071
0.0853516 0.00184069

0.0853516 0.00184069
0.0854004 0.00184067

0.0854004 0.00184067
0.0854492 0.00184064

0.0854492 0.00184064
0.085498 0.00184062

0.085498 0.00184062
0.0855469 0.0018406

0.0855469 0.0018406
0.0855957 0.00184057

0.0855957 0.00184057
0.0856445 0.00184055

0.0856445 0.00184055
0.0856934 0.00184053

0.0856934 0.00184053
0.0857422 0.00184051

0.0857422 0.00184051
0.085791 0.00184049

0.0858242 0
0.0858398 2.76453e-05

0.085791 0.00184049
0.0858398 0.00184047

0.0858398 2.35784e-05
0.0858887 1.76974e-06

0.0858398 0.00184047
0.0858887 0.00184044

0.0858887 0.00184044
0.0859375 0.00184042

0.0859375 0.00184042
0.0859863 0.0018404

0.0859863 0.0018404
0.0860352 0.00184038

0.0860352 0.00184038
0.086084 0.00184036

0.086084 0.00184036
0.0861328 0.00184035

0.0861328 0.00184035
0.0861816 0.00184033

0.0861816 0.00184033
0.0862305 0.00184031

0.0862305 0.00184031
0.0862793 0.00184029

0.0862793 0.00184029
0.0863281 0.00184028

0.0863281 0.00184028
0.086377 0.00184026

0.086377 0.00184026
0.0864258 0.00184025

0.0864258 0.00184025
0.0864746 0.00184024

0.0864746 0.00184024
0.0865234 0.00184022

0.0865234 0.00184022
0.0865723 0.00184021

0.0865723 0.00184021
0.0866211 0.0018402

0.0866211 0.0018402
0.0866699 0.0018402

0.0866699 0.0018402
0.0867188 0.00184019

0.0867187 0.00184019
0.0867676 0.00184018

0.0867676 0.00184018
0.0868164 0.00184018

0.0868164 0.00184018
0.0868652 0.00184018

0.0868652 0.00184018
0.0869141 0.00184018

0.0869141 0.00184018
0.0869629 0.00184018

0.0869629 0.00184018
0.0870117 0.00184018

0.0870117 0.00184018
0.0870605 0.00184019

0.0870605 0.00184019
0.0871094 0.0018402

0.0871094 0.0018402
0.0871582 0.0018402

0.0871582 0.0018402
0.087207 0.00184022

0.087207 0.00184022
0.0872559 0.00184023

0.0872559 0.00184023
0.0873047 0.00184024

0.0873047 0.00184024
0.0873535 0.00184026

0.0873535 0.00184026
0.0874023 0.00184028

0.0874023 0.00184028
0.0874512 0.0018403

0.0874512 0.0018403
0.0875 0.00184033

0.0875 0.00184033
0.0875488 0.00184036

0.0875488 0.00184036
0.0875977 0.00184039

0.0875977 0.00184039
0.0876465 0.00184042

0.0876465 0.00184042
0.0876953 0.00184045

0.0876953 0.00184045
0.0877441 0.00184049

0.0877441 0.00184049
0.087793 0.00184053

0.087793 0.00184053
0.0878418 0.00184057

0.0878418 0.00184057
0.0878906 0.00184062

0.0878906 0.00184062
0.0879395 0.00184066

0.0879395 0.00184066
0.0879883 0.00184071

0.0879883 0.00184071
0.0880371 0.00184077

0.0880371 0.00184077
0.0880859 0.00184082

0.0880859 0.00184082
0.0881348 0.00184088

0.0881348 0.00184088
0.0881836 0.00184094

0.0881836 0.00184094
0.0882324 0.00184101

0.0882324 0.00184101
0.0882813 0.00184107

0.0882813 0.00184107
0.0883301 0.00184114

0.0883301 0.00184114
0.0883789 0.00184121

0.0883789 0.00184121
0.0884277 0.00184129

0.0884277 0.00184129
0.0884766 0.00184137

0.0884766 0.00184137
0.0885254 0.00184145

0.0885254 0.00184145
0.0885742 0.00184153

0.0885742 0.00184153
0.088623 0.00184161

0.088623 0.00184161
0.0886719 0.0018417

0.0886719 0.0018417
0.0887207 0.00184179

0.0887207 0.00184179
0.0887695 0.00184188

0.0887695 0.00184188
0.0888184 0.00184198

0.0888184 0.00184198
0.0888672 0.00184208

0.0888672 0.00184208
0.088916 0.00184218

0.088916 0.00184218
0.0889648 0.00184228

0.0889648 0.00184228
0.0890137 0.00184238

0.0890137 0.00184238
0.0890625 0.00184249

0.0890625 0.00184249
0.0891113 0.0018426

0.0891113 0.0018426
0.0891602 0.00184271

0.0891602 0.00184271
0.089209 0.00184282

0.089209 0.00184282
0.0892578 0.00184294

0.0892578 0.00184294
0.0893066 0.00184305

0.0893066 0.00184305
0.0893555 0.00184317

0.0893555 0.00184317
0.0894043 0.00184329

0.0894043 0.00184329
0.0894531 0.00184341

0.0894531 0.00184341
0.089502 0.00184353

0.089502 0.00184353
0.0895508 0.00184366

0.0895508 0.00184366
0.0895996 0.00184378

0.0895996 0.00184378
0.0896484 0.00184391

0.0896484 0.00184391
0.0896973 0.00184404

0.0896973 0.00184404
0.0897461 0.00184416

0.0897461 0.00184416
0.0897949 0.00184429

0.0897949 0.00184429
0.0898438 0.00184442

0.0898438 0.00184442
0.0898926 0.00184456

0.0898926 0.00184456
0.0899414 0.00184469

0.0899414 0.00184469
0.0899902 0.00184482

0.0899902 0.00184482
0.0900391 0.00184495

0.0900391 0.00184495
0.0900879 0.00184509

0.0900879 0.00184509
0.0901367 0.00184522

0.0901367 0.00184522
0.0901855 0.00184535

0.0901855 0.00184535
0.0902344 0.00184549

0.0902344 0.00184549
0.0902832 0.00184562

0.0902832 0.00184562
0.090332 0.00184575

0.090332 0.00184575
0.0903809 0.00184589

0.0903809 0.00184589
0.0904297 0.00184602

0.0904297 0.00184602
0.0904785 0.00184615

0.0904785 0.00184615
0.0905273 0.00184628

0.0905273 0.00184628
0.0905762 0.00184641

0.0905762 0.00184641
0.090625 0.00184654

0.090625 0.00184654
0.0906738 0.00184667

0.0906738 0.00184667
0.0907227 0.0018468

0.0907227 0.0018468
0.0907715 0.00184692

0.0907715 0.00184692
0.0908203 0.00184705

0.0908203 0.00184705
0.0908691 0.00184717

0.0908691 0.00184717
0.090918 0.00184729

0.090918 0.00184729
0.0909668 0.00184741

0.0909668 0.00184741
0.0910156 0.00184753

0.0910156 0.00184753
0.0910645 0.00184765

0.0910645 0.00184765
0.0911133 0.00184776

0.0911133 0.00184776
0.0911621 0.00184788

0.0911621 0.00184788
0.0912109 0.00184799

0.0912109 0.00184799
0.0912598 0.00184809

0.0912598 0.00184809
0.0913086 0.0018482

0.0913086 0.0018482
0.0913574 0.0018483

0.0913574 0.0018483
0.0914063 0.00184841

0.0914062 0.00184841
0.0914551 0.0018485

0.0914551 0.0018485
0.0915039 0.0018486

0.0915039 0.0018486
0.0915527 0.00184869

0.0915527 0.00184869
0.0916016 0.00184878

0.0916016 0.00184878
0.0916504 0.00184887

0.0916504 0.00184887
0.0916992 0.00184896

0.0916992 0.00184896
0.091748 0.00184904

0.091748 0.00184904
0.0917969 0.00184912

0.0917969 0.00184912
0.0918457 0.0018492

0.0918457 0.0018492
0.0918945 0.00184927

0.0918945 0.00184927
0.0919434 0.00184934

0.0919434 0.00184934
0.0919922 0.00184941

0.0919922 0.00184941
0.092041 0.00184947

0.092041 0.00184947
0.0920898 0.00184953

0.0920898 0.00184953
0.0921387 0.00184959

0.0921387 0.00184959
0.0921875 0.00184964

0.0921875 0.00184964
0.0922363 0.00184969

0.0922363 0.00184969
0.0922852 0.00184974

0.0922852 0.00184974
0.092334 0.00184978

0.092334 0.00184978
0.0923828 0.00184983

0.0923828 0.00184983
0.0924316 0.00184986

0.0924316 0.00184986
0.0924805 0.0018499

0.0924805 0.0018499
0.0925293 0.00184993

0.0925293 0.00184993
0.0925781 0.00184996

0.0925781 0.00184996
0.092627 0.00184998

0.092627 0.00184998
0.0926758 0.00185001

0.0926758 0.00185001
0.0927246 0.00185002

0.0927246 0.00185002
0.0927734 0.00185004

0.0927734 0.00185004
0.0928223 0.00185005

0.0928223 0.00185005
0.0928711 0.00185006

0.0928711 0.00185006
0.0929199 0.00185007

0.0929199 0.00185007
0.0929688 0.00185007

0.0929688 0.00185007
0.0930176 0.00185007

0.0930176 0.00185007
0.0930664 0.00185007

0.0930664 0.00185007
0.0931152 0.00185006

0.0931152 0.00185006
0.0931641 0.00185005

0.0931641 0.00185005
0.0932129 0.00185004

0.0932129 0.00185004
0.0932617 0.00185002

0.0932617 0.00185002
0.0933105 0.00185001

0.0933105 0.00185001
0.0933594 0.00184999

0.0933594 0.00184999
0.0934082 0.00184996

0.0934082 0.00184996
0.093457 0.00184994

0.093457 0.00184994
0.0935059 0.00184991

0.0935059 0.00184991
0.0935547 0.00184988

0.0935547 0.00184988
0.0936035 0.00184984

0.0936035 0.00184984
0.0936523 0.00184981

0.0936523 0.00184981
0.0937012 0.00184977

0.0937012 0.00184977
0.09375 0.00184973

0.09375 0.00184973
0.0937988 0.00184968

0.0937988 0.00184968
0.0938477 0.00184964

0.0938477 0.00184964
0.0938965 0.00184959

0.0938965 0.00184959
0.0939453 0.00184954

0.0939453 0.00184954
0.0939941 0.00184949

0.0939941 0.00184949
0.094043 0.00184943

0.094043 0.00184943
0.0940918 0.00184938

0.0940918 0.00184938
0.0941406 0.00184932

0.0941406 0.00184932
0.0941895 0.00184926

0.0941895 0.00184926
0.0942383 0.0018492

0.0942383 0.0018492
0.0942871 0.00184913

0.0942871 0.00184913
0.0943359 0.00184907

0.0943359 0.00184907
0.0943848 0.001849

0.0943848 0.001849
0.0944336 0.00184893

0.0944336 0.00184893
0.0944824 0.00184886

0.0944824 0.00184886
0.0945313 0.00184879

0.0945312 0.00184879
0.0945801 0.00184872

0.0945801 0.00184872
0.0946289 0.00184864

0.0946289 0.00184864
0.0946777 0.00184857

0.0946777 0.00184857
0.0947266 0.00184849

0.0947266 0.00184849
0.0947754 0.00184842

0.0947754 0.00184842
0.0948242 0.00184834

0.0948242 0.00184834
0.094873 0.00184826

0.094873 0.00184826
0.0949219 0.00184818

0.0949219 0.00184818
0.0949707 0.0018481

0.0949707 0.0018481
0.0950195 0.00184802

0.0950195 0.00184802
0.0950684 0.00184794

0.0950684 0.00184794
0.0951172 0.00184786

0.0951172 0.00184786
0.095166 0.00184778

0.095166 0.00184778
0.0952148 0.0018477

0.0952148 0.0018477
0.0952637 0.00184761

0.0952637 0.00184761
0.0953125 0.00184753

0.0953125 0.00184753
0.0953613 0.00184745

0.0953613 0.00184745
0.0954102 0.00184737

0.0954102 0.00184737
0.095459 0.00184729

0.095459 0.00184729
0.0955078 0.00184721

0.0955078 0.00184721
0.0955566 0.00184713

0.0955566 0.00184713
0.0956055 0.00184705

0.0956055 0.00184705
0.0956543 0.00184697

0.0956543 0.00184697
0.0957031 0.00184689

0.0957031 0.00184689
0.095752 0.00184681

0.095752 0.00184681
0.0958008 0.00184673

0.0958008 0.00184673
0.0958496 0.00184666

0.0958496 0.00184666
0.0958984 0.00184658

0.0958984 0.00184658
0.0959473 0.00184651

0.0959473 0.00184651
0.0959961 0.00184643

0.0959961 0.00184643
0.0960449 0.00184636

0.0960449 0.00184636
0.0960938 0.00184629

0.0960938 0.00184629
0.0961426 0.00184622

0.0961426 0.00184622
0.0961914 0.00184615

0.0961914 0.00184615
0.0962402 0.00184608

0.0962402 0.00184608
0.0962891 0.00184601

0.0962891 0.00184601
0.0963379 0.00184594

0.0963379 0.00184594
0.0963867 0.00184588

0.0963867 0.00184588
0.0964355 0.00184582

0.0964355 0.00184582
0.0964844 0.00184575

0.0964844 0.00184575
0.0965332 0.00184569

0.0965332 0.00184569
0.096582 0.00184563

0.096582 0.00184563
0.0966309 0.00184558

0.0966309 0.00184558
0.0966797 0.00184552

0.0966797 0.00184552
0.0967285 0.00184546

0.0967285 0.00184546
0.0967773 0.00184541

0.0967773 0.00184541
0.0968262 0.00184536

0.0968262 0.00184536
0.096875 0.00184531

0.096875 0.00184531
0.0969238 0.00184526

0.0969238 0.00184526
0.0969727 0.00184521

0.0969727 0.00184521
0.0970215 0.00184517

0.0970215 0.00184517
0.0970703 0.00184512

0.0970703 0.00184512
0.0971191 0.00184508

0.0971191 0.00184508
0.097168 0.00184504

0.097168 0.00184504
0.0972168 0.001845

0.0972168 0.001845
0.0972656 0.00184496

0.0972656 0.00184496
0.0973145 0.00184492

0.0973145 0.00184492
0.0973633 0.00184488

0.0973633 0.00184488
0.0974121 0.00184485

0.0974121 0.00184485
0.0974609 0.00184481

0.0974609 0.00184481
0.0975098 0.00184478

0.0975098 0.00184478
0.0975586 0.00184475

0.0975586 0.00184475
0.0976074 0.00184472

0.0976074 0.00184472
0.0976563 0.00184469

0.0976562 0.00184469
0.0977051 0.00184466

0.0977051 0.00184466
0.0977539 0.00184463

0.0977539 0.00184463
0.0978027 0.0018446

0.0978027 0.0018446
0.0978516 0.00184458

0.0978516 0.00184458
0.0979004 0.00184455

0.0979004 0.00184455
0.0979492 0.00184453

0.0979492 0.00184453
0.097998 0.0018445

0.097998 0.0018445
0.0980469 0.00184448

0.0980469 0.00184448
0.0980957 0.00184446

0.0980957 0.00184446
0.0981445 0.00184443

0.0981445 0.00184443
0.0981934 0.00184441

0.0981934 0.00184441
0.0982422 0.00184439

0.0982422 0.00184439
0.098291 0.00184437

0.098291 0.00184437
0.0983398 0.00184435

0.0983398 0.00184435
0.0983887 0.00184432

0.0983887 0.00184432
0.0984375 0.0018443

0.0984375 0.0018443
0.0984863 0.00184428

0.0984863 0.00184428
0.0985352 0.00184426

0.0985352 0.00184426
0.098584 0.00184424

0.098584 0.00184424
0.0986328 0.00184422

0.0986328 0.00184422
0.0986816 0.0018442

0.0986816 0.0018442
0.0987305 0.00184417

0.0987305 0.00184417
0.0987793 0.00184415

0.0987793 0.00184415
0.0988281 0.00184413

0.0988281 0.00184413
0.098877 0.00184411

0.098877 0.00184411
0.0989258 0.00184408

0.0989258 0.00184408
0.0989746 0.00184406

0.0989746 0.00184406
0.0990234 0.00184403

0.0990234 0.00184403
0.0990723 0.00184401

0.0990723 0.00184401
0.0991211 0.00184398

0.0991211 0.00184398
0.0991699 0.00184395

0.0991699 0.00184395
0.0992188 0.00184392

0.0992187 0.00184392
0.0992676 0.00184389

0.0992676 0.00184389
0.0993164 0.00184386

0.0993164 0.00184386
0.0993652 0.00184383

0.0993652 0.00184383
0.0994141 0.0018438

0.0994141 0.0018438
0.0994629 0.00184376

0.0994629 0.00184376
0.0995117 0.00184372

0.0995117 0.00184372
0.0995605 0.00184368

0.0995605 0.00184368
0.0996094 0.00184364

0.0996094 0.00184364
0.0996582 0.0018436

0.0996582 0.0018436
0.099707 0.00184356

0.099707 0.00184356
0.0997559 0.00184351

0.0997559 0.00184351
0.0998047 0.00184346

0.0998047 0.00184346
0.0998535 0.00184341

0.0998535 0.00184341
0.0999023 0.00184335

0.0999023 0.00184335
0.0999512 0.0018433

0.0999512 0.0018433
0.1 0.00184324

0.1 0.00184324
0.100049 0.00184317

0.100049 0.00184317
0.100098 0.00184311

0.100098 0.00184311
0.100146 0.00184304

0.100146 0.00184304
0.100195 0.00184297

0.100195 0.00184297
0.100244 0.0018429

0.100244 0.0018429
0.100293 0.00184282

0.100293 0.00184282
0.100342 0.00184274

0.100342 0.00184274
0.100391 0.00184266

0.100391 0.00184266
0.100439 0.00184257

0.100439 0.00184257
0.100488 0.00184248

0.100488 0.00184248
0.100537 0.00184239

0.100537 0.00184239
0.100586 0.00184229

0.100586 0.00184229
0.100635 0.00184219

0.100635 0.00184219
0.100684 0.00184208

0.100684 0.00184208
0.100732 0.00184197

0.100732 0.00184197
0.100781 0.00184186

0.100781 0.00184186
0.10083 0.00184175

0.10083 0.00184175
0.100879 0.00184163

0.100879 0.00184163
0.100928 0.0018415

0.100928 0.0018415
0.100977 0.00184138

0.100977 0.00184138
0.101025 0.00184124

0.101025 0.00184124
0.101074 0.00184111

0.101074 0.00184111
0.101123 0.00184097

0.101123 0.00184097
0.101172 0.00184082

0.101172 0.00184082
0.101221 0.00184068

0.101221 0.00184068
0.10127 0.00184053

0.10127 0.00184053
0.101318 0.00184037

0.101318 0.00184037
0.101367 0.00184021

0.101367 0.00184021
0.101416 0.00184005

0.101416 0.00184005
0.101465 0.00183988

0.101465 0.00183988
0.101514 0.0018397

0.101514 0.0018397
0.101563 0.00183953

0.101562 0.00183953
0.101611 0.00183935

0.101611 0.00183935
0.10166 0.00183916

0.10166 0.00183916
0.101709 0.00183897

0.101709 0.00183897
0.101758 0.00183878

0.101758 0.00183878
0.101807 0.00183858

0.101807 0.00183858
0.101855 0.00183838

0.101855 0.00183838
0.101904 0.00183817

0.101904 0.00183817
0.101953 0.00183796

0.101953 0.00183796
0.102002 0.00183775

0.102002 0.00183775
0.102051 0.00183753

0.102051 0.00183753
0.1021 0.00183731

0.1021 0.00183731
0.102148 0.00183708

0.102148 0.00183708
0.102197 0.00183685

0.102197 0.00183685
0.102246 0.00183662

0.102246 0.00183662
0.102295 0.00183638

0.102295 0.00183638
0.102344 0.00183614

0.102344 0.00183614
0.102393 0.00183589

0.102393 0.00183589
0.102441 0.00183564

0.102441 0.00183564
0.10249 0.00183538

0.10249 0.00183538
0.102539 0.00183513

0.102539 0.00183513
0.102588 0.00183486

0.102588 0.00183486
0.102637 0.0018346

0.102637 0.0018346
0.102686 0.00183433

0.102686 0.00183433
0.102734 0.00183406

0.102734 0.00183406
0.102783 0.00183378

0.102783 0.00183378
0.102832 0.0018335

0.102832 0.0018335
0.102881 0.00183322

0.102881 0.00183322
0.10293 0.00183294

0.10293 0.00183294
0.102979 0.00183265

0.102979 0.00183265
0.103027 0.00183236

0.103027 0.00183236
0.103076 0.00183206

0.103076 0.00183206
0.103125 0.00183176

0.103125 0.00183176
0.103174 0.00183146

0.103174 0.00183146
0.103223 0.00183116

0.103223 0.00183116
0.103271 0.00183086

0.103271 0.00183086
0.10332 0.00183055

0.10332 0.00183055
0.103369 0.00183024

0.103369 0.00183024
0.103418 0.00182993

0.103418 0.00182993
0.103467 0.00182962

0.103467 0.00182962
0.103516 0.0018293

0.103516 0.0018293
0.103564 0.00182898

0.103564 0.00182898
0.103613 0.00182866

0.103613 0.00182866
0.103662 0.00182834

0.103662 0.00182834
0.103711 0.00182802

0.103711 0.00182802
0.10376 0.0018277

0.10376 0.0018277
0.103809 0.00182737

0.103809 0.00182737
0.103857 0.00182705

0.103857 0.00182705
0.103906 0.00182672

0.103906 0.00182672
0.103955 0.0018264

0.103955 0.0018264
0.104004 0.00182607

0.104004 0.00182607
0.104053 0.00182574

0.104053 0.00182574
0.104102 0.00182541

0.104102 0.00182541
0.10415 0.00182508

0.10415 0.00182508
0.104199 0.00182475

0.104199 0.00182475
0.104248 0.00182443

0.104248 0.00182443
0.104297 0.0018241

0.104297 0.0018241
0.104346 0.00182377

0.104346 0.00182377
0.104395 0.00182344

0.104395 0.00182344
0.104443 0.00182311

0.104443 0.00182311
0.104492 0.00182279

0.104492 0.00182279
0.104541 0.00182246

0.104541 0.00182246
0.10459 0.00182214

0.10459 0.00182214
0.104639 0.00182181

0.104639 0.00182181
0.104688 0.00182149

0.104688 0.00182149
0.104736 0.00182117

0.104736 0.00182117
0.104785 0.00182085

0.104785 0.00182085
0.104834 0.00182053

0.104834 0.00182053
0.104883 0.00182021

0.104883 0.00182021
0.104932 0.0018199

0.104932 0.0018199
0.10498 0.00181958

0.10498 0.00181958
0.105029 0.00181927

0.105029 0.00181927
0.105078 0.00181896

0.105078 0.00181896
0.105127 0.00181866

0.105127 0.00181866
0.105176 0.00181835

0.105176 0.00181835
0.105225 0.00181805

0.105225 0.00181805
0.105273 0.00181775

0.105273 0.00181775
0.105322 0.00181745

0.105322 0.00181745
0.105371 0.00181716

0.105371 0.00181716
0.10542 0.00181687

0.10542 0.00181687
0.105469 0.00181658

0.105469 0.00181658
0.105518 0.00181629

0.105518 0.00181629
0.105566 0.001816

0.105566 0.001816
0.105615 0.00181572

0.105615 0.00181572
0.105664 0.00181543

0.105664 0.00181543
0.105713 0.00181515

0.105713 0.00181515
0.105762 0.00181488

0.105762 0.00181488
0.105811 0.0018146

0.105811 0.0018146
0.105859 0.00181433

0.105859 0.00181433
0.105908 0.00181405

0.105908 0.00181405
0.105957 0.00181379

0.105957 0.00181379
0.106006 0.00181352

0.106006 0.00181352
0.106055 0.00181326

0.106055 0.00181326
0.106104 0.00181299

0.106104 0.00181299
0.106152 0.00181273

0.106152 0.00181273
0.106201 0.00181248

0.106201 0.00181248
0.10625 0.00181222

0.10625 0.00181222
0.106299 0.00181197

0.106299 0.00181197
0.106348 0.00181171

0.106348 0.00181171
0.106396 0.00181146

0.106396 0.00181146
0.106445 0.0018112

0.106445 0.0018112
0.106494 0.00181095

0.106494 0.00181095
0.106543 0.00181071

0.106543 0.00181071
0.106592 0.00181046

0.106592 0.00181046
0.106641 0.00181022

0.106641 0.00181022
0.106689 0.00180999

0.106689 0.00180999
0.106738 0.00180975

0.106738 0.00180975
0.106787 0.00180951

0.106787 0.00180951
0.106836 0.00180927

0.106836 0.00180927
0.106885 0.00180903

0.106885 0.00180903
0.106934 0.00180878

0.106934 0.00180878
0.106982 0.00180854

0.106982 0.00180854
0.107031 0.0018083

0.107031 0.0018083
0.10708 0.00180805

0.10708 0.00180805
0.107129 0.00180778

0.107129 0.00180777
0.107178 0.0018075

0.107178 0.00180748
0.107227 0.00180727

0.107227 0.00180731
0.107275 0.00180713

0.107275 0.00180708
0.107324 0.00180695

0.107324 0.00180717
0.107373 0.00180677

0.107373 0.00180646
0.107422 0.001806

0.107422 0.00180613
0.107471 0.00180593

0.107471 0.00180594
0.10752 0.00180573

0.10752 0.00180572
0.107568 0.00180549

0.107568 0.00180548
0.107617 0.00180526

0.107617 0.00180526
0.107666 0.00180504

0.107666 0.00180504
0.107715 0.00180482

0.107715 0.00180482
0.107764 0.00180458

0.107764 0.00180457
0.107813 0.00180431

0.107813 0.0018043
0.107861 0.00180402

0.107861 0.00180402
0.10791 0.00180373

0.10791 0.00180373
0.107959 0.00180345

0.107959 0.00180344
0.108008 0.00180317

0.108008 0.00180317
0.108057 0.00180292

0.108057 0.00180293
0.108105 0.00180269

0.108105 0.00180269
0.108154 0.00180245

0.108154 0.00180245
0.108203 0.00180219

0.108203 0.00180219
0.108252 0.00180191

0.108252 0.0018019
0.108301 0.00180159

0.108301 0.00180159
0.10835 0.00180126

0.10835 0.00180126
0.108398 0.00180094

0.108398 0.00180093
0.108447 0.00180062

0.108447 0.00180062
0.108496 0.00180032

0.108496 0.00180032
0.108545 0.00180002

0.108545 0.00180003
0.108594 0.00179973

0.108594 0.00179973
0.108643 0.00179942

0.108643 0.00179942
0.108691 0.00179911

0.108691 0.00179911
0.10874 0.00179878

0.10874 0.00179878
0.108789 0.00179846

0.108789 0.00179846
0.108838 0.00179812

0.108838 0.00179812
0.108887 0.00179778

0.108887 0.00179779
0.108936 0.00179744

0.108936 0.00179744
0.108984 0.00179709

0.108984 0.00179709
0.109033 0.00179674

0.109033 0.00179674
0.109082 0.00179637

0.109082 0.00179637
0.109131 0.001796

0.109131 0.001796
0.10918 0.00179562

0.10918 0.00179562
0.109229 0.00179524

0.109229 0.00179524
0.109277 0.00179486

0.109277 0.00179486
0.109326 0.00179447

0.109326 0.00179447
0.109375 0.00179408

0.109375 0.00179408
0.109424 0.00179368

0.109424 0.00179368
0.109473 0.00179328

0.109473 0.00179328
0.109521 0.00179286

0.109521 0.00179286
0.10957 0.00179244

0.10957 0.00179244
0.109619 0.00179202

0.109619 0.00179202
0.109668 0.00179159

0.109668 0.00179159
0.109717 0.00179116

0.109717 0.00179116
0.109766 0.00179071

0.109766 0.00179071
0.109814 0.00179027

0.109814 0.00179027
0.109863 0.00178981

0.109863 0.00178981
0.109912 0.00178935

0.109912 0.00178935
0.109961 0.00178889

0.109961 0.00178889
0.11001 0.00178841

0.11001 0.00178841
0.110059 0.00178794

0.110059 0.00178794
0.110107 0.00178745

0.110107 0.00178745
0.110156 0.00178696

0.110156 0.00178696
0.110205 0.00178647

0.110205 0.00178647
0.110254 0.00178597

0.110254 0.00178596
0.110303 0.00178546

0.110303 0.00178546
0.110352 0.00178495

0.110352 0.00178495
0.1104 0.00178443

0.1104 0.00178443
0.110449 0.00178391

0.110449 0.00178391
0.110498 0.00178339

0.110498 0.00178339
0.110547 0.00178286

0.110547 0.00178286
0.110596 0.00178232

0.110596 0.00178232
0.110645 0.00178178

0.110645 0.00178178
0.110693 0.00178124

0.110693 0.00178124
0.110742 0.00178069

0.110742 0.00178069
0.110791 0.00178014

0.110791 0.00178014
0.11084 0.00177959

0.11084 0.00177959
0.110889 0.00177903

0.110889 0.00177903
0.110938 0.00177847

0.110937 0.00177847
0.110986 0.00177791

0.110986 0.00177791
0.111035 0.00177734

0.111035 0.00177734
0.111084 0.00177678

0.111084 0.00177678
0.111133 0.00177621

0.111133 0.00177621
0.111182 0.00177564

0.111182 0.00177564
0.11123 0.00177507

0.11123 0.00177507
0.111279 0.0017745

0.111279 0.0017745
0.111328 0.00177393

0.111328 0.00177393
0.111377 0.00177335

0.111377 0.00177335
0.111426 0.00177278

0.111426 0.00177278
0.111475 0.00177221

0.111475 0.00177221
0.111523 0.00177163

0.111523 0.00177163
0.111572 0.00177106

0.111572 0.00177106
0.111621 0.0017705

0.111621 0.0017705
0.11167 0.00176993

0.11167 0.00176993
0.111719 0.00176937

0.111719 0.00176937
0.111768 0.00176881

0.111768 0.00176881
0.111816 0.00176826

0.111816 0.00176826
0.111865 0.00176771

0.111865 0.00176771
0.111914 0.00176716

0.111914 0.00176716
0.111963 0.00176662

0.111963 0.00176662
0.112012 0.00176608

0.112012 0.00176608
0.112061 0.00176555

0.112061 0.00176555
0.112109 0.00176503

0.112109 0.00176503
0.112158 0.00176451

0.112158 0.00176451
0.112207 0.00176401

0.112207 0.00176401
0.112256 0.00176351

0.112256 0.0017635
0.112305 0.00176301

0.112305 0.00176301
0.112354 0.00176253

0.112354 0.00176253
0.112402 0.00176205

0.112402 0.00176204
0.112451 0.00176158

0.112451 0.00176158
0.1125 0.00176113

0.1125 0.00176112
0.112549 0.0017607

0.112549 0.00176071
0.112598 0.00176031

0.112598 0.0017603
0.112646 0.00175991

0.112646 0.00175991
0.112695 0.00175954

0.112695 0.00175954
0.112744 0.00175918

0.112744 0.00175917
0.112793 0.00175883

0.112793 0.00175881
0.112842 0.00175853

0.112842 0.00175851
0.112891 0.00175839

0.112891 0.00175852
0.112939 0.00175835

0.112939 0.00175832
0.112988 0.00175791

0.113037 0.00175723
0.112995 0.00175781

0.112988 0.00175808
0.113007 0.00175781

0.113037 0.00175705
0.113086 0.00175647

0.113086 0.00175655
0.113135 0.00175635

0.113135 0.00175639
0.113184 0.00175631

0.113184 0.00175635
0.113232 0.00175626

0.113232 0.00175626
0.113281 0.00175607

0.113281 0.00175605
0.11333 0.00175582

0.11333 0.0017558
0.113379 0.00175559

0.113379 0.00175559
0.113428 0.00175545

0.113428 0.00175545
0.113477 0.00175536

0.113477 0.00175536
0.113525 0.00175534

0.113525 0.00175535
0.113574 0.00175538

0.113574 0.00175538
0.113623 0.00175545

0.113623 0.00175545
0.113672 0.00175552

0.113672 0.00175552
0.113721 0.0017556

0.113721 0.0017556
0.11377 0.00175569

0.11377 0.00175569
0.113818 0.00175582

0.113818 0.00175581
0.113867 0.001756

0.113867 0.00175601
0.113916 0.00175625

0.113916 0.00175626
0.113965 0.00175652

0.113965 0.00175653
0.114014 0.00175679

0.114014 0.00175679
0.114063 0.00175703

0.114062 0.00175699
0.114111 0.00175728

0.114111 0.00175728
0.11416 0.0017577

0.11416 0.00175774
0.114168 0.00175781

0.114168 0.00175781
0.114209 0.00175821

0.114209 0.00175822
0.114258 0.00175867

0.114258 0.00175867
0.114307 0.00175909

0.114307 0.00175908
0.114355 0.00175951

0.114355 0.00175951
0.114404 0.00176

0.114404 0.00176
0.114453 0.00176057

0.114453 0.00176057
0.114502 0.0017612

0.114502 0.0017612
0.114551 0.00176187

0.114551 0.00176187
0.1146 0.00176257

0.1146 0.00176257
0.114648 0.00176332

0.114648 0.00176332
0.114697 0.00176411

0.114697 0.00176411
0.114746 0.00176494

0.114746 0.00176494
0.114795 0.00176581

0.114795 0.00176581
0.114844 0.00176673

0.114844 0.00176673
0.114893 0.00176769

0.114893 0.00176769
0.114941 0.0017687

0.114941 0.0017687
0.11499 0.00176976

0.11499 0.00176976
0.115039 0.00177086

0.115039 0.00177086
0.115088 0.00177201

0.115088 0.00177201
0.115137 0.0017732

0.115137 0.0017732
0.115186 0.00177445

0.115186 0.00177445
0.115234 0.00177574

0.115234 0.00177574
0.115283 0.00177707

0.115283 0.00177707
0.115332 0.00177846

0.115332 0.00177846
0.115381 0.00177989

0.115381 0.00177989
0.11543 0.00178136

0.11543 0.00178136
0.115479 0.0017829

0.115479 0.0017829
0.115527 0.00178449

0.115527 0.00178449
0.115576 0.00178612

0.115576 0.00178612
0.115625 0.0017878

0.115625 0.0017878
0.115674 0.00178952

0.115674 0.00178952
0.115723 0.00179129

0.115723 0.00179129
0.115771 0.00179311

0.115771 0.00179311
0.11582 0.00179497

0.11582 0.00179497
0.115869 0.00179687

0.115869 0.00179687
0.115918 0.00179882

0.115918 0.00179881
0.115967 0.0018008

0.115967 0.0018008
0.116016 0.00180284

0.116016 0.00180285
0.116064 0.00180494

0.116064 0.00180493
0.116104 0.00180664

0.116104 0.00180664
0.116113 0.00180706

0.116113 0.00180707
0.116162 0.00180923

0.116162 0.00180923
0.116211 0.00181143

0.116211 0.00181143
0.11626 0.00181366

0.11626 0.00181366
0.116309 0.00181593

0.116309 0.00181593
0.116357 0.00181824

0.116357 0.00181824
0.116406 0.00182058

0.116406 0.00182058
0.116455 0.00182295

0.116455 0.00182295
0.116504 0.00182535

0.116504 0.00182535
0.116553 0.00182778

0.116553 0.00182778
0.116602 0.00183023

0.116602 0.00183023
0.11665 0.00183272

0.11665 0.00183272
0.116699 0.00183525

0.116699 0.00183525
0.116748 0.0018378

0.116748 0.0018378
0.116797 0.00184037

0.116797 0.00184037
0.116846 0.00184297

0.116846 0.00184297
0.116895 0.00184559

0.116895 0.00184558
0.116943 0.00184823

0.116943 0.00184823
0.116992 0.0018509

0.116992 0.00185091
0.117041 0.00185362

0.117041 0.00185361
0.117074 0.00185547

0.117074 0.00185547
0.11709 0.00185638

0.11709 0.00185638
0.117139 0.00185914

0.117139 0.00185913
0.117188 0.00186186

0.117188 0.00186185
0.117236 0.00186457

0.117236 0.00186457
0.117285 0.00186728

0.117285 0.00186728
0.117334 0.00187

0.117334 0.00187001
0.117383 0.00187273

0.117383 0.00187273
0.117432 0.00187545

0.117432 0.00187545
0.11748 0.00187817

0.11748 0.00187816
0.117529 0.00188089

0.117529 0.0018809
0.117578 0.00188363

0.117578 0.00188364
0.117627 0.00188637

0.117627 0.00188637
0.117676 0.00188908

0.117676 0.00188908
0.117725 0.00189179

0.117725 0.00189179
0.117773 0.00189447

0.117773 0.00189447
0.117822 0.00189714

0.117822 0.00189714
0.117871 0.0018998

0.117871 0.0018998
0.11792 0.00190243

0.11792 0.00190243
0.117955 0.0019043

0.117955 0.0019043
0.117969 0.001905

0.117969 0.001905
0.118018 0.00190757

0.118018 0.00190756
0.118066 0.00191012

0.118066 0.00191012
0.118115 0.00191266

0.118115 0.00191266
0.118164 0.00191518

0.118164 0.00191518
0.118213 0.00191766

0.118213 0.00191766
0.118262 0.00192012

0.118262 0.00192012
0.118311 0.00192254

0.118311 0.00192254
0.118359 0.00192491

0.118359 0.00192492
0.118408 0.00192725

0.118408 0.00192725
0.118457 0.00192954

0.118457 0.00192954
0.118506 0.00193179

0.118506 0.0019318
0.118555 0.001934

0.118555 0.001934
0.118604 0.00193615

0.118604 0.00193615
0.118652 0.00193825

0.118652 0.00193825
0.118701 0.0019403

0.118701 0.0019403
0.11875 0.0019423

0.11875 0.00194231
0.118799 0.00194425

0.118799 0.00194425
0.118848 0.00194614

0.118848 0.00194614
0.118896 0.00194797

0.118896 0.00194797
0.118945 0.00194975

0.118945 0.00194976
0.118994 0.00195148

0.118994 0.00195148
0.119043 0.00195312

0.119043 0.00195313
0.119092 0.00195475

0.119092 0.00195476
0.119141 0.00195632

0.119141 0.00195632
0.119189 0.00195781

0.119189 0.00195781
0.119238 0.00195923

0.119238 0.00195923
0.119287 0.00196057

0.119287 0.00196057
0.119336 0.00196185

0.119336 0.00196185
0.119385 0.00196307

0.119385 0.00196307
0.119434 0.00196422

0.119434 0.00196422
0.119482 0.0019653

0.119482 0.0019653
0.119531 0.00196632

0.119531 0.00196632
0.11958 0.00196727

0.11958 0.00196727
0.119629 0.00196816

0.119629 0.00196816
0.119678 0.00196898

0.119678 0.00196898
0.119727 0.00196974

0.119727 0.00196974
0.119775 0.00197044

0.119775 0.00197044
0.119824 0.00197106

0.119824 0.00197106
0.119873 0.00197163

0.119873 0.00197163
0.119922 0.00197212

0.119922 0.00197212
0.119971 0.00197256

0.119971 0.00197256
0.12002 0.00197293

0.12002 0.00197293
0.120068 0.00197324

0.120068 0.00197324
0.120117 0.00197348

0.120117 0.00197348
0.120166 0.00197367

0.120166 0.00197367
0.120215 0.00197379

0.120215 0.00197379
0.120264 0.00197385

0.120264 0.00197385
0.120313 0.00197386

0.120313 0.00197386
0.120361 0.00197381

0.120361 0.00197381
0.12041 0.0019737

0.12041 0.0019737
0.120459 0.00197354

0.120459 0.00197354
0.120508 0.00197333

0.120508 0.00197333
0.120557 0.00197306

0.120557 0.00197306
0.120605 0.00197274

0.120605 0.00197274
0.120654 0.00197237

0.120654 0.00197237
0.120703 0.00197195

0.120703 0.00197195
0.120752 0.00197149

0.120752 0.00197149
0.120801 0.00197098

0.120801 0.00197098
0.12085 0.00197042

0.12085 0.00197042
0.120898 0.00196982

0.120898 0.00196982
0.120947 0.00196918

0.120947 0.00196918
0.120996 0.00196849

0.120996 0.00196849
0.121045 0.00196777

0.121045 0.00196777
0.121094 0.001967

0.121094 0.001967
0.121143 0.00196619

0.121143 0.00196619
0.121191 0.00196535

0.121191 0.00196535
0.12124 0.00196446

0.12124 0.00196446
0.121289 0.00196355

0.121289 0.00196355
0.121338 0.0019626

0.121338 0.0019626
0.121387 0.00196161

0.121387 0.00196161
0.121436 0.0019606

0.121436 0.0019606
0.121484 0.00195957

0.121484 0.00195957
0.121533 0.00195852

0.121533 0.00195853
0.121582 0.00195746

0.121582 0.00195746
0.121631 0.00195635

0.121631 0.00195635
0.12168 0.00195519

0.12168 0.00195519
0.121729 0.00195402

0.121777 0.00195286
0.121766 0.00195312

0.121729 0.00195401
0.121766 0.00195312

0.121777 0.00195286
0.121826 0.00195167

0.121826 0.00195167
0.121875 0.00195046

0.121875 0.00195046
0.121924 0.00194923

0.121924 0.00194923
0.121973 0.00194798

0.121973 0.00194798
0.122021 0.00194672

0.122021 0.00194672
0.12207 0.00194545

0.12207 0.00194545
0.122119 0.00194415

0.122119 0.00194415
0.122168 0.00194285

0.122168 0.00194285
0.122217 0.00194153

0.122217 0.00194152
0.122266 0.00194019

0.122266 0.00194019
0.122314 0.00193885

0.122314 0.00193885
0.122363 0.00193749

0.122363 0.00193749
0.122412 0.00193612

0.122412 0.00193612
0.122461 0.00193475

0.122461 0.00193475
0.12251 0.00193337

0.12251 0.00193337
0.122559 0.00193197

0.122559 0.00193197
0.122607 0.00193057

0.122607 0.00193057
0.122656 0.00192916

0.122656 0.00192916
0.122705 0.00192775

0.122705 0.00192775
0.122754 0.00192635

0.122754 0.00192635
0.122803 0.00192493

0.122803 0.00192493
0.122852 0.0019235

0.122852 0.0019235
0.1229 0.00192207

0.1229 0.00192207
0.122949 0.00192064

0.122949 0.00192064
0.122998 0.0019192

0.122998 0.0019192
0.123047 0.00191776

0.123047 0.00191776
0.123096 0.00191632

0.123096 0.00191632
0.123145 0.00191488

0.123145 0.00191488
0.123193 0.00191344

0.123193 0.00191344
0.123242 0.00191199

0.123242 0.001912
0.123291 0.00191055

0.123291 0.00191055
0.12334 0.0019091

0.12334 0.00190909
0.123389 0.00190765

0.123389 0.00190765
0.123438 0.00190621

0.123438 0.00190621
0.123486 0.0019048

0.123535 0.0019034
0.123504 0.0019043

0.123486 0.0019048
0.123504 0.0019043

0.123535 0.0019034
0.123584 0.00190199

0.123584 0.00190199
0.123633 0.00190059

0.123633 0.00190058
0.123682 0.00189918

0.123682 0.00189918
0.12373 0.00189778

0.12373 0.00189778
0.123779 0.00189638

0.123779 0.00189638
0.123828 0.00189498

0.123828 0.00189498
0.123877 0.00189359

0.123877 0.00189359
0.123926 0.00189221

0.123926 0.00189221
0.123975 0.00189083

0.123975 0.00189083
0.124023 0.00188945

0.124023 0.00188945
0.124072 0.00188809

0.124072 0.00188809
0.124121 0.00188673

0.124121 0.00188673
0.12417 0.00188539

0.12417 0.00188539
0.124219 0.00188405

0.124219 0.00188405
0.124268 0.00188272

0.124268 0.00188272
0.124316 0.0018814

0.124316 0.0018814
0.124365 0.00188009

0.124365 0.00188009
0.124414 0.00187879

0.124414 0.00187879
0.124463 0.0018775

0.124463 0.0018775
0.124512 0.00187622

0.124512 0.00187622
0.124561 0.00187494

0.124561 0.00187494
0.124609 0.00187368

0.124609 0.00187368
0.124658 0.00187242

0.124658 0.00187242
0.124707 0.00187118

0.124707 0.00187118
0.124756 0.00186995

0.124756 0.00186995
0.124805 0.00186873

0.124805 0.00186873
0.124854 0.00186752

0.124854 0.00186752
0.124902 0.00186633

0.124902 0.00186633
0.124951 0.00186515

0.124951 0.00186515
0.125 0.00186398

0.125 0.00186398
0.125049 0.00186283

0.125049 0.00186283
0.125098 0.00186169

0.125098 0.00186169
0.125146 0.00186057

0.125146 0.00186057
0.125195 0.00185945

0.125195 0.00185945
0.125244 0.00185836

0.125244 0.00185835
0.125293 0.00185729

0.125293 0.0018573
0.125342 0.00185625

0.125391 0.00185519
0.125378 0.00185547

0.125342 0.00185626
0.125378 0.00185547

0.125391 0.00185519
0.125439 0.00185414

0.125439 0.00185414
0.125488 0.00185312

0.125488 0.00185312
0.125537 0.00185211

0.125537 0.00185211
0.125586 0.00185111

0.125586 0.00185111
0.125635 0.00185013

0.125635 0.00185013
0.125684 0.00184917

0.125684 0.00184917
0.125732 0.00184823

0.125732 0.00184823
0.125781 0.00184731

0.125781 0.00184731
0.12583 0.0018464

0.12583 0.0018464
0.125879 0.00184552

0.125879 0.00184552
0.125928 0.00184466

0.125928 0.00184466
0.125977 0.00184382

0.125977 0.00184382
0.126025 0.001843

0.126025 0.001843
0.126074 0.0018422

0.126074 0.0018422
0.126123 0.00184143

0.126123 0.00184143
0.126172 0.00184068

0.126172 0.00184068
0.126221 0.00183995

0.126221 0.00183995
0.12627 0.00183924

0.12627 0.00183924
0.126318 0.00183856

0.126318 0.00183856
0.126367 0.0018379

0.126367 0.0018379
0.126416 0.00183726

0.126416 0.00183726
0.126465 0.00183665

0.126465 0.00183665
0.126514 0.00183606

0.126514 0.00183606
0.126563 0.00183549

0.126562 0.00183549
0.126611 0.00183495

0.126611 0.00183495
0.12666 0.00183444

0.12666 0.00183444
0.126709 0.00183395

0.126709 0.00183395
0.126758 0.00183348

0.126758 0.00183348
0.126807 0.00183304

0.126807 0.00183304
0.126855 0.00183263

0.126855 0.00183263
0.126904 0.00183224

0.126904 0.00183224
0.126953 0.00183188

0.126953 0.00183188
0.127002 0.00183154

0.127002 0.00183154
0.127051 0.00183123

0.127051 0.00183123
0.1271 0.00183095

0.1271 0.00183095
0.127148 0.00183069

0.127148 0.00183069
0.127197 0.00183046

0.127197 0.00183046
0.127246 0.00183026

0.127246 0.00183026
0.127295 0.00183008

0.127295 0.00183008
0.127344 0.00182993

0.127344 0.00182993
0.127393 0.00182981

0.127393 0.00182981
0.127441 0.00182972

0.127441 0.00182972
0.12749 0.00182965

0.12749 0.00182965
0.127539 0.00182961

0.127539 0.00182961
0.127588 0.0018296

0.127588 0.0018296
0.127637 0.00182961

0.127637 0.00182961
0.127686 0.00182966

0.127686 0.00182966
0.127734 0.00182973

0.127734 0.00182973
0.127783 0.00182983

0.127783 0.00182983
0.127832 0.00182995

0.127832 0.00182995
0.127881 0.0018301

0.127881 0.0018301
0.12793 0.00183028

0.12793 0.00183028
0.127979 0.00183049

0.127979 0.00183049
0.128027 0.00183072

0.128027 0.00183072
0.128076 0.00183097

0.128076 0.00183097
0.128125 0.00183126

0.128125 0.00183126
0.128174 0.00183157

0.128174 0.00183157
0.128223 0.00183191

0.128223 0.00183191
0.128271 0.00183227

0.128271 0.00183227
0.12832 0.00183265

0.12832 0.00183265
0.128369 0.00183306

0.128369 0.00183306
0.128418 0.0018335

0.128418 0.0018335
0.128467 0.00183395

0.128467 0.00183395
0.128516 0.00183443

0.128516 0.00183443
0.128564 0.00183494

0.128564 0.00183494
0.128613 0.00183546

0.128613 0.00183546
0.128662 0.00183601

0.128662 0.00183601
0.128711 0.00183658

0.128711 0.00183658
0.12876 0.00183717

0.12876 0.00183717
0.128809 0.00183778

0.128809 0.00183778
0.128857 0.00183841

0.128857 0.00183841
0.128906 0.00183905

0.128906 0.00183905
0.128955 0.00183972

0.128955 0.00183972
0.129004 0.00184041

0.129004 0.00184041
0.129053 0.00184111

0.129053 0.00184111
0.129102 0.00184183

0.129102 0.00184183
0.12915 0.00184257

0.12915 0.00184257
0.129199 0.00184332

0.129199 0.00184332
0.129248 0.00184409

0.129248 0.00184409
0.129297 0.00184486

0.129297 0.00184486
0.129346 0.00184566

0.129346 0.00184566
0.129395 0.00184646

0.129395 0.00184646
0.129443 0.00184727

0.129443 0.00184727
0.129492 0.0018481

0.129492 0.0018481
0.129541 0.00184893

0.129541 0.00184893
0.12959 0.00184977

0.12959 0.00184977
0.129639 0.00185062

0.129639 0.00185062
0.129688 0.00185146

0.129688 0.00185146
0.129736 0.00185232

0.129736 0.00185231
0.129785 0.00185317

0.129785 0.00185317
0.129834 0.00185404

0.129834 0.00185404
0.129883 0.00185489

0.129883 0.00185489
0.129916 0.00185547

0.129916 0.00185547
0.129932 0.00185575

0.129932 0.00185576
0.12998 0.00185663

0.12998 0.00185663
0.130029 0.0018575

0.130029 0.0018575
0.130078 0.00185835

0.130078 0.00185835
0.130127 0.0018592

0.130127 0.0018592
0.130176 0.00186004

0.130176 0.00186004
0.130225 0.00186087

0.130225 0.00186087
0.130273 0.00186169

0.130273 0.00186169
0.130322 0.0018625

0.130322 0.0018625
0.130371 0.0018633

0.130371 0.0018633
0.13042 0.0018641

0.13042 0.0018641
0.130469 0.00186487

0.130469 0.00186488
0.130518 0.00186564

0.130518 0.00186564
0.130566 0.0018664

0.130566 0.0018664
0.130615 0.00186713

0.130615 0.00186713
0.130664 0.00186786

0.130664 0.00186786
0.130713 0.00186857

0.130713 0.00186857
0.130762 0.00186926

0.130762 0.00186926
0.130811 0.00186993

0.130811 0.00186993
0.130859 0.00187058

0.130859 0.00187058
0.130908 0.00187122

0.130908 0.00187122
0.130957 0.00187183

0.130957 0.00187183
0.131006 0.00187243

0.131006 0.00187243
0.131055 0.001873

0.131055 0.001873
0.131104 0.00187355

0.131104 0.00187355
0.131152 0.00187408

0.131152 0.00187408
0.131201 0.00187459

0.131201 0.00187459
0.13125 0.00187507

0.13125 0.00187507
0.131299 0.00187553

0.131299 0.00187553
0.131348 0.00187596

0.131348 0.00187596
0.131396 0.00187637

0.131396 0.00187637
0.131445 0.00187676

0.131445 0.00187676
0.131494 0.00187712

0.131494 0.00187712
0.131543 0.00187745

0.131543 0.00187745
0.131592 0.00187775

0.131592 0.00187775
0.131641 0.00187803

0.131641 0.00187803
0.131689 0.00187829

0.131689 0.00187829
0.131738 0.00187851

0.131738 0.00187851
0.131787 0.00187872

0.131787 0.00187872
0.131836 0.00187889

0.131836 0.00187889
0.131885 0.00187904

0.131885 0.00187904
0.131934 0.00187916

0.131934 0.00187916
0.131982 0.00187925

0.131982 0.00187925
0.132031 0.00187932

0.132031 0.00187932
0.13208 0.00187936

0.13208 0.00187936
0.132129 0.00187937

0.132129 0.00187937
0.132178 0.00187936

0.132178 0.00187936
0.132227 0.00187933

0.132227 0.00187933
0.132275 0.00187927

0.132275 0.00187927
0.132324 0.00187918

0.132324 0.00187918
0.132373 0.00187907

0.132373 0.00187907
0.132422 0.00187893

0.132422 0.00187893
0.132471 0.00187877

0.132471 0.00187877
0.13252 0.00187859

0.13252 0.00187859
0.132568 0.00187838

0.132568 0.00187838
0.132617 0.00187815

0.132617 0.00187815
0.132666 0.0018779

0.132666 0.0018779
0.132715 0.00187763

0.132715 0.00187763
0.132764 0.00187734

0.132764 0.00187734
0.132812 0.00187702

0.132812 0.00187702
0.132861 0.00187669

0.132861 0.00187669
0.13291 0.00187634

0.13291 0.00187634
0.132959 0.00187597

0.132959 0.00187597
0.133008 0.00187558

0.133008 0.00187558
0.133057 0.00187517

0.133057 0.00187517
0.133105 0.00187474

0.133105 0.00187474
0.133154 0.0018743

0.133154 0.0018743
0.133203 0.00187384

0.133203 0.00187384
0.133252 0.00187337

0.133252 0.00187337
0.133301 0.00187289

0.133301 0.00187288
0.13335 0.00187239

0.13335 0.00187239
0.133398 0.00187187

0.133398 0.00187187
0.133447 0.00187135

0.133447 0.00187135
0.133496 0.00187081

0.133496 0.00187081
0.133545 0.00187027

0.133545 0.00187027
0.133594 0.00186971

0.133594 0.00186971
0.133643 0.00186915

0.133643 0.00186915
0.133691 0.00186858

0.133691 0.00186858
0.13374 0.001868

0.13374 0.001868
0.133789 0.00186742

0.133789 0.00186742
0.133838 0.00186683

0.133838 0.00186683
0.133887 0.00186623

0.133887 0.00186623
0.133936 0.00186563

0.133936 0.00186563
0.133984 0.00186503

0.133984 0.00186503
0.134033 0.00186442

0.134033 0.00186442
0.134082 0.00186382

0.134082 0.00186382
0.134131 0.00186321

0.134131 0.00186321
0.13418 0.0018626

0.13418 0.0018626
0.134229 0.00186199

0.134229 0.00186199
0.134277 0.00186139

0.134277 0.00186139
0.134326 0.00186079

0.134326 0.00186079
0.134375 0.00186019

0.134375 0.00186019
0.134424 0.00185959

0.134424 0.00185959
0.134473 0.00185899

0.134473 0.00185899
0.134521 0.0018584

0.134521 0.00185839
0.13457 0.00185781

0.13457 0.00185781
0.134619 0.00185726

0.134619 0.00185726
0.134668 0.00185675

0.134668 0.00185676
0.134717 0.00185625

0.134717 0.0018563
0.134766 0.00185569

0.134814 0.00185498
0.134773 0.00185547

0.134766 0.00185556
0.134773 0.00185547

0.134814 0.00185507
0.134863 0.00185458

0.134863 0.00185455
0.134912 0.00185402

0.134912 0.00185402
0.134961 0.0018535

0.134961 0.0018535
0.13501 0.001853

0.13501 0.001853
0.135059 0.00185251

0.135059 0.00185251
0.135107 0.00185204

0.135107 0.00185204
0.135156 0.00185158

0.135156 0.00185158
0.135205 0.00185113

0.135205 0.00185113
0.135254 0.0018507

0.135254 0.0018507
0.135303 0.00185028

0.135303 0.00185028
0.135352 0.00184988

0.135352 0.00184988
0.1354 0.00184949

0.1354 0.00184949
0.135449 0.00184912

0.135449 0.00184912
0.135498 0.00184876

0.135498 0.00184876
0.135547 0.00184842

0.135547 0.00184842
0.135596 0.0018481

0.135596 0.0018481
0.135645 0.0018478

0.135645 0.0018478
0.135693 0.00184751

0.135693 0.00184751
0.135742 0.00184723

0.135742 0.00184723
0.135791 0.00184698

0.135791 0.00184698
0.13584 0.00184674

0.13584 0.00184674
0.135889 0.00184652

0.135889 0.00184652
0.135938 0.00184631

0.135937 0.00184631
0.135986 0.00184613

0.135986 0.00184613
0.136035 0.00184596

0.136035 0.00184596
0.136084 0.0018458

0.136084 0.0018458
0.136133 0.00184566

0.136133 0.00184566
0.136182 0.00184554

0.136182 0.00184554
0.13623 0.00184544

0.13623 0.00184544
0.136279 0.00184536

0.136279 0.00184536
0.136328 0.00184529

0.136328 0.00184529
0.136377 0.00184523

0.136377 0.00184523
0.136426 0.0018452

0.136426 0.0018452
0.136475 0.00184518

0.136475 0.00184518
0.136523 0.00184517

0.136523 0.00184517
0.136572 0.00184518

0.136572 0.00184518
0.136621 0.0018452

0.136621 0.0018452
0.13667 0.00184524

0.13667 0.00184524
0.136719 0.00184529

0.136719 0.00184529
0.136768 0.00184536

0.136768 0.00184536
0.136816 0.00184544

0.136816 0.00184544
0.136865 0.00184553

0.136865 0.00184553
0.136914 0.00184563

0.136914 0.00184563
0.136963 0.00184575

0.136963 0.00184575
0.137012 0.00184588

0.137012 0.00184588
0.137061 0.00184603

0.137061 0.00184603
0.137109 0.00184618

0.137109 0.00184618
0.137158 0.00184635

0.137158 0.00184635
0.137207 0.00184653

0.137207 0.00184653
0.137256 0.00184672

0.137256 0.00184672
0.137305 0.00184692

0.137305 0.00184692
0.137354 0.00184713

0.137354 0.00184713
0.137402 0.00184734

0.137402 0.00184734
0.137451 0.00184757

0.137451 0.00184757
0.1375 0.0018478

0.1375 0.0018478
0.137549 0.00184805

0.137549 0.00184805
0.137598 0.00184829

0.137598 0.00184829
0.137646 0.00184855

0.137646 0.00184855
0.137695 0.00184881

0.137695 0.00184881
0.137744 0.00184907

0.137744 0.00184907
0.137793 0.00184934

0.137793 0.00184934
0.137842 0.00184961

0.137842 0.00184961
0.137891 0.00184989

0.137891 0.00184989
0.137939 0.00185017

0.137939 0.00185017
0.137988 0.00185046

0.137988 0.00185046
0.138037 0.00185074

0.138037 0.00185074
0.138086 0.00185103

0.138086 0.00185103
0.138135 0.00185132

0.138135 0.00185132
0.138184 0.0018516

0.138184 0.0018516
0.138232 0.00185189

0.138232 0.00185189
0.138281 0.00185217

0.138281 0.00185217
0.13833 0.00185245

0.13833 0.00185245
0.138379 0.00185273

0.138379 0.00185273
0.138428 0.00185301

0.138428 0.001853
0.138477 0.00185328

0.138477 0.00185328
0.138525 0.00185356

0.138525 0.00185359
0.138574 0.00185382

0.138574 0.00185371
0.138623 0.00185403

0.138623 0.0018542
0.138672 0.00185448

0.138672 0.00185442
0.138721 0.00185444

0.138721 0.00185413
0.13877 0.00185459

0.13877 0.00185519
0.138813 0.00185547

0.138818 0.00185495
0.138867 0.00185499

0.138867 0.00185525
0.138896 0.00185547

0.138902 0.00185547
0.138916 0.00185557

0.138916 0.00185557
0.138965 0.00185581

0.138965 0.0018558
0.139014 0.00185602

0.139014 0.00185601
0.139063 0.00185622

0.139063 0.00185622
0.139111 0.00185642

0.139111 0.00185643
0.13916 0.00185662

0.13916 0.00185662
0.139209 0.00185679

0.139209 0.00185679
0.139258 0.00185696

0.139258 0.00185696
0.139307 0.00185711

0.139307 0.00185711
0.139355 0.00185725

0.139355 0.00185725
0.139404 0.00185738

0.139404 0.00185738
0.139453 0.0018575

0.139453 0.0018575
0.139502 0.0018576

0.139502 0.0018576
0.139551 0.00185769

0.139551 0.00185769
0.1396 0.00185778

0.1396 0.00185778
0.139648 0.00185785

0.139648 0.00185785
0.139697 0.00185791

0.139697 0.00185791
0.139746 0.00185795

0.139746 0.00185795
0.139795 0.00185799

0.139795 0.00185799
0.139844 0.00185801

0.139844 0.00185801
0.139893 0.00185802

0.139893 0.00185802
0.139941 0.00185802

0.139941 0.00185802
0.13999 0.00185801

0.13999 0.00185801
0.140039 0.00185799

0.140039 0.00185799
0.140088 0.00185796

0.140088 0.00185796
0.140137 0.00185791

0.140137 0.00185791
0.140186 0.00185786

0.140186 0.00185786
0.140234 0.00185779

0.140234 0.00185779
0.140283 0.00185771

0.140283 0.00185771
0.140332 0.00185762

0.140332 0.00185762
0.140381 0.00185752

0.140381 0.00185753
0.14043 0.00185742

0.14043 0.00185742
0.140479 0.00185731

0.140479 0.00185731
0.140527 0.00185719

0.140527 0.00185718
0.140576 0.00185705

0.140576 0.00185705
0.140625 0.00185692

0.140625 0.00185691
0.140674 0.00185678

0.140674 0.00185678
0.140723 0.00185664

0.140723 0.00185664
0.140771 0.00185649

0.140771 0.0018565
0.14082 0.00185634

0.14082 0.00185633
0.140869 0.0018562

0.140869 0.00185622
0.140918 0.0018561

0.140918 0.00185622
0.140967 0.00185584

0.141016 0.00185511
0.140972 0.00185547

0.140967 0.00185572
0.140997 0.00185547

0.141016 0.00185537
0.141064 0.0018551

0.141064 0.00185491
0.141113 0.00185478

0.141113 0.00185499
0.141162 0.00185497

0.141162 0.00185491
0.141211 0.00185471

0.141211 0.00185468
0.14126 0.00185447

0.14126 0.00185448
0.141309 0.0018543

0.141309 0.0018543
0.141357 0.00185411

0.141357 0.00185411
0.141406 0.00185389

0.141406 0.00185388
0.141455 0.00185363

0.141455 0.00185362
0.141504 0.00185336

0.141504 0.00185336
0.141553 0.00185311

0.141553 0.00185311
0.141602 0.00185288

0.141602 0.00185288
0.14165 0.00185266

0.14165 0.00185266
0.141699 0.00185245

0.141699 0.00185245
0.141748 0.00185225

0.141748 0.00185225
0.141797 0.00185204

0.141797 0.00185204
0.141846 0.00185181

0.141846 0.00185181
0.141895 0.00185158

0.141895 0.00185158
0.141943 0.00185135

0.141943 0.00185134
0.141992 0.00185111

0.141992 0.00185111
0.142041 0.00185088

0.142041 0.00185088
0.14209 0.00185066

0.14209 0.00185066
0.142139 0.00185045

0.142139 0.00185045
0.142188 0.00185024

0.142187 0.00185024
0.142236 0.00185004

0.142236 0.00185004
0.142285 0.00184983

0.142285 0.00184983
0.142334 0.00184963

0.142334 0.00184963
0.142383 0.00184942

0.142383 0.00184942
0.142432 0.00184921

0.142432 0.00184921
0.14248 0.00184901

0.14248 0.00184901
0.142529 0.00184882

0.142529 0.00184882
0.142578 0.00184864

0.142578 0.00184864
0.142627 0.00184846

0.142627 0.00184846
0.142676 0.00184829

0.142676 0.00184829
0.142725 0.00184812

0.142725 0.00184812
0.142773 0.00184795

0.142773 0.00184795
0.142822 0.00184778

0.142822 0.00184778
0.142871 0.0018476

0.142871 0.0018476
0.14292 0.00184742

0.14292 0.00184742
0.142969 0.00184724

0.142969 0.00184724
0.143018 0.00184707

0.143018 0.00184707
0.143066 0.00184691

0.143066 0.00184691
0.143115 0.00184675

0.143115 0.00184675
0.143164 0.0018466

0.143164 0.0018466
0.143213 0.00184645

0.143213 0.00184645
0.143262 0.00184631

0.143262 0.00184631
0.143311 0.00184618

0.143311 0.00184618
0.143359 0.00184604

0.143359 0.00184604
0.143408 0.00184591

0.143408 0.00184591
0.143457 0.00184579

0.143457 0.00184579
0.143506 0.00184566

0.143506 0.00184566
0.143555 0.00184554

0.143555 0.00184554
0.143604 0.00184543

0.143604 0.00184543
0.143652 0.00184532

0.143652 0.00184532
0.143701 0.00184522

0.143701 0.00184522
0.14375 0.00184513

0.14375 0.00184513
0.143799 0.00184504

0.143799 0.00184504
0.143848 0.00184496

0.143848 0.00184496
0.143896 0.00184488

0.143896 0.00184488
0.143945 0.00184481

0.143945 0.00184481
0.143994 0.00184474

0.143994 0.00184474
0.144043 0.00184469

0.144043 0.00184469
0.144092 0.00184464

0.144092 0.00184464
0.144141 0.0018446

0.144141 0.0018446
0.144189 0.00184456

0.144189 0.00184456
0.144238 0.00184454

0.144238 0.00184454
0.144287 0.00184452

0.144287 0.00184452
0.144336 0.00184452

0.144336 0.00184452
0.144385 0.00184452

0.144385 0.00184452
0.144434 0.00184453

0.144434 0.00184453
0.144482 0.00184454

0.144482 0.00184454
0.144531 0.00184457

0.144531 0.00184457
0.14458 0.0018446

0.14458 0.0018446
0.144629 0.00184464

0.144629 0.00184464
0.144678 0.00184468

0.144678 0.00184468
0.144727 0.00184473

0.144727 0.00184473
0.144775 0.00184479

0.144775 0.00184479
0.144824 0.00184485

0.144824 0.00184485
0.144873 0.00184491

0.144873 0.00184491
0.144922 0.00184498

0.144922 0.00184498
0.144971 0.00184505

0.144971 0.00184505
0.14502 0.00184513

0.14502 0.00184513
0.145068 0.00184522

0.145068 0.00184522
0.145117 0.00184531

0.145117 0.00184531
0.145166 0.0018454

0.145166 0.0018454
0.145215 0.0018455

0.145215 0.0018455
0.145264 0.00184561

0.145264 0.00184561
0.145313 0.00184572

0.145313 0.00184572
0.145361 0.00184583

0.145361 0.00184583
0.14541 0.00184595

0.14541 0.00184595
0.145459 0.00184607

0.145459 0.00184607
0.145508 0.00184618

0.145508 0.00184618
0.145557 0.0018463

0.145557 0.0018463
0.145605 0.00184642

0.145605 0.00184642
0.145654 0.00184654

0.145654 0.00184654
0.145703 0.00184666

0.145703 0.00184666
0.145752 0.00184678

0.145752 0.00184678
0.145801 0.0018469

0.145801 0.0018469
0.14585 0.00184701

0.14585 0.00184701
0.145898 0.00184713

0.145898 0.00184713
0.145947 0.00184725

0.145947 0.00184725
0.145996 0.00184736

0.145996 0.00184736
0.146045 0.00184748

0.146045 0.00184748
0.146094 0.00184759

0.146094 0.00184759
0.146143 0.00184771

0.146143 0.00184771
0.146191 0.00184782

0.146191 0.00184782
0.14624 0.00184794

0.14624 0.00184794
0.146289 0.00184805

0.146289 0.00184805
0.146338 0.00184817

0.146338 0.00184817
0.146387 0.0018483

0.146387 0.0018483
0.146436 0.00184842

0.146436 0.00184842
0.146484 0.00184854

0.146484 0.00184854
0.146533 0.00184867

0.146533 0.00184867
0.146582 0.00184879

0.146582 0.0018488
0.146631 0.00184892

0.146631 0.00184892
0.14668 0.00184904

0.14668 0.00184904
0.146729 0.00184917

0.146729 0.00184917
0.146777 0.00184929

0.146777 0.00184929
0.146826 0.0018494

0.146826 0.0018494
0.146875 0.00184952

0.146875 0.00184952
0.146924 0.00184963

0.146924 0.00184963
0.146973 0.00184973

0.146973 0.00184973
0.147021 0.00184983

0.147021 0.00184983
0.14707 0.00184993

0.14707 0.00184993
0.147119 0.00185003

0.147119 0.00185003
0.147168 0.00185012

0.147168 0.00185012
0.147217 0.0018502

0.147217 0.0018502
0.147266 0.00185028

0.147266 0.00185028
0.147314 0.00185036

0.147314 0.00185036
0.147363 0.00185043

0.147363 0.00185043
0.147412 0.0018505

0.147412 0.0018505
0.147461 0.00185056

0.147461 0.00185056
0.14751 0.00185061

0.14751 0.00185061
0.147559 0.00185066

0.147559 0.00185066
0.147607 0.00185071

0.147607 0.00185071
0.147656 0.00185075

0.147656 0.00185075
0.147705 0.00185079

0.147705 0.00185079
0.147754 0.00185082

0.147754 0.00185082
0.147803 0.00185084

0.147803 0.00185084
0.147852 0.00185087

0.147852 0.00185087
0.1479 0.00185088

0.1479 0.00185088
0.147949 0.00185089

0.147949 0.00185089
0.147998 0.0018509

0.147998 0.0018509
0.148047 0.0018509

0.148047 0.0018509
0.148096 0.00185089

0.148096 0.00185089
0.148145 0.00185088

0.148145 0.00185088
0.148193 0.00185086

0.148193 0.00185086
0.148242 0.00185084

0.148242 0.00185084
0.148291 0.00185081

0.148291 0.00185081
0.14834 0.00185078

0.14834 0.00185078
0.148389 0.00185074

0.148389 0.00185074
0.148438 0.00185069

0.148438 0.00185069
0.148486 0.00185064

0.148486 0.00185064
0.148535 0.00185058

0.148535 0.00185058
0.148584 0.00185052

0.148584 0.00185052
0.148633 0.00185045

0.148633 0.00185045
0.148682 0.00185038

0.148682 0.00185038
0.14873 0.0018503

0.14873 0.0018503
0.148779 0.00185022

0.148779 0.00185022
0.148828 0.00185013

0.148828 0.00185013
0.148877 0.00185004

0.148877 0.00185004
0.148926 0.00184994

0.148926 0.00184994
0.148975 0.00184984

0.148975 0.00184984
0.149023 0.00184973

0.149023 0.00184973
0.149072 0.00184962

0.149072 0.00184962
0.149121 0.00184951

0.149121 0.00184951
0.14917 0.00184939

0.14917 0.00184939
0.149219 0.00184927

0.149219 0.00184927
0.149268 0.00184914

0.149268 0.00184914
0.149316 0.00184901

0.149316 0.00184901
0.149365 0.00184888

0.149365 0.00184888
0.149414 0.00184874

0.149414 0.00184874
0.149463 0.00184861

0.149463 0.00184861
0.149512 0.00184846

0.149512 0.00184846
0.149561 0.00184832

0.149561 0.00184832
0.149609 0.00184818

0.149609 0.00184818
0.149658 0.00184803

0.149658 0.00184803
0.149707 0.00184788

0.149707 0.00184788
0.149756 0.00184773

0.149756 0.00184773
0.149805 0.00184757

0.149805 0.00184757
0.149854 0.00184742

0.149854 0.00184742
0.149902 0.00184727

0.149902 0.00184727
0.149951 0.00184711

0.149951 0.00184711
0.15 0.00184695

0.15 0.00184695
0.150049 0.0018468

0.150049 0.0018468
0.150098 0.00184664

0.150098 0.00184664
0.150146 0.00184649

0.150146 0.00184649
0.150195 0.00184633

0.150195 0.00184633
0.150244 0.00184618

0.150244 0.00184618
0.150293 0.00184602

0.150293 0.00184602
0.150342 0.00184587

0.150342 0.00184587
0.150391 0.00184572

0.150391 0.00184572
0.150439 0.00184557

0.150439 0.00184557
0.150488 0.00184542

0.150488 0.00184542
0.150537 0.00184527

0.150537 0.00184527
0.150586 0.00184513

0.150586 0.00184513
0.150635 0.00184498

0.150635 0.00184498
0.150684 0.00184484

0.150684 0.00184484
0.150732 0.00184471

0.150732 0.00184471
0.150781 0.00184457

0.150781 0.00184457
0.15083 0.00184444

0.15083 0.00184444
0.150879 0.00184431

0.150879 0.00184431
0.150928 0.00184419

0.150928 0.00184419
0.150977 0.00184406

0.150977 0.00184406
0.151025 0.00184395

0.151025 0.00184395
0.151074 0.00184383

0.151074 0.00184383
0.151123 0.00184372

0.151123 0.00184372
0.151172 0.00184361

0.151172 0.00184361
0.151221 0.00184351

0.151221 0.00184351
0.15127 0.00184341

0.15127 0.00184341
0.151318 0.00184331

0.151318 0.00184331
0.151367 0.00184322

0.151367 0.00184322
0.151416 0.00184314

0.151416 0.00184314
0.151465 0.00184305

0.151465 0.00184305
0.151514 0.00184298

0.151514 0.00184298
0.151563 0.0018429

0.151563 0.0018429
0.151611 0.00184283

0.151611 0.00184283
0.15166 0.00184277

0.15166 0.00184277
0.151709 0.00184271

0.151709 0.00184271
0.151758 0.00184265

0.151758 0.00184265
0.151807 0.0018426

0.151807 0.0018426
0.151855 0.00184256

0.151855 0.00184256
0.151904 0.00184251

0.151904 0.00184251
0.151953 0.00184248

0.151953 0.00184248
0.152002 0.00184244

0.152002 0.00184244
0.152051 0.00184242

0.152051 0.00184242
0.1521 0.00184239

0.1521 0.00184239
0.152148 0.00184237

0.152148 0.00184237
0.152197 0.00184235

0.152197 0.00184235
0.152246 0.00184234

0.152246 0.00184234
0.152295 0.00184234

0.152295 0.00184234
0.152344 0.00184233

0.152344 0.00184233
0.152393 0.00184233

0.152393 0.00184233
0.152441 0.00184234

0.152441 0.00184234
0.15249 0.00184234

0.15249 0.00184234
0.152539 0.00184235

0.152539 0.00184235
0.152588 0.00184237

0.152588 0.00184237
0.152637 0.00184239

0.152637 0.00184239
0.152686 0.00184241

0.152686 0.00184241
0.152734 0.00184243

0.152734 0.00184243
0.152783 0.00184246

0.152783 0.00184246
0.152832 0.00184249

0.152832 0.00184249
0.152881 0.00184252

0.152881 0.00184252
0.15293 0.00184256

0.15293 0.00184256
0.152979 0.00184259

0.152979 0.00184259
0.153027 0.00184263

0.153027 0.00184263
0.153076 0.00184268

0.153076 0.00184268
0.153125 0.00184272

0.153125 0.00184272
0.153174 0.00184277

0.153174 0.00184277
0.153223 0.00184282

0.153223 0.00184282
0.153271 0.00184286

0.153271 0.00184286
0.15332 0.00184292

0.15332 0.00184292
0.153369 0.00184297

0.153369 0.00184297
0.153418 0.00184302

0.153418 0.00184302
0.153467 0.00184308

0.153467 0.00184308
0.153516 0.00184313

0.153516 0.00184313
0.153564 0.00184319

0.153564 0.00184319
0.153613 0.00184325

0.153613 0.00184325
0.153662 0.0018433

0.153662 0.0018433
0.153711 0.00184336

0.153711 0.00184336
0.15376 0.00184342

0.15376 0.00184342
0.153809 0.00184348

0.153809 0.00184348
0.153857 0.00184354

0.153857 0.00184354
0.153906 0.0018436

0.153906 0.0018436
0.153955 0.00184366

0.153955 0.00184366
0.154004 0.00184372

0.154004 0.00184372
0.154053 0.00184377

0.154053 0.00184377
0.154102 0.00184383

0.154102 0.00184383
0.15415 0.00184389

0.15415 0.00184389
0.154199 0.00184395

0.154199 0.00184395
0.154248 0.001844

0.154248 0.001844
0.154297 0.00184406

0.154297 0.00184406
0.154346 0.00184412

0.154346 0.00184412
0.154395 0.00184417

0.154395 0.00184417
0.154443 0.00184423

0.154443 0.00184423
0.154492 0.00184428

0.154492 0.00184428
0.154541 0.00184433

0.154541 0.00184433
0.15459 0.00184438

0.15459 0.00184438
0.154639 0.00184443

0.154639 0.00184443
0.154688 0.00184448

0.154688 0.00184448
0.154736 0.00184453

0.154736 0.00184453
0.154785 0.00184458

0.154785 0.00184458
0.154834 0.00184463

0.154834 0.00184463
0.154883 0.00184467

0.154883 0.00184467
0.154932 0.00184472

0.154932 0.00184472
0.15498 0.00184476

0.15498 0.00184476
0.155029 0.0018448

0.155029 0.0018448
0.155078 0.00184484

0.155078 0.00184484
0.155127 0.00184488

0.155127 0.00184488
0.155176 0.00184492

0.155176 0.00184492
0.155225 0.00184496

0.155225 0.00184496
0.155273 0.001845

0.155273 0.001845
0.155322 0.00184503

0.155322 0.00184503
0.155371 0.00184507

0.155371 0.00184507
0.15542 0.0018451

0.15542 0.0018451
0.155469 0.00184513

0.155469 0.00184513
0.155518 0.00184516

0.155518 0.00184516
0.155566 0.00184519

0.155566 0.00184519
0.155615 0.00184522

0.155615 0.00184522
0.155664 0.00184525

0.155664 0.00184525
0.155713 0.00184528

0.155713 0.00184528
0.155762 0.0018453

0.155762 0.0018453
0.155811 0.00184533

0.155811 0.00184533
0.155859 0.00184535

0.155859 0.00184535
0.155908 0.00184537

0.155908 0.00184537
0.155957 0.0018454

0.155957 0.0018454
0.156006 0.00184542

0.156006 0.00184542
0.156055 0.00184544

0.156055 0.00184544
0.156104 0.00184546

0.156104 0.00184546
0.156152 0.00184548

0.156152 0.00184548
0.156201 0.00184549

0.156201 0.00184549
0.15625 0.00184551

0.15625 0.00184551
0.156299 0.00184553

0.156299 0.00184553
0.156348 0.00184554

0.156348 0.00184554
0.156396 0.00184556

0.156396 0.00184556
0.156445 0.00184557

0.156445 0.00184557
0.156494 0.00184558

0.156494 0.00184558
0.156543 0.00184559

0.156543 0.00184559
0.156592 0.0018456

0.156592 0.0018456
0.156641 0.00184561

0.156641 0.00184561
0.156689 0.00184562

0.156689 0.00184562
0.156738 0.00184563

0.156738 0.00184563
0.156787 0.00184564

0.156787 0.00184564
0.156836 0.00184565

0.156836 0.00184565
0.156885 0.00184565

0.156885 0.00184565
0.156934 0.00184566

0.156937 0
0.156965 4.88281e-05

0.156961 4.88281e-05
0.156982 6.63744e-05

0.156934 0.00184566
0.156982 0.00184566

0.156982 6.12388e-05
0.157031 7.66564e-05

0.156982 0.00184566
0.157031 0.00184567

0.157031 6.73021e-05
0.15708 6.43573e-05

0.157031 0.00184567
0.15708 0.00184567

0.15708 6.39794e-05
0.157129 6.21364e-05

0.15708 0.00184567
0.157129 0.00184567

0.157129 6.24246e-05
0.157178 6.18628e-05

0.157129 0.00184567
0.157178 0.00184567

0.157178 6.16605e-05
0.157227 6.22081e-05

0.157178 0.00184567
0.157227 0.00184567

0.157227 6.2239e-05
0.157275 6.4239e-05

0.157227 0.00184567
0.157275 0.00184567

0.157275 6.45477e-05
0.157324 6.73209e-05

0.157275 0.00184567
0.157324 0.00184567

0.157324 6.76739e-05
0.157373 6.98969e-05

0.157324 0.00184567
0.157373 0.00184567

0.157373 7.05926e-05
0.157422 7.0168e-05

0.157373 0.00184567
0.157422 0.00184566

0.157422 6.95696e-05
0.157471 6.63028e-05

0.157422 0.00184566
0.157471 0.00184566

0.157471 6.56936e-05
0.15752 6.19997e-05

0.157471 0.00184566
0.15752 0.00184565

0.15752 6.1689e-05
0.157568 5.94077e-05

0.15752 0.00184565
0.157568 0.00184564

0.157568 5.9302e-05
0.157617 5.92661e-05

0.157568 0.00184564
0.157617 0.00184564

0.157617 5.9539e-05
0.157666 6.14142e-05

0.157617 0.00184564
0.157666 0.00184563

0.157666 6.81761e-05
0.157715 5.78928e-05

0.157666 0.00184563
0.157715 0.00184562

0.157762 0
0.157732 4.88281e-05

0.157715 7.14779e-05
0.157748 4.88281e-05

0.157715 0.00184562
0.157764 0.0018456

0.157764 0.0018456
0.157813 0.00184559

0.157812 0.00184559
0.157861 0.00184558

0.157861 0.00184558
0.15791 0.00184556

0.15791 0.00184556
0.157959 0.00184555

0.157959 0.00184555
0.158008 0.00184553

0.158008 0.00184553
0.158057 0.00184551

0.158057 0.00184551
0.158105 0.00184549

0.158105 0.00184549
0.158154 0.00184547

0.158154 0.00184547
0.158203 0.00184544

0.158203 0.00184544
0.158252 0.00184542

0.158252 0.00184542
0.158301 0.0018454

0.158301 0.0018454
0.15835 0.00184537

0.15835 0.00184537
0.158398 0.00184534

0.158398 0.00184534
0.158447 0.00184531

0.158447 0.00184531
0.158496 0.00184528

0.158496 0.00184528
0.158545 0.00184525

0.158545 0.00184525
0.158594 0.00184522

0.158594 0.00184522
0.158643 0.00184518

0.158643 0.00184518
0.158691 0.00184514

0.158691 0.00184514
0.15874 0.00184511

0.15874 0.00184511
0.158789 0.00184507

0.158789 0.00184507
0.158838 0.00184503

0.158838 0.00184503
0.158887 0.00184499

0.158887 0.00184499
0.158936 0.00184495

0.158936 0.00184495
0.158984 0.0018449

0.158984 0.0018449
0.159033 0.00184486

0.159033 0.00184486
0.159082 0.00184481

0.159082 0.00184481
0.159131 0.00184477

0.159131 0.00184477
0.15918 0.00184472

0.15918 0.00184472
0.159229 0.00184467

0.159229 0.00184467
0.159277 0.00184462

0.159277 0.00184462
0.159326 0.00184457

0.159326 0.00184457
0.159375 0.00184452

0.159375 0.00184452
0.159424 0.00184447

0.159424 0.00184447
0.159473 0.00184441

0.159473 0.00184441
0.159521 0.00184436

0.159521 0.00184436
0.15957 0.0018443

0.15957 0.0018443
0.159619 0.00184425

0.159619 0.00184425
0.159668 0.00184419

0.159668 0.00184419
0.159717 0.00184414

0.159717 0.00184414
0.159766 0.00184408

0.159766 0.00184408
0.159814 0.00184402

0.159814 0.00184402
0.159863 0.00184397

0.159863 0.00184397
0.159912 0.00184391

0.159912 0.00184391
0.159961 0.00184385

0.159961 0.00184385
0.16001 0.00184379

0.16001 0.00184379
0.160059 0.00184373

0.160059 0.00184373
0.160107 0.00184367

0.160107 0.00184367
0.160156 0.00184361

0.160156 0.00184361
0.160205 0.00184356

0.160205 0.00184356
0.160254 0.0018435

0.160254 0.0018435
0.160303 0.00184344

0.160303 0.00184344
0.160352 0.00184338

0.160352 0.00184338
0.1604 0.00184332

0.1604 0.00184332
0.160449 0.00184326

0.160449 0.00184326
0.160498 0.0018432

0.160498 0.0018432
0.160547 0.00184314

0.160547 0.00184314
0.160596 0.00184309

0.160596 0.00184309
0.160645 0.00184303

0.160645 0.00184303
0.160693 0.00184297

0.160693 0.00184297
0.160742 0.00184291

0.160742 0.00184291
0.160791 0.00184285

0.160791 0.00184285
0.16084 0.0018428

0.16084 0.0018428
0.160889 0.00184274

0.160889 0.00184274
0.160938 0.00184268

0.160938 0.00184268
0.160986 0.00184262

0.160986 0.00184262
0.161035 0.00184257

0.161035 0.00184257
0.161084 0.00184251

0.161084 0.00184251
0.161133 0.00184245

0.161133 0.00184245
0.161182 0.0018424

0.161182 0.0018424
0.16123 0.00184234

0.16123 0.00184234
0.161279 0.00184228

0.161279 0.00184228
0.161328 0.00184223

0.161328 0.00184223
0.161377 0.00184217

0.161377 0.00184217
0.161426 0.00184211

0.161426 0.00184211
0.161475 0.00184206

0.161475 0.00184206
0.161523 0.001842

0.161523 0.001842
0.161572 0.00184194

0.161572 0.00184194
0.161621 0.00184188

0.161621 0.00184188
0.16167 0.00184182

0.16167 0.00184182
0.161719 0.00184176

0.161719 0.00184176
0.161768 0.0018417

0.161768 0.0018417
0.161816 0.00184164

0.161816 0.00184164
0.161865 0.00184157

0.161865 0.00184157
0.161914 0.00184151

0.161914 0.00184151
0.161963 0.00184144

0.161963 0.00184144
0.162012 0.00184138

0.162012 0.00184138
0.162061 0.00184131

0.162061 0.00184131
0.162109 0.00184124

0.162109 0.00184124
0.162158 0.00184116

0.162158 0.00184116
0.162207 0.00184109

0.162207 0.00184109
0.162256 0.00184101

0.162256 0.00184101
0.162305 0.00184093

0.162305 0.00184093
0.162354 0.00184085

0.162354 0.00184085
0.162402 0.00184077

0.162402 0.00184077
0.162451 0.00184068

0.162451 0.00184068
0.1625 0.00184059

0.1625 0.00184059
0.162549 0.0018405

0.162549 0.0018405
0.162598 0.0018404

0.162598 0.0018404
0.162646 0.00184031

0.162646 0.00184031
0.162695 0.0018402

0.162695 0.0018402
0.162744 0.00184009

0.162744 0.00184009
0.162793 0.00183998

0.162793 0.00183998
0.162842 0.00183987

0.162842 0.00183987
0.162891 0.00183975

0.162891 0.00183975
0.162939 0.00183962

0.162939 0.00183962
0.162988 0.00183949

0.162988 0.00183949
0.163037 0.00183936

0.163037 0.00183936
0.163086 0.00183922

0.163086 0.00183922
0.163135 0.00183907

0.163135 0.00183907
0.163184 0.00183892

0.163184 0.00183892
0.163232 0.00183877

0.163232 0.00183877
0.163281 0.0018386

0.163281 0.0018386
0.16333 0.00183843

0.16333 0.00183843
0.163379 0.00183825

0.163379 0.00183825
0.163428 0.00183807

0.163428 0.00183807
0.163477 0.00183788

0.163477 0.00183788
0.163525 0.00183768

0.163525 0.00183768
0.163574 0.00183747

0.163574 0.00183747
0.163623 0.00183726

0.163623 0.00183726
0.163672 0.00183704

0.163672 0.00183704
0.163721 0.00183681

0.163721 0.00183681
0.16377 0.00183657

0.16377 0.00183657
0.163818 0.00183632

0.163818 0.00183632
0.163867 0.00183606

0.163867 0.00183606
0.163916 0.00183579

0.163916 0.00183579
0.163965 0.00183551

0.163965 0.00183551
0.164014 0.00183522

0.164014 0.00183522
0.164063 0.00183492

0.164062 0.00183492
0.164111 0.00183461

0.164111 0.00183461
0.16416 0.00183429

0.16416 0.00183429
0.164209 0.00183396

0.164209 0.00183396
0.164258 0.00183361

0.164258 0.00183361
0.164307 0.00183325

0.164307 0.00183325
0.164355 0.00183288

0.164355 0.00183288
0.164404 0.00183249

0.164404 0.00183249
0.164453 0.0018321

0.164453 0.0018321
0.164502 0.00183168

0.164502 0.00183168
0.164551 0.00183126

0.164551 0.00183126
0.1646 0.00183082

0.1646 0.00183082
0.164648 0.00183036

0.164648 0.00183036
0.164697 0.00182989

0.164697 0.00182989
0.164746 0.0018294

0.164746 0.0018294
0.164795 0.0018289

0.164795 0.0018289
0.164844 0.00182837

0.164844 0.00182837
0.164893 0.00182783

0.164893 0.00182783
0.164941 0.00182728

0.164941 0.00182728
0.16499 0.0018267

0.16499 0.0018267
0.165039 0.0018261

0.165039 0.0018261
0.165088 0.00182549

0.165088 0.00182549
0.165137 0.00182485

0.165137 0.00182485
0.165186 0.00182419

0.165186 0.00182419
0.165234 0.00182352

0.165234 0.00182352
0.165283 0.00182281

0.165283 0.00182281
0.165332 0.00182209

0.165332 0.00182209
0.165381 0.00182134

0.165381 0.00182134
0.16543 0.00182057

0.16543 0.00182057
0.165479 0.00181977

0.165479 0.00181977
0.165527 0.00181895

0.165527 0.00181895
0.165576 0.0018181

0.165576 0.0018181
0.165625 0.00181723

0.165625 0.00181723
0.165674 0.00181632

0.165674 0.00181632
0.165723 0.00181539

0.165723 0.00181539
0.165771 0.00181442

0.165771 0.00181443
0.16582 0.00181343

0.16582 0.00181343
0.165869 0.0018124

0.165869 0.0018124
0.165918 0.00181134

0.165918 0.00181134
0.165967 0.00181024

0.165967 0.00181024
0.166016 0.00180912

0.166016 0.00180912
0.166064 0.00180798

0.166064 0.001808
0.166113 0.00180682

0.166162 0.00180558
0.16612 0.00180664

0.166113 0.00180683
0.166121 0.00180664

0.166162 0.00180558
0.166211 0.00180428

0.166211 0.00180427
0.16626 0.00180292

0.16626 0.00180292
0.166309 0.00180153

0.166309 0.00180153
0.166357 0.0018001

0.166357 0.0018001
0.166406 0.00179863

0.166406 0.00179863
0.166455 0.00179711

0.166455 0.00179711
0.166504 0.00179555

0.166504 0.00179555
0.166553 0.00179394

0.166553 0.00179394
0.166602 0.00179228

0.166602 0.00179228
0.16665 0.00179058

0.16665 0.00179058
0.166699 0.00178884

0.166699 0.00178884
0.166748 0.00178705

0.166748 0.00178705
0.166797 0.00178521

0.166797 0.00178521
0.166846 0.00178334

0.166846 0.00178334
0.166895 0.00178142

0.166895 0.00178142
0.166943 0.00177947

0.166943 0.00177947
0.166992 0.00177748

0.166992 0.00177748
0.167041 0.00177545

0.167041 0.00177545
0.16709 0.00177339

0.16709 0.00177339
0.167139 0.00177131

0.167139 0.0017713
0.167188 0.00176921

0.167188 0.0017692
0.167236 0.00176715

0.167236 0.00176712
0.167285 0.00176521

0.167285 0.00176516
0.167334 0.00176355

0.167334 0.00176348
0.167383 0.0017624

0.167383 0.00176233
0.167432 0.00176207

0.167432 0.00176197
0.16748 0.00176291

0.16748 0.001763
0.167529 0.00176519

0.167529 0.00176577
0.167578 0.00176785

0.167578 0.0017717
0.167627 0.0017648

0.167659 0
0.16766 4.88281e-05

0.16766 4.88281e-05
0.167662 9.76563e-05

0.167662 9.76563e-05
0.167666 0.000146484

0.167666 0.000146484
0.167672 0.000195313

0.167672 0.000195313
0.167676 0.000224867

0.167676 0.00173851
0.167637 0.00175781

0.167627 0.00176866
0.167654 0.00175781

0.167676 0.000230285
0.167677 0.000244141

0.167677 0.000244141
0.167685 0.000292969

0.167686 0.000292969
0.167696 0.000341797

0.167696 0.000341797
0.167708 0.000390625

0.167709 0.000390625
0.167721 0.000439453

0.167722 0.000439453
0.167725 0.000450973

0.167725 0.001601
0.167722 0.00161133

0.167724 0.00161133
0.167717 0.00166016

0.167725 0.00166656
0.167705 0.00170898

0.167676 0.00174984
0.167723 0.00170898

0.167725 0.000456512
0.167733 0.000488281

0.167733 0.000488281
0.167748 0.000537109

0.167748 0.000537109
0.167764 0.000585938

0.167765 0.000585937
0.167773 0.00061284

0.167773 0.00148697
0.167764 0.00151367

0.167763 0.00151367
0.167747 0.0015625

0.167745 0.0015625
0.167739 0.00161133

0.167739 0.00161133
0.167732 0.00166016

0.167725 0.00170461
0.167751 0.00166016

0.167725 0.00171335
0.167728 0.00170898

0.167773 0.000616398
0.167779 0.000634766

0.167779 0.000634766
0.167795 0.000683594

0.167795 0.000683594
0.167811 0.000732422

0.167812 0.000732422
0.167822 0.000768864

0.167822 0.0013367
0.167813 0.00136719

0.167813 0.00136719
0.167798 0.00141602

0.167798 0.00141602
0.167783 0.00146484

0.167773 0.00149548
0.167784 0.00146484

0.167801 0.00161133
0.167792 0.00166016

0.167822 0.000770766
0.167825 0.00078125

0.167825 0.00078125
0.167838 0.000830078

0.167838 0.000830078
0.16785 0.000878906

0.16785 0.000878906
0.16786 0.000927734

0.16786 0.000927734
0.167866 0.000976562

0.167866 0.000976563
0.16787 0.00102539

0.16787 0.00102539
0.16787 0.00107422

0.16787 0.00107422
0.167866 0.00112305

0.167866 0.00112305
0.16786 0.00117187

0.16786 0.00117188
0.167851 0.0012207

0.167851 0.0012207
0.167841 0.00126953

0.167841 0.00126953
0.167828 0.00131836

0.167822 0.00134175
0.167829 0.00131836

0.167834 0.00161133
0.167834 0.00166016

0.168457 0.00116418
0.16845 0.00117187

0.168456 0.00117188
0.168457 0.00118496

0.168457 0.00117067
0.168506 0.00117043

0.168457 0.00118039
0.168506 0.00120279

0.168506 0.00117071
0.168507 0.00117187

0.168508 0.00117188
0.168506 0.0012207

0.168945 0.000925207
0.168944 0.000927734

0.168945 0.000924709
0.168994 0.000920986

0.168945 0.000932397
0.168994 0.000955339

0.168994 0.000976563
0.168994 0.000976597

0.168994 0.000922474
0.168998 0.000927734

0.168994 0.000966985
0.169 0.000927734

0.168994 0.000977198
0.168995 0.000976563

0.198682 0.00312363
0.198681 0.003125

0.198682 0.00312373
0.198683 0.003125

