0 0.00185371
4.88281e-05 0.00185177

4.88281e-05 0.00185082
9.76563e-05 0.00184688

9.76563e-05 0.0018466
0.000146484 0.00184312

0.000146484 0.00184313
0.000195313 0.00184064

0.000195313 0.00184074
0.000244141 0.00183901

0.000244141 0.00183908
0.000292969 0.00183779

0.000292969 0.00183782
0.000341797 0.00183675

0.000341797 0.00183677
0.000390625 0.00183582

0.000390625 0.00183583
0.000439453 0.00183496

0.000439453 0.00183496
0.000488281 0.00183415

0.000488281 0.00183415
0.000537109 0.00183338

0.000537109 0.00183339
0.000585938 0.00183266

0.000585937 0.00183266
0.000634766 0.00183197

0.000634766 0.00183197
0.000683594 0.00183131

0.000683594 0.0018313
0.000732422 0.00183067

0.000732422 0.00183067
0.00078125 0.00183008

0.00078125 0.00183008
0.000830078 0.00182951

0.000830078 0.00182951
0.000878906 0.00182895

0.000878906 0.00182895
0.000927734 0.00182842

0.000927734 0.00182842
0.000976562 0.00182791

0.000976563 0.00182791
0.00102539 0.00182741

0.00102539 0.00182741
0.00107422 0.00182693

0.00107422 0.00182693
0.00112305 0.00182647

0.00112305 0.00182647
0.00117187 0.00182602

0.00117188 0.00182602
0.0012207 0.00182558

0.0012207 0.00182558
0.00126953 0.00182516

0.00126953 0.00182516
0.00131836 0.00182475

0.00131836 0.00182475
0.00136719 0.00182435

0.00136719 0.00182435
0.00141602 0.00182396

0.00141602 0.00182396
0.00146484 0.00182359

0.00146484 0.00182359
0.00151367 0.00182322

0.00151367 0.00182322
0.0015625 0.00182287

0.0015625 0.00182287
0.00161133 0.00182252

0.00161133 0.00182252
0.00166016 0.00182218

0.00166016 0.00182218
0.00170898 0.00182185

0.00170898 0.00182185
0.00175781 0.00182153

0.00175781 0.00182153
0.00180664 0.00182121

0.00180664 0.00182121
0.00185547 0.00182091

0.00185547 0.00182091
0.0019043 0.00182061

0.0019043 0.00182061
0.00195312 0.00182032

0.00195312 0.00182032
0.00200195 0.00182003

0.00200195 0.00182003
0.00205078 0.00181976

0.00205078 0.00181976
0.00209961 0.00181949

0.00209961 0.00181949
0.00214844 0.00181923

0.00214844 0.00181923
0.00219727 0.00181898

0.00219727 0.00181898
0.00224609 0.00181874

0.00224609 0.00181874
0.00229492 0.00181851

0.00229492 0.00181851
0.00234375 0.00181829

0.00234375 0.00181829
0.00239258 0.00181807

0.00239258 0.00181807
0.00244141 0.00181787

0.00244141 0.00181787
0.00249023 0.00181767

0.00249023 0.00181767
0.00253906 0.00181749

0.00253906 0.00181749
0.00258789 0.00181731

0.00258789 0.00181731
0.00263672 0.00181714

0.00263672 0.00181714
0.00268555 0.00181698

0.00268555 0.00181698
0.00273438 0.00181682

0.00273438 0.00181682
0.0027832 0.00181667

0.0027832 0.00181667
0.00283203 0.00181652

0.00283203 0.00181652
0.00288086 0.00181637

0.00288086 0.00181637
0.00292969 0.00181623

0.00292969 0.00181623
0.00297852 0.00181609

0.00297852 0.00181609
0.00302734 0.00181595

0.00302734 0.00181595
0.00307617 0.00181581

0.00307617 0.00181581
0.003125 0.00181566

0.003125 0.00181566
0.00317383 0.00181552

0.00317383 0.00181552
0.00322266 0.00181537

0.00322266 0.00181537
0.00327148 0.00181522

0.00327148 0.00181522
0.00332031 0.00181506

0.00332031 0.00181506
0.00336914 0.00181491

0.00336914 0.00181491
0.00341797 0.00181474

0.00341797 0.00181474
0.0034668 0.00181458

0.0034668 0.00181458
0.00351563 0.00181442

0.00351563 0.00181442
0.00356445 0.00181425

0.00356445 0.00181425
0.00361328 0.00181408

0.00361328 0.00181408
0.00366211 0.00181391

0.00366211 0.00181391
0.00371094 0.00181374

0.00371094 0.00181374
0.00375977 0.00181358

0.00375977 0.00181358
0.00380859 0.00181342

0.00380859 0.00181342
0.00385742 0.00181326

0.00385742 0.00181326
0.00390625 0.00181311

0.00390625 0.00181311
0.00395508 0.00181296

0.00395508 0.00181296
0.00400391 0.00181283

0.00400391 0.00181283
0.00405273 0.00181271

0.00405273 0.0018127
0.00410156 0.00181259

0.00410156 0.00181259
0.00415039 0.00181249

0.00415039 0.00181249
0.00419922 0.00181241

0.00419922 0.00181241
0.00424805 0.00181234

0.00424805 0.00181233
0.00429688 0.00181228

0.00429687 0.00181228
0.0043457 0.00181224

0.0043457 0.00181224
0.00439453 0.00181222

0.00439453 0.00181222
0.00444336 0.00181222

0.00444336 0.00181222
0.00449219 0.00181224

0.00449219 0.00181224
0.00454102 0.00181228

0.00454102 0.00181228
0.00458984 0.00181234

0.00458984 0.00181234
0.00463867 0.00181242

0.00463867 0.00181242
0.0046875 0.00181252

0.0046875 0.00181252
0.00473633 0.00181265

0.00473633 0.00181265
0.00478516 0.00181279

0.00478516 0.00181279
0.00483398 0.00181296

0.00483398 0.00181296
0.00488281 0.00181314

0.00488281 0.00181314
0.00493164 0.00181335

0.00493164 0.00181335
0.00498047 0.00181357

0.00498047 0.00181357
0.0050293 0.00181382

0.0050293 0.00181382
0.00507813 0.00181408

0.00507813 0.00181408
0.00512695 0.00181436

0.00512695 0.00181436
0.00517578 0.00181466

0.00517578 0.00181466
0.00522461 0.00181498

0.00522461 0.00181498
0.00527344 0.00181531

0.00527344 0.00181531
0.00532227 0.00181566

0.00532227 0.00181566
0.00537109 0.00181602

0.00537109 0.00181602
0.00541992 0.00181639

0.00541992 0.0018164
0.00546875 0.00181678

0.00546875 0.00181678
0.00551758 0.00181718

0.00551758 0.00181718
0.00556641 0.00181759

0.00556641 0.00181759
0.00561523 0.00181801

0.00561523 0.00181801
0.00566406 0.00181844

0.00566406 0.00181844
0.00571289 0.00181888

0.00571289 0.00181888
0.00576172 0.00181933

0.00576172 0.00181933
0.00581055 0.00181978

0.00581055 0.00181978
0.00585938 0.00182023

0.00585938 0.00182023
0.0059082 0.0018207

0.0059082 0.0018207
0.00595703 0.00182116

0.00595703 0.00182116
0.00600586 0.00182163

0.00600586 0.00182163
0.00605469 0.0018221

0.00605469 0.0018221
0.00610352 0.00182258

0.00610352 0.00182258
0.00615234 0.00182305

0.00615234 0.00182305
0.00620117 0.00182353

0.00620117 0.00182353
0.00625 0.001824

0.00625 0.001824
0.00629883 0.00182448

0.00629883 0.00182448
0.00634766 0.00182495

0.00634766 0.00182495
0.00639648 0.00182542

0.00639648 0.00182542
0.00644531 0.00182588

0.00644531 0.00182588
0.00649414 0.00182635

0.00649414 0.00182635
0.00654297 0.00182681

0.00654297 0.00182681
0.0065918 0.00182726

0.0065918 0.00182726
0.00664063 0.00182771

0.00664062 0.00182771
0.00668945 0.00182815

0.00668945 0.00182815
0.00673828 0.00182859

0.00673828 0.00182859
0.00678711 0.00182903

0.00678711 0.00182903
0.00683594 0.00182945

0.00683594 0.00182945
0.00688477 0.00182987

0.00688477 0.00182987
0.00693359 0.00183028

0.00693359 0.00183028
0.00698242 0.00183069

0.00698242 0.00183069
0.00703125 0.00183109

0.00703125 0.00183109
0.00708008 0.00183147

0.00708008 0.00183147
0.00712891 0.00183186

0.00712891 0.00183186
0.00717773 0.00183223

0.00717773 0.00183223
0.00722656 0.0018326

0.00722656 0.0018326
0.00727539 0.00183295

0.00727539 0.00183295
0.00732422 0.0018333

0.00732422 0.0018333
0.00737305 0.00183364

0.00737305 0.00183364
0.00742188 0.00183397

0.00742187 0.00183397
0.0074707 0.0018343

0.0074707 0.0018343
0.00751953 0.00183461

0.00751953 0.00183461
0.00756836 0.00183492

0.00756836 0.00183492
0.00761719 0.00183521

0.00761719 0.00183521
0.00766602 0.0018355

0.00766602 0.0018355
0.00771484 0.00183578

0.00771484 0.00183578
0.00776367 0.00183605

0.00776367 0.00183605
0.0078125 0.00183632

0.0078125 0.00183632
0.00786133 0.00183657

0.00786133 0.00183657
0.00791016 0.00183682

0.00791016 0.00183682
0.00795898 0.00183706

0.00795898 0.00183706
0.00800781 0.00183729

0.00800781 0.00183729
0.00805664 0.00183751

0.00805664 0.00183751
0.00810547 0.00183773

0.00810547 0.00183773
0.0081543 0.00183794

0.0081543 0.00183794
0.00820313 0.00183814

0.00820313 0.00183814
0.00825195 0.00183833

0.00825195 0.00183833
0.00830078 0.00183852

0.00830078 0.00183852
0.00834961 0.0018387

0.00834961 0.0018387
0.00839844 0.00183888

0.00839844 0.00183888
0.00844727 0.00183905

0.00844727 0.00183905
0.00849609 0.00183921

0.00849609 0.00183921
0.00854492 0.00183936

0.00854492 0.00183936
0.00859375 0.00183951

0.00859375 0.00183951
0.00864258 0.00183966

0.00864258 0.00183966
0.00869141 0.00183979

0.00869141 0.00183979
0.00874023 0.00183992

0.00874023 0.00183992
0.00878906 0.00184005

0.00878906 0.00184005
0.00883789 0.00184016

0.00883789 0.00184016
0.00888672 0.00184027

0.00888672 0.00184027
0.00893555 0.00184038

0.00893555 0.00184038
0.00898438 0.00184048

0.00898437 0.00184048
0.0090332 0.00184057

0.0090332 0.00184057
0.00908203 0.00184066

0.00908203 0.00184066
0.00913086 0.00184074

0.00913086 0.00184074
0.00917969 0.00184081

0.00917969 0.00184081
0.00922852 0.00184088

0.00922852 0.00184088
0.00927734 0.00184094

0.00927734 0.00184094
0.00932617 0.001841

0.00932617 0.001841
0.009375 0.00184105

0.009375 0.00184105
0.00942383 0.00184109

0.00942383 0.00184109
0.00947266 0.00184113

0.00947266 0.00184113
0.00952148 0.00184116

0.00952148 0.00184116
0.00957031 0.00184118

0.00957031 0.00184118
0.00961914 0.0018412

0.00961914 0.0018412
0.00966797 0.00184122

0.00966797 0.00184122
0.0097168 0.00184122

0.0097168 0.00184122
0.00976563 0.00184123

0.00976562 0.00184123
0.00981445 0.00184122

0.00981445 0.00184122
0.00986328 0.00184121

0.00986328 0.00184121
0.00991211 0.0018412

0.00991211 0.0018412
0.00996094 0.00184118

0.00996094 0.00184118
0.0100098 0.00184115

0.0100098 0.00184115
0.0100586 0.00184112

0.0100586 0.00184112
0.0101074 0.00184109

0.0101074 0.00184109
0.0101563 0.00184105

0.0101563 0.00184105
0.0102051 0.001841

0.0102051 0.001841
0.0102539 0.00184095

0.0102539 0.00184095
0.0103027 0.0018409

0.0103027 0.0018409
0.0103516 0.00184085

0.0103516 0.00184085
0.0104004 0.00184079

0.0104004 0.00184079
0.0104492 0.00184072

0.0104492 0.00184072
0.010498 0.00184066

0.010498 0.00184066
0.0105469 0.00184059

0.0105469 0.00184059
0.0105957 0.00184051

0.0105957 0.00184051
0.0106445 0.00184044

0.0106445 0.00184044
0.0106934 0.00184037

0.0106934 0.00184037
0.0107422 0.00184029

0.0107422 0.00184029
0.010791 0.00184021

0.010791 0.00184021
0.0108398 0.00184013

0.0108398 0.00184013
0.0108887 0.00184005

0.0108887 0.00184005
0.0109375 0.00183997

0.0109375 0.00183997
0.0109863 0.00183989

0.0109863 0.00183989
0.0110352 0.00183981

0.0110352 0.00183981
0.011084 0.00183973

0.011084 0.00183973
0.0111328 0.00183965

0.0111328 0.00183965
0.0111816 0.00183958

0.0111816 0.00183958
0.0112305 0.0018395

0.0112305 0.0018395
0.0112793 0.00183942

0.0112793 0.00183942
0.0113281 0.00183935

0.0113281 0.00183935
0.011377 0.00183927

0.011377 0.00183927
0.0114258 0.0018392

0.0114258 0.0018392
0.0114746 0.00183913

0.0114746 0.00183913
0.0115234 0.00183906

0.0115234 0.00183906
0.0115723 0.001839

0.0115723 0.001839
0.0116211 0.00183893

0.0116211 0.00183893
0.0116699 0.00183887

0.0116699 0.00183887
0.0117188 0.00183881

0.0117188 0.00183881
0.0117676 0.00183875

0.0117676 0.00183875
0.0118164 0.0018387

0.0118164 0.0018387
0.0118652 0.00183864

0.0118652 0.00183864
0.0119141 0.00183859

0.0119141 0.00183859
0.0119629 0.00183854

0.0119629 0.00183854
0.0120117 0.0018385

0.0120117 0.0018385
0.0120605 0.00183845

0.0120605 0.00183845
0.0121094 0.00183841

0.0121094 0.00183841
0.0121582 0.00183837

0.0121582 0.00183837
0.012207 0.00183833

0.012207 0.00183833
0.0122559 0.0018383

0.0122559 0.0018383
0.0123047 0.00183827

0.0123047 0.00183827
0.0123535 0.00183824

0.0123535 0.00183824
0.0124023 0.00183821

0.0124023 0.00183821
0.0124512 0.00183818

0.0124512 0.00183818
0.0125 0.00183815

0.0125 0.00183815
0.0125488 0.00183813

0.0125488 0.00183813
0.0125977 0.00183811

0.0125977 0.00183811
0.0126465 0.00183809

0.0126465 0.00183809
0.0126953 0.00183807

0.0126953 0.00183807
0.0127441 0.00183805

0.0127441 0.00183805
0.012793 0.00183803

0.012793 0.00183803
0.0128418 0.00183801

0.0128418 0.00183801
0.0128906 0.001838

0.0128906 0.001838
0.0129395 0.00183798

0.0129395 0.00183798
0.0129883 0.00183797

0.0129883 0.00183797
0.0130371 0.00183796

0.0130371 0.00183796
0.0130859 0.00183794

0.0130859 0.00183794
0.0131348 0.00183793

0.0131348 0.00183793
0.0131836 0.00183792

0.0131836 0.00183792
0.0132324 0.00183791

0.0132324 0.00183791
0.0132813 0.0018379

0.0132812 0.0018379
0.0133301 0.00183789

0.0133301 0.00183789
0.0133789 0.00183788

0.0133789 0.00183788
0.0134277 0.00183787

0.0134277 0.00183787
0.0134766 0.00183786

0.0134766 0.00183786
0.0135254 0.00183786

0.0135254 0.00183786
0.0135742 0.00183785

0.0135742 0.00183785
0.013623 0.00183784

0.013623 0.00183784
0.0136719 0.00183784

0.0136719 0.00183784
0.0137207 0.00183783

0.0137207 0.00183783
0.0137695 0.00183783

0.0137695 0.00183783
0.0138184 0.00183782

0.0138184 0.00183782
0.0138672 0.00183782

0.0138672 0.00183782
0.013916 0.00183781

0.013916 0.00183781
0.0139648 0.00183781

0.0139648 0.00183781
0.0140137 0.0018378

0.0140137 0.0018378
0.0140625 0.00183779

0.0140625 0.00183779
0.0141113 0.00183779

0.0141113 0.00183779
0.0141602 0.00183778

0.0141602 0.00183778
0.014209 0.00183777

0.014209 0.00183777
0.0142578 0.00183776

0.0142578 0.00183776
0.0143066 0.00183775

0.0143066 0.00183775
0.0143555 0.00183774

0.0143555 0.00183774
0.0144043 0.00183773

0.0144043 0.00183773
0.0144531 0.00183772

0.0144531 0.00183772
0.014502 0.0018377

0.014502 0.0018377
0.0145508 0.00183769

0.0145508 0.00183769
0.0145996 0.00183768

0.0145996 0.00183768
0.0146484 0.00183766

0.0146484 0.00183766
0.0146973 0.00183765

0.0146973 0.00183765
0.0147461 0.00183763

0.0147461 0.00183763
0.0147949 0.00183762

0.0147949 0.00183762
0.0148438 0.0018376

0.0148438 0.0018376
0.0148926 0.00183759

0.0148926 0.00183759
0.0149414 0.00183757

0.0149414 0.00183757
0.0149902 0.00183755

0.0149902 0.00183755
0.0150391 0.00183754

0.0150391 0.00183754
0.0150879 0.00183752

0.0150879 0.00183752
0.0151367 0.00183751

0.0151367 0.00183751
0.0151855 0.00183749

0.0151855 0.00183749
0.0152344 0.00183748

0.0152344 0.00183748
0.0152832 0.00183746

0.0152832 0.00183746
0.015332 0.00183744

0.015332 0.00183744
0.0153809 0.00183743

0.0153809 0.00183743
0.0154297 0.00183741

0.0154297 0.00183741
0.0154785 0.0018374

0.0154785 0.0018374
0.0155273 0.00183738

0.0155273 0.00183738
0.0155762 0.00183737

0.0155762 0.00183737
0.015625 0.00183735

0.015625 0.00183735
0.0156738 0.00183734

0.0156738 0.00183734
0.0157227 0.00183732

0.0157227 0.00183732
0.0157715 0.00183731

0.0157715 0.00183731
0.0158203 0.00183729

0.0158203 0.00183729
0.0158691 0.00183728

0.0158691 0.00183728
0.015918 0.00183727

0.015918 0.00183727
0.0159668 0.00183725

0.0159668 0.00183725
0.0160156 0.00183724

0.0160156 0.00183724
0.0160645 0.00183722

0.0160645 0.00183722
0.0161133 0.00183721

0.0161133 0.00183721
0.0161621 0.0018372

0.0161621 0.0018372
0.0162109 0.00183718

0.0162109 0.00183718
0.0162598 0.00183717

0.0162598 0.00183717
0.0163086 0.00183716

0.0163086 0.00183716
0.0163574 0.00183715

0.0163574 0.00183715
0.0164063 0.00183713

0.0164063 0.00183713
0.0164551 0.00183712

0.0164551 0.00183712
0.0165039 0.00183711

0.0165039 0.00183711
0.0165527 0.0018371

0.0165527 0.0018371
0.0166016 0.00183708

0.0166016 0.00183708
0.0166504 0.00183707

0.0166504 0.00183707
0.0166992 0.00183706

0.0166992 0.00183706
0.016748 0.00183705

0.016748 0.00183705
0.0167969 0.00183703

0.0167969 0.00183703
0.0168457 0.00183702

0.0168457 0.00183702
0.0168945 0.00183701

0.0168945 0.00183701
0.0169434 0.001837

0.0169434 0.001837
0.0169922 0.00183698

0.0169922 0.00183698
0.017041 0.00183697

0.017041 0.00183697
0.0170898 0.00183696

0.0170898 0.00183696
0.0171387 0.00183695

0.0171387 0.00183695
0.0171875 0.00183694

0.0171875 0.00183694
0.0172363 0.00183692

0.0172363 0.00183692
0.0172852 0.00183691

0.0172852 0.00183691
0.017334 0.0018369

0.017334 0.0018369
0.0173828 0.00183689

0.0173828 0.00183689
0.0174316 0.00183687

0.0174316 0.00183687
0.0174805 0.00183686

0.0174805 0.00183686
0.0175293 0.00183685

0.0175293 0.00183685
0.0175781 0.00183684

0.0175781 0.00183684
0.017627 0.00183683

0.017627 0.00183683
0.0176758 0.00183682

0.0176758 0.00183682
0.0177246 0.0018368

0.0177246 0.0018368
0.0177734 0.00183679

0.0177734 0.00183679
0.0178223 0.00183678

0.0178223 0.00183678
0.0178711 0.00183677

0.0178711 0.00183677
0.0179199 0.00183676

0.0179199 0.00183676
0.0179687 0.00183675

0.0179688 0.00183675
0.0180176 0.00183674

0.0180176 0.00183674
0.0180664 0.00183673

0.0180664 0.00183673
0.0181152 0.00183672

0.0181152 0.00183672
0.0181641 0.00183671

0.0181641 0.00183671
0.0182129 0.0018367

0.0182129 0.0018367
0.0182617 0.00183669

0.0182617 0.00183669
0.0183105 0.00183668

0.0183105 0.00183668
0.0183594 0.00183667

0.0183594 0.00183667
0.0184082 0.00183666

0.0184082 0.00183666
0.018457 0.00183665

0.018457 0.00183665
0.0185059 0.00183664

0.0185059 0.00183664
0.0185547 0.00183663

0.0185547 0.00183663
0.0186035 0.00183662

0.0186035 0.00183662
0.0186523 0.00183661

0.0186523 0.00183661
0.0187012 0.0018366

0.0187012 0.0018366
0.01875 0.00183659

0.01875 0.00183659
0.0187988 0.00183658

0.0187988 0.00183658
0.0188477 0.00183657

0.0188477 0.00183657
0.0188965 0.00183657

0.0188965 0.00183657
0.0189453 0.00183656

0.0189453 0.00183656
0.0189941 0.00183655

0.0189941 0.00183655
0.019043 0.00183654

0.019043 0.00183654
0.0190918 0.00183653

0.0190918 0.00183653
0.0191406 0.00183653

0.0191406 0.00183653
0.0191895 0.00183652

0.0191895 0.00183652
0.0192383 0.00183651

0.0192383 0.00183651
0.0192871 0.00183651

0.0192871 0.00183651
0.0193359 0.0018365

0.0193359 0.0018365
0.0193848 0.00183649

0.0193848 0.00183649
0.0194336 0.00183649

0.0194336 0.00183649
0.0194824 0.00183648

0.0194824 0.00183648
0.0195312 0.00183647

0.0195313 0.00183647
0.0195801 0.00183647

0.0195801 0.00183647
0.0196289 0.00183646

0.0196289 0.00183646
0.0196777 0.00183646

0.0196777 0.00183646
0.0197266 0.00183645

0.0197266 0.00183645
0.0197754 0.00183645

0.0197754 0.00183645
0.0198242 0.00183644

0.0198242 0.00183644
0.019873 0.00183644

0.019873 0.00183644
0.0199219 0.00183643

0.0199219 0.00183643
0.0199707 0.00183643

0.0199707 0.00183643
0.0200195 0.00183642

0.0200195 0.00183642
0.0200684 0.00183642

0.0200684 0.00183642
0.0201172 0.00183642

0.0201172 0.00183642
0.020166 0.00183641

0.020166 0.00183641
0.0202148 0.00183641

0.0202148 0.00183641
0.0202637 0.00183641

0.0202637 0.00183641
0.0203125 0.0018364

0.0203125 0.0018364
0.0203613 0.0018364

0.0203613 0.0018364
0.0204102 0.0018364

0.0204102 0.0018364
0.020459 0.00183639

0.020459 0.00183639
0.0205078 0.00183639

0.0205078 0.00183639
0.0205566 0.00183639

0.0205566 0.00183639
0.0206055 0.00183639

0.0206055 0.00183639
0.0206543 0.00183639

0.0206543 0.00183639
0.0207031 0.00183638

0.0207031 0.00183638
0.020752 0.00183638

0.020752 0.00183638
0.0208008 0.00183638

0.0208008 0.00183638
0.0208496 0.00183638

0.0208496 0.00183638
0.0208984 0.00183638

0.0208984 0.00183638
0.0209473 0.00183638

0.0209473 0.00183638
0.0209961 0.00183638

0.0209961 0.00183638
0.0210449 0.00183638

0.0210449 0.00183638
0.0210938 0.00183638

0.0210938 0.00183638
0.0211426 0.00183638

0.0211426 0.00183638
0.0211914 0.00183638

0.0211914 0.00183638
0.0212402 0.00183638

0.0212402 0.00183638
0.0212891 0.00183638

0.0212891 0.00183638
0.0213379 0.00183638

0.0213379 0.00183638
0.0213867 0.00183639

0.0213867 0.00183639
0.0214355 0.00183639

0.0214355 0.00183639
0.0214844 0.00183639

0.0214844 0.00183639
0.0215332 0.00183639

0.0215332 0.00183639
0.021582 0.00183639

0.021582 0.00183639
0.0216309 0.0018364

0.0216309 0.0018364
0.0216797 0.0018364

0.0216797 0.0018364
0.0217285 0.0018364

0.0217285 0.0018364
0.0217773 0.0018364

0.0217773 0.0018364
0.0218262 0.00183641

0.0218262 0.00183641
0.021875 0.00183641

0.021875 0.00183641
0.0219238 0.00183641

0.0219238 0.00183641
0.0219727 0.00183642

0.0219727 0.00183642
0.0220215 0.00183642

0.0220215 0.00183642
0.0220703 0.00183642

0.0220703 0.00183642
0.0221191 0.00183643

0.0221191 0.00183643
0.022168 0.00183643

0.022168 0.00183643
0.0222168 0.00183643

0.0222168 0.00183643
0.0222656 0.00183644

0.0222656 0.00183644
0.0223145 0.00183644

0.0223145 0.00183644
0.0223633 0.00183645

0.0223633 0.00183645
0.0224121 0.00183645

0.0224121 0.00183645
0.0224609 0.00183646

0.0224609 0.00183646
0.0225098 0.00183646

0.0225098 0.00183646
0.0225586 0.00183646

0.0225586 0.00183646
0.0226074 0.00183647

0.0226074 0.00183647
0.0226562 0.00183647

0.0226563 0.00183647
0.0227051 0.00183648

0.0227051 0.00183648
0.0227539 0.00183648

0.0227539 0.00183648
0.0228027 0.00183649

0.0228027 0.00183649
0.0228516 0.00183649

0.0228516 0.00183649
0.0229004 0.0018365

0.0229004 0.0018365
0.0229492 0.0018365

0.0229492 0.0018365
0.022998 0.00183651

0.022998 0.00183651
0.0230469 0.00183651

0.0230469 0.00183651
0.0230957 0.00183652

0.0230957 0.00183652
0.0231445 0.00183652

0.0231445 0.00183652
0.0231934 0.00183653

0.0231934 0.00183653
0.0232422 0.00183653

0.0232422 0.00183653
0.023291 0.00183653

0.023291 0.00183653
0.0233398 0.00183654

0.0233398 0.00183654
0.0233887 0.00183654

0.0233887 0.00183654
0.0234375 0.00183655

0.0234375 0.00183655
0.0234863 0.00183655

0.0234863 0.00183655
0.0235352 0.00183655

0.0235352 0.00183655
0.023584 0.00183656

0.023584 0.00183656
0.0236328 0.00183656

0.0236328 0.00183656
0.0236816 0.00183657

0.0236816 0.00183657
0.0237305 0.00183657

0.0237305 0.00183657
0.0237793 0.00183657

0.0237793 0.00183657
0.0238281 0.00183657

0.0238281 0.00183657
0.023877 0.00183658

0.023877 0.00183658
0.0239258 0.00183658

0.0239258 0.00183658
0.0239746 0.00183658

0.0239746 0.00183658
0.0240234 0.00183659

0.0240234 0.00183659
0.0240723 0.00183659

0.0240723 0.00183659
0.0241211 0.00183659

0.0241211 0.00183659
0.0241699 0.00183659

0.0241699 0.00183659
0.0242188 0.00183659

0.0242188 0.00183659
0.0242676 0.00183659

0.0242676 0.00183659
0.0243164 0.0018366

0.0243164 0.0018366
0.0243652 0.0018366

0.0243652 0.0018366
0.0244141 0.0018366

0.0244141 0.0018366
0.0244629 0.0018366

0.0244629 0.0018366
0.0245117 0.0018366

0.0245117 0.0018366
0.0245605 0.0018366

0.0245605 0.0018366
0.0246094 0.0018366

0.0246094 0.0018366
0.0246582 0.0018366

0.0246582 0.0018366
0.024707 0.0018366

0.024707 0.0018366
0.0247559 0.0018366

0.0247559 0.0018366
0.0248047 0.0018366

0.0248047 0.0018366
0.0248535 0.00183659

0.0248535 0.00183659
0.0249023 0.00183659

0.0249023 0.00183659
0.0249512 0.00183659

0.0249512 0.00183659
0.025 0.00183659

0.025 0.00183659
0.0250488 0.00183659

0.0250488 0.00183659
0.0250977 0.00183658

0.0250977 0.00183658
0.0251465 0.00183658

0.0251465 0.00183658
0.0251953 0.00183658

0.0251953 0.00183658
0.0252441 0.00183657

0.0252441 0.00183657
0.025293 0.00183657

0.025293 0.00183657
0.0253418 0.00183657

0.0253418 0.00183657
0.0253906 0.00183656

0.0253906 0.00183656
0.0254395 0.00183656

0.0254395 0.00183656
0.0254883 0.00183656

0.0254883 0.00183656
0.0255371 0.00183655

0.0255371 0.00183655
0.0255859 0.00183655

0.0255859 0.00183655
0.0256348 0.00183654

0.0256348 0.00183654
0.0256836 0.00183654

0.0256836 0.00183654
0.0257324 0.00183653

0.0257324 0.00183653
0.0257812 0.00183653

0.0257813 0.00183653
0.0258301 0.00183652

0.0258301 0.00183652
0.0258789 0.00183652

0.0258789 0.00183652
0.0259277 0.00183651

0.0259277 0.00183651
0.0259766 0.00183651

0.0259766 0.00183651
0.0260254 0.0018365

0.0260254 0.0018365
0.0260742 0.0018365

0.0260742 0.0018365
0.026123 0.00183649

0.026123 0.00183649
0.0261719 0.00183648

0.0261719 0.00183648
0.0262207 0.00183648

0.0262207 0.00183648
0.0262695 0.00183647

0.0262695 0.00183647
0.0263184 0.00183646

0.0263184 0.00183646
0.0263672 0.00183646

0.0263672 0.00183646
0.026416 0.00183645

0.026416 0.00183645
0.0264648 0.00183645

0.0264648 0.00183645
0.0265137 0.00183644

0.0265137 0.00183644
0.0265625 0.00183643

0.0265625 0.00183643
0.0266113 0.00183643

0.0266113 0.00183643
0.0266602 0.00183642

0.0266602 0.00183642
0.026709 0.00183641

0.026709 0.00183641
0.0267578 0.00183641

0.0267578 0.00183641
0.0268066 0.0018364

0.0268066 0.0018364
0.0268555 0.0018364

0.0268555 0.0018364
0.0269043 0.00183639

0.0269043 0.00183639
0.0269531 0.00183639

0.0269531 0.00183639
0.027002 0.00183638

0.027002 0.00183638
0.0270508 0.00183638

0.0270508 0.00183638
0.0270996 0.00183637

0.0270996 0.00183637
0.0271484 0.00183637

0.0271484 0.00183637
0.0271973 0.00183636

0.0271973 0.00183636
0.0272461 0.00183636

0.0272461 0.00183636
0.0272949 0.00183635

0.0272949 0.00183635
0.0273438 0.00183635

0.0273438 0.00183635
0.0273926 0.00183635

0.0273926 0.00183635
0.0274414 0.00183634

0.0274414 0.00183634
0.0274902 0.00183634

0.0274902 0.00183634
0.0275391 0.00183634

0.0275391 0.00183634
0.0275879 0.00183634

0.0275879 0.00183634
0.0276367 0.00183634

0.0276367 0.00183634
0.0276855 0.00183633

0.0276855 0.00183633
0.0277344 0.00183633

0.0277344 0.00183633
0.0277832 0.00183633

0.0277832 0.00183633
0.027832 0.00183633

0.027832 0.00183633
0.0278809 0.00183633

0.0278809 0.00183633
0.0279297 0.00183633

0.0279297 0.00183633
0.0279785 0.00183633

0.0279785 0.00183633
0.0280273 0.00183634

0.0280273 0.00183634
0.0280762 0.00183634

0.0280762 0.00183634
0.028125 0.00183634

0.028125 0.00183634
0.0281738 0.00183634

0.0281738 0.00183634
0.0282227 0.00183635

0.0282227 0.00183635
0.0282715 0.00183635

0.0282715 0.00183635
0.0283203 0.00183636

0.0283203 0.00183636
0.0283691 0.00183636

0.0283691 0.00183636
0.028418 0.00183637

0.028418 0.00183637
0.0284668 0.00183637

0.0284668 0.00183637
0.0285156 0.00183638

0.0285156 0.00183638
0.0285645 0.00183639

0.0285645 0.00183639
0.0286133 0.00183639

0.0286133 0.00183639
0.0286621 0.0018364

0.0286621 0.0018364
0.0287109 0.00183641

0.0287109 0.00183641
0.0287598 0.00183642

0.0287598 0.00183642
0.0288086 0.00183643

0.0288086 0.00183643
0.0288574 0.00183644

0.0288574 0.00183644
0.0289063 0.00183645

0.0289063 0.00183645
0.0289551 0.00183646

0.0289551 0.00183646
0.0290039 0.00183647

0.0290039 0.00183647
0.0290527 0.00183648

0.0290527 0.00183648
0.0291016 0.00183649

0.0291016 0.00183649
0.0291504 0.0018365

0.0291504 0.0018365
0.0291992 0.00183651

0.0291992 0.00183651
0.029248 0.00183653

0.029248 0.00183653
0.0292969 0.00183654

0.0292969 0.00183654
0.0293457 0.00183655

0.0293457 0.00183655
0.0293945 0.00183657

0.0293945 0.00183657
0.0294434 0.00183658

0.0294434 0.00183658
0.0294922 0.00183659

0.0294922 0.00183659
0.029541 0.00183661

0.029541 0.00183661
0.0295898 0.00183662

0.0295898 0.00183662
0.0296387 0.00183663

0.0296387 0.00183663
0.0296875 0.00183665

0.0296875 0.00183665
0.0297363 0.00183666

0.0297363 0.00183666
0.0297852 0.00183668

0.0297852 0.00183668
0.029834 0.00183669

0.029834 0.00183669
0.0298828 0.0018367

0.0298828 0.0018367
0.0299316 0.00183672

0.0299316 0.00183672
0.0299805 0.00183673

0.0299805 0.00183673
0.0300293 0.00183675

0.0300293 0.00183675
0.0300781 0.00183676

0.0300781 0.00183676
0.030127 0.00183677

0.030127 0.00183678
0.0301758 0.00183679

0.0301758 0.00183679
0.0302246 0.0018368

0.0302246 0.0018368
0.0302734 0.00183682

0.0302734 0.00183682
0.0303223 0.00183683

0.0303223 0.00183683
0.0303711 0.00183684

0.0303711 0.00183684
0.0304199 0.00183685

0.0304199 0.00183685
0.0304687 0.00183687

0.0304688 0.00183687
0.0305176 0.00183688

0.0305176 0.00183688
0.0305664 0.00183689

0.0305664 0.00183689
0.0306152 0.0018369

0.0306152 0.0018369
0.0306641 0.00183691

0.0306641 0.00183691
0.0307129 0.00183692

0.0307129 0.00183692
0.0307617 0.00183693

0.0307617 0.00183693
0.0308105 0.00183694

0.0308105 0.00183694
0.0308594 0.00183695

0.0308594 0.00183695
0.0309082 0.00183696

0.0309082 0.00183696
0.030957 0.00183697

0.030957 0.00183697
0.0310059 0.00183697

0.0310059 0.00183697
0.0310547 0.00183698

0.0310547 0.00183698
0.0311035 0.00183699

0.0311035 0.00183699
0.0311523 0.00183699

0.0311523 0.00183699
0.0312012 0.001837

0.0312012 0.001837
0.03125 0.001837

0.03125 0.001837
0.0312988 0.00183701

0.0312988 0.00183701
0.0313477 0.00183701

0.0313477 0.00183701
0.0313965 0.00183702

0.0313965 0.00183702
0.0314453 0.00183702

0.0314453 0.00183702
0.0314941 0.00183702

0.0314941 0.00183702
0.031543 0.00183703

0.031543 0.00183703
0.0315918 0.00183703

0.0315918 0.00183703
0.0316406 0.00183703

0.0316406 0.00183703
0.0316895 0.00183703

0.0316895 0.00183703
0.0317383 0.00183704

0.0317383 0.00183704
0.0317871 0.00183704

0.0317871 0.00183704
0.0318359 0.00183704

0.0318359 0.00183704
0.0318848 0.00183704

0.0318848 0.00183704
0.0319336 0.00183704

0.0319336 0.00183704
0.0319824 0.00183704

0.0319824 0.00183704
0.0320312 0.00183705

0.0320313 0.00183705
0.0320801 0.00183705

0.0320801 0.00183705
0.0321289 0.00183705

0.0321289 0.00183705
0.0321777 0.00183705

0.0321777 0.00183705
0.0322266 0.00183705

0.0322266 0.00183705
0.0322754 0.00183705

0.0322754 0.00183705
0.0323242 0.00183706

0.0323242 0.00183706
0.032373 0.00183706

0.032373 0.00183706
0.0324219 0.00183706

0.0324219 0.00183706
0.0324707 0.00183706

0.0324707 0.00183706
0.0325195 0.00183707

0.0325195 0.00183707
0.0325684 0.00183707

0.0325684 0.00183707
0.0326172 0.00183707

0.0326172 0.00183707
0.032666 0.00183708

0.032666 0.00183708
0.0327148 0.00183708

0.0327148 0.00183708
0.0327637 0.00183709

0.0327637 0.00183709
0.0328125 0.00183709

0.0328125 0.00183709
0.0328613 0.0018371

0.0328613 0.0018371
0.0329102 0.0018371

0.0329102 0.0018371
0.032959 0.00183711

0.032959 0.00183711
0.0330078 0.00183712

0.0330078 0.00183712
0.0330566 0.00183712

0.0330566 0.00183712
0.0331055 0.00183713

0.0331055 0.00183713
0.0331543 0.00183714

0.0331543 0.00183714
0.0332031 0.00183715

0.0332031 0.00183715
0.033252 0.00183715

0.033252 0.00183715
0.0333008 0.00183716

0.0333008 0.00183716
0.0333496 0.00183717

0.0333496 0.00183717
0.0333984 0.00183718

0.0333984 0.00183718
0.0334473 0.00183719

0.0334473 0.00183719
0.0334961 0.0018372

0.0334961 0.0018372
0.0335449 0.00183721

0.0335449 0.00183721
0.0335937 0.00183722

0.0335938 0.00183722
0.0336426 0.00183723

0.0336426 0.00183723
0.0336914 0.00183724

0.0336914 0.00183724
0.0337402 0.00183725

0.0337402 0.00183725
0.0337891 0.00183727

0.0337891 0.00183727
0.0338379 0.00183728

0.0338379 0.00183728
0.0338867 0.00183729

0.0338867 0.00183729
0.0339355 0.0018373

0.0339355 0.0018373
0.0339844 0.00183731

0.0339844 0.00183731
0.0340332 0.00183732

0.0340332 0.00183732
0.034082 0.00183733

0.034082 0.00183733
0.0341309 0.00183734

0.0341309 0.00183734
0.0341797 0.00183735

0.0341797 0.00183735
0.0342285 0.00183736

0.0342285 0.00183736
0.0342773 0.00183736

0.0342773 0.00183736
0.0343262 0.00183737

0.0343262 0.00183737
0.034375 0.00183738

0.034375 0.00183738
0.0344238 0.00183739

0.0344238 0.00183739
0.0344727 0.0018374

0.0344727 0.0018374
0.0345215 0.0018374

0.0345215 0.0018374
0.0345703 0.00183741

0.0345703 0.00183741
0.0346191 0.00183742

0.0346191 0.00183742
0.034668 0.00183742

0.034668 0.00183742
0.0347168 0.00183743

0.0347168 0.00183743
0.0347656 0.00183744

0.0347656 0.00183744
0.0348145 0.00183744

0.0348145 0.00183744
0.0348633 0.00183745

0.0348633 0.00183745
0.0349121 0.00183745

0.0349121 0.00183745
0.0349609 0.00183746

0.0349609 0.00183746
0.0350098 0.00183746

0.0350098 0.00183746
0.0350586 0.00183747

0.0350586 0.00183747
0.0351074 0.00183747

0.0351074 0.00183747
0.0351562 0.00183748

0.0351562 0.00183748
0.0352051 0.00183748

0.0352051 0.00183748
0.0352539 0.00183749

0.0352539 0.00183749
0.0353027 0.00183749

0.0353027 0.00183749
0.0353516 0.0018375

0.0353516 0.0018375
0.0354004 0.0018375

0.0354004 0.0018375
0.0354492 0.00183751

0.0354492 0.00183751
0.035498 0.00183752

0.035498 0.00183752
0.0355469 0.00183752

0.0355469 0.00183752
0.0355957 0.00183753

0.0355957 0.00183753
0.0356445 0.00183753

0.0356445 0.00183753
0.0356934 0.00183754

0.0356934 0.00183754
0.0357422 0.00183755

0.0357422 0.00183755
0.035791 0.00183755

0.035791 0.00183755
0.0358398 0.00183756

0.0358398 0.00183756
0.0358887 0.00183757

0.0358887 0.00183757
0.0359375 0.00183758

0.0359375 0.00183758
0.0359863 0.00183758

0.0359863 0.00183758
0.0360352 0.00183759

0.0360352 0.00183759
0.036084 0.0018376

0.036084 0.0018376
0.0361328 0.00183761

0.0361328 0.00183761
0.0361816 0.00183761

0.0361816 0.00183761
0.0362305 0.00183762

0.0362305 0.00183762
0.0362793 0.00183763

0.0362793 0.00183763
0.0363281 0.00183764

0.0363281 0.00183764
0.036377 0.00183764

0.036377 0.00183764
0.0364258 0.00183765

0.0364258 0.00183765
0.0364746 0.00183766

0.0364746 0.00183766
0.0365234 0.00183767

0.0365234 0.00183767
0.0365723 0.00183767

0.0365723 0.00183767
0.0366211 0.00183768

0.0366211 0.00183768
0.0366699 0.00183769

0.0366699 0.00183769
0.0367188 0.00183769

0.0367188 0.00183769
0.0367676 0.0018377

0.0367676 0.0018377
0.0368164 0.00183771

0.0368164 0.00183771
0.0368652 0.00183771

0.0368652 0.00183771
0.0369141 0.00183772

0.0369141 0.00183772
0.0369629 0.00183772

0.0369629 0.00183772
0.0370117 0.00183773

0.0370117 0.00183773
0.0370605 0.00183774

0.0370605 0.00183774
0.0371094 0.00183774

0.0371094 0.00183774
0.0371582 0.00183775

0.0371582 0.00183775
0.037207 0.00183775

0.037207 0.00183775
0.0372559 0.00183776

0.0372559 0.00183776
0.0373047 0.00183777

0.0373047 0.00183777
0.0373535 0.00183777

0.0373535 0.00183777
0.0374023 0.00183778

0.0374023 0.00183778
0.0374512 0.00183779

0.0374512 0.00183779
0.0375 0.00183779

0.0375 0.00183779
0.0375488 0.0018378

0.0375488 0.0018378
0.0375977 0.00183781

0.0375977 0.00183781
0.0376465 0.00183781

0.0376465 0.00183781
0.0376953 0.00183782

0.0376953 0.00183782
0.0377441 0.00183783

0.0377441 0.00183783
0.037793 0.00183784

0.037793 0.00183784
0.0378418 0.00183784

0.0378418 0.00183784
0.0378906 0.00183785

0.0378906 0.00183785
0.0379395 0.00183786

0.0379395 0.00183786
0.0379883 0.00183786

0.0379883 0.00183786
0.0380371 0.00183787

0.0380371 0.00183787
0.0380859 0.00183788

0.0380859 0.00183788
0.0381348 0.00183789

0.0381348 0.00183789
0.0381836 0.00183789

0.0381836 0.00183789
0.0382324 0.0018379

0.0382324 0.0018379
0.0382813 0.00183791

0.0382813 0.00183791
0.0383301 0.00183792

0.0383301 0.00183792
0.0383789 0.00183793

0.0383789 0.00183793
0.0384277 0.00183793

0.0384277 0.00183793
0.0384766 0.00183794

0.0384766 0.00183794
0.0385254 0.00183795

0.0385254 0.00183795
0.0385742 0.00183796

0.0385742 0.00183796
0.038623 0.00183796

0.038623 0.00183796
0.0386719 0.00183797

0.0386719 0.00183797
0.0387207 0.00183798

0.0387207 0.00183798
0.0387695 0.00183799

0.0387695 0.00183799
0.0388184 0.001838

0.0388184 0.001838
0.0388672 0.00183801

0.0388672 0.00183801
0.038916 0.00183801

0.038916 0.00183801
0.0389648 0.00183802

0.0389648 0.00183802
0.0390137 0.00183803

0.0390137 0.00183803
0.0390625 0.00183804

0.0390625 0.00183804
0.0391113 0.00183805

0.0391113 0.00183805
0.0391602 0.00183806

0.0391602 0.00183806
0.039209 0.00183807

0.039209 0.00183807
0.0392578 0.00183808

0.0392578 0.00183808
0.0393066 0.00183809

0.0393066 0.00183809
0.0393555 0.00183809

0.0393555 0.00183809
0.0394043 0.0018381

0.0394043 0.0018381
0.0394531 0.00183811

0.0394531 0.00183811
0.039502 0.00183812

0.039502 0.00183812
0.0395508 0.00183813

0.0395508 0.00183813
0.0395996 0.00183814

0.0395996 0.00183814
0.0396484 0.00183815

0.0396484 0.00183815
0.0396973 0.00183816

0.0396973 0.00183816
0.0397461 0.00183817

0.0397461 0.00183817
0.0397949 0.00183818

0.0397949 0.00183818
0.0398438 0.00183819

0.0398438 0.00183819
0.0398926 0.0018382

0.0398926 0.0018382
0.0399414 0.00183821

0.0399414 0.00183821
0.0399902 0.00183822

0.0399902 0.00183822
0.0400391 0.00183823

0.0400391 0.00183823
0.0400879 0.00183824

0.0400879 0.00183824
0.0401367 0.00183825

0.0401367 0.00183825
0.0401855 0.00183826

0.0401855 0.00183826
0.0402344 0.00183827

0.0402344 0.00183827
0.0402832 0.00183828

0.0402832 0.00183828
0.040332 0.00183829

0.040332 0.00183829
0.0403809 0.0018383

0.0403809 0.0018383
0.0404297 0.00183831

0.0404297 0.00183831
0.0404785 0.00183832

0.0404785 0.00183832
0.0405273 0.00183833

0.0405273 0.00183833
0.0405762 0.00183834

0.0405762 0.00183834
0.040625 0.00183835

0.040625 0.00183835
0.0406738 0.00183836

0.0406738 0.00183836
0.0407227 0.00183837

0.0407227 0.00183837
0.0407715 0.00183839

0.0407715 0.00183839
0.0408203 0.0018384

0.0408203 0.0018384
0.0408691 0.00183841

0.0408691 0.00183841
0.040918 0.00183842

0.040918 0.00183842
0.0409668 0.00183843

0.0409668 0.00183843
0.0410156 0.00183844

0.0410156 0.00183844
0.0410645 0.00183845

0.0410645 0.00183845
0.0411133 0.00183846

0.0411133 0.00183846
0.0411621 0.00183848

0.0411621 0.00183848
0.0412109 0.00183849

0.0412109 0.00183849
0.0412598 0.0018385

0.0412598 0.0018385
0.0413086 0.00183851

0.0413086 0.00183851
0.0413574 0.00183852

0.0413574 0.00183852
0.0414062 0.00183853

0.0414063 0.00183853
0.0414551 0.00183854

0.0414551 0.00183854
0.0415039 0.00183856

0.0415039 0.00183856
0.0415527 0.00183857

0.0415527 0.00183857
0.0416016 0.00183858

0.0416016 0.00183858
0.0416504 0.00183859

0.0416504 0.00183859
0.0416992 0.0018386

0.0416992 0.0018386
0.041748 0.00183861

0.041748 0.00183861
0.0417969 0.00183862

0.0417969 0.00183862
0.0418457 0.00183863

0.0418457 0.00183863
0.0418945 0.00183865

0.0418945 0.00183865
0.0419434 0.00183866

0.0419434 0.00183866
0.0419922 0.00183867

0.0419922 0.00183867
0.042041 0.00183868

0.042041 0.00183868
0.0420898 0.00183869

0.0420898 0.00183869
0.0421387 0.0018387

0.0421387 0.0018387
0.0421875 0.00183871

0.0421875 0.00183871
0.0422363 0.00183872

0.0422363 0.00183872
0.0422852 0.00183873

0.0422852 0.00183873
0.042334 0.00183874

0.042334 0.00183874
0.0423828 0.00183875

0.0423828 0.00183875
0.0424316 0.00183876

0.0424316 0.00183876
0.0424805 0.00183877

0.0424805 0.00183877
0.0425293 0.00183878

0.0425293 0.00183878
0.0425781 0.00183879

0.0425781 0.00183879
0.042627 0.0018388

0.042627 0.0018388
0.0426758 0.00183881

0.0426758 0.00183881
0.0427246 0.00183882

0.0427246 0.00183882
0.0427734 0.00183883

0.0427734 0.00183883
0.0428223 0.00183884

0.0428223 0.00183884
0.0428711 0.00183885

0.0428711 0.00183885
0.0429199 0.00183886

0.0429199 0.00183886
0.0429688 0.00183887

0.0429688 0.00183887
0.0430176 0.00183888

0.0430176 0.00183888
0.0430664 0.00183888

0.0430664 0.00183888
0.0431152 0.00183889

0.0431152 0.00183889
0.0431641 0.0018389

0.0431641 0.0018389
0.0432129 0.00183891

0.0432129 0.00183891
0.0432617 0.00183892

0.0432617 0.00183892
0.0433105 0.00183893

0.0433105 0.00183893
0.0433594 0.00183894

0.0433594 0.00183894
0.0434082 0.00183894

0.0434082 0.00183894
0.043457 0.00183895

0.043457 0.00183895
0.0435059 0.00183896

0.0435059 0.00183896
0.0435547 0.00183897

0.0435547 0.00183897
0.0436035 0.00183898

0.0436035 0.00183898
0.0436523 0.00183899

0.0436523 0.00183899
0.0437012 0.00183899

0.0437012 0.00183899
0.04375 0.001839

0.04375 0.001839
0.0437988 0.00183901

0.0437988 0.00183901
0.0438477 0.00183902

0.0438477 0.00183902
0.0438965 0.00183902

0.0438965 0.00183902
0.0439453 0.00183903

0.0439453 0.00183903
0.0439941 0.00183904

0.0439941 0.00183904
0.044043 0.00183905

0.044043 0.00183905
0.0440918 0.00183905

0.0440918 0.00183905
0.0441406 0.00183906

0.0441406 0.00183906
0.0441895 0.00183907

0.0441895 0.00183907
0.0442383 0.00183908

0.0442383 0.00183908
0.0442871 0.00183908

0.0442871 0.00183908
0.0443359 0.00183909

0.0443359 0.00183909
0.0443848 0.0018391

0.0443848 0.0018391
0.0444336 0.00183911

0.0444336 0.00183911
0.0444824 0.00183911

0.0444824 0.00183911
0.0445313 0.00183912

0.0445313 0.00183912
0.0445801 0.00183913

0.0445801 0.00183913
0.0446289 0.00183914

0.0446289 0.00183914
0.0446777 0.00183914

0.0446777 0.00183914
0.0447266 0.00183915

0.0447266 0.00183915
0.0447754 0.00183916

0.0447754 0.00183916
0.0448242 0.00183917

0.0448242 0.00183917
0.044873 0.00183917

0.044873 0.00183917
0.0449219 0.00183918

0.0449219 0.00183918
0.0449707 0.00183919

0.0449707 0.00183919
0.0450195 0.00183919

0.0450195 0.00183919
0.0450684 0.0018392

0.0450684 0.0018392
0.0451172 0.00183921

0.0451172 0.00183921
0.045166 0.00183922

0.045166 0.00183922
0.0452148 0.00183922

0.0452148 0.00183922
0.0452637 0.00183923

0.0452637 0.00183923
0.0453125 0.00183924

0.0453125 0.00183924
0.0453613 0.00183925

0.0453613 0.00183925
0.0454102 0.00183925

0.0454102 0.00183925
0.045459 0.00183926

0.045459 0.00183926
0.0455078 0.00183927

0.0455078 0.00183927
0.0455566 0.00183928

0.0455566 0.00183928
0.0456055 0.00183928

0.0456055 0.00183928
0.0456543 0.00183929

0.0456543 0.00183929
0.0457031 0.0018393

0.0457031 0.0018393
0.045752 0.00183931

0.045752 0.00183931
0.0458008 0.00183931

0.0458008 0.00183931
0.0458496 0.00183932

0.0458496 0.00183932
0.0458984 0.00183933

0.0458984 0.00183933
0.0459473 0.00183934

0.0459473 0.00183934
0.0459961 0.00183935

0.0459961 0.00183935
0.0460449 0.00183935

0.0460449 0.00183935
0.0460938 0.00183936

0.0460938 0.00183936
0.0461426 0.00183937

0.0461426 0.00183937
0.0461914 0.00183938

0.0461914 0.00183938
0.0462402 0.00183939

0.0462402 0.00183939
0.0462891 0.0018394

0.0462891 0.0018394
0.0463379 0.0018394

0.0463379 0.0018394
0.0463867 0.00183941

0.0463867 0.00183941
0.0464355 0.00183942

0.0464355 0.00183942
0.0464844 0.00183943

0.0464844 0.00183943
0.0465332 0.00183944

0.0465332 0.00183944
0.046582 0.00183945

0.046582 0.00183945
0.0466309 0.00183946

0.0466309 0.00183946
0.0466797 0.00183947

0.0466797 0.00183947
0.0467285 0.00183947

0.0467285 0.00183947
0.0467773 0.00183948

0.0467773 0.00183948
0.0468262 0.00183949

0.0468262 0.00183949
0.046875 0.0018395

0.046875 0.0018395
0.0469238 0.00183951

0.0469238 0.00183951
0.0469727 0.00183952

0.0469727 0.00183952
0.0470215 0.00183953

0.0470215 0.00183953
0.0470703 0.00183954

0.0470703 0.00183954
0.0471191 0.00183954

0.0471191 0.00183954
0.047168 0.00183955

0.047168 0.00183955
0.0472168 0.00183956

0.0472168 0.00183956
0.0472656 0.00183957

0.0472656 0.00183957
0.0473145 0.00183958

0.0473145 0.00183958
0.0473633 0.00183959

0.0473633 0.00183959
0.0474121 0.0018396

0.0474121 0.0018396
0.0474609 0.00183961

0.0474609 0.00183961
0.0475098 0.00183962

0.0475098 0.00183962
0.0475586 0.00183963

0.0475586 0.00183963
0.0476074 0.00183963

0.0476074 0.00183963
0.0476563 0.00183964

0.0476563 0.00183964
0.0477051 0.00183965

0.0477051 0.00183965
0.0477539 0.00183966

0.0477539 0.00183966
0.0478027 0.00183967

0.0478027 0.00183967
0.0478516 0.00183968

0.0478516 0.00183968
0.0479004 0.00183969

0.0479004 0.00183969
0.0479492 0.0018397

0.0479492 0.0018397
0.047998 0.00183971

0.047998 0.00183971
0.0480469 0.00183971

0.0480469 0.00183971
0.0480957 0.00183972

0.0480957 0.00183972
0.0481445 0.00183973

0.0481445 0.00183973
0.0481934 0.00183974

0.0481934 0.00183974
0.0482422 0.00183975

0.0482422 0.00183975
0.048291 0.00183976

0.048291 0.00183976
0.0483398 0.00183977

0.0483398 0.00183977
0.0483887 0.00183978

0.0483887 0.00183978
0.0484375 0.00183979

0.0484375 0.00183979
0.0484863 0.00183979

0.0484863 0.00183979
0.0485352 0.0018398

0.0485352 0.0018398
0.048584 0.00183981

0.048584 0.00183981
0.0486328 0.00183982

0.0486328 0.00183982
0.0486816 0.00183983

0.0486816 0.00183983
0.0487305 0.00183984

0.0487305 0.00183984
0.0487793 0.00183985

0.0487793 0.00183985
0.0488281 0.00183986

0.0488281 0.00183986
0.048877 0.00183987

0.048877 0.00183987
0.0489258 0.00183988

0.0489258 0.00183988
0.0489746 0.00183989

0.0489746 0.00183989
0.0490234 0.0018399

0.0490234 0.0018399
0.0490723 0.00183991

0.0490723 0.00183991
0.0491211 0.00183991

0.0491211 0.00183991
0.0491699 0.00183992

0.0491699 0.00183992
0.0492187 0.00183993

0.0492188 0.00183993
0.0492676 0.00183994

0.0492676 0.00183994
0.0493164 0.00183995

0.0493164 0.00183995
0.0493652 0.00183996

0.0493652 0.00183996
0.0494141 0.00183997

0.0494141 0.00183997
0.0494629 0.00183998

0.0494629 0.00183998
0.0495117 0.00183999

0.0495117 0.00183999
0.0495605 0.00184

0.0495605 0.00184
0.0496094 0.00184001

0.0496094 0.00184001
0.0496582 0.00184002

0.0496582 0.00184002
0.049707 0.00184003

0.049707 0.00184003
0.0497559 0.00184003

0.0497559 0.00184003
0.0498047 0.00184004

0.0498047 0.00184004
0.0498535 0.00184005

0.0498535 0.00184005
0.0499023 0.00184006

0.0499023 0.00184006
0.0499512 0.00184007

0.0499512 0.00184007
0.05 0.00184008

0.05 0.00184008
0.0500488 0.00184009

0.0500488 0.00184009
0.0500977 0.0018401

0.0500977 0.0018401
0.0501465 0.00184011

0.0501465 0.00184011
0.0501953 0.00184011

0.0501953 0.00184011
0.0502441 0.00184012

0.0502441 0.00184012
0.050293 0.00184013

0.050293 0.00184013
0.0503418 0.00184014

0.0503418 0.00184014
0.0503906 0.00184015

0.0503906 0.00184015
0.0504395 0.00184016

0.0504395 0.00184016
0.0504883 0.00184016

0.0504883 0.00184016
0.0505371 0.00184017

0.0505371 0.00184017
0.0505859 0.00184018

0.0505859 0.00184018
0.0506348 0.00184019

0.0506348 0.00184019
0.0506836 0.0018402

0.0506836 0.0018402
0.0507324 0.0018402

0.0507324 0.0018402
0.0507812 0.00184021

0.0507813 0.00184021
0.0508301 0.00184022

0.0508301 0.00184022
0.0508789 0.00184023

0.0508789 0.00184023
0.0509277 0.00184023

0.0509277 0.00184023
0.0509766 0.00184024

0.0509766 0.00184024
0.0510254 0.00184025

0.0510254 0.00184025
0.0510742 0.00184026

0.0510742 0.00184026
0.051123 0.00184027

0.051123 0.00184027
0.0511719 0.00184027

0.0511719 0.00184027
0.0512207 0.00184028

0.0512207 0.00184028
0.0512695 0.00184029

0.0512695 0.00184029
0.0513184 0.00184029

0.0513184 0.00184029
0.0513672 0.0018403

0.0513672 0.0018403
0.051416 0.00184031

0.051416 0.00184031
0.0514648 0.00184032

0.0514648 0.00184032
0.0515137 0.00184032

0.0515137 0.00184032
0.0515625 0.00184033

0.0515625 0.00184033
0.0516113 0.00184034

0.0516113 0.00184034
0.0516602 0.00184035

0.0516602 0.00184035
0.051709 0.00184035

0.051709 0.00184035
0.0517578 0.00184036

0.0517578 0.00184036
0.0518066 0.00184037

0.0518066 0.00184037
0.0518555 0.00184037

0.0518555 0.00184037
0.0519043 0.00184038

0.0519043 0.00184038
0.0519531 0.00184039

0.0519531 0.00184039
0.052002 0.0018404

0.052002 0.0018404
0.0520508 0.0018404

0.0520508 0.0018404
0.0520996 0.00184041

0.0520996 0.00184041
0.0521484 0.00184042

0.0521484 0.00184042
0.0521973 0.00184042

0.0521973 0.00184042
0.0522461 0.00184043

0.0522461 0.00184043
0.0522949 0.00184044

0.0522949 0.00184044
0.0523438 0.00184044

0.0523438 0.00184044
0.0523926 0.00184045

0.0523926 0.00184045
0.0524414 0.00184046

0.0524414 0.00184046
0.0524902 0.00184046

0.0524902 0.00184046
0.0525391 0.00184047

0.0525391 0.00184047
0.0525879 0.00184048

0.0525879 0.00184048
0.0526367 0.00184048

0.0526367 0.00184048
0.0526855 0.00184049

0.0526855 0.00184049
0.0527344 0.0018405

0.0527344 0.0018405
0.0527832 0.0018405

0.0527832 0.0018405
0.052832 0.00184051

0.052832 0.00184051
0.0528809 0.00184052

0.0528809 0.00184052
0.0529297 0.00184052

0.0529297 0.00184052
0.0529785 0.00184053

0.0529785 0.00184053
0.0530273 0.00184054

0.0530273 0.00184054
0.0530762 0.00184054

0.0530762 0.00184054
0.053125 0.00184055

0.053125 0.00184055
0.0531738 0.00184056

0.0531738 0.00184056
0.0532227 0.00184056

0.0532227 0.00184056
0.0532715 0.00184057

0.0532715 0.00184057
0.0533203 0.00184058

0.0533203 0.00184058
0.0533691 0.00184058

0.0533691 0.00184058
0.053418 0.00184059

0.053418 0.00184059
0.0534668 0.0018406

0.0534668 0.0018406
0.0535156 0.0018406

0.0535156 0.0018406
0.0535645 0.00184061

0.0535645 0.00184061
0.0536133 0.00184062

0.0536133 0.00184062
0.0536621 0.00184062

0.0536621 0.00184062
0.0537109 0.00184063

0.0537109 0.00184063
0.0537598 0.00184064

0.0537598 0.00184064
0.0538086 0.00184064

0.0538086 0.00184064
0.0538574 0.00184065

0.0538574 0.00184065
0.0539063 0.00184065

0.0539063 0.00184065
0.0539551 0.00184066

0.0539551 0.00184066
0.0540039 0.00184067

0.0540039 0.00184067
0.0540527 0.00184067

0.0540527 0.00184067
0.0541016 0.00184068

0.0541016 0.00184068
0.0541504 0.00184069

0.0541504 0.00184069
0.0541992 0.00184069

0.0541992 0.00184069
0.054248 0.0018407

0.054248 0.0018407
0.0542969 0.00184071

0.0542969 0.00184071
0.0543457 0.00184071

0.0543457 0.00184071
0.0543945 0.00184072

0.0543945 0.00184072
0.0544434 0.00184073

0.0544434 0.00184073
0.0544922 0.00184073

0.0544922 0.00184073
0.054541 0.00184074

0.054541 0.00184074
0.0545898 0.00184075

0.0545898 0.00184075
0.0546387 0.00184075

0.0546387 0.00184075
0.0546875 0.00184076

0.0546875 0.00184076
0.0547363 0.00184077

0.0547363 0.00184077
0.0547852 0.00184077

0.0547852 0.00184077
0.054834 0.00184078

0.054834 0.00184078
0.0548828 0.00184078

0.0548828 0.00184078
0.0549316 0.00184079

0.0549316 0.00184079
0.0549805 0.0018408

0.0549805 0.0018408
0.0550293 0.0018408

0.0550293 0.0018408
0.0550781 0.00184081

0.0550781 0.00184081
0.055127 0.00184082

0.055127 0.00184082
0.0551758 0.00184082

0.0551758 0.00184082
0.0552246 0.00184083

0.0552246 0.00184083
0.0552734 0.00184084

0.0552734 0.00184084
0.0553223 0.00184084

0.0553223 0.00184084
0.0553711 0.00184085

0.0553711 0.00184085
0.0554199 0.00184086

0.0554199 0.00184086
0.0554688 0.00184086

0.0554688 0.00184086
0.0555176 0.00184087

0.0555176 0.00184087
0.0555664 0.00184088

0.0555664 0.00184088
0.0556152 0.00184088

0.0556152 0.00184088
0.0556641 0.00184089

0.0556641 0.00184089
0.0557129 0.0018409

0.0557129 0.0018409
0.0557617 0.0018409

0.0557617 0.0018409
0.0558105 0.00184091

0.0558105 0.00184091
0.0558594 0.00184092

0.0558594 0.00184092
0.0559082 0.00184092

0.0559082 0.00184092
0.055957 0.00184093

0.055957 0.00184093
0.0560059 0.00184094

0.0560059 0.00184094
0.0560547 0.00184094

0.0560547 0.00184094
0.0561035 0.00184095

0.0561035 0.00184095
0.0561523 0.00184096

0.0561523 0.00184096
0.0562012 0.00184096

0.0562012 0.00184096
0.05625 0.00184097

0.05625 0.00184097
0.0562988 0.00184097

0.0562988 0.00184097
0.0563477 0.00184098

0.0563477 0.00184098
0.0563965 0.00184099

0.0563965 0.00184099
0.0564453 0.00184099

0.0564453 0.00184099
0.0564941 0.001841

0.0564941 0.001841
0.056543 0.00184101

0.056543 0.00184101
0.0565918 0.00184101

0.0565918 0.00184101
0.0566406 0.00184102

0.0566406 0.00184102
0.0566895 0.00184102

0.0566895 0.00184102
0.0567383 0.00184103

0.0567383 0.00184103
0.0567871 0.00184104

0.0567871 0.00184104
0.0568359 0.00184104

0.0568359 0.00184104
0.0568848 0.00184105

0.0568848 0.00184105
0.0569336 0.00184105

0.0569336 0.00184105
0.0569824 0.00184106

0.0569824 0.00184106
0.0570312 0.00184107

0.0570313 0.00184107
0.0570801 0.00184107

0.0570801 0.00184107
0.0571289 0.00184108

0.0571289 0.00184108
0.0571777 0.00184108

0.0571777 0.00184108
0.0572266 0.00184109

0.0572266 0.00184109
0.0572754 0.0018411

0.0572754 0.0018411
0.0573242 0.0018411

0.0573242 0.0018411
0.057373 0.00184111

0.057373 0.00184111
0.0574219 0.00184111

0.0574219 0.00184111
0.0574707 0.00184112

0.0574707 0.00184112
0.0575195 0.00184112

0.0575195 0.00184112
0.0575684 0.00184113

0.0575684 0.00184113
0.0576172 0.00184114

0.0576172 0.00184114
0.057666 0.00184114

0.057666 0.00184114
0.0577148 0.00184115

0.0577148 0.00184115
0.0577637 0.00184115

0.0577637 0.00184115
0.0578125 0.00184116

0.0578125 0.00184116
0.0578613 0.00184116

0.0578613 0.00184116
0.0579102 0.00184117

0.0579102 0.00184117
0.057959 0.00184117

0.057959 0.00184117
0.0580078 0.00184118

0.0580078 0.00184118
0.0580566 0.00184119

0.0580566 0.00184119
0.0581055 0.00184119

0.0581055 0.00184119
0.0581543 0.0018412

0.0581543 0.0018412
0.0582031 0.0018412

0.0582031 0.0018412
0.058252 0.00184121

0.058252 0.00184121
0.0583008 0.00184121

0.0583008 0.00184121
0.0583496 0.00184122

0.0583496 0.00184122
0.0583984 0.00184122

0.0583984 0.00184122
0.0584473 0.00184123

0.0584473 0.00184123
0.0584961 0.00184123

0.0584961 0.00184123
0.0585449 0.00184124

0.0585449 0.00184124
0.0585938 0.00184125

0.0585938 0.00184125
0.0586426 0.00184125

0.0586426 0.00184125
0.0586914 0.00184126

0.0586914 0.00184126
0.0587402 0.00184126

0.0587402 0.00184126
0.0587891 0.00184127

0.0587891 0.00184127
0.0588379 0.00184127

0.0588379 0.00184127
0.0588867 0.00184128

0.0588867 0.00184128
0.0589355 0.00184128

0.0589355 0.00184128
0.0589844 0.00184129

0.0589844 0.00184129
0.0590332 0.00184129

0.0590332 0.00184129
0.059082 0.0018413

0.059082 0.0018413
0.0591309 0.00184131

0.0591309 0.00184131
0.0591797 0.00184131

0.0591797 0.00184131
0.0592285 0.00184132

0.0592285 0.00184132
0.0592773 0.00184132

0.0592773 0.00184132
0.0593262 0.00184133

0.0593262 0.00184133
0.059375 0.00184133

0.059375 0.00184133
0.0594238 0.00184134

0.0594238 0.00184134
0.0594727 0.00184134

0.0594727 0.00184134
0.0595215 0.00184135

0.0595215 0.00184135
0.0595703 0.00184135

0.0595703 0.00184135
0.0596191 0.00184136

0.0596191 0.00184136
0.059668 0.00184137

0.059668 0.00184137
0.0597168 0.00184137

0.0597168 0.00184137
0.0597656 0.00184138

0.0597656 0.00184138
0.0598145 0.00184138

0.0598145 0.00184138
0.0598633 0.00184139

0.0598633 0.00184139
0.0599121 0.00184139

0.0599121 0.00184139
0.0599609 0.0018414

0.0599609 0.0018414
0.0600098 0.00184141

0.0600098 0.00184141
0.0600586 0.00184141

0.0600586 0.00184141
0.0601074 0.00184142

0.0601074 0.00184142
0.0601563 0.00184142

0.0601563 0.00184142
0.0602051 0.00184143

0.0602051 0.00184143
0.0602539 0.00184143

0.0602539 0.00184143
0.0603027 0.00184144

0.0603027 0.00184144
0.0603516 0.00184145

0.0603516 0.00184145
0.0604004 0.00184145

0.0604004 0.00184145
0.0604492 0.00184146

0.0604492 0.00184146
0.060498 0.00184146

0.060498 0.00184146
0.0605469 0.00184147

0.0605469 0.00184147
0.0605957 0.00184147

0.0605957 0.00184147
0.0606445 0.00184148

0.0606445 0.00184148
0.0606934 0.00184149

0.0606934 0.00184149
0.0607422 0.00184149

0.0607422 0.00184149
0.060791 0.0018415

0.060791 0.0018415
0.0608398 0.0018415

0.0608398 0.0018415
0.0608887 0.00184151

0.0608887 0.00184151
0.0609375 0.00184152

0.0609375 0.00184152
0.0609863 0.00184152

0.0609863 0.00184152
0.0610352 0.00184153

0.0610352 0.00184153
0.061084 0.00184153

0.061084 0.00184153
0.0611328 0.00184154

0.0611328 0.00184154
0.0611816 0.00184155

0.0611816 0.00184155
0.0612305 0.00184155

0.0612305 0.00184155
0.0612793 0.00184156

0.0612793 0.00184156
0.0613281 0.00184157

0.0613281 0.00184157
0.061377 0.00184157

0.061377 0.00184157
0.0614258 0.00184158

0.0614258 0.00184158
0.0614746 0.00184158

0.0614746 0.00184158
0.0615234 0.00184159

0.0615234 0.00184159
0.0615723 0.0018416

0.0615723 0.0018416
0.0616211 0.0018416

0.0616211 0.0018416
0.0616699 0.00184161

0.0616699 0.00184161
0.0617188 0.00184162

0.0617188 0.00184162
0.0617676 0.00184162

0.0617676 0.00184162
0.0618164 0.00184163

0.0618164 0.00184163
0.0618652 0.00184164

0.0618652 0.00184164
0.0619141 0.00184164

0.0619141 0.00184164
0.0619629 0.00184165

0.0619629 0.00184165
0.0620117 0.00184166

0.0620117 0.00184166
0.0620605 0.00184166

0.0620605 0.00184166
0.0621094 0.00184167

0.0621094 0.00184167
0.0621582 0.00184168

0.0621582 0.00184168
0.062207 0.00184168

0.062207 0.00184168
0.0622559 0.00184169

0.0622559 0.00184169
0.0623047 0.0018417

0.0623047 0.0018417
0.0623535 0.0018417

0.0623535 0.0018417
0.0624023 0.00184171

0.0624023 0.00184171
0.0624512 0.00184172

0.0624512 0.00184172
0.0625 0.00184172

0.0625 0.00184172
0.0625488 0.00184173

0.0625488 0.00184173
0.0625977 0.00184174

0.0625977 0.00184174
0.0626465 0.00184175

0.0626465 0.00184175
0.0626953 0.00184175

0.0626953 0.00184175
0.0627441 0.00184176

0.0627441 0.00184176
0.062793 0.00184177

0.062793 0.00184177
0.0628418 0.00184177

0.0628418 0.00184177
0.0628906 0.00184178

0.0628906 0.00184178
0.0629395 0.00184179

0.0629395 0.00184179
0.0629883 0.0018418

0.0629883 0.0018418
0.0630371 0.0018418

0.0630371 0.0018418
0.0630859 0.00184181

0.0630859 0.00184181
0.0631348 0.00184182

0.0631348 0.00184182
0.0631836 0.00184183

0.0631836 0.00184183
0.0632324 0.00184183

0.0632324 0.00184183
0.0632813 0.00184184

0.0632812 0.00184184
0.0633301 0.00184185

0.0633301 0.00184185
0.0633789 0.00184186

0.0633789 0.00184186
0.0634277 0.00184186

0.0634277 0.00184186
0.0634766 0.00184187

0.0634766 0.00184187
0.0635254 0.00184188

0.0635254 0.00184188
0.0635742 0.00184189

0.0635742 0.00184189
0.063623 0.00184189

0.063623 0.00184189
0.0636719 0.0018419

0.0636719 0.0018419
0.0637207 0.00184191

0.0637207 0.00184191
0.0637695 0.00184192

0.0637695 0.00184192
0.0638184 0.00184192

0.0638184 0.00184192
0.0638672 0.00184193

0.0638672 0.00184193
0.063916 0.00184194

0.063916 0.00184194
0.0639648 0.00184195

0.0639648 0.00184195
0.0640137 0.00184196

0.0640137 0.00184196
0.0640625 0.00184196

0.0640625 0.00184196
0.0641113 0.00184197

0.0641113 0.00184197
0.0641602 0.00184198

0.0641602 0.00184198
0.064209 0.00184199

0.064209 0.00184199
0.0642578 0.00184199

0.0642578 0.00184199
0.0643066 0.001842

0.0643066 0.001842
0.0643555 0.00184201

0.0643555 0.00184201
0.0644043 0.00184202

0.0644043 0.00184202
0.0644531 0.00184202

0.0644531 0.00184202
0.064502 0.00184203

0.064502 0.00184203
0.0645508 0.00184204

0.0645508 0.00184204
0.0645996 0.00184205

0.0645996 0.00184205
0.0646484 0.00184206

0.0646484 0.00184206
0.0646973 0.00184206

0.0646973 0.00184206
0.0647461 0.00184207

0.0647461 0.00184207
0.0647949 0.00184208

0.0647949 0.00184208
0.0648438 0.00184209

0.0648437 0.00184209
0.0648926 0.00184209

0.0648926 0.00184209
0.0649414 0.0018421

0.0649414 0.0018421
0.0649902 0.00184211

0.0649902 0.00184211
0.0650391 0.00184212

0.0650391 0.00184212
0.0650879 0.00184212

0.0650879 0.00184212
0.0651367 0.00184213

0.0651367 0.00184213
0.0651855 0.00184214

0.0651855 0.00184214
0.0652344 0.00184214

0.0652344 0.00184214
0.0652832 0.00184215

0.0652832 0.00184215
0.065332 0.00184216

0.065332 0.00184216
0.0653809 0.00184217

0.0653809 0.00184217
0.0654297 0.00184217

0.0654297 0.00184217
0.0654785 0.00184218

0.0654785 0.00184218
0.0655273 0.00184219

0.0655273 0.00184219
0.0655762 0.00184219

0.0655762 0.00184219
0.065625 0.0018422

0.065625 0.0018422
0.0656738 0.00184221

0.0656738 0.00184221
0.0657227 0.00184221

0.0657227 0.00184221
0.0657715 0.00184222

0.0657715 0.00184222
0.0658203 0.00184223

0.0658203 0.00184223
0.0658691 0.00184223

0.0658691 0.00184223
0.065918 0.00184224

0.065918 0.00184224
0.0659668 0.00184224

0.0659668 0.00184224
0.0660156 0.00184225

0.0660156 0.00184225
0.0660645 0.00184226

0.0660645 0.00184226
0.0661133 0.00184226

0.0661133 0.00184226
0.0661621 0.00184227

0.0661621 0.00184227
0.0662109 0.00184227

0.0662109 0.00184227
0.0662598 0.00184228

0.0662598 0.00184228
0.0663086 0.00184229

0.0663086 0.00184229
0.0663574 0.00184229

0.0663574 0.00184229
0.0664063 0.0018423

0.0664062 0.0018423
0.0664551 0.0018423

0.0664551 0.0018423
0.0665039 0.00184231

0.0665039 0.00184231
0.0665527 0.00184231

0.0665527 0.00184231
0.0666016 0.00184232

0.0666016 0.00184232
0.0666504 0.00184232

0.0666504 0.00184232
0.0666992 0.00184233

0.0666992 0.00184233
0.066748 0.00184233

0.066748 0.00184233
0.0667969 0.00184234

0.0667969 0.00184234
0.0668457 0.00184234

0.0668457 0.00184234
0.0668945 0.00184235

0.0668945 0.00184235
0.0669434 0.00184235

0.0669434 0.00184235
0.0669922 0.00184235

0.0669922 0.00184235
0.067041 0.00184236

0.067041 0.00184236
0.0670898 0.00184236

0.0670898 0.00184236
0.0671387 0.00184237

0.0671387 0.00184237
0.0671875 0.00184237

0.0671875 0.00184237
0.0672363 0.00184237

0.0672363 0.00184237
0.0672852 0.00184238

0.0672852 0.00184238
0.067334 0.00184238

0.067334 0.00184238
0.0673828 0.00184238

0.0673828 0.00184238
0.0674316 0.00184239

0.0674316 0.00184239
0.0674805 0.00184239

0.0674805 0.00184239
0.0675293 0.00184239

0.0675293 0.00184239
0.0675781 0.0018424

0.0675781 0.0018424
0.067627 0.0018424

0.067627 0.0018424
0.0676758 0.0018424

0.0676758 0.0018424
0.0677246 0.00184241

0.0677246 0.00184241
0.0677734 0.00184241

0.0677734 0.00184241
0.0678223 0.00184241

0.0678223 0.00184241
0.0678711 0.00184241

0.0678711 0.00184241
0.0679199 0.00184242

0.0679199 0.00184242
0.0679688 0.00184242

0.0679687 0.00184242
0.0680176 0.00184242

0.0680176 0.00184242
0.0680664 0.00184242

0.0680664 0.00184242
0.0681152 0.00184242

0.0681152 0.00184242
0.0681641 0.00184243

0.0681641 0.00184243
0.0682129 0.00184243

0.0682129 0.00184243
0.0682617 0.00184243

0.0682617 0.00184243
0.0683105 0.00184243

0.0683105 0.00184243
0.0683594 0.00184243

0.0683594 0.00184243
0.0684082 0.00184243

0.0684082 0.00184243
0.068457 0.00184244

0.068457 0.00184244
0.0685059 0.00184244

0.0685059 0.00184244
0.0685547 0.00184244

0.0685547 0.00184244
0.0686035 0.00184244

0.0686035 0.00184244
0.0686523 0.00184244

0.0686523 0.00184244
0.0687012 0.00184244

0.0687012 0.00184244
0.06875 0.00184244

0.06875 0.00184244
0.0687988 0.00184244

0.0687988 0.00184244
0.0688477 0.00184244

0.0688477 0.00184244
0.0688965 0.00184244

0.0688965 0.00184244
0.0689453 0.00184245

0.0689453 0.00184245
0.0689941 0.00184245

0.0689941 0.00184245
0.069043 0.00184245

0.069043 0.00184245
0.0690918 0.00184245

0.0690918 0.00184245
0.0691406 0.00184245

0.0691406 0.00184245
0.0691895 0.00184245

0.0691895 0.00184245
0.0692383 0.00184245

0.0692383 0.00184245
0.0692871 0.00184245

0.0692871 0.00184245
0.0693359 0.00184245

0.0693359 0.00184245
0.0693848 0.00184245

0.0693848 0.00184245
0.0694336 0.00184245

0.0694336 0.00184245
0.0694824 0.00184245

0.0694824 0.00184245
0.0695313 0.00184245

0.0695313 0.00184245
0.0695801 0.00184245

0.0695801 0.00184245
0.0696289 0.00184245

0.0696289 0.00184245
0.0696777 0.00184245

0.0696777 0.00184245
0.0697266 0.00184245

0.0697266 0.00184245
0.0697754 0.00184245

0.0697754 0.00184245
0.0698242 0.00184245

0.0698242 0.00184245
0.069873 0.00184245

0.069873 0.00184245
0.0699219 0.00184245

0.0699219 0.00184245
0.0699707 0.00184246

0.0699707 0.00184246
0.0700195 0.00184246

0.0700195 0.00184246
0.0700684 0.00184246

0.0700684 0.00184246
0.0701172 0.00184246

0.0701172 0.00184246
0.070166 0.00184246

0.070166 0.00184246
0.0702148 0.00184246

0.0702148 0.00184246
0.0702637 0.00184246

0.0702637 0.00184246
0.0703125 0.00184246

0.0703125 0.00184246
0.0703613 0.00184246

0.0703613 0.00184246
0.0704102 0.00184246

0.0704102 0.00184246
0.070459 0.00184246

0.070459 0.00184246
0.0705078 0.00184246

0.0705078 0.00184246
0.0705566 0.00184246

0.0705566 0.00184246
0.0706055 0.00184246

0.0706055 0.00184246
0.0706543 0.00184246

0.0706543 0.00184246
0.0707031 0.00184246

0.0707031 0.00184246
0.070752 0.00184247

0.070752 0.00184247
0.0708008 0.00184247

0.0708008 0.00184247
0.0708496 0.00184247

0.0708496 0.00184247
0.0708984 0.00184247

0.0708984 0.00184247
0.0709473 0.00184247

0.0709473 0.00184247
0.0709961 0.00184247

0.0709961 0.00184247
0.0710449 0.00184247

0.0710449 0.00184247
0.0710938 0.00184247

0.0710937 0.00184247
0.0711426 0.00184248

0.0711426 0.00184248
0.0711914 0.00184248

0.0711914 0.00184248
0.0712402 0.00184248

0.0712402 0.00184248
0.0712891 0.00184248

0.0712891 0.00184248
0.0713379 0.00184248

0.0713379 0.00184248
0.0713867 0.00184248

0.0713867 0.00184248
0.0714355 0.00184249

0.0714355 0.00184249
0.0714844 0.00184249

0.0714844 0.00184249
0.0715332 0.00184249

0.0715332 0.00184249
0.071582 0.00184249

0.071582 0.00184249
0.0716309 0.00184249

0.0716309 0.00184249
0.0716797 0.0018425

0.0716797 0.0018425
0.0717285 0.0018425

0.0717285 0.0018425
0.0717773 0.0018425

0.0717773 0.0018425
0.0718262 0.0018425

0.0718262 0.0018425
0.071875 0.00184251

0.071875 0.00184251
0.0719238 0.00184251

0.0719238 0.00184251
0.0719727 0.00184251

0.0719727 0.00184251
0.0720215 0.00184252

0.0720215 0.00184252
0.0720703 0.00184252

0.0720703 0.00184252
0.0721191 0.00184252

0.0721191 0.00184252
0.072168 0.00184252

0.072168 0.00184252
0.0722168 0.00184253

0.0722168 0.00184253
0.0722656 0.00184253

0.0722656 0.00184253
0.0723145 0.00184253

0.0723145 0.00184253
0.0723633 0.00184254

0.0723633 0.00184254
0.0724121 0.00184254

0.0724121 0.00184254
0.0724609 0.00184254

0.0724609 0.00184254
0.0725098 0.00184255

0.0725098 0.00184255
0.0725586 0.00184255

0.0725586 0.00184255
0.0726074 0.00184256

0.0726074 0.00184256
0.0726563 0.00184256

0.0726562 0.00184256
0.0727051 0.00184256

0.0727051 0.00184256
0.0727539 0.00184257

0.0727539 0.00184257
0.0728027 0.00184257

0.0728027 0.00184257
0.0728516 0.00184258

0.0728516 0.00184258
0.0729004 0.00184258

0.0729004 0.00184258
0.0729492 0.00184258

0.0729492 0.00184258
0.072998 0.00184259

0.072998 0.00184259
0.0730469 0.00184259

0.0730469 0.00184259
0.0730957 0.0018426

0.0730957 0.0018426
0.0731445 0.0018426

0.0731445 0.0018426
0.0731934 0.00184261

0.0731934 0.00184261
0.0732422 0.00184261

0.0732422 0.00184261
0.073291 0.00184261

0.073291 0.00184261
0.0733398 0.00184262

0.0733398 0.00184262
0.0733887 0.00184262

0.0733887 0.00184262
0.0734375 0.00184263

0.0734375 0.00184263
0.0734863 0.00184263

0.0734863 0.00184263
0.0735352 0.00184264

0.0735352 0.00184264
0.073584 0.00184264

0.073584 0.00184264
0.0736328 0.00184265

0.0736328 0.00184265
0.0736816 0.00184265

0.0736816 0.00184265
0.0737305 0.00184266

0.0737305 0.00184266
0.0737793 0.00184266

0.0737793 0.00184266
0.0738281 0.00184266

0.0738281 0.00184266
0.073877 0.00184267

0.073877 0.00184267
0.0739258 0.00184267

0.0739258 0.00184267
0.0739746 0.00184268

0.0739746 0.00184268
0.0740234 0.00184268

0.0740234 0.00184268
0.0740723 0.00184269

0.0740723 0.00184269
0.0741211 0.00184269

0.0741211 0.00184269
0.0741699 0.0018427

0.0741699 0.0018427
0.0742188 0.0018427

0.0742188 0.0018427
0.0742676 0.00184271

0.0742676 0.00184271
0.0743164 0.00184271

0.0743164 0.00184271
0.0743652 0.00184272

0.0743652 0.00184272
0.0744141 0.00184272

0.0744141 0.00184272
0.0744629 0.00184273

0.0744629 0.00184273
0.0745117 0.00184273

0.0745117 0.00184273
0.0745605 0.00184274

0.0745605 0.00184274
0.0746094 0.00184274

0.0746094 0.00184274
0.0746582 0.00184275

0.0746582 0.00184275
0.074707 0.00184275

0.074707 0.00184275
0.0747559 0.00184275

0.0747559 0.00184275
0.0748047 0.00184276

0.0748047 0.00184276
0.0748535 0.00184276

0.0748535 0.00184276
0.0749023 0.00184277

0.0749023 0.00184277
0.0749512 0.00184277

0.0749512 0.00184277
0.075 0.00184278

0.075 0.00184278
0.0750488 0.00184278

0.0750488 0.00184278
0.0750977 0.00184279

0.0750977 0.00184279
0.0751465 0.00184279

0.0751465 0.00184279
0.0751953 0.0018428

0.0751953 0.0018428
0.0752441 0.0018428

0.0752441 0.0018428
0.075293 0.0018428

0.075293 0.0018428
0.0753418 0.00184281

0.0753418 0.00184281
0.0753906 0.00184281

0.0753906 0.00184281
0.0754395 0.00184282

0.0754395 0.00184282
0.0754883 0.00184282

0.0754883 0.00184282
0.0755371 0.00184282

0.0755371 0.00184282
0.0755859 0.00184283

0.0755859 0.00184283
0.0756348 0.00184283

0.0756348 0.00184283
0.0756836 0.00184284

0.0756836 0.00184284
0.0757324 0.00184284

0.0757324 0.00184284
0.0757813 0.00184285

0.0757812 0.00184285
0.0758301 0.00184285

0.0758301 0.00184285
0.0758789 0.00184285

0.0758789 0.00184285
0.0759277 0.00184286

0.0759277 0.00184286
0.0759766 0.00184286

0.0759766 0.00184286
0.0760254 0.00184286

0.0760254 0.00184286
0.0760742 0.00184287

0.0760742 0.00184287
0.076123 0.00184287

0.076123 0.00184287
0.0761719 0.00184288

0.0761719 0.00184288
0.0762207 0.00184288

0.0762207 0.00184288
0.0762695 0.00184288

0.0762695 0.00184288
0.0763184 0.00184289

0.0763184 0.00184289
0.0763672 0.00184289

0.0763672 0.00184289
0.076416 0.00184289

0.076416 0.00184289
0.0764648 0.0018429

0.0764648 0.0018429
0.0765137 0.0018429

0.0765137 0.0018429
0.0765625 0.0018429

0.0765625 0.0018429
0.0766113 0.00184291

0.0766113 0.00184291
0.0766602 0.00184291

0.0766602 0.00184291
0.076709 0.00184291

0.076709 0.00184291
0.0767578 0.00184292

0.0767578 0.00184292
0.0768066 0.00184292

0.0768066 0.00184292
0.0768555 0.00184292

0.0768555 0.00184292
0.0769043 0.00184293

0.0769043 0.00184293
0.0769531 0.00184293

0.0769531 0.00184293
0.077002 0.00184293

0.077002 0.00184293
0.0770508 0.00184294

0.0770508 0.00184294
0.0770996 0.00184294

0.0770996 0.00184294
0.0771484 0.00184294

0.0771484 0.00184294
0.0771973 0.00184295

0.0771973 0.00184295
0.0772461 0.00184295

0.0772461 0.00184295
0.0772949 0.00184295

0.0772949 0.00184295
0.0773438 0.00184295

0.0773438 0.00184295
0.0773926 0.00184296

0.0773926 0.00184296
0.0774414 0.00184296

0.0774414 0.00184296
0.0774902 0.00184296

0.0774902 0.00184296
0.0775391 0.00184297

0.0775391 0.00184297
0.0775879 0.00184297

0.0775879 0.00184297
0.0776367 0.00184297

0.0776367 0.00184297
0.0776855 0.00184298

0.0776855 0.00184298
0.0777344 0.00184298

0.0777344 0.00184298
0.0777832 0.00184298

0.0777832 0.00184298
0.077832 0.00184298

0.077832 0.00184298
0.0778809 0.00184299

0.0778809 0.00184299
0.0779297 0.00184299

0.0779297 0.00184299
0.0779785 0.00184299

0.0779785 0.00184299
0.0780273 0.001843

0.0780273 0.001843
0.0780762 0.001843

0.0780762 0.001843
0.078125 0.001843

0.078125 0.001843
0.0781738 0.00184301

0.0781738 0.00184301
0.0782227 0.00184301

0.0782227 0.00184301
0.0782715 0.00184301

0.0782715 0.00184301
0.0783203 0.00184301

0.0783203 0.00184301
0.0783691 0.00184302

0.0783691 0.00184302
0.078418 0.00184302

0.078418 0.00184302
0.0784668 0.00184302

0.0784668 0.00184302
0.0785156 0.00184303

0.0785156 0.00184303
0.0785645 0.00184303

0.0785645 0.00184303
0.0786133 0.00184303

0.0786133 0.00184303
0.0786621 0.00184303

0.0786621 0.00184303
0.0787109 0.00184304

0.0787109 0.00184304
0.0787598 0.00184304

0.0787598 0.00184304
0.0788086 0.00184304

0.0788086 0.00184304
0.0788574 0.00184305

0.0788574 0.00184305
0.0789063 0.00184305

0.0789062 0.00184305
0.0789551 0.00184305

0.0789551 0.00184305
0.0790039 0.00184305

0.0790039 0.00184305
0.0790527 0.00184306

0.0790527 0.00184306
0.0791016 0.00184306

0.0791016 0.00184306
0.0791504 0.00184306

0.0791504 0.00184306
0.0791992 0.00184307

0.0791992 0.00184307
0.079248 0.00184307

0.079248 0.00184307
0.0792969 0.00184307

0.0792969 0.00184307
0.0793457 0.00184307

0.0793457 0.00184307
0.0793945 0.00184308

0.0793945 0.00184308
0.0794434 0.00184308

0.0794434 0.00184308
0.0794922 0.00184308

0.0794922 0.00184308
0.079541 0.00184309

0.079541 0.00184309
0.0795898 0.00184309

0.0795898 0.00184309
0.0796387 0.00184309

0.0796387 0.00184309
0.0796875 0.00184309

0.0796875 0.00184309
0.0797363 0.0018431

0.0797363 0.0018431
0.0797852 0.0018431

0.0797852 0.0018431
0.079834 0.0018431

0.079834 0.0018431
0.0798828 0.0018431

0.0798828 0.0018431
0.0799316 0.00184311

0.0799316 0.00184311
0.0799805 0.00184311

0.0799805 0.00184311
0.0800293 0.00184311

0.0800293 0.00184311
0.0800781 0.00184311

0.0800781 0.00184311
0.080127 0.00184312

0.080127 0.00184312
0.0801758 0.00184312

0.0801758 0.00184312
0.0802246 0.00184312

0.0802246 0.00184312
0.0802734 0.00184312

0.0802734 0.00184312
0.0803223 0.00184313

0.0803223 0.00184313
0.0803711 0.00184313

0.0803711 0.00184313
0.0804199 0.00184313

0.0804199 0.00184313
0.0804688 0.00184313

0.0804688 0.00184313
0.0805176 0.00184313

0.0805176 0.00184313
0.0805664 0.00184314

0.0805664 0.00184314
0.0806152 0.00184314

0.0806152 0.00184314
0.0806641 0.00184314

0.0806641 0.00184314
0.0807129 0.00184314

0.0807129 0.00184314
0.0807617 0.00184314

0.0807617 0.00184314
0.0808105 0.00184315

0.0808105 0.00184315
0.0808594 0.00184315

0.0808594 0.00184315
0.0809082 0.00184315

0.0809082 0.00184315
0.080957 0.00184315

0.080957 0.00184315
0.0810059 0.00184315

0.0810059 0.00184315
0.0810547 0.00184316

0.0810547 0.00184316
0.0811035 0.00184316

0.0811035 0.00184316
0.0811523 0.00184316

0.0811523 0.00184316
0.0812012 0.00184316

0.0812012 0.00184316
0.08125 0.00184316

0.08125 0.00184316
0.0812988 0.00184316

0.0812988 0.00184316
0.0813477 0.00184317

0.0813477 0.00184317
0.0813965 0.00184317

0.0813965 0.00184317
0.0814453 0.00184317

0.0814453 0.00184317
0.0814941 0.00184317

0.0814941 0.00184317
0.081543 0.00184317

0.081543 0.00184317
0.0815918 0.00184317

0.0815918 0.00184317
0.0816406 0.00184317

0.0816406 0.00184317
0.0816895 0.00184318

0.0816895 0.00184318
0.0817383 0.00184318

0.0817383 0.00184318
0.0817871 0.00184318

0.0817871 0.00184318
0.0818359 0.00184318

0.0818359 0.00184318
0.0818848 0.00184318

0.0818848 0.00184318
0.0819336 0.00184318

0.0819336 0.00184318
0.0819824 0.00184319

0.0819824 0.00184319
0.0820313 0.00184319

0.0820312 0.00184319
0.0820801 0.00184319

0.0820801 0.00184319
0.0821289 0.00184319

0.0821289 0.00184319
0.0821777 0.00184319

0.0821777 0.00184319
0.0822266 0.00184319

0.0822266 0.00184319
0.0822754 0.00184319

0.0822754 0.00184319
0.0823242 0.0018432

0.0823242 0.0018432
0.082373 0.0018432

0.082373 0.0018432
0.0824219 0.0018432

0.0824219 0.0018432
0.0824707 0.0018432

0.0824707 0.0018432
0.0825195 0.0018432

0.0825195 0.0018432
0.0825684 0.0018432

0.0825684 0.0018432
0.0826172 0.00184321

0.0826172 0.00184321
0.082666 0.00184321

0.082666 0.00184321
0.0827148 0.00184321

0.0827148 0.00184321
0.0827637 0.00184321

0.0827637 0.00184321
0.0828125 0.00184321

0.0828125 0.00184321
0.0828613 0.00184322

0.0828613 0.00184322
0.0829102 0.00184322

0.0829102 0.00184322
0.082959 0.00184322

0.082959 0.00184322
0.0830078 0.00184322

0.0830078 0.00184322
0.0830566 0.00184323

0.0830566 0.00184323
0.0831055 0.00184323

0.0831055 0.00184323
0.0831543 0.00184323

0.0831543 0.00184323
0.0832031 0.00184323

0.0832031 0.00184323
0.083252 0.00184323

0.083252 0.00184323
0.0833008 0.00184324

0.0833008 0.00184324
0.0833496 0.00184324

0.0833496 0.00184324
0.0833984 0.00184324

0.0833984 0.00184324
0.0834473 0.00184325

0.0834473 0.00184325
0.0834961 0.00184325

0.0834961 0.00184325
0.0835449 0.00184325

0.0835449 0.00184325
0.0835938 0.00184325

0.0835937 0.00184325
0.0836426 0.00184326

0.0836426 0.00184326
0.0836914 0.00184326

0.0836914 0.00184326
0.0837402 0.00184326

0.0837402 0.00184326
0.0837891 0.00184326

0.0837891 0.00184326
0.0838379 0.00184327

0.0838379 0.00184327
0.0838867 0.00184327

0.0838867 0.00184327
0.0839355 0.00184327

0.0839355 0.00184327
0.0839844 0.00184328

0.0839844 0.00184328
0.0840332 0.00184328

0.0840332 0.00184328
0.084082 0.00184328

0.084082 0.00184328
0.0841309 0.00184329

0.0841309 0.00184329
0.0841797 0.00184329

0.0841797 0.00184329
0.0842285 0.00184329

0.0842285 0.00184329
0.0842773 0.0018433

0.0842773 0.0018433
0.0843262 0.0018433

0.0843262 0.0018433
0.084375 0.0018433

0.084375 0.0018433
0.0844238 0.00184331

0.0844238 0.00184331
0.0844727 0.00184331

0.0844727 0.00184331
0.0845215 0.00184331

0.0845215 0.00184331
0.0845703 0.00184332

0.0845703 0.00184332
0.0846191 0.00184332

0.0846191 0.00184332
0.084668 0.00184332

0.084668 0.00184332
0.0847168 0.00184332

0.0847168 0.00184332
0.0847656 0.00184333

0.0847656 0.00184333
0.0848145 0.00184333

0.0848145 0.00184333
0.0848633 0.00184333

0.0848633 0.00184333
0.0849121 0.00184334

0.0849121 0.00184334
0.0849609 0.00184334

0.0849609 0.00184334
0.0850098 0.00184334

0.0850098 0.00184334
0.0850586 0.00184335

0.0850586 0.00184335
0.0851074 0.00184335

0.0851074 0.00184335
0.0851563 0.00184335

0.0851563 0.00184335
0.0852051 0.00184335

0.0852051 0.00184335
0.0852539 0.00184336

0.0852539 0.00184336
0.0853027 0.00184336

0.0853027 0.00184336
0.0853516 0.00184336

0.0853516 0.00184336
0.0854004 0.00184336

0.0854004 0.00184336
0.0854492 0.00184337

0.0854492 0.00184337
0.085498 0.00184337

0.085498 0.00184337
0.0855469 0.00184337

0.0855469 0.00184337
0.0855957 0.00184337

0.0855957 0.00184337
0.0856445 0.00184338

0.0856445 0.00184338
0.0856934 0.00184338

0.0856934 0.00184338
0.0857422 0.00184338

0.0857422 0.00184338
0.085791 0.00184338

0.085791 0.00184338
0.0858398 0.00184338

0.0858398 0.00184338
0.0858887 0.00184339

0.0858887 0.00184339
0.0859375 0.00184339

0.0859375 0.00184339
0.0859863 0.00184339

0.0859863 0.00184339
0.0860352 0.00184339

0.0860352 0.00184339
0.086084 0.00184339

0.086084 0.00184339
0.0861328 0.00184339

0.0861328 0.00184339
0.0861816 0.00184339

0.0861816 0.00184339
0.0862305 0.0018434

0.0862305 0.0018434
0.0862793 0.0018434

0.0862793 0.0018434
0.0863281 0.0018434

0.0863281 0.0018434
0.086377 0.0018434

0.086377 0.0018434
0.0864258 0.0018434

0.0864258 0.0018434
0.0864746 0.0018434

0.0864746 0.0018434
0.0865234 0.0018434

0.0865234 0.0018434
0.0865723 0.0018434

0.0865723 0.0018434
0.0866211 0.0018434

0.0866211 0.0018434
0.0866699 0.0018434

0.0866699 0.0018434
0.0867188 0.0018434

0.0867187 0.0018434
0.0867676 0.0018434

0.0867676 0.0018434
0.0868164 0.00184341

0.0868164 0.00184341
0.0868652 0.00184341

0.0868652 0.00184341
0.0869141 0.00184341

0.0869141 0.00184341
0.0869629 0.00184341

0.0869629 0.00184341
0.0870117 0.00184341

0.0870117 0.00184341
0.0870605 0.00184341

0.0870605 0.00184341
0.0871094 0.00184341

0.0871094 0.00184341
0.0871582 0.00184341

0.0871582 0.00184341
0.087207 0.00184341

0.087207 0.00184341
0.0872559 0.00184341

0.0872559 0.00184341
0.0873047 0.00184341

0.0873047 0.00184341
0.0873535 0.00184341

0.0873535 0.00184341
0.0874023 0.00184341

0.0874023 0.00184341
0.0874512 0.00184341

0.0874512 0.00184341
0.0875 0.00184341

0.0875 0.00184341
0.0875488 0.00184341

0.0875488 0.00184341
0.0875977 0.00184341

0.0875977 0.00184341
0.0876465 0.00184342

0.0876465 0.00184342
0.0876953 0.00184342

0.0876953 0.00184342
0.0877441 0.00184342

0.0877441 0.00184342
0.087793 0.00184342

0.087793 0.00184342
0.0878418 0.00184342

0.0878418 0.00184342
0.0878906 0.00184342

0.0878906 0.00184342
0.0879395 0.00184342

0.0879395 0.00184342
0.0879883 0.00184342

0.0879883 0.00184342
0.0880371 0.00184342

0.0880371 0.00184342
0.0880859 0.00184343

0.0880859 0.00184343
0.0881348 0.00184343

0.0881348 0.00184343
0.0881836 0.00184343

0.0881836 0.00184343
0.0882324 0.00184343

0.0882324 0.00184343
0.0882813 0.00184343

0.0882813 0.00184343
0.0883301 0.00184343

0.0883301 0.00184343
0.0883789 0.00184343

0.0883789 0.00184343
0.0884277 0.00184344

0.0884277 0.00184344
0.0884766 0.00184344

0.0884766 0.00184344
0.0885254 0.00184344

0.0885254 0.00184344
0.0885742 0.00184344

0.0885742 0.00184344
0.088623 0.00184344

0.088623 0.00184344
0.0886719 0.00184345

0.0886719 0.00184345
0.0887207 0.00184345

0.0887207 0.00184345
0.0887695 0.00184345

0.0887695 0.00184345
0.0888184 0.00184345

0.0888184 0.00184345
0.0888672 0.00184345

0.0888672 0.00184345
0.088916 0.00184346

0.088916 0.00184346
0.0889648 0.00184346

0.0889648 0.00184346
0.0890137 0.00184346

0.0890137 0.00184346
0.0890625 0.00184346

0.0890625 0.00184346
0.0891113 0.00184346

0.0891113 0.00184346
0.0891602 0.00184347

0.0891602 0.00184347
0.089209 0.00184347

0.089209 0.00184347
0.0892578 0.00184347

0.0892578 0.00184347
0.0893066 0.00184347

0.0893066 0.00184347
0.0893555 0.00184347

0.0893555 0.00184347
0.0894043 0.00184348

0.0894043 0.00184348
0.0894531 0.00184348

0.0894531 0.00184348
0.089502 0.00184348

0.089502 0.00184348
0.0895508 0.00184348

0.0895508 0.00184348
0.0895996 0.00184348

0.0895996 0.00184348
0.0896484 0.00184349

0.0896484 0.00184349
0.0896973 0.00184349

0.0896973 0.00184349
0.0897461 0.00184349

0.0897461 0.00184349
0.0897949 0.00184349

0.0897949 0.00184349
0.0898438 0.00184349

0.0898438 0.00184349
0.0898926 0.00184349

0.0898926 0.00184349
0.0899414 0.00184349

0.0899414 0.00184349
0.0899902 0.0018435

0.0899902 0.0018435
0.0900391 0.0018435

0.0900391 0.0018435
0.0900879 0.0018435

0.0900879 0.0018435
0.0901367 0.0018435

0.0901367 0.0018435
0.0901855 0.0018435

0.0901855 0.0018435
0.0902344 0.0018435

0.0902344 0.0018435
0.0902832 0.0018435

0.0902832 0.0018435
0.090332 0.0018435

0.090332 0.0018435
0.0903809 0.0018435

0.0903809 0.0018435
0.0904297 0.0018435

0.0904297 0.0018435
0.0904785 0.0018435

0.0904785 0.0018435
0.0905273 0.0018435

0.0905273 0.0018435
0.0905762 0.0018435

0.0905762 0.0018435
0.090625 0.0018435

0.090625 0.0018435
0.0906738 0.0018435

0.0906738 0.0018435
0.0907227 0.0018435

0.0907227 0.0018435
0.0907715 0.0018435

0.0907715 0.0018435
0.0908203 0.0018435

0.0908203 0.0018435
0.0908691 0.0018435

0.0908691 0.0018435
0.090918 0.0018435

0.090918 0.0018435
0.0909668 0.0018435

0.0909668 0.0018435
0.0910156 0.0018435

0.0910156 0.0018435
0.0910645 0.0018435

0.0910645 0.0018435
0.0911133 0.0018435

0.0911133 0.0018435
0.0911621 0.00184349

0.0911621 0.00184349
0.0912109 0.00184349

0.0912109 0.00184349
0.0912598 0.00184349

0.0912598 0.00184349
0.0913086 0.00184349

0.0913086 0.00184349
0.0913574 0.00184349

0.0913574 0.00184349
0.0914063 0.00184349

0.0914062 0.00184349
0.0914551 0.00184349

0.0914551 0.00184349
0.0915039 0.00184349

0.0915039 0.00184349
0.0915527 0.00184349

0.0915527 0.00184349
0.0916016 0.00184348

0.0916016 0.00184348
0.0916504 0.00184348

0.0916504 0.00184348
0.0916992 0.00184348

0.0916992 0.00184348
0.091748 0.00184348

0.091748 0.00184348
0.0917969 0.00184348

0.0917969 0.00184348
0.0918457 0.00184348

0.0918457 0.00184348
0.0918945 0.00184348

0.0918945 0.00184348
0.0919434 0.00184348

0.0919434 0.00184348
0.0919922 0.00184348

0.0919922 0.00184348
0.092041 0.00184347

0.092041 0.00184347
0.0920898 0.00184347

0.0920898 0.00184347
0.0921387 0.00184347

0.0921387 0.00184347
0.0921875 0.00184347

0.0921875 0.00184347
0.0922363 0.00184347

0.0922363 0.00184347
0.0922852 0.00184347

0.0922852 0.00184347
0.092334 0.00184347

0.092334 0.00184347
0.0923828 0.00184347

0.0923828 0.00184347
0.0924316 0.00184347

0.0924316 0.00184347
0.0924805 0.00184347

0.0924805 0.00184347
0.0925293 0.00184347

0.0925293 0.00184347
0.0925781 0.00184347

0.0925781 0.00184347
0.092627 0.00184347

0.092627 0.00184347
0.0926758 0.00184347

0.0926758 0.00184347
0.0927246 0.00184347

0.0927246 0.00184347
0.0927734 0.00184347

0.0927734 0.00184347
0.0928223 0.00184347

0.0928223 0.00184347
0.0928711 0.00184347

0.0928711 0.00184347
0.0929199 0.00184347

0.0929199 0.00184347
0.0929688 0.00184347

0.0929688 0.00184347
0.0930176 0.00184347

0.0930176 0.00184347
0.0930664 0.00184347

0.0930664 0.00184347
0.0931152 0.00184347

0.0931152 0.00184347
0.0931641 0.00184347

0.0931641 0.00184347
0.0932129 0.00184347

0.0932129 0.00184347
0.0932617 0.00184347

0.0932617 0.00184347
0.0933105 0.00184347

0.0933105 0.00184347
0.0933594 0.00184347

0.0933594 0.00184347
0.0934082 0.00184347

0.0934082 0.00184347
0.093457 0.00184347

0.093457 0.00184347
0.0935059 0.00184347

0.0935059 0.00184347
0.0935547 0.00184347

0.0935547 0.00184347
0.0936035 0.00184347

0.0936035 0.00184347
0.0936523 0.00184347

0.0936523 0.00184347
0.0937012 0.00184347

0.0937012 0.00184347
0.09375 0.00184347

0.09375 0.00184347
0.0937988 0.00184347

0.0937988 0.00184347
0.0938477 0.00184347

0.0938477 0.00184347
0.0938965 0.00184347

0.0938965 0.00184347
0.0939453 0.00184347

0.0939453 0.00184347
0.0939941 0.00184347

0.0939941 0.00184347
0.094043 0.00184347

0.094043 0.00184347
0.0940918 0.00184347

0.0940918 0.00184347
0.0941406 0.00184347

0.0941406 0.00184347
0.0941895 0.00184347

0.0941895 0.00184347
0.0942383 0.00184347

0.0942383 0.00184347
0.0942871 0.00184347

0.0942871 0.00184347
0.0943359 0.00184347

0.0943359 0.00184347
0.0943848 0.00184347

0.0943848 0.00184347
0.0944336 0.00184347

0.0944336 0.00184347
0.0944824 0.00184348

0.0944824 0.00184348
0.0945313 0.00184348

0.0945312 0.00184348
0.0945801 0.00184348

0.0945801 0.00184348
0.0946289 0.00184348

0.0946289 0.00184348
0.0946777 0.00184348

0.0946777 0.00184348
0.0947266 0.00184348

0.0947266 0.00184348
0.0947754 0.00184348

0.0947754 0.00184348
0.0948242 0.00184348

0.0948242 0.00184348
0.094873 0.00184348

0.094873 0.00184348
0.0949219 0.00184348

0.0949219 0.00184348
0.0949707 0.00184348

0.0949707 0.00184348
0.0950195 0.00184349

0.0950195 0.00184349
0.0950684 0.00184349

0.0950684 0.00184349
0.0951172 0.00184349

0.0951172 0.00184349
0.095166 0.00184349

0.095166 0.00184349
0.0952148 0.00184349

0.0952148 0.00184349
0.0952637 0.00184349

0.0952637 0.00184349
0.0953125 0.00184349

0.0953125 0.00184349
0.0953613 0.0018435

0.0953613 0.0018435
0.0954102 0.0018435

0.0954102 0.0018435
0.095459 0.0018435

0.095459 0.0018435
0.0955078 0.0018435

0.0955078 0.0018435
0.0955566 0.00184351

0.0955566 0.00184351
0.0956055 0.00184351

0.0956055 0.00184351
0.0956543 0.00184351

0.0956543 0.00184351
0.0957031 0.00184351

0.0957031 0.00184351
0.095752 0.00184352

0.095752 0.00184352
0.0958008 0.00184352

0.0958008 0.00184352
0.0958496 0.00184352

0.0958496 0.00184352
0.0958984 0.00184353

0.0958984 0.00184353
0.0959473 0.00184353

0.0959473 0.00184353
0.0959961 0.00184353

0.0959961 0.00184353
0.0960449 0.00184354

0.0960449 0.00184354
0.0960938 0.00184354

0.0960938 0.00184354
0.0961426 0.00184354

0.0961426 0.00184354
0.0961914 0.00184355

0.0961914 0.00184355
0.0962402 0.00184355

0.0962402 0.00184355
0.0962891 0.00184355

0.0962891 0.00184355
0.0963379 0.00184356

0.0963379 0.00184356
0.0963867 0.00184356

0.0963867 0.00184356
0.0964355 0.00184357

0.0964355 0.00184357
0.0964844 0.00184357

0.0964844 0.00184357
0.0965332 0.00184358

0.0965332 0.00184358
0.096582 0.00184358

0.096582 0.00184358
0.0966309 0.00184359

0.0966309 0.00184359
0.0966797 0.00184359

0.0966797 0.00184359
0.0967285 0.0018436

0.0967285 0.0018436
0.0967773 0.0018436

0.0967773 0.0018436
0.0968262 0.00184361

0.0968262 0.00184361
0.096875 0.00184361

0.096875 0.00184361
0.0969238 0.00184362

0.0969238 0.00184362
0.0969727 0.00184362

0.0969727 0.00184362
0.0970215 0.00184363

0.0970215 0.00184363
0.0970703 0.00184364

0.0970703 0.00184364
0.0971191 0.00184364

0.0971191 0.00184364
0.097168 0.00184365

0.097168 0.00184365
0.0972168 0.00184365

0.0972168 0.00184365
0.0972656 0.00184366

0.0972656 0.00184366
0.0973145 0.00184367

0.0973145 0.00184367
0.0973633 0.00184367

0.0973633 0.00184367
0.0974121 0.00184368

0.0974121 0.00184368
0.0974609 0.00184369

0.0974609 0.00184369
0.0975098 0.00184369

0.0975098 0.00184369
0.0975586 0.0018437

0.0975586 0.0018437
0.0976074 0.00184371

0.0976074 0.00184371
0.0976563 0.00184371

0.0976562 0.00184371
0.0977051 0.00184372

0.0977051 0.00184372
0.0977539 0.00184373

0.0977539 0.00184373
0.0978027 0.00184373

0.0978027 0.00184373
0.0978516 0.00184374

0.0978516 0.00184374
0.0979004 0.00184375

0.0979004 0.00184375
0.0979492 0.00184375

0.0979492 0.00184375
0.097998 0.00184376

0.097998 0.00184376
0.0980469 0.00184377

0.0980469 0.00184377
0.0980957 0.00184378

0.0980957 0.00184378
0.0981445 0.00184378

0.0981445 0.00184378
0.0981934 0.00184379

0.0981934 0.00184379
0.0982422 0.0018438

0.0982422 0.0018438
0.098291 0.00184381

0.098291 0.00184381
0.0983398 0.00184381

0.0983398 0.00184381
0.0983887 0.00184382

0.0983887 0.00184382
0.0984375 0.00184383

0.0984375 0.00184383
0.0984863 0.00184384

0.0984863 0.00184384
0.0985352 0.00184384

0.0985352 0.00184384
0.098584 0.00184385

0.098584 0.00184385
0.0986328 0.00184386

0.0986328 0.00184386
0.0986816 0.00184387

0.0986816 0.00184387
0.0987305 0.00184388

0.0987305 0.00184388
0.0987793 0.00184388

0.0987793 0.00184388
0.0988281 0.00184389

0.0988281 0.00184389
0.098877 0.0018439

0.098877 0.0018439
0.0989258 0.00184391

0.0989258 0.00184391
0.0989746 0.00184391

0.0989746 0.00184391
0.0990234 0.00184392

0.0990234 0.00184392
0.0990723 0.00184393

0.0990723 0.00184393
0.0991211 0.00184394

0.0991211 0.00184394
0.0991699 0.00184394

0.0991699 0.00184394
0.0992188 0.00184395

0.0992187 0.00184395
0.0992676 0.00184396

0.0992676 0.00184396
0.0993164 0.00184397

0.0993164 0.00184397
0.0993652 0.00184397

0.0993652 0.00184397
0.0994141 0.00184398

0.0994141 0.00184398
0.0994629 0.00184399

0.0994629 0.00184399
0.0995117 0.001844

0.0995117 0.001844
0.0995605 0.001844

0.0995605 0.001844
0.0996094 0.00184401

0.0996094 0.00184401
0.0996582 0.00184402

0.0996582 0.00184402
0.099707 0.00184402

0.099707 0.00184402
0.0997559 0.00184403

0.0997559 0.00184403
0.0998047 0.00184404

0.0998047 0.00184404
0.0998535 0.00184404

0.0998535 0.00184404
0.0999023 0.00184405

0.0999023 0.00184405
0.0999512 0.00184406

0.0999512 0.00184406
0.1 0.00184406

0.1 0.00184406
0.100049 0.00184407

0.100049 0.00184407
0.100098 0.00184407

0.100098 0.00184407
0.100146 0.00184408

0.100146 0.00184408
0.100195 0.00184409

0.100195 0.00184409
0.100244 0.00184409

0.100244 0.00184409
0.100293 0.0018441

0.100293 0.0018441
0.100342 0.0018441

0.100342 0.0018441
0.100391 0.00184411

0.100391 0.00184411
0.100439 0.00184411

0.100439 0.00184411
0.100488 0.00184412

0.100488 0.00184412
0.100537 0.00184412

0.100537 0.00184412
0.100586 0.00184413

0.100586 0.00184413
0.100635 0.00184413

0.100635 0.00184413
0.100684 0.00184414

0.100684 0.00184414
0.100732 0.00184414

0.100732 0.00184414
0.100781 0.00184414

0.100781 0.00184414
0.10083 0.00184415

0.10083 0.00184415
0.100879 0.00184415

0.100879 0.00184415
0.100928 0.00184415

0.100928 0.00184415
0.100977 0.00184416

0.100977 0.00184416
0.101025 0.00184416

0.101025 0.00184416
0.101074 0.00184416

0.101074 0.00184416
0.101123 0.00184416

0.101123 0.00184416
0.101172 0.00184417

0.101172 0.00184417
0.101221 0.00184417

0.101221 0.00184417
0.10127 0.00184417

0.10127 0.00184417
0.101318 0.00184417

0.101318 0.00184417
0.101367 0.00184417

0.101367 0.00184417
0.101416 0.00184417

0.101416 0.00184417
0.101465 0.00184417

0.101465 0.00184417
0.101514 0.00184417

0.101514 0.00184417
0.101563 0.00184417

0.101562 0.00184417
0.101611 0.00184417

0.101611 0.00184417
0.10166 0.00184417

0.10166 0.00184417
0.101709 0.00184417

0.101709 0.00184417
0.101758 0.00184417

0.101758 0.00184417
0.101807 0.00184417

0.101807 0.00184417
0.101855 0.00184417

0.101855 0.00184417
0.101904 0.00184417

0.101904 0.00184417
0.101953 0.00184417

0.101953 0.00184417
0.102002 0.00184417

0.102002 0.00184417
0.102051 0.00184416

0.102051 0.00184416
0.1021 0.00184416

0.1021 0.00184416
0.102148 0.00184416

0.102148 0.00184416
0.102197 0.00184416

0.102197 0.00184416
0.102246 0.00184415

0.102246 0.00184415
0.102295 0.00184415

0.102295 0.00184415
0.102344 0.00184415

0.102344 0.00184415
0.102393 0.00184414

0.102393 0.00184414
0.102441 0.00184414

0.102441 0.00184414
0.10249 0.00184413

0.10249 0.00184413
0.102539 0.00184413

0.102539 0.00184413
0.102588 0.00184412

0.102588 0.00184412
0.102637 0.00184412

0.102637 0.00184412
0.102686 0.00184411

0.102686 0.00184411
0.102734 0.00184411

0.102734 0.00184411
0.102783 0.0018441

0.102783 0.0018441
0.102832 0.0018441

0.102832 0.0018441
0.102881 0.00184409

0.102881 0.00184409
0.10293 0.00184408

0.10293 0.00184408
0.102979 0.00184408

0.102979 0.00184408
0.103027 0.00184407

0.103027 0.00184407
0.103076 0.00184406

0.103076 0.00184406
0.103125 0.00184406

0.103125 0.00184406
0.103174 0.00184405

0.103174 0.00184405
0.103223 0.00184404

0.103223 0.00184404
0.103271 0.00184403

0.103271 0.00184403
0.10332 0.00184403

0.10332 0.00184403
0.103369 0.00184402

0.103369 0.00184402
0.103418 0.00184401

0.103418 0.00184401
0.103467 0.001844

0.103467 0.001844
0.103516 0.00184399

0.103516 0.00184399
0.103564 0.00184399

0.103564 0.00184399
0.103613 0.00184398

0.103613 0.00184398
0.103662 0.00184397

0.103662 0.00184397
0.103711 0.00184396

0.103711 0.00184396
0.10376 0.00184395

0.10376 0.00184395
0.103809 0.00184394

0.103809 0.00184394
0.103857 0.00184393

0.103857 0.00184393
0.103906 0.00184392

0.103906 0.00184392
0.103955 0.00184391

0.103955 0.00184391
0.104004 0.0018439

0.104004 0.0018439
0.104053 0.00184389

0.104053 0.00184389
0.104102 0.00184388

0.104102 0.00184388
0.10415 0.00184387

0.10415 0.00184387
0.104199 0.00184386

0.104199 0.00184386
0.104248 0.00184386

0.104248 0.00184386
0.104297 0.00184385

0.104297 0.00184385
0.104346 0.00184384

0.104346 0.00184384
0.104395 0.00184383

0.104395 0.00184383
0.104443 0.00184382

0.104443 0.00184382
0.104492 0.00184381

0.104492 0.00184381
0.104541 0.0018438

0.104541 0.0018438
0.10459 0.00184379

0.10459 0.00184379
0.104639 0.00184378

0.104639 0.00184378
0.104688 0.00184377

0.104688 0.00184377
0.104736 0.00184376

0.104736 0.00184376
0.104785 0.00184375

0.104785 0.00184375
0.104834 0.00184374

0.104834 0.00184374
0.104883 0.00184373

0.104883 0.00184373
0.104932 0.00184372

0.104932 0.00184372
0.10498 0.00184371

0.10498 0.00184371
0.105029 0.0018437

0.105029 0.0018437
0.105078 0.00184369

0.105078 0.00184369
0.105127 0.00184368

0.105127 0.00184368
0.105176 0.00184367

0.105176 0.00184367
0.105225 0.00184366

0.105225 0.00184366
0.105273 0.00184366

0.105273 0.00184366
0.105322 0.00184365

0.105322 0.00184365
0.105371 0.00184364

0.105371 0.00184364
0.10542 0.00184363

0.10542 0.00184363
0.105469 0.00184362

0.105469 0.00184362
0.105518 0.00184362

0.105518 0.00184362
0.105566 0.00184361

0.105566 0.00184361
0.105615 0.0018436

0.105615 0.0018436
0.105664 0.00184359

0.105664 0.00184359
0.105713 0.00184359

0.105713 0.00184359
0.105762 0.00184358

0.105762 0.00184358
0.105811 0.00184357

0.105811 0.00184357
0.105859 0.00184357

0.105859 0.00184357
0.105908 0.00184356

0.105908 0.00184356
0.105957 0.00184356

0.105957 0.00184356
0.106006 0.00184355

0.106006 0.00184355
0.106055 0.00184354

0.106055 0.00184354
0.106104 0.00184354

0.106104 0.00184354
0.106152 0.00184353

0.106152 0.00184353
0.106201 0.00184353

0.106201 0.00184353
0.10625 0.00184353

0.10625 0.00184353
0.106299 0.00184352

0.106299 0.00184352
0.106348 0.00184352

0.106348 0.00184352
0.106396 0.00184351

0.106396 0.00184351
0.106445 0.00184351

0.106445 0.00184351
0.106494 0.00184351

0.106494 0.00184351
0.106543 0.00184351

0.106543 0.00184351
0.106592 0.0018435

0.106592 0.0018435
0.106641 0.0018435

0.106641 0.0018435
0.106689 0.0018435

0.106689 0.0018435
0.106738 0.0018435

0.106738 0.0018435
0.106787 0.0018435

0.106787 0.0018435
0.106836 0.0018435

0.106836 0.0018435
0.106885 0.0018435

0.106885 0.0018435
0.106934 0.0018435

0.106934 0.0018435
0.106982 0.0018435

0.106982 0.0018435
0.107031 0.0018435

0.107031 0.0018435
0.10708 0.0018435

0.10708 0.0018435
0.107129 0.0018435

0.107129 0.0018435
0.107178 0.00184351

0.107178 0.00184351
0.107227 0.00184351

0.107227 0.00184351
0.107275 0.00184351

0.107275 0.00184351
0.107324 0.00184351

0.107324 0.00184351
0.107373 0.00184352

0.107373 0.00184352
0.107422 0.00184352

0.107422 0.00184352
0.107471 0.00184353

0.107471 0.00184353
0.10752 0.00184353

0.10752 0.00184353
0.107568 0.00184353

0.107568 0.00184353
0.107617 0.00184354

0.107617 0.00184354
0.107666 0.00184355

0.107666 0.00184355
0.107715 0.00184355

0.107715 0.00184355
0.107764 0.00184356

0.107764 0.00184356
0.107813 0.00184357

0.107813 0.00184357
0.107861 0.00184357

0.107861 0.00184357
0.10791 0.00184358

0.10791 0.00184358
0.107959 0.00184359

0.107959 0.00184359
0.108008 0.0018436

0.108008 0.0018436
0.108057 0.0018436

0.108057 0.0018436
0.108105 0.00184361

0.108105 0.00184361
0.108154 0.00184362

0.108154 0.00184362
0.108203 0.00184363

0.108203 0.00184363
0.108252 0.00184364

0.108252 0.00184364
0.108301 0.00184365

0.108301 0.00184365
0.10835 0.00184366

0.10835 0.00184366
0.108398 0.00184368

0.108398 0.00184368
0.108447 0.00184369

0.108447 0.00184369
0.108496 0.0018437

0.108496 0.0018437
0.108545 0.00184371

0.108545 0.00184371
0.108594 0.00184372

0.108594 0.00184372
0.108643 0.00184374

0.108643 0.00184374
0.108691 0.00184375

0.108691 0.00184375
0.10874 0.00184377

0.10874 0.00184377
0.108789 0.00184378

0.108789 0.00184378
0.108838 0.0018438

0.108838 0.0018438
0.108887 0.00184381

0.108887 0.00184381
0.108936 0.00184383

0.108936 0.00184383
0.108984 0.00184384

0.108984 0.00184384
0.109033 0.00184386

0.109033 0.00184386
0.109082 0.00184388

0.109082 0.00184388
0.109131 0.00184389

0.109131 0.00184389
0.10918 0.00184391

0.10918 0.00184391
0.109229 0.00184393

0.109229 0.00184393
0.109277 0.00184395

0.109277 0.00184395
0.109326 0.00184397

0.109326 0.00184397
0.109375 0.00184399

0.109375 0.00184399
0.109424 0.00184401

0.109424 0.00184401
0.109473 0.00184403

0.109473 0.00184403
0.109521 0.00184405

0.109521 0.00184405
0.10957 0.00184407

0.10957 0.00184407
0.109619 0.00184409

0.109619 0.00184409
0.109668 0.00184412

0.109668 0.00184412
0.109717 0.00184414

0.109717 0.00184414
0.109766 0.00184416

0.109766 0.00184416
0.109814 0.00184419

0.109814 0.00184419
0.109863 0.00184421

0.109863 0.00184421
0.109912 0.00184423

0.109912 0.00184423
0.109961 0.00184426

0.109961 0.00184426
0.11001 0.00184429

0.11001 0.00184429
0.110059 0.00184431

0.110059 0.00184431
0.110107 0.00184434

0.110107 0.00184434
0.110156 0.00184436

0.110156 0.00184436
0.110205 0.00184439

0.110205 0.00184439
0.110254 0.00184442

0.110254 0.00184442
0.110303 0.00184445

0.110303 0.00184445
0.110352 0.00184447

0.110352 0.00184447
0.1104 0.0018445

0.1104 0.0018445
0.110449 0.00184453

0.110449 0.00184453
0.110498 0.00184456

0.110498 0.00184456
0.110547 0.00184459

0.110547 0.00184459
0.110596 0.00184461

0.110596 0.00184461
0.110645 0.00184464

0.110645 0.00184464
0.110693 0.00184467

0.110693 0.00184467
0.110742 0.00184469

0.110742 0.00184469
0.110791 0.00184472

0.110791 0.00184472
0.11084 0.00184474

0.11084 0.00184474
0.110889 0.00184477

0.110889 0.00184477
0.110938 0.00184479

0.110937 0.00184479
0.110986 0.00184481

0.110986 0.00184481
0.111035 0.00184484

0.111035 0.00184484
0.111084 0.00184486

0.111084 0.00184486
0.111133 0.00184487

0.111133 0.00184487
0.111182 0.00184489

0.111182 0.00184489
0.11123 0.00184491

0.11123 0.00184491
0.111279 0.00184492

0.111279 0.00184492
0.111328 0.00184493

0.111328 0.00184493
0.111377 0.00184495

0.111377 0.00184495
0.111426 0.00184496

0.111426 0.00184496
0.111475 0.00184496

0.111475 0.00184496
0.111523 0.00184497

0.111523 0.00184497
0.111572 0.00184497

0.111572 0.00184497
0.111621 0.00184498

0.111621 0.00184498
0.11167 0.00184498

0.11167 0.00184498
0.111719 0.00184498

0.111719 0.00184498
0.111768 0.00184497

0.111768 0.00184497
0.111816 0.00184497

0.111816 0.00184497
0.111865 0.00184497

0.111865 0.00184497
0.111914 0.00184496

0.111914 0.00184496
0.111963 0.00184495

0.111963 0.00184495
0.112012 0.00184494

0.112012 0.00184494
0.112061 0.00184493

0.112061 0.00184493
0.112109 0.00184492

0.112109 0.00184492
0.112158 0.00184491

0.112158 0.00184491
0.112207 0.0018449

0.112207 0.0018449
0.112256 0.00184488

0.112256 0.00184488
0.112305 0.00184487

0.112305 0.00184487
0.112354 0.00184485

0.112354 0.00184485
0.112402 0.00184484

0.112402 0.00184484
0.112451 0.00184482

0.112451 0.00184482
0.1125 0.0018448

0.1125 0.0018448
0.112549 0.00184479

0.112549 0.00184479
0.112598 0.00184477

0.112598 0.00184477
0.112646 0.00184475

0.112646 0.00184475
0.112695 0.00184473

0.112695 0.00184473
0.112744 0.00184471

0.112744 0.00184471
0.112793 0.0018447

0.112793 0.0018447
0.112842 0.00184468

0.112842 0.00184468
0.112891 0.00184466

0.112891 0.00184466
0.112939 0.00184464

0.112939 0.00184464
0.112988 0.00184462

0.112988 0.00184462
0.113037 0.00184461

0.113037 0.00184461
0.113086 0.00184459

0.113086 0.00184459
0.113135 0.00184457

0.113135 0.00184457
0.113184 0.00184455

0.113184 0.00184455
0.113232 0.00184454

0.113232 0.00184454
0.113281 0.00184452

0.113281 0.00184452
0.11333 0.0018445

0.11333 0.0018445
0.113379 0.00184448

0.113379 0.00184448
0.113428 0.00184447

0.113428 0.00184447
0.113477 0.00184445

0.113477 0.00184445
0.113525 0.00184444

0.113525 0.00184444
0.113574 0.00184442

0.113574 0.00184442
0.113623 0.0018444

0.113623 0.0018444
0.113672 0.00184439

0.113672 0.00184439
0.113721 0.00184438

0.113721 0.00184438
0.11377 0.00184436

0.11377 0.00184436
0.113818 0.00184435

0.113818 0.00184435
0.113867 0.00184433

0.113867 0.00184433
0.113916 0.00184432

0.113916 0.00184432
0.113965 0.00184431

0.113965 0.00184431
0.114014 0.00184429

0.114014 0.00184429
0.114063 0.00184428

0.114062 0.00184428
0.114111 0.00184427

0.114111 0.00184427
0.11416 0.00184426

0.11416 0.00184426
0.114209 0.00184425

0.114209 0.00184425
0.114258 0.00184424

0.114258 0.00184424
0.114307 0.00184422

0.114307 0.00184422
0.114355 0.00184421

0.114355 0.00184421
0.114404 0.0018442

0.114404 0.0018442
0.114453 0.00184419

0.114453 0.00184419
0.114502 0.00184419

0.114502 0.00184419
0.114551 0.00184418

0.114551 0.00184418
0.1146 0.00184417

0.1146 0.00184417
0.114648 0.00184416

0.114648 0.00184416
0.114697 0.00184415

0.114697 0.00184415
0.114746 0.00184414

0.114746 0.00184414
0.114795 0.00184414

0.114795 0.00184414
0.114844 0.00184413

0.114844 0.00184413
0.114893 0.00184412

0.114893 0.00184412
0.114941 0.00184412

0.114941 0.00184412
0.11499 0.00184411

0.11499 0.00184411
0.115039 0.0018441

0.115039 0.0018441
0.115088 0.0018441

0.115088 0.0018441
0.115137 0.00184409

0.115137 0.00184409
0.115186 0.00184409

0.115186 0.00184409
0.115234 0.00184409

0.115234 0.00184409
0.115283 0.00184408

0.115283 0.00184408
0.115332 0.00184408

0.115332 0.00184408
0.115381 0.00184407

0.115381 0.00184407
0.11543 0.00184407

0.11543 0.00184407
0.115479 0.00184407

0.115479 0.00184407
0.115527 0.00184407

0.115527 0.00184407
0.115576 0.00184406

0.115576 0.00184406
0.115625 0.00184406

0.115625 0.00184406
0.115674 0.00184406

0.115674 0.00184406
0.115723 0.00184406

0.115723 0.00184406
0.115771 0.00184406

0.115771 0.00184406
0.11582 0.00184406

0.11582 0.00184406
0.115869 0.00184405

0.115869 0.00184405
0.115918 0.00184405

0.115918 0.00184405
0.115967 0.00184405

0.115967 0.00184405
0.116016 0.00184405

0.116016 0.00184405
0.116064 0.00184405

0.116064 0.00184405
0.116113 0.00184405

0.116113 0.00184405
0.116162 0.00184406

0.116162 0.00184406
0.116211 0.00184406

0.116211 0.00184406
0.11626 0.00184406

0.11626 0.00184406
0.116309 0.00184406

0.116309 0.00184406
0.116357 0.00184406

0.116357 0.00184406
0.116406 0.00184406

0.116406 0.00184406
0.116455 0.00184406

0.116455 0.00184406
0.116504 0.00184407

0.116504 0.00184407
0.116553 0.00184407

0.116553 0.00184407
0.116602 0.00184407

0.116602 0.00184407
0.11665 0.00184407

0.11665 0.00184407
0.116699 0.00184408

0.116699 0.00184408
0.116748 0.00184408

0.116748 0.00184408
0.116797 0.00184408

0.116797 0.00184408
0.116846 0.00184408

0.116846 0.00184408
0.116895 0.00184409

0.116895 0.00184409
0.116943 0.00184409

0.116943 0.00184409
0.116992 0.00184409

0.116992 0.00184409
0.117041 0.0018441

0.117041 0.0018441
0.11709 0.0018441

0.11709 0.0018441
0.117139 0.0018441

0.117139 0.0018441
0.117188 0.00184411

0.117188 0.00184411
0.117236 0.00184411

0.117236 0.00184411
0.117285 0.00184411

0.117285 0.00184411
0.117334 0.00184412

0.117334 0.00184412
0.117383 0.00184412

0.117383 0.00184412
0.117432 0.00184412

0.117432 0.00184412
0.11748 0.00184413

0.11748 0.00184413
0.117529 0.00184413

0.117529 0.00184413
0.117578 0.00184413

0.117578 0.00184413
0.117627 0.00184414

0.117627 0.00184414
0.117676 0.00184414

0.117676 0.00184414
0.117725 0.00184414

0.117725 0.00184414
0.117773 0.00184415

0.117773 0.00184415
0.117822 0.00184415

0.117822 0.00184415
0.117871 0.00184415

0.117871 0.00184415
0.11792 0.00184416

0.11792 0.00184416
0.117969 0.00184416

0.117969 0.00184416
0.118018 0.00184416

0.118018 0.00184416
0.118066 0.00184416

0.118066 0.00184416
0.118115 0.00184417

0.118115 0.00184417
0.118164 0.00184417

0.118164 0.00184417
0.118213 0.00184417

0.118213 0.00184417
0.118262 0.00184417

0.118262 0.00184417
0.118311 0.00184417

0.118311 0.00184417
0.118359 0.00184418

0.118359 0.00184418
0.118408 0.00184418

0.118408 0.00184418
0.118457 0.00184418

0.118457 0.00184418
0.118506 0.00184418

0.118506 0.00184418
0.118555 0.00184418

0.118555 0.00184418
0.118604 0.00184418

0.118604 0.00184418
0.118652 0.00184418

0.118652 0.00184418
0.118701 0.00184418

0.118701 0.00184418
0.11875 0.00184418

0.11875 0.00184418
0.118799 0.00184418

0.118799 0.00184418
0.118848 0.00184418

0.118848 0.00184418
0.118896 0.00184418

0.118896 0.00184418
0.118945 0.00184418

0.118945 0.00184418
0.118994 0.00184418

0.118994 0.00184418
0.119043 0.00184418

0.119043 0.00184418
0.119092 0.00184418

0.119092 0.00184418
0.119141 0.00184418

0.119141 0.00184418
0.119189 0.00184418

0.119189 0.00184418
0.119238 0.00184418

0.119238 0.00184418
0.119287 0.00184418

0.119287 0.00184418
0.119336 0.00184417

0.119336 0.00184417
0.119385 0.00184417

0.119385 0.00184417
0.119434 0.00184417

0.119434 0.00184417
0.119482 0.00184417

0.119482 0.00184417
0.119531 0.00184416

0.119531 0.00184416
0.11958 0.00184416

0.11958 0.00184416
0.119629 0.00184416

0.119629 0.00184416
0.119678 0.00184416

0.119678 0.00184416
0.119727 0.00184415

0.119727 0.00184415
0.119775 0.00184415

0.119775 0.00184415
0.119824 0.00184415

0.119824 0.00184415
0.119873 0.00184414

0.119873 0.00184414
0.119922 0.00184414

0.119922 0.00184414
0.119971 0.00184413

0.119971 0.00184413
0.12002 0.00184413

0.12002 0.00184413
0.120068 0.00184413

0.120068 0.00184413
0.120117 0.00184412

0.120117 0.00184412
0.120166 0.00184412

0.120166 0.00184412
0.120215 0.00184411

0.120215 0.00184411
0.120264 0.00184411

0.120264 0.00184411
0.120313 0.0018441

0.120313 0.0018441
0.120361 0.0018441

0.120361 0.0018441
0.12041 0.0018441

0.12041 0.0018441
0.120459 0.00184409

0.120459 0.00184409
0.120508 0.00184409

0.120508 0.00184409
0.120557 0.00184408

0.120557 0.00184408
0.120605 0.00184408

0.120605 0.00184408
0.120654 0.00184407

0.120654 0.00184407
0.120703 0.00184407

0.120703 0.00184407
0.120752 0.00184406

0.120752 0.00184406
0.120801 0.00184406

0.120801 0.00184406
0.12085 0.00184405

0.12085 0.00184405
0.120898 0.00184405

0.120898 0.00184405
0.120947 0.00184404

0.120947 0.00184404
0.120996 0.00184404

0.120996 0.00184404
0.121045 0.00184404

0.121045 0.00184404
0.121094 0.00184403

0.121094 0.00184403
0.121143 0.00184403

0.121143 0.00184403
0.121191 0.00184402

0.121191 0.00184402
0.12124 0.00184402

0.12124 0.00184402
0.121289 0.00184401

0.121289 0.00184401
0.121338 0.00184401

0.121338 0.00184401
0.121387 0.00184401

0.121387 0.00184401
0.121436 0.001844

0.121436 0.001844
0.121484 0.001844

0.121484 0.001844
0.121533 0.001844

0.121533 0.001844
0.121582 0.00184399

0.121582 0.00184399
0.121631 0.00184399

0.121631 0.00184399
0.12168 0.00184399

0.12168 0.00184399
0.121729 0.00184398

0.121729 0.00184398
0.121777 0.00184398

0.121777 0.00184398
0.121826 0.00184398

0.121826 0.00184398
0.121875 0.00184397

0.121875 0.00184397
0.121924 0.00184397

0.121924 0.00184397
0.121973 0.00184397

0.121973 0.00184397
0.122021 0.00184397

0.122021 0.00184397
0.12207 0.00184397

0.12207 0.00184397
0.122119 0.00184396

0.122119 0.00184396
0.122168 0.00184396

0.122168 0.00184396
0.122217 0.00184396

0.122217 0.00184396
0.122266 0.00184396

0.122266 0.00184396
0.122314 0.00184396

0.122314 0.00184396
0.122363 0.00184396

0.122363 0.00184396
0.122412 0.00184396

0.122412 0.00184396
0.122461 0.00184396

0.122461 0.00184396
0.12251 0.00184396

0.12251 0.00184396
0.122559 0.00184396

0.122559 0.00184396
0.122607 0.00184396

0.122607 0.00184396
0.122656 0.00184396

0.122656 0.00184396
0.122705 0.00184396

0.122705 0.00184396
0.122754 0.00184396

0.122754 0.00184396
0.122803 0.00184396

0.122803 0.00184396
0.122852 0.00184396

0.122852 0.00184396
0.1229 0.00184396

0.1229 0.00184396
0.122949 0.00184396

0.122949 0.00184396
0.122998 0.00184396

0.122998 0.00184396
0.123047 0.00184396

0.123047 0.00184396
0.123096 0.00184397

0.123096 0.00184397
0.123145 0.00184397

0.123145 0.00184397
0.123193 0.00184397

0.123193 0.00184397
0.123242 0.00184397

0.123242 0.00184397
0.123291 0.00184397

0.123291 0.00184397
0.12334 0.00184397

0.12334 0.00184397
0.123389 0.00184397

0.123389 0.00184397
0.123438 0.00184398

0.123438 0.00184398
0.123486 0.00184398

0.123486 0.00184398
0.123535 0.00184398

0.123535 0.00184398
0.123584 0.00184398

0.123584 0.00184398
0.123633 0.00184398

0.123633 0.00184398
0.123682 0.00184398

0.123682 0.00184398
0.12373 0.00184399

0.12373 0.00184399
0.123779 0.00184399

0.123779 0.00184399
0.123828 0.00184399

0.123828 0.00184399
0.123877 0.00184399

0.123877 0.00184399
0.123926 0.00184399

0.123926 0.00184399
0.123975 0.00184399

0.123975 0.00184399
0.124023 0.001844

0.124023 0.001844
0.124072 0.001844

0.124072 0.001844
0.124121 0.001844

0.124121 0.001844
0.12417 0.001844

0.12417 0.001844
0.124219 0.001844

0.124219 0.001844
0.124268 0.001844

0.124268 0.001844
0.124316 0.001844

0.124316 0.001844
0.124365 0.001844

0.124365 0.001844
0.124414 0.001844

0.124414 0.001844
0.124463 0.001844

0.124463 0.001844
0.124512 0.001844

0.124512 0.001844
0.124561 0.001844

0.124561 0.001844
0.124609 0.001844

0.124609 0.001844
0.124658 0.001844

0.124658 0.001844
0.124707 0.001844

0.124707 0.001844
0.124756 0.00184399

0.124756 0.00184399
0.124805 0.00184399

0.124805 0.00184399
0.124854 0.00184399

0.124854 0.00184399
0.124902 0.00184399

0.124902 0.00184399
0.124951 0.00184399

0.124951 0.00184399
0.125 0.00184398

0.125 0.00184398
0.125049 0.00184398

0.125049 0.00184398
0.125098 0.00184398

0.125098 0.00184398
0.125146 0.00184397

0.125146 0.00184397
0.125195 0.00184397

0.125195 0.00184397
0.125244 0.00184396

0.125244 0.00184396
0.125293 0.00184396

0.125293 0.00184396
0.125342 0.00184395

0.125342 0.00184395
0.125391 0.00184395

0.125391 0.00184395
0.125439 0.00184394

0.125439 0.00184394
0.125488 0.00184393

0.125488 0.00184393
0.125537 0.00184393

0.125537 0.00184393
0.125586 0.00184392

0.125586 0.00184392
0.125635 0.00184391

0.125635 0.00184391
0.125684 0.0018439

0.125684 0.0018439
0.125732 0.0018439

0.125732 0.0018439
0.125781 0.00184389

0.125781 0.00184389
0.12583 0.00184388

0.12583 0.00184388
0.125879 0.00184387

0.125879 0.00184387
0.125928 0.00184386

0.125928 0.00184386
0.125977 0.00184385

0.125977 0.00184385
0.126025 0.00184384

0.126025 0.00184384
0.126074 0.00184383

0.126074 0.00184383
0.126123 0.00184382

0.126123 0.00184382
0.126172 0.00184381

0.126172 0.00184381
0.126221 0.00184379

0.126221 0.00184379
0.12627 0.00184378

0.12627 0.00184378
0.126318 0.00184377

0.126318 0.00184377
0.126367 0.00184376

0.126367 0.00184376
0.126416 0.00184374

0.126416 0.00184374
0.126465 0.00184373

0.126465 0.00184373
0.126514 0.00184371

0.126514 0.00184371
0.126563 0.0018437

0.126562 0.0018437
0.126611 0.00184369

0.126611 0.00184369
0.12666 0.00184367

0.12666 0.00184367
0.126709 0.00184365

0.126709 0.00184365
0.126758 0.00184364

0.126758 0.00184364
0.126807 0.00184362

0.126807 0.00184362
0.126855 0.00184361

0.126855 0.00184361
0.126904 0.00184359

0.126904 0.00184359
0.126953 0.00184357

0.126953 0.00184357
0.127002 0.00184356

0.127002 0.00184356
0.127051 0.00184354

0.127051 0.00184354
0.1271 0.00184352

0.1271 0.00184352
0.127148 0.0018435

0.127148 0.0018435
0.127197 0.00184349

0.127197 0.00184349
0.127246 0.00184347

0.127246 0.00184347
0.127295 0.00184345

0.127295 0.00184345
0.127344 0.00184343

0.127344 0.00184343
0.127393 0.00184341

0.127393 0.00184341
0.127441 0.00184339

0.127441 0.00184339
0.12749 0.00184338

0.12749 0.00184338
0.127539 0.00184336

0.127539 0.00184336
0.127588 0.00184334

0.127588 0.00184334
0.127637 0.00184332

0.127637 0.00184332
0.127686 0.0018433

0.127686 0.0018433
0.127734 0.00184328

0.127734 0.00184328
0.127783 0.00184326

0.127783 0.00184326
0.127832 0.00184324

0.127832 0.00184324
0.127881 0.00184322

0.127881 0.00184322
0.12793 0.0018432

0.12793 0.0018432
0.127979 0.00184318

0.127979 0.00184318
0.128027 0.00184316

0.128027 0.00184316
0.128076 0.00184314

0.128076 0.00184314
0.128125 0.00184312

0.128125 0.00184312
0.128174 0.0018431

0.128174 0.0018431
0.128223 0.00184308

0.128223 0.00184308
0.128271 0.00184306

0.128271 0.00184306
0.12832 0.00184304

0.12832 0.00184304
0.128369 0.00184302

0.128369 0.00184302
0.128418 0.001843

0.128418 0.001843
0.128467 0.00184298

0.128467 0.00184298
0.128516 0.00184296

0.128516 0.00184296
0.128564 0.00184294

0.128564 0.00184294
0.128613 0.00184292

0.128613 0.00184292
0.128662 0.0018429

0.128662 0.0018429
0.128711 0.00184288

0.128711 0.00184288
0.12876 0.00184286

0.12876 0.00184286
0.128809 0.00184284

0.128809 0.00184284
0.128857 0.00184282

0.128857 0.00184282
0.128906 0.0018428

0.128906 0.0018428
0.128955 0.00184278

0.128955 0.00184278
0.129004 0.00184276

0.129004 0.00184276
0.129053 0.00184275

0.129053 0.00184275
0.129102 0.00184273

0.129102 0.00184273
0.12915 0.00184271

0.12915 0.00184271
0.129199 0.00184269

0.129199 0.00184269
0.129248 0.00184267

0.129248 0.00184267
0.129297 0.00184265

0.129297 0.00184265
0.129346 0.00184264

0.129346 0.00184264
0.129395 0.00184262

0.129395 0.00184262
0.129443 0.0018426

0.129443 0.0018426
0.129492 0.00184258

0.129492 0.00184258
0.129541 0.00184257

0.129541 0.00184257
0.12959 0.00184255

0.12959 0.00184255
0.129639 0.00184253

0.129639 0.00184253
0.129688 0.00184252

0.129688 0.00184252
0.129736 0.0018425

0.129736 0.0018425
0.129785 0.00184248

0.129785 0.00184248
0.129834 0.00184247

0.129834 0.00184247
0.129883 0.00184245

0.129883 0.00184245
0.129932 0.00184244

0.129932 0.00184244
0.12998 0.00184242

0.12998 0.00184242
0.130029 0.00184241

0.130029 0.00184241
0.130078 0.00184239

0.130078 0.00184239
0.130127 0.00184238

0.130127 0.00184238
0.130176 0.00184236

0.130176 0.00184236
0.130225 0.00184235

0.130225 0.00184235
0.130273 0.00184233

0.130273 0.00184233
0.130322 0.00184232

0.130322 0.00184232
0.130371 0.00184231

0.130371 0.00184231
0.13042 0.00184229

0.13042 0.00184229
0.130469 0.00184228

0.130469 0.00184228
0.130518 0.00184227

0.130518 0.00184227
0.130566 0.00184226

0.130566 0.00184226
0.130615 0.00184225

0.130615 0.00184225
0.130664 0.00184223

0.130664 0.00184223
0.130713 0.00184222

0.130713 0.00184222
0.130762 0.00184221

0.130762 0.00184221
0.130811 0.0018422

0.130811 0.0018422
0.130859 0.00184219

0.130859 0.00184219
0.130908 0.00184218

0.130908 0.00184218
0.130957 0.00184217

0.130957 0.00184217
0.131006 0.00184216

0.131006 0.00184216
0.131055 0.00184216

0.131055 0.00184216
0.131104 0.00184215

0.131104 0.00184215
0.131152 0.00184214

0.131152 0.00184214
0.131201 0.00184213

0.131201 0.00184213
0.13125 0.00184212

0.13125 0.00184212
0.131299 0.00184212

0.131299 0.00184212
0.131348 0.00184211

0.131348 0.00184211
0.131396 0.0018421

0.131396 0.0018421
0.131445 0.0018421

0.131445 0.0018421
0.131494 0.00184209

0.131494 0.00184209
0.131543 0.00184209

0.131543 0.00184209
0.131592 0.00184208

0.131592 0.00184208
0.131641 0.00184208

0.131641 0.00184208
0.131689 0.00184208

0.131689 0.00184208
0.131738 0.00184207

0.131738 0.00184207
0.131787 0.00184207

0.131787 0.00184207
0.131836 0.00184207

0.131836 0.00184207
0.131885 0.00184207

0.131885 0.00184207
0.131934 0.00184207

0.131934 0.00184207
0.131982 0.00184207

0.131982 0.00184207
0.132031 0.00184207

0.132031 0.00184207
0.13208 0.00184207

0.13208 0.00184207
0.132129 0.00184207

0.132129 0.00184207
0.132178 0.00184207

0.132178 0.00184207
0.132227 0.00184207

0.132227 0.00184207
0.132275 0.00184207

0.132275 0.00184207
0.132324 0.00184208

0.132324 0.00184208
0.132373 0.00184208

0.132373 0.00184208
0.132422 0.00184208

0.132422 0.00184208
0.132471 0.00184209

0.132471 0.00184209
0.13252 0.00184209

0.13252 0.00184209
0.132568 0.0018421

0.132568 0.0018421
0.132617 0.0018421

0.132617 0.0018421
0.132666 0.00184211

0.132666 0.00184211
0.132715 0.00184212

0.132715 0.00184212
0.132764 0.00184213

0.132764 0.00184213
0.132812 0.00184213

0.132812 0.00184213
0.132861 0.00184214

0.132861 0.00184214
0.13291 0.00184215

0.13291 0.00184215
0.132959 0.00184216

0.132959 0.00184216
0.133008 0.00184217

0.133008 0.00184217
0.133057 0.00184218

0.133057 0.00184218
0.133105 0.0018422

0.133105 0.0018422
0.133154 0.00184221

0.133154 0.00184221
0.133203 0.00184222

0.133203 0.00184222
0.133252 0.00184223

0.133252 0.00184223
0.133301 0.00184225

0.133301 0.00184225
0.13335 0.00184226

0.13335 0.00184226
0.133398 0.00184228

0.133398 0.00184228
0.133447 0.00184229

0.133447 0.00184229
0.133496 0.00184231

0.133496 0.00184231
0.133545 0.00184233

0.133545 0.00184233
0.133594 0.00184234

0.133594 0.00184234
0.133643 0.00184236

0.133643 0.00184236
0.133691 0.00184238

0.133691 0.00184238
0.13374 0.0018424

0.13374 0.0018424
0.133789 0.00184242

0.133789 0.00184242
0.133838 0.00184244

0.133838 0.00184244
0.133887 0.00184246

0.133887 0.00184246
0.133936 0.00184248

0.133936 0.00184248
0.133984 0.0018425

0.133984 0.0018425
0.134033 0.00184252

0.134033 0.00184252
0.134082 0.00184254

0.134082 0.00184254
0.134131 0.00184257

0.134131 0.00184257
0.13418 0.00184259

0.13418 0.00184259
0.134229 0.00184261

0.134229 0.00184261
0.134277 0.00184264

0.134277 0.00184264
0.134326 0.00184266

0.134326 0.00184266
0.134375 0.00184269

0.134375 0.00184269
0.134424 0.00184271

0.134424 0.00184271
0.134473 0.00184274

0.134473 0.00184274
0.134521 0.00184276

0.134521 0.00184276
0.13457 0.00184279

0.13457 0.00184279
0.134619 0.00184282

0.134619 0.00184282
0.134668 0.00184284

0.134668 0.00184284
0.134717 0.00184287

0.134717 0.00184287
0.134766 0.0018429

0.134766 0.0018429
0.134814 0.00184293

0.134814 0.00184293
0.134863 0.00184295

0.134863 0.00184295
0.134912 0.00184298

0.134912 0.00184298
0.134961 0.00184301

0.134961 0.00184301
0.13501 0.00184304

0.13501 0.00184304
0.135059 0.00184307

0.135059 0.00184307
0.135107 0.0018431

0.135107 0.0018431
0.135156 0.00184313

0.135156 0.00184313
0.135205 0.00184316

0.135205 0.00184316
0.135254 0.00184319

0.135254 0.00184319
0.135303 0.00184322

0.135303 0.00184322
0.135352 0.00184325

0.135352 0.00184325
0.1354 0.00184328

0.1354 0.00184328
0.135449 0.00184331

0.135449 0.00184331
0.135498 0.00184334

0.135498 0.00184334
0.135547 0.00184337

0.135547 0.00184337
0.135596 0.0018434

0.135596 0.0018434
0.135645 0.00184343

0.135645 0.00184343
0.135693 0.00184347

0.135693 0.00184347
0.135742 0.0018435

0.135742 0.0018435
0.135791 0.00184353

0.135791 0.00184353
0.13584 0.00184356

0.13584 0.00184356
0.135889 0.00184359

0.135889 0.00184359
0.135938 0.00184362

0.135937 0.00184362
0.135986 0.00184365

0.135986 0.00184365
0.136035 0.00184368

0.136035 0.00184368
0.136084 0.00184371

0.136084 0.00184371
0.136133 0.00184374

0.136133 0.00184374
0.136182 0.00184377

0.136182 0.00184377
0.13623 0.0018438

0.13623 0.0018438
0.136279 0.00184383

0.136279 0.00184383
0.136328 0.00184386

0.136328 0.00184386
0.136377 0.00184389

0.136377 0.00184389
0.136426 0.00184392

0.136426 0.00184392
0.136475 0.00184395

0.136475 0.00184395
0.136523 0.00184397

0.136523 0.00184397
0.136572 0.001844

0.136572 0.001844
0.136621 0.00184403

0.136621 0.00184403
0.13667 0.00184406

0.13667 0.00184406
0.136719 0.00184408

0.136719 0.00184408
0.136768 0.00184411

0.136768 0.00184411
0.136816 0.00184413

0.136816 0.00184413
0.136865 0.00184416

0.136865 0.00184416
0.136914 0.00184418

0.136914 0.00184418
0.136963 0.00184421

0.136963 0.00184421
0.137012 0.00184423

0.137012 0.00184423
0.137061 0.00184425

0.137061 0.00184425
0.137109 0.00184428

0.137109 0.00184428
0.137158 0.0018443

0.137158 0.0018443
0.137207 0.00184432

0.137207 0.00184432
0.137256 0.00184434

0.137256 0.00184434
0.137305 0.00184436

0.137305 0.00184436
0.137354 0.00184438

0.137354 0.00184438
0.137402 0.00184439

0.137402 0.00184439
0.137451 0.00184441

0.137451 0.00184441
0.1375 0.00184443

0.1375 0.00184443
0.137549 0.00184445

0.137549 0.00184445
0.137598 0.00184446

0.137598 0.00184446
0.137646 0.00184447

0.137646 0.00184447
0.137695 0.00184449

0.137695 0.00184449
0.137744 0.0018445

0.137744 0.0018445
0.137793 0.00184451

0.137793 0.00184451
0.137842 0.00184452

0.137842 0.00184452
0.137891 0.00184453

0.137891 0.00184453
0.137939 0.00184454

0.137939 0.00184454
0.137988 0.00184455

0.137988 0.00184455
0.138037 0.00184456

0.138037 0.00184456
0.138086 0.00184457

0.138086 0.00184457
0.138135 0.00184457

0.138135 0.00184457
0.138184 0.00184458

0.138184 0.00184458
0.138232 0.00184458

0.138232 0.00184458
0.138281 0.00184458

0.138281 0.00184458
0.13833 0.00184459

0.13833 0.00184459
0.138379 0.00184459

0.138379 0.00184459
0.138428 0.00184459

0.138428 0.00184459
0.138477 0.00184459

0.138477 0.00184459
0.138525 0.00184458

0.138525 0.00184458
0.138574 0.00184458

0.138574 0.00184458
0.138623 0.00184458

0.138623 0.00184458
0.138672 0.00184457

0.138672 0.00184457
0.138721 0.00184456

0.138721 0.00184456
0.13877 0.00184456

0.13877 0.00184456
0.138818 0.00184455

0.138818 0.00184455
0.138867 0.00184454

0.138867 0.00184454
0.138916 0.00184453

0.138916 0.00184453
0.138965 0.00184451

0.138965 0.00184451
0.139014 0.0018445

0.139014 0.0018445
0.139063 0.00184449

0.139063 0.00184449
0.139111 0.00184447

0.139111 0.00184447
0.13916 0.00184446

0.13916 0.00184446
0.139209 0.00184444

0.139209 0.00184444
0.139258 0.00184442

0.139258 0.00184442
0.139307 0.0018444

0.139307 0.0018444
0.139355 0.00184438

0.139355 0.00184438
0.139404 0.00184436

0.139404 0.00184436
0.139453 0.00184433

0.139453 0.00184433
0.139502 0.00184431

0.139502 0.00184431
0.139551 0.00184428

0.139551 0.00184428
0.1396 0.00184426

0.1396 0.00184426
0.139648 0.00184423

0.139648 0.00184423
0.139697 0.0018442

0.139697 0.0018442
0.139746 0.00184417

0.139746 0.00184417
0.139795 0.00184414

0.139795 0.00184414
0.139844 0.00184411

0.139844 0.00184411
0.139893 0.00184407

0.139893 0.00184407
0.139941 0.00184404

0.139941 0.00184404
0.13999 0.001844

0.13999 0.001844
0.140039 0.00184397

0.140039 0.00184397
0.140088 0.00184393

0.140088 0.00184393
0.140137 0.00184389

0.140137 0.00184389
0.140186 0.00184385

0.140186 0.00184385
0.140234 0.00184381

0.140234 0.00184381
0.140283 0.00184377

0.140283 0.00184377
0.140332 0.00184372

0.140332 0.00184372
0.140381 0.00184368

0.140381 0.00184368
0.14043 0.00184364

0.14043 0.00184364
0.140479 0.00184359

0.140479 0.00184359
0.140527 0.00184355

0.140527 0.00184355
0.140576 0.0018435

0.140576 0.0018435
0.140625 0.00184345

0.140625 0.00184345
0.140674 0.0018434

0.140674 0.0018434
0.140723 0.00184335

0.140723 0.00184335
0.140771 0.0018433

0.140771 0.0018433
0.14082 0.00184325

0.14082 0.00184325
0.140869 0.0018432

0.140869 0.0018432
0.140918 0.00184315

0.140918 0.00184315
0.140967 0.0018431

0.140967 0.0018431
0.141016 0.00184304

0.141016 0.00184304
0.141064 0.00184299

0.141064 0.00184299
0.141113 0.00184293

0.141113 0.00184293
0.141162 0.00184288

0.141162 0.00184288
0.141211 0.00184282

0.141211 0.00184282
0.14126 0.00184277

0.14126 0.00184277
0.141309 0.00184271

0.141309 0.00184271
0.141357 0.00184265

0.141357 0.00184265
0.141406 0.0018426

0.141406 0.0018426
0.141455 0.00184254

0.141455 0.00184254
0.141504 0.00184248

0.141504 0.00184248
0.141553 0.00184242

0.141553 0.00184242
0.141602 0.00184237

0.141602 0.00184237
0.14165 0.00184231

0.14165 0.00184231
0.141699 0.00184225

0.141699 0.00184225
0.141748 0.00184219

0.141748 0.00184219
0.141797 0.00184213

0.141797 0.00184213
0.141846 0.00184207

0.141846 0.00184207
0.141895 0.00184202

0.141895 0.00184202
0.141943 0.00184196

0.141943 0.00184196
0.141992 0.0018419

0.141992 0.0018419
0.142041 0.00184184

0.142041 0.00184184
0.14209 0.00184178

0.14209 0.00184178
0.142139 0.00184172

0.142139 0.00184172
0.142188 0.00184167

0.142187 0.00184167
0.142236 0.00184161

0.142236 0.00184161
0.142285 0.00184155

0.142285 0.00184155
0.142334 0.00184149

0.142334 0.00184149
0.142383 0.00184144

0.142383 0.00184144
0.142432 0.00184138

0.142432 0.00184138
0.14248 0.00184133

0.14248 0.00184133
0.142529 0.00184127

0.142529 0.00184127
0.142578 0.00184122

0.142578 0.00184122
0.142627 0.00184116

0.142627 0.00184116
0.142676 0.00184111

0.142676 0.00184111
0.142725 0.00184105

0.142725 0.00184105
0.142773 0.001841

0.142773 0.001841
0.142822 0.00184095

0.142822 0.00184095
0.142871 0.0018409

0.142871 0.0018409
0.14292 0.00184085

0.14292 0.00184085
0.142969 0.00184079

0.142969 0.00184079
0.143018 0.00184075

0.143018 0.00184075
0.143066 0.0018407

0.143066 0.0018407
0.143115 0.00184065

0.143115 0.00184065
0.143164 0.0018406

0.143164 0.0018406
0.143213 0.00184056

0.143213 0.00184056
0.143262 0.00184051

0.143262 0.00184051
0.143311 0.00184047

0.143311 0.00184047
0.143359 0.00184042

0.143359 0.00184042
0.143408 0.00184038

0.143408 0.00184038
0.143457 0.00184034

0.143457 0.00184034
0.143506 0.0018403

0.143506 0.0018403
0.143555 0.00184026

0.143555 0.00184026
0.143604 0.00184022

0.143604 0.00184022
0.143652 0.00184018

0.143652 0.00184018
0.143701 0.00184014

0.143701 0.00184014
0.14375 0.00184011

0.14375 0.00184011
0.143799 0.00184008

0.143799 0.00184008
0.143848 0.00184004

0.143848 0.00184004
0.143896 0.00184001

0.143896 0.00184001
0.143945 0.00183998

0.143945 0.00183998
0.143994 0.00183995

0.143994 0.00183995
0.144043 0.00183992

0.144043 0.00183992
0.144092 0.0018399

0.144092 0.0018399
0.144141 0.00183987

0.144141 0.00183987
0.144189 0.00183985

0.144189 0.00183985
0.144238 0.00183983

0.144238 0.00183983
0.144287 0.0018398

0.144287 0.0018398
0.144336 0.00183978

0.144336 0.00183978
0.144385 0.00183977

0.144385 0.00183977
0.144434 0.00183975

0.144434 0.00183975
0.144482 0.00183973

0.144482 0.00183973
0.144531 0.00183972

0.144531 0.00183972
0.14458 0.0018397

0.14458 0.0018397
0.144629 0.00183969

0.144629 0.00183969
0.144678 0.00183968

0.144678 0.00183968
0.144727 0.00183967

0.144727 0.00183967
0.144775 0.00183967

0.144775 0.00183967
0.144824 0.00183966

0.144824 0.00183966
0.144873 0.00183965

0.144873 0.00183965
0.144922 0.00183965

0.144922 0.00183965
0.144971 0.00183965

0.144971 0.00183965
0.14502 0.00183965

0.14502 0.00183965
0.145068 0.00183965

0.145068 0.00183965
0.145117 0.00183965

0.145117 0.00183965
0.145166 0.00183965

0.145166 0.00183965
0.145215 0.00183966

0.145215 0.00183966
0.145264 0.00183966

0.145264 0.00183966
0.145313 0.00183967

0.145313 0.00183967
0.145361 0.00183968

0.145361 0.00183968
0.14541 0.00183969

0.14541 0.00183969
0.145459 0.0018397

0.145459 0.0018397
0.145508 0.00183971

0.145508 0.00183971
0.145557 0.00183972

0.145557 0.00183972
0.145605 0.00183974

0.145605 0.00183974
0.145654 0.00183975

0.145654 0.00183975
0.145703 0.00183977

0.145703 0.00183977
0.145752 0.00183979

0.145752 0.00183979
0.145801 0.0018398

0.145801 0.0018398
0.14585 0.00183982

0.14585 0.00183982
0.145898 0.00183984

0.145898 0.00183984
0.145947 0.00183986

0.145947 0.00183986
0.145996 0.00183989

0.145996 0.00183989
0.146045 0.00183991

0.146045 0.00183991
0.146094 0.00183993

0.146094 0.00183993
0.146143 0.00183996

0.146143 0.00183996
0.146191 0.00183998

0.146191 0.00183998
0.14624 0.00184001

0.14624 0.00184001
0.146289 0.00184004

0.146289 0.00184004
0.146338 0.00184006

0.146338 0.00184006
0.146387 0.00184009

0.146387 0.00184009
0.146436 0.00184012

0.146436 0.00184012
0.146484 0.00184015

0.146484 0.00184015
0.146533 0.00184018

0.146533 0.00184018
0.146582 0.00184021

0.146582 0.00184021
0.146631 0.00184024

0.146631 0.00184024
0.14668 0.00184027

0.14668 0.00184027
0.146729 0.0018403

0.146729 0.0018403
0.146777 0.00184033

0.146777 0.00184033
0.146826 0.00184036

0.146826 0.00184036
0.146875 0.00184039

0.146875 0.00184039
0.146924 0.00184043

0.146924 0.00184043
0.146973 0.00184046

0.146973 0.00184046
0.147021 0.00184049

0.147021 0.00184049
0.14707 0.00184052

0.14707 0.00184052
0.147119 0.00184055

0.147119 0.00184055
0.147168 0.00184058

0.147168 0.00184058
0.147217 0.00184062

0.147217 0.00184062
0.147266 0.00184065

0.147266 0.00184065
0.147314 0.00184068

0.147362 0
0.147363 3.9313e-06

0.147314 0.00184068
0.147363 0.00184071

0.147363 6.47122e-06
0.147391 4.88281e-05

0.147378 4.88281e-05
0.147412 7.05373e-05

0.147363 0.00184071
0.147412 0.00184074

0.147412 6.97151e-05
0.147461 5.50925e-05

0.147412 0.00184074
0.147461 0.00184077

0.147489 0
0.147463 4.88281e-05

0.147461 0.00184077
0.14751 0.0018408

0.14751 0.0018408
0.147559 0.00184083

0.147559 0.00184083
0.147607 0.00184086

0.147607 0.00184086
0.147656 0.00184088

0.147656 0.00184088
0.147705 0.00184091

0.147705 0.00184091
0.147754 0.00184094

0.147754 0.00184094
0.147803 0.00184097

0.147803 0.00184097
0.147852 0.00184099

0.147852 0.00184099
0.1479 0.00184102

0.1479 0.00184102
0.147949 0.00184104

0.147949 0.00184104
0.147998 0.00184106

0.147998 0.00184106
0.148047 0.00184109

0.148047 0.00184109
0.148096 0.00184111

0.148096 0.00184111
0.148145 0.00184113

0.148145 0.00184113
0.148193 0.00184115

0.148193 0.00184115
0.148242 0.00184117

0.148242 0.00184117
0.148291 0.00184119

0.148291 0.00184119
0.14834 0.0018412

0.14834 0.0018412
0.148389 0.00184122

0.148389 0.00184122
0.148438 0.00184123

0.148438 0.00184123
0.148486 0.00184125

0.148486 0.00184125
0.148535 0.00184126

0.148535 0.00184126
0.148584 0.00184127

0.148584 0.00184127
0.148633 0.00184128

0.148633 0.00184128
0.148682 0.00184129

0.148682 0.00184129
0.14873 0.0018413

0.14873 0.0018413
0.148779 0.00184131

0.148779 0.00184131
0.148828 0.00184131

0.148828 0.00184131
0.148877 0.00184132

0.148877 0.00184132
0.148926 0.00184132

0.148926 0.00184132
0.148975 0.00184132

0.148975 0.00184132
0.149023 0.00184132

0.149023 0.00184132
0.149072 0.00184132

0.149072 0.00184132
0.149121 0.00184132

0.149121 0.00184132
0.14917 0.00184132

0.14917 0.00184132
0.149219 0.00184131

0.149219 0.00184131
0.149268 0.0018413

0.149268 0.0018413
0.149316 0.0018413

0.149316 0.0018413
0.149365 0.00184129

0.149365 0.00184129
0.149414 0.00184128

0.149414 0.00184128
0.149463 0.00184127

0.149463 0.00184127
0.149512 0.00184125

0.149512 0.00184125
0.149561 0.00184124

0.149561 0.00184124
0.149609 0.00184123

0.149609 0.00184123
0.149658 0.00184121

0.149658 0.00184121
0.149707 0.00184119

0.149707 0.00184119
0.149756 0.00184117

0.149756 0.00184117
0.149805 0.00184115

0.149805 0.00184115
0.149854 0.00184113

0.149854 0.00184113
0.149902 0.00184111

0.149902 0.00184111
0.149951 0.00184108

0.149951 0.00184108
0.15 0.00184106

0.15 0.00184106
0.150049 0.00184103

0.150049 0.00184103
0.150098 0.001841

0.150098 0.001841
0.150146 0.00184097

0.150146 0.00184097
0.150195 0.00184094

0.150195 0.00184094
0.150244 0.00184091

0.150244 0.00184091
0.150293 0.00184088

0.150293 0.00184088
0.150342 0.00184085

0.150342 0.00184085
0.150391 0.00184081

0.150391 0.00184081
0.150439 0.00184078

0.150439 0.00184078
0.150488 0.00184074

0.150488 0.00184074
0.150537 0.0018407

0.150537 0.0018407
0.150586 0.00184066

0.150586 0.00184066
0.150635 0.00184063

0.150635 0.00184063
0.150684 0.00184059

0.150684 0.00184059
0.150732 0.00184054

0.150732 0.00184054
0.150781 0.0018405

0.150781 0.0018405
0.15083 0.00184046

0.15083 0.00184046
0.150879 0.00184042

0.150879 0.00184042
0.150928 0.00184037

0.150928 0.00184037
0.150977 0.00184033

0.150977 0.00184033
0.151025 0.00184028

0.151025 0.00184028
0.151074 0.00184024

0.151074 0.00184024
0.151123 0.00184019

0.151123 0.00184019
0.151172 0.00184015

0.151172 0.00184015
0.151221 0.0018401

0.151221 0.0018401
0.15127 0.00184005

0.15127 0.00184005
0.151318 0.00184

0.151318 0.00184
0.151367 0.00183995

0.151367 0.00183995
0.151416 0.00183991

0.151416 0.00183991
0.151465 0.00183986

0.151465 0.00183986
0.151514 0.00183981

0.151514 0.00183981
0.151563 0.00183976

0.151563 0.00183976
0.151611 0.00183971

0.151611 0.00183971
0.15166 0.00183966

0.15166 0.00183966
0.151709 0.00183961

0.151709 0.00183961
0.151758 0.00183956

0.151758 0.00183956
0.151807 0.00183951

0.151807 0.00183951
0.151855 0.00183946

0.151855 0.00183946
0.151904 0.00183941

0.151904 0.00183941
0.151953 0.00183937

0.151953 0.00183937
0.152002 0.00183932

0.152002 0.00183932
0.152051 0.00183927

0.152051 0.00183927
0.1521 0.00183922

0.1521 0.00183922
0.152148 0.00183917

0.152148 0.00183917
0.152197 0.00183912

0.152197 0.00183912
0.152246 0.00183907

0.152246 0.00183907
0.152295 0.00183903

0.152295 0.00183903
0.152344 0.00183898

0.152344 0.00183898
0.152393 0.00183893

0.152393 0.00183893
0.152441 0.00183889

0.152441 0.00183889
0.15249 0.00183884

0.15249 0.00183884
0.152539 0.0018388

0.152539 0.0018388
0.152588 0.00183875

0.152588 0.00183875
0.152637 0.00183871

0.152637 0.00183871
0.152686 0.00183866

0.152686 0.00183866
0.152734 0.00183862

0.152734 0.00183862
0.152783 0.00183858

0.152783 0.00183858
0.152832 0.00183854

0.152832 0.00183854
0.152881 0.00183849

0.152881 0.00183849
0.15293 0.00183845

0.15293 0.00183845
0.152979 0.00183841

0.152979 0.00183841
0.153027 0.00183837

0.153027 0.00183837
0.153076 0.00183833

0.153076 0.00183833
0.153125 0.0018383

0.153125 0.0018383
0.153174 0.00183826

0.153174 0.00183826
0.153223 0.00183822

0.153223 0.00183822
0.153271 0.00183818

0.153271 0.00183818
0.15332 0.00183815

0.15332 0.00183815
0.153369 0.00183811

0.153369 0.00183811
0.153418 0.00183808

0.153418 0.00183808
0.153467 0.00183804

0.153467 0.00183804
0.153516 0.00183801

0.153516 0.00183801
0.153564 0.00183797

0.153564 0.00183797
0.153613 0.00183794

0.153613 0.00183794
0.153662 0.00183791

0.153662 0.00183791
0.153711 0.00183788

0.153711 0.00183788
0.15376 0.00183784

0.15376 0.00183784
0.153809 0.00183781

0.153809 0.00183781
0.153857 0.00183778

0.153857 0.00183778
0.153906 0.00183775

0.153906 0.00183775
0.153955 0.00183772

0.153955 0.00183772
0.154004 0.00183769

0.154004 0.00183769
0.154053 0.00183766

0.154053 0.00183766
0.154102 0.00183762

0.154102 0.00183762
0.15415 0.00183759

0.15415 0.00183759
0.154199 0.00183756

0.154199 0.00183756
0.154248 0.00183753

0.154248 0.00183753
0.154297 0.0018375

0.154297 0.0018375
0.154346 0.00183747

0.154346 0.00183747
0.154395 0.00183744

0.154395 0.00183744
0.154443 0.00183741

0.154443 0.00183741
0.154492 0.00183737

0.154492 0.00183737
0.154541 0.00183734

0.154541 0.00183734
0.15459 0.00183731

0.15459 0.00183731
0.154639 0.00183728

0.154639 0.00183728
0.154688 0.00183725

0.154688 0.00183725
0.154736 0.00183721

0.154736 0.00183721
0.154785 0.00183718

0.154785 0.00183718
0.154834 0.00183715

0.154834 0.00183715
0.154883 0.00183711

0.154883 0.00183711
0.154932 0.00183708

0.154932 0.00183708
0.15498 0.00183705

0.15498 0.00183705
0.155029 0.00183701

0.155029 0.00183701
0.155078 0.00183698

0.155078 0.00183698
0.155127 0.00183694

0.155127 0.00183694
0.155176 0.00183691

0.155176 0.00183691
0.155225 0.00183687

0.155225 0.00183687
0.155273 0.00183683

0.155273 0.00183683
0.155322 0.0018368

0.155322 0.0018368
0.155371 0.00183676

0.155371 0.00183676
0.15542 0.00183672

0.15542 0.00183672
0.155469 0.00183668

0.155469 0.00183668
0.155518 0.00183665

0.155518 0.00183665
0.155566 0.00183661

0.155566 0.00183661
0.155615 0.00183657

0.155615 0.00183657
0.155664 0.00183653

0.155664 0.00183653
0.155713 0.00183648

0.155713 0.00183649
0.155762 0.00183644

0.155762 0.00183644
0.155811 0.0018364

0.155811 0.0018364
0.155859 0.00183636

0.155859 0.00183636
0.155908 0.00183631

0.155908 0.00183631
0.155957 0.00183627

0.155957 0.00183627
0.156006 0.00183622

0.156006 0.00183622
0.156055 0.00183617

0.156055 0.00183617
0.156104 0.00183612

0.156104 0.00183612
0.156152 0.00183607

0.156152 0.00183607
0.156201 0.00183602

0.156201 0.00183602
0.15625 0.00183597

0.15625 0.00183597
0.156299 0.00183591

0.156299 0.00183591
0.156348 0.00183586

0.156348 0.00183586
0.156396 0.0018358

0.156396 0.0018358
0.156445 0.00183574

0.156445 0.00183574
0.156494 0.00183568

0.156494 0.00183568
0.156543 0.00183562

0.156543 0.00183562
0.156592 0.00183555

0.156592 0.00183555
0.156641 0.00183549

0.156641 0.00183549
0.156689 0.00183542

0.156689 0.00183542
0.156738 0.00183535

0.156738 0.00183535
0.156787 0.00183528

0.156787 0.00183528
0.156836 0.0018352

0.156836 0.0018352
0.156885 0.00183513

0.156885 0.00183513
0.156934 0.00183505

0.156934 0.00183505
0.156982 0.00183497

0.156982 0.00183497
0.157031 0.00183489

0.157031 0.00183489
0.15708 0.0018348

0.15708 0.0018348
0.157129 0.00183472

0.157129 0.00183472
0.157178 0.00183463

0.157178 0.00183463
0.157227 0.00183454

0.157227 0.00183454
0.157275 0.00183444

0.157275 0.00183444
0.157324 0.00183435

0.157324 0.00183435
0.157373 0.00183425

0.157373 0.00183425
0.157422 0.00183415

0.157422 0.00183415
0.157471 0.00183404

0.157471 0.00183404
0.15752 0.00183394

0.15752 0.00183394
0.157568 0.00183383

0.157568 0.00183383
0.157617 0.00183372

0.157617 0.00183372
0.157666 0.00183361

0.157666 0.00183361
0.157715 0.00183349

0.157715 0.00183349
0.157764 0.00183337

0.157764 0.00183337
0.157813 0.00183325

0.157812 0.00183325
0.157861 0.00183312

0.157861 0.00183312
0.15791 0.001833

0.15791 0.001833
0.157959 0.00183287

0.157959 0.00183287
0.158008 0.00183273

0.158008 0.00183273
0.158057 0.0018326

0.158057 0.0018326
0.158105 0.00183246

0.158105 0.00183246
0.158154 0.00183232

0.158154 0.00183232
0.158203 0.00183218

0.158203 0.00183218
0.158252 0.00183203

0.158252 0.00183203
0.158301 0.00183188

0.158301 0.00183188
0.15835 0.00183173

0.15835 0.00183173
0.158398 0.00183157

0.158398 0.00183157
0.158447 0.00183141

0.158447 0.00183141
0.158496 0.00183125

0.158496 0.00183125
0.158545 0.00183109

0.158545 0.00183109
0.158594 0.00183092

0.158594 0.00183092
0.158643 0.00183075

0.158643 0.00183075
0.158691 0.00183058

0.158691 0.00183058
0.15874 0.0018304

0.15874 0.0018304
0.158789 0.00183022

0.158789 0.00183022
0.158838 0.00183004

0.158838 0.00183004
0.158887 0.00182985

0.158887 0.00182985
0.158936 0.00182966

0.158936 0.00182966
0.158984 0.00182947

0.158984 0.00182947
0.159033 0.00182928

0.159033 0.00182928
0.159082 0.00182908

0.159082 0.00182908
0.159131 0.00182888

0.159131 0.00182888
0.15918 0.00182867

0.15918 0.00182867
0.159229 0.00182847

0.159229 0.00182847
0.159277 0.00182825

0.159277 0.00182825
0.159326 0.00182804

0.159326 0.00182804
0.159375 0.00182782

0.159375 0.00182782
0.159424 0.0018276

0.159424 0.0018276
0.159473 0.00182738

0.159473 0.00182738
0.159521 0.00182715

0.159521 0.00182715
0.15957 0.00182692

0.15957 0.00182692
0.159619 0.00182668

0.159619 0.00182668
0.159668 0.00182645

0.159668 0.00182645
0.159717 0.0018262

0.159717 0.0018262
0.159766 0.00182596

0.159766 0.00182596
0.159814 0.00182571

0.159814 0.00182571
0.159863 0.00182546

0.159863 0.00182546
0.159912 0.0018252

0.159912 0.0018252
0.159961 0.00182494

0.159961 0.00182494
0.16001 0.00182467

0.16001 0.00182467
0.160059 0.0018244

0.160059 0.0018244
0.160107 0.00182413

0.160107 0.00182413
0.160156 0.00182385

0.160156 0.00182385
0.160205 0.00182357

0.160205 0.00182357
0.160254 0.00182328

0.160254 0.00182328
0.160303 0.00182299

0.160303 0.00182299
0.160352 0.00182269

0.160352 0.00182269
0.1604 0.00182238

0.1604 0.00182238
0.160449 0.00182208

0.160449 0.00182208
0.160498 0.00182176

0.160498 0.00182176
0.160547 0.00182144

0.160547 0.00182144
0.160596 0.00182112

0.160596 0.00182112
0.160645 0.00182079

0.160645 0.00182079
0.160693 0.00182045

0.160693 0.00182045
0.160742 0.00182011

0.160742 0.00182011
0.160791 0.00181976

0.160791 0.00181976
0.16084 0.00181941

0.16084 0.00181941
0.160889 0.00181905

0.160889 0.00181905
0.160938 0.00181868

0.160938 0.00181868
0.160986 0.00181831

0.160986 0.00181831
0.161035 0.00181793

0.161035 0.00181793
0.161084 0.00181754

0.161084 0.00181754
0.161133 0.00181714

0.161133 0.00181714
0.161182 0.00181674

0.161182 0.00181674
0.16123 0.00181632

0.16123 0.00181632
0.161279 0.00181589

0.161279 0.00181589
0.161328 0.00181545

0.161328 0.00181545
0.161377 0.001815

0.161377 0.001815
0.161426 0.00181453

0.161426 0.00181453
0.161475 0.00181406

0.161475 0.00181406
0.161523 0.00181357

0.161523 0.00181357
0.161572 0.00181307

0.161572 0.00181307
0.161621 0.00181256

0.161621 0.00181256
0.16167 0.00181204

0.16167 0.00181204
0.161719 0.00181151

0.161719 0.00181151
0.161768 0.00181098

0.161768 0.00181098
0.161816 0.00181045

0.161816 0.00181045
0.161865 0.00180992

0.161865 0.00180992
0.161914 0.00180939

0.161914 0.00180939
0.161963 0.00180887

0.161963 0.00180887
0.162012 0.00180835

0.162012 0.00180835
0.162061 0.00180783

0.162061 0.00180784
0.162109 0.0018073

0.162109 0.00180732
0.162158 0.00180674

0.162207 0.00180608
0.162165 0.00180664

0.162158 0.00180674
0.162165 0.00180664

0.162207 0.00180607
0.162256 0.00180536

0.162256 0.00180536
0.162305 0.00180463

0.162305 0.00180463
0.162354 0.0018039

0.162354 0.00180391
0.162402 0.00180317

0.162402 0.00180318
0.162451 0.00180243

0.162451 0.00180243
0.1625 0.00180167

0.1625 0.00180167
0.162549 0.00180089

0.162549 0.00180089
0.162598 0.00180008

0.162598 0.00180008
0.162646 0.00179925

0.162646 0.00179925
0.162695 0.0017984

0.162695 0.0017984
0.162744 0.00179753

0.162744 0.00179753
0.162793 0.00179663

0.162793 0.00179663
0.162842 0.00179572

0.162842 0.00179572
0.162891 0.00179478

0.162891 0.00179478
0.162939 0.00179382

0.162939 0.00179382
0.162988 0.00179284

0.162988 0.00179284
0.163037 0.00179184

0.163037 0.00179184
0.163086 0.00179082

0.163086 0.00179082
0.163135 0.00178977

0.163135 0.00178977
0.163184 0.0017887

0.163184 0.0017887
0.163232 0.0017876

0.163232 0.0017876
0.163281 0.00178648

0.163281 0.00178648
0.16333 0.00178534

0.16333 0.00178534
0.163379 0.00178417

0.163379 0.00178417
0.163428 0.00178297

0.163428 0.00178297
0.163477 0.00178176

0.163477 0.00178176
0.163525 0.00178052

0.163525 0.00178052
0.163574 0.00177925

0.163574 0.00177925
0.163623 0.00177795

0.163623 0.00177795
0.163672 0.00177662

0.163672 0.00177662
0.163721 0.00177525

0.163721 0.00177525
0.16377 0.00177386

0.16377 0.00177386
0.163818 0.00177243

0.163818 0.00177243
0.163867 0.00177097

0.163867 0.00177097
0.163916 0.00176947

0.163916 0.00176947
0.163965 0.00176794

0.163965 0.00176794
0.164014 0.00176636

0.164014 0.00176636
0.164063 0.00176476

0.164062 0.00176475
0.164111 0.00176312

0.164111 0.00176312
0.16416 0.00176147

0.16416 0.00176147
0.164209 0.00175982

0.164209 0.00175985
0.164258 0.00175812

0.164307 0.00175625
0.164266 0.00175781

0.164258 0.00175813
0.164266 0.00175781

0.164307 0.00175624
0.164355 0.00175429

0.164355 0.00175428
0.164404 0.00175228

0.164404 0.00175228
0.164453 0.00175024

0.164453 0.00175024
0.164502 0.00174816

0.164502 0.00174816
0.164551 0.00174603

0.164551 0.00174603
0.1646 0.00174385

0.164618 0
0.16462 4.88281e-05

0.16462 4.88281e-05
0.164625 9.76563e-05

0.164625 9.76563e-05
0.164633 0.000146484

0.164633 0.000146484
0.164647 0.000195313

0.164647 0.000195313
0.164648 0.000200441

0.1646 0.00174385
0.164648 0.00174162

0.164648 0.000200497
0.164664 0.000244141

0.164664 0.000244141
0.164686 0.000292969

0.164686 0.000292969
0.164697 0.000312908

0.164648 0.00174162
0.164697 0.00173932

0.164697 0.000312924
0.164713 0.000341797

0.164712 0.000341797
0.164745 0.000390625

0.164744 0.000390625
0.164746 0.000392776

0.164697 0.00173932
0.164746 0.00173697

0.164746 0.000392691
0.164785 0.000439453

0.164785 0.000439453
0.164795 0.000450198

0.164746 0.00173697
0.164795 0.00173457

0.164795 0.00045024
0.164834 0.000488281

0.164834 0.000488281
0.164844 0.000497277

0.164795 0.00173457
0.164844 0.00173212

0.164844 0.000497121
0.164893 0.000536037

0.164844 0.00173212
0.164893 0.0017296

0.164893 0.000534945
0.164896 0.000537109

0.164894 0.000537109
0.164941 0.000567616

0.164893 0.0017296
0.164941 0.00172702

0.164941 0.000566611
0.164978 0.000585938

0.164977 0.000585937
0.16499 0.000593118

0.164941 0.00172702
0.16499 0.00172437

0.16499 0.000592963
0.165039 0.000614599

0.16499 0.00172437
0.165039 0.00172166

0.165039 0.000614382
0.165088 0.000631658

0.165039 0.00172165
0.165088 0.00171889

0.165088 0.000631639
0.165099 0.000634766

0.165099 0.000634766
0.165137 0.000645017

0.165088 0.00171889
0.165137 0.00171608

0.165137 0.000644945
0.165186 0.000654518

0.165137 0.00171607
0.165186 0.00171325

0.165186 0.000654441
0.165234 0.000660522

0.165186 0.00171329
0.165234 0.00171038

0.165234 0.000660471
0.165283 0.000663313

0.165283 0.00170729
0.165256 0.00170898

0.165234 0.00171041
0.165257 0.00170898

0.165283 0.00066331
0.165332 0.00066302

0.165283 0.00170727
0.165332 0.00170399

0.165332 0.000663034
0.165381 0.00065959

0.165332 0.00170398
0.165381 0.00170061

0.165381 0.00065959
0.16543 0.000652964

0.165381 0.00170061
0.16543 0.00169717

0.16543 0.0006529
0.165479 0.000643219

0.16543 0.00169717
0.165479 0.00169366

0.165527 0.000631109
0.165513 0.000634766

0.165479 0.000642964
0.16551 0.000634766

0.165479 0.00169366
0.165527 0.00169007

0.165527 0.000630839
0.165576 0.000615159

0.165527 0.00169007
0.165576 0.00168641

0.165576 0.000614883
0.165625 0.000596227

0.165576 0.00168641
0.165625 0.00168268

0.165674 0.0005753
0.16565 0.000585938

0.165625 0.000596055
0.165648 0.000585937

0.165625 0.00168268
0.165674 0.00167886

0.165674 0.000574856
0.165723 0.000550554

0.165674 0.00167886
0.165723 0.00167497

0.165771 0.000523595
0.165747 0.000537109

0.165723 0.000550571
0.165747 0.000537109

0.165723 0.00167497
0.165771 0.00167101

0.165771 0.000523209
0.16582 0.000493734

0.165771 0.001671
0.16582 0.00166699

0.165869 0.000462448
0.165829 0.000488281

0.16582 0.000493729
0.165829 0.000488281

0.16582 0.00166703
0.165869 0.00166292

0.165918 0.000428905
0.165902 0.000439453

0.165869 0.000462362
0.165903 0.000439453

0.165918 0.00165861
0.165901 0.00166016

0.165869 0.00166298
0.165901 0.00166016

0.165918 0.000428984
0.165967 0.00039544

0.165918 0.00165858
0.165967 0.00165398

0.166016 0.000362285
0.165973 0.000390625

0.165967 0.000395474
0.165974 0.000390625

0.165967 0.00165397
0.166016 0.00164924

0.166064 0.000330986
0.166047 0.000341797

0.166016 0.000362914
0.16605 0.000341797

0.166016 0.00164923
0.166064 0.0016444

0.166064 0.00033163
0.166113 0.000305541

0.166064 0.0016444
0.166113 0.00163949

0.166162 0.000283601
0.16614 0.000292969

0.166113 0.000306237
0.166144 0.000292969

0.166113 0.00163948
0.166162 0.00163449

0.166162 0.00028423
0.166211 0.000269558

0.166162 0.00163449
0.166211 0.00162942

0.166211 0.000270072
0.16626 0.000261412

0.166211 0.00162942
0.16626 0.00162427

0.16626 0.000261408
0.166309 0.000257741

0.16626 0.00162427
0.166309 0.00161905

0.166309 0.000257977
0.166357 0.000258838

0.166309 0.00161911
0.166357 0.00161372

0.166357 0.000259006
0.166406 0.000263589

0.166406 0.00160799
0.166378 0.00161133

0.166357 0.00161377
0.166378 0.00161133

0.166406 0.000263756
0.166455 0.000271389

0.166406 0.00160796
0.166455 0.00160196

0.166455 0.000271545
0.166504 0.00028158

0.166455 0.00160194
0.166504 0.00159581

0.166504 0.000281765
0.166551 0.000292969

0.16655 0.000292969
0.166553 0.00029368

0.166504 0.0015958
0.166553 0.00158958

0.166553 0.000293674
0.166602 0.000306391

0.166553 0.00158958
0.166602 0.00158329

0.166602 0.000306491
0.16665 0.000319661

0.166602 0.00158329
0.16665 0.00157692

0.16665 0.00031967
0.166699 0.000333075

0.16665 0.00157691
0.166699 0.00157047

0.166699 0.000333134
0.166731 0.000341797

0.16673 0.000341797
0.166748 0.000346644

0.166699 0.00157058
0.166748 0.00156387

0.166748 0.000346646
0.166797 0.000360034

0.166797 0.00155669
0.166757 0.0015625

0.166748 0.0015639
0.166758 0.0015625

0.166797 0.000360048
0.166846 0.000373275

0.166797 0.00155665
0.166846 0.00154926

0.166846 0.000373288
0.166895 0.0003863

0.166846 0.00154925
0.166895 0.00154176

0.166895 0.0003863
0.166911 0.000390625

0.166911 0.000390625
0.166943 0.00039907

0.166895 0.00154176
0.166943 0.00153421

0.166943 0.000399066
0.166992 0.000411569

0.166943 0.00153421
0.166992 0.0015266

0.166992 0.000411554
0.167041 0.000423831

0.166992 0.00152665
0.167041 0.00151887

0.167041 0.000423836
0.16709 0.000435908

0.16709 0.0015107
0.167072 0.00151367

0.167041 0.00151897
0.167073 0.00151367

0.16709 0.000435948
0.167104 0.000439453

0.167105 0.000439453
0.167139 0.000447779

0.16709 0.00151065
0.167139 0.00150205

0.167139 0.000447778
0.167188 0.000459827

0.167139 0.00150202
0.167188 0.0014933

0.167188 0.000459818
0.167236 0.00047205

0.167188 0.0014933
0.167236 0.00148452

0.167236 0.000472017
0.167285 0.000484519

0.167236 0.00148451
0.167285 0.00147568

0.167285 0.000485215
0.167297 0.000488281

0.167301 0.000488281
0.167334 0.00049715

0.167285 0.00147583
0.167334 0.00146667

0.167334 0.000497455
0.167383 0.000511223

0.167383 0.00145691
0.167343 0.00146484

0.167334 0.00146672
0.167343 0.00146484

0.167383 0.000511184
0.167432 0.000525764

0.167383 0.00145685
0.167432 0.00144691

0.167432 0.000526118
0.167467 0.000537109

0.167469 0.000537109
0.16748 0.000540545

0.167432 0.0014469
0.16748 0.0014369

0.16748 0.000540747
0.167529 0.000556592

0.16748 0.0014369
0.167529 0.00142689

0.167529 0.000556764
0.167578 0.000573617

0.167529 0.00142709
0.167578 0.00141667

0.167578 0.00057405
0.167612 0.000585938

0.167614 0.000585937
0.167627 0.000590373

0.167627 0.00140555
0.16758 0.00141602

0.167578 0.00141669
0.167581 0.00141602

0.167627 0.000590356
0.167676 0.000608328

0.167627 0.00140548
0.167676 0.00139436

0.167676 0.000608756
0.167725 0.000627881

0.167676 0.00139434
0.167725 0.00138324

0.167725 0.000629094
0.167739 0.000634766

0.167744 0.000634766
0.167773 0.000646743

0.167725 0.00138339
0.167773 0.00137205

0.167773 0.000647031
0.167822 0.000668345

0.167822 0.0013601
0.167793 0.00136719

0.167773 0.00137218
0.167794 0.00136719

0.167822 0.000669343
0.167853 0.000683594

0.167855 0.000683594
0.167871 0.000690779

0.167822 0.00136001
0.167871 0.00134782

0.167871 0.000690278
0.16792 0.000714857

0.167871 0.00134776
0.16792 0.00133571

0.16792 0.000716079
0.167949 0.000732422

0.167951 0.000732422
0.167969 0.000742421

0.16792 0.00133575
0.167969 0.00132388

0.167969 0.000742619
0.168018 0.000772286

0.168018 0.00131212
0.167991 0.00131836

0.167969 0.00132387
0.167992 0.00131836

0.168018 0.000773618
0.168029 0.00078125

0.168032 0.00078125
0.168066 0.000804845

0.168018 0.00131206
0.168066 0.001301

0.168066 0.000804969
0.168098 0.000830078

0.168099 0.000830078
0.168115 0.000843161

0.168066 0.00130093
0.168115 0.00129082

0.168115 0.000843406
0.168152 0.000878906

0.168153 0.000878906
0.168164 0.000891998

0.168115 0.00129038
0.168164 0.00128223

0.168164 0.000891261
0.168193 0.000927734

0.16819 0.000927734
0.168213 0.000967811

0.168164 0.00128754
0.168213 0.0012716

0.168213 0.000959243
0.168222 0.000976562

0.168219 0.000976563
0.168238 0.00102539

0.168234 0.00102539
0.168248 0.00107422

0.168251 0.00107422
0.168262 0.00112305

0.168255 0.00112305
0.168262 0.00114585

0.168262 0.00123808
0.168214 0.00126953

0.168213 0.00127198
0.168219 0.00126953

0.168262 0.00102132
0.168264 0.00102539

0.168262 0.00107043
0.168263 0.00107422

0.168262 0.00111427
0.168264 0.00112305

0.168262 0.00114276
0.16827 0.00117187

0.16828 0.00117188
0.168287 0.0012207

0.168302 0.0012207
0.168264 0.00126953

0.17334 0.000948733
0.173336 0.000976562

0.173336 0.000976563
0.173329 0.00102539

0.173329 0.00102539
0.173322 0.00107422

0.173322 0.00107422
0.173315 0.00112305

0.173315 0.00112305
0.173309 0.00117187

0.173309 0.00117188
0.173304 0.0012207

0.173304 0.0012207
0.173299 0.00126953

0.173299 0.00126953
0.173295 0.00131836

0.173295 0.00131836
0.173292 0.00136719

0.173292 0.00136719
0.173292 0.00141602

0.173291 0.00141602
0.173292 0.00146484

0.173292 0.00146484
0.173296 0.00151367

0.173296 0.00151367
0.173302 0.0015625

0.173302 0.0015625
0.173311 0.00161133

0.173311 0.00161133
0.173324 0.00166016

0.173324 0.00166016
0.17334 0.00170578

0.173389 0.000571947
0.173387 0.000585938

0.173387 0.000585937
0.173382 0.000634766

0.173382 0.000634766
0.173376 0.000683594

0.173376 0.000683594
0.17337 0.000732422

0.17337 0.000732422
0.173363 0.00078125

0.173363 0.00078125
0.173357 0.000830078

0.173357 0.000830078
0.17335 0.000878906

0.17335 0.000878906
0.173343 0.000927734

0.17334 0.000948621
0.173343 0.000927734

0.17334 0.00170595
0.173341 0.00170898

0.173341 0.00170898
0.173363 0.00175781

0.173363 0.00175781
0.173389 0.00180221

0.17342 0
0.17342 4.88281e-05

0.17342 4.88281e-05
0.173419 9.76563e-05

0.173419 9.76563e-05
0.173418 0.000146484

0.173418 0.000146484
0.173416 0.000195313

0.173416 0.000195313
0.173414 0.000244141

0.173414 0.000244141
0.173412 0.000292969

0.173412 0.000292969
0.173409 0.000341797

0.173409 0.000341797
0.173405 0.000390625

0.173405 0.000390625
0.173401 0.000439453

0.173401 0.000439453
0.173397 0.000488281

0.173397 0.000488281
0.173392 0.000537109

0.173389 0.00057185
0.173392 0.000537109

0.173389 0.00180225
0.173391 0.00180664

0.173391 0.00180664
0.173426 0.00185547

0.173426 0.00185547
0.173438 0.00186911

0.173437 0.00186862
0.173469 0.0019043

0.173469 0.0019043
0.173486 0.00192138

0.173486 0.00192155
0.173521 0.00195312

0.173521 0.00195312
0.173535 0.00196494

0.173535 0.001965
0.173582 0.00200195

0.173582 0.00200195
0.173584 0.00200309

0.173584 0.00200278
0.173633 0.00203689

0.173633 0.00203687
0.173655 0.00205078

0.173655 0.00205078
0.173682 0.00206773

0.173682 0.00206757
0.17373 0.00209609

0.17373 0.00209609
0.173737 0.00209961

0.173737 0.00209961
0.173779 0.00212259

0.173779 0.00212241
0.173828 0.00214725

0.173828 0.00214724
0.173831 0.00214844

0.17383 0.00214844
0.173877 0.00217071

0.173877 0.00217053
0.173926 0.00219265

0.173926 0.00219267
0.173936 0.00219727

0.173936 0.00219727
0.173975 0.00221377

0.173975 0.00221363
0.174023 0.00223352

0.174023 0.00223352
0.174056 0.00224609

0.174056 0.00224609
0.174072 0.00225256

0.174072 0.00225254
0.174121 0.00227052

0.174121 0.00227043
0.17417 0.00228752

0.17417 0.00228757
0.174192 0.00229492

0.174192 0.00229492
0.174219 0.00230386

0.174219 0.00230382
0.174268 0.0023191

0.174268 0.00231905
0.174316 0.00233347

0.174316 0.00233352
0.174353 0.00234375

0.174353 0.00234375
0.174365 0.00234706

0.174365 0.00234714
0.174414 0.00235978

0.174414 0.00235975
0.174463 0.00237145

0.174463 0.00237144
0.174512 0.0023823

0.174512 0.00238234
0.174561 0.0023923

0.174561 0.00239229
0.174562 0.00239258

0.174562 0.00239258
0.174609 0.00240126

0.174609 0.00240126
0.174658 0.00240931

0.174658 0.0024093
0.174707 0.00241642

0.174707 0.00241643
0.174756 0.00242263

0.174756 0.00242262
0.174805 0.0024279

0.174805 0.0024279
0.174854 0.00243229

0.174854 0.00243228
0.174902 0.00243578

0.174902 0.00243578
0.174951 0.00243841

0.174951 0.0024384
0.175 0.00244017

0.175 0.00244016
0.175049 0.00244111

0.175049 0.00244109
0.175098 0.00244126

0.175098 0.00244125
0.175146 0.00244068

0.175146 0.00244068
0.175195 0.00243939

0.175195 0.00243938
0.175244 0.00243741

0.175244 0.0024374
0.175293 0.00243479

0.175293 0.00243477
0.175342 0.00243158

0.175342 0.00243157
0.175391 0.00242785

0.175391 0.00242784
0.175439 0.00242366

0.175439 0.00242364
0.175488 0.00241908

0.175488 0.00241906
0.175537 0.0024142

0.175537 0.0024142
0.175586 0.00240906

0.175586 0.00240904
0.175635 0.00240363

0.175635 0.00240355
0.175684 0.00239806

0.175684 0.00239803
0.175732 0.00239268

0.175781 0.00238744
0.175734 0.00239258

0.175732 0.00239268
0.175733 0.00239258

0.175781 0.0023874
0.17583 0.00238196

0.17583 0.00238194
0.175879 0.00237653

0.175879 0.00237652
0.175928 0.00237121

0.175928 0.0023712
0.175977 0.00236604

0.175977 0.00236603
0.176025 0.00236106

0.176025 0.00236105
0.176074 0.00235633

0.176074 0.00235631
0.176123 0.00235189

0.176123 0.00235184
0.176172 0.00234785

0.176172 0.0023478
0.176221 0.00234442

0.17627 0.00234168
0.176234 0.00234375

0.176221 0.00234443
0.176232 0.00234375

0.17627 0.00234164
0.176318 0.0023393

0.176318 0.00233929
0.176367 0.00233749

0.176367 0.00233749
0.176416 0.00233627

0.176416 0.00233627
0.176465 0.00233564

0.176465 0.00233564
0.176514 0.0023356

0.176514 0.0023356
0.176563 0.00233618

0.176563 0.00233617
0.176611 0.00233739

0.176611 0.0023374
0.17666 0.00233924

0.17666 0.00233921
0.176709 0.00234172

0.176709 0.00234161
0.176741 0.00234375

0.176738 0.00234375
0.176758 0.00234509

0.176758 0.00234501
0.176807 0.00234899

0.176807 0.00234896
0.176855 0.00235363

0.176855 0.00235363
0.176904 0.00235907

0.176904 0.00235907
0.176953 0.00236527

0.176953 0.00236528
0.177002 0.00237222

0.177002 0.00237225
0.177051 0.00237988

0.177051 0.0023798
0.1771 0.00238819

0.1771 0.00238814
0.177123 0.00239258

0.177122 0.00239258
0.177148 0.00239756

0.177148 0.00239746
0.177197 0.00240711

0.177197 0.00240709
0.177246 0.00241721

0.177246 0.00241722
0.177295 0.00242782

0.177295 0.00242773
0.177344 0.00243896

0.177344 0.00243898
0.177354 0.00244141

0.177353 0.00244141
0.177393 0.00245088

0.177393 0.0024508
0.177441 0.00246258

0.177441 0.00246256
0.17749 0.00247455

0.17749 0.00247445
0.177539 0.0024869

0.177539 0.00248693
0.177552 0.00249023

0.177551 0.00249023
0.177588 0.00249985

0.177588 0.00249977
0.177637 0.00251223

0.177637 0.00251218
0.177686 0.00252457

0.177686 0.00252453
0.177734 0.00253701

0.177734 0.00253707
0.177742 0.00253906

0.177741 0.00253906
0.177783 0.00254948

0.177783 0.00254938
0.177832 0.00256088

0.177832 0.00256088
0.177881 0.00257184

0.177881 0.00257181
0.17793 0.00258229

0.17793 0.0025824
0.177957 0.00258789

0.177957 0.00258789
0.177979 0.00259228

0.177979 0.00259225
0.178027 0.00260088

0.178027 0.00260084
0.178076 0.00260834

0.178076 0.00260838
0.178125 0.00261474

0.178125 0.00261477
0.178174 0.00261984

0.178174 0.00261986
0.178223 0.00262356

0.178223 0.00262358
0.178271 0.00262584

0.178271 0.00262585
0.17832 0.00262661

0.17832 0.00262662
0.178369 0.00262584

0.178369 0.00262584
0.178418 0.0026235

0.178418 0.00262349
0.178467 0.00261958

0.178467 0.00261956
0.178516 0.00261416

0.178516 0.00261417
0.178564 0.00260731

0.178564 0.00260724
0.178613 0.00259904

0.178613 0.00259886
0.178662 0.00258979

0.178711 0.00258005
0.178672 0.00258789

0.178662 0.00258987
0.178672 0.00258789

0.178711 0.00257999
0.17876 0.00256885

0.17876 0.0025688
0.178809 0.00255665

0.178809 0.00255638
0.178857 0.00254387

0.178906 0.00253143
0.178877 0.00253906

0.178857 0.00254389
0.178876 0.00253906

0.178906 0.00253135
0.178955 0.0025178

0.178955 0.00251763
0.179004 0.00250357

0.179053 0.00249003
0.179052 0.00249023

0.179004 0.00250338
0.17905 0.00249023

0.179053 0.00248987
0.179102 0.00247586

0.179102 0.00247574
0.17915 0.00246114

0.17915 0.00246087
0.179199 0.00244648

0.179248 0.00243277
0.179218 0.00244141

0.179199 0.00244646
0.179217 0.00244141

0.179248 0.0024327
0.179297 0.00241831

0.179297 0.00241811
0.179346 0.00240369

0.179395 0.00239007
0.179386 0.00239258

0.179346 0.00240353
0.179384 0.00239258

0.179395 0.00238992
0.179443 0.00237611

0.179443 0.00237603
0.179492 0.00236202

0.179492 0.00236181
0.179541 0.00234817

0.17959 0.00233524
0.179558 0.00234375

0.179541 0.00234813
0.179557 0.00234375

0.17959 0.00233518
0.179639 0.00232197

0.179639 0.0023219
0.179688 0.00230873

0.179688 0.00230857
0.179736 0.00229591

0.179785 0.00228386
0.179741 0.00229492

0.179736 0.00229593
0.17974 0.00229492

0.179785 0.0022838
0.179834 0.00227152

0.179834 0.00227148
0.179883 0.00225936

0.179883 0.00225924
0.179932 0.0022476

0.17998 0.00223655
0.179939 0.00224609

0.179932 0.00224759
0.179938 0.00224609

0.17998 0.00223649
0.180029 0.00222535

0.180029 0.00222534
0.180078 0.00221438

0.180078 0.00221431
0.180127 0.00220371

0.180176 0.00219373
0.180159 0.00219727

0.180127 0.00220364
0.180158 0.00219727

0.180176 0.00219365
0.180225 0.00218376

0.180225 0.00218371
0.180273 0.00217401

0.180273 0.00217402
0.180322 0.0021646

0.180322 0.00216456
0.180371 0.00215545

0.18042 0.00214693
0.180411 0.00214844

0.180371 0.00215538
0.18041 0.00214844

0.18042 0.00214684
0.180469 0.00213849

0.180469 0.00213845
0.180518 0.00213032

0.180518 0.0021303
0.180566 0.00212249

0.180566 0.0021225
0.180615 0.00211501

0.180615 0.00211501
0.180664 0.00210781

0.180664 0.00210774
0.180713 0.00210094

0.180762 0.00209461
0.180724 0.00209961

0.180713 0.00210092
0.180723 0.00209961

0.180762 0.00209458
0.180811 0.00208841

0.180811 0.0020884
0.180859 0.00208254

0.180859 0.00208254
0.180908 0.00207702

0.180908 0.00207702
0.180957 0.00207184

0.180957 0.00207184
0.181006 0.00206699

0.181006 0.00206699
0.181055 0.00206247

0.181055 0.00206247
0.181104 0.00205828

0.181104 0.00205828
0.181152 0.00205439

0.181152 0.00205435
0.181201 0.00205084

0.18125 0.00204774
0.181203 0.00205078

0.181201 0.00205084
0.181202 0.00205078

0.18125 0.00204772
0.181299 0.00204483

0.181299 0.00204483
0.181348 0.00204227

0.181348 0.00204227
0.181396 0.00204003

0.181396 0.00204004
0.181445 0.00203812

0.181445 0.00203812
0.181494 0.00203653

0.181494 0.00203653
0.181543 0.00203524

0.181543 0.00203524
0.181592 0.00203425

0.181592 0.00203425
0.181641 0.00203357

0.181641 0.00203357
0.181689 0.00203317

0.181689 0.00203317
0.181738 0.00203307

0.181738 0.00203307
0.181787 0.00203324

0.181787 0.00203324
0.181836 0.00203368

0.181836 0.00203369
0.181885 0.00203439

0.181885 0.00203439
0.181934 0.00203535

0.181934 0.00203536
0.181982 0.00203656

0.181982 0.00203656
0.182031 0.002038

0.182031 0.00203801
0.18208 0.00203967

0.18208 0.00203967
0.182129 0.00204155

0.182129 0.00204155
0.182178 0.00204363

0.182178 0.00204363
0.182227 0.0020459

0.182227 0.00204589
0.182275 0.00204835

0.182275 0.00204834
0.18232 0.00205078

0.182319 0.00205078
0.182324 0.00205106

0.182324 0.00205102
0.182373 0.00205381

0.182373 0.00205379
0.182422 0.00205668

0.182422 0.00205668
0.182471 0.00205968

0.182471 0.00205968
0.18252 0.00206279

0.18252 0.0020628
0.182568 0.00206599

0.182568 0.00206599
0.182617 0.00206926

0.182617 0.00206927
0.182666 0.00207259

0.182666 0.00207259
0.182715 0.00207597

0.182715 0.00207597
0.182764 0.00207937

0.182764 0.00207938
0.182813 0.0020828

0.182813 0.0020828
0.182861 0.00208623

0.182861 0.00208623
0.18291 0.00208965

0.18291 0.00208965
0.182959 0.00209306

0.182959 0.00209306
0.183008 0.00209646

0.183008 0.00209646
0.183053 0.00209961

0.183053 0.00209961
0.183057 0.00209987

0.183057 0.00209987
0.183105 0.00210319

0.183105 0.00210318
0.183154 0.00210643

0.183154 0.00210643
0.183203 0.00210961

0.183203 0.00210961
0.183252 0.00211274

0.183252 0.00211274
0.183301 0.00211579

0.183301 0.00211579
0.18335 0.00211876

0.18335 0.00211876
0.183398 0.00212164

0.183398 0.00212164
0.183447 0.00212444

0.183447 0.00212444
0.183496 0.00212714

0.183496 0.00212714
0.183545 0.00212973

0.183545 0.00212973
0.183594 0.00213223

0.183594 0.00213223
0.183643 0.00213461

0.183643 0.00213461
0.183691 0.00213689

0.183691 0.00213689
0.18374 0.00213906

0.18374 0.00213906
0.183789 0.00214112

0.183789 0.00214112
0.183838 0.00214307

0.183838 0.00214307
0.183887 0.0021449

0.183887 0.0021449
0.183936 0.00214663

0.183936 0.00214665
0.183984 0.00214827

0.183984 0.00214827
0.18399 0.00214844

0.18399 0.00214844
0.184033 0.00214975

0.184033 0.00214975
0.184082 0.00215116

0.184082 0.00215116
0.184131 0.00215246

0.184131 0.00215246
0.18418 0.00215367

0.18418 0.00215367
0.184229 0.00215478

0.184229 0.00215478
0.184277 0.00215581

0.184277 0.00215581
0.184326 0.00215675

0.184326 0.00215675
0.184375 0.00215761

0.184375 0.00215761
0.184424 0.00215839

0.184424 0.00215839
0.184473 0.0021591

0.184473 0.0021591
0.184521 0.00215974

0.184521 0.00215974
0.18457 0.00216032

0.18457 0.00216032
0.184619 0.00216083

0.184619 0.00216083
0.184668 0.00216128

0.184668 0.00216128
0.184717 0.00216168

0.184717 0.00216168
0.184766 0.00216202

0.184766 0.00216202
0.184814 0.00216231

0.184814 0.00216231
0.184863 0.00216256

0.184863 0.00216256
0.184912 0.00216276

0.184912 0.00216276
0.184961 0.00216291

0.184961 0.00216291
0.18501 0.00216303

0.18501 0.00216303
0.185059 0.00216311

0.185059 0.00216311
0.185107 0.00216315

0.185107 0.00216315
0.185156 0.00216316

0.185156 0.00216316
0.185205 0.00216313

0.185205 0.00216313
0.185254 0.00216307

0.185254 0.00216307
0.185303 0.00216298

0.185303 0.00216298
0.185352 0.00216286

0.185352 0.00216286
0.1854 0.00216271

0.1854 0.00216271
0.185449 0.00216253

0.185449 0.00216253
0.185498 0.00216232

0.185498 0.00216232
0.185547 0.00216209

0.185547 0.00216209
0.185596 0.00216183

0.185596 0.00216183
0.185645 0.00216154

0.185645 0.00216154
0.185693 0.00216122

0.185693 0.00216122
0.185742 0.00216088

0.185742 0.00216088
0.185791 0.00216051

0.185791 0.00216051
0.18584 0.00216012

0.18584 0.00216012
0.185889 0.0021597

0.185889 0.0021597
0.185938 0.00215925

0.185938 0.00215925
0.185986 0.00215877

0.185986 0.00215877
0.186035 0.00215827

0.186035 0.00215827
0.186084 0.00215774

0.186084 0.00215774
0.186133 0.00215718

0.186133 0.00215718
0.186182 0.00215659

0.186182 0.00215659
0.18623 0.00215598

0.18623 0.00215598
0.186279 0.00215534

0.186279 0.00215534
0.186328 0.00215467

0.186328 0.00215467
0.186377 0.00215398

0.186377 0.00215398
0.186426 0.00215326

0.186426 0.00215326
0.186475 0.00215251

0.186475 0.00215251
0.186523 0.00215173

0.186523 0.00215174
0.186572 0.00215093

0.186572 0.00215093
0.186621 0.0021501

0.186621 0.0021501
0.18667 0.00214925

0.186719 0.00214839
0.186716 0.00214844

0.18667 0.00214924
0.186716 0.00214844

0.186719 0.0021484
0.186768 0.00214752

0.186768 0.00214752
0.186816 0.00214662

0.186816 0.00214662
0.186865 0.00214569

0.186865 0.00214569
0.186914 0.00214472

0.186914 0.00214473
0.186963 0.00214374

0.186963 0.00214374
0.187012 0.00214272

0.187012 0.00214272
0.187061 0.00214167

0.187061 0.00214167
0.187109 0.00214059

0.187109 0.00214059
0.187158 0.00213948

0.187158 0.00213948
0.187207 0.00213834

0.187207 0.00213834
0.187256 0.00213718

0.187256 0.00213718
0.187305 0.00213599

0.187305 0.00213599
0.187354 0.00213477

0.187354 0.00213477
0.187402 0.00213353

0.187402 0.00213353
0.187451 0.00213227

0.187451 0.00213227
0.1875 0.00213099

0.1875 0.00213099
0.187549 0.00212969

0.187549 0.00212969
0.187598 0.00212837

0.187598 0.00212837
0.187646 0.00212703

0.187646 0.00212703
0.187695 0.00212569

0.187695 0.00212569
0.187744 0.00212433

0.187744 0.00212433
0.187793 0.00212296

0.187793 0.00212296
0.187842 0.00212158

0.187842 0.00212158
0.187891 0.00212019

0.187891 0.00212019
0.187939 0.00211879

0.187939 0.00211879
0.187988 0.00211737

0.187988 0.00211737
0.188037 0.00211595

0.188037 0.00211595
0.188086 0.00211451

0.188086 0.00211451
0.188135 0.00211306

0.188135 0.00211306
0.188184 0.0021116

0.188184 0.0021116
0.188232 0.00211013

0.188232 0.00211013
0.188281 0.00210865

0.188281 0.00210865
0.18833 0.00210715

0.18833 0.00210715
0.188379 0.00210564

0.188379 0.00210565
0.188428 0.00210413

0.188428 0.00210413
0.188477 0.00210259

0.188477 0.00210258
0.188525 0.00210104

0.188574 0.00209954
0.188572 0.00209961

0.188525 0.00210103
0.188571 0.00209961

0.188574 0.00209953
0.188623 0.00209802

0.188623 0.00209802
0.188672 0.00209648

0.188672 0.00209647
0.188721 0.00209492

0.188721 0.00209492
0.18877 0.00209335

0.18877 0.00209335
0.188818 0.00209178

0.188818 0.00209178
0.188867 0.00209019

0.188867 0.00209019
0.188916 0.00208858

0.188916 0.00208858
0.188965 0.00208696

0.188965 0.00208696
0.189014 0.00208533

0.189014 0.00208533
0.189063 0.00208369

0.189062 0.00208369
0.189111 0.00208203

0.189111 0.00208203
0.18916 0.00208035

0.18916 0.00208035
0.189209 0.00207867

0.189209 0.00207867
0.189258 0.00207696

0.189258 0.00207696
0.189307 0.00207525

0.189307 0.00207525
0.189355 0.00207353

0.189355 0.00207353
0.189404 0.00207179

0.189404 0.00207179
0.189453 0.00207004

0.189453 0.00207003
0.189502 0.00206827

0.189502 0.00206827
0.189551 0.00206649

0.189551 0.00206649
0.1896 0.00206469

0.1896 0.00206469
0.189648 0.00206288

0.189648 0.00206288
0.189697 0.00206106

0.189697 0.00206106
0.189746 0.00205922

0.189746 0.00205922
0.189795 0.00205737

0.189795 0.00205738
0.189844 0.00205551

0.189844 0.00205551
0.189893 0.00205362

0.189893 0.0020536
0.189941 0.00205172

0.18999 0.00204989
0.189967 0.00205078

0.189941 0.00205172
0.189966 0.00205078

0.18999 0.00204988
0.190039 0.00204801

0.190039 0.002048
0.190088 0.00204609

0.190088 0.00204609
0.190137 0.00204417

0.190137 0.00204417
0.190186 0.00204223

0.190186 0.00204223
0.190234 0.00204028

0.190234 0.00204028
0.190283 0.00203831

0.190283 0.00203831
0.190332 0.00203633

0.190332 0.00203633
0.190381 0.00203433

0.190381 0.00203433
0.19043 0.00203231

0.19043 0.00203231
0.190479 0.00203028

0.190479 0.00203028
0.190527 0.00202823

0.190527 0.00202823
0.190576 0.00202617

0.190576 0.00202617
0.190625 0.0020241

0.190625 0.0020241
0.190674 0.002022

0.190674 0.002022
0.190723 0.00201989

0.190723 0.00201989
0.190771 0.00201777

0.190771 0.00201777
0.19082 0.00201563

0.19082 0.00201563
0.190869 0.00201347

0.190869 0.00201347
0.190918 0.0020113

0.190918 0.0020113
0.190967 0.00200911

0.190967 0.00200911
0.191016 0.0020069

0.191016 0.00200689
0.191064 0.00200465

0.191064 0.00200464
0.191113 0.00200242

0.191162 0.00200023
0.191124 0.00200195

0.191113 0.00200242
0.191123 0.00200195

0.191162 0.00200022
0.191211 0.00199797

0.191211 0.00199797
0.19126 0.00199569

0.19126 0.00199569
0.191309 0.00199339

0.191309 0.00199339
0.191357 0.00199106

0.191357 0.00199106
0.191406 0.00198872

0.191406 0.00198872
0.191455 0.00198635

0.191455 0.00198635
0.191504 0.00198396

0.191504 0.00198396
0.191553 0.00198154

0.191553 0.00198154
0.191602 0.00197909

0.191602 0.00197909
0.19165 0.00197662

0.19165 0.00197662
0.191699 0.00197412

0.191699 0.00197412
0.191748 0.00197159

0.191748 0.00197159
0.191797 0.00196903

0.191797 0.00196904
0.191846 0.00196645

0.191846 0.00196645
0.191895 0.00196383

0.191895 0.00196383
0.191943 0.00196118

0.191943 0.00196118
0.191992 0.00195849

0.191992 0.00195848
0.192041 0.00195575

0.19209 0.00195305
0.192088 0.00195312

0.192041 0.00195574
0.192088 0.00195312

0.19209 0.00195305
0.192139 0.00195031

0.192139 0.0019503
0.192188 0.00194751

0.192188 0.0019475
0.192236 0.00194466

0.192236 0.00194466
0.192285 0.00194178

0.192285 0.00194179
0.192334 0.00193887

0.192334 0.00193887
0.192383 0.00193592

0.192383 0.00193592
0.192432 0.00193293

0.192432 0.00193293
0.19248 0.00192989

0.19248 0.00192989
0.192529 0.00192682

0.192529 0.00192682
0.192578 0.0019237

0.192578 0.0019237
0.192627 0.00192054

0.192627 0.00192054
0.192676 0.00191733

0.192676 0.00191733
0.192725 0.00191407

0.192725 0.00191407
0.192773 0.00191076

0.192773 0.00191075
0.192822 0.00190738

0.192871 0.00190402
0.192867 0.0019043

0.192822 0.00190737
0.192867 0.0019043

0.192871 0.00190403
0.19292 0.00190062

0.19292 0.00190061
0.192969 0.00189713

0.192969 0.00189712
0.193018 0.00189358

0.193018 0.00189358
0.193066 0.00188997

0.193066 0.00188997
0.193115 0.00188632

0.193115 0.00188632
0.193164 0.0018826

0.193164 0.0018826
0.193213 0.00187883

0.193213 0.00187883
0.193262 0.00187499

0.193262 0.00187499
0.193311 0.00187109

0.193311 0.00187109
0.193359 0.00186713

0.193359 0.00186713
0.193408 0.00186308

0.193408 0.00186307
0.193457 0.00185895

0.193506 0.00185482
0.193498 0.00185547

0.193457 0.00185894
0.193498 0.00185547

0.193506 0.00185483
0.193555 0.00185062

0.193555 0.00185061
0.193604 0.0018463

0.193604 0.0018463
0.193652 0.0018419

0.193652 0.0018419
0.193701 0.00183741

0.193701 0.00183741
0.19375 0.00183285

0.19375 0.00183285
0.193799 0.00182821

0.193799 0.00182821
0.193848 0.00182347

0.193848 0.00182348
0.193896 0.00181864

0.193896 0.00181864
0.193945 0.0018137

0.193945 0.00181368
0.193994 0.00180867

0.194043 0.00180362
0.194014 0.00180664

0.193994 0.00180867
0.194014 0.00180664

0.194043 0.00180362
0.194092 0.00179844

0.194092 0.00179843
0.194141 0.00179313

0.194141 0.00179313
0.194189 0.00178772

0.194189 0.00178772
0.194238 0.00178221

0.194238 0.00178221
0.194287 0.0017766

0.194287 0.0017766
0.194336 0.00177087

0.194336 0.00177087
0.194385 0.00176501

0.194385 0.001765
0.194434 0.00175905

0.194482 0.00175303
0.194444 0.00175781

0.194434 0.00175905
0.194444 0.00175781

0.194482 0.00175303
0.194531 0.00174686

0.194531 0.00174686
0.19458 0.00174055

0.19458 0.00174055
0.194629 0.00173412

0.194629 0.00173412
0.194678 0.00172757

0.194678 0.00172757
0.194727 0.00172087

0.194727 0.00172087
0.194775 0.00171404

0.194824 0.00170708
0.194811 0.00170898

0.194775 0.00171404
0.194811 0.00170898

0.194824 0.00170709
0.194873 0.0017

0.194873 0.0017
0.194922 0.00169276

0.194922 0.00169276
0.194971 0.00168538

0.194971 0.00168538
0.19502 0.00167785

0.19502 0.00167785
0.195068 0.00167017

0.195068 0.00167017
0.195117 0.00166232

0.195166 0.0016543
0.19513 0.00166016

0.195117 0.00166232
0.19513 0.00166016

0.195166 0.0016543
0.195215 0.00164615

0.195215 0.00164616
0.195264 0.00163785

0.195264 0.00163785
0.195313 0.00162938

0.195312 0.00162938
0.195361 0.00162075

0.195361 0.00162076
0.19541 0.00161193

0.195459 0.00160289
0.195413 0.00161133

0.19541 0.00161193
0.195413 0.00161133

0.195459 0.0016029
0.195508 0.00159377

0.195508 0.00159377
0.195557 0.00158449

0.195557 0.00158449
0.195605 0.00157506

0.195605 0.00157508
0.195654 0.00156545

0.195703 0.0015556
0.195669 0.0015625

0.195654 0.00156547
0.195669 0.0015625

0.195703 0.00155561
0.195752 0.00154569

0.195752 0.0015457
0.195801 0.00153568

0.195801 0.00153568
0.19585 0.00152554

0.19585 0.00152557
0.195898 0.00151523

0.195947 0.00150466
0.195905 0.00151367

0.195898 0.00151523
0.195906 0.00151367

0.195947 0.00150467
0.195996 0.0014941

0.195996 0.00149411
0.196045 0.00148348

0.196045 0.00148351
0.196094 0.00147276

0.196143 0.00146175
0.196129 0.00146484

0.196094 0.00147279
0.196129 0.00146484

0.196143 0.00146176
0.196191 0.00145073

0.196191 0.00145074
0.19624 0.00143973

0.19624 0.00143974
0.196289 0.00142871

0.196289 0.00142876
0.196338 0.00141757

0.196387 0.00140618
0.196344 0.00141602

0.196338 0.00141757
0.196345 0.00141602

0.196387 0.00140619
0.196436 0.00139499

0.196436 0.001395
0.196484 0.00138388

0.196484 0.00138394
0.196533 0.00137279

0.196582 0.00136146
0.196557 0.00136719

0.196533 0.00137281
0.196558 0.00136719

0.196582 0.00136147
0.196631 0.00135038

0.196631 0.0013504
0.19668 0.00133952

0.19668 0.00133954
0.196729 0.00132881

0.196777 0.00131805
0.196776 0.00131836

0.196729 0.00132886
0.196776 0.00131836

0.196777 0.001318
0.196826 0.00130743

0.196826 0.00130745
0.196875 0.00129725

0.196875 0.00129726
0.196924 0.0012874

0.196924 0.00128743
0.196973 0.00127785

0.197021 0.00126841
0.197016 0.00126953

0.196973 0.00127787
0.197016 0.00126953

0.197021 0.00126836
0.19707 0.00125928

0.19707 0.00125929
0.197119 0.0012507

0.197119 0.00125073
0.197168 0.00124256

0.197168 0.00124255
0.197217 0.00123475

0.197217 0.00123477
0.197266 0.00122733

0.197314 0.00122017
0.197311 0.0012207

0.197266 0.00122735
0.197311 0.0012207

0.197314 0.00122007
0.197363 0.00121336

0.197363 0.00121335
0.197412 0.00120735

0.197412 0.00120737
0.197461 0.00120204

0.197461 0.00120205
0.19751 0.00119733

0.19751 0.00119733
0.197559 0.00119321

0.197559 0.0011932
0.197607 0.00118971

0.197607 0.0011897
0.197656 0.00118685

0.197656 0.00118685
0.197705 0.00118466

0.197705 0.00118466
0.197754 0.00118316

0.197754 0.00118316
0.197803 0.00118235

0.197803 0.00118235
0.197852 0.00118225

0.197852 0.00118225
0.1979 0.00118287

0.1979 0.00118287
0.197949 0.00118422

0.197949 0.00118422
0.197998 0.00118632

0.197998 0.00118631
0.198047 0.00118916

0.198047 0.00118916
0.198096 0.00119277

0.198096 0.00119277
0.198145 0.00119715

0.198145 0.00119715
0.198193 0.00120231

0.198193 0.00120232
0.198242 0.00120826

0.198242 0.00120826
0.198291 0.00121493

0.198291 0.00121486
0.198329 0.0012207

0.198328 0.0012207
0.19834 0.00122246

0.19834 0.00122237
0.198389 0.00123064

0.198389 0.00123066
0.198438 0.00123968

0.198438 0.00123969
0.198486 0.00124938

0.198486 0.00124939
0.198535 0.00125973

0.198535 0.00125967
0.198579 0.00126953

0.198578 0.00126953
0.198584 0.00127092

0.198584 0.00127078
0.198633 0.0012826

0.198633 0.00128264
0.198682 0.0012951

0.198682 0.0012951
0.19873 0.00130815

0.19873 0.00130807
0.198767 0.00131836

0.198767 0.00131836
0.198779 0.00132195

0.198779 0.00132188
0.198828 0.0013363

0.198828 0.00133632
0.198877 0.00135128

0.198877 0.00135123
0.198926 0.0013668

0.198926 0.00136681
0.198927 0.00136719

0.198927 0.00136719
0.198975 0.00138302

0.198975 0.00138304
0.199023 0.0013997

0.199023 0.00139965
0.19907 0.00141602

0.199069 0.00141602
0.199072 0.00141704

0.199072 0.0014169
0.199121 0.00143457

0.199121 0.00143455
0.19917 0.00145261

0.19917 0.00145255
0.199202 0.00146484

0.199202 0.00146484
0.199219 0.00147118

0.199219 0.00147112
0.199268 0.00148992

0.199268 0.00148988
0.199316 0.00150901

0.199316 0.00150898
0.199328 0.00151367

0.199328 0.00151367
0.199365 0.00152852

0.199365 0.00152847
0.199414 0.00154817

0.199414 0.0015481
0.199449 0.0015625

0.199449 0.0015625
0.199463 0.00156829

0.199463 0.00156819
0.199512 0.00158847

0.199512 0.00158842
0.199561 0.00160901

0.199561 0.00160903
0.199566 0.00161133

0.199566 0.00161133
0.199609 0.00162992

0.199609 0.00162993
0.199658 0.00165075

0.199658 0.00165077
0.199681 0.00166016

0.19968 0.00166016
0.199707 0.00167148

0.199707 0.00167151
0.199756 0.00169133

0.199756 0.00169141
0.199802 0.00170898

0.199801 0.00170898
0.199805 0.00171028

0.199805 0.00171027
0.199854 0.00172743

0.199854 0.00172766
0.199902 0.00174254

0.199902 0.00174268
0.199951 0.00175454

0.199951 0.00175598
0.199969 0.00175781

0.199965 0.00175781
0.2 0.00176151

