0 7.01774e-05
4.88281e-05 5.99574e-05

0 0.00184664
4.88281e-05 0.00184613

9.66728e-05 0
6.87892e-05 4.88281e-05

4.88281e-05 7.58485e-05
8.75886e-05 4.88281e-05

4.88281e-05 0.00184599
9.76563e-05 0.00184476

9.76563e-05 0.00184463
0.000146484 0.00184323

0.000146484 0.00184319
0.000195313 0.00184198

0.000195313 0.00184199
0.000244141 0.00184102

0.000244141 0.00184103
0.000292969 0.00184025

0.000292969 0.00184026
0.000341797 0.0018396

0.000341797 0.00183961
0.000390625 0.00183905

0.000390625 0.00183906
0.000439453 0.00183857

0.000439453 0.00183857
0.000488281 0.00183813

0.000488281 0.00183813
0.000537109 0.00183773

0.000537109 0.00183773
0.000585938 0.00183736

0.000585937 0.00183736
0.000634766 0.00183702

0.000634766 0.00183702
0.000683594 0.0018367

0.000683594 0.0018367
0.000732422 0.00183641

0.000732422 0.00183641
0.00078125 0.00183612

0.00078125 0.00183613
0.000830078 0.00183586

0.000830078 0.00183586
0.000878906 0.00183561

0.000878906 0.00183561
0.000927734 0.00183537

0.000927734 0.00183537
0.000976562 0.00183515

0.000976563 0.00183515
0.00102539 0.00183493

0.00102539 0.00183493
0.00107422 0.00183473

0.00107422 0.00183473
0.00112305 0.00183453

0.00112305 0.00183453
0.00117187 0.00183435

0.00117188 0.00183435
0.0012207 0.00183417

0.0012207 0.00183417
0.00126953 0.001834

0.00126953 0.001834
0.00131836 0.00183384

0.00131836 0.00183384
0.00136719 0.00183368

0.00136719 0.00183368
0.00141602 0.00183354

0.00141602 0.00183354
0.00146484 0.00183339

0.00146484 0.00183339
0.00151367 0.00183325

0.00151367 0.00183325
0.0015625 0.00183312

0.0015625 0.00183312
0.00161133 0.00183299

0.00161133 0.00183299
0.00166016 0.00183286

0.00166016 0.00183286
0.00170898 0.00183273

0.00170898 0.00183273
0.00175781 0.0018326

0.00175781 0.0018326
0.00180664 0.00183247

0.00180664 0.00183247
0.00185547 0.00183235

0.00185547 0.00183235
0.0019043 0.00183222

0.0019043 0.00183222
0.00195312 0.00183208

0.00195312 0.00183208
0.00200195 0.00183195

0.00200195 0.00183195
0.00205078 0.00183182

0.00205078 0.00183182
0.00209961 0.00183168

0.00209961 0.00183168
0.00214844 0.00183154

0.00214844 0.00183154
0.00219727 0.0018314

0.00219727 0.0018314
0.00224609 0.00183126

0.00224609 0.00183126
0.00229492 0.00183113

0.00229492 0.00183112
0.00234375 0.001831

0.00234375 0.001831
0.00239258 0.00183089

0.00239258 0.00183089
0.00244141 0.0018308

0.00244141 0.0018308
0.00249023 0.00183073

0.00249023 0.00183073
0.00253906 0.00183067

0.00253906 0.00183067
0.00258789 0.00183064

0.00258789 0.00183064
0.00263672 0.00183063

0.00263672 0.00183063
0.00268555 0.00183062

0.00268555 0.00183063
0.00273438 0.00183063

0.00273438 0.00183063
0.0027832 0.00183064

0.0027832 0.00183064
0.00283203 0.00183064

0.00283203 0.00183064
0.00288086 0.00183063

0.00288086 0.00183063
0.00292969 0.00183061

0.00292969 0.00183061
0.00297852 0.00183059

0.00297852 0.00183059
0.00302734 0.00183056

0.00302734 0.00183056
0.00307617 0.00183053

0.00307617 0.00183053
0.003125 0.0018305

0.003125 0.0018305
0.00317383 0.00183048

0.00317383 0.00183048
0.00322266 0.00183046

0.00322266 0.00183046
0.00327148 0.00183044

0.00327148 0.00183044
0.00332031 0.00183043

0.00332031 0.00183043
0.00336914 0.00183042

0.00336914 0.00183042
0.00341797 0.00183041

0.00341797 0.00183041
0.0034668 0.0018304

0.0034668 0.0018304
0.00351563 0.0018304

0.00351563 0.0018304
0.00356445 0.0018304

0.00356445 0.0018304
0.00361328 0.0018304

0.00361328 0.0018304
0.00366211 0.0018304

0.00366211 0.0018304
0.00371094 0.0018304

0.00371094 0.0018304
0.00375977 0.0018304

0.00375977 0.0018304
0.00380859 0.00183041

0.00380859 0.00183041
0.00385742 0.00183042

0.00385742 0.00183042
0.00390625 0.00183042

0.00390625 0.00183042
0.00395508 0.00183043

0.00395508 0.00183043
0.00400391 0.00183044

0.00400391 0.00183044
0.00405273 0.00183045

0.00405273 0.00183045
0.00410156 0.00183046

0.00410156 0.00183046
0.00415039 0.00183047

0.00415039 0.00183047
0.00419922 0.00183048

0.00419922 0.00183048
0.00424805 0.00183049

0.00424805 0.00183049
0.00429688 0.00183051

0.00429687 0.00183051
0.0043457 0.00183052

0.0043457 0.00183052
0.00439453 0.00183053

0.00439453 0.00183053
0.00444336 0.00183055

0.00444336 0.00183055
0.00449219 0.00183056

0.00449219 0.00183056
0.00454102 0.00183058

0.00454102 0.00183058
0.00458984 0.0018306

0.00458984 0.0018306
0.00463867 0.00183061

0.00463867 0.00183061
0.0046875 0.00183063

0.0046875 0.00183063
0.00473633 0.00183065

0.00473633 0.00183065
0.00478516 0.00183067

0.00478516 0.00183067
0.00483398 0.00183068

0.00483398 0.00183068
0.00488281 0.0018307

0.00488281 0.0018307
0.00493164 0.00183072

0.00493164 0.00183072
0.00498047 0.00183074

0.00498047 0.00183074
0.0050293 0.00183075

0.0050293 0.00183075
0.00507813 0.00183077

0.00507813 0.00183077
0.00512695 0.00183079

0.00512695 0.00183079
0.00517578 0.0018308

0.00517578 0.0018308
0.00522461 0.00183082

0.00522461 0.00183082
0.00527344 0.00183083

0.00527344 0.00183083
0.00532227 0.00183084

0.00532227 0.00183084
0.00537109 0.00183085

0.00537109 0.00183085
0.00541992 0.00183086

0.00541992 0.00183086
0.00546875 0.00183087

0.00546875 0.00183087
0.00551758 0.00183088

0.00551758 0.00183088
0.00556641 0.00183089

0.00556641 0.00183089
0.00561523 0.00183089

0.00561523 0.00183089
0.00566406 0.0018309

0.00566406 0.0018309
0.00571289 0.0018309

0.00571289 0.0018309
0.00576172 0.0018309

0.00576172 0.0018309
0.00581055 0.00183091

0.00581055 0.00183091
0.00585938 0.00183091

0.00585938 0.00183091
0.0059082 0.00183092

0.0059082 0.00183092
0.00595703 0.00183092

0.00595703 0.00183092
0.00600586 0.00183093

0.00600586 0.00183093
0.00605469 0.00183094

0.00605469 0.00183094
0.00610352 0.00183095

0.00610352 0.00183095
0.00615234 0.00183096

0.00615234 0.00183096
0.00620117 0.00183098

0.00620117 0.00183098
0.00625 0.001831

0.00625 0.001831
0.00629883 0.00183103

0.00629883 0.00183103
0.00634766 0.00183106

0.00634766 0.00183106
0.00639648 0.00183109

0.00639648 0.00183109
0.00644531 0.00183112

0.00644531 0.00183112
0.00649414 0.00183116

0.00649414 0.00183116
0.00654297 0.0018312

0.00654297 0.0018312
0.0065918 0.00183123

0.0065918 0.00183123
0.00664063 0.00183127

0.00664062 0.00183127
0.00668945 0.0018313

0.00668945 0.0018313
0.00673828 0.00183133

0.00673828 0.00183134
0.00678711 0.00183136

0.00678711 0.00183136
0.00683594 0.00183138

0.00683594 0.00183138
0.00688477 0.00183139

0.00688477 0.00183139
0.00693359 0.0018314

0.00693359 0.0018314
0.00698242 0.0018314

0.00698242 0.0018314
0.00703125 0.0018314

0.00703125 0.0018314
0.00708008 0.00183139

0.00708008 0.00183139
0.00712891 0.00183138

0.00712891 0.00183138
0.00717773 0.00183137

0.00717773 0.00183137
0.00722656 0.00183136

0.00722656 0.00183136
0.00727539 0.00183136

0.00727539 0.00183136
0.00732422 0.00183135

0.00732422 0.00183135
0.00737305 0.00183135

0.00737305 0.00183135
0.00742188 0.00183136

0.00742187 0.00183136
0.0074707 0.00183136

0.0074707 0.00183136
0.00751953 0.00183137

0.00751953 0.00183137
0.00756836 0.00183138

0.00756836 0.00183138
0.00761719 0.00183139

0.00761719 0.00183139
0.00766602 0.0018314

0.00766602 0.0018314
0.00771484 0.00183141

0.00771484 0.00183141
0.00776367 0.00183142

0.00776367 0.00183142
0.0078125 0.00183142

0.0078125 0.00183142
0.00786133 0.00183143

0.00786133 0.00183143
0.00791016 0.00183143

0.00791016 0.00183143
0.00795898 0.00183143

0.00795898 0.00183143
0.00800781 0.00183144

0.00800781 0.00183144
0.00805664 0.00183144

0.00805664 0.00183144
0.00810547 0.00183144

0.00810547 0.00183144
0.0081543 0.00183144

0.0081543 0.00183144
0.00820313 0.00183145

0.00820313 0.00183145
0.00825195 0.00183145

0.00825195 0.00183145
0.00830078 0.00183145

0.00830078 0.00183145
0.00834961 0.00183145

0.00834961 0.00183145
0.00839844 0.00183145

0.00839844 0.00183145
0.00844727 0.00183145

0.00844727 0.00183145
0.00849609 0.00183145

0.00849609 0.00183145
0.00854492 0.00183145

0.00854492 0.00183145
0.00859375 0.00183144

0.00859375 0.00183144
0.00864258 0.00183144

0.00864258 0.00183144
0.00869141 0.00183143

0.00869141 0.00183143
0.00874023 0.00183143

0.00874023 0.00183143
0.00878906 0.00183142

0.00878906 0.00183142
0.00883789 0.00183142

0.00883789 0.00183142
0.00888672 0.00183141

0.00888672 0.00183141
0.00893555 0.0018314

0.00893555 0.0018314
0.00898438 0.00183139

0.00898437 0.00183139
0.0090332 0.00183138

0.0090332 0.00183138
0.00908203 0.00183137

0.00908203 0.00183137
0.00913086 0.00183136

0.00913086 0.00183136
0.00917969 0.00183135

0.00917969 0.00183135
0.00922852 0.00183133

0.00922852 0.00183133
0.00927734 0.00183132

0.00927734 0.00183132
0.00932617 0.00183131

0.00932617 0.00183131
0.009375 0.00183129

0.009375 0.00183129
0.00942383 0.00183128

0.00942383 0.00183128
0.00947266 0.00183127

0.00947266 0.00183127
0.00952148 0.00183125

0.00952148 0.00183125
0.00957031 0.00183124

0.00957031 0.00183124
0.00961914 0.00183122

0.00961914 0.00183122
0.00966797 0.00183121

0.00966797 0.00183121
0.0097168 0.0018312

0.0097168 0.0018312
0.00976563 0.00183119

0.00976562 0.00183119
0.00981445 0.00183117

0.00981445 0.00183117
0.00986328 0.00183116

0.00986328 0.00183116
0.00991211 0.00183115

0.00991211 0.00183115
0.00996094 0.00183115

0.00996094 0.00183115
0.0100098 0.00183114

0.0100098 0.00183114
0.0100586 0.00183113

0.0100586 0.00183113
0.0101074 0.00183113

0.0101074 0.00183113
0.0101563 0.00183113

0.0101563 0.00183113
0.0102051 0.00183112

0.0102051 0.00183112
0.0102539 0.00183112

0.0102539 0.00183112
0.0103027 0.00183112

0.0103027 0.00183112
0.0103516 0.00183113

0.0103516 0.00183113
0.0104004 0.00183113

0.0104004 0.00183113
0.0104492 0.00183113

0.0104492 0.00183113
0.010498 0.00183114

0.010498 0.00183114
0.0105469 0.00183114

0.0105469 0.00183114
0.0105957 0.00183115

0.0105957 0.00183115
0.0106445 0.00183115

0.0106445 0.00183115
0.0106934 0.00183116

0.0106934 0.00183116
0.0107422 0.00183116

0.0107422 0.00183116
0.010791 0.00183117

0.010791 0.00183117
0.0108398 0.00183117

0.0108398 0.00183117
0.0108887 0.00183118

0.0108887 0.00183118
0.0109375 0.00183118

0.0109375 0.00183118
0.0109863 0.00183118

0.0109863 0.00183118
0.0110352 0.00183119

0.0110352 0.00183119
0.011084 0.00183119

0.011084 0.00183119
0.0111328 0.00183119

0.0111328 0.00183119
0.0111816 0.0018312

0.0111816 0.0018312
0.0112305 0.0018312

0.0112305 0.0018312
0.0112793 0.0018312

0.0112793 0.0018312
0.0113281 0.00183121

0.0113281 0.00183121
0.011377 0.00183121

0.011377 0.00183121
0.0114258 0.00183122

0.0114258 0.00183122
0.0114746 0.00183122

0.0114746 0.00183122
0.0115234 0.00183123

0.0115234 0.00183123
0.0115723 0.00183123

0.0115723 0.00183123
0.0116211 0.00183124

0.0116211 0.00183124
0.0116699 0.00183124

0.0116699 0.00183124
0.0117188 0.00183125

0.0117188 0.00183125
0.0117676 0.00183125

0.0117676 0.00183125
0.0118164 0.00183126

0.0118164 0.00183126
0.0118652 0.00183126

0.0118652 0.00183126
0.0119141 0.00183126

0.0119141 0.00183126
0.0119629 0.00183126

0.0119629 0.00183126
0.0120117 0.00183126

0.0120117 0.00183126
0.0120605 0.00183126

0.0120605 0.00183126
0.0121094 0.00183125

0.0121094 0.00183125
0.0121582 0.00183125

0.0121582 0.00183125
0.012207 0.00183125

0.012207 0.00183125
0.0122559 0.00183124

0.0122559 0.00183124
0.0123047 0.00183124

0.0123047 0.00183124
0.0123535 0.00183124

0.0123535 0.00183124
0.0124023 0.00183123

0.0124023 0.00183123
0.0124512 0.00183123

0.0124512 0.00183123
0.0125 0.00183123

0.0125 0.00183123
0.0125488 0.00183123

0.0125488 0.00183123
0.0125977 0.00183123

0.0125977 0.00183123
0.0126465 0.00183123

0.0126465 0.00183123
0.0126953 0.00183123

0.0126953 0.00183123
0.0127441 0.00183123

0.0127441 0.00183123
0.012793 0.00183124

0.012793 0.00183124
0.0128418 0.00183124

0.0128418 0.00183124
0.0128906 0.00183124

0.0128906 0.00183124
0.0129395 0.00183124

0.0129395 0.00183124
0.0129883 0.00183124

0.0129883 0.00183124
0.0130371 0.00183124

0.0130371 0.00183124
0.0130859 0.00183124

0.0130859 0.00183124
0.0131348 0.00183125

0.0131348 0.00183125
0.0131836 0.00183125

0.0131836 0.00183125
0.0132324 0.00183125

0.0132324 0.00183125
0.0132813 0.00183125

0.0132812 0.00183125
0.0133301 0.00183125

0.0133301 0.00183125
0.0133789 0.00183125

0.0133789 0.00183125
0.0134277 0.00183125

0.0134277 0.00183125
0.0134766 0.00183125

0.0134766 0.00183125
0.0135254 0.00183125

0.0135254 0.00183125
0.0135742 0.00183125

0.0135742 0.00183125
0.013623 0.00183125

0.013623 0.00183125
0.0136719 0.00183125

0.0136719 0.00183125
0.0137207 0.00183126

0.0137207 0.00183126
0.0137695 0.00183126

0.0137695 0.00183126
0.0138184 0.00183126

0.0138184 0.00183126
0.0138672 0.00183126

0.0138672 0.00183126
0.013916 0.00183126

0.013916 0.00183126
0.0139648 0.00183127

0.0139648 0.00183127
0.0140137 0.00183127

0.0140137 0.00183127
0.0140625 0.00183127

0.0140625 0.00183127
0.0141113 0.00183127

0.0141113 0.00183127
0.0141602 0.00183127

0.0141602 0.00183127
0.014209 0.00183128

0.014209 0.00183128
0.0142578 0.00183128

0.0142578 0.00183128
0.0143066 0.00183128

0.0143066 0.00183128
0.0143555 0.00183128

0.0143555 0.00183128
0.0144043 0.00183128

0.0144043 0.00183128
0.0144531 0.00183128

0.0144531 0.00183128
0.014502 0.00183128

0.014502 0.00183128
0.0145508 0.00183129

0.0145508 0.00183129
0.0145996 0.00183129

0.0145996 0.00183129
0.0146484 0.00183129

0.0146484 0.00183129
0.0146973 0.00183129

0.0146973 0.00183129
0.0147461 0.00183129

0.0147461 0.00183129
0.0147949 0.00183129

0.0147949 0.00183129
0.0148438 0.00183129

0.0148438 0.00183129
0.0148926 0.0018313

0.0148926 0.0018313
0.0149414 0.0018313

0.0149414 0.0018313
0.0149902 0.0018313

0.0149902 0.0018313
0.0150391 0.0018313

0.0150391 0.0018313
0.0150879 0.0018313

0.0150879 0.0018313
0.0151367 0.0018313

0.0151367 0.0018313
0.0151855 0.0018313

0.0151855 0.0018313
0.0152344 0.00183131

0.0152344 0.00183131
0.0152832 0.00183131

0.0152832 0.00183131
0.015332 0.00183131

0.015332 0.00183131
0.0153809 0.00183131

0.0153809 0.00183131
0.0154297 0.00183132

0.0154297 0.00183132
0.0154785 0.00183132

0.0154785 0.00183132
0.0155273 0.00183132

0.0155273 0.00183132
0.0155762 0.00183132

0.0155762 0.00183132
0.015625 0.00183133

0.015625 0.00183133
0.0156738 0.00183133

0.0156738 0.00183133
0.0157227 0.00183134

0.0157227 0.00183134
0.0157715 0.00183134

0.0157715 0.00183134
0.0158203 0.00183134

0.0158203 0.00183134
0.0158691 0.00183135

0.0158691 0.00183135
0.015918 0.00183135

0.015918 0.00183135
0.0159668 0.00183136

0.0159668 0.00183136
0.0160156 0.00183136

0.0160156 0.00183136
0.0160645 0.00183137

0.0160645 0.00183137
0.0161133 0.00183137

0.0161133 0.00183137
0.0161621 0.00183138

0.0161621 0.00183138
0.0162109 0.00183139

0.0162109 0.00183139
0.0162598 0.00183139

0.0162598 0.00183139
0.0163086 0.0018314

0.0163086 0.0018314
0.0163574 0.0018314

0.0163574 0.0018314
0.0164063 0.00183141

0.0164063 0.00183141
0.0164551 0.00183142

0.0164551 0.00183142
0.0165039 0.00183142

0.0165039 0.00183142
0.0165527 0.00183143

0.0165527 0.00183143
0.0166016 0.00183144

0.0166016 0.00183144
0.0166504 0.00183144

0.0166504 0.00183144
0.0166992 0.00183145

0.0166992 0.00183145
0.016748 0.00183145

0.016748 0.00183145
0.0167969 0.00183146

0.0167969 0.00183146
0.0168457 0.00183147

0.0168457 0.00183147
0.0168945 0.00183147

0.0168945 0.00183147
0.0169434 0.00183148

0.0169434 0.00183148
0.0169922 0.00183149

0.0169922 0.00183149
0.017041 0.00183149

0.017041 0.00183149
0.0170898 0.0018315

0.0170898 0.0018315
0.0171387 0.0018315

0.0171387 0.0018315
0.0171875 0.00183151

0.0171875 0.00183151
0.0172363 0.00183151

0.0172363 0.00183151
0.0172852 0.00183152

0.0172852 0.00183152
0.017334 0.00183152

0.017334 0.00183152
0.0173828 0.00183153

0.0173828 0.00183153
0.0174316 0.00183154

0.0174316 0.00183154
0.0174805 0.00183154

0.0174805 0.00183154
0.0175293 0.00183155

0.0175293 0.00183155
0.0175781 0.00183155

0.0175781 0.00183155
0.017627 0.00183156

0.017627 0.00183156
0.0176758 0.00183156

0.0176758 0.00183156
0.0177246 0.00183157

0.0177246 0.00183157
0.0177734 0.00183157

0.0177734 0.00183157
0.0178223 0.00183158

0.0178223 0.00183158
0.0178711 0.00183158

0.0178711 0.00183158
0.0179199 0.00183159

0.0179199 0.00183159
0.0179687 0.00183159

0.0179688 0.00183159
0.0180176 0.0018316

0.0180176 0.0018316
0.0180664 0.0018316

0.0180664 0.0018316
0.0181152 0.00183161

0.0181152 0.00183161
0.0181641 0.00183162

0.0181641 0.00183162
0.0182129 0.00183162

0.0182129 0.00183162
0.0182617 0.00183163

0.0182617 0.00183163
0.0183105 0.00183164

0.0183105 0.00183164
0.0183594 0.00183164

0.0183594 0.00183164
0.0184082 0.00183165

0.0184082 0.00183165
0.018457 0.00183166

0.018457 0.00183166
0.0185059 0.00183167

0.0185059 0.00183167
0.0185547 0.00183168

0.0185547 0.00183168
0.0186035 0.00183169

0.0186035 0.00183169
0.0186523 0.0018317

0.0186523 0.0018317
0.0187012 0.00183171

0.0187012 0.00183171
0.01875 0.00183172

0.01875 0.00183172
0.0187988 0.00183173

0.0187988 0.00183173
0.0188477 0.00183174

0.0188477 0.00183174
0.0188965 0.00183175

0.0188965 0.00183175
0.0189453 0.00183176

0.0189453 0.00183176
0.0189941 0.00183177

0.0189941 0.00183177
0.019043 0.00183179

0.019043 0.00183179
0.0190918 0.0018318

0.0190918 0.0018318
0.0191406 0.00183181

0.0191406 0.00183181
0.0191895 0.00183182

0.0191895 0.00183182
0.0192383 0.00183184

0.0192383 0.00183184
0.0192871 0.00183185

0.0192871 0.00183185
0.0193359 0.00183186

0.0193359 0.00183186
0.0193848 0.00183187

0.0193848 0.00183187
0.0194336 0.00183188

0.0194336 0.00183188
0.0194824 0.00183189

0.0194824 0.00183189
0.0195312 0.0018319

0.0195313 0.0018319
0.0195801 0.00183192

0.0195801 0.00183192
0.0196289 0.00183193

0.0196289 0.00183193
0.0196777 0.00183194

0.0196777 0.00183194
0.0197266 0.00183194

0.0197266 0.00183194
0.0197754 0.00183195

0.0197754 0.00183195
0.0198242 0.00183196

0.0198242 0.00183196
0.019873 0.00183197

0.019873 0.00183197
0.0199219 0.00183198

0.0199219 0.00183198
0.0199707 0.00183198

0.0199707 0.00183198
0.0200195 0.00183199

0.0200195 0.00183199
0.0200684 0.00183199

0.0200684 0.00183199
0.0201172 0.001832

0.0201172 0.001832
0.020166 0.00183201

0.020166 0.00183201
0.0202148 0.00183201

0.0202148 0.00183201
0.0202637 0.00183201

0.0202637 0.00183201
0.0203125 0.00183202

0.0203125 0.00183202
0.0203613 0.00183202

0.0203613 0.00183202
0.0204102 0.00183203

0.0204102 0.00183203
0.020459 0.00183203

0.020459 0.00183203
0.0205078 0.00183204

0.0205078 0.00183204
0.0205566 0.00183204

0.0205566 0.00183204
0.0206055 0.00183205

0.0206055 0.00183205
0.0206543 0.00183205

0.0206543 0.00183205
0.0207031 0.00183206

0.0207031 0.00183206
0.020752 0.00183206

0.020752 0.00183206
0.0208008 0.00183207

0.0208008 0.00183207
0.0208496 0.00183208

0.0208496 0.00183208
0.0208984 0.00183208

0.0208984 0.00183208
0.0209473 0.00183209

0.0209473 0.00183209
0.0209961 0.0018321

0.0209961 0.0018321
0.0210449 0.00183211

0.0210449 0.00183211
0.0210938 0.00183212

0.0210938 0.00183212
0.0211426 0.00183213

0.0211426 0.00183213
0.0211914 0.00183214

0.0211914 0.00183214
0.0212402 0.00183215

0.0212402 0.00183215
0.0212891 0.00183216

0.0212891 0.00183216
0.0213379 0.00183217

0.0213379 0.00183217
0.0213867 0.00183218

0.0213867 0.00183218
0.0214355 0.00183219

0.0214355 0.00183219
0.0214844 0.0018322

0.0214844 0.0018322
0.0215332 0.00183221

0.0215332 0.00183221
0.021582 0.00183222

0.021582 0.00183222
0.0216309 0.00183223

0.0216309 0.00183223
0.0216797 0.00183224

0.0216797 0.00183224
0.0217285 0.00183225

0.0217285 0.00183225
0.0217773 0.00183225

0.0217773 0.00183225
0.0218262 0.00183226

0.0218262 0.00183226
0.021875 0.00183226

0.021875 0.00183226
0.0219238 0.00183227

0.0219238 0.00183227
0.0219727 0.00183227

0.0219727 0.00183227
0.0220215 0.00183227

0.0220215 0.00183227
0.0220703 0.00183228

0.0220703 0.00183228
0.0221191 0.00183228

0.0221191 0.00183228
0.022168 0.00183228

0.022168 0.00183228
0.0222168 0.00183228

0.0222168 0.00183228
0.0222656 0.00183228

0.0222656 0.00183228
0.0223145 0.00183229

0.0223145 0.00183229
0.0223633 0.00183229

0.0223633 0.00183229
0.0224121 0.00183229

0.0224121 0.00183229
0.0224609 0.00183229

0.0224609 0.00183229
0.0225098 0.0018323

0.0225098 0.0018323
0.0225586 0.0018323

0.0225586 0.0018323
0.0226074 0.0018323

0.0226074 0.0018323
0.0226562 0.00183231

0.0226563 0.00183231
0.0227051 0.00183231

0.0227051 0.00183231
0.0227539 0.00183232

0.0227539 0.00183232
0.0228027 0.00183232

0.0228027 0.00183232
0.0228516 0.00183233

0.0228516 0.00183233
0.0229004 0.00183233

0.0229004 0.00183233
0.0229492 0.00183234

0.0229492 0.00183234
0.022998 0.00183234

0.022998 0.00183234
0.0230469 0.00183235

0.0230469 0.00183235
0.0230957 0.00183235

0.0230957 0.00183235
0.0231445 0.00183236

0.0231445 0.00183236
0.0231934 0.00183236

0.0231934 0.00183236
0.0232422 0.00183237

0.0232422 0.00183237
0.023291 0.00183237

0.023291 0.00183237
0.0233398 0.00183238

0.0233398 0.00183238
0.0233887 0.00183238

0.0233887 0.00183238
0.0234375 0.00183239

0.0234375 0.00183239
0.0234863 0.00183239

0.0234863 0.00183239
0.0235352 0.0018324

0.0235352 0.0018324
0.023584 0.0018324

0.023584 0.0018324
0.0236328 0.00183241

0.0236328 0.00183241
0.0236816 0.00183242

0.0236816 0.00183242
0.0237305 0.00183242

0.0237305 0.00183242
0.0237793 0.00183243

0.0237793 0.00183243
0.0238281 0.00183244

0.0238281 0.00183244
0.023877 0.00183244

0.023877 0.00183244
0.0239258 0.00183245

0.0239258 0.00183245
0.0239746 0.00183246

0.0239746 0.00183246
0.0240234 0.00183247

0.0240234 0.00183247
0.0240723 0.00183248

0.0240723 0.00183248
0.0241211 0.00183249

0.0241211 0.00183249
0.0241699 0.0018325

0.0241699 0.0018325
0.0242188 0.00183251

0.0242188 0.00183251
0.0242676 0.00183252

0.0242676 0.00183252
0.0243164 0.00183253

0.0243164 0.00183253
0.0243652 0.00183254

0.0243652 0.00183254
0.0244141 0.00183255

0.0244141 0.00183255
0.0244629 0.00183256

0.0244629 0.00183256
0.0245117 0.00183257

0.0245117 0.00183257
0.0245605 0.00183259

0.0245605 0.00183259
0.0246094 0.0018326

0.0246094 0.0018326
0.0246582 0.00183261

0.0246582 0.00183261
0.024707 0.00183263

0.024707 0.00183263
0.0247559 0.00183264

0.0247559 0.00183264
0.0248047 0.00183265

0.0248047 0.00183265
0.0248535 0.00183267

0.0248535 0.00183267
0.0249023 0.00183268

0.0249023 0.00183268
0.0249512 0.0018327

0.0249512 0.0018327
0.025 0.00183271

0.025 0.00183271
0.0250488 0.00183273

0.0250488 0.00183273
0.0250977 0.00183274

0.0250977 0.00183274
0.0251465 0.00183276

0.0251465 0.00183276
0.0251953 0.00183278

0.0251953 0.00183278
0.0252441 0.00183279

0.0252441 0.00183279
0.025293 0.00183281

0.025293 0.00183281
0.0253418 0.00183283

0.0253418 0.00183283
0.0253906 0.00183284

0.0253906 0.00183284
0.0254395 0.00183286

0.0254395 0.00183286
0.0254883 0.00183288

0.0254883 0.00183288
0.0255371 0.0018329

0.0255371 0.0018329
0.0255859 0.00183292

0.0255859 0.00183292
0.0256348 0.00183294

0.0256348 0.00183294
0.0256836 0.00183296

0.0256836 0.00183296
0.0257324 0.00183298

0.0257324 0.00183298
0.0257812 0.001833

0.0257813 0.001833
0.0258301 0.00183302

0.0258301 0.00183302
0.0258789 0.00183304

0.0258789 0.00183304
0.0259277 0.00183306

0.0259277 0.00183306
0.0259766 0.00183308

0.0259766 0.00183308
0.0260254 0.00183311

0.0260254 0.00183311
0.0260742 0.00183313

0.0260742 0.00183313
0.026123 0.00183315

0.026123 0.00183315
0.0261719 0.00183317

0.0261719 0.00183317
0.0262207 0.00183319

0.0262207 0.00183319
0.0262695 0.00183322

0.0262695 0.00183322
0.0263184 0.00183324

0.0263184 0.00183324
0.0263672 0.00183326

0.0263672 0.00183326
0.026416 0.00183329

0.026416 0.00183329
0.0264648 0.00183331

0.0264648 0.00183331
0.0265137 0.00183333

0.0265137 0.00183333
0.0265625 0.00183336

0.0265625 0.00183336
0.0266113 0.00183338

0.0266113 0.00183338
0.0266602 0.0018334

0.0266602 0.0018334
0.026709 0.00183343

0.026709 0.00183343
0.0267578 0.00183345

0.0267578 0.00183345
0.0268066 0.00183347

0.0268066 0.00183347
0.0268555 0.0018335

0.0268555 0.0018335
0.0269043 0.00183352

0.0269043 0.00183352
0.0269531 0.00183355

0.0269531 0.00183355
0.027002 0.00183357

0.027002 0.00183357
0.0270508 0.00183359

0.0270508 0.00183359
0.0270996 0.00183362

0.0270996 0.00183362
0.0271484 0.00183364

0.0271484 0.00183364
0.0271973 0.00183366

0.0271973 0.00183366
0.0272461 0.00183369

0.0272461 0.00183369
0.0272949 0.00183371

0.0272949 0.00183371
0.0273438 0.00183374

0.0273438 0.00183374
0.0273926 0.00183376

0.0273926 0.00183376
0.0274414 0.00183378

0.0274414 0.00183378
0.0274902 0.00183381

0.0274902 0.00183381
0.0275391 0.00183383

0.0275391 0.00183383
0.0275879 0.00183386

0.0275879 0.00183386
0.0276367 0.00183388

0.0276367 0.00183388
0.0276855 0.00183391

0.0276855 0.00183391
0.0277344 0.00183393

0.0277344 0.00183393
0.0277832 0.00183396

0.0277832 0.00183396
0.027832 0.00183399

0.027832 0.00183399
0.0278809 0.00183401

0.0278809 0.00183401
0.0279297 0.00183404

0.0279297 0.00183404
0.0279785 0.00183407

0.0279785 0.00183407
0.0280273 0.0018341

0.0280273 0.0018341
0.0280762 0.00183413

0.0280762 0.00183413
0.028125 0.00183415

0.028125 0.00183415
0.0281738 0.00183418

0.0281738 0.00183418
0.0282227 0.00183421

0.0282227 0.00183421
0.0282715 0.00183425

0.0282715 0.00183425
0.0283203 0.00183428

0.0283203 0.00183428
0.0283691 0.00183431

0.0283691 0.00183431
0.028418 0.00183434

0.028418 0.00183434
0.0284668 0.00183437

0.0284668 0.00183437
0.0285156 0.0018344

0.0285156 0.0018344
0.0285645 0.00183444

0.0285645 0.00183444
0.0286133 0.00183447

0.0286133 0.00183447
0.0286621 0.0018345

0.0286621 0.0018345
0.0287109 0.00183453

0.0287109 0.00183453
0.0287598 0.00183456

0.0287598 0.00183456
0.0288086 0.0018346

0.0288086 0.0018346
0.0288574 0.00183463

0.0288574 0.00183463
0.0289063 0.00183466

0.0289063 0.00183466
0.0289551 0.00183469

0.0289551 0.00183469
0.0290039 0.00183472

0.0290039 0.00183472
0.0290527 0.00183475

0.0290527 0.00183475
0.0291016 0.00183478

0.0291016 0.00183478
0.0291504 0.00183481

0.0291504 0.00183481
0.0291992 0.00183483

0.0291992 0.00183483
0.029248 0.00183486

0.029248 0.00183486
0.0292969 0.00183489

0.0292969 0.00183489
0.0293457 0.00183491

0.0293457 0.00183491
0.0293945 0.00183493

0.0293945 0.00183493
0.0294434 0.00183495

0.0294434 0.00183495
0.0294922 0.00183497

0.0294922 0.00183497
0.029541 0.00183499

0.029541 0.00183499
0.0295898 0.00183501

0.0295898 0.00183501
0.0296387 0.00183503

0.0296387 0.00183503
0.0296875 0.00183505

0.0296875 0.00183505
0.0297363 0.00183506

0.0297363 0.00183506
0.0297852 0.00183508

0.0297852 0.00183508
0.029834 0.00183509

0.029834 0.00183509
0.0298828 0.0018351

0.0298828 0.0018351
0.0299316 0.00183511

0.0299316 0.00183511
0.0299805 0.00183512

0.0299805 0.00183512
0.0300293 0.00183513

0.0300293 0.00183513
0.0300781 0.00183514

0.0300781 0.00183514
0.030127 0.00183515

0.030127 0.00183515
0.0301758 0.00183516

0.0301758 0.00183516
0.0302246 0.00183517

0.0302246 0.00183517
0.0302734 0.00183518

0.0302734 0.00183518
0.0303223 0.00183518

0.0303223 0.00183518
0.0303711 0.00183519

0.0303711 0.00183519
0.0304199 0.0018352

0.0304199 0.0018352
0.0304687 0.0018352

0.0304688 0.0018352
0.0305176 0.00183521

0.0305176 0.00183521
0.0305664 0.00183522

0.0305664 0.00183522
0.0306152 0.00183522

0.0306152 0.00183522
0.0306641 0.00183523

0.0306641 0.00183523
0.0307129 0.00183523

0.0307129 0.00183523
0.0307617 0.00183524

0.0307617 0.00183524
0.0308105 0.00183524

0.0308105 0.00183524
0.0308594 0.00183525

0.0308594 0.00183525
0.0309082 0.00183525

0.0309082 0.00183525
0.030957 0.00183525

0.030957 0.00183525
0.0310059 0.00183526

0.0310059 0.00183526
0.0310547 0.00183526

0.0310547 0.00183526
0.0311035 0.00183526

0.0311035 0.00183526
0.0311523 0.00183526

0.0311523 0.00183526
0.0312012 0.00183526

0.0312012 0.00183526
0.03125 0.00183526

0.03125 0.00183526
0.0312988 0.00183526

0.0312988 0.00183526
0.0313477 0.00183526

0.0313477 0.00183526
0.0313965 0.00183526

0.0313965 0.00183526
0.0314453 0.00183525

0.0314453 0.00183525
0.0314941 0.00183525

0.0314941 0.00183525
0.031543 0.00183525

0.031543 0.00183525
0.0315918 0.00183525

0.0315918 0.00183525
0.0316406 0.00183524

0.0316406 0.00183524
0.0316895 0.00183524

0.0316895 0.00183524
0.0317383 0.00183523

0.0317383 0.00183523
0.0317871 0.00183523

0.0317871 0.00183523
0.0318359 0.00183523

0.0318359 0.00183523
0.0318848 0.00183522

0.0318848 0.00183522
0.0319336 0.00183522

0.0319336 0.00183522
0.0319824 0.00183522

0.0319824 0.00183522
0.0320312 0.00183521

0.0320313 0.00183521
0.0320801 0.00183521

0.0320801 0.00183521
0.0321289 0.0018352

0.0321289 0.0018352
0.0321777 0.0018352

0.0321777 0.0018352
0.0322266 0.0018352

0.0322266 0.0018352
0.0322754 0.00183519

0.0322754 0.00183519
0.0323242 0.00183519

0.0323242 0.00183519
0.032373 0.00183518

0.032373 0.00183518
0.0324219 0.00183518

0.0324219 0.00183518
0.0324707 0.00183517

0.0324707 0.00183517
0.0325195 0.00183517

0.0325195 0.00183517
0.0325684 0.00183516

0.0325684 0.00183516
0.0326172 0.00183515

0.0326172 0.00183515
0.032666 0.00183514

0.032666 0.00183514
0.0327148 0.00183514

0.0327148 0.00183514
0.0327637 0.00183513

0.0327637 0.00183513
0.0328125 0.00183512

0.0328125 0.00183512
0.0328613 0.00183511

0.0328613 0.00183511
0.0329102 0.00183509

0.0329102 0.00183509
0.032959 0.00183508

0.032959 0.00183508
0.0330078 0.00183507

0.0330078 0.00183507
0.0330566 0.00183506

0.0330566 0.00183506
0.0331055 0.00183505

0.0331055 0.00183505
0.0331543 0.00183503

0.0331543 0.00183503
0.0332031 0.00183502

0.0332031 0.00183502
0.033252 0.001835

0.033252 0.001835
0.0333008 0.00183499

0.0333008 0.00183499
0.0333496 0.00183497

0.0333496 0.00183497
0.0333984 0.00183496

0.0333984 0.00183496
0.0334473 0.00183494

0.0334473 0.00183494
0.0334961 0.00183493

0.0334961 0.00183493
0.0335449 0.00183491

0.0335449 0.00183491
0.0335937 0.0018349

0.0335938 0.0018349
0.0336426 0.00183488

0.0336426 0.00183488
0.0336914 0.00183486

0.0336914 0.00183486
0.0337402 0.00183485

0.0337402 0.00183485
0.0337891 0.00183483

0.0337891 0.00183483
0.0338379 0.00183481

0.0338379 0.00183481
0.0338867 0.0018348

0.0338867 0.0018348
0.0339355 0.00183478

0.0339355 0.00183478
0.0339844 0.00183476

0.0339844 0.00183476
0.0340332 0.00183475

0.0340332 0.00183475
0.034082 0.00183473

0.034082 0.00183473
0.0341309 0.00183472

0.0341309 0.00183472
0.0341797 0.0018347

0.0341797 0.0018347
0.0342285 0.00183469

0.0342285 0.00183469
0.0342773 0.00183467

0.0342773 0.00183467
0.0343262 0.00183466

0.0343262 0.00183466
0.034375 0.00183464

0.034375 0.00183464
0.0344238 0.00183463

0.0344238 0.00183463
0.0344727 0.00183462

0.0344727 0.00183462
0.0345215 0.00183461

0.0345215 0.00183461
0.0345703 0.0018346

0.0345703 0.0018346
0.0346191 0.00183459

0.0346191 0.00183459
0.034668 0.00183458

0.034668 0.00183458
0.0347168 0.00183457

0.0347168 0.00183457
0.0347656 0.00183456

0.0347656 0.00183456
0.0348145 0.00183455

0.0348145 0.00183455
0.0348633 0.00183454

0.0348633 0.00183454
0.0349121 0.00183454

0.0349121 0.00183454
0.0349609 0.00183453

0.0349609 0.00183453
0.0350098 0.00183453

0.0350098 0.00183453
0.0350586 0.00183452

0.0350586 0.00183452
0.0351074 0.00183452

0.0351074 0.00183452
0.0351562 0.00183452

0.0351562 0.00183452
0.0352051 0.00183452

0.0352051 0.00183452
0.0352539 0.00183452

0.0352539 0.00183452
0.0353027 0.00183452

0.0353027 0.00183452
0.0353516 0.00183452

0.0353516 0.00183452
0.0354004 0.00183452

0.0354004 0.00183452
0.0354492 0.00183452

0.0354492 0.00183452
0.035498 0.00183453

0.035498 0.00183453
0.0355469 0.00183453

0.0355469 0.00183453
0.0355957 0.00183454

0.0355957 0.00183454
0.0356445 0.00183454

0.0356445 0.00183454
0.0356934 0.00183455

0.0356934 0.00183455
0.0357422 0.00183456

0.0357422 0.00183456
0.035791 0.00183456

0.035791 0.00183456
0.0358398 0.00183457

0.0358398 0.00183457
0.0358887 0.00183458

0.0358887 0.00183458
0.0359375 0.00183459

0.0359375 0.00183459
0.0359863 0.0018346

0.0359863 0.0018346
0.0360352 0.00183461

0.0360352 0.00183461
0.036084 0.00183463

0.036084 0.00183463
0.0361328 0.00183464

0.0361328 0.00183464
0.0361816 0.00183465

0.0361816 0.00183465
0.0362305 0.00183467

0.0362305 0.00183467
0.0362793 0.00183468

0.0362793 0.00183468
0.0363281 0.0018347

0.0363281 0.0018347
0.036377 0.00183471

0.036377 0.00183471
0.0364258 0.00183473

0.0364258 0.00183473
0.0364746 0.00183474

0.0364746 0.00183474
0.0365234 0.00183476

0.0365234 0.00183476
0.0365723 0.00183478

0.0365723 0.00183478
0.0366211 0.00183479

0.0366211 0.00183479
0.0366699 0.00183481

0.0366699 0.00183481
0.0367188 0.00183483

0.0367188 0.00183483
0.0367676 0.00183485

0.0367676 0.00183485
0.0368164 0.00183487

0.0368164 0.00183487
0.0368652 0.00183489

0.0368652 0.00183489
0.0369141 0.00183491

0.0369141 0.00183491
0.0369629 0.00183493

0.0369629 0.00183493
0.0370117 0.00183495

0.0370117 0.00183495
0.0370605 0.00183497

0.0370605 0.00183497
0.0371094 0.00183499

0.0371094 0.00183499
0.0371582 0.00183501

0.0371582 0.00183501
0.037207 0.00183503

0.037207 0.00183503
0.0372559 0.00183505

0.0372559 0.00183505
0.0373047 0.00183507

0.0373047 0.00183507
0.0373535 0.00183509

0.0373535 0.00183509
0.0374023 0.00183511

0.0374023 0.00183511
0.0374512 0.00183513

0.0374512 0.00183513
0.0375 0.00183515

0.0375 0.00183515
0.0375488 0.00183516

0.0375488 0.00183516
0.0375977 0.00183518

0.0375977 0.00183518
0.0376465 0.0018352

0.0376465 0.0018352
0.0376953 0.00183522

0.0376953 0.00183522
0.0377441 0.00183524

0.0377441 0.00183524
0.037793 0.00183525

0.037793 0.00183525
0.0378418 0.00183527

0.0378418 0.00183527
0.0378906 0.00183529

0.0378906 0.00183529
0.0379395 0.0018353

0.0379395 0.0018353
0.0379883 0.00183532

0.0379883 0.00183532
0.0380371 0.00183533

0.0380371 0.00183533
0.0380859 0.00183535

0.0380859 0.00183535
0.0381348 0.00183536

0.0381348 0.00183536
0.0381836 0.00183537

0.0381836 0.00183537
0.0382324 0.00183539

0.0382324 0.00183539
0.0382813 0.0018354

0.0382813 0.0018354
0.0383301 0.00183541

0.0383301 0.00183541
0.0383789 0.00183542

0.0383789 0.00183542
0.0384277 0.00183543

0.0384277 0.00183543
0.0384766 0.00183545

0.0384766 0.00183545
0.0385254 0.00183546

0.0385254 0.00183546
0.0385742 0.00183547

0.0385742 0.00183547
0.038623 0.00183548

0.038623 0.00183548
0.0386719 0.00183549

0.0386719 0.00183549
0.0387207 0.00183549

0.0387207 0.00183549
0.0387695 0.0018355

0.0387695 0.0018355
0.0388184 0.00183551

0.0388184 0.00183551
0.0388672 0.00183552

0.0388672 0.00183552
0.038916 0.00183553

0.038916 0.00183553
0.0389648 0.00183554

0.0389648 0.00183554
0.0390137 0.00183554

0.0390137 0.00183554
0.0390625 0.00183555

0.0390625 0.00183555
0.0391113 0.00183556

0.0391113 0.00183556
0.0391602 0.00183557

0.0391602 0.00183557
0.039209 0.00183557

0.039209 0.00183557
0.0392578 0.00183558

0.0392578 0.00183558
0.0393066 0.00183559

0.0393066 0.00183559
0.0393555 0.00183559

0.0393555 0.00183559
0.0394043 0.0018356

0.0394043 0.0018356
0.0394531 0.00183561

0.0394531 0.00183561
0.039502 0.00183562

0.039502 0.00183562
0.0395508 0.00183562

0.0395508 0.00183562
0.0395996 0.00183563

0.0395996 0.00183563
0.0396484 0.00183564

0.0396484 0.00183564
0.0396973 0.00183565

0.0396973 0.00183565
0.0397461 0.00183566

0.0397461 0.00183566
0.0397949 0.00183567

0.0397949 0.00183567
0.0398438 0.00183568

0.0398438 0.00183568
0.0398926 0.00183569

0.0398926 0.00183569
0.0399414 0.0018357

0.0399414 0.0018357
0.0399902 0.00183572

0.0399902 0.00183572
0.0400391 0.00183573

0.0400391 0.00183573
0.0400879 0.00183575

0.0400879 0.00183575
0.0401367 0.00183576

0.0401367 0.00183576
0.0401855 0.00183578

0.0401855 0.00183578
0.0402344 0.00183579

0.0402344 0.00183579
0.0402832 0.00183581

0.0402832 0.00183581
0.040332 0.00183583

0.040332 0.00183583
0.0403809 0.00183585

0.0403809 0.00183585
0.0404297 0.00183587

0.0404297 0.00183587
0.0404785 0.00183589

0.0404785 0.00183589
0.0405273 0.00183591

0.0405273 0.00183591
0.0405762 0.00183594

0.0405762 0.00183594
0.040625 0.00183596

0.040625 0.00183596
0.0406738 0.00183599

0.0406738 0.00183599
0.0407227 0.00183601

0.0407227 0.00183601
0.0407715 0.00183604

0.0407715 0.00183604
0.0408203 0.00183607

0.0408203 0.00183607
0.0408691 0.0018361

0.0408691 0.0018361
0.040918 0.00183613

0.040918 0.00183613
0.0409668 0.00183616

0.0409668 0.00183616
0.0410156 0.00183619

0.0410156 0.00183619
0.0410645 0.00183622

0.0410645 0.00183622
0.0411133 0.00183625

0.0411133 0.00183625
0.0411621 0.00183629

0.0411621 0.00183629
0.0412109 0.00183632

0.0412109 0.00183632
0.0412598 0.00183636

0.0412598 0.00183636
0.0413086 0.00183639

0.0413086 0.00183639
0.0413574 0.00183643

0.0413574 0.00183643
0.0414062 0.00183646

0.0414063 0.00183646
0.0414551 0.0018365

0.0414551 0.0018365
0.0415039 0.00183654

0.0415039 0.00183654
0.0415527 0.00183657

0.0415527 0.00183657
0.0416016 0.00183661

0.0416016 0.00183661
0.0416504 0.00183665

0.0416504 0.00183665
0.0416992 0.00183668

0.0416992 0.00183668
0.041748 0.00183672

0.041748 0.00183672
0.0417969 0.00183676

0.0417969 0.00183676
0.0418457 0.00183679

0.0418457 0.00183679
0.0418945 0.00183683

0.0418945 0.00183683
0.0419434 0.00183687

0.0419434 0.00183687
0.0419922 0.0018369

0.0419922 0.0018369
0.042041 0.00183694

0.042041 0.00183694
0.0420898 0.00183697

0.0420898 0.00183697
0.0421387 0.001837

0.0421387 0.001837
0.0421875 0.00183704

0.0421875 0.00183704
0.0422363 0.00183707

0.0422363 0.00183707
0.0422852 0.0018371

0.0422852 0.0018371
0.042334 0.00183713

0.042334 0.00183713
0.0423828 0.00183716

0.0423828 0.00183716
0.0424316 0.00183718

0.0424316 0.00183718
0.0424805 0.00183721

0.0424805 0.00183721
0.0425293 0.00183723

0.0425293 0.00183723
0.0425781 0.00183726

0.0425781 0.00183726
0.042627 0.00183728

0.042627 0.00183728
0.0426758 0.0018373

0.0426758 0.0018373
0.0427246 0.00183731

0.0427246 0.00183731
0.0427734 0.00183733

0.0427734 0.00183733
0.0428223 0.00183734

0.0428223 0.00183734
0.0428711 0.00183735

0.0428711 0.00183735
0.0429199 0.00183736

0.0429199 0.00183736
0.0429688 0.00183737

0.0429688 0.00183737
0.0430176 0.00183738

0.0430176 0.00183738
0.0430664 0.00183738

0.0430664 0.00183738
0.0431152 0.00183739

0.0431152 0.00183739
0.0431641 0.00183739

0.0431641 0.00183739
0.0432129 0.00183739

0.0432129 0.00183739
0.0432617 0.00183738

0.0432617 0.00183738
0.0433105 0.00183738

0.0433105 0.00183738
0.0433594 0.00183737

0.0433594 0.00183737
0.0434082 0.00183737

0.0434082 0.00183737
0.043457 0.00183736

0.043457 0.00183736
0.0435059 0.00183735

0.0435059 0.00183735
0.0435547 0.00183733

0.0435547 0.00183733
0.0436035 0.00183732

0.0436035 0.00183732
0.0436523 0.0018373

0.0436523 0.0018373
0.0437012 0.00183729

0.0437012 0.00183729
0.04375 0.00183727

0.04375 0.00183727
0.0437988 0.00183725

0.0437988 0.00183725
0.0438477 0.00183723

0.0438477 0.00183723
0.0438965 0.00183721

0.0438965 0.00183721
0.0439453 0.00183718

0.0439453 0.00183718
0.0439941 0.00183716

0.0439941 0.00183716
0.044043 0.00183713

0.044043 0.00183713
0.0440918 0.00183711

0.0440918 0.00183711
0.0441406 0.00183708

0.0441406 0.00183708
0.0441895 0.00183705

0.0441895 0.00183705
0.0442383 0.00183702

0.0442383 0.00183702
0.0442871 0.00183699

0.0442871 0.00183699
0.0443359 0.00183695

0.0443359 0.00183695
0.0443848 0.00183692

0.0443848 0.00183692
0.0444336 0.00183688

0.0444336 0.00183688
0.0444824 0.00183684

0.0444824 0.00183684
0.0445313 0.0018368

0.0445313 0.0018368
0.0445801 0.00183676

0.0445801 0.00183676
0.0446289 0.00183672

0.0446289 0.00183672
0.0446777 0.00183668

0.0446777 0.00183668
0.0447266 0.00183663

0.0447266 0.00183663
0.0447754 0.00183658

0.0447754 0.00183658
0.0448242 0.00183653

0.0448242 0.00183653
0.044873 0.00183648

0.044873 0.00183648
0.0449219 0.00183643

0.0449219 0.00183643
0.0449707 0.00183637

0.0449707 0.00183637
0.0450195 0.00183631

0.0450195 0.00183631
0.0450684 0.00183625

0.0450684 0.00183625
0.0451172 0.00183619

0.0451172 0.00183619
0.045166 0.00183613

0.045166 0.00183613
0.0452148 0.00183606

0.0452148 0.00183606
0.0452637 0.00183599

0.0452637 0.00183599
0.0453125 0.00183592

0.0453125 0.00183592
0.0453613 0.00183584

0.0453613 0.00183584
0.0454102 0.00183577

0.0454102 0.00183577
0.045459 0.00183569

0.045459 0.00183569
0.0455078 0.00183561

0.0455078 0.00183561
0.0455566 0.00183552

0.0455566 0.00183552
0.0456055 0.00183544

0.0456055 0.00183544
0.0456543 0.00183535

0.0456543 0.00183535
0.0457031 0.00183526

0.0457031 0.00183526
0.045752 0.00183517

0.045752 0.00183517
0.0458008 0.00183508

0.0458008 0.00183508
0.0458496 0.00183498

0.0458496 0.00183498
0.0458984 0.00183489

0.0458984 0.00183489
0.0459473 0.00183479

0.0459473 0.00183479
0.0459961 0.00183469

0.0459961 0.00183469
0.0460449 0.00183459

0.0460449 0.00183459
0.0460938 0.00183449

0.0460938 0.00183449
0.0461426 0.00183439

0.0461426 0.00183439
0.0461914 0.00183429

0.0461914 0.00183429
0.0462402 0.00183419

0.0462402 0.00183419
0.0462891 0.00183408

0.0462891 0.00183408
0.0463379 0.00183398

0.0463379 0.00183398
0.0463867 0.00183388

0.0463867 0.00183388
0.0464355 0.00183377

0.0464355 0.00183377
0.0464844 0.00183366

0.0464844 0.00183366
0.0465332 0.00183356

0.0465332 0.00183356
0.046582 0.00183345

0.046582 0.00183345
0.0466309 0.00183335

0.0466309 0.00183335
0.0466797 0.00183324

0.0466797 0.00183324
0.0467285 0.00183313

0.0467285 0.00183313
0.0467773 0.00183303

0.0467773 0.00183303
0.0468262 0.00183292

0.0468262 0.00183292
0.046875 0.00183281

0.046875 0.00183281
0.0469238 0.0018327

0.0469238 0.0018327
0.0469727 0.00183259

0.0469727 0.00183259
0.0470215 0.00183249

0.0470215 0.00183249
0.0470703 0.00183238

0.0470703 0.00183238
0.0471191 0.00183227

0.0471191 0.00183227
0.047168 0.00183216

0.047168 0.00183216
0.0472168 0.00183205

0.0472168 0.00183205
0.0472656 0.00183194

0.0472656 0.00183194
0.0473145 0.00183184

0.0473145 0.00183184
0.0473633 0.00183173

0.0473633 0.00183173
0.0474121 0.00183162

0.0474121 0.00183162
0.0474609 0.00183151

0.0474609 0.00183151
0.0475098 0.00183141

0.0475098 0.00183141
0.0475586 0.0018313

0.0475586 0.0018313
0.0476074 0.0018312

0.0476074 0.0018312
0.0476563 0.0018311

0.0476563 0.00183109
0.0477051 0.00183099

0.0477051 0.00183099
0.0477539 0.00183089

0.0477539 0.00183089
0.0478027 0.00183079

0.0478027 0.00183079
0.0478516 0.0018307

0.0478516 0.0018307
0.0479004 0.0018306

0.0479004 0.0018306
0.0479492 0.00183051

0.0479492 0.00183051
0.047998 0.00183042

0.047998 0.00183042
0.0480469 0.00183033

0.0480469 0.00183033
0.0480957 0.00183024

0.0480957 0.00183024
0.0481445 0.00183016

0.0481445 0.00183016
0.0481934 0.00183008

0.0481934 0.00183008
0.0482422 0.00183

0.0482422 0.00183
0.048291 0.00182992

0.048291 0.00182992
0.0483398 0.00182985

0.0483398 0.00182985
0.0483887 0.00182978

0.0483887 0.00182978
0.0484375 0.00182971

0.0484375 0.00182971
0.0484863 0.00182965

0.0484863 0.00182965
0.0485352 0.00182958

0.0485352 0.00182958
0.048584 0.00182953

0.048584 0.00182953
0.0486328 0.00182947

0.0486328 0.00182947
0.0486816 0.00182942

0.0486816 0.00182942
0.0487305 0.00182937

0.0487305 0.00182937
0.0487793 0.00182932

0.0487793 0.00182932
0.0488281 0.00182928

0.0488281 0.00182928
0.048877 0.00182924

0.048877 0.00182924
0.0489258 0.00182921

0.0489258 0.00182921
0.0489746 0.00182918

0.0489746 0.00182918
0.0490234 0.00182915

0.0490234 0.00182915
0.0490723 0.00182913

0.0490723 0.00182913
0.0491211 0.00182911

0.0491211 0.00182911
0.0491699 0.00182909

0.0491699 0.00182909
0.0492187 0.00182908

0.0492188 0.00182908
0.0492676 0.00182907

0.0492676 0.00182907
0.0493164 0.00182907

0.0493164 0.00182907
0.0493652 0.00182907

0.0493652 0.00182907
0.0494141 0.00182908

0.0494141 0.00182908
0.0494629 0.00182908

0.0494629 0.00182908
0.0495117 0.0018291

0.0495117 0.0018291
0.0495605 0.00182912

0.0495605 0.00182912
0.0496094 0.00182914

0.0496094 0.00182914
0.0496582 0.00182917

0.0496582 0.00182917
0.049707 0.0018292

0.049707 0.0018292
0.0497559 0.00182924

0.0497559 0.00182924
0.0498047 0.00182928

0.0498047 0.00182928
0.0498535 0.00182933

0.0498535 0.00182933
0.0499023 0.00182938

0.0499023 0.00182938
0.0499512 0.00182944

0.0499512 0.00182944
0.05 0.0018295

0.05 0.0018295
0.0500488 0.00182957

0.0500488 0.00182957
0.0500977 0.00182964

0.0500977 0.00182964
0.0501465 0.00182971

0.0501465 0.00182971
0.0501953 0.0018298

0.0501953 0.0018298
0.0502441 0.00182988

0.0502441 0.00182988
0.050293 0.00182997

0.050293 0.00182997
0.0503418 0.00183007

0.0503418 0.00183007
0.0503906 0.00183017

0.0503906 0.00183017
0.0504395 0.00183028

0.0504395 0.00183028
0.0504883 0.00183039

0.0504883 0.00183039
0.0505371 0.00183051

0.0505371 0.00183051
0.0505859 0.00183063

0.0505859 0.00183063
0.0506348 0.00183075

0.0506348 0.00183075
0.0506836 0.00183088

0.0506836 0.00183088
0.0507324 0.00183102

0.0507324 0.00183102
0.0507812 0.00183116

0.0507813 0.00183116
0.0508301 0.00183131

0.0508301 0.00183131
0.0508789 0.00183146

0.0508789 0.00183146
0.0509277 0.00183161

0.0509277 0.00183161
0.0509766 0.00183177

0.0509766 0.00183177
0.0510254 0.00183193

0.0510254 0.00183193
0.0510742 0.0018321

0.0510742 0.0018321
0.051123 0.00183228

0.051123 0.00183228
0.0511719 0.00183245

0.0511719 0.00183245
0.0512207 0.00183264

0.0512207 0.00183264
0.0512695 0.00183282

0.0512695 0.00183282
0.0513184 0.00183301

0.0513184 0.00183301
0.0513672 0.00183321

0.0513672 0.00183321
0.051416 0.00183341

0.051416 0.00183341
0.0514648 0.00183361

0.0514648 0.00183361
0.0515137 0.00183382

0.0515137 0.00183382
0.0515625 0.00183403

0.0515625 0.00183403
0.0516113 0.00183424

0.0516113 0.00183424
0.0516602 0.00183446

0.0516602 0.00183446
0.051709 0.00183468

0.051709 0.00183468
0.0517578 0.0018349

0.0517578 0.0018349
0.0518066 0.00183513

0.0518066 0.00183513
0.0518555 0.00183536

0.0518555 0.00183536
0.0519043 0.00183559

0.0519043 0.00183559
0.0519531 0.00183583

0.0519531 0.00183583
0.052002 0.00183607

0.052002 0.00183607
0.0520508 0.00183631

0.0520508 0.00183631
0.0520996 0.00183656

0.0520996 0.00183656
0.0521484 0.00183681

0.0521484 0.00183681
0.0521973 0.00183705

0.0521973 0.00183705
0.0522461 0.00183731

0.0522461 0.00183731
0.0522949 0.00183756

0.0522949 0.00183756
0.0523438 0.00183782

0.0523438 0.00183782
0.0523926 0.00183807

0.0523926 0.00183807
0.0524414 0.00183833

0.0524414 0.00183833
0.0524902 0.00183859

0.0524902 0.00183859
0.0525391 0.00183885

0.0525391 0.00183885
0.0525879 0.00183911

0.0525879 0.00183911
0.0526367 0.00183938

0.0526367 0.00183938
0.0526855 0.00183964

0.0526855 0.00183964
0.0527344 0.00183991

0.0527344 0.00183991
0.0527832 0.00184017

0.0527832 0.00184017
0.052832 0.00184044

0.052832 0.00184044
0.0528809 0.0018407

0.0528809 0.0018407
0.0529297 0.00184097

0.0529297 0.00184097
0.0529785 0.00184123

0.0529785 0.00184123
0.0530273 0.0018415

0.0530273 0.0018415
0.0530762 0.00184176

0.0530762 0.00184176
0.053125 0.00184202

0.053125 0.00184202
0.0531738 0.00184228

0.0531738 0.00184229
0.0532227 0.00184255

0.0532227 0.00184255
0.0532715 0.0018428

0.0532715 0.0018428
0.0533203 0.00184306

0.0533203 0.00184306
0.0533691 0.00184332

0.0533691 0.00184332
0.053418 0.00184357

0.053418 0.00184357
0.0534668 0.00184382

0.0534668 0.00184382
0.0535156 0.00184407

0.0535156 0.00184407
0.0535645 0.00184432

0.0535645 0.00184432
0.0536133 0.00184456

0.0536133 0.00184456
0.0536621 0.0018448

0.0536621 0.0018448
0.0537109 0.00184504

0.0537109 0.00184504
0.0537598 0.00184528

0.0537598 0.00184528
0.0538086 0.00184551

0.0538086 0.00184551
0.0538574 0.00184574

0.0538574 0.00184574
0.0539063 0.00184596

0.0539063 0.00184596
0.0539551 0.00184618

0.0539551 0.00184618
0.0540039 0.00184639

0.0540039 0.00184639
0.0540527 0.0018466

0.0540527 0.0018466
0.0541016 0.00184681

0.0541016 0.00184681
0.0541504 0.00184701

0.0541504 0.00184701
0.0541992 0.0018472

0.0541992 0.00184721
0.054248 0.0018474

0.054248 0.0018474
0.0542969 0.00184758

0.0542969 0.00184758
0.0543457 0.00184776

0.0543457 0.00184776
0.0543945 0.00184793

0.0543945 0.00184793
0.0544434 0.0018481

0.0544434 0.0018481
0.0544922 0.00184826

0.0544922 0.00184826
0.054541 0.00184842

0.054541 0.00184842
0.0545898 0.00184857

0.0545898 0.00184857
0.0546387 0.00184871

0.0546387 0.00184871
0.0546875 0.00184885

0.0546875 0.00184885
0.0547363 0.00184898

0.0547363 0.00184898
0.0547852 0.0018491

0.0547852 0.0018491
0.054834 0.00184921

0.054834 0.00184921
0.0548828 0.00184932

0.0548828 0.00184932
0.0549316 0.00184942

0.0549316 0.00184942
0.0549805 0.00184952

0.0549805 0.00184952
0.0550293 0.0018496

0.0550293 0.0018496
0.0550781 0.00184968

0.0550781 0.00184968
0.055127 0.00184975

0.055127 0.00184975
0.0551758 0.00184981

0.0551758 0.00184981
0.0552246 0.00184987

0.0552246 0.00184987
0.0552734 0.00184992

0.0552734 0.00184992
0.0553223 0.00184996

0.0553223 0.00184996
0.0553711 0.00184999

0.0553711 0.00184999
0.0554199 0.00185001

0.0554199 0.00185001
0.0554688 0.00185003

0.0554688 0.00185003
0.0555176 0.00185003

0.0555176 0.00185003
0.0555664 0.00185003

0.0555664 0.00185003
0.0556152 0.00185002

0.0556152 0.00185002
0.0556641 0.00185001

0.0556641 0.00185001
0.0557129 0.00184998

0.0557129 0.00184998
0.0557617 0.00184995

0.0557617 0.00184995
0.0558105 0.00184991

0.0558105 0.00184991
0.0558594 0.00184986

0.0558594 0.00184986
0.0559082 0.00184981

0.0559082 0.00184981
0.055957 0.00184974

0.055957 0.00184974
0.0560059 0.00184967

0.0560059 0.00184967
0.0560547 0.00184959

0.0560547 0.00184959
0.0561035 0.00184951

0.0561035 0.00184951
0.0561523 0.00184941

0.0561523 0.00184941
0.0562012 0.00184931

0.0562012 0.00184931
0.05625 0.00184921

0.05625 0.00184921
0.0562988 0.00184909

0.0562988 0.00184909
0.0563477 0.00184897

0.0563477 0.00184897
0.0563965 0.00184884

0.0563965 0.00184884
0.0564453 0.00184871

0.0564453 0.00184871
0.0564941 0.00184857

0.0564941 0.00184857
0.056543 0.00184842

0.056543 0.00184842
0.0565918 0.00184827

0.0565918 0.00184827
0.0566406 0.00184811

0.0566406 0.00184811
0.0566895 0.00184795

0.0566895 0.00184795
0.0567383 0.00184778

0.0567383 0.00184778
0.0567871 0.00184761

0.0567871 0.00184761
0.0568359 0.00184743

0.0568359 0.00184743
0.0568848 0.00184725

0.0568848 0.00184725
0.0569336 0.00184706

0.0569336 0.00184706
0.0569824 0.00184687

0.0569824 0.00184687
0.0570312 0.00184667

0.0570313 0.00184667
0.0570801 0.00184647

0.0570801 0.00184647
0.0571289 0.00184627

0.0571289 0.00184627
0.0571777 0.00184607

0.0571777 0.00184607
0.0572266 0.00184586

0.0572266 0.00184586
0.0572754 0.00184565

0.0572754 0.00184565
0.0573242 0.00184543

0.0573242 0.00184543
0.057373 0.00184522

0.057373 0.00184522
0.0574219 0.001845

0.0574219 0.001845
0.0574707 0.00184478

0.0574707 0.00184478
0.0575195 0.00184456

0.0575195 0.00184456
0.0575684 0.00184434

0.0575684 0.00184434
0.0576172 0.00184412

0.0576172 0.00184411
0.057666 0.00184389

0.057666 0.00184389
0.0577148 0.00184367

0.0577148 0.00184367
0.0577637 0.00184344

0.0577637 0.00184344
0.0578125 0.00184322

0.0578125 0.00184322
0.0578613 0.001843

0.0578613 0.001843
0.0579102 0.00184277

0.0579102 0.00184277
0.057959 0.00184255

0.057959 0.00184255
0.0580078 0.00184233

0.0580078 0.00184233
0.0580566 0.00184211

0.0580566 0.00184211
0.0581055 0.00184189

0.0581055 0.00184189
0.0581543 0.00184168

0.0581543 0.00184168
0.0582031 0.00184146

0.0582031 0.00184146
0.058252 0.00184125

0.058252 0.00184125
0.0583008 0.00184104

0.0583008 0.00184104
0.0583496 0.00184083

0.0583496 0.00184083
0.0583984 0.00184062

0.0583984 0.00184062
0.0584473 0.00184042

0.0584473 0.00184042
0.0584961 0.00184022

0.0584961 0.00184022
0.0585449 0.00184002

0.0585449 0.00184002
0.0585938 0.00183983

0.0585938 0.00183983
0.0586426 0.00183964

0.0586426 0.00183964
0.0586914 0.00183945

0.0586914 0.00183945
0.0587402 0.00183927

0.0587402 0.00183927
0.0587891 0.00183909

0.0587891 0.00183909
0.0588379 0.00183892

0.0588379 0.00183892
0.0588867 0.00183874

0.0588867 0.00183874
0.0589355 0.00183858

0.0589355 0.00183858
0.0589844 0.00183841

0.0589844 0.00183841
0.0590332 0.00183826

0.0590332 0.00183826
0.059082 0.0018381

0.059082 0.0018381
0.0591309 0.00183795

0.0591309 0.00183795
0.0591797 0.00183781

0.0591797 0.00183781
0.0592285 0.00183767

0.0592285 0.00183767
0.0592773 0.00183753

0.0592773 0.00183753
0.0593262 0.0018374

0.0593262 0.0018374
0.059375 0.00183728

0.059375 0.00183728
0.0594238 0.00183716

0.0594238 0.00183716
0.0594727 0.00183705

0.0594727 0.00183705
0.0595215 0.00183694

0.0595215 0.00183694
0.0595703 0.00183683

0.0595703 0.00183683
0.0596191 0.00183674

0.0596191 0.00183674
0.059668 0.00183664

0.059668 0.00183664
0.0597168 0.00183656

0.0597168 0.00183656
0.0597656 0.00183647

0.0597656 0.00183647
0.0598145 0.0018364

0.0598145 0.0018364
0.0598633 0.00183633

0.0598633 0.00183633
0.0599121 0.00183626

0.0599121 0.00183626
0.0599609 0.0018362

0.0599609 0.0018362
0.0600098 0.00183615

0.0600098 0.00183615
0.0600586 0.0018361

0.0600586 0.0018361
0.0601074 0.00183606

0.0601074 0.00183606
0.0601563 0.00183603

0.0601563 0.00183603
0.0602051 0.001836

0.0602051 0.001836
0.0602539 0.00183598

0.0602539 0.00183598
0.0603027 0.00183596

0.0603027 0.00183596
0.0603516 0.00183595

0.0603516 0.00183595
0.0604004 0.00183594

0.0604004 0.00183594
0.0604492 0.00183594

0.0604492 0.00183594
0.060498 0.00183595

0.060498 0.00183595
0.0605469 0.00183597

0.0605469 0.00183597
0.0605957 0.00183598

0.0605957 0.00183598
0.0606445 0.00183601

0.0606445 0.00183601
0.0606934 0.00183604

0.0606934 0.00183604
0.0607422 0.00183608

0.0607422 0.00183608
0.060791 0.00183612

0.060791 0.00183612
0.0608398 0.00183617

0.0608398 0.00183617
0.0608887 0.00183623

0.0608887 0.00183623
0.0609375 0.00183629

0.0609375 0.00183629
0.0609863 0.00183636

0.0609863 0.00183636
0.0610352 0.00183643

0.0610352 0.00183643
0.061084 0.00183651

0.061084 0.00183651
0.0611328 0.00183659

0.0611328 0.00183659
0.0611816 0.00183668

0.0611816 0.00183668
0.0612305 0.00183677

0.0612305 0.00183677
0.0612793 0.00183687

0.0612793 0.00183687
0.0613281 0.00183698

0.0613281 0.00183698
0.061377 0.00183708

0.061377 0.00183708
0.0614258 0.0018372

0.0614258 0.0018372
0.0614746 0.00183732

0.0614746 0.00183732
0.0615234 0.00183744

0.0615234 0.00183744
0.0615723 0.00183756

0.0615723 0.00183756
0.0616211 0.00183769

0.0616211 0.00183769
0.0616699 0.00183783

0.0616699 0.00183783
0.0617188 0.00183796

0.0617188 0.00183796
0.0617676 0.0018381

0.0617676 0.0018381
0.0618164 0.00183824

0.0618164 0.00183824
0.0618652 0.00183839

0.0618652 0.00183839
0.0619141 0.00183854

0.0619141 0.00183854
0.0619629 0.00183869

0.0619629 0.00183869
0.0620117 0.00183884

0.0620117 0.00183884
0.0620605 0.00183899

0.0620605 0.00183899
0.0621094 0.00183914

0.0621094 0.00183914
0.0621582 0.0018393

0.0621582 0.0018393
0.062207 0.00183945

0.062207 0.00183945
0.0622559 0.00183961

0.0622559 0.00183961
0.0623047 0.00183976

0.0623047 0.00183976
0.0623535 0.00183992

0.0623535 0.00183992
0.0624023 0.00184007

0.0624023 0.00184007
0.0624512 0.00184023

0.0624512 0.00184023
0.0625 0.00184038

0.0625 0.00184038
0.0625488 0.00184053

0.0625488 0.00184053
0.0625977 0.00184068

0.0625977 0.00184068
0.0626465 0.00184083

0.0626465 0.00184083
0.0626953 0.00184098

0.0626953 0.00184098
0.0627441 0.00184112

0.0627441 0.00184112
0.062793 0.00184126

0.062793 0.00184126
0.0628418 0.0018414

0.0628418 0.0018414
0.0628906 0.00184153

0.0628906 0.00184153
0.0629395 0.00184166

0.0629395 0.00184166
0.0629883 0.00184179

0.0629883 0.00184179
0.0630371 0.00184191

0.0630371 0.00184191
0.0630859 0.00184203

0.0630859 0.00184203
0.0631348 0.00184214

0.0631348 0.00184214
0.0631836 0.00184225

0.0631836 0.00184225
0.0632324 0.00184235

0.0632324 0.00184235
0.0632813 0.00184245

0.0632812 0.00184245
0.0633301 0.00184255

0.0633301 0.00184255
0.0633789 0.00184264

0.0633789 0.00184264
0.0634277 0.00184272

0.0634277 0.00184272
0.0634766 0.0018428

0.0634766 0.0018428
0.0635254 0.00184287

0.0635254 0.00184287
0.0635742 0.00184293

0.0635742 0.00184293
0.063623 0.00184299

0.063623 0.00184299
0.0636719 0.00184305

0.0636719 0.00184305
0.0637207 0.00184309

0.0637207 0.00184309
0.0637695 0.00184313

0.0637695 0.00184313
0.0638184 0.00184317

0.0638184 0.00184317
0.0638672 0.00184319

0.0638672 0.00184319
0.063916 0.00184321

0.063916 0.00184321
0.0639648 0.00184322

0.0639648 0.00184322
0.0640137 0.00184323

0.0640137 0.00184323
0.0640625 0.00184323

0.0640625 0.00184323
0.0641113 0.00184322

0.0641113 0.00184322
0.0641602 0.00184321

0.0641602 0.00184321
0.064209 0.00184318

0.064209 0.00184318
0.0642578 0.00184315

0.0642578 0.00184315
0.0643066 0.00184312

0.0643066 0.00184312
0.0643555 0.00184307

0.0643555 0.00184307
0.0644043 0.00184302

0.0644043 0.00184302
0.0644531 0.00184296

0.0644531 0.00184296
0.064502 0.0018429

0.064502 0.0018429
0.0645508 0.00184283

0.0645508 0.00184283
0.0645996 0.00184275

0.0645996 0.00184275
0.0646484 0.00184266

0.0646484 0.00184266
0.0646973 0.00184257

0.0646973 0.00184257
0.0647461 0.00184247

0.0647461 0.00184247
0.0647949 0.00184237

0.0647949 0.00184237
0.0648438 0.00184226

0.0648437 0.00184226
0.0648926 0.00184214

0.0648926 0.00184214
0.0649414 0.00184202

0.0649414 0.00184202
0.0649902 0.00184189

0.0649902 0.00184189
0.0650391 0.00184176

0.0650391 0.00184176
0.0650879 0.00184162

0.0650879 0.00184162
0.0651367 0.00184148

0.0651367 0.00184148
0.0651855 0.00184133

0.0651855 0.00184133
0.0652344 0.00184118

0.0652344 0.00184118
0.0652832 0.00184103

0.0652832 0.00184103
0.065332 0.00184087

0.065332 0.00184087
0.0653809 0.00184071

0.0653809 0.00184071
0.0654297 0.00184055

0.0654297 0.00184055
0.0654785 0.00184038

0.0654785 0.00184038
0.0655273 0.00184021

0.0655273 0.00184021
0.0655762 0.00184004

0.0655762 0.00184004
0.065625 0.00183987

0.065625 0.00183987
0.0656738 0.0018397

0.0656738 0.0018397
0.0657227 0.00183953

0.0657227 0.00183953
0.0657715 0.00183936

0.0657715 0.00183936
0.0658203 0.00183919

0.0658203 0.00183918
0.0658691 0.00183901

0.0658691 0.00183901
0.065918 0.00183884

0.065918 0.00183884
0.0659668 0.00183867

0.0659668 0.00183867
0.0660156 0.00183851

0.0660156 0.00183851
0.0660645 0.00183834

0.0660645 0.00183834
0.0661133 0.00183818

0.0661133 0.00183818
0.0661621 0.00183802

0.0661621 0.00183802
0.0662109 0.00183786

0.0662109 0.00183786
0.0662598 0.00183771

0.0662598 0.00183771
0.0663086 0.00183756

0.0663086 0.00183756
0.0663574 0.00183741

0.0663574 0.00183741
0.0664063 0.00183727

0.0664062 0.00183727
0.0664551 0.00183714

0.0664551 0.00183714
0.0665039 0.00183701

0.0665039 0.00183701
0.0665527 0.00183688

0.0665527 0.00183688
0.0666016 0.00183676

0.0666016 0.00183676
0.0666504 0.00183664

0.0666504 0.00183664
0.0666992 0.00183653

0.0666992 0.00183653
0.066748 0.00183643

0.066748 0.00183643
0.0667969 0.00183633

0.0667969 0.00183633
0.0668457 0.00183624

0.0668457 0.00183624
0.0668945 0.00183616

0.0668945 0.00183616
0.0669434 0.00183608

0.0669434 0.00183608
0.0669922 0.00183601

0.0669922 0.00183601
0.067041 0.00183595

0.067041 0.00183595
0.0670898 0.0018359

0.0670898 0.0018359
0.0671387 0.00183585

0.0671387 0.00183585
0.0671875 0.00183581

0.0671875 0.00183581
0.0672363 0.00183578

0.0672363 0.00183578
0.0672852 0.00183576

0.0672852 0.00183576
0.067334 0.00183574

0.067334 0.00183574
0.0673828 0.00183574

0.0673828 0.00183574
0.0674316 0.00183574

0.0674316 0.00183574
0.0674805 0.00183575

0.0674805 0.00183575
0.0675293 0.00183577

0.0675293 0.00183577
0.0675781 0.00183579

0.0675781 0.00183579
0.067627 0.00183583

0.067627 0.00183583
0.0676758 0.00183587

0.0676758 0.00183587
0.0677246 0.00183592

0.0677246 0.00183592
0.0677734 0.00183598

0.0677734 0.00183598
0.0678223 0.00183605

0.0678223 0.00183605
0.0678711 0.00183612

0.0678711 0.00183612
0.0679199 0.00183621

0.0679199 0.00183621
0.0679688 0.0018363

0.0679687 0.0018363
0.0680176 0.0018364

0.0680176 0.0018364
0.0680664 0.0018365

0.0680664 0.0018365
0.0681152 0.00183662

0.0681152 0.00183662
0.0681641 0.00183674

0.0681641 0.00183674
0.0682129 0.00183686

0.0682129 0.00183686
0.0682617 0.001837

0.0682617 0.001837
0.0683105 0.00183714

0.0683105 0.00183714
0.0683594 0.00183728

0.0683594 0.00183728
0.0684082 0.00183744

0.0684082 0.00183744
0.068457 0.00183759

0.068457 0.00183759
0.0685059 0.00183776

0.0685059 0.00183776
0.0685547 0.00183792

0.0685547 0.00183792
0.0686035 0.0018381

0.0686035 0.0018381
0.0686523 0.00183827

0.0686523 0.00183827
0.0687012 0.00183845

0.0687012 0.00183845
0.06875 0.00183864

0.06875 0.00183864
0.0687988 0.00183882

0.0687988 0.00183882
0.0688477 0.00183901

0.0688477 0.00183901
0.0688965 0.0018392

0.0688965 0.0018392
0.0689453 0.0018394

0.0689453 0.0018394
0.0689941 0.00183959

0.0689941 0.00183959
0.069043 0.00183979

0.069043 0.00183979
0.0690918 0.00183998

0.0690918 0.00183998
0.0691406 0.00184018

0.0691406 0.00184018
0.0691895 0.00184038

0.0691895 0.00184038
0.0692383 0.00184058

0.0692383 0.00184058
0.0692871 0.00184077

0.0692871 0.00184077
0.0693359 0.00184097

0.0693359 0.00184097
0.0693848 0.00184116

0.0693848 0.00184116
0.0694336 0.00184135

0.0694336 0.00184135
0.0694824 0.00184154

0.0694824 0.00184154
0.0695313 0.00184173

0.0695313 0.00184173
0.0695801 0.00184192

0.0695801 0.00184192
0.0696289 0.0018421

0.0696289 0.0018421
0.0696777 0.00184228

0.0696777 0.00184228
0.0697266 0.00184245

0.0697266 0.00184245
0.0697754 0.00184263

0.0697754 0.00184263
0.0698242 0.00184279

0.0698242 0.00184279
0.069873 0.00184296

0.069873 0.00184296
0.0699219 0.00184312

0.0699219 0.00184312
0.0699707 0.00184327

0.0699707 0.00184327
0.0700195 0.00184342

0.0700195 0.00184342
0.0700684 0.00184357

0.0700684 0.00184357
0.0701172 0.00184371

0.0701172 0.00184371
0.070166 0.00184384

0.070166 0.00184384
0.0702148 0.00184397

0.0702148 0.00184397
0.0702637 0.00184409

0.0702637 0.00184409
0.0703125 0.00184421

0.0703125 0.00184421
0.0703613 0.00184432

0.0703613 0.00184432
0.0704102 0.00184443

0.0704102 0.00184443
0.070459 0.00184453

0.070459 0.00184453
0.0705078 0.00184462

0.0705078 0.00184462
0.0705566 0.00184471

0.0705566 0.00184471
0.0706055 0.0018448

0.0706055 0.0018448
0.0706543 0.00184488

0.0706543 0.00184488
0.0707031 0.00184495

0.0707031 0.00184495
0.070752 0.00184502

0.070752 0.00184502
0.0708008 0.00184508

0.0708008 0.00184508
0.0708496 0.00184514

0.0708496 0.00184514
0.0708984 0.00184519

0.0708984 0.00184519
0.0709473 0.00184524

0.0709473 0.00184524
0.0709961 0.00184528

0.0709961 0.00184528
0.0710449 0.00184532

0.0710449 0.00184532
0.0710938 0.00184536

0.0710937 0.00184536
0.0711426 0.00184539

0.0711426 0.00184539
0.0711914 0.00184542

0.0711914 0.00184542
0.0712402 0.00184544

0.0712402 0.00184544
0.0712891 0.00184547

0.0712891 0.00184547
0.0713379 0.00184549

0.0713379 0.00184549
0.0713867 0.0018455

0.0713867 0.0018455
0.0714355 0.00184552

0.0714355 0.00184552
0.0714844 0.00184553

0.0714844 0.00184553
0.0715332 0.00184554

0.0715332 0.00184554
0.071582 0.00184555

0.071582 0.00184555
0.0716309 0.00184556

0.0716309 0.00184556
0.0716797 0.00184557

0.0716797 0.00184557
0.0717285 0.00184558

0.0717285 0.00184558
0.0717773 0.00184559

0.0717773 0.00184559
0.0718262 0.0018456

0.0718262 0.0018456
0.071875 0.00184561

0.071875 0.00184561
0.0719238 0.00184562

0.0719238 0.00184562
0.0719727 0.00184563

0.0719727 0.00184563
0.0720215 0.00184564

0.0720215 0.00184564
0.0720703 0.00184565

0.0720703 0.00184565
0.0721191 0.00184567

0.0721191 0.00184567
0.072168 0.00184569

0.072168 0.00184569
0.0722168 0.00184571

0.0722168 0.00184571
0.0722656 0.00184573

0.0722656 0.00184573
0.0723145 0.00184575

0.0723145 0.00184575
0.0723633 0.00184578

0.0723633 0.00184578
0.0724121 0.00184581

0.0724121 0.00184581
0.0724609 0.00184584

0.0724609 0.00184584
0.0725098 0.00184587

0.0725098 0.00184587
0.0725586 0.00184591

0.0725586 0.00184591
0.0726074 0.00184595

0.0726074 0.00184595
0.0726563 0.00184599

0.0726562 0.00184599
0.0727051 0.00184603

0.0727051 0.00184603
0.0727539 0.00184608

0.0727539 0.00184608
0.0728027 0.00184613

0.0728027 0.00184613
0.0728516 0.00184618

0.0728516 0.00184618
0.0729004 0.00184624

0.0729004 0.00184624
0.0729492 0.00184629

0.0729492 0.00184629
0.072998 0.00184635

0.072998 0.00184635
0.0730469 0.00184641

0.0730469 0.00184641
0.0730957 0.00184648

0.0730957 0.00184648
0.0731445 0.00184654

0.0731445 0.00184654
0.0731934 0.00184661

0.0731934 0.00184661
0.0732422 0.00184667

0.0732422 0.00184667
0.073291 0.00184674

0.073291 0.00184674
0.0733398 0.00184681

0.0733398 0.00184681
0.0733887 0.00184688

0.0733887 0.00184688
0.0734375 0.00184694

0.0734375 0.00184694
0.0734863 0.00184701

0.0734863 0.00184701
0.0735352 0.00184708

0.0735352 0.00184708
0.073584 0.00184714

0.073584 0.00184714
0.0736328 0.00184721

0.0736328 0.00184721
0.0736816 0.00184727

0.0736816 0.00184727
0.0737305 0.00184733

0.0737305 0.00184733
0.0737793 0.00184739

0.0737793 0.00184739
0.0738281 0.00184745

0.0738281 0.00184745
0.073877 0.0018475

0.073877 0.0018475
0.0739258 0.00184755

0.0739258 0.00184755
0.0739746 0.00184759

0.0739746 0.00184759
0.0740234 0.00184764

0.0740234 0.00184764
0.0740723 0.00184767

0.0740723 0.00184767
0.0741211 0.00184771

0.0741211 0.00184771
0.0741699 0.00184773

0.0741699 0.00184773
0.0742188 0.00184776

0.0742188 0.00184776
0.0742676 0.00184778

0.0742676 0.00184778
0.0743164 0.00184779

0.0743164 0.00184779
0.0743652 0.00184779

0.0743652 0.00184779
0.0744141 0.00184779

0.0744141 0.00184779
0.0744629 0.00184779

0.0744629 0.00184779
0.0745117 0.00184777

0.0745117 0.00184777
0.0745605 0.00184776

0.0745605 0.00184776
0.0746094 0.00184773

0.0746094 0.00184773
0.0746582 0.0018477

0.0746582 0.0018477
0.074707 0.00184766

0.074707 0.00184766
0.0747559 0.00184761

0.0747559 0.00184761
0.0748047 0.00184756

0.0748047 0.00184756
0.0748535 0.0018475

0.0748535 0.0018475
0.0749023 0.00184743

0.0749023 0.00184743
0.0749512 0.00184736

0.0749512 0.00184736
0.075 0.00184728

0.075 0.00184728
0.0750488 0.00184719

0.0750488 0.00184719
0.0750977 0.0018471

0.0750977 0.0018471
0.0751465 0.001847

0.0751465 0.001847
0.0751953 0.00184689

0.0751953 0.00184689
0.0752441 0.00184678

0.0752441 0.00184678
0.075293 0.00184666

0.075293 0.00184666
0.0753418 0.00184654

0.0753418 0.00184654
0.0753906 0.00184641

0.0753906 0.00184641
0.0754395 0.00184628

0.0754395 0.00184628
0.0754883 0.00184614

0.0754883 0.00184614
0.0755371 0.001846

0.0755371 0.001846
0.0755859 0.00184585

0.0755859 0.00184585
0.0756348 0.0018457

0.0756348 0.0018457
0.0756836 0.00184554

0.0756836 0.00184554
0.0757324 0.00184539

0.0757324 0.00184539
0.0757813 0.00184522

0.0757812 0.00184522
0.0758301 0.00184506

0.0758301 0.00184506
0.0758789 0.00184489

0.0758789 0.00184489
0.0759277 0.00184473

0.0759277 0.00184473
0.0759766 0.00184456

0.0759766 0.00184456
0.0760254 0.00184438

0.0760254 0.00184438
0.0760742 0.00184421

0.0760742 0.00184421
0.076123 0.00184404

0.076123 0.00184404
0.0761719 0.00184387

0.0761719 0.00184387
0.0762207 0.00184369

0.0762207 0.00184369
0.0762695 0.00184352

0.0762695 0.00184352
0.0763184 0.00184335

0.0763184 0.00184335
0.0763672 0.00184318

0.0763672 0.00184318
0.076416 0.00184301

0.076416 0.00184301
0.0764648 0.00184284

0.0764648 0.00184284
0.0765137 0.00184268

0.0765137 0.00184268
0.0765625 0.00184251

0.0765625 0.00184251
0.0766113 0.00184235

0.0766113 0.00184235
0.0766602 0.00184219

0.0766602 0.00184219
0.076709 0.00184204

0.076709 0.00184204
0.0767578 0.00184189

0.0767578 0.00184189
0.0768066 0.00184174

0.0768066 0.00184174
0.0768555 0.00184159

0.0768555 0.00184159
0.0769043 0.00184145

0.0769043 0.00184145
0.0769531 0.00184131

0.0769531 0.00184131
0.077002 0.00184118

0.077002 0.00184118
0.0770508 0.00184105

0.0770508 0.00184105
0.0770996 0.00184093

0.0770996 0.00184093
0.0771484 0.00184081

0.0771484 0.00184081
0.0771973 0.00184069

0.0771973 0.00184069
0.0772461 0.00184058

0.0772461 0.00184058
0.0772949 0.00184048

0.0772949 0.00184048
0.0773438 0.00184038

0.0773438 0.00184038
0.0773926 0.00184028

0.0773926 0.00184028
0.0774414 0.00184019

0.0774414 0.00184019
0.0774902 0.0018401

0.0774902 0.0018401
0.0775391 0.00184002

0.0775391 0.00184002
0.0775879 0.00183995

0.0775879 0.00183995
0.0776367 0.00183988

0.0776367 0.00183988
0.0776855 0.00183981

0.0776855 0.00183981
0.0777344 0.00183975

0.0777344 0.00183975
0.0777832 0.00183969

0.0777832 0.00183969
0.077832 0.00183964

0.077832 0.00183964
0.0778809 0.00183959

0.0778809 0.00183959
0.0779297 0.00183955

0.0779297 0.00183955
0.0779785 0.00183952

0.0779785 0.00183952
0.0780273 0.00183948

0.0780273 0.00183948
0.0780762 0.00183946

0.0780762 0.00183946
0.078125 0.00183943

0.078125 0.00183943
0.0781738 0.00183941

0.0781738 0.00183941
0.0782227 0.0018394

0.0782227 0.0018394
0.0782715 0.00183939

0.0782715 0.00183939
0.0783203 0.00183938

0.0783203 0.00183938
0.0783691 0.00183938

0.0783691 0.00183938
0.078418 0.00183938

0.078418 0.00183938
0.0784668 0.00183939

0.0784668 0.00183939
0.0785156 0.0018394

0.0785156 0.0018394
0.0785645 0.00183942

0.0785645 0.00183942
0.0786133 0.00183943

0.0786133 0.00183943
0.0786621 0.00183946

0.0786621 0.00183946
0.0787109 0.00183948

0.0787109 0.00183948
0.0787598 0.00183951

0.0787598 0.00183951
0.0788086 0.00183955

0.0788086 0.00183955
0.0788574 0.00183959

0.0788574 0.00183959
0.0789063 0.00183963

0.0789062 0.00183963
0.0789551 0.00183967

0.0789551 0.00183967
0.0790039 0.00183972

0.0790039 0.00183972
0.0790527 0.00183978

0.0790527 0.00183978
0.0791016 0.00183983

0.0791016 0.00183983
0.0791504 0.00183989

0.0791504 0.00183989
0.0791992 0.00183996

0.0791992 0.00183996
0.079248 0.00184003

0.079248 0.00184003
0.0792969 0.0018401

0.0792969 0.0018401
0.0793457 0.00184018

0.0793457 0.00184018
0.0793945 0.00184026

0.0793945 0.00184026
0.0794434 0.00184034

0.0794434 0.00184034
0.0794922 0.00184043

0.0794922 0.00184043
0.079541 0.00184052

0.079541 0.00184052
0.0795898 0.00184061

0.0795898 0.00184061
0.0796387 0.00184071

0.0796387 0.00184071
0.0796875 0.00184081

0.0796875 0.00184081
0.0797363 0.00184092

0.0797363 0.00184092
0.0797852 0.00184103

0.0797852 0.00184103
0.079834 0.00184114

0.079834 0.00184114
0.0798828 0.00184126

0.0799221 0
0.0799316 2.2199e-05

0.0798828 0.00184126
0.0799316 0.00184138

0.0799316 1.98991e-05
0.0799805 9.97467e-06

0.0799316 0.00184138
0.0799805 0.0018415

0.0799805 0.0018415
0.0800293 0.00184163

0.0800293 0.00184163
0.0800781 0.00184176

0.0800781 0.00184176
0.080127 0.00184189

0.080127 0.00184189
0.0801758 0.00184203

0.0801758 0.00184203
0.0802246 0.00184216

0.0802246 0.00184216
0.0802734 0.00184231

0.0802734 0.00184231
0.0803223 0.00184245

0.0803223 0.00184245
0.0803711 0.00184259

0.0803711 0.00184259
0.0804199 0.00184274

0.0804199 0.00184274
0.0804688 0.00184289

0.0804688 0.00184289
0.0805176 0.00184304

0.0805176 0.00184304
0.0805664 0.00184319

0.0805664 0.00184319
0.0806152 0.00184334

0.0806152 0.00184334
0.0806641 0.0018435

0.0806641 0.0018435
0.0807129 0.00184365

0.0807129 0.00184365
0.0807617 0.00184381

0.0807617 0.00184381
0.0808105 0.00184396

0.0808105 0.00184396
0.0808594 0.00184411

0.0808594 0.00184411
0.0809082 0.00184427

0.0809082 0.00184427
0.080957 0.00184442

0.080957 0.00184442
0.0810059 0.00184457

0.0810059 0.00184457
0.0810547 0.00184472

0.0810547 0.00184472
0.0811035 0.00184487

0.0811035 0.00184487
0.0811523 0.00184502

0.0811523 0.00184502
0.0812012 0.00184516

0.0812012 0.00184516
0.08125 0.0018453

0.08125 0.0018453
0.0812988 0.00184544

0.0812988 0.00184544
0.0813477 0.00184558

0.0813477 0.00184558
0.0813965 0.00184571

0.0813965 0.00184571
0.0814453 0.00184584

0.0814453 0.00184584
0.0814941 0.00184596

0.0814941 0.00184596
0.081543 0.00184608

0.081543 0.00184608
0.0815918 0.0018462

0.0815918 0.0018462
0.0816406 0.00184631

0.0816406 0.00184631
0.0816895 0.00184642

0.0816895 0.00184642
0.0817383 0.00184652

0.0817383 0.00184652
0.0817871 0.00184662

0.0817871 0.00184662
0.0818359 0.00184671

0.0818359 0.00184671
0.0818848 0.0018468

0.0818848 0.0018468
0.0819336 0.00184688

0.0819336 0.00184688
0.0819824 0.00184696

0.0819824 0.00184696
0.0820313 0.00184703

0.0820312 0.00184703
0.0820801 0.0018471

0.0820801 0.0018471
0.0821289 0.00184716

0.0821289 0.00184716
0.0821777 0.00184721

0.0821777 0.00184721
0.0822266 0.00184726

0.0822266 0.00184726
0.0822754 0.0018473

0.0822754 0.0018473
0.0823242 0.00184733

0.0823242 0.00184733
0.082373 0.00184736

0.082373 0.00184736
0.0824219 0.00184739

0.0824219 0.00184739
0.0824707 0.00184741

0.0824707 0.00184741
0.0825195 0.00184742

0.0825195 0.00184742
0.0825684 0.00184742

0.0825684 0.00184742
0.0826172 0.00184742

0.0826172 0.00184742
0.082666 0.00184741

0.082666 0.00184741
0.0827148 0.0018474

0.0827148 0.0018474
0.0827637 0.00184738

0.0827637 0.00184738
0.0828125 0.00184736

0.0828125 0.00184736
0.0828613 0.00184733

0.0828613 0.00184733
0.0829102 0.00184729

0.0829102 0.00184729
0.082959 0.00184725

0.082959 0.00184725
0.0830078 0.0018472

0.0830078 0.0018472
0.0830566 0.00184715

0.0830566 0.00184715
0.0831055 0.00184709

0.0831055 0.00184709
0.0831543 0.00184702

0.0831543 0.00184702
0.0832031 0.00184695

0.0832031 0.00184695
0.083252 0.00184688

0.083252 0.00184688
0.0833008 0.0018468

0.0833008 0.0018468
0.0833496 0.00184672

0.0833496 0.00184672
0.0833984 0.00184663

0.0833984 0.00184663
0.0834473 0.00184653

0.0834473 0.00184653
0.0834961 0.00184643

0.0834961 0.00184643
0.0835449 0.00184633

0.0835449 0.00184633
0.0835938 0.00184623

0.0835937 0.00184623
0.0836426 0.00184612

0.0836426 0.00184612
0.0836914 0.001846

0.0836914 0.001846
0.0837402 0.00184588

0.0837402 0.00184588
0.0837891 0.00184576

0.0837891 0.00184576
0.0838379 0.00184564

0.0838379 0.00184564
0.0838867 0.00184551

0.0838867 0.00184551
0.0839355 0.00184539

0.0839355 0.00184539
0.0839844 0.00184526

0.0839844 0.00184526
0.0840332 0.00184512

0.0840332 0.00184512
0.084082 0.00184499

0.084082 0.00184499
0.0841309 0.00184485

0.0841309 0.00184485
0.0841797 0.00184471

0.0841797 0.00184471
0.0842285 0.00184458

0.0842285 0.00184458
0.0842773 0.00184444

0.0842773 0.00184444
0.0843262 0.0018443

0.0843262 0.0018443
0.084375 0.00184416

0.084375 0.00184416
0.0844238 0.00184402

0.0844238 0.00184402
0.0844727 0.00184388

0.0844727 0.00184388
0.0845215 0.00184374

0.0845215 0.00184374
0.0845703 0.00184361

0.0845703 0.00184361
0.0846191 0.00184347

0.0846191 0.00184347
0.084668 0.00184334

0.084668 0.00184334
0.0847168 0.0018432

0.0847168 0.0018432
0.0847656 0.00184307

0.0847656 0.00184307
0.0848145 0.00184294

0.0848145 0.00184294
0.0848633 0.00184282

0.0848633 0.00184282
0.0849121 0.00184269

0.0849121 0.00184269
0.0849609 0.00184257

0.0849609 0.00184257
0.0850098 0.00184245

0.0850098 0.00184245
0.0850586 0.00184234

0.0850586 0.00184234
0.0851074 0.00184223

0.0851074 0.00184223
0.0851563 0.00184212

0.0851563 0.00184212
0.0852051 0.00184201

0.0852051 0.00184201
0.0852539 0.00184191

0.0852539 0.00184191
0.0853027 0.00184182

0.0853027 0.00184182
0.0853516 0.00184173

0.0853516 0.00184173
0.0854004 0.00184164

0.0854004 0.00184164
0.0854492 0.00184155

0.0854492 0.00184155
0.085498 0.00184148

0.085498 0.00184148
0.0855469 0.0018414

0.0855469 0.0018414
0.0855957 0.00184133

0.0855957 0.00184133
0.0856445 0.00184127

0.0856445 0.00184127
0.0856934 0.00184121

0.0856934 0.00184121
0.0857422 0.00184115

0.0857422 0.00184115
0.085791 0.0018411

0.085791 0.0018411
0.0858398 0.00184105

0.0858398 0.00184105
0.0858887 0.00184101

0.0858887 0.00184101
0.0859375 0.00184098

0.0859375 0.00184098
0.0859863 0.00184095

0.0859863 0.00184095
0.0860352 0.00184092

0.0860352 0.00184092
0.086084 0.0018409

0.086084 0.0018409
0.0861328 0.00184088

0.0861328 0.00184088
0.0861816 0.00184087

0.0861816 0.00184087
0.0862305 0.00184086

0.0862305 0.00184086
0.0862793 0.00184086

0.0862793 0.00184086
0.0863281 0.00184086

0.0863281 0.00184086
0.086377 0.00184086

0.086377 0.00184086
0.0864258 0.00184087

0.0864258 0.00184087
0.0864746 0.00184089

0.0864746 0.00184089
0.0865234 0.00184091

0.0865234 0.00184091
0.0865723 0.00184093

0.0865723 0.00184093
0.0866211 0.00184095

0.0866211 0.00184095
0.0866699 0.00184098

0.0866699 0.00184098
0.0867188 0.00184101

0.0867187 0.00184101
0.0867676 0.00184105

0.0867676 0.00184105
0.0868164 0.00184108

0.0868164 0.00184108
0.0868652 0.00184112

0.0868652 0.00184112
0.0869141 0.00184117

0.0869141 0.00184117
0.0869629 0.00184121

0.0869629 0.00184121
0.0870117 0.00184126

0.0870117 0.00184126
0.0870605 0.00184131

0.0870605 0.00184131
0.0871094 0.00184136

0.0871094 0.00184136
0.0871582 0.00184141

0.0871582 0.00184141
0.087207 0.00184146

0.087207 0.00184146
0.0872559 0.00184151

0.0872559 0.00184151
0.0873047 0.00184157

0.0873047 0.00184157
0.0873535 0.00184162

0.0873535 0.00184162
0.0874023 0.00184168

0.0874023 0.00184168
0.0874512 0.00184173

0.0874512 0.00184173
0.0875 0.00184178

0.0875 0.00184178
0.0875488 0.00184184

0.0875488 0.00184184
0.0875977 0.00184189

0.0875977 0.00184189
0.0876465 0.00184194

0.0876465 0.00184194
0.0876953 0.00184199

0.0876953 0.00184199
0.0877441 0.00184204

0.0877441 0.00184204
0.087793 0.00184209

0.087793 0.00184209
0.0878418 0.00184214

0.0878418 0.00184214
0.0878906 0.00184218

0.0878906 0.00184218
0.0879395 0.00184222

0.0879395 0.00184222
0.0879883 0.00184226

0.0879883 0.00184226
0.0880371 0.0018423

0.0880371 0.0018423
0.0880859 0.00184234

0.0880859 0.00184234
0.0881348 0.00184237

0.0881348 0.00184237
0.0881836 0.0018424

0.0881836 0.0018424
0.0882324 0.00184243

0.0882324 0.00184243
0.0882813 0.00184245

0.0882813 0.00184245
0.0883301 0.00184248

0.0883301 0.00184248
0.0883789 0.00184249

0.0883789 0.00184249
0.0884277 0.00184251

0.0884277 0.00184251
0.0884766 0.00184252

0.0884766 0.00184252
0.0885254 0.00184253

0.0885254 0.00184253
0.0885742 0.00184254

0.0885742 0.00184254
0.088623 0.00184254

0.088623 0.00184254
0.0886719 0.00184254

0.0886719 0.00184254
0.0887207 0.00184254

0.0887207 0.00184254
0.0887695 0.00184253

0.0887695 0.00184253
0.0888184 0.00184252

0.0888184 0.00184252
0.0888672 0.00184251

0.0888672 0.00184251
0.088916 0.00184249

0.088916 0.00184249
0.0889648 0.00184248

0.0889648 0.00184248
0.0890137 0.00184246

0.0890137 0.00184246
0.0890625 0.00184243

0.0890625 0.00184243
0.0891113 0.0018424

0.0891113 0.0018424
0.0891602 0.00184238

0.0891602 0.00184238
0.089209 0.00184234

0.089209 0.00184234
0.0892578 0.00184231

0.0892578 0.00184231
0.0893066 0.00184227

0.0893066 0.00184227
0.0893555 0.00184224

0.0893555 0.00184224
0.0894043 0.0018422

0.0894043 0.0018422
0.0894531 0.00184215

0.0894531 0.00184215
0.089502 0.00184211

0.089502 0.00184211
0.0895508 0.00184207

0.0895508 0.00184207
0.0895996 0.00184202

0.0895996 0.00184202
0.0896484 0.00184197

0.0896484 0.00184197
0.0896973 0.00184193

0.0896973 0.00184193
0.0897461 0.00184188

0.0897461 0.00184188
0.0897949 0.00184183

0.0897949 0.00184183
0.0898438 0.00184178

0.0898438 0.00184178
0.0898926 0.00184173

0.0898926 0.00184173
0.0899414 0.00184168

0.0899414 0.00184168
0.0899902 0.00184163

0.0899902 0.00184163
0.0900391 0.00184158

0.0900391 0.00184158
0.0900879 0.00184153

0.0900879 0.00184153
0.0901367 0.00184148

0.0901367 0.00184148
0.0901855 0.00184144

0.0901855 0.00184144
0.0902344 0.00184139

0.0902344 0.00184139
0.0902832 0.00184135

0.0902832 0.00184135
0.090332 0.0018413

0.090332 0.0018413
0.0903809 0.00184126

0.0903809 0.00184126
0.0904297 0.00184122

0.0904297 0.00184122
0.0904785 0.00184118

0.0904785 0.00184118
0.0905273 0.00184114

0.0905273 0.00184114
0.0905762 0.00184111

0.0905762 0.00184111
0.090625 0.00184108

0.090625 0.00184108
0.0906738 0.00184105

0.0906738 0.00184105
0.0907227 0.00184102

0.0907227 0.00184102
0.0907715 0.00184099

0.0907715 0.00184099
0.0908203 0.00184097

0.0908203 0.00184097
0.0908691 0.00184095

0.0908691 0.00184095
0.090918 0.00184093

0.090918 0.00184093
0.0909668 0.00184092

0.0909668 0.00184092
0.0910156 0.00184091

0.0910156 0.00184091
0.0910645 0.0018409

0.0910645 0.0018409
0.0911133 0.0018409

0.0911133 0.0018409
0.0911621 0.00184089

0.0911621 0.00184089
0.0912109 0.0018409

0.0912109 0.0018409
0.0912598 0.0018409

0.0912598 0.0018409
0.0913086 0.00184091

0.0913086 0.00184091
0.0913574 0.00184092

0.0913574 0.00184092
0.0914063 0.00184093

0.0914062 0.00184093
0.0914551 0.00184095

0.0914551 0.00184095
0.0915039 0.00184097

0.0915039 0.00184097
0.0915527 0.00184099

0.0915527 0.00184099
0.0916016 0.00184102

0.0916016 0.00184102
0.0916504 0.00184104

0.0916504 0.00184104
0.0916992 0.00184108

0.0916992 0.00184108
0.091748 0.00184111

0.091748 0.00184111
0.0917969 0.00184115

0.0917969 0.00184115
0.0918457 0.00184119

0.0918457 0.00184119
0.0918945 0.00184123

0.0918945 0.00184123
0.0919434 0.00184127

0.0919434 0.00184127
0.0919922 0.00184132

0.0919922 0.00184132
0.092041 0.00184137

0.092041 0.00184137
0.0920898 0.00184142

0.0920898 0.00184142
0.0921387 0.00184147

0.0921387 0.00184147
0.0921875 0.00184153

0.0921875 0.00184153
0.0922363 0.00184158

0.0922363 0.00184158
0.0922852 0.00184164

0.0922852 0.00184164
0.092334 0.0018417

0.092334 0.0018417
0.0923828 0.00184176

0.0923828 0.00184176
0.0924316 0.00184182

0.0924316 0.00184182
0.0924805 0.00184188

0.0924805 0.00184188
0.0925293 0.00184194

0.0925293 0.00184194
0.0925781 0.00184201

0.0925781 0.00184201
0.092627 0.00184207

0.092627 0.00184207
0.0926758 0.00184213

0.0926758 0.00184213
0.0927246 0.0018422

0.0927246 0.0018422
0.0927734 0.00184226

0.0927734 0.00184226
0.0928223 0.00184232

0.0928223 0.00184232
0.0928711 0.00184238

0.0928711 0.00184238
0.0929199 0.00184244

0.0929199 0.00184244
0.0929688 0.0018425

0.0929688 0.0018425
0.0930176 0.00184256

0.0930176 0.00184256
0.0930664 0.00184262

0.0930664 0.00184262
0.0931152 0.00184268

0.0931152 0.00184268
0.0931641 0.00184273

0.0931641 0.00184273
0.0932129 0.00184278

0.0932129 0.00184278
0.0932617 0.00184283

0.0932617 0.00184283
0.0933105 0.00184288

0.0933105 0.00184288
0.0933594 0.00184293

0.0933594 0.00184293
0.0934082 0.00184297

0.0934082 0.00184297
0.093457 0.00184301

0.093457 0.00184301
0.0935059 0.00184305

0.0935059 0.00184305
0.0935547 0.00184308

0.0935547 0.00184308
0.0936035 0.00184312

0.0936035 0.00184312
0.0936523 0.00184315

0.0936523 0.00184315
0.0937012 0.00184317

0.0937012 0.00184317
0.09375 0.00184319

0.09375 0.00184319
0.0937988 0.00184321

0.0937988 0.00184321
0.0938477 0.00184323

0.0938477 0.00184323
0.0938965 0.00184324

0.0938965 0.00184324
0.0939453 0.00184325

0.0939453 0.00184325
0.0939941 0.00184326

0.0939941 0.00184326
0.094043 0.00184326

0.094043 0.00184326
0.0940918 0.00184326

0.0940918 0.00184326
0.0941406 0.00184325

0.0941406 0.00184325
0.0941895 0.00184324

0.0941895 0.00184324
0.0942383 0.00184323

0.0942383 0.00184323
0.0942871 0.00184322

0.0942871 0.00184322
0.0943359 0.0018432

0.0943359 0.0018432
0.0943848 0.00184317

0.0943848 0.00184317
0.0944336 0.00184315

0.0944336 0.00184315
0.0944824 0.00184312

0.0944824 0.00184312
0.0945313 0.00184308

0.0945312 0.00184308
0.0945801 0.00184305

0.0945801 0.00184305
0.0946289 0.00184301

0.0946289 0.00184301
0.0946777 0.00184297

0.0946777 0.00184297
0.0947266 0.00184292

0.0947266 0.00184292
0.0947754 0.00184287

0.0947754 0.00184287
0.0948242 0.00184282

0.0948242 0.00184282
0.094873 0.00184276

0.094873 0.00184276
0.0949219 0.00184271

0.0949219 0.00184271
0.0949707 0.00184265

0.0949707 0.00184265
0.0950195 0.00184259

0.0950195 0.00184259
0.0950684 0.00184252

0.0950684 0.00184252
0.0951172 0.00184246

0.0951172 0.00184246
0.095166 0.00184239

0.095166 0.00184239
0.0952148 0.00184232

0.0952148 0.00184232
0.0952637 0.00184225

0.0952637 0.00184225
0.0953125 0.00184218

0.0953125 0.00184218
0.0953613 0.0018421

0.0953613 0.0018421
0.0954102 0.00184203

0.0954102 0.00184203
0.095459 0.00184195

0.095459 0.00184195
0.0955078 0.00184188

0.0955078 0.00184188
0.0955566 0.0018418

0.0955566 0.0018418
0.0956055 0.00184172

0.0956055 0.00184172
0.0956543 0.00184164

0.0956543 0.00184164
0.0957031 0.00184157

0.0957031 0.00184157
0.095752 0.00184149

0.095752 0.00184149
0.0958008 0.00184141

0.0958008 0.00184141
0.0958496 0.00184133

0.0958496 0.00184133
0.0958984 0.00184126

0.0958984 0.00184126
0.0959473 0.00184118

0.0959473 0.00184118
0.0959961 0.00184111

0.0959961 0.00184111
0.0960449 0.00184103

0.0960449 0.00184103
0.0960938 0.00184096

0.0960938 0.00184096
0.0961426 0.00184089

0.0961426 0.00184089
0.0961914 0.00184081

0.0961914 0.00184081
0.0962402 0.00184075

0.0962402 0.00184075
0.0962891 0.00184068

0.0962891 0.00184068
0.0963379 0.00184061

0.0963379 0.00184061
0.0963867 0.00184055

0.0963867 0.00184055
0.0964355 0.00184049

0.0964355 0.00184049
0.0964844 0.00184043

0.0964844 0.00184043
0.0965332 0.00184037

0.0965332 0.00184037
0.096582 0.00184031

0.096582 0.00184031
0.0966309 0.00184026

0.0966309 0.00184026
0.0966797 0.00184021

0.0966797 0.00184021
0.0967285 0.00184016

0.0967285 0.00184016
0.0967773 0.00184011

0.0967773 0.00184011
0.0968262 0.00184006

0.0968262 0.00184006
0.096875 0.00184002

0.096875 0.00184002
0.0969238 0.00183998

0.0969238 0.00183998
0.0969727 0.00183995

0.0969727 0.00183995
0.0970215 0.00183991

0.0970215 0.00183991
0.0970703 0.00183988

0.0970703 0.00183988
0.0971191 0.00183985

0.0971191 0.00183985
0.097168 0.00183982

0.097168 0.00183982
0.0972168 0.0018398

0.0972168 0.0018398
0.0972656 0.00183978

0.0972656 0.00183978
0.0973145 0.00183976

0.0973145 0.00183976
0.0973633 0.00183974

0.0973633 0.00183974
0.0974121 0.00183972

0.0974121 0.00183972
0.0974609 0.00183971

0.0974609 0.00183971
0.0975098 0.0018397

0.0975098 0.0018397
0.0975586 0.00183969

0.0975586 0.00183969
0.0976074 0.00183969

0.0976074 0.00183969
0.0976563 0.00183969

0.0976562 0.00183969
0.0977051 0.00183969

0.0977051 0.00183969
0.0977539 0.00183969

0.0977539 0.00183969
0.0978027 0.00183969

0.0978027 0.00183969
0.0978516 0.0018397

0.0978516 0.0018397
0.0979004 0.0018397

0.0979004 0.0018397
0.0979492 0.00183972

0.0979492 0.00183972
0.097998 0.00183973

0.097998 0.00183973
0.0980469 0.00183974

0.0980469 0.00183974
0.0980957 0.00183976

0.0980957 0.00183976
0.0981445 0.00183978

0.0981445 0.00183978
0.0981934 0.0018398

0.0981934 0.0018398
0.0982422 0.00183982

0.0982422 0.00183982
0.098291 0.00183984

0.098291 0.00183984
0.0983398 0.00183987

0.0983398 0.00183987
0.0983887 0.0018399

0.0983887 0.0018399
0.0984375 0.00183993

0.0984375 0.00183993
0.0984863 0.00183996

0.0984863 0.00183996
0.0985352 0.00183999

0.0985352 0.00183999
0.098584 0.00184003

0.098584 0.00184003
0.0986328 0.00184007

0.0986328 0.00184007
0.0986816 0.0018401

0.0986816 0.0018401
0.0987305 0.00184015

0.0987305 0.00184015
0.0987793 0.00184019

0.0987793 0.00184019
0.0988281 0.00184023

0.0988281 0.00184023
0.098877 0.00184028

0.098877 0.00184028
0.0989258 0.00184033

0.0989258 0.00184033
0.0989746 0.00184038

0.0989746 0.00184038
0.0990234 0.00184043

0.0990234 0.00184043
0.0990723 0.00184049

0.0990723 0.00184049
0.0991211 0.00184054

0.0991211 0.00184054
0.0991699 0.0018406

0.0991699 0.0018406
0.0992188 0.00184066

0.0992187 0.00184066
0.0992676 0.00184073

0.0992676 0.00184073
0.0993164 0.00184079

0.0993164 0.00184079
0.0993652 0.00184086

0.0993652 0.00184086
0.0994141 0.00184093

0.0994141 0.00184093
0.0994629 0.001841

0.0994629 0.001841
0.0995117 0.00184107

0.0995117 0.00184107
0.0995605 0.00184115

0.0995605 0.00184115
0.0996094 0.00184123

0.0996094 0.00184123
0.0996582 0.00184131

0.0996582 0.00184131
0.099707 0.0018414

0.099707 0.0018414
0.0997559 0.00184148

0.0997559 0.00184148
0.0998047 0.00184157

0.0998047 0.00184157
0.0998535 0.00184167

0.0998535 0.00184167
0.0999023 0.00184176

0.0999023 0.00184176
0.0999512 0.00184186

0.0999512 0.00184186
0.1 0.00184196

0.1 0.00184196
0.100049 0.00184206

0.100049 0.00184206
0.100098 0.00184217

0.100098 0.00184217
0.100146 0.00184228

0.100146 0.00184228
0.100195 0.00184239

0.100195 0.00184239
0.100244 0.0018425

0.100244 0.0018425
0.100293 0.00184262

0.100293 0.00184262
0.100342 0.00184274

0.100342 0.00184274
0.100391 0.00184286

0.100391 0.00184286
0.100439 0.00184299

0.100439 0.00184299
0.100488 0.00184312

0.100488 0.00184312
0.100537 0.00184325

0.100537 0.00184325
0.100586 0.00184338

0.100586 0.00184338
0.100635 0.00184352

0.100635 0.00184352
0.100684 0.00184366

0.100684 0.00184366
0.100732 0.0018438

0.100732 0.0018438
0.100781 0.00184395

0.100781 0.00184395
0.10083 0.00184409

0.10083 0.00184409
0.100879 0.00184424

0.100879 0.00184424
0.100928 0.0018444

0.100928 0.0018444
0.100977 0.00184455

0.100977 0.00184455
0.101025 0.00184471

0.101025 0.00184471
0.101074 0.00184486

0.101074 0.00184486
0.101123 0.00184502

0.101123 0.00184502
0.101172 0.00184519

0.101172 0.00184519
0.101221 0.00184535

0.101221 0.00184535
0.10127 0.00184552

0.10127 0.00184552
0.101318 0.00184568

0.101318 0.00184568
0.101367 0.00184585

0.101367 0.00184585
0.101416 0.00184602

0.101416 0.00184602
0.101465 0.00184619

0.101465 0.00184619
0.101514 0.00184637

0.101514 0.00184637
0.101563 0.00184654

0.101562 0.00184654
0.101611 0.00184671

0.101611 0.00184671
0.10166 0.00184689

0.10166 0.00184689
0.101709 0.00184706

0.101709 0.00184706
0.101758 0.00184724

0.101758 0.00184724
0.101807 0.00184741

0.101807 0.00184741
0.101855 0.00184759

0.101855 0.00184759
0.101904 0.00184776

0.101904 0.00184776
0.101953 0.00184794

0.101953 0.00184794
0.102002 0.00184811

0.102002 0.00184811
0.102051 0.00184828

0.102051 0.00184828
0.1021 0.00184846

0.1021 0.00184846
0.102148 0.00184863

0.102148 0.00184863
0.102197 0.0018488

0.102197 0.0018488
0.102246 0.00184897

0.102246 0.00184897
0.102295 0.00184914

0.102295 0.00184914
0.102344 0.0018493

0.102344 0.0018493
0.102393 0.00184947

0.102393 0.00184947
0.102441 0.00184963

0.102441 0.00184963
0.10249 0.00184979

0.10249 0.00184979
0.102539 0.00184995

0.102539 0.00184995
0.102588 0.00185011

0.102588 0.00185011
0.102637 0.00185026

0.102637 0.00185026
0.102686 0.00185041

0.102686 0.00185041
0.102734 0.00185056

0.102734 0.00185056
0.102783 0.00185071

0.102783 0.00185071
0.102832 0.00185085

0.102832 0.00185085
0.102881 0.00185099

0.102881 0.00185099
0.10293 0.00185113

0.10293 0.00185113
0.102979 0.00185126

0.102979 0.00185126
0.103027 0.00185139

0.103027 0.00185139
0.103076 0.00185152

0.103076 0.00185152
0.103125 0.00185164

0.103125 0.00185164
0.103174 0.00185176

0.103174 0.00185176
0.103223 0.00185188

0.103223 0.00185188
0.103271 0.00185199

0.103271 0.00185199
0.10332 0.0018521

0.10332 0.0018521
0.103369 0.0018522

0.103369 0.0018522
0.103418 0.0018523

0.103418 0.0018523
0.103467 0.0018524

0.103467 0.0018524
0.103516 0.00185249

0.103516 0.00185249
0.103564 0.00185257

0.103564 0.00185257
0.103613 0.00185266

0.103613 0.00185266
0.103662 0.00185274

0.103662 0.00185274
0.103711 0.00185281

0.103711 0.00185281
0.10376 0.00185288

0.10376 0.00185288
0.103809 0.00185294

0.103809 0.00185294
0.103857 0.00185301

0.103857 0.00185301
0.103906 0.00185306

0.103906 0.00185306
0.103955 0.00185311

0.103955 0.00185311
0.104004 0.00185316

0.104004 0.00185316
0.104053 0.0018532

0.104053 0.0018532
0.104102 0.00185324

0.104102 0.00185324
0.10415 0.00185327

0.10415 0.00185327
0.104199 0.0018533

0.104199 0.0018533
0.104248 0.00185333

0.104248 0.00185333
0.104297 0.00185335

0.104297 0.00185335
0.104346 0.00185336

0.104346 0.00185336
0.104395 0.00185338

0.104395 0.00185338
0.104443 0.00185338

0.104443 0.00185338
0.104492 0.00185338

0.104492 0.00185338
0.104541 0.00185338

0.104541 0.00185338
0.10459 0.00185338

0.10459 0.00185338
0.104639 0.00185337

0.104639 0.00185337
0.104688 0.00185335

0.104688 0.00185335
0.104736 0.00185333

0.104736 0.00185333
0.104785 0.00185331

0.104785 0.00185331
0.104834 0.00185329

0.104834 0.00185329
0.104883 0.00185326

0.104883 0.00185326
0.104932 0.00185322

0.104932 0.00185322
0.10498 0.00185319

0.10498 0.00185318
0.105029 0.00185314

0.105029 0.00185314
0.105078 0.0018531

0.105078 0.0018531
0.105127 0.00185305

0.105127 0.00185305
0.105176 0.001853

0.105176 0.001853
0.105225 0.00185295

0.105225 0.00185295
0.105273 0.00185289

0.105273 0.00185289
0.105322 0.00185283

0.105322 0.00185283
0.105371 0.00185276

0.105371 0.00185276
0.10542 0.0018527

0.10542 0.0018527
0.105469 0.00185263

0.105469 0.00185263
0.105518 0.00185256

0.105518 0.00185256
0.105566 0.00185248

0.105566 0.00185248
0.105615 0.00185241

0.105615 0.00185241
0.105664 0.00185233

0.105664 0.00185233
0.105713 0.00185225

0.105713 0.00185225
0.105762 0.00185216

0.105762 0.00185216
0.105811 0.00185208

0.105811 0.00185208
0.105859 0.00185199

0.105859 0.00185199
0.105908 0.0018519

0.105908 0.0018519
0.105957 0.00185181

0.105957 0.00185181
0.106006 0.00185172

0.106006 0.00185172
0.106055 0.00185163

0.106055 0.00185163
0.106104 0.00185153

0.106104 0.00185153
0.106152 0.00185144

0.106152 0.00185144
0.106201 0.00185134

0.106201 0.00185134
0.10625 0.00185124

0.10625 0.00185124
0.106299 0.00185114

0.106299 0.00185114
0.106348 0.00185104

0.106348 0.00185104
0.106396 0.00185094

0.106396 0.00185094
0.106445 0.00185084

0.106445 0.00185084
0.106494 0.00185074

0.106494 0.00185074
0.106543 0.00185064

0.106543 0.00185064
0.106592 0.00185054

0.106592 0.00185054
0.106641 0.00185044

0.106641 0.00185044
0.106689 0.00185034

0.106689 0.00185034
0.106738 0.00185024

0.106738 0.00185024
0.106787 0.00185013

0.106787 0.00185013
0.106836 0.00185003

0.106836 0.00185003
0.106885 0.00184993

0.106885 0.00184993
0.106934 0.00184983

0.106934 0.00184983
0.106982 0.00184973

0.106982 0.00184973
0.107031 0.00184964

0.107031 0.00184964
0.10708 0.00184954

0.10708 0.00184954
0.107129 0.00184944

0.107129 0.00184944
0.107178 0.00184935

0.107178 0.00184935
0.107227 0.00184925

0.107227 0.00184925
0.107275 0.00184916

0.107275 0.00184916
0.107324 0.00184907

0.107324 0.00184907
0.107373 0.00184897

0.107373 0.00184897
0.107422 0.00184888

0.107422 0.00184888
0.107471 0.0018488

0.107471 0.0018488
0.10752 0.00184871

0.10752 0.00184871
0.107568 0.00184862

0.107568 0.00184862
0.107617 0.00184854

0.107617 0.00184854
0.107666 0.00184846

0.107666 0.00184846
0.107715 0.00184838

0.107715 0.00184838
0.107764 0.0018483

0.107764 0.0018483
0.107813 0.00184822

0.107813 0.00184822
0.107861 0.00184815

0.107861 0.00184815
0.10791 0.00184807

0.10791 0.00184807
0.107959 0.001848

0.107959 0.001848
0.108008 0.00184793

0.108008 0.00184793
0.108057 0.00184786

0.108057 0.00184786
0.108105 0.00184779

0.108105 0.00184779
0.108154 0.00184773

0.108154 0.00184773
0.108203 0.00184767

0.108203 0.00184767
0.108252 0.00184761

0.108252 0.00184761
0.108301 0.00184755

0.108301 0.00184755
0.10835 0.00184749

0.10835 0.00184749
0.108398 0.00184743

0.108398 0.00184743
0.108447 0.00184738

0.108447 0.00184738
0.108496 0.00184733

0.108496 0.00184733
0.108545 0.00184728

0.108545 0.00184728
0.108594 0.00184723

0.108594 0.00184723
0.108643 0.00184718

0.108643 0.00184718
0.108691 0.00184714

0.108691 0.00184714
0.10874 0.0018471

0.10874 0.0018471
0.108789 0.00184706

0.108789 0.00184706
0.108838 0.00184702

0.108838 0.00184702
0.108887 0.00184698

0.108887 0.00184698
0.108936 0.00184694

0.108936 0.00184694
0.108984 0.00184691

0.108984 0.00184691
0.109033 0.00184688

0.109033 0.00184688
0.109082 0.00184684

0.109082 0.00184684
0.109131 0.00184681

0.109131 0.00184681
0.10918 0.00184679

0.10918 0.00184679
0.109229 0.00184676

0.109229 0.00184676
0.109277 0.00184673

0.109277 0.00184673
0.109326 0.00184671

0.109326 0.00184671
0.109375 0.00184668

0.109375 0.00184668
0.109424 0.00184666

0.109424 0.00184666
0.109473 0.00184664

0.109473 0.00184664
0.109521 0.00184662

0.109521 0.00184662
0.10957 0.0018466

0.10957 0.0018466
0.109619 0.00184658

0.109619 0.00184658
0.109668 0.00184656

0.109668 0.00184656
0.109717 0.00184655

0.109717 0.00184655
0.109766 0.00184653

0.109766 0.00184653
0.109814 0.00184651

0.109814 0.00184651
0.109863 0.00184649

0.109863 0.00184649
0.109912 0.00184648

0.109912 0.00184648
0.109961 0.00184646

0.109961 0.00184646
0.11001 0.00184645

0.11001 0.00184645
0.110059 0.00184643

0.110059 0.00184643
0.110107 0.00184642

0.110107 0.00184642
0.110156 0.0018464

0.110156 0.0018464
0.110205 0.00184638

0.110205 0.00184638
0.110254 0.00184637

0.110254 0.00184637
0.110303 0.00184635

0.110303 0.00184635
0.110352 0.00184633

0.110352 0.00184633
0.1104 0.00184631

0.1104 0.00184631
0.110449 0.00184629

0.110449 0.00184629
0.110498 0.00184627

0.110498 0.00184627
0.110547 0.00184625

0.110547 0.00184625
0.110596 0.00184623

0.110596 0.00184623
0.110645 0.0018462

0.110645 0.0018462
0.110693 0.00184618

0.110693 0.00184618
0.110742 0.00184615

0.110742 0.00184615
0.110791 0.00184612

0.110791 0.00184612
0.11084 0.00184609

0.11084 0.00184609
0.110889 0.00184606

0.110889 0.00184606
0.110938 0.00184602

0.110937 0.00184602
0.110986 0.00184599

0.110986 0.00184599
0.111035 0.00184595

0.111035 0.00184595
0.111084 0.0018459

0.111084 0.0018459
0.111133 0.00184586

0.111133 0.00184586
0.111182 0.00184581

0.111182 0.00184581
0.11123 0.00184576

0.11123 0.00184576
0.111279 0.00184571

0.111279 0.00184571
0.111328 0.00184565

0.111328 0.00184565
0.111377 0.0018456

0.111377 0.0018456
0.111426 0.00184553

0.111426 0.00184553
0.111475 0.00184547

0.111475 0.00184547
0.111523 0.0018454

0.111523 0.0018454
0.111572 0.00184533

0.111572 0.00184533
0.111621 0.00184525

0.111621 0.00184525
0.11167 0.00184517

0.11167 0.00184517
0.111719 0.00184509

0.111719 0.00184509
0.111768 0.00184501

0.111768 0.00184501
0.111816 0.00184491

0.111816 0.00184491
0.111865 0.00184482

0.111865 0.00184482
0.111914 0.00184472

0.111914 0.00184472
0.111963 0.00184462

0.111963 0.00184462
0.112012 0.00184451

0.112012 0.00184451
0.112061 0.0018444

0.112061 0.0018444
0.112109 0.00184428

0.112109 0.00184428
0.112158 0.00184416

0.112158 0.00184416
0.112207 0.00184404

0.112207 0.00184404
0.112256 0.00184391

0.112256 0.00184391
0.112305 0.00184378

0.112305 0.00184378
0.112354 0.00184364

0.112354 0.00184364
0.112402 0.00184349

0.112402 0.00184349
0.112451 0.00184335

0.112451 0.00184335
0.1125 0.00184319

0.1125 0.00184319
0.112549 0.00184303

0.112549 0.00184303
0.112598 0.00184287

0.112598 0.00184287
0.112646 0.0018427

0.112646 0.0018427
0.112695 0.00184253

0.112695 0.00184253
0.112744 0.00184235

0.112744 0.00184235
0.112793 0.00184217

0.112793 0.00184217
0.112842 0.00184198

0.112842 0.00184198
0.112891 0.00184179

0.112891 0.00184179
0.112939 0.00184159

0.112939 0.00184159
0.112988 0.00184139

0.112988 0.00184139
0.113037 0.00184118

0.113037 0.00184118
0.113086 0.00184097

0.113086 0.00184097
0.113135 0.00184075

0.113135 0.00184075
0.113184 0.00184052

0.113184 0.00184052
0.113232 0.00184029

0.113232 0.00184029
0.113281 0.00184006

0.113281 0.00184006
0.11333 0.00183982

0.11333 0.00183982
0.113379 0.00183958

0.113379 0.00183958
0.113428 0.00183933

0.113428 0.00183933
0.113477 0.00183907

0.113477 0.00183907
0.113525 0.00183882

0.113525 0.00183882
0.113574 0.00183855

0.113574 0.00183855
0.113623 0.00183828

0.113623 0.00183828
0.113672 0.00183801

0.113672 0.00183801
0.113721 0.00183773

0.113721 0.00183773
0.11377 0.00183745

0.11377 0.00183745
0.113818 0.00183716

0.113818 0.00183716
0.113867 0.00183687

0.113867 0.00183687
0.113916 0.00183657

0.113916 0.00183657
0.113965 0.00183627

0.113965 0.00183627
0.114014 0.00183596

0.114014 0.00183596
0.114063 0.00183565

0.114062 0.00183565
0.114111 0.00183533

0.114111 0.00183533
0.11416 0.00183501

0.11416 0.00183501
0.114209 0.00183469

0.114209 0.00183469
0.114258 0.00183436

0.114258 0.00183436
0.114307 0.00183403

0.114307 0.00183403
0.114355 0.00183369

0.114355 0.00183369
0.114404 0.00183335

0.114404 0.00183335
0.114453 0.00183301

0.114453 0.00183301
0.114502 0.00183266

0.114502 0.00183266
0.114551 0.00183231

0.114551 0.00183231
0.1146 0.00183195

0.1146 0.00183195
0.114648 0.00183159

0.114648 0.00183159
0.114697 0.00183123

0.114697 0.00183123
0.114746 0.00183086

0.114746 0.00183086
0.114795 0.00183049

0.114795 0.00183049
0.114844 0.00183012

0.114844 0.00183012
0.114893 0.00182974

0.114893 0.00182974
0.114941 0.00182936

0.114941 0.00182936
0.11499 0.00182898

0.11499 0.00182898
0.115039 0.0018286

0.115039 0.0018286
0.115088 0.00182821

0.115088 0.00182821
0.115137 0.00182782

0.115137 0.00182782
0.115186 0.00182742

0.115186 0.00182742
0.115234 0.00182703

0.115234 0.00182703
0.115283 0.00182663

0.115283 0.00182663
0.115332 0.00182623

0.115332 0.00182623
0.115381 0.00182582

0.115381 0.00182582
0.11543 0.00182542

0.11543 0.00182542
0.115479 0.00182501

0.115479 0.00182501
0.115527 0.0018246

0.115527 0.0018246
0.115576 0.00182419

0.115576 0.00182419
0.115625 0.00182378

0.115625 0.00182378
0.115674 0.00182336

0.115674 0.00182336
0.115723 0.00182294

0.115723 0.00182294
0.115771 0.00182253

0.115771 0.00182253
0.11582 0.00182211

0.11582 0.00182211
0.115869 0.00182169

0.115869 0.00182169
0.115918 0.00182126

0.115918 0.00182126
0.115967 0.00182084

0.115967 0.00182084
0.116016 0.00182042

0.116016 0.00182042
0.116064 0.00181999

0.116064 0.00181999
0.116113 0.00181957

0.116113 0.00181957
0.116162 0.00181914

0.116162 0.00181914
0.116211 0.00181871

0.116211 0.00181871
0.11626 0.00181829

0.11626 0.00181829
0.116309 0.00181786

0.116309 0.00181786
0.116357 0.00181743

0.116357 0.00181743
0.116406 0.00181701

0.116406 0.00181701
0.116455 0.00181658

0.116455 0.00181658
0.116504 0.00181615

0.116504 0.00181615
0.116553 0.00181573

0.116553 0.00181573
0.116602 0.0018153

0.116602 0.0018153
0.11665 0.00181487

0.11665 0.00181487
0.116699 0.00181445

0.116699 0.00181445
0.116748 0.00181402

0.116748 0.00181402
0.116797 0.0018136

0.116797 0.0018136
0.116846 0.00181317

0.116846 0.00181317
0.116895 0.00181275

0.116895 0.00181275
0.116943 0.00181232

0.116943 0.00181232
0.116992 0.0018119

0.116992 0.0018119
0.117041 0.00181148

0.117041 0.00181148
0.11709 0.00181105

0.11709 0.00181105
0.117139 0.00181063

0.117139 0.00181063
0.117188 0.00181021

0.117188 0.00181021
0.117236 0.00180979

0.117236 0.00180979
0.117285 0.00180937

0.117285 0.00180937
0.117334 0.00180894

0.117334 0.00180894
0.117383 0.00180851

0.117383 0.0018085
0.117432 0.00180807

0.117432 0.00180807
0.11748 0.00180769

0.11748 0.0018077
0.117529 0.00180734

0.117529 0.00180736
0.117578 0.00180694

0.117627 0.00180641
0.117604 0.00180664

0.117578 0.00180694
0.117608 0.00180664

0.117627 0.00180641
0.117676 0.00180596

0.117676 0.00180597
0.117725 0.00180557

0.117725 0.00180558
0.117773 0.00180518

0.117773 0.00180518
0.117822 0.00180478

0.117822 0.00180478
0.117871 0.00180437

0.117871 0.00180437
0.11792 0.00180397

0.11792 0.00180397
0.117969 0.00180356

0.117969 0.00180356
0.118018 0.00180316

0.118018 0.00180316
0.118066 0.00180277

0.118066 0.00180277
0.118115 0.00180237

0.118115 0.00180237
0.118164 0.00180197

0.118164 0.00180197
0.118213 0.00180157

0.118213 0.00180157
0.118262 0.00180118

0.118262 0.00180118
0.118311 0.00180078

0.118311 0.00180078
0.118359 0.00180039

0.118359 0.00180039
0.118408 0.0018

0.118408 0.0018
0.118457 0.00179962

0.118457 0.00179962
0.118506 0.00179924

0.118506 0.00179924
0.118555 0.00179886

0.118555 0.00179886
0.118604 0.00179847

0.118604 0.00179847
0.118652 0.00179809

0.118652 0.00179809
0.118701 0.0017977

0.118701 0.0017977
0.11875 0.00179731

0.11875 0.00179731
0.118799 0.00179692

0.118799 0.00179692
0.118848 0.00179654

0.118848 0.00179654
0.118896 0.00179615

0.118896 0.00179615
0.118945 0.00179577

0.118945 0.00179577
0.118994 0.00179538

0.118994 0.00179538
0.119043 0.00179499

0.119043 0.00179499
0.119092 0.0017946

0.119092 0.0017946
0.119141 0.00179421

0.119141 0.00179421
0.119189 0.00179382

0.119189 0.00179382
0.119238 0.00179342

0.119238 0.00179342
0.119287 0.00179302

0.119287 0.00179302
0.119336 0.00179261

0.119336 0.00179261
0.119385 0.00179221

0.119385 0.00179221
0.119434 0.0017918

0.119434 0.0017918
0.119482 0.00179139

0.119482 0.00179139
0.119531 0.00179097

0.119531 0.00179097
0.11958 0.00179055

0.11958 0.00179055
0.119629 0.00179013

0.119629 0.00179013
0.119678 0.0017897

0.119678 0.0017897
0.119727 0.00178926

0.119727 0.00178926
0.119775 0.00178882

0.119775 0.00178882
0.119824 0.00178838

0.119824 0.00178838
0.119873 0.00178793

0.119873 0.00178793
0.119922 0.00178747

0.119922 0.00178747
0.119971 0.00178701

0.119971 0.00178701
0.12002 0.00178654

0.12002 0.00178654
0.120068 0.00178606

0.120068 0.00178606
0.120117 0.00178558

0.120117 0.00178558
0.120166 0.00178509

0.120166 0.00178509
0.120215 0.0017846

0.120215 0.0017846
0.120264 0.00178409

0.120264 0.00178409
0.120313 0.00178358

0.120313 0.00178358
0.120361 0.00178306

0.120361 0.00178306
0.12041 0.00178253

0.12041 0.00178253
0.120459 0.00178199

0.120459 0.00178199
0.120508 0.00178144

0.120508 0.00178144
0.120557 0.00178089

0.120557 0.00178089
0.120605 0.00178032

0.120605 0.00178032
0.120654 0.00177975

0.120654 0.00177975
0.120703 0.00177916

0.120703 0.00177916
0.120752 0.00177857

0.120752 0.00177857
0.120801 0.00177797

0.120801 0.00177797
0.12085 0.00177736

0.12085 0.00177736
0.120898 0.00177673

0.120898 0.00177673
0.120947 0.0017761

0.120947 0.0017761
0.120996 0.00177546

0.120996 0.00177546
0.121045 0.0017748

0.121045 0.0017748
0.121094 0.00177414

0.121094 0.00177414
0.121143 0.00177346

0.121143 0.00177346
0.121191 0.00177277

0.121191 0.00177277
0.12124 0.00177208

0.12124 0.00177208
0.121289 0.00177137

0.121289 0.00177137
0.121338 0.00177065

0.121338 0.00177065
0.121387 0.00176992

0.121387 0.00176992
0.121436 0.00176919

0.121436 0.00176919
0.121484 0.00176844

0.121484 0.00176844
0.121533 0.00176768

0.121533 0.00176768
0.121582 0.00176691

0.121582 0.00176691
0.121631 0.00176614

0.121631 0.00176614
0.12168 0.00176535

0.12168 0.00176535
0.121729 0.00176455

0.121729 0.00176455
0.121777 0.00176375

0.121777 0.00176375
0.121826 0.00176294

0.121826 0.00176294
0.121875 0.00176213

0.121875 0.00176213
0.121924 0.00176131

0.121924 0.00176131
0.121973 0.00176047

0.121973 0.00176046
0.122021 0.00175961

0.122021 0.00175962
0.12207 0.00175877

0.12207 0.00175879
0.122119 0.00175792

0.122168 0.00175701
0.122124 0.00175781

0.122119 0.00175792
0.122125 0.00175781

0.122168 0.00175701
0.122217 0.00175611

0.122217 0.00175611
0.122266 0.00175522

0.122266 0.00175522
0.122314 0.00175433

0.122314 0.00175433
0.122363 0.00175344

0.122363 0.00175344
0.122412 0.00175254

0.122412 0.00175254
0.122461 0.00175163

0.122461 0.00175163
0.12251 0.00175073

0.12251 0.00175073
0.122559 0.00174981

0.122559 0.00174981
0.122607 0.0017489

0.122607 0.0017489
0.122656 0.00174798

0.122656 0.00174798
0.122705 0.00174706

0.122705 0.00174706
0.122754 0.00174614

0.122754 0.00174614
0.122803 0.00174522

0.122803 0.00174522
0.122852 0.0017443

0.122852 0.0017443
0.1229 0.00174337

0.1229 0.00174337
0.122949 0.00174245

0.122949 0.00174245
0.122998 0.00174152

0.122998 0.00174152
0.123047 0.0017406

0.123047 0.0017406
0.123096 0.00173968

0.123096 0.00173968
0.123145 0.00173876

0.123145 0.00173876
0.123193 0.00173785

0.123193 0.00173785
0.123242 0.00173695

0.123242 0.00173695
0.123291 0.00173605

0.123291 0.00173605
0.12334 0.00173516

0.12334 0.00173516
0.123389 0.00173427

0.123389 0.00173427
0.123438 0.0017334

0.123438 0.0017334
0.123486 0.00173254

0.123486 0.00173254
0.123535 0.00173169

0.123535 0.00173169
0.123584 0.00173085

0.123584 0.00173085
0.123633 0.00173002

0.123633 0.00173002
0.123682 0.00172921

0.123682 0.00172921
0.12373 0.00172842

0.12373 0.00172842
0.123779 0.00172764

0.123779 0.00172764
0.123828 0.00172688

0.123828 0.00172688
0.123877 0.00172614

0.123877 0.00172614
0.123926 0.00172542

0.123926 0.00172542
0.123975 0.00172472

0.123975 0.00172472
0.124023 0.00172403

0.124023 0.00172403
0.124072 0.00172338

0.124072 0.00172338
0.124121 0.00172274

0.124121 0.00172274
0.12417 0.00172213

0.12417 0.00172213
0.124219 0.00172155

0.124219 0.00172155
0.124268 0.001721

0.124268 0.001721
0.124316 0.00172047

0.124316 0.00172047
0.124365 0.00171998

0.124365 0.00171998
0.124414 0.00171951

0.124414 0.00171951
0.124463 0.00171908

0.124463 0.00171908
0.124512 0.00171869

0.124512 0.00171869
0.124561 0.00171833

0.124561 0.00171833
0.124609 0.00171801

0.124609 0.00171801
0.124658 0.00171772

0.124658 0.00171772
0.124707 0.00171748

0.124707 0.00171748
0.124756 0.00171727

0.124756 0.00171727
0.124805 0.00171711

0.124805 0.00171711
0.124854 0.00171699

0.124854 0.00171699
0.124902 0.00171692

0.124902 0.00171692
0.124951 0.00171689

0.124951 0.00171689
0.125 0.00171691

0.125 0.00171691
0.125049 0.00171698

0.125049 0.00171698
0.125098 0.0017171

0.125098 0.0017171
0.125146 0.00171727

0.125146 0.00171727
0.125195 0.00171749

0.125195 0.00171749
0.125244 0.00171777

0.125244 0.00171777
0.125293 0.0017181

0.125293 0.0017181
0.125342 0.00171849

0.125342 0.00171849
0.125391 0.00171893

0.125391 0.00171893
0.125439 0.00171944

0.125439 0.00171944
0.125488 0.00172001

0.125488 0.00172001
0.125537 0.00172064

0.125537 0.00172064
0.125586 0.00172133

0.125586 0.00172133
0.125635 0.00172209

0.125635 0.00172209
0.125684 0.00172291

0.125684 0.00172291
0.125732 0.0017238

0.125732 0.0017238
0.125781 0.00172476

0.125781 0.00172476
0.12583 0.00172579

0.12583 0.00172579
0.125879 0.00172688

0.125879 0.00172688
0.125928 0.00172805

0.125928 0.00172805
0.125977 0.00172929

0.125977 0.00172929
0.126025 0.0017306

0.126025 0.0017306
0.126074 0.00173198

0.126074 0.00173198
0.126123 0.00173343

0.126123 0.00173343
0.126172 0.00173497

0.126172 0.00173497
0.126221 0.00173659

0.126221 0.00173658
0.12627 0.00173826

0.12627 0.00173826
0.126318 0.00174001

0.126318 0.00174001
0.126367 0.00174184

0.126367 0.00174184
0.126416 0.00174375

0.126416 0.00174375
0.126465 0.00174572

0.126465 0.00174572
0.126514 0.00174777

0.126514 0.00174777
0.126563 0.00174989

0.126562 0.00174989
0.126611 0.0017521

0.126611 0.0017521
0.12666 0.0017544

0.12666 0.0017544
0.126709 0.0017568

0.126709 0.0017568
0.126729 0.00175781

0.126729 0.00175781
0.126758 0.0017593

0.126758 0.00175931
0.126807 0.00176185

0.126807 0.00176185
0.126855 0.00176442

0.126855 0.00176441
0.126904 0.00176702

0.126904 0.00176702
0.126953 0.00176969

0.126953 0.00176969
0.127002 0.00177242

0.127002 0.00177242
0.127051 0.00177523

0.127051 0.00177523
0.1271 0.00177809

0.1271 0.00177809
0.127148 0.00178103

0.127148 0.00178103
0.127197 0.00178406

0.127197 0.00178407
0.127246 0.00178718

0.127246 0.00178718
0.127295 0.00179034

0.127295 0.00179034
0.127344 0.00179356

0.127344 0.00179355
0.127393 0.00179683

0.127393 0.00179682
0.127441 0.00180016

0.127441 0.00180017
0.12749 0.00180358

0.12749 0.00180358
0.127533 0.00180664

0.127533 0.00180664
0.127539 0.00180707

0.127539 0.00180706
0.127588 0.00181057

0.127588 0.00181057
0.127637 0.0018141

0.127637 0.0018141
0.127686 0.00181768

0.127686 0.00181768
0.127734 0.00182131

0.127734 0.00182131
0.127783 0.00182499

0.127783 0.00182499
0.127832 0.0018287

0.127832 0.00182869
0.127881 0.00183246

0.127881 0.00183247
0.12793 0.00183629

0.12793 0.00183629
0.127979 0.00184012

0.127979 0.00184012
0.128027 0.00184399

0.128027 0.00184398
0.128076 0.00184789

0.128076 0.00184789
0.128125 0.00185185

0.128125 0.00185185
0.128169 0.00185547

0.128169 0.00185547
0.128174 0.00185589

0.128174 0.00185589
0.128223 0.00185991

0.128223 0.0018599
0.128271 0.00186388

0.128271 0.00186387
0.12832 0.00186784

0.12832 0.00186784
0.128369 0.00187181

0.128369 0.00187181
0.128418 0.00187579

0.128418 0.00187579
0.128467 0.00187979

0.128467 0.00187978
0.128516 0.0018838

0.128516 0.00188381
0.128564 0.00188783

0.128564 0.00188783
0.128613 0.00189183

0.128613 0.00189183
0.128662 0.00189583

0.128662 0.00189583
0.128711 0.00189983

0.128711 0.00189983
0.12876 0.00190381

0.12876 0.00190381
0.128766 0.0019043

0.128766 0.0019043
0.128809 0.00190775

0.128809 0.00190774
0.128857 0.00191165

0.128857 0.00191165
0.128906 0.00191554

0.128906 0.00191555
0.128955 0.00191941

0.128955 0.00191942
0.129004 0.00192324

0.129004 0.00192324
0.129053 0.00192702

0.129053 0.00192702
0.129102 0.00193076

0.129102 0.00193077
0.12915 0.00193446

0.12915 0.00193446
0.129199 0.00193809

0.129199 0.00193809
0.129248 0.00194167

0.129248 0.00194167
0.129297 0.0019452

0.129297 0.00194519
0.129346 0.00194868

0.129346 0.00194868
0.129395 0.00195214

0.129395 0.00195214
0.129409 0.00195312

0.129408 0.00195312
0.129443 0.00195556

0.129443 0.00195557
0.129492 0.00195886

0.129492 0.00195886
0.129541 0.00196204

0.129541 0.00196203
0.12959 0.00196512

0.12959 0.00196512
0.129639 0.00196812

0.129639 0.00196812
0.129688 0.00197104

0.129688 0.00197104
0.129736 0.00197387

0.129736 0.00197387
0.129785 0.00197662

0.129785 0.00197661
0.129834 0.00197929

0.129834 0.00197929
0.129883 0.00198188

0.129883 0.00198188
0.129932 0.00198436

0.129932 0.00198436
0.12998 0.00198675

0.12998 0.00198675
0.130029 0.00198903

0.130029 0.00198904
0.130078 0.00199122

0.130078 0.00199122
0.130127 0.0019933

0.130127 0.0019933
0.130176 0.00199528

0.130176 0.00199528
0.130225 0.00199715

0.130225 0.00199715
0.130273 0.00199892

0.130273 0.00199893
0.130322 0.00200059

0.130322 0.0020006
0.130366 0.00200195

0.130367 0.00200195
0.130371 0.00200209

0.130371 0.00200211
0.13042 0.00200353

0.13042 0.00200353
0.130469 0.00200487

0.130469 0.00200487
0.130518 0.0020061

0.130518 0.0020061
0.130566 0.00200723

0.130566 0.00200723
0.130615 0.00200826

0.130615 0.00200826
0.130664 0.00200918

0.130664 0.00200918
0.130713 0.00201

0.130713 0.00201
0.130762 0.00201071

0.130762 0.00201071
0.130811 0.00201133

0.130811 0.00201133
0.130859 0.00201185

0.130859 0.00201185
0.130908 0.00201227

0.130908 0.00201227
0.130957 0.0020126

0.130957 0.0020126
0.131006 0.00201284

0.131006 0.00201284
0.131055 0.00201298

0.131055 0.00201298
0.131104 0.00201304

0.131104 0.00201304
0.131152 0.00201301

0.131152 0.00201301
0.131201 0.0020129

0.131201 0.0020129
0.13125 0.00201271

0.13125 0.0020127
0.131299 0.00201243

0.131299 0.00201243
0.131348 0.00201208

0.131348 0.00201208
0.131396 0.00201166

0.131396 0.00201166
0.131445 0.00201117

0.131445 0.00201117
0.131494 0.0020106

0.131494 0.0020106
0.131543 0.00200997

0.131543 0.00200997
0.131592 0.00200928

0.131592 0.00200928
0.131641 0.00200852

0.131641 0.00200852
0.131689 0.0020077

0.131689 0.0020077
0.131738 0.00200682

0.131738 0.00200682
0.131787 0.00200587

0.131787 0.00200587
0.131836 0.00200487

0.131836 0.00200487
0.131885 0.00200383

0.131885 0.00200382
0.131934 0.00200275

0.131982 0.00200164
0.131969 0.00200195

0.131934 0.00200275
0.131968 0.00200195

0.131982 0.00200164
0.132031 0.00200047

0.132031 0.00200047
0.13208 0.00199923

0.13208 0.00199923
0.132129 0.00199795

0.132129 0.00199795
0.132178 0.00199662

0.132178 0.00199662
0.132227 0.00199526

0.132227 0.00199526
0.132275 0.00199386

0.132275 0.00199386
0.132324 0.00199242

0.132324 0.00199242
0.132373 0.00199094

0.132373 0.00199094
0.132422 0.00198944

0.132422 0.00198944
0.132471 0.0019879

0.132471 0.0019879
0.13252 0.00198634

0.13252 0.00198634
0.132568 0.00198475

0.132568 0.00198475
0.132617 0.00198313

0.132617 0.00198313
0.132666 0.00198149

0.132666 0.00198149
0.132715 0.00197982

0.132715 0.00197982
0.132764 0.00197813

0.132764 0.00197813
0.132812 0.00197643

0.132812 0.00197644
0.132861 0.00197472

0.132861 0.00197472
0.13291 0.00197298

0.13291 0.00197297
0.132959 0.00197122

0.132959 0.00197122
0.133008 0.00196946

0.133008 0.00196946
0.133057 0.00196769

0.133057 0.00196769
0.133105 0.00196592

0.133105 0.00196592
0.133154 0.00196415

0.133154 0.00196415
0.133203 0.0019624

0.133203 0.0019624
0.133252 0.00196066

0.133252 0.00196066
0.133301 0.00195889

0.133301 0.00195889
0.13335 0.0019571

0.13335 0.0019571
0.133398 0.0019553

0.133398 0.00195529
0.133447 0.00195351

0.133496 0.00195177
0.133458 0.00195312

0.133447 0.00195351
0.133458 0.00195312

0.133496 0.00195177
0.133545 0.00194998

0.133545 0.00194998
0.133594 0.00194819

0.133594 0.00194818
0.133643 0.00194639

0.133643 0.00194639
0.133691 0.0019446

0.133691 0.0019446
0.13374 0.00194281

0.13374 0.00194281
0.133789 0.00194103

0.133789 0.00194103
0.133838 0.00193924

0.133838 0.00193924
0.133887 0.00193746

0.133887 0.00193746
0.133936 0.00193568

0.133936 0.00193568
0.133984 0.00193389

0.133984 0.00193389
0.134033 0.00193211

0.134033 0.00193211
0.134082 0.00193032

0.134082 0.00193032
0.134131 0.00192854

0.134131 0.00192853
0.13418 0.00192677

0.13418 0.00192677
0.134229 0.00192502

0.134229 0.00192501
0.134277 0.00192325

0.134277 0.00192325
0.134326 0.0019215

0.134326 0.0019215
0.134375 0.00191975

0.134375 0.00191975
0.134424 0.00191801

0.134424 0.00191801
0.134473 0.00191628

0.134473 0.00191628
0.134521 0.00191455

0.134521 0.00191455
0.13457 0.00191282

0.13457 0.00191282
0.134619 0.0019111

0.134619 0.0019111
0.134668 0.00190937

0.134668 0.00190937
0.134717 0.00190765

0.134717 0.00190765
0.134766 0.00190595

0.134814 0.00190428
0.134814 0.0019043

0.134766 0.00190595
0.134814 0.0019043

0.134814 0.00190428
0.134863 0.00190261

0.134863 0.00190261
0.134912 0.00190094

0.134912 0.00190094
0.134961 0.00189928

0.134961 0.00189928
0.13501 0.00189762

0.13501 0.00189762
0.135059 0.00189597

0.135059 0.00189597
0.135107 0.00189433

0.135107 0.00189433
0.135156 0.0018927

0.135156 0.0018927
0.135205 0.00189108

0.135205 0.00189108
0.135254 0.00188948

0.135254 0.00188948
0.135303 0.00188788

0.135303 0.00188788
0.135352 0.0018863

0.135352 0.0018863
0.1354 0.00188472

0.1354 0.00188473
0.135449 0.00188316

0.135449 0.00188316
0.135498 0.00188161

0.135498 0.00188161
0.135547 0.00188007

0.135547 0.00188007
0.135596 0.00187855

0.135596 0.00187856
0.135645 0.00187705

0.135645 0.00187705
0.135693 0.00187555

0.135693 0.00187555
0.135742 0.00187407

0.135742 0.00187407
0.135791 0.00187259

0.135791 0.00187259
0.13584 0.00187113

0.13584 0.00187113
0.135889 0.00186968

0.135889 0.00186968
0.135938 0.00186825

0.135937 0.00186825
0.135986 0.00186683

0.135986 0.00186683
0.136035 0.00186542

0.136035 0.00186542
0.136084 0.00186403

0.136084 0.00186403
0.136133 0.00186266

0.136133 0.00186266
0.136182 0.0018613

0.136182 0.0018613
0.13623 0.00185996

0.13623 0.00185995
0.136279 0.00185863

0.136279 0.00185863
0.136328 0.00185734

0.136328 0.00185734
0.136377 0.00185606

0.136426 0.00185478
0.136399 0.00185547

0.136377 0.00185606
0.1364 0.00185547

0.136426 0.00185478
0.136475 0.00185351

0.136475 0.00185351
0.136523 0.00185227

0.136523 0.00185227
0.136572 0.00185105

0.136572 0.00185105
0.136621 0.00184984

0.136621 0.00184984
0.13667 0.00184865

0.13667 0.00184865
0.136719 0.00184749

0.136719 0.00184749
0.136768 0.00184634

0.136768 0.00184634
0.136816 0.00184522

0.136816 0.00184522
0.136865 0.00184411

0.136865 0.00184411
0.136914 0.00184303

0.136914 0.00184303
0.136963 0.00184197

0.136963 0.00184197
0.137012 0.00184093

0.137012 0.00184093
0.137061 0.00183992

0.137061 0.00183992
0.137109 0.00183892

0.137109 0.00183892
0.137158 0.00183795

0.137158 0.00183795
0.137207 0.001837

0.137207 0.001837
0.137256 0.00183608

0.137256 0.00183608
0.137305 0.00183517

0.137305 0.00183517
0.137354 0.0018343

0.137354 0.0018343
0.137402 0.00183344

0.137402 0.00183344
0.137451 0.00183261

0.137451 0.00183261
0.1375 0.00183181

0.1375 0.00183181
0.137549 0.00183103

0.137549 0.00183103
0.137598 0.00183028

0.137598 0.00183028
0.137646 0.00182956

0.137646 0.00182956
0.137695 0.00182886

0.137695 0.00182886
0.137744 0.00182818

0.137744 0.00182818
0.137793 0.00182754

0.137793 0.00182754
0.137842 0.00182692

0.137842 0.00182692
0.137891 0.00182632

0.137891 0.00182632
0.137939 0.00182576

0.137939 0.00182576
0.137988 0.00182522

0.137988 0.00182522
0.138037 0.00182471

0.138037 0.00182471
0.138086 0.00182423

0.138086 0.00182423
0.138135 0.00182377

0.138135 0.00182377
0.138184 0.00182335

0.138184 0.00182335
0.138232 0.00182295

0.138232 0.00182295
0.138281 0.00182259

0.138281 0.00182259
0.13833 0.00182226

0.13833 0.00182226
0.138379 0.00182196

0.138379 0.00182196
0.138428 0.00182169

0.138428 0.00182169
0.138477 0.00182145

0.138477 0.00182145
0.138525 0.00182124

0.138525 0.00182124
0.138574 0.00182106

0.138574 0.00182106
0.138623 0.00182092

0.138623 0.00182092
0.138672 0.00182081

0.138672 0.00182081
0.138721 0.00182072

0.138721 0.00182072
0.13877 0.00182068

0.13877 0.00182068
0.138818 0.00182066

0.138818 0.00182066
0.138867 0.00182067

0.138867 0.00182067
0.138916 0.00182072

0.138916 0.00182072
0.138965 0.0018208

0.138965 0.0018208
0.139014 0.00182091

0.139014 0.00182091
0.139063 0.00182105

0.139063 0.00182105
0.139111 0.00182123

0.139111 0.00182123
0.13916 0.00182143

0.13916 0.00182143
0.139209 0.00182167

0.139209 0.00182167
0.139258 0.00182194

0.139258 0.00182194
0.139307 0.00182224

0.139307 0.00182224
0.139355 0.00182258

0.139355 0.00182258
0.139404 0.00182294

0.139404 0.00182294
0.139453 0.00182334

0.139453 0.00182334
0.139502 0.00182377

0.139502 0.00182377
0.139551 0.00182423

0.139551 0.00182423
0.1396 0.00182472

0.1396 0.00182472
0.139648 0.00182524

0.139648 0.00182524
0.139697 0.00182579

0.139697 0.00182579
0.139746 0.00182637

0.139746 0.00182637
0.139795 0.00182698

0.139795 0.00182698
0.139844 0.00182761

0.139844 0.00182761
0.139893 0.00182828

0.139893 0.00182828
0.139941 0.00182897

0.139941 0.00182897
0.13999 0.00182969

0.13999 0.00182969
0.140039 0.00183044

0.140039 0.00183044
0.140088 0.00183121

0.140088 0.00183122
0.140137 0.00183202

0.140137 0.00183202
0.140186 0.00183285

0.140186 0.00183285
0.140234 0.0018337

0.140234 0.0018337
0.140283 0.00183458

0.140283 0.00183458
0.140332 0.00183548

0.140332 0.00183548
0.140381 0.0018364

0.140381 0.0018364
0.14043 0.00183735

0.14043 0.00183735
0.140479 0.00183832

0.140479 0.00183832
0.140527 0.0018393

0.140527 0.00183931
0.140576 0.00184031

0.140576 0.00184031
0.140625 0.00184134

0.140625 0.00184134
0.140674 0.00184238

0.140674 0.00184238
0.140723 0.00184343

0.140723 0.00184343
0.140771 0.00184451

0.140771 0.00184451
0.14082 0.00184559

0.14082 0.00184559
0.140869 0.00184669

0.140869 0.00184669
0.140918 0.0018478

0.140918 0.0018478
0.140967 0.00184891

0.140967 0.00184891
0.141016 0.00185003

0.141016 0.00185003
0.141064 0.00185116

0.141064 0.00185116
0.141113 0.00185229

0.141113 0.0018523
0.141162 0.00185344

0.141162 0.00185344
0.141211 0.00185458

0.141211 0.00185458
0.141249 0.00185547

0.141249 0.00185547
0.14126 0.00185572

0.14126 0.00185573
0.141309 0.00185688

0.141309 0.00185689
0.141357 0.00185804

0.141357 0.00185804
0.141406 0.00185917

0.141406 0.00185917
0.141455 0.0018603

0.141455 0.0018603
0.141504 0.00186143

0.141504 0.00186143
0.141553 0.00186254

0.141553 0.00186254
0.141602 0.00186364

0.141602 0.00186364
0.14165 0.00186474

0.14165 0.00186474
0.141699 0.00186582

0.141699 0.00186582
0.141748 0.00186689

0.141748 0.00186689
0.141797 0.00186794

0.141797 0.00186794
0.141846 0.00186899

0.141846 0.00186899
0.141895 0.00187001

0.141895 0.00187001
0.141943 0.00187102

0.141943 0.00187102
0.141992 0.00187201

0.141992 0.00187201
0.142041 0.00187298

0.142041 0.00187298
0.14209 0.00187393

0.14209 0.00187393
0.142139 0.00187486

0.142139 0.00187486
0.142188 0.00187577

0.142187 0.00187577
0.142236 0.00187665

0.142236 0.00187665
0.142285 0.00187751

0.142285 0.00187751
0.142334 0.00187834

0.142334 0.00187834
0.142383 0.00187915

0.142383 0.00187915
0.142432 0.00187993

0.142432 0.00187993
0.14248 0.00188069

0.14248 0.00188069
0.142529 0.00188142

0.142529 0.00188142
0.142578 0.00188212

0.142578 0.00188212
0.142627 0.00188279

0.142627 0.00188279
0.142676 0.00188343

0.142676 0.00188343
0.142725 0.00188404

0.142725 0.00188404
0.142773 0.00188462

0.142773 0.00188462
0.142822 0.00188516

0.142822 0.00188516
0.142871 0.00188568

0.142871 0.00188568
0.14292 0.00188616

0.14292 0.00188616
0.142969 0.00188661

0.142969 0.00188661
0.143018 0.00188702

0.143018 0.00188702
0.143066 0.0018874

0.143066 0.0018874
0.143115 0.00188775

0.143115 0.00188775
0.143164 0.00188806

0.143164 0.00188806
0.143213 0.00188834

0.143213 0.00188834
0.143262 0.00188858

0.143262 0.00188858
0.143311 0.00188879

0.143311 0.00188879
0.143359 0.00188896

0.143359 0.00188896
0.143408 0.0018891

0.143408 0.0018891
0.143457 0.0018892

0.143457 0.0018892
0.143506 0.00188927

0.143506 0.00188927
0.143555 0.0018893

0.143555 0.0018893
0.143604 0.0018893

0.143604 0.0018893
0.143652 0.00188927

0.143652 0.00188927
0.143701 0.0018892

0.143701 0.0018892
0.14375 0.0018891

0.14375 0.0018891
0.143799 0.00188896

0.143799 0.00188896
0.143848 0.00188879

0.143848 0.00188879
0.143896 0.00188859

0.143896 0.00188859
0.143945 0.00188836

0.143945 0.00188836
0.143994 0.00188809

0.143994 0.00188809
0.144043 0.00188779

0.144043 0.00188779
0.144092 0.00188747

0.144092 0.00188747
0.144141 0.00188711

0.144141 0.00188711
0.144189 0.00188672

0.144189 0.00188672
0.144238 0.00188631

0.144238 0.00188631
0.144287 0.00188587

0.144287 0.00188587
0.144336 0.0018854

0.144336 0.0018854
0.144385 0.00188491

0.144385 0.00188491
0.144434 0.00188439

0.144434 0.00188439
0.144482 0.00188385

0.144482 0.00188385
0.144531 0.00188328

0.144531 0.00188328
0.14458 0.00188269

0.14458 0.00188269
0.144629 0.00188208

0.144629 0.00188208
0.144678 0.00188145

0.144678 0.00188145
0.144727 0.0018808

0.144727 0.0018808
0.144775 0.00188013

0.144775 0.00188013
0.144824 0.00187945

0.144824 0.00187945
0.144873 0.00187875

0.144873 0.00187875
0.144922 0.00187803

0.144922 0.00187803
0.144971 0.0018773

0.144971 0.0018773
0.14502 0.00187655

0.14502 0.00187655
0.145068 0.00187579

0.145068 0.00187579
0.145117 0.00187502

0.145117 0.00187502
0.145166 0.00187424

0.145166 0.00187424
0.145215 0.00187345

0.145215 0.00187344
0.145264 0.00187264

0.145264 0.00187264
0.145313 0.00187184

0.145313 0.00187184
0.145361 0.00187102

0.145361 0.00187102
0.14541 0.0018702

0.14541 0.0018702
0.145459 0.00186938

0.145459 0.00186938
0.145508 0.00186855

0.145508 0.00186855
0.145557 0.00186772

0.145557 0.00186772
0.145605 0.00186689

0.145605 0.00186689
0.145654 0.00186606

0.145654 0.00186606
0.145703 0.00186524

0.145703 0.00186524
0.145752 0.00186441

0.145752 0.00186441
0.145801 0.00186358

0.145801 0.00186358
0.14585 0.00186276

0.14585 0.00186276
0.145898 0.00186195

0.145898 0.00186195
0.145947 0.00186114

0.145947 0.00186114
0.145996 0.00186035

0.145996 0.00186035
0.146045 0.00185956

0.146045 0.00185956
0.146094 0.00185878

0.146094 0.00185877
0.146143 0.001858

0.146143 0.001858
0.146191 0.00185724

0.146191 0.00185724
0.14624 0.00185651

0.14624 0.00185651
0.146289 0.00185579

0.146338 0.00185505
0.14631 0.00185547

0.146289 0.00185579
0.14631 0.00185547

0.146338 0.00185505
0.146387 0.00185433

0.146387 0.00185433
0.146436 0.00185362

0.146436 0.00185362
0.146484 0.00185294

0.146484 0.00185294
0.146533 0.00185226

0.146533 0.00185226
0.146582 0.00185161

0.146582 0.00185161
0.146631 0.00185097

0.146631 0.00185097
0.14668 0.00185035

0.14668 0.00185035
0.146729 0.00184975

0.146729 0.00184975
0.146777 0.00184917

0.146777 0.00184917
0.146826 0.00184861

0.146826 0.00184861
0.146875 0.00184807

0.146875 0.00184807
0.146924 0.00184754

0.146924 0.00184754
0.146973 0.00184704

0.146973 0.00184704
0.147021 0.00184656

0.147021 0.00184656
0.14707 0.0018461

0.14707 0.0018461
0.147119 0.00184567

0.147119 0.00184567
0.147168 0.00184525

0.147168 0.00184525
0.147217 0.00184486

0.147217 0.00184486
0.147266 0.00184449

0.147266 0.00184449
0.147314 0.00184414

0.147314 0.00184414
0.147363 0.00184382

0.147363 0.00184382
0.147412 0.00184352

0.147412 0.00184352
0.147461 0.00184324

0.147461 0.00184324
0.14751 0.00184299

0.14751 0.00184299
0.147559 0.00184276

0.147559 0.00184276
0.147607 0.00184256

0.147607 0.00184256
0.147656 0.00184238

0.147656 0.00184238
0.147705 0.00184222

0.147705 0.00184222
0.147754 0.00184208

0.147754 0.00184208
0.147803 0.00184197

0.147803 0.00184197
0.147852 0.00184188

0.147852 0.00184188
0.1479 0.00184182

0.1479 0.00184182
0.147949 0.00184177

0.147949 0.00184177
0.147998 0.00184175

0.147998 0.00184175
0.148047 0.00184175

0.148047 0.00184175
0.148096 0.00184178

0.148096 0.00184178
0.148145 0.00184182

0.148145 0.00184182
0.148193 0.00184188

0.148193 0.00184188
0.148242 0.00184197

0.148242 0.00184197
0.148291 0.00184208

0.148291 0.00184208
0.14834 0.0018422

0.14834 0.0018422
0.148389 0.00184235

0.148389 0.00184235
0.148438 0.00184251

0.148438 0.00184251
0.148486 0.00184269

0.148486 0.00184269
0.148535 0.00184289

0.148535 0.00184289
0.148584 0.00184311

0.148584 0.00184311
0.148633 0.00184334

0.148633 0.00184334
0.148682 0.00184359

0.148682 0.00184359
0.14873 0.00184386

0.14873 0.00184386
0.148779 0.00184414

0.148779 0.00184414
0.148828 0.00184443

0.148828 0.00184443
0.148877 0.00184474

0.148877 0.00184474
0.148926 0.00184506

0.148926 0.00184506
0.148975 0.00184539

0.148975 0.00184539
0.149023 0.00184574

0.149023 0.00184574
0.149072 0.00184609

0.149072 0.00184609
0.149121 0.00184646

0.149121 0.00184646
0.14917 0.00184683

0.14917 0.00184683
0.149219 0.00184722

0.149219 0.00184722
0.149268 0.00184761

0.149268 0.00184761
0.149316 0.00184801

0.149316 0.00184801
0.149365 0.00184841

0.149365 0.00184841
0.149414 0.00184882

0.149414 0.00184882
0.149463 0.00184923

0.149463 0.00184923
0.149512 0.00184965

0.149512 0.00184965
0.149561 0.00185008

0.149561 0.00185008
0.149609 0.0018505

0.149609 0.0018505
0.149658 0.00185093

0.149658 0.00185093
0.149707 0.00185135

0.149707 0.00185135
0.149756 0.00185178

0.149756 0.00185178
0.149805 0.00185221

0.149805 0.00185221
0.149854 0.00185263

0.149854 0.00185263
0.149902 0.00185306

0.149902 0.00185306
0.149951 0.00185347

0.149951 0.00185347
0.15 0.00185389

0.15 0.00185389
0.150049 0.0018543

0.150049 0.0018543
0.150098 0.0018547

0.150098 0.0018547
0.150146 0.00185509

0.150146 0.00185509
0.150194 0.00185547

0.150194 0.00185547
0.150195 0.00185548

0.150195 0.00185548
0.150244 0.00185588

0.150244 0.00185588
0.150293 0.00185626

0.150293 0.00185626
0.150342 0.00185663

0.150342 0.00185663
0.150391 0.00185699

0.150391 0.00185699
0.150439 0.00185734

0.150439 0.00185734
0.150488 0.00185768

0.150488 0.00185768
0.150537 0.001858

0.150537 0.001858
0.150586 0.00185831

0.150586 0.00185831
0.150635 0.00185861

0.150635 0.00185861
0.150684 0.00185889

0.150684 0.00185889
0.150732 0.00185916

0.150732 0.00185916
0.150781 0.00185942

0.150781 0.00185942
0.15083 0.00185966

0.15083 0.00185966
0.150879 0.00185988

0.150879 0.00185988
0.150928 0.00186009

0.150928 0.00186009
0.150977 0.00186029

0.150977 0.00186029
0.151025 0.00186047

0.151025 0.00186047
0.151074 0.00186063

0.151074 0.00186063
0.151123 0.00186078

0.151123 0.00186078
0.151172 0.00186091

0.151172 0.00186091
0.151221 0.00186103

0.151221 0.00186103
0.15127 0.00186113

0.15127 0.00186113
0.151318 0.00186121

0.151318 0.00186121
0.151367 0.00186128

0.151367 0.00186128
0.151416 0.00186134

0.151416 0.00186134
0.151465 0.00186137

0.151465 0.00186137
0.151514 0.00186139

0.151514 0.00186139
0.151563 0.0018614

0.151563 0.0018614
0.151611 0.00186139

0.151611 0.00186139
0.15166 0.00186137

0.15166 0.00186137
0.151709 0.00186133

0.151709 0.00186133
0.151758 0.00186127

0.151758 0.00186127
0.151807 0.0018612

0.151807 0.0018612
0.151855 0.00186111

0.151855 0.00186111
0.151904 0.00186101

0.151904 0.00186101
0.151953 0.0018609

0.151953 0.0018609
0.152002 0.00186077

0.152002 0.00186077
0.152051 0.00186063

0.152051 0.00186063
0.1521 0.00186047

0.1521 0.00186047
0.152148 0.0018603

0.152148 0.0018603
0.152197 0.00186012

0.152197 0.00186012
0.152246 0.00185993

0.152246 0.00185993
0.152295 0.00185973

0.152295 0.00185973
0.152344 0.00185951

0.152344 0.00185951
0.152393 0.00185929

0.152393 0.00185929
0.152441 0.00185905

0.152441 0.00185905
0.15249 0.00185881

0.15249 0.00185881
0.152539 0.00185855

0.152539 0.00185855
0.152588 0.00185829

0.152588 0.00185829
0.152637 0.00185802

0.152637 0.00185802
0.152686 0.00185774

0.152686 0.00185774
0.152734 0.00185743

0.152734 0.00185743
0.152783 0.00185712

0.152783 0.00185711
0.152832 0.0018568

0.152832 0.0018568
0.152881 0.00185652

0.152881 0.0018565
0.15293 0.0018563

0.15293 0.00185642
0.152979 0.00185611

0.152979 0.00185601
0.153027 0.00185554

0.153076 0.00185515
0.153032 0.00185547

0.153076 0.00185521
0.153125 0.00185494

0.153125 0.00185494
0.153174 0.00185462

0.153174 0.0018546
0.153223 0.00185425

0.153223 0.00185424
0.153271 0.0018539

0.153271 0.0018539
0.15332 0.00185357

0.15332 0.00185357
0.153369 0.00185323

0.153369 0.00185323
0.153418 0.00185289

0.153418 0.00185289
0.153467 0.00185255

0.153467 0.00185254
0.153516 0.0018522

0.153516 0.0018522
0.153564 0.00185187

0.153564 0.00185187
0.153613 0.00185154

0.153613 0.00185154
0.153662 0.00185122

0.153662 0.00185122
0.153711 0.0018509

0.153711 0.0018509
0.15376 0.00185058

0.15376 0.00185058
0.153809 0.00185026

0.153809 0.00185026
0.153857 0.00184994

0.153857 0.00184994
0.153906 0.00184962

0.153906 0.00184962
0.153955 0.00184931

0.153955 0.00184931
0.154004 0.001849

0.154004 0.001849
0.154053 0.00184871

0.154053 0.00184871
0.154102 0.00184842

0.154102 0.00184842
0.15415 0.00184814

0.15415 0.00184814
0.154199 0.00184787

0.154199 0.00184787
0.154248 0.00184761

0.154248 0.00184761
0.154297 0.00184735

0.154297 0.00184735
0.154346 0.0018471

0.154346 0.0018471
0.154395 0.00184685

0.154395 0.00184685
0.154443 0.00184662

0.154443 0.00184662
0.154492 0.00184639

0.154492 0.00184639
0.154541 0.00184617

0.154541 0.00184617
0.15459 0.00184596

0.15459 0.00184596
0.154639 0.00184576

0.154639 0.00184576
0.154688 0.00184557

0.154688 0.00184557
0.154736 0.00184538

0.154736 0.00184538
0.154785 0.0018452

0.154785 0.0018452
0.154834 0.00184503

0.154834 0.00184503
0.154883 0.00184487

0.154883 0.00184487
0.154932 0.00184472

0.154932 0.00184472
0.15498 0.00184458

0.15498 0.00184458
0.155029 0.00184445

0.155029 0.00184445
0.155078 0.00184432

0.155078 0.00184432
0.155127 0.0018442

0.155127 0.0018442
0.155176 0.0018441

0.155176 0.0018441
0.155225 0.001844

0.155225 0.001844
0.155273 0.00184391

0.155273 0.00184391
0.155322 0.00184383

0.155322 0.00184383
0.155371 0.00184376

0.155371 0.00184376
0.15542 0.0018437

0.15542 0.0018437
0.155469 0.00184365

0.155469 0.00184365
0.155518 0.00184361

0.155518 0.00184361
0.155566 0.00184357

0.155591 0
0.155613 4.88281e-05

0.155612 4.88281e-05
0.155615 5.2278e-05

0.155566 0.00184357
0.155615 0.00184355

0.155615 5.03038e-05
0.155664 8.13672e-05

0.155615 0.00184355
0.155664 0.00184353

0.155664 7.11506e-05
0.155713 7.99645e-05

0.155664 0.00184353
0.155713 0.00184352

0.155713 7.79659e-05
0.155762 8.89533e-05

0.155762 9.76563e-05
0.155762 9.76924e-05

0.155713 0.00184352
0.155762 0.00184351

0.155762 8.97835e-05
0.155789 9.76563e-05

0.155784 9.76563e-05
0.155811 0.000105279

0.155762 0.00184351
0.155811 0.00184352

0.155811 0.000107991
0.155859 0.000114824

0.155811 0.00184352
0.155859 0.00184353

0.155859 0.000113834
0.155908 0.000108465

0.155859 0.00184353
0.155908 0.00184355

0.155957 9.12951e-05
0.155935 9.76563e-05

0.155908 0.000108941
0.155947 9.76563e-05

0.155908 0.00184355
0.155957 0.00184357

0.156006 6.62511e-05
0.15596 9.76563e-05

0.155957 0.00184357
0.156006 0.0018436

0.156044 0
0.156025 4.88281e-05

0.156006 7.23464e-05
0.156027 4.88281e-05

0.156006 0.0018436
0.156055 0.00184364

0.156055 5.17306e-05
0.156057 4.88281e-05

0.156055 0.00184364
0.156104 0.00184369

0.156104 0.00184369
0.156152 0.00184375

0.156152 0.00184375
0.156201 0.00184381

0.156201 0.00184381
0.15625 0.00184388

0.15625 0.00184388
0.156299 0.00184395

0.156299 0.00184395
0.156348 0.00184403

0.156348 0.00184403
0.156396 0.00184412

0.156396 0.00184412
0.156445 0.00184421

0.156445 0.00184421
0.156494 0.00184431

0.156494 0.00184431
0.156543 0.00184441

0.156543 0.00184441
0.156592 0.00184452

0.156592 0.00184452
0.156641 0.00184463

0.156641 0.00184463
0.156689 0.00184475

0.156689 0.00184475
0.156738 0.00184487

0.156738 0.00184487
0.156787 0.001845

0.156787 0.001845
0.156836 0.00184513

0.156836 0.00184513
0.156885 0.00184526

0.156885 0.00184526
0.156934 0.0018454

0.156934 0.0018454
0.156982 0.00184554

0.156982 0.00184554
0.157031 0.00184569

0.157031 0.00184569
0.15708 0.00184583

0.15708 0.00184583
0.157129 0.00184598

0.157129 0.00184598
0.157178 0.00184614

0.157178 0.00184614
0.157227 0.00184629

0.157227 0.00184629
0.157275 0.00184645

0.157275 0.00184645
0.157324 0.00184661

0.157324 0.00184661
0.157373 0.00184677

0.157373 0.00184677
0.157422 0.00184693

0.157422 0.00184693
0.157471 0.0018471

0.157471 0.0018471
0.15752 0.00184726

0.15752 0.00184726
0.157568 0.00184743

0.157568 0.00184743
0.157617 0.00184759

0.157617 0.00184759
0.157666 0.00184776

0.157666 0.00184776
0.157715 0.00184793

0.157715 0.00184793
0.157764 0.0018481

0.157764 0.0018481
0.157813 0.00184826

0.157812 0.00184826
0.157861 0.00184843

0.157861 0.00184843
0.15791 0.0018486

0.15791 0.0018486
0.157959 0.00184876

0.157959 0.00184876
0.158008 0.00184893

0.158008 0.00184893
0.158057 0.00184909

0.158057 0.00184909
0.158105 0.00184925

0.158105 0.00184925
0.158154 0.00184941

0.158154 0.00184941
0.158203 0.00184956

0.158203 0.00184956
0.158252 0.00184972

0.158252 0.00184972
0.158301 0.00184987

0.158301 0.00184987
0.15835 0.00185001

0.15835 0.00185001
0.158398 0.00185016

0.158398 0.00185016
0.158447 0.0018503

0.158447 0.0018503
0.158496 0.00185044

0.158496 0.00185044
0.158545 0.00185057

0.158545 0.00185057
0.158594 0.0018507

0.158594 0.0018507
0.158643 0.00185083

0.158643 0.00185083
0.158691 0.00185095

0.158691 0.00185095
0.15874 0.00185107

0.15874 0.00185107
0.158789 0.00185118

0.158789 0.00185118
0.158838 0.00185128

0.158838 0.00185128
0.158887 0.00185138

0.158887 0.00185138
0.158936 0.00185148

0.158936 0.00185148
0.158984 0.00185157

0.158984 0.00185157
0.159033 0.00185165

0.159033 0.00185165
0.159082 0.00185172

0.159082 0.00185172
0.159131 0.00185179

0.159131 0.00185179
0.15918 0.00185185

0.15918 0.00185185
0.159229 0.00185191

0.159229 0.00185191
0.159277 0.00185196

0.159277 0.00185196
0.159326 0.001852

0.159326 0.001852
0.159375 0.00185203

0.159375 0.00185203
0.159424 0.00185205

0.159424 0.00185205
0.159473 0.00185207

0.159473 0.00185207
0.159521 0.00185208

0.159521 0.00185208
0.15957 0.00185208

0.15957 0.00185208
0.159619 0.00185207

0.159619 0.00185207
0.159668 0.00185205

0.159668 0.00185205
0.159717 0.00185203

0.159717 0.00185203
0.159766 0.00185199

0.159766 0.00185199
0.159814 0.00185195

0.159814 0.00185195
0.159863 0.0018519

0.159863 0.0018519
0.159912 0.00185184

0.159912 0.00185184
0.159961 0.00185177

0.159961 0.00185177
0.16001 0.0018517

0.16001 0.0018517
0.160059 0.00185161

0.160059 0.00185161
0.160107 0.00185152

0.160107 0.00185152
0.160156 0.00185142

0.160156 0.00185142
0.160205 0.00185131

0.160205 0.00185131
0.160254 0.0018512

0.160254 0.0018512
0.160303 0.00185107

0.160303 0.00185107
0.160352 0.00185094

0.160352 0.00185094
0.1604 0.0018508

0.1604 0.0018508
0.160449 0.00185065

0.160449 0.00185065
0.160498 0.0018505

0.160498 0.0018505
0.160547 0.00185034

0.160547 0.00185034
0.160596 0.00185017

0.160596 0.00185017
0.160645 0.00185

0.160645 0.00185
0.160693 0.00184982

0.160693 0.00184982
0.160742 0.00184964

0.160742 0.00184964
0.160791 0.00184945

0.160791 0.00184945
0.16084 0.00184925

0.16084 0.00184925
0.160889 0.00184905

0.160889 0.00184905
0.160938 0.00184885

0.160938 0.00184885
0.160986 0.00184864

0.160986 0.00184864
0.161035 0.00184842

0.161035 0.00184842
0.161084 0.00184821

0.161084 0.00184821
0.161133 0.00184798

0.161133 0.00184798
0.161182 0.00184776

0.161182 0.00184776
0.16123 0.00184753

0.16123 0.00184753
0.161279 0.0018473

0.161279 0.0018473
0.161328 0.00184706

0.161328 0.00184706
0.161377 0.00184683

0.161377 0.00184683
0.161426 0.00184659

0.161426 0.00184659
0.161475 0.00184634

0.161475 0.00184634
0.161523 0.0018461

0.161523 0.0018461
0.161572 0.00184585

0.161572 0.00184585
0.161621 0.0018456

0.161621 0.00184559
0.16167 0.00184534

0.16167 0.00184534
0.161719 0.00184509

0.161719 0.00184509
0.161768 0.00184483

0.161768 0.00184483
0.161816 0.00184457

0.161816 0.00184457
0.161865 0.00184431

0.161865 0.00184431
0.161914 0.00184404

0.161914 0.00184404
0.161963 0.00184378

0.161963 0.00184378
0.162012 0.00184351

0.162012 0.00184351
0.162061 0.00184324

0.162061 0.00184324
0.162109 0.00184297

0.162109 0.00184297
0.162158 0.0018427

0.162158 0.0018427
0.162207 0.00184243

0.162207 0.00184243
0.162256 0.00184215

0.162256 0.00184215
0.162305 0.00184188

0.162305 0.00184188
0.162354 0.0018416

0.162354 0.0018416
0.162402 0.00184132

0.162402 0.00184132
0.162451 0.00184105

0.162451 0.00184105
0.1625 0.00184077

0.1625 0.00184077
0.162549 0.00184049

0.162549 0.00184049
0.162598 0.00184021

0.162598 0.00184021
0.162646 0.00183993

0.162646 0.00183993
0.162695 0.00183965

0.162695 0.00183965
0.162744 0.00183937

0.162744 0.00183937
0.162793 0.0018391

0.162793 0.0018391
0.162842 0.00183882

0.162842 0.00183882
0.162891 0.00183854

0.162891 0.00183854
0.162939 0.00183826

0.162939 0.00183826
0.162988 0.00183798

0.162988 0.00183798
0.163037 0.00183771

0.163037 0.00183771
0.163086 0.00183743

0.163086 0.00183743
0.163135 0.00183716

0.163135 0.00183716
0.163184 0.00183688

0.163184 0.00183688
0.163232 0.00183661

0.163232 0.00183661
0.163281 0.00183634

0.163281 0.00183634
0.16333 0.00183606

0.16333 0.00183606
0.163379 0.00183579

0.163379 0.00183579
0.163428 0.00183552

0.163428 0.00183552
0.163477 0.00183525

0.163477 0.00183525
0.163525 0.00183498

0.163525 0.00183498
0.163574 0.00183471

0.163574 0.00183471
0.163623 0.00183443

0.163623 0.00183443
0.163672 0.00183416

0.163672 0.00183416
0.163721 0.00183389

0.163721 0.00183389
0.16377 0.00183362

0.16377 0.00183362
0.163818 0.00183334

0.163818 0.00183334
0.163867 0.00183307

0.163867 0.00183307
0.163916 0.00183279

0.163916 0.00183279
0.163965 0.00183251

0.163965 0.00183251
0.164014 0.00183223

0.164014 0.00183223
0.164063 0.00183194

0.164062 0.00183194
0.164111 0.00183166

0.164111 0.00183166
0.16416 0.00183136

0.16416 0.00183136
0.164209 0.00183107

0.164209 0.00183107
0.164258 0.00183077

0.164258 0.00183077
0.164307 0.00183046

0.164307 0.00183046
0.164355 0.00183015

0.164355 0.00183015
0.164404 0.00182983

0.164404 0.00182983
0.164453 0.0018295

0.164453 0.0018295
0.164502 0.00182917

0.164502 0.00182917
0.164551 0.00182883

0.164551 0.00182883
0.1646 0.00182848

0.1646 0.00182848
0.164648 0.00182813

0.164648 0.00182813
0.164697 0.00182776

0.164697 0.00182776
0.164746 0.00182738

0.164746 0.00182738
0.164795 0.001827

0.164795 0.001827
0.164844 0.0018266

0.164844 0.0018266
0.164893 0.00182619

0.164893 0.00182619
0.164941 0.00182577

0.164941 0.00182577
0.16499 0.00182534

0.16499 0.00182534
0.165039 0.00182489

0.165039 0.00182489
0.165088 0.00182443

0.165088 0.00182443
0.165137 0.00182396

0.165137 0.00182396
0.165186 0.00182347

0.165186 0.00182347
0.165234 0.00182296

0.165234 0.00182296
0.165283 0.00182243

0.165283 0.00182243
0.165332 0.00182189

0.165332 0.00182189
0.165381 0.00182133

0.165381 0.00182133
0.16543 0.00182075

0.16543 0.00182075
0.165479 0.00182015

0.165479 0.00182015
0.165527 0.00181952

0.165527 0.00181952
0.165576 0.00181888

0.165576 0.00181888
0.165625 0.00181821

0.165625 0.00181821
0.165674 0.00181752

0.165674 0.00181752
0.165723 0.0018168

0.165723 0.0018168
0.165771 0.00181605

0.165771 0.00181605
0.16582 0.00181528

0.16582 0.00181528
0.165869 0.00181448

0.165869 0.00181448
0.165918 0.00181365

0.165918 0.00181365
0.165967 0.00181279

0.165967 0.00181279
0.166016 0.0018119

0.166016 0.0018119
0.166064 0.00181097

0.166064 0.00181097
0.166113 0.00181001

0.166113 0.00181001
0.166162 0.00180901

0.166162 0.00180901
0.166211 0.00180799

0.166211 0.001808
0.16626 0.00180696

0.166309 0.00180587
0.166274 0.00180664

0.16626 0.00180697
0.166275 0.00180664

0.166309 0.00180587
0.166357 0.00180471

0.166357 0.0018047
0.166406 0.00180349

0.166406 0.00180349
0.166455 0.00180223

0.166455 0.00180223
0.166504 0.00180093

0.166504 0.00180093
0.166553 0.00179959

0.166553 0.00179959
0.166602 0.0017982

0.166602 0.0017982
0.16665 0.00179677

0.16665 0.00179677
0.166699 0.00179529

0.166699 0.0017953
0.166748 0.00179378

0.166748 0.00179378
0.166797 0.00179222

0.166797 0.00179222
0.166846 0.0017906

0.166846 0.0017906
0.166895 0.00178894

0.166895 0.00178894
0.166943 0.00178724

0.166943 0.00178724
0.166992 0.00178548

0.166992 0.00178548
0.167041 0.00178369

0.167041 0.00178369
0.16709 0.00178186

0.16709 0.00178186
0.167139 0.00177999

0.167139 0.00177999
0.167188 0.00177809

0.167188 0.00177808
0.167236 0.00177615

0.167236 0.00177615
0.167285 0.00177419

0.167285 0.00177418
0.167334 0.00177221

0.167334 0.0017722
0.167383 0.00177027

0.167383 0.00177024
0.167432 0.00176845

0.167432 0.00176839
0.16748 0.0017669

0.16748 0.00176683
0.167529 0.0017659

0.167529 0.0017658
0.167578 0.00176577

0.167578 0.00176563
0.167627 0.00176697

0.167627 0.00176715
0.167676 0.00176978

0.167676 0.00177053
0.167725 0.00177258

0.167766 0
0.167767 4.88281e-05

0.167767 4.88281e-05
0.167769 9.76563e-05

0.16777 9.76563e-05
0.167773 0.000146484

0.167773 0.000146484
0.167773 0.00014827

0.167773 0.00145739
0.167765 0.00146484

0.167771 0.00146484
0.167773 0.00148398

0.167725 0.00177713
0.167773 0.001768

0.167773 0.000154615
0.167777 0.000195313

0.167777 0.000195313
0.167784 0.000244141

0.167784 0.000244141
0.167793 0.000292969

0.167793 0.000292969
0.167804 0.000341797

0.167804 0.000341797
0.167816 0.000390625

0.167816 0.000390625
0.167822 0.000414772

0.167773 0.00146276
0.167787 0.00146484

0.167773 0.00149086
0.167797 0.00151367

0.167822 0.00173514
0.167782 0.00175781

0.167773 0.00177249
0.167806 0.00175781

0.167822 0.000418913
0.167827 0.000439453

0.167827 0.000439453
0.167841 0.000488281

0.167841 0.000488281
0.167857 0.000537109

0.167857 0.000537109
0.167871 0.000579994

0.167871 0.00154137
0.167865 0.0015625

0.167871 0.00157398
0.167859 0.00161133

0.167865 0.00161133
0.167856 0.00166016

0.167868 0.00166016
0.167853 0.00170898

0.167822 0.00175412
0.167864 0.00170898

0.167871 0.000580591
0.167873 0.000585938

0.167872 0.000585937
0.167888 0.000634766

0.167888 0.000634766
0.167905 0.000683594

0.167906 0.000683594
0.16792 0.000725063

0.16792 0.00145495
0.167917 0.00146484

0.167917 0.00146484
0.1679 0.00151367

0.167902 0.00151367
0.167887 0.0015625

0.167891 0.0015625
0.167876 0.00161133

0.167871 0.00164522
0.167877 0.00161133

0.167871 0.00168161
0.167876 0.00166016

0.16792 0.000725529
0.167922 0.000732422

0.167922 0.000732422
0.167937 0.00078125

0.167937 0.00078125
0.167952 0.000830078

0.167952 0.000830078
0.167965 0.000878906

0.167965 0.000878906
0.167969 0.000896736

0.167969 0.00127945
0.167959 0.00131836

0.167959 0.00131836
0.167946 0.00136719

0.167946 0.00136719
0.167934 0.00141602

0.16792 0.00146379
0.167935 0.00141602

0.167969 0.000898404
0.167975 0.000927734

0.167975 0.000927734
0.167982 0.000976562

0.167983 0.000976563
0.167988 0.00102539

0.167988 0.00102539
0.167991 0.00107422

0.167991 0.00107422
0.16799 0.00112305

0.16799 0.00112305
0.167986 0.00117187

0.167986 0.00117188
0.16798 0.0012207

0.167981 0.0012207
0.167972 0.00126953

0.167969 0.00128631
0.167973 0.00126953

0.168604 0.00100334
0.168558 0.00102539

0.168564 0.00102539
0.168604 0.00104658

0.168604 0.00100423
0.168617 0.00102539

0.168604 0.00105384
0.16862 0.00102539

0.168799 0.00123542
0.168795 0.00126953

0.168795 0.00126953
0.168799 0.00127436

0.168799 0.00124465
0.168848 0.001268

0.168799 0.00127402
0.168848 0.00127093

