0 0.00185035
4.88281e-05 0.0018493

4.88281e-05 0.00184888
9.76563e-05 0.00184655

9.76563e-05 0.00184633
0.000146484 0.00184402

0.000146484 0.00184399
0.000195313 0.00184216

0.000195313 0.0018422
0.000244141 0.00184083

0.000244141 0.00184087
0.000292969 0.00183983

0.000292969 0.00183986
0.000341797 0.00183903

0.000341797 0.00183905
0.000390625 0.00183836

0.000390625 0.00183836
0.000439453 0.00183776

0.000439453 0.00183777
0.000488281 0.00183724

0.000488281 0.00183724
0.000537109 0.00183676

0.000537109 0.00183676
0.000585938 0.00183632

0.000585937 0.00183632
0.000634766 0.00183591

0.000634766 0.00183592
0.000683594 0.00183553

0.000683594 0.00183553
0.000732422 0.00183517

0.000732422 0.00183517
0.00078125 0.00183482

0.00078125 0.00183482
0.000830078 0.00183448

0.000830078 0.00183448
0.000878906 0.00183415

0.000878906 0.00183415
0.000927734 0.00183383

0.000927734 0.00183383
0.000976562 0.00183352

0.000976563 0.00183352
0.00102539 0.00183321

0.00102539 0.00183321
0.00107422 0.00183289

0.00107422 0.00183289
0.00112305 0.00183258

0.00112305 0.00183258
0.00117187 0.00183227

0.00117188 0.00183227
0.0012207 0.00183196

0.0012207 0.00183196
0.00126953 0.00183166

0.00126953 0.00183166
0.00131836 0.00183137

0.00131836 0.00183137
0.00136719 0.0018311

0.00136719 0.0018311
0.00141602 0.00183085

0.00141602 0.00183086
0.00146484 0.00183064

0.00146484 0.00183064
0.00151367 0.00183045

0.00151367 0.00183045
0.0015625 0.00183028

0.0015625 0.00183028
0.00161133 0.00183011

0.00161133 0.00183011
0.00166016 0.00182995

0.00166016 0.00182995
0.00170898 0.0018298

0.00170898 0.0018298
0.00175781 0.00182964

0.00175781 0.00182964
0.00180664 0.00182949

0.00180664 0.00182949
0.00185547 0.00182934

0.00185547 0.00182934
0.0019043 0.0018292

0.0019043 0.0018292
0.00195312 0.00182907

0.00195312 0.00182907
0.00200195 0.00182895

0.00200195 0.00182895
0.00205078 0.00182883

0.00205078 0.00182883
0.00209961 0.00182872

0.00209961 0.00182872
0.00214844 0.00182861

0.00214844 0.00182861
0.00219727 0.00182851

0.00219727 0.00182851
0.00224609 0.00182841

0.00224609 0.00182841
0.00229492 0.00182832

0.00229492 0.00182832
0.00234375 0.00182823

0.00234375 0.00182823
0.00239258 0.00182815

0.00239258 0.00182815
0.00244141 0.00182807

0.00244141 0.00182807
0.00249023 0.001828

0.00249023 0.001828
0.00253906 0.00182793

0.00253906 0.00182793
0.00258789 0.00182787

0.00258789 0.00182787
0.00263672 0.00182781

0.00263672 0.00182781
0.00268555 0.00182776

0.00268555 0.00182776
0.00273438 0.00182772

0.00273438 0.00182772
0.0027832 0.00182768

0.0027832 0.00182768
0.00283203 0.00182764

0.00283203 0.00182764
0.00288086 0.00182761

0.00288086 0.00182761
0.00292969 0.00182758

0.00292969 0.00182758
0.00297852 0.00182756

0.00297852 0.00182756
0.00302734 0.00182754

0.00302734 0.00182754
0.00307617 0.00182751

0.00307617 0.00182752
0.003125 0.00182749

0.003125 0.00182749
0.00317383 0.00182748

0.00317383 0.00182748
0.00322266 0.00182746

0.00322266 0.00182746
0.00327148 0.00182744

0.00327148 0.00182744
0.00332031 0.00182742

0.00332031 0.00182742
0.00336914 0.00182741

0.00336914 0.00182741
0.00341797 0.0018274

0.00341797 0.0018274
0.0034668 0.00182739

0.0034668 0.00182739
0.00351563 0.00182738

0.00351563 0.00182738
0.00356445 0.00182737

0.00356445 0.00182737
0.00361328 0.00182737

0.00361328 0.00182737
0.00366211 0.00182737

0.00366211 0.00182737
0.00371094 0.00182737

0.00371094 0.00182737
0.00375977 0.00182737

0.00375977 0.00182737
0.00380859 0.00182738

0.00380859 0.00182738
0.00385742 0.00182739

0.00385742 0.00182739
0.00390625 0.0018274

0.00390625 0.0018274
0.00395508 0.00182741

0.00395508 0.00182741
0.00400391 0.00182743

0.00400391 0.00182743
0.00405273 0.00182744

0.00405273 0.00182744
0.00410156 0.00182746

0.00410156 0.00182746
0.00415039 0.00182748

0.00415039 0.00182748
0.00419922 0.00182749

0.00419922 0.00182749
0.00424805 0.00182751

0.00424805 0.00182751
0.00429688 0.00182753

0.00429687 0.00182753
0.0043457 0.00182755

0.0043457 0.00182755
0.00439453 0.00182756

0.00439453 0.00182756
0.00444336 0.00182758

0.00444336 0.00182758
0.00449219 0.0018276

0.00449219 0.0018276
0.00454102 0.00182762

0.00454102 0.00182762
0.00458984 0.00182765

0.00458984 0.00182765
0.00463867 0.00182767

0.00463867 0.00182767
0.0046875 0.00182769

0.0046875 0.00182769
0.00473633 0.00182771

0.00473633 0.00182771
0.00478516 0.00182774

0.00478516 0.00182774
0.00483398 0.00182776

0.00483398 0.00182776
0.00488281 0.00182779

0.00488281 0.00182779
0.00493164 0.00182782

0.00493164 0.00182782
0.00498047 0.00182785

0.00498047 0.00182785
0.0050293 0.00182788

0.0050293 0.00182788
0.00507813 0.00182791

0.00507813 0.00182791
0.00512695 0.00182794

0.00512695 0.00182794
0.00517578 0.00182797

0.00517578 0.00182797
0.00522461 0.001828

0.00522461 0.001828
0.00527344 0.00182803

0.00527344 0.00182803
0.00532227 0.00182806

0.00532227 0.00182806
0.00537109 0.00182809

0.00537109 0.00182809
0.00541992 0.00182811

0.00541992 0.00182811
0.00546875 0.00182814

0.00546875 0.00182814
0.00551758 0.00182816

0.00551758 0.00182816
0.00556641 0.00182818

0.00556641 0.00182818
0.00561523 0.0018282

0.00561523 0.0018282
0.00566406 0.00182821

0.00566406 0.00182821
0.00571289 0.00182823

0.00571289 0.00182823
0.00576172 0.00182824

0.00576172 0.00182824
0.00581055 0.00182825

0.00581055 0.00182825
0.00585938 0.00182827

0.00585938 0.00182827
0.0059082 0.00182828

0.0059082 0.00182828
0.00595703 0.00182829

0.00595703 0.00182829
0.00600586 0.0018283

0.00600586 0.0018283
0.00605469 0.00182831

0.00605469 0.00182831
0.00610352 0.00182832

0.00610352 0.00182832
0.00615234 0.00182834

0.00615234 0.00182834
0.00620117 0.00182835

0.00620117 0.00182835
0.00625 0.00182836

0.00625 0.00182836
0.00629883 0.00182837

0.00629883 0.00182837
0.00634766 0.00182838

0.00634766 0.00182838
0.00639648 0.00182839

0.00639648 0.00182839
0.00644531 0.0018284

0.00644531 0.0018284
0.00649414 0.00182841

0.00649414 0.00182841
0.00654297 0.00182842

0.00654297 0.00182842
0.0065918 0.00182843

0.0065918 0.00182843
0.00664063 0.00182844

0.00664062 0.00182844
0.00668945 0.00182844

0.00668945 0.00182844
0.00673828 0.00182845

0.00673828 0.00182845
0.00678711 0.00182845

0.00678711 0.00182845
0.00683594 0.00182845

0.00683594 0.00182845
0.00688477 0.00182846

0.00688477 0.00182846
0.00693359 0.00182846

0.00693359 0.00182846
0.00698242 0.00182846

0.00698242 0.00182846
0.00703125 0.00182846

0.00703125 0.00182846
0.00708008 0.00182846

0.00708008 0.00182846
0.00712891 0.00182846

0.00712891 0.00182846
0.00717773 0.00182846

0.00717773 0.00182846
0.00722656 0.00182846

0.00722656 0.00182846
0.00727539 0.00182846

0.00727539 0.00182846
0.00732422 0.00182847

0.00732422 0.00182847
0.00737305 0.00182847

0.00737305 0.00182847
0.00742188 0.00182847

0.00742187 0.00182847
0.0074707 0.00182848

0.0074707 0.00182848
0.00751953 0.00182848

0.00751953 0.00182848
0.00756836 0.00182848

0.00756836 0.00182848
0.00761719 0.00182849

0.00761719 0.00182849
0.00766602 0.00182849

0.00766602 0.00182849
0.00771484 0.0018285

0.00771484 0.0018285
0.00776367 0.0018285

0.00776367 0.0018285
0.0078125 0.0018285

0.0078125 0.0018285
0.00786133 0.00182851

0.00786133 0.00182851
0.00791016 0.00182851

0.00791016 0.00182851
0.00795898 0.00182851

0.00795898 0.00182851
0.00800781 0.00182851

0.00800781 0.00182851
0.00805664 0.00182851

0.00805664 0.00182851
0.00810547 0.0018285

0.00810547 0.0018285
0.0081543 0.0018285

0.0081543 0.0018285
0.00820313 0.00182849

0.00820313 0.00182849
0.00825195 0.00182849

0.00825195 0.00182849
0.00830078 0.00182848

0.00830078 0.00182848
0.00834961 0.00182847

0.00834961 0.00182847
0.00839844 0.00182846

0.00839844 0.00182846
0.00844727 0.00182845

0.00844727 0.00182845
0.00849609 0.00182844

0.00849609 0.00182844
0.00854492 0.00182843

0.00854492 0.00182843
0.00859375 0.00182842

0.00859375 0.00182842
0.00864258 0.00182841

0.00864258 0.00182841
0.00869141 0.00182841

0.00869141 0.00182841
0.00874023 0.0018284

0.00874023 0.0018284
0.00878906 0.00182839

0.00878906 0.00182839
0.00883789 0.00182838

0.00883789 0.00182838
0.00888672 0.00182837

0.00888672 0.00182837
0.00893555 0.00182836

0.00893555 0.00182836
0.00898438 0.00182836

0.00898437 0.00182836
0.0090332 0.00182835

0.0090332 0.00182835
0.00908203 0.00182834

0.00908203 0.00182834
0.00913086 0.00182833

0.00913086 0.00182833
0.00917969 0.00182833

0.00917969 0.00182833
0.00922852 0.00182832

0.00922852 0.00182832
0.00927734 0.00182831

0.00927734 0.00182831
0.00932617 0.0018283

0.00932617 0.0018283
0.009375 0.0018283

0.009375 0.0018283
0.00942383 0.00182829

0.00942383 0.00182829
0.00947266 0.00182828

0.00947266 0.00182828
0.00952148 0.00182827

0.00952148 0.00182827
0.00957031 0.00182826

0.00957031 0.00182826
0.00961914 0.00182826

0.00961914 0.00182826
0.00966797 0.00182825

0.00966797 0.00182825
0.0097168 0.00182825

0.0097168 0.00182825
0.00976563 0.00182824

0.00976562 0.00182824
0.00981445 0.00182824

0.00981445 0.00182824
0.00986328 0.00182823

0.00986328 0.00182823
0.00991211 0.00182823

0.00991211 0.00182823
0.00996094 0.00182823

0.00996094 0.00182823
0.0100098 0.00182823

0.0100098 0.00182823
0.0100586 0.00182823

0.0100586 0.00182823
0.0101074 0.00182823

0.0101074 0.00182823
0.0101563 0.00182823

0.0101563 0.00182823
0.0102051 0.00182823

0.0102051 0.00182823
0.0102539 0.00182823

0.0102539 0.00182823
0.0103027 0.00182823

0.0103027 0.00182823
0.0103516 0.00182823

0.0103516 0.00182823
0.0104004 0.00182823

0.0104004 0.00182823
0.0104492 0.00182824

0.0104492 0.00182824
0.010498 0.00182824

0.010498 0.00182824
0.0105469 0.00182824

0.0105469 0.00182824
0.0105957 0.00182823

0.0105957 0.00182823
0.0106445 0.00182823

0.0106445 0.00182823
0.0106934 0.00182823

0.0106934 0.00182823
0.0107422 0.00182823

0.0107422 0.00182823
0.010791 0.00182822

0.010791 0.00182822
0.0108398 0.00182822

0.0108398 0.00182822
0.0108887 0.00182822

0.0108887 0.00182822
0.0109375 0.00182821

0.0109375 0.00182821
0.0109863 0.00182821

0.0109863 0.00182821
0.0110352 0.0018282

0.0110352 0.0018282
0.011084 0.0018282

0.011084 0.0018282
0.0111328 0.0018282

0.0111328 0.0018282
0.0111816 0.00182819

0.0111816 0.00182819
0.0112305 0.00182819

0.0112305 0.00182819
0.0112793 0.00182819

0.0112793 0.00182819
0.0113281 0.00182819

0.0113281 0.00182819
0.011377 0.00182819

0.011377 0.00182819
0.0114258 0.00182819

0.0114258 0.00182819
0.0114746 0.00182819

0.0114746 0.00182819
0.0115234 0.00182819

0.0115234 0.00182819
0.0115723 0.0018282

0.0115723 0.0018282
0.0116211 0.0018282

0.0116211 0.0018282
0.0116699 0.00182821

0.0116699 0.00182821
0.0117188 0.00182821

0.0117188 0.00182821
0.0117676 0.00182822

0.0117676 0.00182822
0.0118164 0.00182823

0.0118164 0.00182823
0.0118652 0.00182824

0.0118652 0.00182824
0.0119141 0.00182825

0.0119141 0.00182825
0.0119629 0.00182826

0.0119629 0.00182826
0.0120117 0.00182827

0.0120117 0.00182827
0.0120605 0.00182829

0.0120605 0.00182829
0.0121094 0.0018283

0.0121094 0.0018283
0.0121582 0.00182831

0.0121582 0.00182831
0.012207 0.00182833

0.012207 0.00182833
0.0122559 0.00182834

0.0122559 0.00182834
0.0123047 0.00182836

0.0123047 0.00182836
0.0123535 0.00182838

0.0123535 0.00182838
0.0124023 0.0018284

0.0124023 0.0018284
0.0124512 0.00182842

0.0124512 0.00182842
0.0125 0.00182844

0.0125 0.00182844
0.0125488 0.00182846

0.0125488 0.00182846
0.0125977 0.00182848

0.0125977 0.00182848
0.0126465 0.0018285

0.0126465 0.0018285
0.0126953 0.00182852

0.0126953 0.00182852
0.0127441 0.00182855

0.0127441 0.00182855
0.012793 0.00182857

0.012793 0.00182857
0.0128418 0.00182859

0.0128418 0.00182859
0.0128906 0.00182862

0.0128906 0.00182862
0.0129395 0.00182864

0.0129395 0.00182864
0.0129883 0.00182866

0.0129883 0.00182866
0.0130371 0.00182869

0.0130371 0.00182869
0.0130859 0.00182871

0.0130859 0.00182871
0.0131348 0.00182873

0.0131348 0.00182873
0.0131836 0.00182875

0.0131836 0.00182875
0.0132324 0.00182877

0.0132324 0.00182877
0.0132813 0.00182878

0.0132812 0.00182878
0.0133301 0.0018288

0.0133301 0.0018288
0.0133789 0.00182881

0.0133789 0.00182881
0.0134277 0.00182883

0.0134277 0.00182883
0.0134766 0.00182884

0.0134766 0.00182884
0.0135254 0.00182885

0.0135254 0.00182885
0.0135742 0.00182886

0.0135742 0.00182886
0.013623 0.00182887

0.013623 0.00182887
0.0136719 0.00182888

0.0136719 0.00182888
0.0137207 0.00182888

0.0137207 0.00182888
0.0137695 0.00182889

0.0137695 0.00182889
0.0138184 0.00182889

0.0138184 0.00182889
0.0138672 0.00182889

0.0138672 0.00182889
0.013916 0.0018289

0.013916 0.0018289
0.0139648 0.0018289

0.0139648 0.0018289
0.0140137 0.0018289

0.0140137 0.0018289
0.0140625 0.0018289

0.0140625 0.0018289
0.0141113 0.0018289

0.0141113 0.0018289
0.0141602 0.00182889

0.0141602 0.00182889
0.014209 0.00182889

0.014209 0.00182889
0.0142578 0.00182889

0.0142578 0.00182889
0.0143066 0.00182888

0.0143066 0.00182888
0.0143555 0.00182887

0.0143555 0.00182887
0.0144043 0.00182887

0.0144043 0.00182887
0.0144531 0.00182886

0.0144531 0.00182886
0.014502 0.00182885

0.014502 0.00182885
0.0145508 0.00182884

0.0145508 0.00182884
0.0145996 0.00182882

0.0145996 0.00182882
0.0146484 0.00182881

0.0146484 0.00182881
0.0146973 0.0018288

0.0146973 0.0018288
0.0147461 0.00182878

0.0147461 0.00182878
0.0147949 0.00182876

0.0147949 0.00182876
0.0148438 0.00182875

0.0148438 0.00182875
0.0148926 0.00182873

0.0148926 0.00182873
0.0149414 0.00182871

0.0149414 0.00182871
0.0149902 0.00182869

0.0149902 0.00182869
0.0150391 0.00182867

0.0150391 0.00182867
0.0150879 0.00182865

0.0150879 0.00182865
0.0151367 0.00182863

0.0151367 0.00182863
0.0151855 0.00182861

0.0151855 0.00182861
0.0152344 0.00182859

0.0152344 0.00182859
0.0152832 0.00182858

0.0152832 0.00182858
0.015332 0.00182856

0.015332 0.00182856
0.0153809 0.00182854

0.0153809 0.00182854
0.0154297 0.00182852

0.0154297 0.00182852
0.0154785 0.0018285

0.0154785 0.0018285
0.0155273 0.00182849

0.0155273 0.00182849
0.0155762 0.00182847

0.0155762 0.00182847
0.015625 0.00182845

0.015625 0.00182845
0.0156738 0.00182844

0.0156738 0.00182844
0.0157227 0.00182842

0.0157227 0.00182842
0.0157715 0.0018284

0.0157715 0.0018284
0.0158203 0.00182839

0.0158203 0.00182839
0.0158691 0.00182837

0.0158691 0.00182837
0.015918 0.00182836

0.015918 0.00182836
0.0159668 0.00182834

0.0159668 0.00182834
0.0160156 0.00182833

0.0160156 0.00182833
0.0160645 0.00182832

0.0160645 0.00182832
0.0161133 0.00182831

0.0161133 0.00182831
0.0161621 0.0018283

0.0161621 0.0018283
0.0162109 0.00182829

0.0162109 0.00182829
0.0162598 0.00182828

0.0162598 0.00182828
0.0163086 0.00182827

0.0163086 0.00182827
0.0163574 0.00182826

0.0163574 0.00182826
0.0164063 0.00182826

0.0164063 0.00182826
0.0164551 0.00182825

0.0164551 0.00182825
0.0165039 0.00182825

0.0165039 0.00182825
0.0165527 0.00182824

0.0165527 0.00182824
0.0166016 0.00182824

0.0166016 0.00182824
0.0166504 0.00182824

0.0166504 0.00182824
0.0166992 0.00182824

0.0166992 0.00182824
0.016748 0.00182824

0.016748 0.00182824
0.0167969 0.00182824

0.0167969 0.00182824
0.0168457 0.00182824

0.0168457 0.00182824
0.0168945 0.00182824

0.0168945 0.00182824
0.0169434 0.00182825

0.0169434 0.00182825
0.0169922 0.00182825

0.0169922 0.00182825
0.017041 0.00182825

0.017041 0.00182825
0.0170898 0.00182825

0.0170898 0.00182825
0.0171387 0.00182826

0.0171387 0.00182826
0.0171875 0.00182826

0.0171875 0.00182826
0.0172363 0.00182826

0.0172363 0.00182826
0.0172852 0.00182826

0.0172852 0.00182826
0.017334 0.00182826

0.017334 0.00182826
0.0173828 0.00182826

0.0173828 0.00182826
0.0174316 0.00182827

0.0174316 0.00182827
0.0174805 0.00182827

0.0174805 0.00182827
0.0175293 0.00182827

0.0175293 0.00182827
0.0175781 0.00182827

0.0175781 0.00182827
0.017627 0.00182827

0.017627 0.00182827
0.0176758 0.00182827

0.0176758 0.00182827
0.0177246 0.00182827

0.0177246 0.00182827
0.0177734 0.00182828

0.0177734 0.00182828
0.0178223 0.00182828

0.0178223 0.00182828
0.0178711 0.00182828

0.0178711 0.00182828
0.0179199 0.00182828

0.0179199 0.00182828
0.0179687 0.00182828

0.0179688 0.00182828
0.0180176 0.00182828

0.0180176 0.00182828
0.0180664 0.00182828

0.0180664 0.00182828
0.0181152 0.00182828

0.0181152 0.00182828
0.0181641 0.00182828

0.0181641 0.00182828
0.0182129 0.00182828

0.0182129 0.00182828
0.0182617 0.00182827

0.0182617 0.00182827
0.0183105 0.00182827

0.0183105 0.00182827
0.0183594 0.00182827

0.0183594 0.00182827
0.0184082 0.00182826

0.0184082 0.00182826
0.018457 0.00182826

0.018457 0.00182826
0.0185059 0.00182826

0.0185059 0.00182826
0.0185547 0.00182825

0.0185547 0.00182825
0.0186035 0.00182825

0.0186035 0.00182825
0.0186523 0.00182825

0.0186523 0.00182825
0.0187012 0.00182825

0.0187012 0.00182825
0.01875 0.00182824

0.01875 0.00182824
0.0187988 0.00182824

0.0187988 0.00182824
0.0188477 0.00182824

0.0188477 0.00182824
0.0188965 0.00182824

0.0188965 0.00182824
0.0189453 0.00182824

0.0189453 0.00182824
0.0189941 0.00182824

0.0189941 0.00182824
0.019043 0.00182825

0.019043 0.00182825
0.0190918 0.00182825

0.0190918 0.00182825
0.0191406 0.00182826

0.0191406 0.00182826
0.0191895 0.00182826

0.0191895 0.00182826
0.0192383 0.00182827

0.0192383 0.00182827
0.0192871 0.00182827

0.0192871 0.00182827
0.0193359 0.00182828

0.0193359 0.00182828
0.0193848 0.00182829

0.0193848 0.00182829
0.0194336 0.0018283

0.0194336 0.0018283
0.0194824 0.00182831

0.0194824 0.00182831
0.0195312 0.00182832

0.0195313 0.00182832
0.0195801 0.00182833

0.0195801 0.00182833
0.0196289 0.00182834

0.0196289 0.00182834
0.0196777 0.00182835

0.0196777 0.00182835
0.0197266 0.00182836

0.0197266 0.00182836
0.0197754 0.00182837

0.0197754 0.00182837
0.0198242 0.00182838

0.0198242 0.00182838
0.019873 0.00182839

0.019873 0.00182839
0.0199219 0.00182841

0.0199219 0.00182841
0.0199707 0.00182842

0.0199707 0.00182842
0.0200195 0.00182844

0.0200195 0.00182844
0.0200684 0.00182845

0.0200684 0.00182845
0.0201172 0.00182847

0.0201172 0.00182847
0.020166 0.00182849

0.020166 0.00182849
0.0202148 0.00182851

0.0202148 0.00182851
0.0202637 0.00182853

0.0202637 0.00182853
0.0203125 0.00182855

0.0203125 0.00182855
0.0203613 0.00182857

0.0203613 0.00182857
0.0204102 0.0018286

0.0204102 0.0018286
0.020459 0.00182862

0.020459 0.00182862
0.0205078 0.00182865

0.0205078 0.00182865
0.0205566 0.00182867

0.0205566 0.00182867
0.0206055 0.0018287

0.0206055 0.0018287
0.0206543 0.00182873

0.0206543 0.00182873
0.0207031 0.00182876

0.0207031 0.00182876
0.020752 0.00182879

0.020752 0.00182879
0.0208008 0.00182882

0.0208008 0.00182882
0.0208496 0.00182885

0.0208496 0.00182885
0.0208984 0.00182889

0.0208984 0.00182889
0.0209473 0.00182892

0.0209473 0.00182892
0.0209961 0.00182895

0.0209961 0.00182895
0.0210449 0.00182899

0.0210449 0.00182899
0.0210938 0.00182902

0.0210938 0.00182902
0.0211426 0.00182906

0.0211426 0.00182906
0.0211914 0.00182909

0.0211914 0.00182909
0.0212402 0.00182913

0.0212402 0.00182913
0.0212891 0.00182917

0.0212891 0.00182917
0.0213379 0.0018292

0.0213379 0.0018292
0.0213867 0.00182924

0.0213867 0.00182924
0.0214355 0.00182928

0.0214355 0.00182928
0.0214844 0.00182932

0.0214844 0.00182932
0.0215332 0.00182936

0.0215332 0.00182936
0.021582 0.0018294

0.021582 0.0018294
0.0216309 0.00182944

0.0216309 0.00182944
0.0216797 0.00182948

0.0216797 0.00182948
0.0217285 0.00182952

0.0217285 0.00182952
0.0217773 0.00182957

0.0217773 0.00182957
0.0218262 0.00182961

0.0218262 0.00182961
0.021875 0.00182965

0.021875 0.00182965
0.0219238 0.0018297

0.0219238 0.0018297
0.0219727 0.00182974

0.0219727 0.00182974
0.0220215 0.00182978

0.0220215 0.00182978
0.0220703 0.00182983

0.0220703 0.00182983
0.0221191 0.00182987

0.0221191 0.00182987
0.022168 0.00182992

0.022168 0.00182992
0.0222168 0.00182996

0.0222168 0.00182996
0.0222656 0.00183001

0.0222656 0.00183001
0.0223145 0.00183006

0.0223145 0.00183006
0.0223633 0.0018301

0.0223633 0.0018301
0.0224121 0.00183015

0.0224121 0.00183015
0.0224609 0.00183019

0.0224609 0.00183019
0.0225098 0.00183024

0.0225098 0.00183024
0.0225586 0.00183028

0.0225586 0.00183028
0.0226074 0.00183033

0.0226074 0.00183033
0.0226562 0.00183037

0.0226563 0.00183037
0.0227051 0.00183042

0.0227051 0.00183042
0.0227539 0.00183046

0.0227539 0.00183046
0.0228027 0.00183051

0.0228027 0.00183051
0.0228516 0.00183055

0.0228516 0.00183055
0.0229004 0.00183059

0.0229004 0.00183059
0.0229492 0.00183064

0.0229492 0.00183064
0.022998 0.00183068

0.022998 0.00183068
0.0230469 0.00183072

0.0230469 0.00183072
0.0230957 0.00183076

0.0230957 0.00183076
0.0231445 0.0018308

0.0231445 0.0018308
0.0231934 0.00183084

0.0231934 0.00183084
0.0232422 0.00183088

0.0232422 0.00183088
0.023291 0.00183092

0.023291 0.00183092
0.0233398 0.00183096

0.0233398 0.00183096
0.0233887 0.00183099

0.0233887 0.00183099
0.0234375 0.00183103

0.0234375 0.00183103
0.0234863 0.00183106

0.0234863 0.00183106
0.0235352 0.0018311

0.0235352 0.0018311
0.023584 0.00183113

0.023584 0.00183113
0.0236328 0.00183116

0.0236328 0.00183116
0.0236816 0.00183119

0.0236816 0.00183119
0.0237305 0.00183122

0.0237305 0.00183122
0.0237793 0.00183125

0.0237793 0.00183125
0.0238281 0.00183128

0.0238281 0.00183128
0.023877 0.0018313

0.023877 0.0018313
0.0239258 0.00183133

0.0239258 0.00183133
0.0239746 0.00183135

0.0239746 0.00183135
0.0240234 0.00183137

0.0240234 0.00183137
0.0240723 0.00183139

0.0240723 0.00183139
0.0241211 0.00183141

0.0241211 0.00183141
0.0241699 0.00183143

0.0241699 0.00183143
0.0242188 0.00183145

0.0242188 0.00183145
0.0242676 0.00183146

0.0242676 0.00183146
0.0243164 0.00183148

0.0243164 0.00183148
0.0243652 0.00183149

0.0243652 0.00183149
0.0244141 0.0018315

0.0244141 0.0018315
0.0244629 0.00183151

0.0244629 0.00183151
0.0245117 0.00183152

0.0245117 0.00183152
0.0245605 0.00183153

0.0245605 0.00183153
0.0246094 0.00183153

0.0246094 0.00183153
0.0246582 0.00183154

0.0246582 0.00183154
0.024707 0.00183154

0.024707 0.00183154
0.0247559 0.00183154

0.0247559 0.00183154
0.0248047 0.00183154

0.0248047 0.00183154
0.0248535 0.00183154

0.0248535 0.00183154
0.0249023 0.00183154

0.0249023 0.00183154
0.0249512 0.00183154

0.0249512 0.00183154
0.025 0.00183153

0.025 0.00183153
0.0250488 0.00183153

0.0250488 0.00183153
0.0250977 0.00183152

0.0250977 0.00183152
0.0251465 0.00183151

0.0251465 0.00183151
0.0251953 0.00183151

0.0251953 0.00183151
0.0252441 0.0018315

0.0252441 0.0018315
0.025293 0.00183148

0.025293 0.00183148
0.0253418 0.00183147

0.0253418 0.00183147
0.0253906 0.00183146

0.0253906 0.00183146
0.0254395 0.00183145

0.0254395 0.00183145
0.0254883 0.00183143

0.0254883 0.00183143
0.0255371 0.00183142

0.0255371 0.00183142
0.0255859 0.0018314

0.0255859 0.0018314
0.0256348 0.00183138

0.0256348 0.00183138
0.0256836 0.00183137

0.0256836 0.00183137
0.0257324 0.00183135

0.0257324 0.00183135
0.0257812 0.00183133

0.0257813 0.00183133
0.0258301 0.00183131

0.0258301 0.00183131
0.0258789 0.0018313

0.0258789 0.0018313
0.0259277 0.00183128

0.0259277 0.00183128
0.0259766 0.00183126

0.0259766 0.00183126
0.0260254 0.00183124

0.0260254 0.00183124
0.0260742 0.00183122

0.0260742 0.00183122
0.026123 0.0018312

0.026123 0.0018312
0.0261719 0.00183118

0.0261719 0.00183118
0.0262207 0.00183116

0.0262207 0.00183116
0.0262695 0.00183114

0.0262695 0.00183114
0.0263184 0.00183112

0.0263184 0.00183112
0.0263672 0.0018311

0.0263672 0.0018311
0.026416 0.00183108

0.026416 0.00183108
0.0264648 0.00183106

0.0264648 0.00183106
0.0265137 0.00183104

0.0265137 0.00183104
0.0265625 0.00183102

0.0265625 0.00183102
0.0266113 0.00183101

0.0266113 0.00183101
0.0266602 0.00183099

0.0266602 0.00183099
0.026709 0.00183097

0.026709 0.00183097
0.0267578 0.00183095

0.0267578 0.00183095
0.0268066 0.00183094

0.0268066 0.00183094
0.0268555 0.00183092

0.0268555 0.00183092
0.0269043 0.00183091

0.0269043 0.00183091
0.0269531 0.0018309

0.0269531 0.0018309
0.027002 0.00183088

0.027002 0.00183088
0.0270508 0.00183087

0.0270508 0.00183087
0.0270996 0.00183086

0.0270996 0.00183086
0.0271484 0.00183085

0.0271484 0.00183085
0.0271973 0.00183085

0.0271973 0.00183085
0.0272461 0.00183084

0.0272461 0.00183084
0.0272949 0.00183084

0.0272949 0.00183084
0.0273438 0.00183083

0.0273438 0.00183083
0.0273926 0.00183083

0.0273926 0.00183083
0.0274414 0.00183083

0.0274414 0.00183083
0.0274902 0.00183083

0.0274902 0.00183083
0.0275391 0.00183083

0.0275391 0.00183083
0.0275879 0.00183083

0.0275879 0.00183083
0.0276367 0.00183084

0.0276367 0.00183084
0.0276855 0.00183085

0.0276855 0.00183085
0.0277344 0.00183085

0.0277344 0.00183085
0.0277832 0.00183086

0.0277832 0.00183086
0.027832 0.00183087

0.027832 0.00183087
0.0278809 0.00183089

0.0278809 0.00183089
0.0279297 0.0018309

0.0279297 0.0018309
0.0279785 0.00183091

0.0279785 0.00183091
0.0280273 0.00183093

0.0280273 0.00183093
0.0280762 0.00183095

0.0280762 0.00183095
0.028125 0.00183097

0.028125 0.00183097
0.0281738 0.00183099

0.0281738 0.00183099
0.0282227 0.00183101

0.0282227 0.00183101
0.0282715 0.00183103

0.0282715 0.00183103
0.0283203 0.00183106

0.0283203 0.00183106
0.0283691 0.00183108

0.0283691 0.00183108
0.028418 0.00183111

0.028418 0.00183111
0.0284668 0.00183114

0.0284668 0.00183114
0.0285156 0.00183117

0.0285156 0.00183117
0.0285645 0.00183119

0.0285645 0.00183119
0.0286133 0.00183122

0.0286133 0.00183122
0.0286621 0.00183125

0.0286621 0.00183125
0.0287109 0.00183129

0.0287109 0.00183129
0.0287598 0.00183132

0.0287598 0.00183132
0.0288086 0.00183135

0.0288086 0.00183135
0.0288574 0.00183138

0.0288574 0.00183138
0.0289063 0.00183141

0.0289063 0.00183141
0.0289551 0.00183144

0.0289551 0.00183144
0.0290039 0.00183147

0.0290039 0.00183147
0.0290527 0.0018315

0.0290527 0.0018315
0.0291016 0.00183153

0.0291016 0.00183153
0.0291504 0.00183156

0.0291504 0.00183156
0.0291992 0.00183158

0.0291992 0.00183158
0.029248 0.00183161

0.029248 0.00183161
0.0292969 0.00183163

0.0292969 0.00183163
0.0293457 0.00183166

0.0293457 0.00183166
0.0293945 0.00183168

0.0293945 0.00183168
0.0294434 0.0018317

0.0294434 0.0018317
0.0294922 0.00183172

0.0294922 0.00183172
0.029541 0.00183174

0.029541 0.00183174
0.0295898 0.00183175

0.0295898 0.00183175
0.0296387 0.00183177

0.0296387 0.00183177
0.0296875 0.00183178

0.0296875 0.00183178
0.0297363 0.00183179

0.0297363 0.00183179
0.0297852 0.0018318

0.0297852 0.0018318
0.029834 0.00183181

0.029834 0.00183181
0.0298828 0.00183181

0.0298828 0.00183181
0.0299316 0.00183181

0.0299316 0.00183181
0.0299805 0.00183181

0.0299805 0.00183181
0.0300293 0.00183181

0.0300293 0.00183181
0.0300781 0.00183181

0.0300781 0.00183181
0.030127 0.0018318

0.030127 0.0018318
0.0301758 0.00183179

0.0301758 0.00183179
0.0302246 0.00183178

0.0302246 0.00183178
0.0302734 0.00183177

0.0302734 0.00183177
0.0303223 0.00183176

0.0303223 0.00183176
0.0303711 0.00183174

0.0303711 0.00183174
0.0304199 0.00183172

0.0304199 0.00183172
0.0304687 0.0018317

0.0304688 0.0018317
0.0305176 0.00183168

0.0305176 0.00183168
0.0305664 0.00183165

0.0305664 0.00183165
0.0306152 0.00183163

0.0306152 0.00183163
0.0306641 0.0018316

0.0306641 0.0018316
0.0307129 0.00183157

0.0307129 0.00183157
0.0307617 0.00183154

0.0307617 0.00183154
0.0308105 0.00183151

0.0308105 0.00183151
0.0308594 0.00183148

0.0308594 0.00183148
0.0309082 0.00183145

0.0309082 0.00183145
0.030957 0.00183141

0.030957 0.00183141
0.0310059 0.00183138

0.0310059 0.00183138
0.0310547 0.00183135

0.0310547 0.00183135
0.0311035 0.00183131

0.0311035 0.00183131
0.0311523 0.00183128

0.0311523 0.00183128
0.0312012 0.00183124

0.0312012 0.00183124
0.03125 0.00183121

0.03125 0.00183121
0.0312988 0.00183118

0.0312988 0.00183118
0.0313477 0.00183115

0.0313477 0.00183115
0.0313965 0.00183111

0.0313965 0.00183111
0.0314453 0.00183108

0.0314453 0.00183108
0.0314941 0.00183105

0.0314941 0.00183105
0.031543 0.00183103

0.031543 0.00183103
0.0315918 0.001831

0.0315918 0.001831
0.0316406 0.00183097

0.0316406 0.00183097
0.0316895 0.00183095

0.0316895 0.00183095
0.0317383 0.00183092

0.0317383 0.00183092
0.0317871 0.0018309

0.0317871 0.0018309
0.0318359 0.00183088

0.0318359 0.00183088
0.0318848 0.00183086

0.0318848 0.00183086
0.0319336 0.00183085

0.0319336 0.00183085
0.0319824 0.00183083

0.0319824 0.00183083
0.0320312 0.00183082

0.0320313 0.00183082
0.0320801 0.00183081

0.0320801 0.00183081
0.0321289 0.0018308

0.0321289 0.0018308
0.0321777 0.00183079

0.0321777 0.00183079
0.0322266 0.00183078

0.0322266 0.00183078
0.0322754 0.00183078

0.0322754 0.00183078
0.0323242 0.00183077

0.0323242 0.00183077
0.032373 0.00183077

0.032373 0.00183077
0.0324219 0.00183077

0.0324219 0.00183077
0.0324707 0.00183076

0.0324707 0.00183076
0.0325195 0.00183076

0.0325195 0.00183076
0.0325684 0.00183076

0.0325684 0.00183076
0.0326172 0.00183076

0.0326172 0.00183076
0.032666 0.00183076

0.032666 0.00183076
0.0327148 0.00183076

0.0327148 0.00183076
0.0327637 0.00183076

0.0327637 0.00183076
0.0328125 0.00183076

0.0328125 0.00183076
0.0328613 0.00183075

0.0328613 0.00183076
0.0329102 0.00183075

0.0329102 0.00183075
0.032959 0.00183075

0.032959 0.00183075
0.0330078 0.00183074

0.0330078 0.00183074
0.0330566 0.00183073

0.0330566 0.00183073
0.0331055 0.00183072

0.0331055 0.00183072
0.0331543 0.00183071

0.0331543 0.00183071
0.0332031 0.0018307

0.0332031 0.0018307
0.033252 0.00183068

0.033252 0.00183068
0.0333008 0.00183066

0.0333008 0.00183066
0.0333496 0.00183064

0.0333496 0.00183064
0.0333984 0.00183061

0.0333984 0.00183061
0.0334473 0.00183059

0.0334473 0.00183059
0.0334961 0.00183056

0.0334961 0.00183056
0.0335449 0.00183053

0.0335449 0.00183053
0.0335937 0.00183049

0.0335938 0.00183049
0.0336426 0.00183046

0.0336426 0.00183046
0.0336914 0.00183042

0.0336914 0.00183042
0.0337402 0.00183037

0.0337402 0.00183037
0.0337891 0.00183033

0.0337891 0.00183033
0.0338379 0.00183028

0.0338379 0.00183028
0.0338867 0.00183024

0.0338867 0.00183024
0.0339355 0.00183019

0.0339355 0.00183019
0.0339844 0.00183014

0.0339844 0.00183014
0.0340332 0.00183009

0.0340332 0.00183009
0.034082 0.00183003

0.034082 0.00183003
0.0341309 0.00182998

0.0341309 0.00182998
0.0341797 0.00182993

0.0341797 0.00182993
0.0342285 0.00182987

0.0342285 0.00182987
0.0342773 0.00182982

0.0342773 0.00182982
0.0343262 0.00182977

0.0343262 0.00182977
0.034375 0.00182971

0.034375 0.00182971
0.0344238 0.00182966

0.0344238 0.00182966
0.0344727 0.00182961

0.0344727 0.00182961
0.0345215 0.00182956

0.0345215 0.00182956
0.0345703 0.00182951

0.0345703 0.00182951
0.0346191 0.00182946

0.0346191 0.00182946
0.034668 0.00182941

0.034668 0.00182941
0.0347168 0.00182936

0.0347168 0.00182936
0.0347656 0.00182932

0.0347656 0.00182932
0.0348145 0.00182927

0.0348145 0.00182927
0.0348633 0.00182922

0.0348633 0.00182922
0.0349121 0.00182918

0.0349121 0.00182918
0.0349609 0.00182914

0.0349609 0.00182914
0.0350098 0.00182909

0.0350098 0.00182909
0.0350586 0.00182905

0.0350586 0.00182905
0.0351074 0.00182901

0.0351074 0.00182901
0.0351562 0.00182897

0.0351562 0.00182897
0.0352051 0.00182893

0.0352051 0.00182893
0.0352539 0.00182889

0.0352539 0.00182889
0.0353027 0.00182885

0.0353027 0.00182885
0.0353516 0.00182881

0.0353516 0.00182881
0.0354004 0.00182877

0.0354004 0.00182877
0.0354492 0.00182873

0.0354492 0.00182873
0.035498 0.00182869

0.035498 0.00182869
0.0355469 0.00182865

0.0355469 0.00182865
0.0355957 0.00182861

0.0355957 0.00182861
0.0356445 0.00182857

0.0356445 0.00182857
0.0356934 0.00182853

0.0356934 0.00182853
0.0357422 0.00182849

0.0357422 0.00182849
0.035791 0.00182845

0.035791 0.00182845
0.0358398 0.00182841

0.0358398 0.00182841
0.0358887 0.00182837

0.0358887 0.00182837
0.0359375 0.00182833

0.0359375 0.00182833
0.0359863 0.00182829

0.0359863 0.00182829
0.0360352 0.00182825

0.0360352 0.00182825
0.036084 0.00182822

0.036084 0.00182822
0.0361328 0.00182818

0.0361328 0.00182818
0.0361816 0.00182815

0.0361816 0.00182815
0.0362305 0.00182811

0.0362305 0.00182811
0.0362793 0.00182808

0.0362793 0.00182808
0.0363281 0.00182804

0.0363281 0.00182804
0.036377 0.00182801

0.036377 0.00182801
0.0364258 0.00182798

0.0364258 0.00182798
0.0364746 0.00182795

0.0364746 0.00182795
0.0365234 0.00182792

0.0365234 0.00182792
0.0365723 0.00182789

0.0365723 0.00182789
0.0366211 0.00182786

0.0366211 0.00182786
0.0366699 0.00182783

0.0366699 0.00182783
0.0367188 0.00182781

0.0367188 0.00182781
0.0367676 0.00182778

0.0367676 0.00182778
0.0368164 0.00182776

0.0368164 0.00182776
0.0368652 0.00182773

0.0368652 0.00182773
0.0369141 0.00182771

0.0369141 0.00182771
0.0369629 0.00182768

0.0369629 0.00182768
0.0370117 0.00182766

0.0370117 0.00182766
0.0370605 0.00182764

0.0370605 0.00182764
0.0371094 0.00182761

0.0371094 0.00182761
0.0371582 0.00182759

0.0371582 0.00182759
0.037207 0.00182757

0.037207 0.00182757
0.0372559 0.00182755

0.0372559 0.00182755
0.0373047 0.00182753

0.0373047 0.00182753
0.0373535 0.00182751

0.0373535 0.00182751
0.0374023 0.00182749

0.0374023 0.00182749
0.0374512 0.00182748

0.0374512 0.00182748
0.0375 0.00182746

0.0375 0.00182746
0.0375488 0.00182744

0.0375488 0.00182744
0.0375977 0.00182743

0.0375977 0.00182743
0.0376465 0.00182741

0.0376465 0.00182741
0.0376953 0.0018274

0.0376953 0.0018274
0.0377441 0.00182739

0.0377441 0.00182739
0.037793 0.00182738

0.037793 0.00182738
0.0378418 0.00182736

0.0378418 0.00182736
0.0378906 0.00182735

0.0378906 0.00182735
0.0379395 0.00182735

0.0379395 0.00182735
0.0379883 0.00182734

0.0379883 0.00182734
0.0380371 0.00182733

0.0380371 0.00182733
0.0380859 0.00182733

0.0380859 0.00182733
0.0381348 0.00182732

0.0381348 0.00182732
0.0381836 0.00182732

0.0381836 0.00182732
0.0382324 0.00182731

0.0382324 0.00182731
0.0382813 0.00182731

0.0382813 0.00182731
0.0383301 0.00182731

0.0383301 0.00182731
0.0383789 0.00182731

0.0383789 0.00182731
0.0384277 0.00182731

0.0384277 0.00182731
0.0384766 0.00182732

0.0384766 0.00182732
0.0385254 0.00182732

0.0385254 0.00182732
0.0385742 0.00182732

0.0385742 0.00182732
0.038623 0.00182733

0.038623 0.00182733
0.0386719 0.00182733

0.0386719 0.00182733
0.0387207 0.00182734

0.0387207 0.00182734
0.0387695 0.00182735

0.0387695 0.00182735
0.0388184 0.00182736

0.0388184 0.00182736
0.0388672 0.00182737

0.0388672 0.00182737
0.038916 0.00182738

0.038916 0.00182738
0.0389648 0.00182739

0.0389648 0.00182739
0.0390137 0.00182741

0.0390137 0.00182741
0.0390625 0.00182742

0.0390625 0.00182742
0.0391113 0.00182744

0.0391113 0.00182744
0.0391602 0.00182745

0.0391602 0.00182745
0.039209 0.00182747

0.039209 0.00182747
0.0392578 0.00182749

0.0392578 0.00182749
0.0393066 0.00182751

0.0393066 0.00182751
0.0393555 0.00182753

0.0393555 0.00182753
0.0394043 0.00182755

0.0394043 0.00182755
0.0394531 0.00182757

0.0394531 0.00182757
0.039502 0.00182759

0.039502 0.00182759
0.0395508 0.00182762

0.0395508 0.00182762
0.0395996 0.00182764

0.0395996 0.00182764
0.0396484 0.00182766

0.0396484 0.00182766
0.0396973 0.00182769

0.0396973 0.00182769
0.0397461 0.00182771

0.0397461 0.00182771
0.0397949 0.00182774

0.0397949 0.00182774
0.0398438 0.00182777

0.0398438 0.00182777
0.0398926 0.00182779

0.0398926 0.00182779
0.0399414 0.00182782

0.0399414 0.00182782
0.0399902 0.00182785

0.0399902 0.00182785
0.0400391 0.00182788

0.0400391 0.00182788
0.0400879 0.00182791

0.0400879 0.00182791
0.0401367 0.00182793

0.0401367 0.00182793
0.0401855 0.00182796

0.0401855 0.00182796
0.0402344 0.00182799

0.0402344 0.00182799
0.0402832 0.00182802

0.0402832 0.00182802
0.040332 0.00182805

0.040332 0.00182805
0.0403809 0.00182808

0.0403809 0.00182808
0.0404297 0.00182811

0.0404297 0.00182811
0.0404785 0.00182814

0.0404785 0.00182814
0.0405273 0.00182817

0.0405273 0.00182817
0.0405762 0.00182819

0.0405762 0.00182819
0.040625 0.00182822

0.040625 0.00182822
0.0406738 0.00182825

0.0406738 0.00182825
0.0407227 0.00182828

0.0407227 0.00182828
0.0407715 0.00182831

0.0407715 0.00182831
0.0408203 0.00182833

0.0408203 0.00182833
0.0408691 0.00182836

0.0408691 0.00182836
0.040918 0.00182839

0.040918 0.00182839
0.0409668 0.00182841

0.0409668 0.00182841
0.0410156 0.00182844

0.0410156 0.00182844
0.0410645 0.00182847

0.0410645 0.00182847
0.0411133 0.00182849

0.0411133 0.00182849
0.0411621 0.00182852

0.0411621 0.00182852
0.0412109 0.00182854

0.0412109 0.00182854
0.0412598 0.00182856

0.0412598 0.00182856
0.0413086 0.00182859

0.0413086 0.00182859
0.0413574 0.00182861

0.0413574 0.00182861
0.0414062 0.00182863

0.0414063 0.00182863
0.0414551 0.00182865

0.0414551 0.00182865
0.0415039 0.00182867

0.0415039 0.00182867
0.0415527 0.00182869

0.0415527 0.00182869
0.0416016 0.00182871

0.0416016 0.00182871
0.0416504 0.00182873

0.0416504 0.00182873
0.0416992 0.00182875

0.0416992 0.00182875
0.041748 0.00182876

0.041748 0.00182876
0.0417969 0.00182878

0.0417969 0.00182878
0.0418457 0.00182879

0.0418457 0.00182879
0.0418945 0.00182881

0.041921 0
0.0419434 4.7135e-05

0.0418945 0.00182881
0.0419434 0.00182882

0.0419434 4.21566e-05
0.0419509 4.88281e-05

0.0419434 5.1731e-05
0.0419922 7.14552e-05

0.0419434 0.00182882
0.0419922 0.00182884

0.042041 2.08016e-05
0.0420203 4.88281e-05

0.0419922 6.98232e-05
0.0420265 4.88281e-05

0.0419922 0.00182884
0.042041 0.00182885

0.042041 1.8459e-05
0.042048 0

0.042041 0.00182885
0.0420898 0.00182886

0.0420898 0.00182886
0.0421387 0.00182887

0.0421387 0.00182887
0.0421875 0.00182888

0.0421875 0.00182888
0.0422363 0.00182889

0.0422363 0.00182889
0.0422852 0.0018289

0.0422852 0.0018289
0.042334 0.00182891

0.042334 0.00182891
0.0423828 0.00182892

0.0423828 0.00182892
0.0424316 0.00182893

0.0424316 0.00182893
0.0424805 0.00182894

0.0424805 0.00182894
0.0425293 0.00182894

0.0425293 0.00182894
0.0425781 0.00182895

0.0425781 0.00182895
0.042627 0.00182895

0.042627 0.00182895
0.0426758 0.00182896

0.0426758 0.00182896
0.0427246 0.00182896

0.0427246 0.00182896
0.0427734 0.00182897

0.0427734 0.00182897
0.0428223 0.00182897

0.0428223 0.00182897
0.0428711 0.00182898

0.0428711 0.00182898
0.0429199 0.00182898

0.0429199 0.00182898
0.0429688 0.00182898

0.0429688 0.00182898
0.0430176 0.00182899

0.0430176 0.00182899
0.0430664 0.00182899

0.0430664 0.00182899
0.0431152 0.00182899

0.0431152 0.00182899
0.0431641 0.00182899

0.0431641 0.00182899
0.0432129 0.001829

0.0432129 0.001829
0.0432617 0.001829

0.0432617 0.001829
0.0433105 0.001829

0.0433105 0.001829
0.0433594 0.00182901

0.0433594 0.00182901
0.0434082 0.00182901

0.0434082 0.00182901
0.043457 0.00182901

0.043457 0.00182901
0.0435059 0.00182902

0.0435059 0.00182902
0.0435547 0.00182902

0.0435547 0.00182902
0.0436035 0.00182902

0.0436035 0.00182902
0.0436523 0.00182903

0.0436523 0.00182903
0.0437012 0.00182903

0.0437012 0.00182903
0.04375 0.00182904

0.04375 0.00182904
0.0437988 0.00182905

0.0437988 0.00182905
0.0438477 0.00182905

0.0438477 0.00182905
0.0438965 0.00182906

0.0438965 0.00182906
0.0439453 0.00182907

0.0439453 0.00182907
0.0439941 0.00182908

0.0439941 0.00182908
0.044043 0.00182908

0.044043 0.00182908
0.0440918 0.00182909

0.0440918 0.00182909
0.0441406 0.0018291

0.0441406 0.0018291
0.0441895 0.00182912

0.0441895 0.00182912
0.0442383 0.00182913

0.0442383 0.00182913
0.0442871 0.00182914

0.0442871 0.00182914
0.0443359 0.00182915

0.0443359 0.00182915
0.0443848 0.00182917

0.0443848 0.00182917
0.0444336 0.00182918

0.0444336 0.00182918
0.0444824 0.0018292

0.0444824 0.0018292
0.0445313 0.00182922

0.0445313 0.00182922
0.0445801 0.00182923

0.0445801 0.00182923
0.0446289 0.00182925

0.0446289 0.00182925
0.0446777 0.00182927

0.0446777 0.00182927
0.0447266 0.00182929

0.0447266 0.00182929
0.0447754 0.00182931

0.0447754 0.00182931
0.0448242 0.00182934

0.0448242 0.00182934
0.044873 0.00182936

0.044873 0.00182936
0.0449219 0.00182939

0.0449219 0.00182939
0.0449707 0.00182941

0.0449707 0.00182941
0.0450195 0.00182944

0.0450195 0.00182944
0.0450684 0.00182947

0.0450684 0.00182947
0.0451172 0.0018295

0.0451172 0.0018295
0.045166 0.00182953

0.045166 0.00182953
0.0452148 0.00182956

0.0452148 0.00182956
0.0452637 0.0018296

0.0452637 0.0018296
0.0453125 0.00182963

0.0453125 0.00182963
0.0453613 0.00182967

0.0453613 0.00182967
0.0454102 0.00182971

0.0454102 0.00182971
0.045459 0.00182975

0.045459 0.00182975
0.0455078 0.00182979

0.0455078 0.00182979
0.0455566 0.00182983

0.0455566 0.00182983
0.0456055 0.00182987

0.0456055 0.00182987
0.0456543 0.00182992

0.0456543 0.00182992
0.0457031 0.00182997

0.0457031 0.00182997
0.045752 0.00183002

0.045752 0.00183002
0.0458008 0.00183007

0.0458008 0.00183007
0.0458496 0.00183012

0.0458496 0.00183012
0.0458984 0.00183018

0.0458984 0.00183018
0.0459473 0.00183023

0.0459473 0.00183023
0.0459961 0.00183029

0.0459961 0.00183029
0.0460449 0.00183035

0.0460449 0.00183035
0.0460938 0.00183041

0.0460938 0.00183041
0.0461426 0.00183048

0.0461426 0.00183048
0.0461914 0.00183055

0.0461914 0.00183055
0.0462402 0.00183062

0.0462402 0.00183062
0.0462891 0.00183069

0.0462891 0.00183069
0.0463379 0.00183076

0.0463379 0.00183076
0.0463867 0.00183084

0.0463867 0.00183084
0.0464355 0.00183092

0.0464355 0.00183092
0.0464844 0.00183101

0.0464844 0.00183101
0.0465332 0.00183109

0.0465332 0.00183109
0.046582 0.00183118

0.046582 0.00183118
0.0466309 0.00183127

0.0466309 0.00183127
0.0466797 0.00183137

0.0466797 0.00183137
0.0467285 0.00183147

0.0467285 0.00183147
0.0467773 0.00183157

0.0467773 0.00183157
0.0468262 0.00183167

0.0468262 0.00183167
0.046875 0.00183178

0.046875 0.00183178
0.0469238 0.0018319

0.0469238 0.0018319
0.0469727 0.00183201

0.0469727 0.00183201
0.0470215 0.00183213

0.0470215 0.00183213
0.0470703 0.00183226

0.0470703 0.00183226
0.0471191 0.00183238

0.0471191 0.00183238
0.047168 0.00183252

0.047168 0.00183252
0.0472168 0.00183265

0.0472168 0.00183265
0.0472656 0.00183279

0.0472656 0.00183279
0.0473145 0.00183294

0.0473145 0.00183294
0.0473633 0.00183309

0.0473633 0.00183309
0.0474121 0.00183324

0.0474121 0.00183324
0.0474609 0.0018334

0.0474609 0.0018334
0.0475098 0.00183357

0.0475098 0.00183357
0.0475586 0.00183374

0.0475586 0.00183374
0.0476074 0.00183391

0.0476074 0.00183391
0.0476563 0.00183409

0.0476563 0.00183409
0.0477051 0.00183427

0.0477051 0.00183427
0.0477539 0.00183446

0.0477539 0.00183446
0.0478027 0.00183466

0.0478027 0.00183466
0.0478516 0.00183486

0.0478516 0.00183486
0.0479004 0.00183507

0.0479004 0.00183507
0.0479492 0.00183528

0.0479492 0.00183528
0.047998 0.0018355

0.047998 0.0018355
0.0480469 0.00183572

0.0480469 0.00183572
0.0480957 0.00183595

0.0480957 0.00183595
0.0481445 0.00183619

0.0481445 0.00183619
0.0481934 0.00183643

0.0481934 0.00183643
0.0482422 0.00183667

0.0482422 0.00183667
0.048291 0.00183693

0.048291 0.00183693
0.0483398 0.00183719

0.0483398 0.00183719
0.0483887 0.00183745

0.0483887 0.00183745
0.0484375 0.00183772

0.0484375 0.00183772
0.0484863 0.001838

0.0484863 0.001838
0.0485352 0.00183828

0.0485352 0.00183828
0.048584 0.00183857

0.048584 0.00183857
0.0486328 0.00183886

0.0486328 0.00183886
0.0486816 0.00183916

0.0486816 0.00183916
0.0487305 0.00183947

0.0487305 0.00183947
0.0487793 0.00183978

0.0487793 0.00183978
0.0488281 0.0018401

0.0488281 0.0018401
0.048877 0.00184042

0.048877 0.00184042
0.0489258 0.00184075

0.0489258 0.00184075
0.0489746 0.00184108

0.0489746 0.00184108
0.0490234 0.00184142

0.0490234 0.00184142
0.0490723 0.00184176

0.0490723 0.00184176
0.0491211 0.00184212

0.0491211 0.00184212
0.0491699 0.00184247

0.0491699 0.00184247
0.0492187 0.00184283

0.0492188 0.00184283
0.0492676 0.0018432

0.0492676 0.0018432
0.0493164 0.00184357

0.0493164 0.00184357
0.0493652 0.00184395

0.0493652 0.00184395
0.0494141 0.00184433

0.0494141 0.00184433
0.0494629 0.00184471

0.0494629 0.00184471
0.0495117 0.0018451

0.0495117 0.0018451
0.0495605 0.0018455

0.0495605 0.0018455
0.0496094 0.0018459

0.0496094 0.0018459
0.0496582 0.0018463

0.0496582 0.0018463
0.049707 0.00184671

0.049707 0.00184671
0.0497559 0.00184712

0.0497559 0.00184712
0.0498047 0.00184753

0.0498047 0.00184753
0.0498535 0.00184795

0.0498535 0.00184795
0.0499023 0.00184838

0.0499023 0.00184838
0.0499512 0.0018488

0.0499512 0.0018488
0.05 0.00184923

0.05 0.00184923
0.0500488 0.00184966

0.0500488 0.00184967
0.0500977 0.0018501

0.0500977 0.0018501
0.0501465 0.00185054

0.0501465 0.00185054
0.0501953 0.00185098

0.0501953 0.00185098
0.0502441 0.00185142

0.0502441 0.00185142
0.050293 0.00185186

0.050293 0.00185186
0.0503418 0.0018523

0.0503418 0.0018523
0.0503906 0.00185275

0.0503906 0.00185275
0.0504395 0.0018532

0.0504395 0.0018532
0.0504883 0.00185364

0.0504883 0.00185364
0.0505371 0.00185409

0.0505371 0.00185409
0.0505859 0.00185454

0.0505859 0.00185454
0.0506348 0.00185498

0.0506348 0.00185498
0.0506836 0.00185541

0.0506836 0.00185541
0.0506897 0.00185547

0.0506898 0.00185547
0.0507324 0.00185585

0.0507324 0.00185586
0.0507812 0.00185631

0.0507813 0.00185631
0.0508301 0.00185675

0.0508301 0.00185675
0.0508789 0.0018572

0.0508789 0.0018572
0.0509277 0.00185764

0.0509277 0.00185764
0.0509766 0.00185807

0.0509766 0.00185807
0.0510254 0.00185851

0.0510254 0.00185851
0.0510742 0.00185894

0.0510742 0.00185894
0.051123 0.00185937

0.051123 0.00185937
0.0511719 0.0018598

0.0511719 0.0018598
0.0512207 0.00186022

0.0512207 0.00186022
0.0512695 0.00186064

0.0512695 0.00186064
0.0513184 0.00186105

0.0513184 0.00186105
0.0513672 0.00186147

0.0513672 0.00186147
0.051416 0.00186187

0.051416 0.00186187
0.0514648 0.00186228

0.0514648 0.00186228
0.0515137 0.00186268

0.0515137 0.00186268
0.0515625 0.00186307

0.0515625 0.00186307
0.0516113 0.00186346

0.0516113 0.00186346
0.0516602 0.00186385

0.0516602 0.00186385
0.051709 0.00186423

0.051709 0.00186423
0.0517578 0.0018646

0.0517578 0.0018646
0.0518066 0.00186497

0.0518066 0.00186497
0.0518555 0.00186534

0.0518555 0.00186534
0.0519043 0.0018657

0.0519043 0.0018657
0.0519531 0.00186605

0.0519531 0.00186605
0.052002 0.0018664

0.052002 0.0018664
0.0520508 0.00186674

0.0520508 0.00186674
0.0520996 0.00186707

0.0520996 0.00186707
0.0521484 0.0018674

0.0521484 0.0018674
0.0521973 0.00186772

0.0521973 0.00186772
0.0522461 0.00186804

0.0522461 0.00186804
0.0522949 0.00186835

0.0522949 0.00186835
0.0523438 0.00186865

0.0523438 0.00186865
0.0523926 0.00186894

0.0523926 0.00186894
0.0524414 0.00186923

0.0524414 0.00186923
0.0524902 0.00186951

0.0524902 0.00186951
0.0525391 0.00186978

0.0525391 0.00186978
0.0525879 0.00187004

0.0525879 0.00187004
0.0526367 0.0018703

0.0526367 0.0018703
0.0526855 0.00187054

0.0526855 0.00187054
0.0527344 0.00187078

0.0527344 0.00187078
0.0527832 0.00187102

0.0527832 0.00187102
0.052832 0.00187124

0.052832 0.00187124
0.0528809 0.00187145

0.0528809 0.00187145
0.0529297 0.00187166

0.0529297 0.00187166
0.0529785 0.00187186

0.0529785 0.00187186
0.0530273 0.00187204

0.0530273 0.00187204
0.0530762 0.00187222

0.0530762 0.00187222
0.053125 0.0018724

0.053125 0.0018724
0.0531738 0.00187256

0.0531738 0.00187256
0.0532227 0.00187271

0.0532227 0.00187271
0.0532715 0.00187285

0.0532715 0.00187285
0.0533203 0.00187299

0.0533203 0.00187299
0.0533691 0.00187311

0.0533691 0.00187311
0.053418 0.00187323

0.053418 0.00187323
0.0534668 0.00187334

0.0534668 0.00187334
0.0535156 0.00187343

0.0535156 0.00187343
0.0535645 0.00187352

0.0535645 0.00187352
0.0536133 0.0018736

0.0536133 0.0018736
0.0536621 0.00187367

0.0536621 0.00187367
0.0537109 0.00187373

0.0537109 0.00187373
0.0537598 0.00187378

0.0537598 0.00187378
0.0538086 0.00187382

0.0538086 0.00187382
0.0538574 0.00187385

0.0538574 0.00187385
0.0539063 0.00187387

0.0539063 0.00187387
0.0539551 0.00187389

0.0539551 0.00187389
0.0540039 0.00187389

0.0540039 0.00187389
0.0540527 0.00187388

0.0540527 0.00187388
0.0541016 0.00187387

0.0541016 0.00187387
0.0541504 0.00187384

0.0541504 0.00187384
0.0541992 0.00187381

0.0541992 0.00187381
0.054248 0.00187377

0.054248 0.00187377
0.0542969 0.00187371

0.0542969 0.00187371
0.0543457 0.00187365

0.0543457 0.00187365
0.0543945 0.00187358

0.0543945 0.00187358
0.0544434 0.0018735

0.0544434 0.0018735
0.0544922 0.00187341

0.0544922 0.00187341
0.054541 0.00187331

0.054541 0.00187331
0.0545898 0.00187321

0.0545898 0.00187321
0.0546387 0.00187309

0.0546387 0.00187309
0.0546875 0.00187296

0.0546875 0.00187296
0.0547363 0.00187283

0.0547363 0.00187283
0.0547852 0.00187269

0.0547852 0.00187269
0.054834 0.00187254

0.054834 0.00187254
0.0548828 0.00187238

0.0548828 0.00187238
0.0549316 0.00187221

0.0549316 0.00187221
0.0549805 0.00187204

0.0549805 0.00187204
0.0550293 0.00187185

0.0550293 0.00187185
0.0550781 0.00187166

0.0550781 0.00187166
0.055127 0.00187146

0.055127 0.00187146
0.0551758 0.00187126

0.0551758 0.00187126
0.0552246 0.00187104

0.0552246 0.00187104
0.0552734 0.00187082

0.0552734 0.00187082
0.0553223 0.0018706

0.0553223 0.0018706
0.0553711 0.00187036

0.0553711 0.00187036
0.0554199 0.00187012

0.0554199 0.00187012
0.0554688 0.00186987

0.0554688 0.00186987
0.0555176 0.00186961

0.0555176 0.00186961
0.0555664 0.00186935

0.0555664 0.00186935
0.0556152 0.00186908

0.0556152 0.00186908
0.0556641 0.00186881

0.0556641 0.00186881
0.0557129 0.00186853

0.0557129 0.00186853
0.0557617 0.00186825

0.0557617 0.00186825
0.0558105 0.00186796

0.0558105 0.00186796
0.0558594 0.00186766

0.0558594 0.00186766
0.0559082 0.00186736

0.0559082 0.00186736
0.055957 0.00186706

0.055957 0.00186706
0.0560059 0.00186675

0.0560059 0.00186675
0.0560547 0.00186644

0.0560547 0.00186644
0.0561035 0.00186612

0.0561035 0.00186612
0.0561523 0.0018658

0.0561523 0.0018658
0.0562012 0.00186547

0.0562012 0.00186547
0.05625 0.00186515

0.05625 0.00186515
0.0562988 0.00186482

0.0562988 0.00186482
0.0563477 0.00186448

0.0563477 0.00186448
0.0563965 0.00186415

0.0563965 0.00186415
0.0564453 0.00186381

0.0564453 0.00186381
0.0564941 0.00186347

0.0564941 0.00186347
0.056543 0.00186313

0.056543 0.00186313
0.0565918 0.00186278

0.0565918 0.00186278
0.0566406 0.00186244

0.0566406 0.00186244
0.0566895 0.00186209

0.0566895 0.00186209
0.0567383 0.00186175

0.0567383 0.00186175
0.0567871 0.0018614

0.0567871 0.0018614
0.0568359 0.00186105

0.0568359 0.00186105
0.0568848 0.00186071

0.0568848 0.00186071
0.0569336 0.00186036

0.0569336 0.00186036
0.0569824 0.00186002

0.0569824 0.00186002
0.0570312 0.00185967

0.0570313 0.00185967
0.0570801 0.00185933

0.0570801 0.00185933
0.0571289 0.00185899

0.0571289 0.00185899
0.0571777 0.00185865

0.0571777 0.00185865
0.0572266 0.00185831

0.0572266 0.00185831
0.0572754 0.00185797

0.0572754 0.00185797
0.0573242 0.00185764

0.0573242 0.00185764
0.057373 0.00185731

0.057373 0.00185731
0.0574219 0.00185698

0.0574219 0.00185698
0.0574707 0.00185666

0.0574707 0.00185666
0.0575195 0.00185634

0.0575195 0.00185633
0.0575684 0.00185602

0.0575684 0.00185602
0.0576172 0.00185572

0.057666 0.00185541
0.0576569 0.00185547

0.0576172 0.00185572
0.057657 0.00185547

0.057666 0.00185541
0.0577148 0.0018551

0.0577148 0.0018551
0.0577637 0.0018548

0.0577637 0.0018548
0.0578125 0.0018545

0.0578125 0.0018545
0.0578613 0.00185421

0.0578613 0.00185421
0.0579102 0.00185393

0.0579102 0.00185392
0.057959 0.00185365

0.057959 0.00185365
0.0580078 0.00185337

0.0580078 0.00185337
0.0580566 0.00185311

0.0580566 0.00185311
0.0581055 0.00185285

0.0581055 0.00185285
0.0581543 0.00185259

0.0581543 0.00185259
0.0582031 0.00185235

0.0582031 0.00185235
0.058252 0.00185211

0.058252 0.00185211
0.0583008 0.00185188

0.0583008 0.00185188
0.0583496 0.00185166

0.0583496 0.00185166
0.0583984 0.00185145

0.0583984 0.00185145
0.0584473 0.00185124

0.0584473 0.00185124
0.0584961 0.00185104

0.0584961 0.00185104
0.0585449 0.00185085

0.0585449 0.00185085
0.0585938 0.00185066

0.0585938 0.00185066
0.0586426 0.00185049

0.0586426 0.00185049
0.0586914 0.00185032

0.0586914 0.00185032
0.0587402 0.00185016

0.0587402 0.00185016
0.0587891 0.00185001

0.0587891 0.00185001
0.0588379 0.00184986

0.0588379 0.00184986
0.0588867 0.00184972

0.0588867 0.00184972
0.0589355 0.00184959

0.0589355 0.00184959
0.0589844 0.00184947

0.0589844 0.00184947
0.0590332 0.00184935

0.0590332 0.00184935
0.059082 0.00184925

0.059082 0.00184925
0.0591309 0.00184915

0.0591309 0.00184915
0.0591797 0.00184905

0.0591797 0.00184905
0.0592285 0.00184897

0.0592285 0.00184897
0.0592773 0.00184889

0.0592773 0.00184889
0.0593262 0.00184882

0.0593262 0.00184882
0.059375 0.00184875

0.059375 0.00184875
0.0594238 0.00184869

0.0594238 0.00184869
0.0594727 0.00184864

0.0594727 0.00184864
0.0595215 0.00184859

0.0595215 0.00184859
0.0595703 0.00184855

0.0595703 0.00184855
0.0596191 0.00184852

0.0596191 0.00184852
0.059668 0.00184849

0.059668 0.00184849
0.0597168 0.00184847

0.0597168 0.00184847
0.0597656 0.00184845

0.0597656 0.00184845
0.0598145 0.00184844

0.0598145 0.00184844
0.0598633 0.00184843

0.0598633 0.00184843
0.0599121 0.00184843

0.0599121 0.00184843
0.0599609 0.00184844

0.0599609 0.00184844
0.0600098 0.00184844

0.0600098 0.00184844
0.0600586 0.00184846

0.0600586 0.00184846
0.0601074 0.00184847

0.0601074 0.00184847
0.0601563 0.0018485

0.0601563 0.0018485
0.0602051 0.00184852

0.0602051 0.00184852
0.0602539 0.00184855

0.0602539 0.00184855
0.0603027 0.00184858

0.0603027 0.00184858
0.0603516 0.00184862

0.0603516 0.00184862
0.0604004 0.00184866

0.0604004 0.00184866
0.0604492 0.0018487

0.0604492 0.0018487
0.060498 0.00184875

0.060498 0.00184875
0.0605469 0.0018488

0.0605469 0.0018488
0.0605957 0.00184885

0.0605957 0.00184885
0.0606445 0.0018489

0.0606445 0.0018489
0.0606934 0.00184896

0.0606934 0.00184896
0.0607422 0.00184901

0.0607422 0.00184901
0.060791 0.00184907

0.060791 0.00184907
0.0608398 0.00184913

0.0608398 0.00184913
0.0608887 0.0018492

0.0608887 0.0018492
0.0609375 0.00184926

0.0609375 0.00184926
0.0609863 0.00184933

0.0609863 0.00184933
0.0610352 0.00184939

0.0610352 0.00184939
0.061084 0.00184946

0.061084 0.00184946
0.0611328 0.00184953

0.0611328 0.00184953
0.0611816 0.0018496

0.0611816 0.0018496
0.0612305 0.00184966

0.0612305 0.00184966
0.0612793 0.00184973

0.0612793 0.00184973
0.0613281 0.0018498

0.0613281 0.0018498
0.061377 0.00184987

0.061377 0.00184987
0.0614258 0.00184994

0.0614258 0.00184994
0.0614746 0.00185001

0.0614746 0.00185001
0.0615234 0.00185008

0.0615234 0.00185008
0.0615723 0.00185015

0.0615723 0.00185015
0.0616211 0.00185021

0.0616211 0.00185021
0.0616699 0.00185028

0.0616699 0.00185028
0.0617188 0.00185035

0.0617188 0.00185035
0.0617676 0.00185041

0.0617676 0.00185041
0.0618164 0.00185048

0.0618164 0.00185048
0.0618652 0.00185054

0.0618652 0.00185054
0.0619141 0.0018506

0.0619141 0.0018506
0.0619629 0.00185066

0.0619629 0.00185066
0.0620117 0.00185072

0.0620117 0.00185072
0.0620605 0.00185078

0.0620605 0.00185078
0.0621094 0.00185083

0.0621094 0.00185083
0.0621582 0.00185089

0.0621582 0.00185089
0.062207 0.00185094

0.062207 0.00185094
0.0622559 0.00185099

0.0622559 0.00185099
0.0623047 0.00185104

0.0623047 0.00185104
0.0623535 0.00185109

0.0623535 0.00185109
0.0624023 0.00185113

0.0624023 0.00185113
0.0624512 0.00185117

0.0624512 0.00185117
0.0625 0.00185121

0.0625 0.00185121
0.0625488 0.00185125

0.0625488 0.00185125
0.0625977 0.00185128

0.0625977 0.00185128
0.0626465 0.00185132

0.0626465 0.00185132
0.0626953 0.00185135

0.0626953 0.00185135
0.0627441 0.00185137

0.0627441 0.00185137
0.062793 0.0018514

0.062793 0.0018514
0.0628418 0.00185142

0.0628418 0.00185142
0.0628906 0.00185144

0.0628906 0.00185144
0.0629395 0.00185145

0.0629395 0.00185145
0.0629883 0.00185147

0.0629883 0.00185147
0.0630371 0.00185148

0.0630371 0.00185148
0.0630859 0.00185148

0.0630859 0.00185148
0.0631348 0.00185149

0.0631348 0.00185149
0.0631836 0.00185149

0.0631836 0.00185149
0.0632324 0.00185149

0.0632324 0.00185149
0.0632813 0.00185148

0.0632812 0.00185148
0.0633301 0.00185147

0.0633301 0.00185147
0.0633789 0.00185146

0.0633789 0.00185146
0.0634277 0.00185144

0.0634277 0.00185144
0.0634766 0.00185143

0.0634766 0.00185143
0.0635254 0.00185141

0.0635254 0.00185141
0.0635742 0.00185138

0.0635742 0.00185138
0.063623 0.00185135

0.063623 0.00185135
0.0636719 0.00185132

0.0636719 0.00185132
0.0637207 0.00185129

0.0637207 0.00185129
0.0637695 0.00185125

0.0637695 0.00185125
0.0638184 0.00185121

0.0638184 0.00185121
0.0638672 0.00185117

0.0638672 0.00185117
0.063916 0.00185112

0.063916 0.00185112
0.0639648 0.00185107

0.0639648 0.00185107
0.0640137 0.00185102

0.0640137 0.00185102
0.0640625 0.00185097

0.0640625 0.00185097
0.0641113 0.00185091

0.0641113 0.00185091
0.0641602 0.00185085

0.0641602 0.00185085
0.064209 0.00185079

0.064209 0.00185079
0.0642578 0.00185072

0.0642578 0.00185072
0.0643066 0.00185065

0.0643066 0.00185065
0.0643555 0.00185058

0.0643555 0.00185058
0.0644043 0.00185051

0.0644043 0.00185051
0.0644531 0.00185044

0.0644531 0.00185044
0.064502 0.00185036

0.064502 0.00185036
0.0645508 0.00185028

0.0645508 0.00185028
0.0645996 0.0018502

0.0645996 0.0018502
0.0646484 0.00185012

0.0646484 0.00185012
0.0646973 0.00185004

0.0646973 0.00185004
0.0647461 0.00184995

0.0647461 0.00184995
0.0647949 0.00184987

0.0647949 0.00184987
0.0648438 0.00184978

0.0648437 0.00184978
0.0648926 0.00184969

0.0648926 0.00184969
0.0649414 0.0018496

0.0649414 0.0018496
0.0649902 0.00184951

0.0649902 0.00184951
0.0650391 0.00184942

0.0650391 0.00184942
0.0650879 0.00184933

0.0650879 0.00184933
0.0651367 0.00184924

0.0651367 0.00184924
0.0651855 0.00184915

0.0651855 0.00184915
0.0652344 0.00184906

0.0652344 0.00184906
0.0652832 0.00184897

0.0652832 0.00184897
0.065332 0.00184888

0.065332 0.00184888
0.0653809 0.00184879

0.0653809 0.00184879
0.0654297 0.0018487

0.0654297 0.0018487
0.0654785 0.00184861

0.0654785 0.00184861
0.0655273 0.00184853

0.0655273 0.00184853
0.0655762 0.00184844

0.0655762 0.00184844
0.065625 0.00184835

0.065625 0.00184835
0.0656738 0.00184827

0.0656738 0.00184827
0.0657227 0.00184819

0.0657227 0.00184819
0.0657715 0.00184811

0.0657715 0.00184811
0.0658203 0.00184803

0.0658203 0.00184803
0.0658691 0.00184796

0.0658691 0.00184796
0.065918 0.00184788

0.065918 0.00184788
0.0659668 0.00184781

0.0659668 0.00184781
0.0660156 0.00184774

0.0660156 0.00184774
0.0660645 0.00184768

0.0660645 0.00184768
0.0661133 0.00184761

0.0661133 0.00184761
0.0661621 0.00184755

0.0661621 0.00184755
0.0662109 0.00184749

0.0662109 0.00184749
0.0662598 0.00184744

0.0662598 0.00184744
0.0663086 0.00184739

0.0663086 0.00184739
0.0663574 0.00184734

0.0663574 0.00184734
0.0664063 0.00184729

0.0664062 0.00184729
0.0664551 0.00184725

0.0664551 0.00184725
0.0665039 0.00184721

0.0665039 0.00184721
0.0665527 0.00184717

0.0665527 0.00184717
0.0666016 0.00184714

0.0666016 0.00184714
0.0666504 0.00184711

0.0666504 0.00184711
0.0666992 0.00184708

0.0666992 0.00184708
0.066748 0.00184705

0.066748 0.00184705
0.0667969 0.00184703

0.0667969 0.00184703
0.0668457 0.00184701

0.0668457 0.00184701
0.0668945 0.001847

0.0668945 0.001847
0.0669434 0.00184699

0.0669434 0.00184699
0.0669922 0.00184698

0.0669922 0.00184698
0.067041 0.00184697

0.067041 0.00184697
0.0670898 0.00184697

0.0670898 0.00184697
0.0671387 0.00184697

0.0671387 0.00184697
0.0671875 0.00184697

0.0671875 0.00184697
0.0672363 0.00184697

0.0672363 0.00184697
0.0672852 0.00184698

0.0672852 0.00184698
0.067334 0.00184699

0.067334 0.00184699
0.0673828 0.001847

0.0673828 0.001847
0.0674316 0.00184701

0.0674316 0.00184701
0.0674805 0.00184703

0.0674805 0.00184703
0.0675293 0.00184705

0.0675293 0.00184705
0.0675781 0.00184706

0.0675781 0.00184706
0.067627 0.00184708

0.067627 0.00184708
0.0676758 0.00184711

0.0676758 0.00184711
0.0677246 0.00184713

0.0677246 0.00184713
0.0677734 0.00184715

0.0677734 0.00184715
0.0678223 0.00184718

0.0678223 0.00184718
0.0678711 0.0018472

0.0678711 0.0018472
0.0679199 0.00184723

0.0679199 0.00184723
0.0679688 0.00184725

0.0679687 0.00184725
0.0680176 0.00184728

0.0680176 0.00184728
0.0680664 0.00184731

0.0680664 0.00184731
0.0681152 0.00184734

0.0681152 0.00184734
0.0681641 0.00184736

0.0681641 0.00184736
0.0682129 0.00184739

0.0682129 0.00184739
0.0682617 0.00184742

0.0682617 0.00184742
0.0683105 0.00184744

0.0683105 0.00184744
0.0683594 0.00184747

0.0683594 0.00184747
0.0684082 0.00184749

0.0684082 0.00184749
0.068457 0.00184752

0.068457 0.00184752
0.0685059 0.00184754

0.0685059 0.00184754
0.0685547 0.00184756

0.0685547 0.00184756
0.0686035 0.00184758

0.0686035 0.00184758
0.0686523 0.0018476

0.0686523 0.0018476
0.0687012 0.00184762

0.0687012 0.00184762
0.06875 0.00184764

0.06875 0.00184764
0.0687988 0.00184766

0.0687988 0.00184766
0.0688477 0.00184767

0.0688477 0.00184767
0.0688965 0.00184768

0.0688965 0.00184768
0.0689453 0.00184769

0.0689453 0.00184769
0.0689941 0.0018477

0.0689941 0.0018477
0.069043 0.00184771

0.069043 0.00184771
0.0690918 0.00184772

0.0690918 0.00184772
0.0691406 0.00184772

0.0691406 0.00184772
0.0691895 0.00184772

0.0691895 0.00184772
0.0692383 0.00184772

0.0692383 0.00184772
0.0692871 0.00184772

0.0692871 0.00184772
0.0693359 0.00184772

0.0693359 0.00184772
0.0693848 0.00184772

0.0693848 0.00184772
0.0694336 0.00184771

0.0694336 0.00184771
0.0694824 0.0018477

0.0694824 0.0018477
0.0695313 0.00184769

0.0695313 0.00184769
0.0695801 0.00184768

0.0695801 0.00184768
0.0696289 0.00184766

0.0696289 0.00184766
0.0696777 0.00184765

0.0696777 0.00184765
0.0697266 0.00184763

0.0697266 0.00184763
0.0697754 0.00184761

0.0697754 0.00184761
0.0698242 0.00184759

0.0698242 0.00184759
0.069873 0.00184756

0.069873 0.00184756
0.0699219 0.00184754

0.0699219 0.00184754
0.0699707 0.00184751

0.0699707 0.00184751
0.0700195 0.00184748

0.0700195 0.00184748
0.0700684 0.00184746

0.0700684 0.00184746
0.0701172 0.00184742

0.0701172 0.00184742
0.070166 0.00184739

0.070166 0.00184739
0.0702148 0.00184736

0.0702148 0.00184736
0.0702637 0.00184732

0.0702637 0.00184732
0.0703125 0.00184729

0.0703125 0.00184729
0.0703613 0.00184725

0.0703613 0.00184725
0.0704102 0.00184721

0.0704102 0.00184721
0.070459 0.00184717

0.070459 0.00184717
0.0705078 0.00184713

0.0705078 0.00184713
0.0705566 0.00184709

0.0705566 0.00184709
0.0706055 0.00184705

0.0706055 0.00184705
0.0706543 0.00184701

0.0706543 0.00184701
0.0707031 0.00184697

0.0707031 0.00184697
0.070752 0.00184692

0.070752 0.00184692
0.0708008 0.00184688

0.0708008 0.00184688
0.0708496 0.00184684

0.0708496 0.00184684
0.0708984 0.00184679

0.0708984 0.00184679
0.0709473 0.00184675

0.0709473 0.00184675
0.0709961 0.00184671

0.0709961 0.00184671
0.0710449 0.00184666

0.0710449 0.00184666
0.0710938 0.00184662

0.0710937 0.00184662
0.0711426 0.00184657

0.0711426 0.00184657
0.0711914 0.00184653

0.0711914 0.00184653
0.0712402 0.00184649

0.0712402 0.00184649
0.0712891 0.00184644

0.0712891 0.00184644
0.0713379 0.0018464

0.0713379 0.0018464
0.0713867 0.00184636

0.0713867 0.00184636
0.0714355 0.00184631

0.0714355 0.00184631
0.0714844 0.00184627

0.0714844 0.00184627
0.0715332 0.00184623

0.0715332 0.00184623
0.071582 0.00184619

0.071582 0.00184619
0.0716309 0.00184615

0.0716309 0.00184615
0.0716797 0.00184611

0.0716797 0.00184611
0.0717285 0.00184607

0.0717285 0.00184607
0.0717773 0.00184604

0.0717773 0.00184604
0.0718262 0.001846

0.0718262 0.001846
0.071875 0.00184596

0.071875 0.00184596
0.0719238 0.00184593

0.0719238 0.00184593
0.0719727 0.00184589

0.0719727 0.00184589
0.0720215 0.00184586

0.0720215 0.00184586
0.0720703 0.00184583

0.0720703 0.00184583
0.0721191 0.00184579

0.0721191 0.00184579
0.072168 0.00184576

0.072168 0.00184576
0.0722168 0.00184573

0.0722168 0.00184573
0.0722656 0.0018457

0.0722656 0.0018457
0.0723145 0.00184567

0.0723145 0.00184567
0.0723633 0.00184564

0.0723633 0.00184564
0.0724121 0.00184561

0.0724121 0.00184561
0.0724609 0.00184559

0.0724609 0.00184559
0.0725098 0.00184556

0.0725098 0.00184556
0.0725586 0.00184553

0.0725586 0.00184553
0.0726074 0.00184551

0.0726074 0.00184551
0.0726563 0.00184548

0.0726562 0.00184548
0.0727051 0.00184546

0.0727051 0.00184546
0.0727539 0.00184543

0.0727539 0.00184543
0.0728027 0.00184541

0.0728027 0.00184541
0.0728516 0.00184539

0.0728516 0.00184539
0.0729004 0.00184536

0.0729004 0.00184536
0.0729492 0.00184534

0.0729492 0.00184534
0.072998 0.00184532

0.072998 0.00184532
0.0730469 0.0018453

0.0730469 0.0018453
0.0730957 0.00184527

0.0730957 0.00184527
0.0731445 0.00184525

0.0731445 0.00184525
0.0731934 0.00184523

0.0731934 0.00184523
0.0732422 0.00184521

0.0732422 0.00184521
0.073291 0.00184519

0.073291 0.00184519
0.0733398 0.00184517

0.0733398 0.00184517
0.0733887 0.00184515

0.0733887 0.00184515
0.0734375 0.00184513

0.0734375 0.00184513
0.0734863 0.00184511

0.0734863 0.00184511
0.0735352 0.00184509

0.0735352 0.00184509
0.073584 0.00184507

0.073584 0.00184507
0.0736328 0.00184505

0.0736328 0.00184505
0.0736816 0.00184503

0.0736816 0.00184503
0.0737305 0.00184501

0.0737305 0.00184501
0.0737793 0.00184499

0.0737793 0.00184499
0.0738281 0.00184497

0.0738281 0.00184497
0.073877 0.00184496

0.073877 0.00184496
0.0739258 0.00184494

0.0739258 0.00184494
0.0739746 0.00184492

0.0739746 0.00184492
0.0740234 0.0018449

0.0740234 0.0018449
0.0740723 0.00184488

0.0740723 0.00184488
0.0741211 0.00184486

0.0741211 0.00184486
0.0741699 0.00184484

0.0741699 0.00184484
0.0742188 0.00184483

0.0742188 0.00184483
0.0742676 0.00184481

0.0742676 0.00184481
0.0743164 0.00184479

0.0743164 0.00184479
0.0743652 0.00184477

0.0743652 0.00184477
0.0744141 0.00184476

0.0744141 0.00184476
0.0744629 0.00184474

0.0744629 0.00184474
0.0745117 0.00184472

0.0745117 0.00184472
0.0745605 0.00184471

0.0745605 0.00184471
0.0746094 0.00184469

0.0746094 0.00184469
0.0746582 0.00184467

0.0746582 0.00184467
0.074707 0.00184466

0.074707 0.00184466
0.0747559 0.00184465

0.0747559 0.00184465
0.0748047 0.00184463

0.0748047 0.00184463
0.0748535 0.00184462

0.0748535 0.00184462
0.0749023 0.0018446

0.0749023 0.0018446
0.0749512 0.00184459

0.0749512 0.00184459
0.075 0.00184458

0.075 0.00184458
0.0750488 0.00184457

0.0750488 0.00184457
0.0750977 0.00184456

0.0750977 0.00184456
0.0751465 0.00184455

0.0751465 0.00184455
0.0751953 0.00184454

0.0751953 0.00184454
0.0752441 0.00184453

0.0752441 0.00184453
0.075293 0.00184452

0.075293 0.00184452
0.0753418 0.00184452

0.0753418 0.00184452
0.0753906 0.00184451

0.0753906 0.00184451
0.0754395 0.0018445

0.0754395 0.0018445
0.0754883 0.0018445

0.0754883 0.0018445
0.0755371 0.0018445

0.0755371 0.0018445
0.0755859 0.00184449

0.0755859 0.00184449
0.0756348 0.00184449

0.0756348 0.00184449
0.0756836 0.00184449

0.0756836 0.00184449
0.0757324 0.00184449

0.0757324 0.00184449
0.0757813 0.00184448

0.0757812 0.00184448
0.0758301 0.00184448

0.0758301 0.00184448
0.0758789 0.00184449

0.0758789 0.00184449
0.0759277 0.00184449

0.0759277 0.00184449
0.0759766 0.00184449

0.0759766 0.00184449
0.0760254 0.00184449

0.0760254 0.00184449
0.0760742 0.00184449

0.0760742 0.00184449
0.076123 0.0018445

0.076123 0.0018445
0.0761719 0.0018445

0.0761719 0.0018445
0.0762207 0.00184451

0.0762207 0.00184451
0.0762695 0.00184451

0.0762695 0.00184451
0.0763184 0.00184452

0.0763184 0.00184452
0.0763672 0.00184452

0.0763672 0.00184452
0.076416 0.00184453

0.076416 0.00184453
0.0764648 0.00184454

0.0764648 0.00184454
0.0765137 0.00184455

0.0765137 0.00184455
0.0765625 0.00184455

0.0765625 0.00184455
0.0766113 0.00184456

0.0766113 0.00184456
0.0766602 0.00184457

0.0766602 0.00184457
0.076709 0.00184458

0.076709 0.00184458
0.0767578 0.00184459

0.0767578 0.00184459
0.0768066 0.0018446

0.0768066 0.0018446
0.0768555 0.0018446

0.0768555 0.0018446
0.0769043 0.00184461

0.0769043 0.00184461
0.0769531 0.00184462

0.0769531 0.00184462
0.077002 0.00184463

0.077002 0.00184463
0.0770508 0.00184464

0.0770508 0.00184464
0.0770996 0.00184465

0.0770996 0.00184465
0.0771484 0.00184466

0.0771484 0.00184466
0.0771973 0.00184467

0.0771973 0.00184467
0.0772461 0.00184467

0.0772461 0.00184467
0.0772949 0.00184468

0.0772949 0.00184468
0.0773438 0.00184469

0.0773438 0.00184469
0.0773926 0.0018447

0.0773926 0.0018447
0.0774414 0.0018447

0.0774414 0.0018447
0.0774902 0.00184471

0.0774902 0.00184471
0.0775391 0.00184472

0.0775391 0.00184472
0.0775879 0.00184473

0.0775879 0.00184473
0.0776367 0.00184473

0.0776367 0.00184473
0.0776855 0.00184474

0.0776855 0.00184474
0.0777344 0.00184474

0.0777344 0.00184474
0.0777832 0.00184475

0.0777832 0.00184475
0.077832 0.00184475

0.077832 0.00184475
0.0778809 0.00184476

0.0778809 0.00184476
0.0779297 0.00184476

0.0779297 0.00184476
0.0779785 0.00184476

0.0779785 0.00184476
0.0780273 0.00184477

0.0780273 0.00184477
0.0780762 0.00184477

0.0780762 0.00184477
0.078125 0.00184477

0.078125 0.00184477
0.0781738 0.00184477

0.0781738 0.00184477
0.0782227 0.00184477

0.0782227 0.00184477
0.0782715 0.00184477

0.0782715 0.00184477
0.0783203 0.00184477

0.0783203 0.00184477
0.0783691 0.00184477

0.0783691 0.00184477
0.078418 0.00184477

0.078418 0.00184477
0.0784668 0.00184477

0.0784668 0.00184477
0.0785156 0.00184477

0.0785156 0.00184477
0.0785645 0.00184476

0.0785645 0.00184476
0.0786133 0.00184476

0.0786133 0.00184476
0.0786621 0.00184475

0.0786621 0.00184475
0.0787109 0.00184475

0.0787109 0.00184475
0.0787598 0.00184474

0.0787598 0.00184474
0.0788086 0.00184474

0.0788086 0.00184474
0.0788574 0.00184473

0.0788574 0.00184473
0.0789063 0.00184472

0.0789062 0.00184472
0.0789551 0.00184472

0.0789551 0.00184472
0.0790039 0.00184471

0.0790039 0.00184471
0.0790527 0.0018447

0.0790527 0.0018447
0.0791016 0.00184469

0.0791016 0.00184469
0.0791504 0.00184468

0.0791504 0.00184468
0.0791992 0.00184467

0.0791992 0.00184467
0.079248 0.00184466

0.079248 0.00184466
0.0792969 0.00184465

0.0792969 0.00184465
0.0793457 0.00184463

0.0793457 0.00184463
0.0793945 0.00184462

0.0793945 0.00184462
0.0794434 0.00184461

0.0794434 0.00184461
0.0794922 0.00184459

0.0794922 0.00184459
0.079541 0.00184458

0.079541 0.00184458
0.0795898 0.00184457

0.0795898 0.00184457
0.0796387 0.00184455

0.0796387 0.00184455
0.0796875 0.00184454

0.0796875 0.00184454
0.0797363 0.00184452

0.0797363 0.00184452
0.0797852 0.0018445

0.0797852 0.0018445
0.079834 0.00184449

0.079834 0.00184449
0.0798828 0.00184447

0.0798828 0.00184447
0.0799316 0.00184445

0.0799316 0.00184445
0.0799805 0.00184443

0.0799805 0.00184443
0.0800293 0.00184442

0.0800293 0.00184442
0.0800781 0.0018444

0.0800781 0.0018444
0.080127 0.00184438

0.080127 0.00184438
0.0801758 0.00184436

0.0801758 0.00184436
0.0802246 0.00184434

0.0802246 0.00184434
0.0802734 0.00184432

0.0802734 0.00184432
0.0803223 0.0018443

0.0803223 0.0018443
0.0803711 0.00184428

0.0803711 0.00184428
0.0804199 0.00184426

0.0804199 0.00184426
0.0804688 0.00184424

0.0804688 0.00184424
0.0805176 0.00184422

0.0805176 0.00184422
0.0805664 0.0018442

0.0805664 0.0018442
0.0806152 0.00184418

0.0806152 0.00184418
0.0806641 0.00184416

0.0806641 0.00184416
0.0807129 0.00184414

0.0807129 0.00184414
0.0807617 0.00184412

0.0807617 0.00184412
0.0808105 0.00184409

0.0808105 0.00184409
0.0808594 0.00184407

0.0808594 0.00184407
0.0809082 0.00184405

0.0809082 0.00184405
0.080957 0.00184403

0.080957 0.00184403
0.0810059 0.00184401

0.0810059 0.00184401
0.0810547 0.00184399

0.0810547 0.00184399
0.0811035 0.00184397

0.0811035 0.00184397
0.0811523 0.00184395

0.0811523 0.00184395
0.0812012 0.00184393

0.0812012 0.00184393
0.08125 0.00184391

0.08125 0.00184391
0.0812988 0.00184389

0.0812988 0.00184389
0.0813477 0.00184387

0.0813477 0.00184387
0.0813965 0.00184385

0.0813965 0.00184385
0.0814453 0.00184383

0.0814453 0.00184383
0.0814941 0.00184382

0.0814941 0.00184382
0.081543 0.0018438

0.081543 0.0018438
0.0815918 0.00184378

0.0815918 0.00184378
0.0816406 0.00184376

0.0816406 0.00184376
0.0816895 0.00184375

0.0816895 0.00184375
0.0817383 0.00184373

0.0817383 0.00184373
0.0817871 0.00184371

0.0817871 0.00184371
0.0818359 0.0018437

0.0818359 0.0018437
0.0818848 0.00184368

0.0818848 0.00184368
0.0819336 0.00184367

0.0819336 0.00184367
0.0819824 0.00184365

0.0819824 0.00184365
0.0820313 0.00184364

0.0820312 0.00184364
0.0820801 0.00184362

0.0820801 0.00184362
0.0821289 0.00184361

0.0821289 0.00184361
0.0821777 0.0018436

0.0821777 0.0018436
0.0822266 0.00184359

0.0822266 0.00184359
0.0822754 0.00184357

0.0822754 0.00184357
0.0823242 0.00184356

0.0823242 0.00184356
0.082373 0.00184355

0.082373 0.00184355
0.0824219 0.00184354

0.0824219 0.00184354
0.0824707 0.00184353

0.0824707 0.00184353
0.0825195 0.00184352

0.0825195 0.00184352
0.0825684 0.00184352

0.0825684 0.00184352
0.0826172 0.00184351

0.0826172 0.00184351
0.082666 0.0018435

0.082666 0.0018435
0.0827148 0.00184349

0.0827148 0.00184349
0.0827637 0.00184349

0.0827637 0.00184349
0.0828125 0.00184348

0.0828125 0.00184348
0.0828613 0.00184348

0.0828613 0.00184348
0.0829102 0.00184347

0.0829102 0.00184347
0.082959 0.00184347

0.082959 0.00184347
0.0830078 0.00184347

0.0830078 0.00184347
0.0830566 0.00184346

0.0830566 0.00184346
0.0831055 0.00184346

0.0831055 0.00184346
0.0831543 0.00184346

0.0831543 0.00184346
0.0832031 0.00184346

0.0832031 0.00184346
0.083252 0.00184346

0.083252 0.00184346
0.0833008 0.00184345

0.0833008 0.00184345
0.0833496 0.00184345

0.0833496 0.00184345
0.0833984 0.00184345

0.0833984 0.00184345
0.0834473 0.00184346

0.0834473 0.00184346
0.0834961 0.00184346

0.0834961 0.00184346
0.0835449 0.00184346

0.0835449 0.00184346
0.0835938 0.00184346

0.0835937 0.00184346
0.0836426 0.00184346

0.0836426 0.00184346
0.0836914 0.00184346

0.0836914 0.00184346
0.0837402 0.00184347

0.0837402 0.00184347
0.0837891 0.00184347

0.0837891 0.00184347
0.0838379 0.00184347

0.0838379 0.00184347
0.0838867 0.00184348

0.0838867 0.00184348
0.0839355 0.00184348

0.0839355 0.00184348
0.0839844 0.00184348

0.0839844 0.00184348
0.0840332 0.00184349

0.0840332 0.00184349
0.084082 0.00184349

0.084082 0.00184349
0.0841309 0.0018435

0.0841309 0.0018435
0.0841797 0.0018435

0.0841797 0.0018435
0.0842285 0.00184351

0.0842285 0.00184351
0.0842773 0.00184351

0.0842773 0.00184351
0.0843262 0.00184352

0.0843262 0.00184352
0.084375 0.00184352

0.084375 0.00184352
0.0844238 0.00184353

0.0844238 0.00184353
0.0844727 0.00184353

0.0844727 0.00184353
0.0845215 0.00184354

0.0845215 0.00184354
0.0845703 0.00184354

0.0845703 0.00184354
0.0846191 0.00184355

0.0846191 0.00184355
0.084668 0.00184355

0.084668 0.00184355
0.0847168 0.00184356

0.0847168 0.00184356
0.0847656 0.00184356

0.0847656 0.00184356
0.0848145 0.00184357

0.0848145 0.00184357
0.0848633 0.00184357

0.0848633 0.00184357
0.0849121 0.00184357

0.0849121 0.00184357
0.0849609 0.00184358

0.0849609 0.00184358
0.0850098 0.00184358

0.0850098 0.00184358
0.0850586 0.00184359

0.0850586 0.00184359
0.0851074 0.00184359

0.0851074 0.00184359
0.0851563 0.00184359

0.0851563 0.00184359
0.0852051 0.0018436

0.0852051 0.0018436
0.0852539 0.0018436

0.0852539 0.0018436
0.0853027 0.00184361

0.0853027 0.00184361
0.0853516 0.00184361

0.0853516 0.00184361
0.0854004 0.00184361

0.0854004 0.00184361
0.0854492 0.00184361

0.0854492 0.00184361
0.085498 0.00184362

0.085498 0.00184362
0.0855469 0.00184362

0.0855469 0.00184362
0.0855957 0.00184362

0.0855957 0.00184362
0.0856445 0.00184362

0.0856445 0.00184362
0.0856934 0.00184362

0.0856934 0.00184362
0.0857422 0.00184363

0.0857422 0.00184363
0.085791 0.00184363

0.085791 0.00184363
0.0858398 0.00184363

0.0858398 0.00184363
0.0858887 0.00184363

0.0858887 0.00184363
0.0859375 0.00184363

0.0859375 0.00184363
0.0859863 0.00184363

0.0859863 0.00184363
0.0860352 0.00184363

0.0860352 0.00184363
0.086084 0.00184363

0.086084 0.00184363
0.0861328 0.00184363

0.0861328 0.00184363
0.0861816 0.00184363

0.0861816 0.00184363
0.0862305 0.00184363

0.0862305 0.00184363
0.0862793 0.00184363

0.0862793 0.00184363
0.0863281 0.00184363

0.0863281 0.00184363
0.086377 0.00184363

0.086377 0.00184363
0.0864258 0.00184363

0.0864258 0.00184363
0.0864746 0.00184362

0.0864746 0.00184362
0.0865234 0.00184362

0.0865234 0.00184362
0.0865723 0.00184362

0.0865723 0.00184362
0.0866211 0.00184362

0.0866211 0.00184362
0.0866699 0.00184362

0.0866699 0.00184362
0.0867188 0.00184362

0.0867187 0.00184362
0.0867676 0.00184362

0.0867676 0.00184362
0.0868164 0.00184362

0.0868164 0.00184362
0.0868652 0.00184361

0.0868652 0.00184361
0.0869141 0.00184361

0.0869141 0.00184361
0.0869629 0.00184361

0.0869629 0.00184361
0.0870117 0.00184361

0.0870117 0.00184361
0.0870605 0.00184361

0.0870605 0.00184361
0.0871094 0.00184361

0.0871094 0.00184361
0.0871582 0.00184361

0.0871582 0.00184361
0.087207 0.00184361

0.087207 0.00184361
0.0872559 0.0018436

0.0872559 0.0018436
0.0873047 0.0018436

0.0873047 0.0018436
0.0873535 0.0018436

0.0873535 0.0018436
0.0874023 0.0018436

0.0874023 0.0018436
0.0874512 0.0018436

0.0874512 0.0018436
0.0875 0.0018436

0.0875 0.0018436
0.0875488 0.0018436

0.0875488 0.0018436
0.0875977 0.0018436

0.0875977 0.0018436
0.0876465 0.0018436

0.0876465 0.0018436
0.0876953 0.0018436

0.0876953 0.0018436
0.0877441 0.0018436

0.0877441 0.0018436
0.087793 0.0018436

0.087793 0.0018436
0.0878418 0.0018436

0.0878418 0.0018436
0.0878906 0.0018436

0.0878906 0.0018436
0.0879395 0.00184361

0.0879395 0.00184361
0.0879883 0.00184361

0.0879883 0.00184361
0.0880371 0.00184361

0.0880371 0.00184361
0.0880859 0.00184361

0.0880859 0.00184361
0.0881348 0.00184361

0.0881348 0.00184361
0.0881836 0.00184362

0.0881836 0.00184362
0.0882324 0.00184362

0.0882324 0.00184362
0.0882813 0.00184362

0.0882813 0.00184362
0.0883301 0.00184362

0.0883301 0.00184362
0.0883789 0.00184363

0.0883789 0.00184363
0.0884277 0.00184363

0.0884277 0.00184363
0.0884766 0.00184363

0.0884766 0.00184363
0.0885254 0.00184364

0.0885254 0.00184364
0.0885742 0.00184364

0.0885742 0.00184364
0.088623 0.00184365

0.088623 0.00184365
0.0886719 0.00184365

0.0886719 0.00184365
0.0887207 0.00184365

0.0887207 0.00184365
0.0887695 0.00184366

0.0887695 0.00184366
0.0888184 0.00184366

0.0888184 0.00184366
0.0888672 0.00184367

0.0888672 0.00184367
0.088916 0.00184367

0.088916 0.00184367
0.0889648 0.00184368

0.0889648 0.00184368
0.0890137 0.00184368

0.0890137 0.00184368
0.0890625 0.00184369

0.0890625 0.00184369
0.0891113 0.00184369

0.0891113 0.00184369
0.0891602 0.0018437

0.0891602 0.0018437
0.089209 0.0018437

0.089209 0.0018437
0.0892578 0.00184371

0.0892578 0.00184371
0.0893066 0.00184371

0.0893066 0.00184371
0.0893555 0.00184372

0.0893555 0.00184372
0.0894043 0.00184372

0.0894043 0.00184372
0.0894531 0.00184373

0.0894531 0.00184373
0.089502 0.00184373

0.089502 0.00184373
0.0895508 0.00184374

0.0895508 0.00184374
0.0895996 0.00184374

0.0895996 0.00184374
0.0896484 0.00184375

0.0896484 0.00184375
0.0896973 0.00184375

0.0896973 0.00184375
0.0897461 0.00184376

0.0897461 0.00184376
0.0897949 0.00184376

0.0897949 0.00184376
0.0898438 0.00184376

0.0898438 0.00184376
0.0898926 0.00184377

0.0898926 0.00184377
0.0899414 0.00184377

0.0899414 0.00184377
0.0899902 0.00184377

0.0899902 0.00184377
0.0900391 0.00184378

0.0900391 0.00184378
0.0900879 0.00184378

0.0900879 0.00184378
0.0901367 0.00184378

0.0901367 0.00184378
0.0901855 0.00184379

0.0901855 0.00184379
0.0902344 0.00184379

0.0902344 0.00184379
0.0902832 0.00184379

0.0902832 0.00184379
0.090332 0.00184379

0.090332 0.00184379
0.0903809 0.00184379

0.0903809 0.00184379
0.0904297 0.00184379

0.0904297 0.00184379
0.0904785 0.00184379

0.0904785 0.00184379
0.0905273 0.00184379

0.0905273 0.00184379
0.0905762 0.00184379

0.0905762 0.00184379
0.090625 0.00184379

0.090625 0.00184379
0.0906738 0.00184379

0.0906738 0.00184379
0.0907227 0.00184379

0.0907227 0.00184379
0.0907715 0.00184379

0.0907715 0.00184379
0.0908203 0.00184379

0.0908203 0.00184379
0.0908691 0.00184379

0.0908691 0.00184379
0.090918 0.00184379

0.090918 0.00184379
0.0909668 0.00184379

0.0909668 0.00184379
0.0910156 0.00184378

0.0910156 0.00184378
0.0910645 0.00184378

0.0910645 0.00184378
0.0911133 0.00184378

0.0911133 0.00184378
0.0911621 0.00184377

0.0911621 0.00184377
0.0912109 0.00184377

0.0912109 0.00184377
0.0912598 0.00184377

0.0912598 0.00184377
0.0913086 0.00184376

0.0913086 0.00184376
0.0913574 0.00184376

0.0913574 0.00184376
0.0914063 0.00184376

0.0914062 0.00184376
0.0914551 0.00184375

0.0914551 0.00184375
0.0915039 0.00184375

0.0915039 0.00184375
0.0915527 0.00184374

0.0915527 0.00184374
0.0916016 0.00184374

0.0916016 0.00184374
0.0916504 0.00184373

0.0916504 0.00184373
0.0916992 0.00184373

0.0916992 0.00184373
0.091748 0.00184372

0.091748 0.00184372
0.0917969 0.00184372

0.0917969 0.00184372
0.0918457 0.00184371

0.0918457 0.00184371
0.0918945 0.00184371

0.0918945 0.00184371
0.0919434 0.0018437

0.0919434 0.0018437
0.0919922 0.0018437

0.0919922 0.0018437
0.092041 0.00184369

0.092041 0.00184369
0.0920898 0.00184369

0.0920898 0.00184369
0.0921387 0.00184368

0.0921387 0.00184368
0.0921875 0.00184368

0.0921875 0.00184368
0.0922363 0.00184368

0.0922363 0.00184368
0.0922852 0.00184367

0.0922852 0.00184367
0.092334 0.00184367

0.092334 0.00184367
0.0923828 0.00184366

0.0923828 0.00184366
0.0924316 0.00184366

0.0924316 0.00184366
0.0924805 0.00184366

0.0924805 0.00184366
0.0925293 0.00184365

0.0925293 0.00184365
0.0925781 0.00184365

0.0925781 0.00184365
0.092627 0.00184365

0.092627 0.00184365
0.0926758 0.00184364

0.0926758 0.00184364
0.0927246 0.00184364

0.0927246 0.00184364
0.0927734 0.00184364

0.0927734 0.00184364
0.0928223 0.00184364

0.0928223 0.00184364
0.0928711 0.00184363

0.0928711 0.00184363
0.0929199 0.00184363

0.0929199 0.00184363
0.0929688 0.00184363

0.0929688 0.00184363
0.0930176 0.00184363

0.0930176 0.00184363
0.0930664 0.00184363

0.0930664 0.00184363
0.0931152 0.00184363

0.0931152 0.00184363
0.0931641 0.00184363

0.0931641 0.00184363
0.0932129 0.00184363

0.0932129 0.00184363
0.0932617 0.00184363

0.0932617 0.00184363
0.0933105 0.00184363

0.0933105 0.00184363
0.0933594 0.00184363

0.0933594 0.00184363
0.0934082 0.00184364

0.0934082 0.00184364
0.093457 0.00184364

0.093457 0.00184364
0.0935059 0.00184364

0.0935059 0.00184364
0.0935547 0.00184364

0.0935547 0.00184364
0.0936035 0.00184365

0.0936035 0.00184365
0.0936523 0.00184365

0.0936523 0.00184365
0.0937012 0.00184365

0.0937012 0.00184365
0.09375 0.00184366

0.09375 0.00184366
0.0937988 0.00184366

0.0937988 0.00184366
0.0938477 0.00184366

0.0938477 0.00184366
0.0938965 0.00184367

0.0938965 0.00184367
0.0939453 0.00184367

0.0939453 0.00184367
0.0939941 0.00184368

0.0939941 0.00184368
0.094043 0.00184368

0.094043 0.00184368
0.0940918 0.00184369

0.0940918 0.00184369
0.0941406 0.00184369

0.0941406 0.00184369
0.0941895 0.0018437

0.0941895 0.0018437
0.0942383 0.0018437

0.0942383 0.0018437
0.0942871 0.00184371

0.0942871 0.00184371
0.0943359 0.00184371

0.0943359 0.00184371
0.0943848 0.00184372

0.0943848 0.00184372
0.0944336 0.00184373

0.0944336 0.00184373
0.0944824 0.00184373

0.0944824 0.00184373
0.0945313 0.00184374

0.0945312 0.00184374
0.0945801 0.00184375

0.0945801 0.00184375
0.0946289 0.00184375

0.0946289 0.00184375
0.0946777 0.00184376

0.0946777 0.00184376
0.0947266 0.00184377

0.0947266 0.00184377
0.0947754 0.00184377

0.0947754 0.00184377
0.0948242 0.00184378

0.0948242 0.00184378
0.094873 0.00184379

0.094873 0.00184379
0.0949219 0.00184379

0.0949219 0.00184379
0.0949707 0.0018438

0.0949707 0.0018438
0.0950195 0.00184381

0.0950195 0.00184381
0.0950684 0.00184381

0.0950684 0.00184381
0.0951172 0.00184382

0.0951172 0.00184382
0.095166 0.00184383

0.095166 0.00184383
0.0952148 0.00184383

0.0952148 0.00184383
0.0952637 0.00184384

0.0952637 0.00184384
0.0953125 0.00184384

0.0953125 0.00184384
0.0953613 0.00184385

0.0953613 0.00184385
0.0954102 0.00184386

0.0954102 0.00184386
0.095459 0.00184386

0.095459 0.00184386
0.0955078 0.00184387

0.0955078 0.00184387
0.0955566 0.00184388

0.0955566 0.00184388
0.0956055 0.00184388

0.0956055 0.00184388
0.0956543 0.00184389

0.0956543 0.00184389
0.0957031 0.00184389

0.0957031 0.00184389
0.095752 0.0018439

0.095752 0.0018439
0.0958008 0.00184391

0.0958008 0.00184391
0.0958496 0.00184391

0.0958496 0.00184391
0.0958984 0.00184392

0.0958984 0.00184392
0.0959473 0.00184392

0.0959473 0.00184392
0.0959961 0.00184393

0.0959961 0.00184393
0.0960449 0.00184394

0.0960449 0.00184394
0.0960938 0.00184394

0.0960938 0.00184394
0.0961426 0.00184395

0.0961426 0.00184395
0.0961914 0.00184395

0.0961914 0.00184395
0.0962402 0.00184396

0.0962402 0.00184396
0.0962891 0.00184396

0.0962891 0.00184396
0.0963379 0.00184397

0.0963379 0.00184397
0.0963867 0.00184397

0.0963867 0.00184397
0.0964355 0.00184398

0.0964355 0.00184398
0.0964844 0.00184398

0.0964844 0.00184398
0.0965332 0.00184399

0.0965332 0.00184399
0.096582 0.00184399

0.096582 0.00184399
0.0966309 0.001844

0.0966309 0.001844
0.0966797 0.001844

0.0966797 0.001844
0.0967285 0.00184401

0.0967285 0.00184401
0.0967773 0.00184401

0.0967773 0.00184401
0.0968262 0.00184402

0.0968262 0.00184402
0.096875 0.00184402

0.096875 0.00184402
0.0969238 0.00184402

0.0969238 0.00184402
0.0969727 0.00184403

0.0969727 0.00184403
0.0970215 0.00184403

0.0970215 0.00184403
0.0970703 0.00184404

0.0970703 0.00184404
0.0971191 0.00184404

0.0971191 0.00184404
0.097168 0.00184404

0.097168 0.00184404
0.0972168 0.00184405

0.0972168 0.00184405
0.0972656 0.00184405

0.0972656 0.00184405
0.0973145 0.00184405

0.0973145 0.00184405
0.0973633 0.00184406

0.0973633 0.00184406
0.0974121 0.00184406

0.0974121 0.00184406
0.0974609 0.00184406

0.0974609 0.00184406
0.0975098 0.00184407

0.0975098 0.00184407
0.0975586 0.00184407

0.0975586 0.00184407
0.0976074 0.00184407

0.0976074 0.00184407
0.0976563 0.00184408

0.0976562 0.00184408
0.0977051 0.00184408

0.0977051 0.00184408
0.0977539 0.00184408

0.0977539 0.00184408
0.0978027 0.00184408

0.0978027 0.00184408
0.0978516 0.00184408

0.0978516 0.00184408
0.0979004 0.00184409

0.0979004 0.00184409
0.0979492 0.00184409

0.0979492 0.00184409
0.097998 0.00184409

0.097998 0.00184409
0.0980469 0.00184409

0.0980469 0.00184409
0.0980957 0.00184409

0.0980957 0.00184409
0.0981445 0.00184409

0.0981445 0.00184409
0.0981934 0.00184409

0.0981934 0.00184409
0.0982422 0.00184409

0.0982422 0.00184409
0.098291 0.00184409

0.098291 0.00184409
0.0983398 0.00184409

0.0983398 0.00184409
0.0983887 0.00184409

0.0983887 0.00184409
0.0984375 0.00184409

0.0984375 0.00184409
0.0984863 0.00184409

0.0984863 0.00184409
0.0985352 0.00184409

0.0985352 0.00184409
0.098584 0.00184409

0.098584 0.00184409
0.0986328 0.00184409

0.0986328 0.00184409
0.0986816 0.00184409

0.0986816 0.00184409
0.0987305 0.00184409

0.0987305 0.00184409
0.0987793 0.00184409

0.0987793 0.00184409
0.0988281 0.00184409

0.0988281 0.00184409
0.098877 0.00184409

0.098877 0.00184409
0.0989258 0.00184408

0.0989258 0.00184408
0.0989746 0.00184408

0.0989746 0.00184408
0.0990234 0.00184408

0.0990234 0.00184408
0.0990723 0.00184408

0.0990723 0.00184408
0.0991211 0.00184408

0.0991211 0.00184408
0.0991699 0.00184407

0.0991699 0.00184407
0.0992188 0.00184407

0.0992187 0.00184407
0.0992676 0.00184407

0.0992676 0.00184407
0.0993164 0.00184407

0.0993164 0.00184407
0.0993652 0.00184407

0.0993652 0.00184407
0.0994141 0.00184406

0.0994141 0.00184406
0.0994629 0.00184406

0.0994629 0.00184406
0.0995117 0.00184406

0.0995117 0.00184406
0.0995605 0.00184406

0.0995605 0.00184406
0.0996094 0.00184405

0.0996094 0.00184405
0.0996582 0.00184405

0.0996582 0.00184405
0.099707 0.00184405

0.099707 0.00184405
0.0997559 0.00184405

0.0997559 0.00184405
0.0998047 0.00184405

0.0998047 0.00184405
0.0998535 0.00184404

0.0998535 0.00184404
0.0999023 0.00184404

0.0999023 0.00184404
0.0999512 0.00184404

0.0999512 0.00184404
0.1 0.00184404

0.1 0.00184404
0.100049 0.00184404

0.100049 0.00184404
0.100098 0.00184403

0.100098 0.00184403
0.100146 0.00184403

0.100146 0.00184403
0.100195 0.00184403

0.100195 0.00184403
0.100244 0.00184403

0.100244 0.00184403
0.100293 0.00184403

0.100293 0.00184403
0.100342 0.00184402

0.100342 0.00184402
0.100391 0.00184402

0.100391 0.00184402
0.100439 0.00184402

0.100439 0.00184402
0.100488 0.00184402

0.100488 0.00184402
0.100537 0.00184402

0.100537 0.00184402
0.100586 0.00184402

0.100586 0.00184402
0.100635 0.00184402

0.100635 0.00184402
0.100684 0.00184402

0.100684 0.00184402
0.100732 0.00184402

0.100732 0.00184402
0.100781 0.00184402

0.100781 0.00184402
0.10083 0.00184401

0.10083 0.00184401
0.100879 0.00184401

0.100879 0.00184401
0.100928 0.00184401

0.100928 0.00184401
0.100977 0.00184401

0.100977 0.00184401
0.101025 0.00184401

0.101025 0.00184401
0.101074 0.00184401

0.101074 0.00184401
0.101123 0.00184401

0.101123 0.00184401
0.101172 0.00184401

0.101172 0.00184401
0.101221 0.00184401

0.101221 0.00184401
0.10127 0.00184401

0.10127 0.00184401
0.101318 0.00184401

0.101318 0.00184401
0.101367 0.00184401

0.101367 0.00184401
0.101416 0.00184401

0.101416 0.00184401
0.101465 0.00184401

0.101465 0.00184401
0.101514 0.00184401

0.101514 0.00184401
0.101563 0.00184401

0.101562 0.00184401
0.101611 0.00184401

0.101611 0.00184401
0.10166 0.00184401

0.10166 0.00184401
0.101709 0.00184401

0.101709 0.00184401
0.101758 0.00184402

0.101758 0.00184402
0.101807 0.00184402

0.101807 0.00184402
0.101855 0.00184402

0.101855 0.00184402
0.101904 0.00184402

0.101904 0.00184402
0.101953 0.00184402

0.101953 0.00184402
0.102002 0.00184402

0.102002 0.00184402
0.102051 0.00184402

0.102051 0.00184402
0.1021 0.00184402

0.1021 0.00184402
0.102148 0.00184402

0.102148 0.00184402
0.102197 0.00184402

0.102197 0.00184402
0.102246 0.00184402

0.102246 0.00184402
0.102295 0.00184403

0.102295 0.00184403
0.102344 0.00184403

0.102344 0.00184403
0.102393 0.00184403

0.102393 0.00184403
0.102441 0.00184403

0.102441 0.00184403
0.10249 0.00184403

0.10249 0.00184403
0.102539 0.00184403

0.102539 0.00184403
0.102588 0.00184403

0.102588 0.00184403
0.102637 0.00184403

0.102637 0.00184403
0.102686 0.00184404

0.102686 0.00184404
0.102734 0.00184404

0.102734 0.00184404
0.102783 0.00184404

0.102783 0.00184404
0.102832 0.00184404

0.102832 0.00184404
0.102881 0.00184404

0.102881 0.00184404
0.10293 0.00184404

0.10293 0.00184404
0.102979 0.00184404

0.102979 0.00184404
0.103027 0.00184405

0.103027 0.00184405
0.103076 0.00184405

0.103076 0.00184405
0.103125 0.00184405

0.103125 0.00184405
0.103174 0.00184405

0.103174 0.00184405
0.103223 0.00184405

0.103223 0.00184405
0.103271 0.00184405

0.103271 0.00184405
0.10332 0.00184406

0.10332 0.00184406
0.103369 0.00184406

0.103369 0.00184406
0.103418 0.00184406

0.103418 0.00184406
0.103467 0.00184406

0.103467 0.00184406
0.103516 0.00184406

0.103516 0.00184406
0.103564 0.00184406

0.103564 0.00184406
0.103613 0.00184407

0.103613 0.00184407
0.103662 0.00184407

0.103662 0.00184407
0.103711 0.00184407

0.103711 0.00184407
0.10376 0.00184407

0.10376 0.00184407
0.103809 0.00184407

0.103809 0.00184407
0.103857 0.00184407

0.103857 0.00184407
0.103906 0.00184408

0.103906 0.00184408
0.103955 0.00184408

0.103955 0.00184408
0.104004 0.00184408

0.104004 0.00184408
0.104053 0.00184408

0.104053 0.00184408
0.104102 0.00184408

0.104102 0.00184408
0.10415 0.00184408

0.10415 0.00184408
0.104199 0.00184409

0.104199 0.00184409
0.104248 0.00184409

0.104248 0.00184409
0.104297 0.00184409

0.104297 0.00184409
0.104346 0.00184409

0.104346 0.00184409
0.104395 0.00184409

0.104395 0.00184409
0.104443 0.0018441

0.104443 0.0018441
0.104492 0.0018441

0.104492 0.0018441
0.104541 0.0018441

0.104541 0.0018441
0.10459 0.0018441

0.10459 0.0018441
0.104639 0.0018441

0.104639 0.0018441
0.104688 0.00184411

0.104688 0.00184411
0.104736 0.00184411

0.104736 0.00184411
0.104785 0.00184411

0.104785 0.00184411
0.104834 0.00184411

0.104834 0.00184411
0.104883 0.00184411

0.104883 0.00184411
0.104932 0.00184412

0.104932 0.00184412
0.10498 0.00184412

0.10498 0.00184412
0.105029 0.00184412

0.105029 0.00184412
0.105078 0.00184412

0.105078 0.00184412
0.105127 0.00184413

0.105127 0.00184413
0.105176 0.00184413

0.105176 0.00184413
0.105225 0.00184413

0.105225 0.00184413
0.105273 0.00184413

0.105273 0.00184413
0.105322 0.00184414

0.105322 0.00184414
0.105371 0.00184414

0.105371 0.00184414
0.10542 0.00184414

0.10542 0.00184414
0.105469 0.00184414

0.105469 0.00184414
0.105518 0.00184415

0.105518 0.00184415
0.105566 0.00184415

0.105566 0.00184415
0.105615 0.00184415

0.105615 0.00184415
0.105664 0.00184416

0.105664 0.00184416
0.105713 0.00184416

0.105713 0.00184416
0.105762 0.00184416

0.105762 0.00184416
0.105811 0.00184416

0.105811 0.00184416
0.105859 0.00184417

0.105859 0.00184417
0.105908 0.00184417

0.105908 0.00184417
0.105957 0.00184418

0.105957 0.00184418
0.106006 0.00184418

0.106006 0.00184418
0.106055 0.00184418

0.106055 0.00184418
0.106104 0.00184419

0.106104 0.00184419
0.106152 0.00184419

0.106152 0.00184419
0.106201 0.00184419

0.106201 0.00184419
0.10625 0.0018442

0.10625 0.0018442
0.106299 0.0018442

0.106299 0.0018442
0.106348 0.00184421

0.106348 0.00184421
0.106396 0.00184421

0.106396 0.00184421
0.106445 0.00184421

0.106445 0.00184421
0.106494 0.00184422

0.106494 0.00184422
0.106543 0.00184422

0.106543 0.00184422
0.106592 0.00184423

0.106592 0.00184423
0.106641 0.00184423

0.106641 0.00184423
0.106689 0.00184424

0.106689 0.00184424
0.106738 0.00184424

0.106738 0.00184424
0.106787 0.00184425

0.106787 0.00184425
0.106836 0.00184425

0.106836 0.00184425
0.106885 0.00184426

0.106885 0.00184426
0.106934 0.00184426

0.106934 0.00184426
0.106982 0.00184427

0.106982 0.00184427
0.107031 0.00184427

0.107031 0.00184427
0.10708 0.00184428

0.10708 0.00184428
0.107129 0.00184429

0.107129 0.00184429
0.107178 0.00184429

0.107178 0.00184429
0.107227 0.0018443

0.107227 0.0018443
0.107275 0.0018443

0.107275 0.0018443
0.107324 0.00184431

0.107324 0.00184431
0.107373 0.00184432

0.107373 0.00184432
0.107422 0.00184432

0.107422 0.00184432
0.107471 0.00184433

0.107471 0.00184433
0.10752 0.00184434

0.10752 0.00184434
0.107568 0.00184434

0.107568 0.00184434
0.107617 0.00184435

0.107617 0.00184435
0.107666 0.00184436

0.107666 0.00184436
0.107715 0.00184437

0.107715 0.00184437
0.107764 0.00184437

0.107764 0.00184437
0.107813 0.00184438

0.107813 0.00184438
0.107861 0.00184439

0.107861 0.00184439
0.10791 0.0018444

0.10791 0.0018444
0.107959 0.0018444

0.107959 0.0018444
0.108008 0.00184441

0.108008 0.00184441
0.108057 0.00184442

0.108057 0.00184442
0.108105 0.00184443

0.108105 0.00184443
0.108154 0.00184444

0.108154 0.00184444
0.108203 0.00184444

0.108203 0.00184444
0.108252 0.00184445

0.108252 0.00184445
0.108301 0.00184446

0.108301 0.00184446
0.10835 0.00184447

0.10835 0.00184447
0.108398 0.00184448

0.108398 0.00184448
0.108447 0.00184449

0.108447 0.00184449
0.108496 0.0018445

0.108496 0.0018445
0.108545 0.00184451

0.108545 0.00184451
0.108594 0.00184452

0.108594 0.00184452
0.108643 0.00184453

0.108643 0.00184453
0.108691 0.00184454

0.108691 0.00184454
0.10874 0.00184455

0.10874 0.00184455
0.108789 0.00184455

0.108789 0.00184455
0.108838 0.00184456

0.108838 0.00184456
0.108887 0.00184457

0.108887 0.00184457
0.108936 0.00184458

0.108936 0.00184458
0.108984 0.00184459

0.108984 0.00184459
0.109033 0.0018446

0.109033 0.0018446
0.109082 0.00184462

0.109082 0.00184462
0.109131 0.00184463

0.109131 0.00184463
0.10918 0.00184464

0.10918 0.00184464
0.109229 0.00184465

0.109229 0.00184465
0.109277 0.00184466

0.109277 0.00184466
0.109326 0.00184467

0.109326 0.00184467
0.109375 0.00184468

0.109375 0.00184468
0.109424 0.00184469

0.109424 0.00184469
0.109473 0.0018447

0.109473 0.0018447
0.109521 0.00184471

0.109521 0.00184471
0.10957 0.00184472

0.10957 0.00184472
0.109619 0.00184473

0.109619 0.00184473
0.109668 0.00184474

0.109668 0.00184474
0.109717 0.00184475

0.109717 0.00184475
0.109766 0.00184476

0.109766 0.00184476
0.109814 0.00184477

0.109814 0.00184477
0.109863 0.00184478

0.109863 0.00184478
0.109912 0.00184479

0.109912 0.00184479
0.109961 0.00184481

0.109961 0.00184481
0.11001 0.00184482

0.11001 0.00184482
0.110059 0.00184483

0.110059 0.00184483
0.110107 0.00184484

0.110107 0.00184484
0.110156 0.00184485

0.110156 0.00184485
0.110205 0.00184486

0.110205 0.00184486
0.110254 0.00184487

0.110254 0.00184487
0.110303 0.00184488

0.110303 0.00184488
0.110352 0.00184489

0.110352 0.00184489
0.1104 0.0018449

0.1104 0.0018449
0.110449 0.00184491

0.110449 0.00184491
0.110498 0.00184492

0.110498 0.00184492
0.110547 0.00184493

0.110547 0.00184493
0.110596 0.00184494

0.110596 0.00184494
0.110645 0.00184495

0.110645 0.00184495
0.110693 0.00184496

0.110693 0.00184496
0.110742 0.00184497

0.110742 0.00184497
0.110791 0.00184498

0.110791 0.00184498
0.11084 0.00184498

0.11084 0.00184498
0.110889 0.00184499

0.110889 0.00184499
0.110938 0.001845

0.110937 0.001845
0.110986 0.00184501

0.110986 0.00184501
0.111035 0.00184502

0.111035 0.00184502
0.111084 0.00184503

0.111084 0.00184503
0.111133 0.00184504

0.111133 0.00184504
0.111182 0.00184504

0.111182 0.00184504
0.11123 0.00184505

0.11123 0.00184505
0.111279 0.00184506

0.111279 0.00184506
0.111328 0.00184507

0.111328 0.00184507
0.111377 0.00184507

0.111377 0.00184507
0.111426 0.00184508

0.111426 0.00184508
0.111475 0.00184509

0.111475 0.00184509
0.111523 0.00184509

0.111523 0.00184509
0.111572 0.0018451

0.111572 0.0018451
0.111621 0.00184511

0.111621 0.00184511
0.11167 0.00184511

0.11167 0.00184511
0.111719 0.00184512

0.111719 0.00184512
0.111768 0.00184512

0.111768 0.00184512
0.111816 0.00184513

0.111816 0.00184513
0.111865 0.00184513

0.111865 0.00184513
0.111914 0.00184514

0.111914 0.00184514
0.111963 0.00184514

0.111963 0.00184514
0.112012 0.00184515

0.112012 0.00184515
0.112061 0.00184515

0.112061 0.00184515
0.112109 0.00184515

0.112109 0.00184515
0.112158 0.00184516

0.112158 0.00184516
0.112207 0.00184516

0.112207 0.00184516
0.112256 0.00184516

0.112256 0.00184516
0.112305 0.00184517

0.112305 0.00184517
0.112354 0.00184517

0.112354 0.00184517
0.112402 0.00184517

0.112402 0.00184517
0.112451 0.00184517

0.112451 0.00184517
0.1125 0.00184518

0.1125 0.00184518
0.112549 0.00184518

0.112549 0.00184518
0.112598 0.00184518

0.112598 0.00184518
0.112646 0.00184518

0.112646 0.00184518
0.112695 0.00184518

0.112695 0.00184518
0.112744 0.00184518

0.112744 0.00184518
0.112793 0.00184518

0.112793 0.00184518
0.112842 0.00184518

0.112842 0.00184518
0.112891 0.00184518

0.112891 0.00184518
0.112939 0.00184518

0.112939 0.00184518
0.112988 0.00184518

0.112988 0.00184518
0.113037 0.00184518

0.113037 0.00184518
0.113086 0.00184518

0.113086 0.00184518
0.113135 0.00184517

0.113135 0.00184517
0.113184 0.00184517

0.113184 0.00184517
0.113232 0.00184517

0.113232 0.00184517
0.113281 0.00184517

0.113281 0.00184517
0.11333 0.00184516

0.11333 0.00184516
0.113379 0.00184516

0.113379 0.00184516
0.113428 0.00184516

0.113428 0.00184516
0.113477 0.00184516

0.113477 0.00184516
0.113525 0.00184515

0.113525 0.00184515
0.113574 0.00184515

0.113574 0.00184515
0.113623 0.00184514

0.113623 0.00184514
0.113672 0.00184514

0.113672 0.00184514
0.113721 0.00184514

0.113721 0.00184514
0.11377 0.00184513

0.11377 0.00184513
0.113818 0.00184513

0.113818 0.00184513
0.113867 0.00184512

0.113867 0.00184512
0.113916 0.00184512

0.113916 0.00184512
0.113965 0.00184511

0.113965 0.00184511
0.114014 0.0018451

0.114014 0.0018451
0.114063 0.0018451

0.114062 0.0018451
0.114111 0.00184509

0.114111 0.00184509
0.11416 0.00184509

0.11416 0.00184509
0.114209 0.00184508

0.114209 0.00184508
0.114258 0.00184507

0.114258 0.00184507
0.114307 0.00184507

0.114307 0.00184507
0.114355 0.00184506

0.114355 0.00184506
0.114404 0.00184505

0.114404 0.00184505
0.114453 0.00184505

0.114453 0.00184505
0.114502 0.00184504

0.114502 0.00184504
0.114551 0.00184503

0.114551 0.00184503
0.1146 0.00184502

0.1146 0.00184502
0.114648 0.00184502

0.114648 0.00184502
0.114697 0.00184501

0.114697 0.00184501
0.114746 0.001845

0.114746 0.001845
0.114795 0.00184499

0.114795 0.00184499
0.114844 0.00184498

0.114844 0.00184498
0.114893 0.00184498

0.114893 0.00184498
0.114941 0.00184497

0.114941 0.00184497
0.11499 0.00184496

0.11499 0.00184496
0.115039 0.00184495

0.115039 0.00184495
0.115088 0.00184494

0.115088 0.00184494
0.115137 0.00184493

0.115137 0.00184493
0.115186 0.00184493

0.115186 0.00184493
0.115234 0.00184492

0.115234 0.00184492
0.115283 0.00184491

0.115283 0.00184491
0.115332 0.0018449

0.115332 0.0018449
0.115381 0.00184489

0.115381 0.00184489
0.11543 0.00184488

0.11543 0.00184488
0.115479 0.00184487

0.115479 0.00184487
0.115527 0.00184487

0.115527 0.00184487
0.115576 0.00184486

0.115576 0.00184486
0.115625 0.00184485

0.115625 0.00184485
0.115674 0.00184484

0.115674 0.00184484
0.115723 0.00184483

0.115723 0.00184483
0.115771 0.00184482

0.115771 0.00184482
0.11582 0.00184482

0.11582 0.00184482
0.115869 0.00184481

0.115869 0.00184481
0.115918 0.0018448

0.115918 0.0018448
0.115967 0.00184479

0.115967 0.00184479
0.116016 0.00184478

0.116016 0.00184478
0.116064 0.00184477

0.116064 0.00184477
0.116113 0.00184477

0.116113 0.00184477
0.116162 0.00184476

0.116162 0.00184476
0.116211 0.00184475

0.116211 0.00184475
0.11626 0.00184474

0.11626 0.00184474
0.116309 0.00184474

0.116309 0.00184474
0.116357 0.00184473

0.116357 0.00184473
0.116406 0.00184472

0.116406 0.00184472
0.116455 0.00184472

0.116455 0.00184472
0.116504 0.00184471

0.116504 0.00184471
0.116553 0.0018447

0.116553 0.0018447
0.116602 0.0018447

0.116602 0.0018447
0.11665 0.00184469

0.11665 0.00184469
0.116699 0.00184468

0.116699 0.00184468
0.116748 0.00184468

0.116748 0.00184468
0.116797 0.00184467

0.116797 0.00184467
0.116846 0.00184467

0.116846 0.00184467
0.116895 0.00184466

0.116895 0.00184466
0.116943 0.00184466

0.116943 0.00184466
0.116992 0.00184465

0.116992 0.00184465
0.117041 0.00184465

0.117041 0.00184465
0.11709 0.00184464

0.11709 0.00184464
0.117139 0.00184464

0.117139 0.00184464
0.117188 0.00184463

0.117188 0.00184463
0.117236 0.00184463

0.117236 0.00184463
0.117285 0.00184463

0.117285 0.00184463
0.117334 0.00184462

0.117334 0.00184462
0.117383 0.00184462

0.117383 0.00184462
0.117432 0.00184462

0.117432 0.00184462
0.11748 0.00184461

0.11748 0.00184461
0.117529 0.00184461

0.117529 0.00184461
0.117578 0.00184461

0.117578 0.00184461
0.117627 0.00184461

0.117627 0.00184461
0.117676 0.00184461

0.117676 0.00184461
0.117725 0.00184461

0.117725 0.00184461
0.117773 0.0018446

0.117773 0.0018446
0.117822 0.0018446

0.117822 0.0018446
0.117871 0.0018446

0.117871 0.0018446
0.11792 0.0018446

0.11792 0.0018446
0.117969 0.0018446

0.117969 0.0018446
0.118018 0.0018446

0.118018 0.0018446
0.118066 0.0018446

0.118066 0.0018446
0.118115 0.0018446

0.118115 0.0018446
0.118164 0.00184461

0.118164 0.00184461
0.118213 0.00184461

0.118213 0.00184461
0.118262 0.00184461

0.118262 0.00184461
0.118311 0.00184461

0.118311 0.00184461
0.118359 0.00184461

0.118359 0.00184461
0.118408 0.00184461

0.118408 0.00184461
0.118457 0.00184462

0.118457 0.00184462
0.118506 0.00184462

0.118506 0.00184462
0.118555 0.00184462

0.118555 0.00184462
0.118604 0.00184463

0.118604 0.00184463
0.118652 0.00184463

0.118652 0.00184463
0.118701 0.00184463

0.118701 0.00184463
0.11875 0.00184464

0.11875 0.00184464
0.118799 0.00184464

0.118799 0.00184464
0.118848 0.00184465

0.118848 0.00184465
0.118896 0.00184465

0.118896 0.00184465
0.118945 0.00184466

0.118945 0.00184466
0.118994 0.00184466

0.118994 0.00184466
0.119043 0.00184467

0.119043 0.00184467
0.119092 0.00184467

0.119092 0.00184467
0.119141 0.00184468

0.119141 0.00184468
0.119189 0.00184469

0.119189 0.00184469
0.119238 0.00184469

0.119238 0.00184469
0.119287 0.0018447

0.119287 0.0018447
0.119336 0.00184471

0.119336 0.00184471
0.119385 0.00184471

0.119385 0.00184471
0.119434 0.00184472

0.119434 0.00184472
0.119482 0.00184473

0.119482 0.00184473
0.119531 0.00184474

0.119531 0.00184474
0.11958 0.00184474

0.11958 0.00184474
0.119629 0.00184475

0.119629 0.00184475
0.119678 0.00184476

0.119678 0.00184476
0.119727 0.00184477

0.119727 0.00184477
0.119775 0.00184478

0.119775 0.00184478
0.119824 0.00184478

0.119824 0.00184478
0.119873 0.00184479

0.119873 0.00184479
0.119922 0.0018448

0.119922 0.0018448
0.119971 0.00184481

0.119971 0.00184481
0.12002 0.00184482

0.12002 0.00184482
0.120068 0.00184483

0.120068 0.00184483
0.120117 0.00184484

0.120117 0.00184484
0.120166 0.00184484

0.120166 0.00184484
0.120215 0.00184485

0.120215 0.00184485
0.120264 0.00184486

0.120264 0.00184486
0.120313 0.00184487

0.120313 0.00184487
0.120361 0.00184488

0.120361 0.00184488
0.12041 0.00184489

0.12041 0.00184489
0.120459 0.0018449

0.120459 0.0018449
0.120508 0.00184491

0.120508 0.00184491
0.120557 0.00184492

0.120557 0.00184492
0.120605 0.00184493

0.120605 0.00184493
0.120654 0.00184494

0.120654 0.00184494
0.120703 0.00184495

0.120703 0.00184495
0.120752 0.00184496

0.120752 0.00184496
0.120801 0.00184496

0.120801 0.00184496
0.12085 0.00184497

0.12085 0.00184497
0.120898 0.00184498

0.120898 0.00184498
0.120947 0.00184499

0.120947 0.00184499
0.120996 0.001845

0.120996 0.001845
0.121045 0.00184501

0.121045 0.00184501
0.121094 0.00184502

0.121094 0.00184502
0.121143 0.00184503

0.121143 0.00184503
0.121191 0.00184504

0.121191 0.00184504
0.12124 0.00184505

0.12124 0.00184505
0.121289 0.00184505

0.121289 0.00184505
0.121338 0.00184506

0.121338 0.00184506
0.121387 0.00184507

0.121387 0.00184507
0.121436 0.00184508

0.121436 0.00184508
0.121484 0.00184509

0.121484 0.00184509
0.121533 0.00184509

0.121533 0.00184509
0.121582 0.0018451

0.121582 0.0018451
0.121631 0.00184511

0.121631 0.00184511
0.12168 0.00184512

0.12168 0.00184512
0.121729 0.00184513

0.121729 0.00184513
0.121777 0.00184513

0.121777 0.00184513
0.121826 0.00184514

0.121826 0.00184514
0.121875 0.00184515

0.121875 0.00184515
0.121924 0.00184515

0.121924 0.00184515
0.121973 0.00184516

0.121973 0.00184516
0.122021 0.00184517

0.122021 0.00184517
0.12207 0.00184517

0.12207 0.00184517
0.122119 0.00184518

0.122119 0.00184518
0.122168 0.00184519

0.122168 0.00184519
0.122217 0.00184519

0.122217 0.00184519
0.122266 0.0018452

0.122266 0.0018452
0.122314 0.0018452

0.122314 0.0018452
0.122363 0.00184521

0.122363 0.00184521
0.122412 0.00184521

0.122412 0.00184521
0.122461 0.00184522

0.122461 0.00184522
0.12251 0.00184522

0.12251 0.00184522
0.122559 0.00184523

0.122559 0.00184523
0.122607 0.00184523

0.122607 0.00184523
0.122656 0.00184524

0.122656 0.00184524
0.122705 0.00184524

0.122705 0.00184524
0.122754 0.00184524

0.122754 0.00184524
0.122803 0.00184525

0.122803 0.00184525
0.122852 0.00184525

0.122852 0.00184525
0.1229 0.00184525

0.1229 0.00184525
0.122949 0.00184526

0.122949 0.00184526
0.122998 0.00184526

0.122998 0.00184526
0.123047 0.00184526

0.123047 0.00184526
0.123096 0.00184527

0.123096 0.00184527
0.123145 0.00184527

0.123145 0.00184527
0.123193 0.00184527

0.123193 0.00184527
0.123242 0.00184527

0.123242 0.00184527
0.123291 0.00184527

0.123291 0.00184527
0.12334 0.00184528

0.12334 0.00184528
0.123389 0.00184528

0.123389 0.00184528
0.123438 0.00184528

0.123438 0.00184528
0.123486 0.00184528

0.123486 0.00184528
0.123535 0.00184528

0.123535 0.00184528
0.123584 0.00184528

0.123584 0.00184528
0.123633 0.00184528

0.123633 0.00184528
0.123682 0.00184529

0.123682 0.00184529
0.12373 0.00184529

0.12373 0.00184529
0.123779 0.00184529

0.123779 0.00184529
0.123828 0.00184529

0.123828 0.00184529
0.123877 0.00184529

0.123877 0.00184529
0.123926 0.00184529

0.123926 0.00184529
0.123975 0.00184529

0.123975 0.00184529
0.124023 0.00184529

0.124023 0.00184529
0.124072 0.00184529

0.124072 0.00184529
0.124121 0.00184529

0.124121 0.00184529
0.12417 0.00184529

0.12417 0.00184529
0.124219 0.00184529

0.124219 0.00184529
0.124268 0.00184529

0.124268 0.00184529
0.124316 0.00184529

0.124316 0.00184529
0.124365 0.00184529

0.124365 0.00184529
0.124414 0.00184528

0.124414 0.00184528
0.124463 0.00184528

0.124463 0.00184528
0.124512 0.00184528

0.124512 0.00184528
0.124561 0.00184528

0.124561 0.00184528
0.124609 0.00184528

0.124609 0.00184528
0.124658 0.00184528

0.124658 0.00184528
0.124707 0.00184528

0.124707 0.00184528
0.124756 0.00184528

0.124756 0.00184528
0.124805 0.00184528

0.124805 0.00184528
0.124854 0.00184528

0.124854 0.00184528
0.124902 0.00184527

0.124902 0.00184527
0.124951 0.00184527

0.124951 0.00184527
0.125 0.00184527

0.125 0.00184527
0.125049 0.00184527

0.125049 0.00184527
0.125098 0.00184527

0.125098 0.00184527
0.125146 0.00184527

0.125146 0.00184527
0.125195 0.00184527

0.125195 0.00184527
0.125244 0.00184527

0.125244 0.00184527
0.125293 0.00184527

0.125293 0.00184527
0.125342 0.00184526

0.125342 0.00184526
0.125391 0.00184526

0.125391 0.00184526
0.125439 0.00184526

0.125439 0.00184526
0.125488 0.00184526

0.125488 0.00184526
0.125537 0.00184526

0.125537 0.00184526
0.125586 0.00184526

0.125586 0.00184526
0.125635 0.00184526

0.125635 0.00184526
0.125684 0.00184526

0.125684 0.00184526
0.125732 0.00184526

0.125732 0.00184526
0.125781 0.00184526

0.125781 0.00184526
0.12583 0.00184525

0.12583 0.00184525
0.125879 0.00184525

0.125879 0.00184525
0.125928 0.00184525

0.125928 0.00184525
0.125977 0.00184525

0.125977 0.00184525
0.126025 0.00184525

0.126025 0.00184525
0.126074 0.00184525

0.126074 0.00184525
0.126123 0.00184525

0.126123 0.00184525
0.126172 0.00184525

0.126172 0.00184525
0.126221 0.00184525

0.126221 0.00184525
0.12627 0.00184525

0.12627 0.00184525
0.126318 0.00184525

0.126318 0.00184525
0.126367 0.00184525

0.126367 0.00184525
0.126416 0.00184525

0.126416 0.00184525
0.126465 0.00184525

0.126465 0.00184525
0.126514 0.00184525

0.126514 0.00184525
0.126563 0.00184525

0.126562 0.00184525
0.126611 0.00184525

0.126611 0.00184525
0.12666 0.00184525

0.12666 0.00184525
0.126709 0.00184525

0.126709 0.00184525
0.126758 0.00184525

0.126758 0.00184525
0.126807 0.00184525

0.126807 0.00184525
0.126855 0.00184525

0.126855 0.00184525
0.126904 0.00184525

0.126904 0.00184525
0.126953 0.00184525

0.126953 0.00184525
0.127002 0.00184526

0.127002 0.00184526
0.127051 0.00184526

0.127051 0.00184526
0.1271 0.00184526

0.1271 0.00184526
0.127148 0.00184526

0.127148 0.00184526
0.127197 0.00184526

0.127197 0.00184526
0.127246 0.00184526

0.127246 0.00184526
0.127295 0.00184526

0.127295 0.00184526
0.127344 0.00184526

0.127344 0.00184526
0.127393 0.00184526

0.127393 0.00184526
0.127441 0.00184527

0.127441 0.00184527
0.12749 0.00184527

0.12749 0.00184527
0.127539 0.00184527

0.127539 0.00184527
0.127588 0.00184527

0.127588 0.00184527
0.127637 0.00184527

0.127637 0.00184527
0.127686 0.00184527

0.127686 0.00184527
0.127734 0.00184528

0.127734 0.00184528
0.127783 0.00184528

0.127783 0.00184528
0.127832 0.00184528

0.127832 0.00184528
0.127881 0.00184528

0.127881 0.00184528
0.12793 0.00184528

0.12793 0.00184528
0.127979 0.00184529

0.127979 0.00184529
0.128027 0.00184529

0.128027 0.00184529
0.128076 0.00184529

0.128076 0.00184529
0.128125 0.00184529

0.128125 0.00184529
0.128174 0.00184529

0.128174 0.00184529
0.128223 0.0018453

0.128223 0.0018453
0.128271 0.0018453

0.128271 0.0018453
0.12832 0.0018453

0.12832 0.0018453
0.128369 0.0018453

0.128369 0.0018453
0.128418 0.00184531

0.128418 0.00184531
0.128467 0.00184531

0.128467 0.00184531
0.128516 0.00184531

0.128516 0.00184531
0.128564 0.00184531

0.128564 0.00184531
0.128613 0.00184532

0.128613 0.00184532
0.128662 0.00184532

0.128662 0.00184532
0.128711 0.00184532

0.128711 0.00184532
0.12876 0.00184532

0.12876 0.00184532
0.128809 0.00184533

0.128809 0.00184533
0.128857 0.00184533

0.128857 0.00184533
0.128906 0.00184533

0.128906 0.00184533
0.128955 0.00184534

0.128955 0.00184534
0.129004 0.00184534

0.129004 0.00184534
0.129053 0.00184534

0.129053 0.00184534
0.129102 0.00184534

0.129102 0.00184534
0.12915 0.00184535

0.12915 0.00184535
0.129199 0.00184535

0.129199 0.00184535
0.129248 0.00184535

0.129248 0.00184535
0.129297 0.00184535

0.129297 0.00184535
0.129346 0.00184536

0.129346 0.00184536
0.129395 0.00184536

0.129395 0.00184536
0.129443 0.00184536

0.129443 0.00184536
0.129492 0.00184536

0.129492 0.00184536
0.129541 0.00184537

0.129541 0.00184537
0.12959 0.00184537

0.12959 0.00184537
0.129639 0.00184537

0.129639 0.00184537
0.129688 0.00184538

0.129688 0.00184538
0.129736 0.00184538

0.129736 0.00184538
0.129785 0.00184538

0.129785 0.00184538
0.129834 0.00184538

0.129834 0.00184538
0.129883 0.00184539

0.129883 0.00184539
0.129932 0.00184539

0.129932 0.00184539
0.12998 0.00184539

0.12998 0.00184539
0.130029 0.00184539

0.130029 0.00184539
0.130078 0.0018454

0.130078 0.0018454
0.130127 0.0018454

0.130127 0.0018454
0.130176 0.0018454

0.130176 0.0018454
0.130225 0.0018454

0.130225 0.0018454
0.130273 0.00184541

0.130273 0.00184541
0.130322 0.00184541

0.130322 0.00184541
0.130371 0.00184541

0.130371 0.00184541
0.13042 0.00184541

0.13042 0.00184541
0.130469 0.00184542

0.130469 0.00184542
0.130518 0.00184542

0.130518 0.00184542
0.130566 0.00184542

0.130566 0.00184542
0.130615 0.00184542

0.130615 0.00184542
0.130664 0.00184543

0.130664 0.00184543
0.130713 0.00184543

0.130713 0.00184543
0.130762 0.00184543

0.130762 0.00184543
0.130811 0.00184543

0.130811 0.00184543
0.130859 0.00184544

0.130859 0.00184544
0.130908 0.00184544

0.130908 0.00184544
0.130957 0.00184544

0.130957 0.00184544
0.131006 0.00184544

0.131006 0.00184544
0.131055 0.00184544

0.131055 0.00184544
0.131104 0.00184545

0.131104 0.00184545
0.131152 0.00184545

0.131152 0.00184545
0.131201 0.00184545

0.131201 0.00184545
0.13125 0.00184545

0.13125 0.00184545
0.131299 0.00184545

0.131299 0.00184545
0.131348 0.00184546

0.131348 0.00184546
0.131396 0.00184546

0.131396 0.00184546
0.131445 0.00184546

0.131445 0.00184546
0.131494 0.00184546

0.131494 0.00184546
0.131543 0.00184546

0.131543 0.00184546
0.131592 0.00184547

0.131592 0.00184547
0.131641 0.00184547

0.131641 0.00184547
0.131689 0.00184547

0.131689 0.00184547
0.131738 0.00184547

0.131738 0.00184547
0.131787 0.00184547

0.131787 0.00184547
0.131836 0.00184548

0.131836 0.00184548
0.131885 0.00184548

0.131885 0.00184548
0.131934 0.00184548

0.131934 0.00184548
0.131982 0.00184548

0.131982 0.00184548
0.132031 0.00184548

0.132031 0.00184548
0.13208 0.00184548

0.13208 0.00184548
0.132129 0.00184548

0.132129 0.00184548
0.132178 0.00184549

0.132178 0.00184549
0.132227 0.00184549

0.132227 0.00184549
0.132275 0.00184549

0.132275 0.00184549
0.132324 0.00184549

0.132324 0.00184549
0.132373 0.00184549

0.132373 0.00184549
0.132422 0.00184549

0.132422 0.00184549
0.132471 0.00184549

0.132471 0.00184549
0.13252 0.00184549

0.13252 0.00184549
0.132568 0.0018455

0.132568 0.0018455
0.132617 0.0018455

0.132617 0.0018455
0.132666 0.0018455

0.132666 0.0018455
0.132715 0.0018455

0.132715 0.0018455
0.132764 0.0018455

0.132764 0.0018455
0.132812 0.0018455

0.132812 0.0018455
0.132861 0.0018455

0.132861 0.0018455
0.13291 0.0018455

0.13291 0.0018455
0.132959 0.0018455

0.132959 0.0018455
0.133008 0.0018455

0.133008 0.0018455
0.133057 0.0018455

0.133057 0.0018455
0.133105 0.0018455

0.133105 0.0018455
0.133154 0.0018455

0.133154 0.0018455
0.133203 0.0018455

0.133203 0.0018455
0.133252 0.0018455

0.133252 0.0018455
0.133301 0.0018455

0.133301 0.0018455
0.13335 0.0018455

0.13335 0.0018455
0.133398 0.0018455

0.133398 0.0018455
0.133447 0.0018455

0.133447 0.0018455
0.133496 0.0018455

0.133496 0.0018455
0.133545 0.0018455

0.133545 0.0018455
0.133594 0.0018455

0.133594 0.0018455
0.133643 0.0018455

0.133643 0.0018455
0.133691 0.0018455

0.133691 0.0018455
0.13374 0.0018455

0.13374 0.0018455
0.133789 0.00184549

0.133789 0.00184549
0.133838 0.00184549

0.133838 0.00184549
0.133887 0.00184549

0.133887 0.00184549
0.133936 0.00184549

0.133936 0.00184549
0.133984 0.00184549

0.133984 0.00184549
0.134033 0.00184549

0.134033 0.00184549
0.134082 0.00184549

0.134082 0.00184549
0.134131 0.00184548

0.134131 0.00184548
0.13418 0.00184548

0.13418 0.00184548
0.134229 0.00184548

0.134229 0.00184548
0.134277 0.00184548

0.134277 0.00184548
0.134326 0.00184548

0.134326 0.00184548
0.134375 0.00184547

0.134375 0.00184547
0.134424 0.00184547

0.134424 0.00184547
0.134473 0.00184547

0.134473 0.00184547
0.134521 0.00184546

0.134521 0.00184546
0.13457 0.00184546

0.13457 0.00184546
0.134619 0.00184546

0.134619 0.00184546
0.134668 0.00184546

0.134668 0.00184546
0.134717 0.00184545

0.134717 0.00184545
0.134766 0.00184545

0.134766 0.00184545
0.134814 0.00184545

0.134814 0.00184545
0.134863 0.00184544

0.134863 0.00184544
0.134912 0.00184544

0.134912 0.00184544
0.134961 0.00184543

0.134961 0.00184543
0.13501 0.00184543

0.13501 0.00184543
0.135059 0.00184543

0.135059 0.00184543
0.135107 0.00184542

0.135107 0.00184542
0.135156 0.00184542

0.135156 0.00184542
0.135205 0.00184541

0.135205 0.00184541
0.135254 0.00184541

0.135254 0.00184541
0.135303 0.0018454

0.135303 0.0018454
0.135352 0.0018454

0.135352 0.0018454
0.1354 0.00184539

0.1354 0.00184539
0.135449 0.00184539

0.135449 0.00184539
0.135498 0.00184538

0.135498 0.00184538
0.135547 0.00184538

0.135547 0.00184538
0.135596 0.00184537

0.135596 0.00184537
0.135645 0.00184537

0.135645 0.00184537
0.135693 0.00184536

0.135693 0.00184536
0.135742 0.00184536

0.135742 0.00184536
0.135791 0.00184535

0.135791 0.00184535
0.13584 0.00184535

0.13584 0.00184535
0.135889 0.00184534

0.135889 0.00184534
0.135938 0.00184534

0.135937 0.00184534
0.135986 0.00184533

0.135986 0.00184533
0.136035 0.00184532

0.136035 0.00184532
0.136084 0.00184532

0.136084 0.00184532
0.136133 0.00184531

0.136133 0.00184531
0.136182 0.00184531

0.136182 0.00184531
0.13623 0.0018453

0.13623 0.0018453
0.136279 0.00184529

0.136279 0.00184529
0.136328 0.00184529

0.136328 0.00184529
0.136377 0.00184528

0.136377 0.00184528
0.136426 0.00184527

0.136426 0.00184527
0.136475 0.00184527

0.136475 0.00184527
0.136523 0.00184526

0.136523 0.00184526
0.136572 0.00184525

0.136572 0.00184525
0.136621 0.00184525

0.136621 0.00184525
0.13667 0.00184524

0.13667 0.00184524
0.136719 0.00184523

0.136719 0.00184523
0.136768 0.00184523

0.136768 0.00184523
0.136816 0.00184522

0.136816 0.00184522
0.136865 0.00184522

0.136865 0.00184522
0.136914 0.00184521

0.136914 0.00184521
0.136963 0.0018452

0.136963 0.0018452
0.137012 0.0018452

0.137012 0.0018452
0.137061 0.00184519

0.137061 0.00184519
0.137109 0.00184518

0.137109 0.00184518
0.137158 0.00184518

0.137158 0.00184518
0.137207 0.00184517

0.137207 0.00184517
0.137256 0.00184516

0.137256 0.00184516
0.137305 0.00184516

0.137305 0.00184516
0.137354 0.00184515

0.137354 0.00184515
0.137402 0.00184514

0.137402 0.00184514
0.137451 0.00184514

0.137451 0.00184514
0.1375 0.00184513

0.1375 0.00184513
0.137549 0.00184512

0.137549 0.00184512
0.137598 0.00184512

0.137598 0.00184512
0.137646 0.00184511

0.137646 0.00184511
0.137695 0.00184511

0.137695 0.00184511
0.137744 0.0018451

0.137744 0.0018451
0.137793 0.00184509

0.137793 0.00184509
0.137842 0.00184509

0.137842 0.00184509
0.137891 0.00184508

0.137891 0.00184508
0.137939 0.00184508

0.137939 0.00184508
0.137988 0.00184507

0.137988 0.00184507
0.138037 0.00184506

0.138037 0.00184506
0.138086 0.00184506

0.138086 0.00184506
0.138135 0.00184505

0.138135 0.00184505
0.138184 0.00184505

0.138184 0.00184505
0.138232 0.00184504

0.138232 0.00184504
0.138281 0.00184504

0.138281 0.00184504
0.13833 0.00184503

0.13833 0.00184503
0.138379 0.00184503

0.138379 0.00184503
0.138428 0.00184502

0.138428 0.00184502
0.138477 0.00184502

0.138477 0.00184502
0.138525 0.00184501

0.138525 0.00184501
0.138574 0.00184501

0.138574 0.00184501
0.138623 0.001845

0.138623 0.001845
0.138672 0.001845

0.138672 0.001845
0.138721 0.00184499

0.138721 0.00184499
0.13877 0.00184499

0.13877 0.00184499
0.138818 0.00184499

0.138818 0.00184499
0.138867 0.00184498

0.138867 0.00184498
0.138916 0.00184498

0.138916 0.00184498
0.138965 0.00184497

0.138965 0.00184497
0.139014 0.00184497

0.139014 0.00184497
0.139063 0.00184497

0.139063 0.00184497
0.139111 0.00184496

0.139111 0.00184496
0.13916 0.00184496

0.13916 0.00184496
0.139209 0.00184496

0.139209 0.00184496
0.139258 0.00184495

0.139258 0.00184495
0.139307 0.00184495

0.139307 0.00184495
0.139355 0.00184495

0.139355 0.00184495
0.139404 0.00184495

0.139404 0.00184495
0.139453 0.00184494

0.139453 0.00184494
0.139502 0.00184494

0.139502 0.00184494
0.139551 0.00184494

0.139551 0.00184494
0.1396 0.00184494

0.1396 0.00184494
0.139648 0.00184494

0.139648 0.00184494
0.139697 0.00184494

0.139697 0.00184494
0.139746 0.00184494

0.139746 0.00184494
0.139795 0.00184493

0.139795 0.00184493
0.139844 0.00184493

0.139844 0.00184493
0.139893 0.00184493

0.139893 0.00184493
0.139941 0.00184493

0.139941 0.00184493
0.13999 0.00184493

0.13999 0.00184493
0.140039 0.00184493

0.140039 0.00184493
0.140088 0.00184493

0.140088 0.00184493
0.140137 0.00184493

0.140137 0.00184493
0.140186 0.00184493

0.140186 0.00184493
0.140234 0.00184493

0.140234 0.00184493
0.140283 0.00184494

0.140283 0.00184494
0.140332 0.00184494

0.140332 0.00184494
0.140381 0.00184494

0.140381 0.00184494
0.14043 0.00184494

0.14043 0.00184494
0.140479 0.00184494

0.140479 0.00184494
0.140527 0.00184494

0.140527 0.00184494
0.140576 0.00184495

0.140576 0.00184495
0.140625 0.00184495

0.140625 0.00184495
0.140674 0.00184495

0.140674 0.00184495
0.140723 0.00184496

0.140723 0.00184496
0.140771 0.00184496

0.140771 0.00184496
0.14082 0.00184496

0.14082 0.00184496
0.140869 0.00184497

0.140869 0.00184497
0.140918 0.00184497

0.140918 0.00184497
0.140967 0.00184498

0.140967 0.00184498
0.141016 0.00184498

0.141016 0.00184498
0.141064 0.00184499

0.141064 0.00184499
0.141113 0.00184499

0.141113 0.00184499
0.141162 0.001845

0.141162 0.001845
0.141211 0.001845

0.141211 0.001845
0.14126 0.00184501

0.14126 0.00184501
0.141309 0.00184502

0.141309 0.00184502
0.141357 0.00184502

0.141357 0.00184502
0.141406 0.00184503

0.141406 0.00184503
0.141455 0.00184504

0.141455 0.00184504
0.141504 0.00184505

0.141504 0.00184505
0.141553 0.00184506

0.141553 0.00184506
0.141602 0.00184506

0.141602 0.00184506
0.14165 0.00184507

0.14165 0.00184507
0.141699 0.00184508

0.141699 0.00184508
0.141748 0.00184509

0.141748 0.00184509
0.141797 0.0018451

0.141797 0.0018451
0.141846 0.00184511

0.141846 0.00184511
0.141895 0.00184512

0.141895 0.00184512
0.141943 0.00184513

0.141943 0.00184513
0.141992 0.00184515

0.141992 0.00184515
0.142041 0.00184516

0.142041 0.00184516
0.14209 0.00184517

0.14209 0.00184517
0.142139 0.00184518

0.142139 0.00184518
0.142188 0.00184519

0.142187 0.00184519
0.142236 0.00184521

0.142236 0.00184521
0.142285 0.00184522

0.142285 0.00184522
0.142334 0.00184524

0.142334 0.00184524
0.142383 0.00184525

0.142383 0.00184525
0.142432 0.00184526

0.142432 0.00184526
0.14248 0.00184528

0.14248 0.00184528
0.142529 0.00184529

0.142529 0.00184529
0.142578 0.00184531

0.142578 0.00184531
0.142627 0.00184532

0.142627 0.00184532
0.142676 0.00184534

0.142676 0.00184534
0.142725 0.00184536

0.142725 0.00184536
0.142773 0.00184537

0.142773 0.00184537
0.142822 0.00184539

0.142822 0.00184539
0.142871 0.00184541

0.142871 0.00184541
0.14292 0.00184543

0.14292 0.00184543
0.142969 0.00184544

0.142969 0.00184544
0.143018 0.00184546

0.143018 0.00184546
0.143066 0.00184548

0.143066 0.00184548
0.143115 0.0018455

0.143115 0.0018455
0.143164 0.00184552

0.143164 0.00184552
0.143213 0.00184554

0.143213 0.00184554
0.143262 0.00184556

0.143262 0.00184556
0.143311 0.00184558

0.143311 0.00184558
0.143359 0.0018456

0.143359 0.0018456
0.143408 0.00184562

0.143408 0.00184562
0.143457 0.00184564

0.143457 0.00184564
0.143506 0.00184566

0.143506 0.00184566
0.143555 0.00184568

0.143555 0.00184568
0.143604 0.0018457

0.143604 0.0018457
0.143652 0.00184572

0.143652 0.00184572
0.143701 0.00184574

0.143701 0.00184574
0.14375 0.00184576

0.14375 0.00184576
0.143799 0.00184578

0.143799 0.00184578
0.143848 0.0018458

0.143848 0.0018458
0.143896 0.00184582

0.143896 0.00184582
0.143945 0.00184585

0.143945 0.00184585
0.143994 0.00184587

0.143994 0.00184587
0.144043 0.00184589

0.144043 0.00184589
0.144092 0.00184591

0.144092 0.00184591
0.144141 0.00184593

0.144141 0.00184593
0.144189 0.00184595

0.144189 0.00184595
0.144238 0.00184597

0.144238 0.00184597
0.144287 0.001846

0.144287 0.001846
0.144336 0.00184602

0.144336 0.00184602
0.144385 0.00184604

0.144385 0.00184604
0.144434 0.00184606

0.144434 0.00184606
0.144482 0.00184608

0.144482 0.00184608
0.144531 0.0018461

0.144531 0.0018461
0.14458 0.00184612

0.14458 0.00184612
0.144629 0.00184614

0.144629 0.00184614
0.144678 0.00184616

0.144678 0.00184616
0.144727 0.00184618

0.144727 0.00184618
0.144775 0.0018462

0.144775 0.0018462
0.144824 0.00184622

0.144824 0.00184622
0.144873 0.00184624

0.144873 0.00184624
0.144922 0.00184626

0.144922 0.00184626
0.144971 0.00184628

0.144971 0.00184628
0.14502 0.0018463

0.14502 0.0018463
0.145068 0.00184632

0.145068 0.00184632
0.145117 0.00184634

0.145117 0.00184634
0.145166 0.00184635

0.145166 0.00184635
0.145215 0.00184637

0.145215 0.00184637
0.145264 0.00184639

0.145264 0.00184639
0.145313 0.0018464

0.145313 0.0018464
0.145361 0.00184642

0.145361 0.00184642
0.14541 0.00184644

0.14541 0.00184644
0.145459 0.00184645

0.145459 0.00184645
0.145508 0.00184647

0.145508 0.00184647
0.145557 0.00184648

0.145557 0.00184648
0.145605 0.00184649

0.145605 0.00184649
0.145654 0.00184651

0.145654 0.00184651
0.145703 0.00184652

0.145703 0.00184652
0.145752 0.00184653

0.145752 0.00184653
0.145801 0.00184654

0.145801 0.00184654
0.14585 0.00184656

0.14585 0.00184656
0.145898 0.00184657

0.145898 0.00184657
0.145947 0.00184658

0.145947 0.00184658
0.145996 0.00184659

0.145996 0.00184659
0.146045 0.0018466

0.146045 0.0018466
0.146094 0.0018466

0.146094 0.0018466
0.146143 0.00184661

0.146143 0.00184661
0.146191 0.00184662

0.146191 0.00184662
0.14624 0.00184663

0.14624 0.00184663
0.146289 0.00184663

0.146289 0.00184663
0.146338 0.00184664

0.146338 0.00184664
0.146387 0.00184664

0.146387 0.00184664
0.146436 0.00184665

0.146436 0.00184665
0.146484 0.00184665

0.146484 0.00184665
0.146533 0.00184666

0.146533 0.00184666
0.146582 0.00184666

0.146582 0.00184666
0.146631 0.00184666

0.146631 0.00184666
0.14668 0.00184666

0.14668 0.00184666
0.146729 0.00184666

0.146729 0.00184666
0.146777 0.00184666

0.146777 0.00184666
0.146826 0.00184666

0.146826 0.00184666
0.146875 0.00184666

0.146875 0.00184666
0.146924 0.00184666

0.146924 0.00184666
0.146973 0.00184665

0.146973 0.00184665
0.147021 0.00184665

0.147021 0.00184665
0.14707 0.00184665

0.14707 0.00184665
0.147119 0.00184664

0.147119 0.00184664
0.147168 0.00184664

0.147168 0.00184664
0.147217 0.00184663

0.147217 0.00184663
0.147266 0.00184663

0.147266 0.00184663
0.147314 0.00184662

0.147314 0.00184662
0.147363 0.00184661

0.147363 0.00184661
0.147412 0.0018466

0.147412 0.0018466
0.147461 0.00184659

0.147461 0.00184659
0.14751 0.00184658

0.14751 0.00184658
0.147559 0.00184657

0.147559 0.00184657
0.147607 0.00184656

0.147607 0.00184656
0.147656 0.00184655

0.147656 0.00184655
0.147705 0.00184654

0.147705 0.00184654
0.147754 0.00184652

0.147754 0.00184652
0.147803 0.00184651

0.147803 0.00184651
0.147852 0.0018465

0.147852 0.0018465
0.1479 0.00184648

0.1479 0.00184648
0.147949 0.00184647

0.147949 0.00184647
0.147998 0.00184645

0.147998 0.00184645
0.148047 0.00184643

0.148047 0.00184643
0.148096 0.00184642

0.148096 0.00184642
0.148145 0.0018464

0.148145 0.0018464
0.148193 0.00184638

0.148193 0.00184638
0.148242 0.00184636

0.148242 0.00184636
0.148291 0.00184634

0.148291 0.00184634
0.14834 0.00184632

0.14834 0.00184632
0.148389 0.0018463

0.148389 0.0018463
0.148438 0.00184628

0.148438 0.00184628
0.148486 0.00184626

0.148486 0.00184626
0.148535 0.00184624

0.148535 0.00184624
0.148584 0.00184621

0.148584 0.00184621
0.148633 0.00184619

0.148633 0.00184619
0.148682 0.00184617

0.148682 0.00184617
0.14873 0.00184614

0.14873 0.00184614
0.148779 0.00184612

0.148779 0.00184612
0.148828 0.0018461

0.148828 0.0018461
0.148877 0.00184607

0.148877 0.00184607
0.148926 0.00184604

0.148926 0.00184604
0.148975 0.00184602

0.148975 0.00184602
0.149023 0.00184599

0.149023 0.00184599
0.149072 0.00184597

0.149072 0.00184597
0.149121 0.00184594

0.149121 0.00184594
0.14917 0.00184591

0.14917 0.00184591
0.149219 0.00184588

0.149219 0.00184588
0.149268 0.00184586

0.149268 0.00184586
0.149316 0.00184583

0.149316 0.00184583
0.149365 0.0018458

0.149365 0.0018458
0.149414 0.00184577

0.149414 0.00184577
0.149463 0.00184574

0.149463 0.00184574
0.149512 0.00184571

0.149512 0.00184571
0.149561 0.00184568

0.149561 0.00184568
0.149609 0.00184565

0.149609 0.00184565
0.149658 0.00184562

0.149658 0.00184562
0.149707 0.00184559

0.149707 0.00184559
0.149756 0.00184556

0.149756 0.00184556
0.149805 0.00184553

0.149805 0.00184553
0.149854 0.0018455

0.149854 0.0018455
0.149902 0.00184547

0.149902 0.00184547
0.149951 0.00184544

0.149951 0.00184544
0.15 0.00184541

0.15 0.00184541
0.150049 0.00184538

0.150049 0.00184538
0.150098 0.00184535

0.150098 0.00184535
0.150146 0.00184531

0.150146 0.00184531
0.150195 0.00184528

0.150195 0.00184528
0.150244 0.00184525

0.150244 0.00184525
0.150293 0.00184522

0.150293 0.00184522
0.150342 0.00184519

0.150342 0.00184519
0.150391 0.00184516

0.150391 0.00184516
0.150439 0.00184513

0.150439 0.00184513
0.150488 0.0018451

0.150488 0.0018451
0.150537 0.00184507

0.150537 0.00184507
0.150586 0.00184504

0.150586 0.00184504
0.150635 0.00184501

0.150635 0.00184501
0.150684 0.00184498

0.150684 0.00184498
0.150732 0.00184495

0.150732 0.00184495
0.150781 0.00184492

0.150781 0.00184492
0.15083 0.00184489

0.15083 0.00184489
0.150879 0.00184486

0.150879 0.00184486
0.150928 0.00184484

0.150928 0.00184484
0.150977 0.00184481

0.150977 0.00184481
0.151025 0.00184478

0.151025 0.00184478
0.151074 0.00184475

0.151074 0.00184475
0.151123 0.00184473

0.151123 0.00184473
0.151172 0.0018447

0.151172 0.0018447
0.151221 0.00184468

0.151221 0.00184468
0.15127 0.00184465

0.15127 0.00184465
0.151318 0.00184463

0.151318 0.00184463
0.151367 0.0018446

0.151367 0.0018446
0.151416 0.00184458

0.151416 0.00184458
0.151465 0.00184455

0.151465 0.00184455
0.151514 0.00184453

0.151514 0.00184453
0.151563 0.00184451

0.151563 0.00184451
0.151611 0.00184449

0.151611 0.00184449
0.15166 0.00184447

0.15166 0.00184447
0.151709 0.00184445

0.151709 0.00184445
0.151758 0.00184443

0.151758 0.00184443
0.151807 0.00184441

0.151807 0.00184441
0.151855 0.00184439

0.151855 0.00184439
0.151904 0.00184437

0.151904 0.00184437
0.151953 0.00184436

0.151953 0.00184436
0.152002 0.00184434

0.152002 0.00184434
0.152051 0.00184433

0.152051 0.00184433
0.1521 0.00184431

0.1521 0.00184431
0.152148 0.0018443

0.152148 0.0018443
0.152197 0.00184429

0.152197 0.00184429
0.152246 0.00184427

0.152246 0.00184427
0.152295 0.00184426

0.152295 0.00184426
0.152344 0.00184425

0.152344 0.00184425
0.152393 0.00184424

0.152393 0.00184424
0.152441 0.00184423

0.152441 0.00184423
0.15249 0.00184422

0.15249 0.00184422
0.152539 0.00184422

0.152539 0.00184422
0.152588 0.00184421

0.152588 0.00184421
0.152637 0.0018442

0.152637 0.0018442
0.152686 0.0018442

0.152686 0.0018442
0.152734 0.0018442

0.152734 0.0018442
0.152783 0.00184419

0.152783 0.00184419
0.152832 0.00184419

0.152832 0.00184419
0.152881 0.00184419

0.152881 0.00184419
0.15293 0.00184419

0.15293 0.00184419
0.152979 0.00184419

0.152979 0.00184419
0.153027 0.00184419

0.153027 0.00184419
0.153076 0.00184419

0.153076 0.00184419
0.153125 0.00184419

0.153125 0.00184419
0.153174 0.0018442

0.153174 0.0018442
0.153223 0.0018442

0.153223 0.0018442
0.153271 0.0018442

0.153271 0.0018442
0.15332 0.00184421

0.15332 0.00184421
0.153369 0.00184422

0.153369 0.00184422
0.153418 0.00184422

0.153418 0.00184422
0.153467 0.00184423

0.153467 0.00184423
0.153516 0.00184424

0.153516 0.00184424
0.153564 0.00184425

0.153564 0.00184425
0.153613 0.00184426

0.153613 0.00184426
0.153662 0.00184427

0.153662 0.00184427
0.153711 0.00184428

0.153711 0.00184428
0.15376 0.00184429

0.15376 0.00184429
0.153809 0.0018443

0.153809 0.0018443
0.153857 0.00184432

0.153857 0.00184432
0.153906 0.00184433

0.153906 0.00184433
0.153955 0.00184434

0.153955 0.00184434
0.154004 0.00184436

0.154004 0.00184436
0.154053 0.00184437

0.154053 0.00184437
0.154102 0.00184439

0.154102 0.00184439
0.15415 0.00184441

0.15415 0.00184441
0.154199 0.00184442

0.154199 0.00184442
0.154248 0.00184444

0.154248 0.00184444
0.154297 0.00184446

0.154297 0.00184446
0.154346 0.00184448

0.154346 0.00184448
0.154395 0.00184449

0.154395 0.00184449
0.154443 0.00184451

0.154443 0.00184451
0.154492 0.00184453

0.154492 0.00184453
0.154541 0.00184455

0.154541 0.00184455
0.15459 0.00184457

0.15459 0.00184457
0.154639 0.00184459

0.154639 0.00184459
0.154688 0.00184461

0.154688 0.00184461
0.154736 0.00184463

0.154736 0.00184463
0.154785 0.00184465

0.154785 0.00184465
0.154834 0.00184467

0.154834 0.00184467
0.154883 0.00184469

0.154883 0.00184469
0.154932 0.00184471

0.154932 0.00184471
0.15498 0.00184474

0.15498 0.00184474
0.155029 0.00184476

0.155029 0.00184476
0.155078 0.00184478

0.155078 0.00184478
0.155127 0.0018448

0.155127 0.0018448
0.155176 0.00184482

0.155176 0.00184482
0.155225 0.00184484

0.155225 0.00184484
0.155273 0.00184486

0.155273 0.00184486
0.155322 0.00184488

0.155322 0.00184488
0.155371 0.00184491

0.155371 0.00184491
0.15542 0.00184493

0.15542 0.00184493
0.155469 0.00184495

0.155469 0.00184495
0.155518 0.00184497

0.155518 0.00184497
0.155566 0.00184499

0.155566 0.00184499
0.155615 0.00184501

0.155615 0.00184501
0.155664 0.00184503

0.155664 0.00184503
0.155713 0.00184505

0.155713 0.00184505
0.155762 0.00184507

0.155762 0.00184507
0.155811 0.00184509

0.155811 0.00184509
0.155859 0.0018451

0.155859 0.0018451
0.155908 0.00184512

0.155908 0.00184512
0.155957 0.00184514

0.155957 0.00184514
0.156006 0.00184516

0.156006 0.00184516
0.156055 0.00184517

0.156055 0.00184517
0.156104 0.00184519

0.156104 0.00184519
0.156152 0.0018452

0.156152 0.0018452
0.156201 0.00184522

0.156201 0.00184522
0.15625 0.00184523

0.15625 0.00184523
0.156299 0.00184525

0.156299 0.00184525
0.156348 0.00184526

0.156348 0.00184526
0.156396 0.00184527

0.156396 0.00184527
0.156445 0.00184529

0.156445 0.00184529
0.156494 0.0018453

0.156494 0.0018453
0.156543 0.00184531

0.156543 0.00184531
0.156592 0.00184532

0.156592 0.00184532
0.156641 0.00184533

0.156641 0.00184533
0.156689 0.00184534

0.156689 0.00184534
0.156738 0.00184534

0.156738 0.00184534
0.156787 0.00184535

0.156787 0.00184535
0.156836 0.00184536

0.156836 0.00184536
0.156885 0.00184536

0.156885 0.00184536
0.156934 0.00184536

0.156934 0.00184536
0.156982 0.00184537

0.156982 0.00184537
0.157031 0.00184537

0.157031 0.00184537
0.15708 0.00184537

0.15708 0.00184537
0.157129 0.00184537

0.157129 0.00184537
0.157178 0.00184537

0.157178 0.00184537
0.157227 0.00184537

0.157227 0.00184537
0.157275 0.00184537

0.157275 0.00184537
0.157324 0.00184536

0.157324 0.00184536
0.157373 0.00184536

0.157373 0.00184536
0.157422 0.00184535

0.157422 0.00184535
0.157471 0.00184535

0.157471 0.00184535
0.15752 0.00184534

0.15752 0.00184534
0.157568 0.00184533

0.157568 0.00184533
0.157617 0.00184532

0.157617 0.00184532
0.157666 0.00184531

0.157666 0.00184531
0.157715 0.0018453

0.157715 0.0018453
0.157764 0.00184529

0.157764 0.00184529
0.157813 0.00184527

0.157812 0.00184527
0.157861 0.00184526

0.157861 0.00184526
0.15791 0.00184524

0.15791 0.00184524
0.157959 0.00184522

0.157959 0.00184522
0.158008 0.00184521

0.158008 0.00184521
0.158057 0.00184519

0.158057 0.00184519
0.158105 0.00184517

0.158105 0.00184517
0.158154 0.00184514

0.158154 0.00184514
0.158203 0.00184512

0.158203 0.00184512
0.158252 0.0018451

0.158252 0.0018451
0.158301 0.00184507

0.158301 0.00184507
0.15835 0.00184505

0.15835 0.00184505
0.158398 0.00184502

0.158398 0.00184502
0.158447 0.00184499

0.158447 0.00184499
0.158496 0.00184496

0.158496 0.00184496
0.158545 0.00184493

0.158545 0.00184493
0.158594 0.0018449

0.158594 0.0018449
0.158643 0.00184486

0.158643 0.00184486
0.158691 0.00184483

0.158691 0.00184483
0.15874 0.00184479

0.15874 0.00184479
0.158789 0.00184476

0.158789 0.00184476
0.158838 0.00184472

0.158838 0.00184472
0.158887 0.00184468

0.158887 0.00184468
0.158936 0.00184464

0.158936 0.00184464
0.158984 0.0018446

0.158984 0.0018446
0.159033 0.00184456

0.159033 0.00184456
0.159082 0.00184451

0.159082 0.00184451
0.159131 0.00184447

0.159131 0.00184447
0.15918 0.00184442

0.15918 0.00184442
0.159229 0.00184438

0.159229 0.00184438
0.159277 0.00184433

0.159277 0.00184433
0.159326 0.00184428

0.159326 0.00184428
0.159375 0.00184423

0.159375 0.00184423
0.159424 0.00184418

0.159424 0.00184418
0.159473 0.00184413

0.159473 0.00184413
0.159521 0.00184407

0.159521 0.00184407
0.15957 0.00184402

0.15957 0.00184402
0.159619 0.00184396

0.159619 0.00184396
0.159668 0.00184391

0.159668 0.00184391
0.159717 0.00184385

0.159717 0.00184385
0.159766 0.00184379

0.159766 0.00184379
0.159814 0.00184373

0.159814 0.00184373
0.159863 0.00184367

0.159863 0.00184367
0.159912 0.0018436

0.159912 0.0018436
0.159961 0.00184354

0.159961 0.00184354
0.16001 0.00184347

0.16001 0.00184347
0.160059 0.00184341

0.160059 0.00184341
0.160107 0.00184334

0.160107 0.00184334
0.160156 0.00184327

0.160156 0.00184327
0.160205 0.0018432

0.160205 0.0018432
0.160254 0.00184313

0.160254 0.00184313
0.160303 0.00184306

0.160303 0.00184306
0.160352 0.00184298

0.160352 0.00184298
0.1604 0.00184291

0.1604 0.00184291
0.160449 0.00184283

0.160449 0.00184283
0.160498 0.00184275

0.160498 0.00184275
0.160547 0.00184267

0.160547 0.00184267
0.160596 0.00184259

0.160596 0.00184259
0.160645 0.0018425

0.160645 0.0018425
0.160693 0.00184242

0.160693 0.00184242
0.160742 0.00184233

0.160742 0.00184233
0.160791 0.00184225

0.160791 0.00184225
0.16084 0.00184216

0.16084 0.00184216
0.160889 0.00184206

0.160889 0.00184206
0.160938 0.00184197

0.160938 0.00184197
0.160986 0.00184188

0.160986 0.00184188
0.161035 0.00184178

0.161035 0.00184178
0.161084 0.00184168

0.161084 0.00184168
0.161133 0.00184158

0.161133 0.00184158
0.161182 0.00184147

0.161182 0.00184147
0.16123 0.00184137

0.16123 0.00184137
0.161279 0.00184126

0.161279 0.00184126
0.161328 0.00184115

0.161328 0.00184115
0.161377 0.00184104

0.161377 0.00184104
0.161426 0.00184092

0.161426 0.00184092
0.161475 0.0018408

0.161475 0.0018408
0.161523 0.00184068

0.161523 0.00184068
0.161572 0.00184056

0.161572 0.00184056
0.161621 0.00184043

0.161621 0.00184043
0.16167 0.0018403

0.16167 0.0018403
0.161719 0.00184017

0.161719 0.00184017
0.161768 0.00184003

0.161768 0.00184003
0.161816 0.0018399

0.161816 0.0018399
0.161865 0.00183975

0.161865 0.00183975
0.161914 0.00183961

0.161914 0.00183961
0.161963 0.00183946

0.161963 0.00183946
0.162012 0.0018393

0.162012 0.0018393
0.162061 0.00183914

0.162061 0.00183914
0.162109 0.00183898

0.162109 0.00183898
0.162158 0.00183881

0.162158 0.00183881
0.162207 0.00183864

0.162207 0.00183864
0.162256 0.00183847

0.162256 0.00183847
0.162305 0.00183829

0.162305 0.00183829
0.162354 0.0018381

0.162354 0.0018381
0.162402 0.00183791

0.162402 0.00183791
0.162451 0.00183771

0.162451 0.00183771
0.1625 0.00183751

0.1625 0.00183751
0.162549 0.0018373

0.162549 0.0018373
0.162598 0.00183709

0.162598 0.00183709
0.162646 0.00183687

0.162646 0.00183687
0.162695 0.00183664

0.162695 0.00183664
0.162744 0.00183641

0.162744 0.00183641
0.162793 0.00183616

0.162793 0.00183616
0.162842 0.00183592

0.162842 0.00183592
0.162891 0.00183566

0.162891 0.00183566
0.162939 0.0018354

0.162939 0.0018354
0.162988 0.00183513

0.162988 0.00183513
0.163037 0.00183485

0.163037 0.00183485
0.163086 0.00183456

0.163086 0.00183456
0.163135 0.00183426

0.163135 0.00183426
0.163184 0.00183395

0.163184 0.00183395
0.163232 0.00183364

0.163232 0.00183364
0.163281 0.00183331

0.163281 0.00183331
0.16333 0.00183298

0.16333 0.00183298
0.163379 0.00183263

0.163379 0.00183263
0.163428 0.00183227

0.163428 0.00183227
0.163477 0.0018319

0.163477 0.0018319
0.163525 0.00183152

0.163525 0.00183152
0.163574 0.00183112

0.163574 0.00183113
0.163623 0.00183072

0.163623 0.00183072
0.163672 0.0018303

0.163672 0.0018303
0.163721 0.00182987

0.163721 0.00182987
0.16377 0.00182943

0.16377 0.00182943
0.163818 0.00182897

0.163818 0.00182897
0.163867 0.00182849

0.163867 0.00182849
0.163916 0.001828

0.163916 0.001828
0.163965 0.0018275

0.163965 0.0018275
0.164014 0.00182698

0.164014 0.00182698
0.164063 0.00182644

0.164062 0.00182644
0.164111 0.00182588

0.164111 0.00182588
0.16416 0.00182531

0.16416 0.00182531
0.164209 0.00182472

0.164209 0.00182472
0.164258 0.00182411

0.164258 0.00182411
0.164307 0.00182347

0.164307 0.00182348
0.164355 0.00182282

0.164355 0.00182282
0.164404 0.00182215

0.164404 0.00182215
0.164453 0.00182146

0.164453 0.00182146
0.164502 0.00182074

0.164502 0.00182074
0.164551 0.00182001

0.164551 0.00182001
0.1646 0.00181924

0.1646 0.00181924
0.164648 0.00181846

0.164648 0.00181846
0.164697 0.00181765

0.164697 0.00181765
0.164746 0.00181681

0.164746 0.00181681
0.164795 0.00181594

0.164795 0.00181595
0.164844 0.00181505

0.164844 0.00181505
0.164893 0.00181413

0.164893 0.00181413
0.164941 0.00181318

0.164941 0.00181318
0.16499 0.0018122

0.16499 0.0018122
0.165039 0.00181118

0.165039 0.00181118
0.165088 0.00181013

0.165088 0.00181013
0.165137 0.00180906

0.165137 0.00180905
0.165186 0.00180797

0.165186 0.00180799
0.165234 0.00180688

0.165283 0.00180571
0.165244 0.00180664

0.165234 0.00180689
0.165245 0.00180664

0.165283 0.0018057
0.165332 0.00180446

0.165332 0.00180445
0.165381 0.00180316

0.165381 0.00180316
0.16543 0.00180182

0.16543 0.00180182
0.165479 0.00180044

0.165479 0.00180044
0.165527 0.00179902

0.165527 0.00179902
0.165576 0.00179756

0.165576 0.00179756
0.165625 0.00179605

0.165625 0.00179605
0.165674 0.0017945

0.165674 0.0017945
0.165723 0.0017929

0.165723 0.0017929
0.165771 0.00179126

0.165819 0
0.16582 3.32364e-05

0.165771 0.00179126
0.16582 0.00178956

0.16582 3.31718e-05
0.165821 4.88281e-05

0.165821 4.88281e-05
0.165826 9.76563e-05

0.165826 9.76563e-05
0.165834 0.000146484

0.165834 0.000146484
0.165846 0.000195313

0.165846 0.000195313
0.165861 0.000244141

0.165861 0.000244141
0.165869 0.000263907

0.16582 0.00178956
0.165869 0.00178782

0.165869 0.000263791
0.165881 0.000292969

0.165881 0.000292969
0.165904 0.000341797

0.165904 0.000341797
0.165918 0.000364837

0.165869 0.00178782
0.165918 0.00178602

0.165918 0.000364727
0.165933 0.000390625

0.165933 0.000390625
0.165967 0.000437102

0.165918 0.00178602
0.165967 0.00178417

0.165967 0.00043717
0.165969 0.000439453

0.165968 0.000439453
0.16601 0.000488281

0.166011 0.000488281
0.166016 0.000493063

0.165967 0.00178417
0.166016 0.00178227

0.166016 0.000493946
0.166062 0.000537109

0.166063 0.000537109
0.166064 0.000537995

0.166016 0.00178228
0.166064 0.00178033

0.166064 0.000538431
0.166113 0.000575828

0.166064 0.00178033
0.166113 0.00177833

0.166113 0.000576271
0.166128 0.000585938

0.16613 0.000585937
0.166162 0.000606825

0.166113 0.00177833
0.166162 0.00177626

0.166162 0.000606843
0.166211 0.000632899

0.166162 0.00177627
0.166211 0.00177415

0.166211 0.00063289
0.166215 0.000634766

0.166216 0.000634766
0.16626 0.000654371

0.166211 0.00177415
0.16626 0.00177197

0.16626 0.00065439
0.166309 0.000672422

0.16626 0.00177197
0.166309 0.00176973

0.166309 0.000672529
0.166346 0.000683594

0.166349 0.000683594
0.166357 0.00068613

0.166309 0.00176972
0.166357 0.00176742

0.166357 0.00068674
0.166406 0.000697832

0.166357 0.00176742
0.166406 0.00176507

0.166406 0.000697947
0.166455 0.000705573

0.166406 0.00176507
0.166455 0.00176269

0.166455 0.000705709
0.166504 0.000709367

0.166455 0.00176268
0.166504 0.0017603

0.166504 0.000709598
0.166553 0.000708553

0.166504 0.00176035
0.166553 0.00175789

0.166553 0.0007087
0.166602 0.000702195

0.166602 0.00175527
0.166554 0.00175781

0.166553 0.0017579
0.166554 0.00175781

0.166602 0.000702293
0.16665 0.000689839

0.166602 0.00175525
0.16665 0.00175254

0.166699 0.000671131
0.166668 0.000683594

0.16665 0.000689723
0.166666 0.000683594

0.16665 0.00175253
0.166699 0.00174977

0.166699 0.000670021
0.166748 0.000645

0.166699 0.00174977
0.166748 0.00174696

0.166797 0.000616594
0.166766 0.000634766

0.166748 0.000644103
0.166764 0.000634766

0.166748 0.00174696
0.166797 0.00174413

0.166797 0.00061424
0.166846 0.000586944

0.166797 0.00174412
0.166846 0.0017413

0.166846 0.000584364
0.166895 0.000567411

0.166846 0.000586687
0.166848 0.000585937

0.166846 0.00174128
0.166895 0.00173853

0.166895 1.56997e-06
0.16691 4.88281e-05

0.166915 4.88281e-05
0.166943 8.16518e-05

0.166895 0.000567471
0.166943 0.000565899

0.166895 0.00173848
0.166943 0.00173596

0.166943 8.75172e-05
0.166953 9.76563e-05

0.166965 9.76563e-05
0.166992 0.000121173

0.166943 0.000566681
0.166992 0.000578833

0.166943 0.00173589
0.166992 0.00173385

0.166992 0.000136723
0.167027 0.000146484

0.16703 0.000146484
0.167041 0.000149521

0.166992 0.000580586
0.167005 0.000585938

0.167005 0.000585937
0.167041 0.000601301

0.166992 0.00173359
0.167041 0.0017327

0.167041 0.00013789
0.16709 0.000122887

0.167041 0.000148818
0.167049 0.000146484

0.167041 0.000602044
0.16709 0.000625692

0.167041 0.00173257
0.16709 0.0017336

0.167139 8.85795e-05
0.167116 9.76563e-05

0.16709 0.000124078
0.167139 0.000106805

0.16709 0.000626776
0.167106 0.000634766

0.167108 0.000634766
0.167139 0.000650118

0.16709 0.00173397
0.167139 0.00173644

0.167139 9.31081e-05
0.167188 8.15519e-05

0.167139 0.000107333
0.167174 9.76563e-05

0.167139 0.000169949
0.167171 0.000146484

0.167139 0.000275094
0.167188 0.000256014

0.167139 0.000302759
0.167188 0.000312161

0.167139 0.000650176
0.167188 0.000675752

0.167139 0.00173845
0.167188 0.00173762

0.167188 9.29516e-05
0.167236 8.75415e-05

0.167188 0.000254631
0.167199 0.000292969

0.167188 0.000315593
0.167202 0.000292969

0.167188 0.000675483
0.167202 0.000683594

0.167202 0.000683594
0.167236 0.000703568

0.167236 0.00143491
0.167206 0.00146484

0.167236 0.0015625
0.167236 0.00157852

0.167188 0.00173769
0.167236 0.00172942

0.167236 9.0523e-05
0.167285 6.95022e-05

0.167236 0.000701493
0.167277 0.000732422

0.167277 0.000732422
0.167285 0.000739123

0.167285 0.00149785
0.167267 0.00151367

0.167285 0.00153588
0.167273 0.0015625

0.167285 0.0015625
0.167277 0.00161133

0.167285 0.00161133
0.167279 0.00166016

0.167285 0.00169371
0.167272 0.00170898

0.167236 0.00173932
0.167283 0.00170898

0.167334 1.16111e-05
0.167314 4.88281e-05

0.167285 7.2758e-05
0.167313 4.88281e-05

0.167285 0.000738577
0.167326 0.00078125

0.167327 0.00078125
0.167334 0.000791172

0.167334 0.00148424
0.167325 0.00151367

0.167329 0.00151367
0.167315 0.0015625

0.167314 0.0015625
0.167307 0.00161133

0.167312 0.00161133
0.167305 0.00166016

0.167285 0.00170249
0.167309 0.00166016

0.167285 0.00170983
0.167286 0.00170898

0.167334 0.000794073
0.167358 0.000830078

0.167358 0.000830078
0.16738 0.000878906

0.16738 0.000878906
0.167383 0.000888007

0.167383 0.00129894
0.167379 0.00131836

0.167379 0.00131836
0.167367 0.00136719

0.167368 0.00136719
0.167356 0.00141602

0.167356 0.00141602
0.167344 0.00146484

0.167334 0.00151155
0.167347 0.00146484

0.167383 0.000892276
0.167393 0.000927734

0.167393 0.000927734
0.167402 0.000976562

0.167402 0.000976563
0.167407 0.00102539

0.167407 0.00102539
0.167409 0.00107422

0.167409 0.00107422
0.167407 0.00112305

0.167407 0.00112305
0.167403 0.00117187

0.167403 0.00117188
0.167397 0.0012207

0.167397 0.0012207
0.16739 0.00126953

0.167383 0.00130791
0.167391 0.00126953

0.167676 0.000675856
0.167628 0.000683594

0.167639 0.000683594
0.167664 0.000732422

0.167655 0.000732422
0.167676 0.000735022

0.167676 0.000673504
0.167688 0.000683594

0.167685 0.000683594
0.16768 0.000732422

0.167676 0.000734872
0.167679 0.000732422

0.168164 0.00115274
0.168132 0.00117187

0.168136 0.00117188
0.168164 0.00119187

0.168164 0.00115356
0.168178 0.00117187

0.168164 0.00119666
0.16818 0.00117188

0.184375 0.0031249
0.184339 0.003125

0.184375 0.00312486
0.184375 0.003125

0.189267 0
0.189267 4.88281e-05

0.189267 4.88281e-05
0.189268 9.76563e-05

0.189268 9.76563e-05
0.18927 0.000146484

0.18927 0.000146484
0.189272 0.000195313

0.189272 0.000195313
0.189275 0.000244141

0.189275 0.000244141
0.189278 0.000292969

0.189278 0.000292969
0.189282 0.000341797

0.189282 0.000341797
0.189287 0.000390625

0.189287 0.000390625
0.189292 0.000439453

0.189292 0.000439453
0.189298 0.000488281

0.189298 0.000488281
0.189305 0.000537109

0.189305 0.000537109
0.189307 0.000550535

0.189307 0.00055078
0.189312 0.000585938

0.189312 0.000585937
0.18932 0.000634766

0.18932 0.000634766
0.189329 0.000683594

0.189329 0.000683594
0.189339 0.000732422

0.189339 0.000732422
0.18935 0.00078125

0.18935 0.00078125
0.189355 0.000801309

0.189355 0.000801657
0.189363 0.000830078

0.189362 0.000830078
0.189376 0.000878906

0.189376 0.000878906
0.18939 0.000927734

0.18939 0.000927734
0.189404 0.000969465

0.189404 0.000969572
0.189407 0.000976562

0.189407 0.000976563
0.189424 0.00102539

0.189424 0.00102539
0.189444 0.00107422

0.189444 0.00107422
0.189453 0.00109372

0.189453 0.00109416
0.189466 0.00112305

0.189466 0.00112305
0.189491 0.00117187

0.189491 0.00117188
0.189502 0.00119137

0.189502 0.00119175
0.189518 0.0012207

0.189518 0.0012207
0.18955 0.00126953

0.18955 0.00126953
0.189551 0.0012703

0.189551 0.00127109
0.189586 0.00131836

0.189586 0.00131836
0.1896 0.00133487

0.1896 0.00133507
0.189627 0.00136719

0.189628 0.00136719
0.189648 0.00138893

0.189648 0.00138953
0.189676 0.00141602

0.189677 0.00141602
0.189697 0.00143441

0.189697 0.00143524
0.189734 0.00146484

0.189735 0.00146484
0.189746 0.00147315

0.189746 0.00147362
0.189795 0.00150697

0.189795 0.00150712
0.189806 0.00151367

0.189807 0.00151367
0.189844 0.00153557

0.189844 0.00153562
0.189893 0.00156073

0.189893 0.00156068
0.189897 0.0015625

0.189897 0.0015625
0.189941 0.00158233

0.189941 0.00158221
0.18999 0.0016014

0.18999 0.00160148
0.190019 0.00161133

0.190019 0.00161133
0.190039 0.00161812

0.190039 0.00161812
0.190088 0.00163279

0.190088 0.00163268
0.190137 0.00164562

0.190137 0.00164561
0.190186 0.00165705

0.190186 0.00165708
0.190201 0.00166016

0.190201 0.00166016
0.190234 0.00166704

0.190234 0.00166699
0.190283 0.00167567

0.190283 0.00167563
0.190332 0.0016832

0.190332 0.00168316
0.190381 0.0016898

0.190381 0.0016898
0.19043 0.00169559

0.19043 0.00169557
0.190479 0.00170057

0.190479 0.00170053
0.190527 0.00170485

0.190527 0.00170486
0.190576 0.00170853

0.190576 0.00170853
0.190583 0.00170898

0.190584 0.00170898
0.190625 0.00171155

0.190625 0.00171154
0.190674 0.00171408

0.190674 0.00171407
0.190723 0.00171617

0.190723 0.00171615
0.190771 0.00171785

0.190771 0.00171784
0.19082 0.00171918

0.19082 0.00171918
0.190869 0.0017202

0.190869 0.00172019
0.190918 0.00172092

0.190918 0.00172091
0.190967 0.00172139

0.190967 0.00172138
0.191016 0.00172163

0.191016 0.00172163
0.191064 0.00172167

0.191064 0.00172167
0.191113 0.00172154

0.191113 0.00172153
0.191162 0.00172125

0.191162 0.00172124
0.191211 0.00172081

0.191211 0.00172081
0.19126 0.00172026

0.19126 0.00172026
0.191309 0.0017196

0.191309 0.0017196
0.191357 0.00171884

0.191357 0.00171884
0.191406 0.001718

0.191406 0.001718
0.191455 0.00171709

0.191455 0.00171709
0.191504 0.00171611

0.191504 0.00171611
0.191553 0.00171507

0.191553 0.00171507
0.191602 0.00171398

0.191602 0.00171398
0.19165 0.00171284

0.19165 0.00171284
0.191699 0.00171164

0.191699 0.00171164
0.191748 0.0017104

0.191748 0.00171039
0.191797 0.00170913

0.191846 0.00170787
0.191803 0.00170898

0.191797 0.00170913
0.191803 0.00170898

0.191846 0.00170787
0.191895 0.00170655

0.191895 0.00170655
0.191943 0.00170517

0.191943 0.00170517
0.191992 0.00170373

0.191992 0.00170373
0.192041 0.00170225

0.192041 0.00170225
0.19209 0.00170071

0.19209 0.00170072
0.192139 0.00169913

0.192139 0.00169913
0.192188 0.00169748

0.192188 0.00169748
0.192236 0.00169577

0.192236 0.00169577
0.192285 0.00169399

0.192285 0.00169399
0.192334 0.00169214

0.192334 0.00169214
0.192383 0.00169021

0.192383 0.00169021
0.192432 0.00168819

0.192432 0.00168819
0.19248 0.00168607

0.19248 0.00168607
0.192529 0.00168386

0.192529 0.00168386
0.192578 0.00168155

0.192578 0.00168155
0.192627 0.00167913

0.192627 0.00167912
0.192676 0.00167658

0.192676 0.00167658
0.192725 0.00167392

0.192725 0.00167392
0.192773 0.00167113

0.192773 0.00167113
0.192822 0.00166821

0.192822 0.00166821
0.192871 0.00166515

0.192871 0.00166515
0.19292 0.00166195

0.192969 0.00165859
0.192946 0.00166016

0.19292 0.00166195
0.192946 0.00166016

0.192969 0.0016586
0.193018 0.00165512

0.193018 0.00165513
0.193066 0.00165151

0.193066 0.00165151
0.193115 0.00164773

0.193115 0.00164772
0.193164 0.00164379

0.193164 0.00164379
0.193213 0.00163969

0.193213 0.00163969
0.193262 0.00163544

0.193262 0.00163544
0.193311 0.00163103

0.193311 0.00163103
0.193359 0.00162646

0.193359 0.00162646
0.193408 0.00162172

0.193408 0.00162172
0.193457 0.00161683

0.193457 0.00161685
0.193506 0.00161176

0.193555 0.00160646
0.19351 0.00161133

0.193506 0.00161176
0.19351 0.00161133

0.193555 0.00160646
0.193604 0.00160109

0.193604 0.0016011
0.193652 0.00159561

0.193652 0.00159561
0.193701 0.00158999

0.193701 0.00158999
0.19375 0.00158425

0.19375 0.00158425
0.193799 0.00157838

0.193799 0.00157837
0.193848 0.00157241

0.193848 0.00157243
0.193896 0.00156636

0.193945 0.00156009
0.193926 0.0015625

0.193896 0.00156638
0.193927 0.0015625

0.193945 0.00156009
0.193994 0.00155381

0.193994 0.00155381
0.194043 0.00154753

0.194043 0.00154753
0.194092 0.00154123

0.194092 0.00154123
0.194141 0.0015349

0.194141 0.0015349
0.194189 0.00152855

0.194189 0.00152854
0.194238 0.0015222

0.194238 0.00152223
0.194287 0.00151585

0.194336 0.00150937
0.194303 0.00151367

0.194287 0.00151586
0.194304 0.00151367

0.194336 0.00150936
0.194385 0.00150303

0.194385 0.00150304
0.194434 0.00149684

0.194434 0.00149685
0.194482 0.00149077

0.194482 0.00149077
0.194531 0.00148482

0.194531 0.00148481
0.19458 0.001479

0.19458 0.00147899
0.194629 0.00147336

0.194629 0.00147338
0.194678 0.00146792

0.194727 0.00146258
0.194706 0.00146484

0.194678 0.00146793
0.194706 0.00146484

0.194727 0.00146256
0.194775 0.00145749

0.194775 0.00145749
0.194824 0.00145273

0.194824 0.00145274
0.194873 0.00144828

0.194873 0.00144828
0.194922 0.00144412

0.194922 0.00144412
0.194971 0.00144025

0.194971 0.00144025
0.19502 0.00143669

0.19502 0.00143668
0.195068 0.00143343

0.195068 0.00143343
0.195117 0.00143052

0.195117 0.00143051
0.195166 0.00142795

0.195166 0.00142795
0.195215 0.00142575

0.195215 0.00142574
0.195264 0.00142394

0.195264 0.00142394
0.195313 0.00142256

0.195312 0.00142255
0.195361 0.00142164

0.195361 0.00142163
0.19541 0.00142121

0.19541 0.0014212
0.195459 0.00142133

0.195459 0.00142132
0.195508 0.00142203

0.195508 0.00142202
0.195557 0.00142335

0.195557 0.00142334
0.195605 0.00142535

0.195605 0.00142534
0.195654 0.00142804

0.195654 0.00142803
0.195703 0.00143145

0.195703 0.00143145
0.195752 0.00143559

0.195752 0.0014356
0.195801 0.00144047

0.195801 0.00144048
0.19585 0.00144606

0.19585 0.00144607
0.195898 0.00145231

0.195898 0.00145231
0.195947 0.0014592

0.195947 0.00145915
0.195984 0.00146484

0.195983 0.00146484
0.195996 0.00146688

0.195996 0.00146681
0.196045 0.00147489

0.196045 0.00147489
0.196094 0.00148339

0.196094 0.00148341
0.196143 0.00149232

0.196143 0.00149234
0.196191 0.0015016

0.196191 0.00150154
0.19624 0.00151123

0.19624 0.00151122
0.196252 0.00151367

0.196251 0.00151367
0.196289 0.0015214

0.196289 0.00152134
0.196338 0.00153152

0.196338 0.00153148
0.196387 0.00154194

0.196387 0.00154189
0.196436 0.00155281

0.196436 0.00155273
0.196477 0.0015625

0.196475 0.0015625
0.196484 0.00156461

0.196484 0.00156443
0.196533 0.00157641

0.196533 0.00157629
0.196582 0.00158872

0.196582 0.00158859
0.196631 0.00160196

0.196631 0.00160187
0.196663 0.00161133

0.196661 0.00161133
0.19668 0.00161674

0.19668 0.00161658
0.196729 0.00163193

0.196729 0.00163168
0.196777 0.00164821

0.196777 0.00164807
0.19681 0.00166016

0.196809 0.00166016
0.196826 0.0016667

0.196826 0.00166648
0.196875 0.0016859

0.196875 0.00168557
0.196924 0.00170672

0.196924 0.00170671
0.196929 0.00170898

0.196928 0.00170898
0.196973 0.00172999

0.196973 0.00172964
0.197021 0.00175434

0.197021 0.0017543
0.197028 0.00175781

0.197027 0.00175781
0.19707 0.00178129

0.19707 0.00178103
0.197114 0.00180664

0.197113 0.00180664
0.197119 0.00181008

0.197119 0.00180977
0.197168 0.00184043

0.197168 0.0018403
0.197191 0.00185547

0.19719 0.00185547
0.197217 0.00187309

0.197217 0.00187296
0.197261 0.0019043

0.197261 0.0019043
0.197266 0.0019078

0.197266 0.00190755
0.197314 0.00194378

0.197314 0.00194385
0.197327 0.00195312

0.197326 0.00195312
0.197363 0.00198159

0.197363 0.00198174
0.197389 0.00200195

0.197388 0.00200195
0.197412 0.00202048

0.197412 0.00202062
0.197449 0.00205078

0.197449 0.00205078
0.197461 0.0020605

0.197461 0.00206043
0.197509 0.00209961

0.197508 0.00209961
0.19751 0.0021007

0.19751 0.00210065
0.197559 0.00214069

0.197559 0.0021407
0.197568 0.00214844

0.197568 0.00214844
0.197607 0.00218034

0.197607 0.00218046
0.197629 0.00219727

0.197629 0.00219727
0.197656 0.00221905

0.197656 0.00221911
0.197691 0.00224609

0.197691 0.00224609
0.197705 0.00225698

0.197705 0.00225683
0.197754 0.00229353

0.197754 0.00229348
0.197756 0.00229492

0.197756 0.00229492
0.197803 0.00232934

0.197803 0.00232919
0.197823 0.00234375

0.197823 0.00234375
0.197852 0.00236428

0.197852 0.00236397
0.197892 0.00239258

0.197891 0.00239258
0.1979 0.00239879

0.1979 0.00239825
0.197949 0.00243228

0.197949 0.00243221
0.197963 0.00244141

0.197962 0.00244141
0.197998 0.0024663

0.197998 0.00246594
0.198033 0.00249023

0.198032 0.00249023
0.198047 0.00250048

0.198047 0.00249999
0.198096 0.00253426

0.198096 0.00253426
0.198103 0.00253906

0.198102 0.00253906
0.198145 0.00256891

0.198145 0.00256864
0.198172 0.00258789

0.198171 0.00258789
0.198193 0.0026035

0.198193 0.00260316
0.198242 0.00263672

0.19824 0.00263672
0.198242 0.00263821

0.198242 0.0026374
0.198291 0.00267045

0.198291 0.00267031
0.198315 0.00268555

0.198314 0.00268555
0.19834 0.00270215

0.19834 0.00270173
0.198389 0.0027302

0.198389 0.00273058
0.198396 0.00273438

0.198395 0.00273438
0.198438 0.00275546

0.198438 0.00275487
0.198486 0.00277483

0.198486 0.0027756
0.198512 0.0027832

0.198511 0.0027832
0.198535 0.00279059

0.198535 0.00279015
0.198584 0.00279849

0.198584 0.00279851
0.198633 0.00280103

0.198633 0.00280113
0.198682 0.00279759

0.198682 0.00279743
0.19873 0.00278798

0.198779 0.00277257
0.198746 0.0027832

0.19873 0.00278839
0.198747 0.0027832

0.198779 0.00277206
0.198828 0.0027503

0.198877 0.00272417
0.198858 0.00273438

0.198828 0.00274999
0.198856 0.00273438

0.198877 0.00272327
0.198926 0.00269116

0.198975 0.00265424
0.198933 0.00268555

0.198926 0.00269077
0.198933 0.00268555

0.199023 0.00261188
0.198995 0.00263672

0.198975 0.00265349
0.198995 0.00263672

0.199072 0.0025642
0.199048 0.00258789

0.199023 0.00261131
0.199048 0.00258789

0.199121 0.00251208
0.199096 0.00253906

0.199072 0.00256415
0.199096 0.00253906

0.19917 0.00245606
0.199141 0.00249023

0.199121 0.0025122
0.199141 0.00249023

0.199219 0.00239764
0.199182 0.00244141

0.19917 0.00245636
0.199183 0.00244141

0.199268 0.00233739
0.199262 0.00234375

0.199263 0.00234375
0.199223 0.00239258

0.199219 0.00239778
0.199223 0.00239258

0.199316 0.00227856
0.199303 0.00229492

0.199268 0.00233768
0.199303 0.00229492

0.199365 0.0022227
0.199344 0.00224609

0.199316 0.00227915
0.199345 0.00224609

0.199414 0.00217105
0.199389 0.00219727

0.199365 0.00222321
0.199389 0.00219727

0.199463 0.00212416
0.199437 0.00214844

0.199414 0.00217121
0.199437 0.00214844

0.199512 0.00208236
0.199491 0.00209961

0.199463 0.00212353
0.199491 0.00209961

0.199561 0.00204565
0.199553 0.00205078

0.199512 0.00208195
0.199553 0.00205078

0.199561 0.00204556
0.199609 0.00201329

0.199658 0.00198559
0.199629 0.00200195

0.199609 0.00201243
0.199628 0.00200195

0.199658 0.00198577
0.199707 0.00196267

0.199756 0.00194374
0.199732 0.00195312

0.199707 0.00196203
0.19973 0.00195312

0.199756 0.00194366
0.199805 0.00192893

0.199805 0.0019289
0.199854 0.00191796

0.199854 0.00191808
0.199902 0.00191073

0.199902 0.00191141
0.199951 0.00190608

0.2 0.00190235
0.199962 0.0019043

0.199951 0.00190532
0.199971 0.0019043

