0 7.25397e-05
4.88281e-05 6.0199e-05

0 0.00184822
4.88281e-05 0.00184753

9.33842e-05 0
6.71472e-05 4.88281e-05

4.88281e-05 7.62501e-05
8.53327e-05 4.88281e-05

4.88281e-05 0.00184731
9.76563e-05 0.0018457

9.76563e-05 0.00184553
0.000146484 0.00184379

0.000146484 0.00184375
0.000195313 0.00184231

0.000195313 0.00184232
0.000244141 0.00184125

0.000244141 0.00184128
0.000292969 0.00184048

0.000292969 0.00184051
0.000341797 0.00183988

0.000341797 0.0018399
0.000390625 0.00183935

0.000390625 0.00183936
0.000439453 0.00183882

0.000439453 0.00183882
0.000488281 0.00183827

0.000488281 0.00183827
0.000537109 0.00183773

0.000537109 0.00183772
0.000585938 0.00183723

0.000585937 0.00183723
0.000634766 0.00183681

0.000634766 0.00183681
0.000683594 0.00183647

0.000683594 0.00183648
0.000732422 0.00183621

0.000732422 0.00183622
0.00078125 0.001836

0.00078125 0.001836
0.000830078 0.00183579

0.000830078 0.0018358
0.000878906 0.00183558

0.000878906 0.00183558
0.000927734 0.00183535

0.000927734 0.00183535
0.000976562 0.0018351

0.000976563 0.0018351
0.00102539 0.00183485

0.00102539 0.00183485
0.00107422 0.00183459

0.00107422 0.00183459
0.00112305 0.00183432

0.00112305 0.00183432
0.00117187 0.00183406

0.00117188 0.00183406
0.0012207 0.0018338

0.0012207 0.0018338
0.00126953 0.00183354

0.00126953 0.00183354
0.00131836 0.00183328

0.00131836 0.00183328
0.00136719 0.00183302

0.00136719 0.00183302
0.00141602 0.00183277

0.00141602 0.00183277
0.00146484 0.00183253

0.00146484 0.00183253
0.00151367 0.00183229

0.00151367 0.00183229
0.0015625 0.00183206

0.0015625 0.00183206
0.00161133 0.00183183

0.00161133 0.00183183
0.00166016 0.00183161

0.00166016 0.00183161
0.00170898 0.00183141

0.00170898 0.00183141
0.00175781 0.00183121

0.00175781 0.00183121
0.00180664 0.00183102

0.00180664 0.00183102
0.00185547 0.00183084

0.00185547 0.00183085
0.0019043 0.00183069

0.0019043 0.00183069
0.00195312 0.00183055

0.00195312 0.00183055
0.00200195 0.00183042

0.00200195 0.00183042
0.00205078 0.0018303

0.00205078 0.0018303
0.00209961 0.0018302

0.00209961 0.0018302
0.00214844 0.00183012

0.00214844 0.00183012
0.00219727 0.00183005

0.00219727 0.00183005
0.00224609 0.00182999

0.00224609 0.00182999
0.00229492 0.00182994

0.00229492 0.00182994
0.00234375 0.00182991

0.00234375 0.00182991
0.00239258 0.0018299

0.00239258 0.0018299
0.00244141 0.00182989

0.00244141 0.00182989
0.00249023 0.0018299

0.00249023 0.0018299
0.00253906 0.00182992

0.00253906 0.00182992
0.00258789 0.00182995

0.00258789 0.00182996
0.00263672 0.00183

0.00263672 0.00183
0.00268555 0.00183005

0.00268555 0.00183005
0.00273438 0.00183011

0.00273438 0.00183011
0.0027832 0.00183017

0.0027832 0.00183017
0.00283203 0.00183025

0.00283203 0.00183025
0.00288086 0.00183033

0.00288086 0.00183033
0.00292969 0.00183041

0.00292969 0.00183041
0.00297852 0.00183049

0.00297852 0.0018305
0.00302734 0.00183058

0.00302734 0.00183058
0.00307617 0.00183067

0.00307617 0.00183067
0.003125 0.00183075

0.003125 0.00183075
0.00317383 0.00183084

0.00317383 0.00183084
0.00322266 0.00183092

0.00322266 0.00183092
0.00327148 0.00183099

0.00327148 0.00183099
0.00332031 0.00183106

0.00332031 0.00183106
0.00336914 0.00183112

0.00336914 0.00183112
0.00341797 0.00183118

0.00341797 0.00183118
0.0034668 0.00183123

0.0034668 0.00183123
0.00351563 0.00183127

0.00351563 0.00183127
0.00356445 0.00183131

0.00356445 0.00183131
0.00361328 0.00183135

0.00361328 0.00183135
0.00366211 0.00183138

0.00366211 0.00183138
0.00371094 0.0018314

0.00371094 0.0018314
0.00375977 0.00183143

0.00375977 0.00183143
0.00380859 0.00183146

0.00380859 0.00183146
0.00385742 0.00183148

0.00385742 0.00183148
0.00390625 0.00183151

0.00390625 0.00183151
0.00395508 0.00183154

0.00395508 0.00183154
0.00400391 0.00183157

0.00400391 0.00183157
0.00405273 0.00183161

0.00405273 0.00183161
0.00410156 0.00183164

0.00410156 0.00183164
0.00415039 0.00183166

0.00415039 0.00183166
0.00419922 0.00183168

0.00419922 0.00183168
0.00424805 0.00183169

0.00424805 0.00183169
0.00429688 0.00183169

0.00429687 0.00183169
0.0043457 0.00183167

0.0043457 0.00183167
0.00439453 0.00183163

0.00439453 0.00183163
0.00444336 0.00183158

0.00444336 0.00183158
0.00449219 0.00183151

0.00449219 0.00183151
0.00454102 0.00183143

0.00454102 0.00183143
0.00458984 0.00183134

0.00458984 0.00183134
0.00463867 0.00183125

0.00463867 0.00183125
0.0046875 0.00183115

0.0046875 0.00183115
0.00473633 0.00183105

0.00473633 0.00183105
0.00478516 0.00183096

0.00478516 0.00183096
0.00483398 0.00183088

0.00483398 0.00183088
0.00488281 0.0018308

0.00488281 0.0018308
0.00493164 0.00183073

0.00493164 0.00183073
0.00498047 0.00183067

0.00498047 0.00183067
0.0050293 0.00183063

0.0050293 0.00183063
0.00507813 0.00183059

0.00507813 0.00183059
0.00512695 0.00183057

0.00512695 0.00183057
0.00517578 0.00183057

0.00517578 0.00183057
0.00522461 0.00183058

0.00522461 0.00183058
0.00527344 0.00183061

0.00527344 0.00183061
0.00532227 0.00183064

0.00532227 0.00183064
0.00537109 0.00183069

0.00537109 0.00183069
0.00541992 0.00183074

0.00541992 0.00183074
0.00546875 0.00183079

0.00546875 0.00183079
0.00551758 0.00183084

0.00551758 0.00183084
0.00556641 0.00183088

0.00556641 0.00183088
0.00561523 0.00183092

0.00561523 0.00183092
0.00566406 0.00183094

0.00566406 0.00183094
0.00571289 0.00183095

0.00571289 0.00183095
0.00576172 0.00183095

0.00576172 0.00183095
0.00581055 0.00183093

0.00581055 0.00183093
0.00585938 0.00183091

0.00585938 0.00183091
0.0059082 0.00183089

0.0059082 0.00183088
0.00595703 0.00183086

0.00595703 0.00183086
0.00600586 0.00183084

0.00600586 0.00183084
0.00605469 0.00183083

0.00605469 0.00183083
0.00610352 0.00183083

0.00610352 0.00183083
0.00615234 0.00183084

0.00615234 0.00183084
0.00620117 0.00183087

0.00620117 0.00183087
0.00625 0.0018309

0.00625 0.0018309
0.00629883 0.00183093

0.00629883 0.00183093
0.00634766 0.00183097

0.00634766 0.00183097
0.00639648 0.00183101

0.00639648 0.00183101
0.00644531 0.00183104

0.00644531 0.00183104
0.00649414 0.00183107

0.00649414 0.00183107
0.00654297 0.0018311

0.00654297 0.0018311
0.0065918 0.00183111

0.0065918 0.00183111
0.00664063 0.00183113

0.00664062 0.00183113
0.00668945 0.00183114

0.00668945 0.00183114
0.00673828 0.00183115

0.00673828 0.00183115
0.00678711 0.00183116

0.00678711 0.00183116
0.00683594 0.00183117

0.00683594 0.00183117
0.00688477 0.00183118

0.00688477 0.00183118
0.00693359 0.00183119

0.00693359 0.00183119
0.00698242 0.00183121

0.00698242 0.00183121
0.00703125 0.00183123

0.00703125 0.00183123
0.00708008 0.00183125

0.00708008 0.00183125
0.00712891 0.00183128

0.00712891 0.00183128
0.00717773 0.00183131

0.00717773 0.00183131
0.00722656 0.00183134

0.00722656 0.00183134
0.00727539 0.00183137

0.00727539 0.00183137
0.00732422 0.00183141

0.00732422 0.00183141
0.00737305 0.00183144

0.00737305 0.00183144
0.00742188 0.00183148

0.00742187 0.00183148
0.0074707 0.00183152

0.0074707 0.00183152
0.00751953 0.00183155

0.00751953 0.00183155
0.00756836 0.00183158

0.00756836 0.00183158
0.00761719 0.00183162

0.00761719 0.00183162
0.00766602 0.00183165

0.00766602 0.00183165
0.00771484 0.00183168

0.00771484 0.00183168
0.00776367 0.00183171

0.00776367 0.00183171
0.0078125 0.00183174

0.0078125 0.00183174
0.00786133 0.00183176

0.00786133 0.00183177
0.00791016 0.00183179

0.00791016 0.00183179
0.00795898 0.00183181

0.00795898 0.00183181
0.00800781 0.00183183

0.00800781 0.00183183
0.00805664 0.00183184

0.00805664 0.00183184
0.00810547 0.00183185

0.00810547 0.00183185
0.0081543 0.00183185

0.0081543 0.00183185
0.00820313 0.00183185

0.00820313 0.00183185
0.00825195 0.00183185

0.00825195 0.00183185
0.00830078 0.00183184

0.00830078 0.00183184
0.00834961 0.00183184

0.00834961 0.00183184
0.00839844 0.00183183

0.00839844 0.00183183
0.00844727 0.00183183

0.00844727 0.00183183
0.00849609 0.00183183

0.00849609 0.00183183
0.00854492 0.00183183

0.00854492 0.00183183
0.00859375 0.00183184

0.00859375 0.00183184
0.00864258 0.00183184

0.00864258 0.00183184
0.00869141 0.00183185

0.00869141 0.00183185
0.00874023 0.00183186

0.00874023 0.00183186
0.00878906 0.00183187

0.00878906 0.00183187
0.00883789 0.00183188

0.00883789 0.00183188
0.00888672 0.00183188

0.00888672 0.00183188
0.00893555 0.00183189

0.00893555 0.00183189
0.00898438 0.00183189

0.00898437 0.00183189
0.0090332 0.00183188

0.0090332 0.00183188
0.00908203 0.00183188

0.00908203 0.00183188
0.00913086 0.00183187

0.00913086 0.00183187
0.00917969 0.00183186

0.00917969 0.00183186
0.00922852 0.00183185

0.00922852 0.00183185
0.00927734 0.00183184

0.00927734 0.00183184
0.00932617 0.00183182

0.00932617 0.00183182
0.009375 0.00183181

0.009375 0.00183181
0.00942383 0.0018318

0.00942383 0.0018318
0.00947266 0.00183178

0.00947266 0.00183178
0.00952148 0.00183177

0.00952148 0.00183177
0.00957031 0.00183175

0.00957031 0.00183175
0.00961914 0.00183174

0.00961914 0.00183174
0.00966797 0.00183172

0.00966797 0.00183172
0.0097168 0.0018317

0.0097168 0.0018317
0.00976563 0.00183168

0.00976562 0.00183168
0.00981445 0.00183166

0.00981445 0.00183166
0.00986328 0.00183164

0.00986328 0.00183164
0.00991211 0.00183161

0.00991211 0.00183161
0.00996094 0.00183159

0.00996094 0.00183159
0.0100098 0.00183157

0.0100098 0.00183157
0.0100586 0.00183154

0.0100586 0.00183154
0.0101074 0.00183152

0.0101074 0.00183152
0.0101563 0.00183149

0.0101563 0.00183149
0.0102051 0.00183147

0.0102051 0.00183147
0.0102539 0.00183145

0.0102539 0.00183145
0.0103027 0.00183143

0.0103027 0.00183143
0.0103516 0.0018314

0.0103516 0.0018314
0.0104004 0.00183138

0.0104004 0.00183138
0.0104492 0.00183136

0.0104492 0.00183136
0.010498 0.00183134

0.010498 0.00183134
0.0105469 0.00183133

0.0105469 0.00183133
0.0105957 0.00183131

0.0105957 0.00183131
0.0106445 0.00183129

0.0106445 0.00183129
0.0106934 0.00183128

0.0106934 0.00183128
0.0107422 0.00183127

0.0107422 0.00183127
0.010791 0.00183126

0.010791 0.00183126
0.0108398 0.00183125

0.0108398 0.00183125
0.0108887 0.00183124

0.0108887 0.00183124
0.0109375 0.00183123

0.0109375 0.00183123
0.0109863 0.00183123

0.0109863 0.00183123
0.0110352 0.00183123

0.0110352 0.00183123
0.011084 0.00183122

0.011084 0.00183122
0.0111328 0.00183122

0.0111328 0.00183122
0.0111816 0.00183122

0.0111816 0.00183122
0.0112305 0.00183121

0.0112305 0.00183121
0.0112793 0.00183121

0.0112793 0.00183121
0.0113281 0.00183121

0.0113281 0.00183121
0.011377 0.00183121

0.011377 0.00183121
0.0114258 0.0018312

0.0114258 0.0018312
0.0114746 0.0018312

0.0114746 0.0018312
0.0115234 0.00183119

0.0115234 0.00183119
0.0115723 0.00183119

0.0115723 0.00183119
0.0116211 0.00183118

0.0116211 0.00183118
0.0116699 0.00183118

0.0116699 0.00183118
0.0117188 0.00183117

0.0117188 0.00183117
0.0117676 0.00183116

0.0117676 0.00183116
0.0118164 0.00183115

0.0118164 0.00183115
0.0118652 0.00183115

0.0118652 0.00183115
0.0119141 0.00183114

0.0119141 0.00183114
0.0119629 0.00183114

0.0119629 0.00183114
0.0120117 0.00183114

0.0120117 0.00183114
0.0120605 0.00183114

0.0120605 0.00183114
0.0121094 0.00183114

0.0121094 0.00183114
0.0121582 0.00183115

0.0121582 0.00183115
0.012207 0.00183116

0.012207 0.00183116
0.0122559 0.00183117

0.0122559 0.00183117
0.0123047 0.00183119

0.0123047 0.00183119
0.0123535 0.00183121

0.0123535 0.00183121
0.0124023 0.00183123

0.0124023 0.00183123
0.0124512 0.00183126

0.0124512 0.00183126
0.0125 0.00183129

0.0125 0.00183129
0.0125488 0.00183131

0.0125488 0.00183131
0.0125977 0.00183134

0.0125977 0.00183134
0.0126465 0.00183137

0.0126465 0.00183137
0.0126953 0.0018314

0.0126953 0.0018314
0.0127441 0.00183143

0.0127441 0.00183143
0.012793 0.00183145

0.012793 0.00183145
0.0128418 0.00183147

0.0128418 0.00183147
0.0128906 0.00183149

0.0128906 0.00183149
0.0129395 0.00183151

0.0129395 0.00183151
0.0129883 0.00183152

0.0129883 0.00183152
0.0130371 0.00183153

0.0130371 0.00183153
0.0130859 0.00183153

0.0130859 0.00183153
0.0131348 0.00183153

0.0131348 0.00183153
0.0131836 0.00183153

0.0131836 0.00183153
0.0132324 0.00183153

0.0132324 0.00183153
0.0132813 0.00183152

0.0132812 0.00183152
0.0133301 0.00183151

0.0133301 0.00183151
0.0133789 0.00183151

0.0133789 0.00183151
0.0134277 0.0018315

0.0134277 0.0018315
0.0134766 0.00183149

0.0134766 0.00183149
0.0135254 0.00183149

0.0135254 0.00183149
0.0135742 0.00183148

0.0135742 0.00183148
0.013623 0.00183148

0.013623 0.00183148
0.0136719 0.00183148

0.0136719 0.00183148
0.0137207 0.00183148

0.0137207 0.00183148
0.0137695 0.00183148

0.0137695 0.00183148
0.0138184 0.00183149

0.0138184 0.00183149
0.0138672 0.0018315

0.0138672 0.0018315
0.013916 0.0018315

0.013916 0.0018315
0.0139648 0.00183151

0.0139648 0.00183151
0.0140137 0.00183152

0.0140137 0.00183152
0.0140625 0.00183153

0.0140625 0.00183153
0.0141113 0.00183154

0.0141113 0.00183154
0.0141602 0.00183154

0.0141602 0.00183154
0.014209 0.00183155

0.014209 0.00183155
0.0142578 0.00183155

0.0142578 0.00183155
0.0143066 0.00183156

0.0143066 0.00183156
0.0143555 0.00183156

0.0143555 0.00183156
0.0144043 0.00183156

0.0144043 0.00183156
0.0144531 0.00183156

0.0144531 0.00183156
0.014502 0.00183156

0.014502 0.00183156
0.0145508 0.00183156

0.0145508 0.00183156
0.0145996 0.00183157

0.0145996 0.00183157
0.0146484 0.00183157

0.0146484 0.00183157
0.0146973 0.00183157

0.0146973 0.00183157
0.0147461 0.00183158

0.0147461 0.00183158
0.0147949 0.00183159

0.0147949 0.00183159
0.0148438 0.00183159

0.0148438 0.00183159
0.0148926 0.0018316

0.0148926 0.0018316
0.0149414 0.00183161

0.0149414 0.00183161
0.0149902 0.00183161

0.0149902 0.00183161
0.0150391 0.00183162

0.0150391 0.00183162
0.0150879 0.00183162

0.0150879 0.00183162
0.0151367 0.00183162

0.0151367 0.00183162
0.0151855 0.00183163

0.0151855 0.00183163
0.0152344 0.00183163

0.0152344 0.00183163
0.0152832 0.00183163

0.0152832 0.00183163
0.015332 0.00183162

0.015332 0.00183162
0.0153809 0.00183162

0.0153809 0.00183162
0.0154297 0.00183162

0.0154297 0.00183162
0.0154785 0.00183162

0.0154785 0.00183162
0.0155273 0.00183162

0.0155273 0.00183162
0.0155762 0.00183161

0.0155762 0.00183161
0.015625 0.00183161

0.015625 0.00183161
0.0156738 0.00183161

0.0156738 0.00183161
0.0157227 0.00183161

0.0157227 0.00183161
0.0157715 0.00183161

0.0157715 0.00183161
0.0158203 0.00183162

0.0158203 0.00183162
0.0158691 0.00183162

0.0158691 0.00183162
0.015918 0.00183162

0.015918 0.00183162
0.0159668 0.00183162

0.0159668 0.00183162
0.0160156 0.00183162

0.0160156 0.00183162
0.0160645 0.00183163

0.0160645 0.00183163
0.0161133 0.00183163

0.0161133 0.00183163
0.0161621 0.00183163

0.0161621 0.00183163
0.0162109 0.00183163

0.0162109 0.00183163
0.0162598 0.00183164

0.0162598 0.00183164
0.0163086 0.00183164

0.0163086 0.00183164
0.0163574 0.00183165

0.0163574 0.00183165
0.0164063 0.00183165

0.0164063 0.00183165
0.0164551 0.00183166

0.0164551 0.00183166
0.0165039 0.00183166

0.0165039 0.00183166
0.0165527 0.00183167

0.0165527 0.00183167
0.0166016 0.00183168

0.0166016 0.00183168
0.0166504 0.00183169

0.0166504 0.00183169
0.0166992 0.0018317

0.0166992 0.0018317
0.016748 0.00183171

0.016748 0.00183171
0.0167969 0.00183172

0.0167969 0.00183172
0.0168457 0.00183173

0.0168457 0.00183173
0.0168945 0.00183174

0.0168945 0.00183174
0.0169434 0.00183175

0.0169434 0.00183175
0.0169922 0.00183176

0.0169922 0.00183176
0.017041 0.00183178

0.017041 0.00183178
0.0170898 0.00183179

0.0170898 0.00183179
0.0171387 0.0018318

0.0171387 0.0018318
0.0171875 0.00183182

0.0171875 0.00183182
0.0172363 0.00183183

0.0172363 0.00183183
0.0172852 0.00183185

0.0172852 0.00183185
0.017334 0.00183187

0.017334 0.00183187
0.0173828 0.00183188

0.0173828 0.00183188
0.0174316 0.0018319

0.0174316 0.0018319
0.0174805 0.00183192

0.0174805 0.00183192
0.0175293 0.00183193

0.0175293 0.00183193
0.0175781 0.00183195

0.0175781 0.00183195
0.017627 0.00183196

0.017627 0.00183196
0.0176758 0.00183198

0.0176758 0.00183198
0.0177246 0.001832

0.0177246 0.001832
0.0177734 0.00183201

0.0177734 0.00183201
0.0178223 0.00183203

0.0178223 0.00183203
0.0178711 0.00183204

0.0178711 0.00183204
0.0179199 0.00183206

0.0179199 0.00183206
0.0179687 0.00183207

0.0179688 0.00183207
0.0180176 0.00183208

0.0180176 0.00183208
0.0180664 0.00183209

0.0180664 0.00183209
0.0181152 0.0018321

0.0181152 0.0018321
0.0181641 0.00183211

0.0181641 0.00183211
0.0182129 0.00183212

0.0182129 0.00183212
0.0182617 0.00183213

0.0182617 0.00183213
0.0183105 0.00183213

0.0183105 0.00183213
0.0183594 0.00183214

0.0183594 0.00183214
0.0184082 0.00183214

0.0184082 0.00183214
0.018457 0.00183214

0.018457 0.00183214
0.0185059 0.00183215

0.0185059 0.00183215
0.0185547 0.00183215

0.0185547 0.00183215
0.0186035 0.00183215

0.0186035 0.00183215
0.0186523 0.00183215

0.0186523 0.00183215
0.0187012 0.00183215

0.0187012 0.00183215
0.01875 0.00183214

0.01875 0.00183214
0.0187988 0.00183214

0.0187988 0.00183214
0.0188477 0.00183214

0.0188477 0.00183214
0.0188965 0.00183214

0.0188965 0.00183214
0.0189453 0.00183214

0.0189453 0.00183214
0.0189941 0.00183213

0.0189941 0.00183213
0.019043 0.00183213

0.019043 0.00183213
0.0190918 0.00183213

0.0190918 0.00183213
0.0191406 0.00183213

0.0191406 0.00183213
0.0191895 0.00183213

0.0191895 0.00183213
0.0192383 0.00183214

0.0192383 0.00183214
0.0192871 0.00183214

0.0192871 0.00183214
0.0193359 0.00183214

0.0193359 0.00183214
0.0193848 0.00183215

0.0193848 0.00183215
0.0194336 0.00183216

0.0194336 0.00183216
0.0194824 0.00183217

0.0194824 0.00183217
0.0195312 0.00183218

0.0195313 0.00183218
0.0195801 0.00183219

0.0195801 0.00183219
0.0196289 0.0018322

0.0196289 0.0018322
0.0196777 0.00183222

0.0196777 0.00183222
0.0197266 0.00183223

0.0197266 0.00183223
0.0197754 0.00183225

0.0197754 0.00183225
0.0198242 0.00183226

0.0198242 0.00183226
0.019873 0.00183228

0.019873 0.00183228
0.0199219 0.0018323

0.0199219 0.0018323
0.0199707 0.00183231

0.0199707 0.00183231
0.0200195 0.00183233

0.0200195 0.00183233
0.0200684 0.00183235

0.0200684 0.00183235
0.0201172 0.00183236

0.0201172 0.00183236
0.020166 0.00183238

0.020166 0.00183238
0.0202148 0.00183239

0.0202148 0.00183239
0.0202637 0.00183241

0.0202637 0.00183241
0.0203125 0.00183242

0.0203125 0.00183242
0.0203613 0.00183243

0.0203613 0.00183243
0.0204102 0.00183245

0.0204102 0.00183245
0.020459 0.00183246

0.020459 0.00183246
0.0205078 0.00183247

0.0205078 0.00183247
0.0205566 0.00183248

0.0205566 0.00183248
0.0206055 0.00183249

0.0206055 0.00183249
0.0206543 0.0018325

0.0206543 0.0018325
0.0207031 0.00183251

0.0207031 0.00183251
0.020752 0.00183252

0.020752 0.00183252
0.0208008 0.00183253

0.0208008 0.00183253
0.0208496 0.00183255

0.0208496 0.00183255
0.0208984 0.00183256

0.0208984 0.00183256
0.0209473 0.00183257

0.0209473 0.00183257
0.0209961 0.00183258

0.0209961 0.00183258
0.0210449 0.00183259

0.0210449 0.00183259
0.0210938 0.00183261

0.0210938 0.00183261
0.0211426 0.00183262

0.0211426 0.00183262
0.0211914 0.00183263

0.0211914 0.00183263
0.0212402 0.00183264

0.0212402 0.00183264
0.0212891 0.00183265

0.0212891 0.00183265
0.0213379 0.00183267

0.0213379 0.00183267
0.0213867 0.00183268

0.0213867 0.00183268
0.0214355 0.00183269

0.0214355 0.00183269
0.0214844 0.0018327

0.0214844 0.0018327
0.0215332 0.0018327

0.0215332 0.0018327
0.021582 0.00183271

0.021582 0.00183271
0.0216309 0.00183272

0.0216309 0.00183272
0.0216797 0.00183272

0.0216797 0.00183272
0.0217285 0.00183273

0.0217285 0.00183273
0.0217773 0.00183273

0.0217773 0.00183273
0.0218262 0.00183274

0.0218262 0.00183274
0.021875 0.00183274

0.021875 0.00183274
0.0219238 0.00183274

0.0219238 0.00183274
0.0219727 0.00183275

0.0219727 0.00183275
0.0220215 0.00183275

0.0220215 0.00183275
0.0220703 0.00183275

0.0220703 0.00183275
0.0221191 0.00183275

0.0221191 0.00183275
0.022168 0.00183276

0.022168 0.00183276
0.0222168 0.00183276

0.0222168 0.00183276
0.0222656 0.00183276

0.0222656 0.00183276
0.0223145 0.00183277

0.0223145 0.00183277
0.0223633 0.00183277

0.0223633 0.00183277
0.0224121 0.00183277

0.0224121 0.00183277
0.0224609 0.00183278

0.0224609 0.00183278
0.0225098 0.00183278

0.0225098 0.00183278
0.0225586 0.00183279

0.0225586 0.00183279
0.0226074 0.00183279

0.0226074 0.00183279
0.0226562 0.0018328

0.0226563 0.0018328
0.0227051 0.00183281

0.0227051 0.00183281
0.0227539 0.00183282

0.0227539 0.00183282
0.0228027 0.00183283

0.0228027 0.00183283
0.0228516 0.00183284

0.0228516 0.00183284
0.0229004 0.00183285

0.0229004 0.00183285
0.0229492 0.00183287

0.0229492 0.00183287
0.022998 0.00183288

0.022998 0.00183288
0.0230469 0.00183289

0.0230469 0.00183289
0.0230957 0.00183291

0.0230957 0.00183291
0.0231445 0.00183293

0.0231445 0.00183293
0.0231934 0.00183294

0.0231934 0.00183294
0.0232422 0.00183296

0.0232422 0.00183296
0.023291 0.00183298

0.023291 0.00183298
0.0233398 0.001833

0.0233398 0.001833
0.0233887 0.00183302

0.0233887 0.00183302
0.0234375 0.00183304

0.0234375 0.00183304
0.0234863 0.00183306

0.0234863 0.00183306
0.0235352 0.00183308

0.0235352 0.00183308
0.023584 0.0018331

0.023584 0.0018331
0.0236328 0.00183312

0.0236328 0.00183312
0.0236816 0.00183313

0.0236816 0.00183313
0.0237305 0.00183315

0.0237305 0.00183315
0.0237793 0.00183317

0.0237793 0.00183317
0.0238281 0.00183319

0.0238281 0.00183319
0.023877 0.00183321

0.023877 0.00183321
0.0239258 0.00183322

0.0239258 0.00183322
0.0239746 0.00183324

0.0239746 0.00183324
0.0240234 0.00183325

0.0240234 0.00183325
0.0240723 0.00183327

0.0240723 0.00183327
0.0241211 0.00183328

0.0241211 0.00183328
0.0241699 0.0018333

0.0241699 0.0018333
0.0242188 0.00183331

0.0242188 0.00183331
0.0242676 0.00183333

0.0242676 0.00183333
0.0243164 0.00183334

0.0243164 0.00183334
0.0243652 0.00183336

0.0243652 0.00183336
0.0244141 0.00183337

0.0244141 0.00183337
0.0244629 0.00183339

0.0244629 0.00183339
0.0245117 0.0018334

0.0245117 0.0018334
0.0245605 0.00183342

0.0245605 0.00183342
0.0246094 0.00183343

0.0246094 0.00183343
0.0246582 0.00183345

0.0246582 0.00183345
0.024707 0.00183346

0.024707 0.00183346
0.0247559 0.00183348

0.0247559 0.00183348
0.0248047 0.0018335

0.0248047 0.0018335
0.0248535 0.00183352

0.0248535 0.00183352
0.0249023 0.00183353

0.0249023 0.00183353
0.0249512 0.00183355

0.0249512 0.00183355
0.025 0.00183357

0.025 0.00183357
0.0250488 0.00183358

0.0250488 0.00183358
0.0250977 0.0018336

0.0250977 0.0018336
0.0251465 0.00183362

0.0251465 0.00183362
0.0251953 0.00183363

0.0251953 0.00183363
0.0252441 0.00183365

0.0252441 0.00183365
0.025293 0.00183366

0.025293 0.00183366
0.0253418 0.00183368

0.0253418 0.00183368
0.0253906 0.00183369

0.0253906 0.00183369
0.0254395 0.00183371

0.0254395 0.00183371
0.0254883 0.00183372

0.0254883 0.00183372
0.0255371 0.00183373

0.0255371 0.00183373
0.0255859 0.00183374

0.0255859 0.00183374
0.0256348 0.00183375

0.0256348 0.00183375
0.0256836 0.00183376

0.0256836 0.00183376
0.0257324 0.00183378

0.0257324 0.00183378
0.0257812 0.00183379

0.0257813 0.00183379
0.0258301 0.0018338

0.0258301 0.0018338
0.0258789 0.00183381

0.0258789 0.00183381
0.0259277 0.00183381

0.0259277 0.00183381
0.0259766 0.00183382

0.0259766 0.00183382
0.0260254 0.00183383

0.0260254 0.00183383
0.0260742 0.00183384

0.0260742 0.00183384
0.026123 0.00183385

0.026123 0.00183385
0.0261719 0.00183386

0.0261719 0.00183386
0.0262207 0.00183387

0.0262207 0.00183387
0.0262695 0.00183388

0.0262695 0.00183388
0.0263184 0.00183389

0.0263184 0.00183389
0.0263672 0.0018339

0.0263672 0.0018339
0.026416 0.00183391

0.026416 0.00183391
0.0264648 0.00183392

0.0264648 0.00183392
0.0265137 0.00183393

0.0265137 0.00183393
0.0265625 0.00183394

0.0265625 0.00183394
0.0266113 0.00183395

0.0266113 0.00183395
0.0266602 0.00183396

0.0266602 0.00183396
0.026709 0.00183397

0.026709 0.00183397
0.0267578 0.00183398

0.0267578 0.00183398
0.0268066 0.001834

0.0268066 0.001834
0.0268555 0.00183401

0.0268555 0.00183401
0.0269043 0.00183402

0.0269043 0.00183402
0.0269531 0.00183403

0.0269531 0.00183403
0.027002 0.00183404

0.027002 0.00183404
0.0270508 0.00183405

0.0270508 0.00183405
0.0270996 0.00183407

0.0270996 0.00183407
0.0271484 0.00183408

0.0271484 0.00183408
0.0271973 0.00183409

0.0271973 0.00183409
0.0272461 0.0018341

0.0272461 0.0018341
0.0272949 0.00183412

0.0272949 0.00183412
0.0273438 0.00183413

0.0273438 0.00183413
0.0273926 0.00183414

0.0273926 0.00183414
0.0274414 0.00183415

0.0274414 0.00183415
0.0274902 0.00183416

0.0274902 0.00183416
0.0275391 0.00183418

0.0275391 0.00183418
0.0275879 0.00183419

0.0275879 0.00183419
0.0276367 0.0018342

0.0276367 0.0018342
0.0276855 0.00183421

0.0276855 0.00183421
0.0277344 0.00183422

0.0277344 0.00183422
0.0277832 0.00183424

0.0277832 0.00183424
0.027832 0.00183425

0.027832 0.00183425
0.0278809 0.00183426

0.0278809 0.00183426
0.0279297 0.00183427

0.0279297 0.00183427
0.0279785 0.00183428

0.0279785 0.00183428
0.0280273 0.00183429

0.0280273 0.00183429
0.0280762 0.0018343

0.0280762 0.0018343
0.028125 0.00183431

0.028125 0.00183431
0.0281738 0.00183432

0.0281738 0.00183432
0.0282227 0.00183433

0.0282227 0.00183433
0.0282715 0.00183434

0.0282715 0.00183434
0.0283203 0.00183435

0.0283203 0.00183435
0.0283691 0.00183436

0.0283691 0.00183436
0.028418 0.00183437

0.028418 0.00183437
0.0284668 0.00183438

0.0284668 0.00183438
0.0285156 0.00183439

0.0285156 0.00183439
0.0285645 0.00183439

0.0285645 0.00183439
0.0286133 0.0018344

0.0286133 0.0018344
0.0286621 0.00183441

0.0286621 0.00183441
0.0287109 0.00183442

0.0287109 0.00183442
0.0287598 0.00183443

0.0287598 0.00183443
0.0288086 0.00183444

0.0288086 0.00183444
0.0288574 0.00183445

0.0288574 0.00183445
0.0289063 0.00183446

0.0289063 0.00183446
0.0289551 0.00183447

0.0289551 0.00183447
0.0290039 0.00183448

0.0290039 0.00183448
0.0290527 0.00183449

0.0290527 0.00183449
0.0291016 0.0018345

0.0291016 0.0018345
0.0291504 0.00183451

0.0291504 0.00183451
0.0291992 0.00183452

0.0291992 0.00183452
0.029248 0.00183454

0.029248 0.00183454
0.0292969 0.00183455

0.0292969 0.00183455
0.0293457 0.00183456

0.0293457 0.00183456
0.0293945 0.00183457

0.0293945 0.00183457
0.0294434 0.00183458

0.0294434 0.00183458
0.0294922 0.00183459

0.0294922 0.00183459
0.029541 0.00183461

0.029541 0.00183461
0.0295898 0.00183462

0.0295898 0.00183462
0.0296387 0.00183463

0.0296387 0.00183463
0.0296875 0.00183464

0.0296875 0.00183464
0.0297363 0.00183466

0.0297363 0.00183466
0.0297852 0.00183467

0.0297852 0.00183467
0.029834 0.00183469

0.029834 0.00183469
0.0298828 0.0018347

0.0298828 0.0018347
0.0299316 0.00183471

0.0299316 0.00183471
0.0299805 0.00183473

0.0299805 0.00183473
0.0300293 0.00183474

0.0300293 0.00183474
0.0300781 0.00183476

0.0300781 0.00183476
0.030127 0.00183477

0.030127 0.00183477
0.0301758 0.00183479

0.0301758 0.00183479
0.0302246 0.0018348

0.0302246 0.0018348
0.0302734 0.00183482

0.0302734 0.00183482
0.0303223 0.00183483

0.0303223 0.00183483
0.0303711 0.00183485

0.0303711 0.00183485
0.0304199 0.00183486

0.0304199 0.00183486
0.0304687 0.00183488

0.0304688 0.00183488
0.0305176 0.00183489

0.0305176 0.00183489
0.0305664 0.00183491

0.0305664 0.00183491
0.0306152 0.00183493

0.0306152 0.00183493
0.0306641 0.00183494

0.0306641 0.00183494
0.0307129 0.00183496

0.0307129 0.00183496
0.0307617 0.00183497

0.0307617 0.00183497
0.0308105 0.00183499

0.0308105 0.00183499
0.0308594 0.001835

0.0308594 0.001835
0.0309082 0.00183502

0.0309082 0.00183502
0.030957 0.00183504

0.030957 0.00183504
0.0310059 0.00183505

0.0310059 0.00183505
0.0310547 0.00183507

0.0310547 0.00183507
0.0311035 0.00183508

0.0311035 0.00183508
0.0311523 0.0018351

0.0311523 0.0018351
0.0312012 0.00183511

0.0312012 0.00183511
0.03125 0.00183513

0.03125 0.00183513
0.0312988 0.00183515

0.0312988 0.00183515
0.0313477 0.00183516

0.0313477 0.00183516
0.0313965 0.00183518

0.0313965 0.00183518
0.0314453 0.00183519

0.0314453 0.00183519
0.0314941 0.00183521

0.0314941 0.00183521
0.031543 0.00183523

0.031543 0.00183523
0.0315918 0.00183524

0.0315918 0.00183524
0.0316406 0.00183526

0.0316406 0.00183526
0.0316895 0.00183527

0.0316895 0.00183527
0.0317383 0.00183529

0.0317383 0.00183529
0.0317871 0.0018353

0.0317871 0.0018353
0.0318359 0.00183532

0.0318359 0.00183532
0.0318848 0.00183533

0.0318848 0.00183533
0.0319336 0.00183535

0.0319336 0.00183535
0.0319824 0.00183536

0.0319824 0.00183536
0.0320312 0.00183538

0.0320313 0.00183538
0.0320801 0.00183539

0.0320801 0.00183539
0.0321289 0.00183541

0.0321289 0.00183541
0.0321777 0.00183542

0.0321777 0.00183542
0.0322266 0.00183543

0.0322266 0.00183543
0.0322754 0.00183544

0.0322754 0.00183544
0.0323242 0.00183546

0.0323242 0.00183546
0.032373 0.00183547

0.032373 0.00183547
0.0324219 0.00183548

0.0324219 0.00183548
0.0324707 0.00183549

0.0324707 0.00183549
0.0325195 0.00183551

0.0325195 0.00183551
0.0325684 0.00183552

0.0325684 0.00183552
0.0326172 0.00183553

0.0326172 0.00183553
0.032666 0.00183554

0.032666 0.00183554
0.0327148 0.00183555

0.0327148 0.00183555
0.0327637 0.00183556

0.0327637 0.00183556
0.0328125 0.00183557

0.0328125 0.00183557
0.0328613 0.00183557

0.0328613 0.00183557
0.0329102 0.00183558

0.0329102 0.00183558
0.032959 0.00183559

0.032959 0.00183559
0.0330078 0.0018356

0.0330078 0.0018356
0.0330566 0.0018356

0.0330566 0.0018356
0.0331055 0.00183561

0.0331055 0.00183561
0.0331543 0.00183562

0.0331543 0.00183562
0.0332031 0.00183562

0.0332031 0.00183562
0.033252 0.00183563

0.033252 0.00183563
0.0333008 0.00183563

0.0333008 0.00183563
0.0333496 0.00183563

0.0333496 0.00183563
0.0333984 0.00183564

0.0333984 0.00183564
0.0334473 0.00183564

0.0334473 0.00183564
0.0334961 0.00183564

0.0334961 0.00183564
0.0335449 0.00183565

0.0335449 0.00183565
0.0335937 0.00183565

0.0335938 0.00183565
0.0336426 0.00183565

0.0336426 0.00183565
0.0336914 0.00183565

0.0336914 0.00183565
0.0337402 0.00183565

0.0337402 0.00183565
0.0337891 0.00183565

0.0337891 0.00183565
0.0338379 0.00183565

0.0338379 0.00183565
0.0338867 0.00183565

0.0338867 0.00183565
0.0339355 0.00183565

0.0339355 0.00183565
0.0339844 0.00183565

0.0339844 0.00183565
0.0340332 0.00183565

0.0340332 0.00183565
0.034082 0.00183565

0.034082 0.00183565
0.0341309 0.00183565

0.0341309 0.00183565
0.0341797 0.00183565

0.0341797 0.00183565
0.0342285 0.00183565

0.0342285 0.00183565
0.0342773 0.00183565

0.0342773 0.00183565
0.0343262 0.00183565

0.0343262 0.00183565
0.034375 0.00183565

0.034375 0.00183565
0.0344238 0.00183565

0.0344238 0.00183565
0.0344727 0.00183565

0.0344727 0.00183565
0.0345215 0.00183565

0.0345215 0.00183565
0.0345703 0.00183565

0.0345703 0.00183565
0.0346191 0.00183565

0.0346191 0.00183565
0.034668 0.00183565

0.034668 0.00183565
0.0347168 0.00183565

0.0347168 0.00183565
0.0347656 0.00183566

0.0347656 0.00183566
0.0348145 0.00183566

0.0348145 0.00183566
0.0348633 0.00183566

0.0348633 0.00183566
0.0349121 0.00183566

0.0349121 0.00183566
0.0349609 0.00183566

0.0349609 0.00183566
0.0350098 0.00183567

0.0350098 0.00183567
0.0350586 0.00183567

0.0350586 0.00183567
0.0351074 0.00183567

0.0351074 0.00183567
0.0351562 0.00183568

0.0351562 0.00183568
0.0352051 0.00183568

0.0352051 0.00183568
0.0352539 0.00183569

0.0352539 0.00183569
0.0353027 0.00183569

0.0353027 0.00183569
0.0353516 0.0018357

0.0353516 0.0018357
0.0354004 0.0018357

0.0354004 0.0018357
0.0354492 0.00183571

0.0354492 0.00183571
0.035498 0.00183571

0.035498 0.00183571
0.0355469 0.00183572

0.0355469 0.00183572
0.0355957 0.00183573

0.0355957 0.00183573
0.0356445 0.00183573

0.0356445 0.00183573
0.0356934 0.00183574

0.0356934 0.00183574
0.0357422 0.00183575

0.0357422 0.00183575
0.035791 0.00183576

0.035791 0.00183576
0.0358398 0.00183577

0.0358398 0.00183577
0.0358887 0.00183578

0.0358887 0.00183578
0.0359375 0.00183579

0.0359375 0.00183579
0.0359863 0.0018358

0.0359863 0.0018358
0.0360352 0.00183581

0.0360352 0.00183581
0.036084 0.00183582

0.036084 0.00183582
0.0361328 0.00183583

0.0361328 0.00183583
0.0361816 0.00183584

0.0361816 0.00183584
0.0362305 0.00183585

0.0362305 0.00183585
0.0362793 0.00183586

0.0362793 0.00183586
0.0363281 0.00183587

0.0363281 0.00183587
0.036377 0.00183588

0.036377 0.00183588
0.0364258 0.0018359

0.0364258 0.0018359
0.0364746 0.00183591

0.0364746 0.00183591
0.0365234 0.00183592

0.0365234 0.00183592
0.0365723 0.00183594

0.0365723 0.00183594
0.0366211 0.00183595

0.0366211 0.00183595
0.0366699 0.00183597

0.0366699 0.00183597
0.0367188 0.00183598

0.0367188 0.00183598
0.0367676 0.001836

0.0367676 0.001836
0.0368164 0.00183601

0.0368164 0.00183601
0.0368652 0.00183603

0.0368652 0.00183603
0.0369141 0.00183605

0.0369141 0.00183605
0.0369629 0.00183607

0.0369629 0.00183607
0.0370117 0.00183609

0.0370117 0.00183609
0.0370605 0.00183611

0.0370605 0.00183611
0.0371094 0.00183613

0.0371094 0.00183613
0.0371582 0.00183615

0.0371582 0.00183615
0.037207 0.00183617

0.037207 0.00183617
0.0372559 0.0018362

0.0372559 0.0018362
0.0373047 0.00183622

0.0373047 0.00183622
0.0373535 0.00183624

0.0373535 0.00183624
0.0374023 0.00183627

0.0374023 0.00183627
0.0374512 0.0018363

0.0374512 0.0018363
0.0375 0.00183633

0.0375 0.00183633
0.0375488 0.00183635

0.0375488 0.00183635
0.0375977 0.00183638

0.0375977 0.00183638
0.0376465 0.00183641

0.0376465 0.00183641
0.0376953 0.00183644

0.0376953 0.00183644
0.0377441 0.00183647

0.0377441 0.00183647
0.037793 0.00183651

0.037793 0.00183651
0.0378418 0.00183654

0.0378418 0.00183654
0.0378906 0.00183657

0.0378906 0.00183657
0.0379395 0.00183661

0.0379395 0.00183661
0.0379883 0.00183664

0.0379883 0.00183664
0.0380371 0.00183668

0.0380371 0.00183668
0.0380859 0.00183671

0.0380859 0.00183671
0.0381348 0.00183674

0.0381348 0.00183674
0.0381836 0.00183678

0.0381836 0.00183678
0.0382324 0.00183682

0.0382324 0.00183682
0.0382813 0.00183685

0.0382813 0.00183685
0.0383301 0.00183689

0.0383301 0.00183689
0.0383789 0.00183692

0.0383789 0.00183692
0.0384277 0.00183696

0.0384277 0.00183696
0.0384766 0.00183699

0.0384766 0.00183699
0.0385254 0.00183702

0.0385254 0.00183702
0.0385742 0.00183706

0.0385742 0.00183706
0.038623 0.00183709

0.038623 0.00183709
0.0386719 0.00183712

0.0386719 0.00183712
0.0387207 0.00183716

0.0387207 0.00183716
0.0387695 0.00183719

0.0387695 0.00183719
0.0388184 0.00183722

0.0388184 0.00183722
0.0388672 0.00183725

0.0388672 0.00183725
0.038916 0.00183728

0.038916 0.00183728
0.0389648 0.00183731

0.0389648 0.00183731
0.0390137 0.00183734

0.0390137 0.00183734
0.0390625 0.00183737

0.0390625 0.00183737
0.0391113 0.0018374

0.0391113 0.0018374
0.0391602 0.00183743

0.0391602 0.00183743
0.039209 0.00183745

0.039209 0.00183745
0.0392578 0.00183748

0.0392578 0.00183748
0.0393066 0.00183751

0.0393066 0.00183751
0.0393555 0.00183753

0.0393555 0.00183753
0.0394043 0.00183756

0.0394043 0.00183756
0.0394531 0.00183758

0.0394531 0.00183758
0.039502 0.00183761

0.039502 0.00183761
0.0395508 0.00183763

0.0395508 0.00183763
0.0395996 0.00183766

0.0395996 0.00183766
0.0396484 0.00183768

0.0396484 0.00183768
0.0396973 0.0018377

0.0396973 0.0018377
0.0397461 0.00183773

0.0397461 0.00183773
0.0397949 0.00183775

0.0397949 0.00183775
0.0398438 0.00183777

0.0398438 0.00183777
0.0398926 0.00183779

0.0398926 0.00183779
0.0399414 0.00183781

0.0399414 0.00183781
0.0399902 0.00183783

0.0399902 0.00183783
0.0400391 0.00183785

0.0400391 0.00183785
0.0400879 0.00183787

0.0400879 0.00183787
0.0401367 0.00183789

0.0401367 0.00183789
0.0401855 0.00183791

0.0401855 0.00183791
0.0402344 0.00183793

0.0402344 0.00183793
0.0402832 0.00183795

0.0402832 0.00183795
0.040332 0.00183797

0.040332 0.00183797
0.0403809 0.00183799

0.0403809 0.00183799
0.0404297 0.001838

0.0404297 0.001838
0.0404785 0.00183802

0.0404785 0.00183802
0.0405273 0.00183804

0.0405273 0.00183804
0.0405762 0.00183806

0.0405762 0.00183806
0.040625 0.00183807

0.040625 0.00183807
0.0406738 0.00183809

0.0406738 0.00183809
0.0407227 0.00183811

0.0407227 0.00183811
0.0407715 0.00183812

0.0407715 0.00183812
0.0408203 0.00183814

0.0408203 0.00183814
0.0408691 0.00183816

0.0408691 0.00183816
0.040918 0.00183817

0.040918 0.00183817
0.0409668 0.00183819

0.0409668 0.00183819
0.0410156 0.0018382

0.0410156 0.0018382
0.0410645 0.00183822

0.0410645 0.00183822
0.0411133 0.00183824

0.0411133 0.00183824
0.0411621 0.00183825

0.0411621 0.00183825
0.0412109 0.00183827

0.0412109 0.00183827
0.0412598 0.00183828

0.0412598 0.00183829
0.0413086 0.0018383

0.0413086 0.0018383
0.0413574 0.00183832

0.0413574 0.00183832
0.0414062 0.00183833

0.0414063 0.00183833
0.0414551 0.00183835

0.0414551 0.00183835
0.0415039 0.00183836

0.0415039 0.00183836
0.0415527 0.00183838

0.0415527 0.00183838
0.0416016 0.00183839

0.0416016 0.00183839
0.0416504 0.00183841

0.0416504 0.00183841
0.0416992 0.00183842

0.0416992 0.00183842
0.041748 0.00183844

0.041748 0.00183844
0.0417969 0.00183845

0.0417969 0.00183845
0.0418457 0.00183846

0.0418457 0.00183846
0.0418945 0.00183848

0.0418945 0.00183848
0.0419434 0.00183849

0.0419434 0.00183849
0.0419922 0.0018385

0.0419922 0.0018385
0.042041 0.00183851

0.042041 0.00183851
0.0420898 0.00183853

0.0420898 0.00183853
0.0421387 0.00183854

0.0421387 0.00183854
0.0421875 0.00183855

0.0421875 0.00183855
0.0422363 0.00183856

0.0422363 0.00183856
0.0422852 0.00183856

0.0422852 0.00183856
0.042334 0.00183857

0.042334 0.00183857
0.0423828 0.00183858

0.0423828 0.00183858
0.0424316 0.00183859

0.0424316 0.00183859
0.0424805 0.00183859

0.0424805 0.00183859
0.0425293 0.0018386

0.0425293 0.0018386
0.0425781 0.0018386

0.0425781 0.0018386
0.042627 0.00183861

0.042627 0.00183861
0.0426758 0.00183861

0.0426758 0.00183861
0.0427246 0.00183861

0.0427246 0.00183861
0.0427734 0.00183861

0.0427734 0.00183861
0.0428223 0.00183861

0.0428223 0.00183861
0.0428711 0.00183861

0.0428711 0.00183861
0.0429199 0.0018386

0.0429199 0.0018386
0.0429688 0.0018386

0.0429688 0.0018386
0.0430176 0.0018386

0.0430176 0.0018386
0.0430664 0.00183859

0.0430664 0.00183859
0.0431152 0.00183858

0.0431152 0.00183858
0.0431641 0.00183857

0.0431641 0.00183857
0.0432129 0.00183857

0.0432129 0.00183857
0.0432617 0.00183855

0.0432617 0.00183855
0.0433105 0.00183854

0.0433105 0.00183854
0.0433594 0.00183853

0.0433594 0.00183853
0.0434082 0.00183852

0.0434082 0.00183852
0.043457 0.0018385

0.043457 0.0018385
0.0435059 0.00183848

0.0435059 0.00183848
0.0435547 0.00183847

0.0435547 0.00183847
0.0436035 0.00183845

0.0436035 0.00183845
0.0436523 0.00183843

0.0436523 0.00183843
0.0437012 0.00183841

0.0437012 0.00183841
0.04375 0.00183839

0.04375 0.00183839
0.0437988 0.00183836

0.0437988 0.00183836
0.0438477 0.00183834

0.0438477 0.00183834
0.0438965 0.00183832

0.0438965 0.00183832
0.0439453 0.00183829

0.0439453 0.00183829
0.0439941 0.00183827

0.0439941 0.00183827
0.044043 0.00183824

0.044043 0.00183824
0.0440918 0.00183821

0.0440918 0.00183821
0.0441406 0.00183818

0.0441406 0.00183818
0.0441895 0.00183816

0.0441895 0.00183816
0.0442383 0.00183813

0.0442383 0.00183813
0.0442871 0.0018381

0.0442871 0.0018381
0.0443359 0.00183807

0.0443359 0.00183807
0.0443848 0.00183804

0.0443848 0.00183804
0.0444336 0.00183801

0.0444336 0.00183801
0.0444824 0.00183798

0.0444824 0.00183798
0.0445313 0.00183794

0.0445313 0.00183794
0.0445801 0.00183791

0.0445801 0.00183791
0.0446289 0.00183788

0.0446289 0.00183788
0.0446777 0.00183785

0.0446777 0.00183785
0.0447266 0.00183782

0.0447266 0.00183782
0.0447754 0.00183779

0.0447754 0.00183779
0.0448242 0.00183776

0.0448242 0.00183776
0.044873 0.00183773

0.044873 0.00183773
0.0449219 0.0018377

0.0449219 0.0018377
0.0449707 0.00183767

0.0449707 0.00183767
0.0450195 0.00183764

0.0450195 0.00183764
0.0450684 0.00183761

0.0450684 0.00183761
0.0451172 0.00183758

0.0451172 0.00183758
0.045166 0.00183755

0.045166 0.00183755
0.0452148 0.00183752

0.0452148 0.00183752
0.0452637 0.00183749

0.0452637 0.00183749
0.0453125 0.00183746

0.0453125 0.00183746
0.0453613 0.00183744

0.0453613 0.00183744
0.0454102 0.00183741

0.0454102 0.00183741
0.045459 0.00183739

0.045459 0.00183739
0.0455078 0.00183736

0.0455078 0.00183736
0.0455566 0.00183733

0.0455566 0.00183733
0.0456055 0.00183731

0.0456055 0.00183731
0.0456543 0.00183729

0.0456543 0.00183729
0.0457031 0.00183726

0.0457031 0.00183726
0.045752 0.00183724

0.045752 0.00183724
0.0458008 0.00183722

0.0458008 0.00183722
0.0458496 0.0018372

0.0458496 0.0018372
0.0458984 0.00183718

0.0458984 0.00183718
0.0459473 0.00183715

0.0459473 0.00183715
0.0459961 0.00183714

0.0459961 0.00183714
0.0460449 0.00183712

0.0460449 0.00183712
0.0460938 0.0018371

0.0460938 0.0018371
0.0461426 0.00183708

0.0461426 0.00183708
0.0461914 0.00183706

0.0461914 0.00183706
0.0462402 0.00183705

0.0462402 0.00183705
0.0462891 0.00183703

0.0462891 0.00183703
0.0463379 0.00183702

0.0463379 0.00183702
0.0463867 0.001837

0.0463867 0.001837
0.0464355 0.00183699

0.0464355 0.00183699
0.0464844 0.00183698

0.0464844 0.00183698
0.0465332 0.00183697

0.0465332 0.00183697
0.046582 0.00183696

0.046582 0.00183696
0.0466309 0.00183695

0.0466309 0.00183695
0.0466797 0.00183694

0.0466797 0.00183694
0.0467285 0.00183693

0.0467285 0.00183693
0.0467773 0.00183693

0.0467773 0.00183693
0.0468262 0.00183692

0.0468262 0.00183692
0.046875 0.00183692

0.046875 0.00183692
0.0469238 0.00183691

0.0469238 0.00183691
0.0469727 0.00183691

0.0469727 0.00183691
0.0470215 0.00183691

0.0470215 0.00183691
0.0470703 0.00183691

0.0470703 0.00183691
0.0471191 0.00183691

0.0471191 0.00183691
0.047168 0.00183691

0.047168 0.00183691
0.0472168 0.00183691

0.0472168 0.00183691
0.0472656 0.00183692

0.0472656 0.00183692
0.0473145 0.00183692

0.0473145 0.00183692
0.0473633 0.00183693

0.0473633 0.00183693
0.0474121 0.00183694

0.0474121 0.00183694
0.0474609 0.00183694

0.0474609 0.00183694
0.0475098 0.00183695

0.0475098 0.00183695
0.0475586 0.00183696

0.0475586 0.00183696
0.0476074 0.00183697

0.0476074 0.00183697
0.0476563 0.00183698

0.0476563 0.00183698
0.0477051 0.001837

0.0477051 0.001837
0.0477539 0.00183701

0.0477539 0.00183701
0.0478027 0.00183702

0.0478027 0.00183702
0.0478516 0.00183704

0.0478516 0.00183704
0.0479004 0.00183705

0.0479004 0.00183705
0.0479492 0.00183706

0.0479492 0.00183706
0.047998 0.00183708

0.047998 0.00183708
0.0480469 0.0018371

0.0480469 0.0018371
0.0480957 0.00183711

0.0480957 0.00183711
0.0481445 0.00183713

0.0481445 0.00183713
0.0481934 0.00183715

0.0481934 0.00183715
0.0482422 0.00183716

0.0482422 0.00183716
0.048291 0.00183718

0.048291 0.00183718
0.0483398 0.0018372

0.0483398 0.0018372
0.0483887 0.00183722

0.0483887 0.00183722
0.0484375 0.00183724

0.0484375 0.00183724
0.0484863 0.00183726

0.0484863 0.00183726
0.0485352 0.00183728

0.0485352 0.00183728
0.048584 0.0018373

0.048584 0.0018373
0.0486328 0.00183732

0.0486328 0.00183732
0.0486816 0.00183734

0.0486816 0.00183734
0.0487305 0.00183736

0.0487305 0.00183736
0.0487793 0.00183738

0.0487793 0.00183738
0.0488281 0.0018374

0.0488281 0.0018374
0.048877 0.00183742

0.048877 0.00183742
0.0489258 0.00183744

0.0489258 0.00183744
0.0489746 0.00183746

0.0489746 0.00183746
0.0490234 0.00183748

0.0490234 0.00183748
0.0490723 0.0018375

0.0490723 0.0018375
0.0491211 0.00183753

0.0491211 0.00183753
0.0491699 0.00183755

0.0491699 0.00183755
0.0492187 0.00183757

0.0492188 0.00183757
0.0492676 0.00183759

0.0492676 0.00183759
0.0493164 0.00183761

0.0493164 0.00183761
0.0493652 0.00183763

0.0493652 0.00183763
0.0494141 0.00183766

0.0494141 0.00183766
0.0494629 0.00183768

0.0494629 0.00183768
0.0495117 0.0018377

0.0495117 0.0018377
0.0495605 0.00183772

0.0495605 0.00183772
0.0496094 0.00183774

0.0496094 0.00183774
0.0496582 0.00183776

0.0496582 0.00183776
0.049707 0.00183779

0.049707 0.00183779
0.0497559 0.00183781

0.0497559 0.00183781
0.0498047 0.00183783

0.0498047 0.00183783
0.0498535 0.00183785

0.0498535 0.00183785
0.0499023 0.00183787

0.0499023 0.00183787
0.0499512 0.00183789

0.0499512 0.00183789
0.05 0.00183791

0.05 0.00183791
0.0500488 0.00183793

0.0500488 0.00183793
0.0500977 0.00183795

0.0500977 0.00183795
0.0501465 0.00183797

0.0501465 0.00183797
0.0501953 0.00183799

0.0501953 0.00183799
0.0502441 0.00183801

0.0502441 0.00183801
0.050293 0.00183803

0.050293 0.00183803
0.0503418 0.00183805

0.0503418 0.00183805
0.0503906 0.00183807

0.0503906 0.00183807
0.0504395 0.00183809

0.0504395 0.00183809
0.0504883 0.00183811

0.0504883 0.00183811
0.0505371 0.00183813

0.0505371 0.00183813
0.0505859 0.00183815

0.0505859 0.00183815
0.0506348 0.00183817

0.0506348 0.00183817
0.0506836 0.00183819

0.0506836 0.00183819
0.0507324 0.00183821

0.0507324 0.00183821
0.0507812 0.00183823

0.0507813 0.00183823
0.0508301 0.00183824

0.0508301 0.00183824
0.0508789 0.00183826

0.0508789 0.00183826
0.0509277 0.00183828

0.0509277 0.00183828
0.0509766 0.0018383

0.0509766 0.0018383
0.0510254 0.00183832

0.0510254 0.00183832
0.0510742 0.00183834

0.0510742 0.00183834
0.051123 0.00183836

0.051123 0.00183836
0.0511719 0.00183838

0.0511719 0.00183838
0.0512207 0.0018384

0.0512207 0.0018384
0.0512695 0.00183842

0.0512695 0.00183842
0.0513184 0.00183843

0.0513184 0.00183843
0.0513672 0.00183845

0.0513672 0.00183845
0.051416 0.00183847

0.051416 0.00183847
0.0514648 0.00183849

0.0514648 0.00183849
0.0515137 0.00183851

0.0515137 0.00183851
0.0515625 0.00183853

0.0515625 0.00183853
0.0516113 0.00183855

0.0516113 0.00183855
0.0516602 0.00183857

0.0516602 0.00183857
0.051709 0.00183859

0.051709 0.00183859
0.0517578 0.00183861

0.0517578 0.00183861
0.0518066 0.00183863

0.0518066 0.00183863
0.0518555 0.00183865

0.0518555 0.00183865
0.0519043 0.00183866

0.0519043 0.00183866
0.0519531 0.00183868

0.0519531 0.00183868
0.052002 0.0018387

0.052002 0.0018387
0.0520508 0.00183872

0.0520508 0.00183872
0.0520996 0.00183874

0.0520996 0.00183874
0.0521484 0.00183876

0.0521484 0.00183876
0.0521973 0.00183878

0.0521973 0.00183878
0.0522461 0.0018388

0.0522461 0.0018388
0.0522949 0.00183883

0.0522949 0.00183883
0.0523438 0.00183885

0.0523438 0.00183885
0.0523926 0.00183887

0.0523926 0.00183887
0.0524414 0.00183889

0.0524414 0.00183889
0.0524902 0.00183891

0.0524902 0.00183891
0.0525391 0.00183893

0.0525391 0.00183893
0.0525879 0.00183895

0.0525879 0.00183895
0.0526367 0.00183897

0.0526367 0.00183897
0.0526855 0.00183899

0.0526855 0.00183899
0.0527344 0.00183902

0.0527344 0.00183902
0.0527832 0.00183904

0.0527832 0.00183904
0.052832 0.00183906

0.052832 0.00183906
0.0528809 0.00183908

0.0528809 0.00183908
0.0529297 0.00183911

0.0529297 0.00183911
0.0529785 0.00183913

0.0529785 0.00183913
0.0530273 0.00183915

0.0530273 0.00183915
0.0530762 0.00183917

0.0530762 0.00183917
0.053125 0.0018392

0.053125 0.0018392
0.0531738 0.00183922

0.0531738 0.00183922
0.0532227 0.00183924

0.0532227 0.00183924
0.0532715 0.00183926

0.0532715 0.00183926
0.0533203 0.00183929

0.0533203 0.00183929
0.0533691 0.00183931

0.0533691 0.00183931
0.053418 0.00183933

0.053418 0.00183933
0.0534668 0.00183935

0.0534668 0.00183935
0.0535156 0.00183938

0.0535156 0.00183938
0.0535645 0.0018394

0.0535645 0.0018394
0.0536133 0.00183942

0.0536133 0.00183942
0.0536621 0.00183944

0.0536621 0.00183944
0.0537109 0.00183946

0.0537109 0.00183946
0.0537598 0.00183948

0.0537598 0.00183948
0.0538086 0.0018395

0.0538086 0.0018395
0.0538574 0.00183952

0.0538574 0.00183952
0.0539063 0.00183954

0.0539063 0.00183954
0.0539551 0.00183956

0.0539551 0.00183956
0.0540039 0.00183957

0.0540039 0.00183957
0.0540527 0.00183959

0.0540527 0.00183959
0.0541016 0.00183961

0.0541016 0.00183961
0.0541504 0.00183962

0.0541504 0.00183962
0.0541992 0.00183963

0.0541992 0.00183963
0.054248 0.00183964

0.054248 0.00183964
0.0542969 0.00183966

0.0542969 0.00183966
0.0543457 0.00183966

0.0543457 0.00183966
0.0543945 0.00183967

0.0543945 0.00183967
0.0544434 0.00183968

0.0544434 0.00183968
0.0544922 0.00183968

0.0544922 0.00183968
0.054541 0.00183969

0.054541 0.00183969
0.0545898 0.00183969

0.0545898 0.00183969
0.0546387 0.00183969

0.0546387 0.00183969
0.0546875 0.00183969

0.0546875 0.00183969
0.0547363 0.00183968

0.0547363 0.00183968
0.0547852 0.00183968

0.0547852 0.00183968
0.054834 0.00183967

0.054834 0.00183967
0.0548828 0.00183966

0.0548828 0.00183966
0.0549316 0.00183964

0.0549316 0.00183964
0.0549805 0.00183963

0.0549805 0.00183963
0.0550293 0.00183961

0.0550293 0.00183961
0.0550781 0.00183959

0.0550781 0.00183959
0.055127 0.00183957

0.055127 0.00183957
0.0551758 0.00183954

0.0551758 0.00183954
0.0552246 0.00183952

0.0552246 0.00183952
0.0552734 0.00183949

0.0552734 0.00183949
0.0553223 0.00183945

0.0553223 0.00183945
0.0553711 0.00183942

0.0553711 0.00183942
0.0554199 0.00183938

0.0554199 0.00183938
0.0554688 0.00183934

0.0554688 0.00183934
0.0555176 0.00183929

0.0555176 0.00183929
0.0555664 0.00183925

0.0555664 0.00183925
0.0556152 0.0018392

0.0556152 0.0018392
0.0556641 0.00183914

0.0556641 0.00183914
0.0557129 0.00183909

0.0557129 0.00183909
0.0557617 0.00183903

0.0557617 0.00183903
0.0558105 0.00183897

0.0558105 0.00183897
0.0558594 0.0018389

0.0558594 0.0018389
0.0559082 0.00183883

0.0559082 0.00183883
0.055957 0.00183876

0.055957 0.00183876
0.0560059 0.00183869

0.0560059 0.00183869
0.0560547 0.00183861

0.0560547 0.00183861
0.0561035 0.00183853

0.0561035 0.00183853
0.0561523 0.00183845

0.0561523 0.00183845
0.0562012 0.00183836

0.0562012 0.00183836
0.05625 0.00183827

0.05625 0.00183827
0.0562988 0.00183818

0.0562988 0.00183818
0.0563477 0.00183809

0.0563477 0.00183809
0.0563965 0.00183799

0.0563965 0.00183799
0.0564453 0.00183789

0.0564453 0.00183789
0.0564941 0.00183779

0.0564941 0.00183779
0.056543 0.00183768

0.056543 0.00183768
0.0565918 0.00183758

0.0565918 0.00183758
0.0566406 0.00183747

0.0566406 0.00183747
0.0566895 0.00183735

0.0566895 0.00183735
0.0567383 0.00183724

0.0567383 0.00183724
0.0567871 0.00183712

0.0567871 0.00183712
0.0568359 0.001837

0.0568359 0.001837
0.0568848 0.00183688

0.0568848 0.00183688
0.0569336 0.00183675

0.0569336 0.00183675
0.0569824 0.00183663

0.0569824 0.00183663
0.0570312 0.0018365

0.0570313 0.0018365
0.0570801 0.00183637

0.0570801 0.00183637
0.0571289 0.00183624

0.0571289 0.00183624
0.0571777 0.0018361

0.0571777 0.0018361
0.0572266 0.00183597

0.0572266 0.00183597
0.0572754 0.00183583

0.0572754 0.00183583
0.0573242 0.00183569

0.0573242 0.00183569
0.057373 0.00183555

0.057373 0.00183555
0.0574219 0.00183541

0.0574219 0.00183541
0.0574707 0.00183527

0.0574707 0.00183527
0.0575195 0.00183512

0.0575195 0.00183512
0.0575684 0.00183498

0.0575684 0.00183498
0.0576172 0.00183483

0.0576172 0.00183483
0.057666 0.00183469

0.057666 0.00183469
0.0577148 0.00183454

0.0577148 0.00183454
0.0577637 0.00183439

0.0577637 0.00183439
0.0578125 0.00183424

0.0578125 0.00183424
0.0578613 0.00183409

0.0578613 0.00183409
0.0579102 0.00183394

0.0579102 0.00183394
0.057959 0.00183379

0.057959 0.00183379
0.0580078 0.00183364

0.0580078 0.00183364
0.0580566 0.00183349

0.0580566 0.00183349
0.0581055 0.00183334

0.0581055 0.00183334
0.0581543 0.00183319

0.0581543 0.00183319
0.0582031 0.00183304

0.0582031 0.00183304
0.058252 0.00183289

0.058252 0.00183289
0.0583008 0.00183274

0.0583008 0.00183274
0.0583496 0.00183259

0.0583496 0.00183259
0.0583984 0.00183245

0.0583984 0.00183245
0.0584473 0.0018323

0.0584473 0.0018323
0.0584961 0.00183215

0.0584961 0.00183215
0.0585449 0.001832

0.0585449 0.001832
0.0585938 0.00183186

0.0585938 0.00183186
0.0586426 0.00183171

0.0586426 0.00183171
0.0586914 0.00183157

0.0586914 0.00183157
0.0587402 0.00183142

0.0587402 0.00183142
0.0587891 0.00183128

0.0587891 0.00183128
0.0588379 0.00183114

0.0588379 0.00183114
0.0588867 0.001831

0.0588867 0.001831
0.0589355 0.00183086

0.0589355 0.00183086
0.0589844 0.00183073

0.0589844 0.00183073
0.0590332 0.00183059

0.0590332 0.00183059
0.059082 0.00183046

0.059082 0.00183046
0.0591309 0.00183033

0.0591309 0.00183033
0.0591797 0.0018302

0.0591797 0.0018302
0.0592285 0.00183007

0.0592285 0.00183007
0.0592773 0.00182994

0.0592773 0.00182994
0.0593262 0.00182982

0.0593262 0.00182982
0.059375 0.0018297

0.059375 0.0018297
0.0594238 0.00182958

0.0594238 0.00182958
0.0594727 0.00182946

0.0594727 0.00182946
0.0595215 0.00182935

0.0595215 0.00182935
0.0595703 0.00182924

0.0595703 0.00182924
0.0596191 0.00182913

0.0596191 0.00182913
0.059668 0.00182903

0.059668 0.00182903
0.0597168 0.00182893

0.0597168 0.00182893
0.0597656 0.00182883

0.0597656 0.00182883
0.0598145 0.00182873

0.0598145 0.00182873
0.0598633 0.00182864

0.0598633 0.00182864
0.0599121 0.00182855

0.0599121 0.00182855
0.0599609 0.00182847

0.0599609 0.00182847
0.0600098 0.00182839

0.0600098 0.00182839
0.0600586 0.00182831

0.0600586 0.00182831
0.0601074 0.00182824

0.0601074 0.00182824
0.0601563 0.00182818

0.0601563 0.00182818
0.0602051 0.00182811

0.0602051 0.00182811
0.0602539 0.00182806

0.0602539 0.00182806
0.0603027 0.001828

0.0603027 0.001828
0.0603516 0.00182796

0.0603516 0.00182796
0.0604004 0.00182791

0.0604004 0.00182791
0.0604492 0.00182788

0.0604492 0.00182788
0.060498 0.00182784

0.060498 0.00182784
0.0605469 0.00182782

0.0605469 0.00182782
0.0605957 0.0018278

0.0605957 0.0018278
0.0606445 0.00182778

0.0606445 0.00182778
0.0606934 0.00182777

0.0606934 0.00182777
0.0607422 0.00182777

0.0607422 0.00182777
0.060791 0.00182777

0.060791 0.00182777
0.0608398 0.00182778

0.0608398 0.00182778
0.0608887 0.0018278

0.0608887 0.0018278
0.0609375 0.00182782

0.0609375 0.00182782
0.0609863 0.00182785

0.0609863 0.00182785
0.0610352 0.00182788

0.0610352 0.00182788
0.061084 0.00182792

0.061084 0.00182792
0.0611328 0.00182797

0.0611328 0.00182797
0.0611816 0.00182802

0.0611816 0.00182802
0.0612305 0.00182808

0.0612305 0.00182808
0.0612793 0.00182815

0.0612793 0.00182815
0.0613281 0.00182823

0.0613281 0.00182823
0.061377 0.00182831

0.061377 0.00182831
0.0614258 0.00182839

0.0614258 0.00182839
0.0614746 0.00182849

0.0614746 0.00182849
0.0615234 0.00182859

0.0615234 0.00182859
0.0615723 0.0018287

0.0615723 0.0018287
0.0616211 0.00182881

0.0616211 0.00182881
0.0616699 0.00182893

0.0616699 0.00182893
0.0617188 0.00182906

0.0617188 0.00182906
0.0617676 0.00182919

0.0617676 0.00182919
0.0618164 0.00182933

0.0618164 0.00182933
0.0618652 0.00182948

0.0618652 0.00182948
0.0619141 0.00182963

0.0619141 0.00182963
0.0619629 0.00182979

0.0619629 0.00182979
0.0620117 0.00182996

0.0620117 0.00182996
0.0620605 0.00183013

0.0620605 0.00183013
0.0621094 0.00183031

0.0621094 0.00183031
0.0621582 0.0018305

0.0621582 0.0018305
0.062207 0.00183069

0.062207 0.00183069
0.0622559 0.00183089

0.0622559 0.00183089
0.0623047 0.00183109

0.0623047 0.00183109
0.0623535 0.0018313

0.0623535 0.0018313
0.0624023 0.00183152

0.0624023 0.00183152
0.0624512 0.00183174

0.0624512 0.00183174
0.0625 0.00183197

0.0625 0.00183197
0.0625488 0.0018322

0.0625488 0.0018322
0.0625977 0.00183244

0.0625977 0.00183244
0.0626465 0.00183269

0.0626465 0.00183269
0.0626953 0.00183294

0.0626953 0.00183294
0.0627441 0.00183319

0.0627441 0.00183319
0.062793 0.00183346

0.062793 0.00183346
0.0628418 0.00183372

0.0628418 0.00183372
0.0628906 0.00183399

0.0628906 0.00183399
0.0629395 0.00183427

0.0629395 0.00183427
0.0629883 0.00183455

0.0629883 0.00183455
0.0630371 0.00183484

0.0630371 0.00183484
0.0630859 0.00183513

0.0630859 0.00183513
0.0631348 0.00183543

0.0631348 0.00183543
0.0631836 0.00183573

0.0631836 0.00183573
0.0632324 0.00183603

0.0632324 0.00183603
0.0632813 0.00183634

0.0632812 0.00183634
0.0633301 0.00183665

0.0633301 0.00183665
0.0633789 0.00183697

0.0633789 0.00183697
0.0634277 0.00183729

0.0634277 0.00183729
0.0634766 0.00183761

0.0634766 0.00183761
0.0635254 0.00183794

0.0635254 0.00183794
0.0635742 0.00183826

0.0635742 0.00183826
0.063623 0.0018386

0.063623 0.0018386
0.0636719 0.00183893

0.0636719 0.00183893
0.0637207 0.00183926

0.0637207 0.00183926
0.0637695 0.0018396

0.0637695 0.0018396
0.0638184 0.00183994

0.0638184 0.00183994
0.0638672 0.00184028

0.0638672 0.00184028
0.063916 0.00184062

0.063916 0.00184062
0.0639648 0.00184096

0.0639648 0.00184096
0.0640137 0.00184131

0.0640137 0.00184131
0.0640625 0.00184165

0.0640625 0.00184165
0.0641113 0.001842

0.0641113 0.001842
0.0641602 0.00184234

0.0641602 0.00184234
0.064209 0.00184268

0.064209 0.00184268
0.0642578 0.00184303

0.0642578 0.00184303
0.0643066 0.00184337

0.0643066 0.00184337
0.0643555 0.00184371

0.0643555 0.00184371
0.0644043 0.00184405

0.0644043 0.00184405
0.0644531 0.00184439

0.0644531 0.00184439
0.064502 0.00184473

0.064502 0.00184473
0.0645508 0.00184506

0.0645508 0.00184506
0.0645996 0.00184539

0.0645996 0.00184539
0.0646484 0.00184572

0.0646484 0.00184572
0.0646973 0.00184605

0.0646973 0.00184605
0.0647461 0.00184638

0.0647461 0.00184638
0.0647949 0.0018467

0.0647949 0.0018467
0.0648438 0.00184702

0.0648437 0.00184702
0.0648926 0.00184733

0.0648926 0.00184733
0.0649414 0.00184765

0.0649414 0.00184765
0.0649902 0.00184795

0.0649902 0.00184795
0.0650391 0.00184826

0.0650391 0.00184826
0.0650879 0.00184856

0.0650879 0.00184856
0.0651367 0.00184885

0.0651367 0.00184885
0.0651855 0.00184914

0.0651855 0.00184914
0.0652344 0.00184942

0.0652344 0.00184942
0.0652832 0.0018497

0.0652832 0.0018497
0.065332 0.00184998

0.065332 0.00184998
0.0653809 0.00185024

0.0653809 0.00185024
0.0654297 0.0018505

0.0654297 0.0018505
0.0654785 0.00185076

0.0654785 0.00185076
0.0655273 0.00185101

0.0655273 0.00185101
0.0655762 0.00185125

0.0655762 0.00185125
0.065625 0.00185148

0.065625 0.00185149
0.0656738 0.00185171

0.0656738 0.00185171
0.0657227 0.00185193

0.0657227 0.00185193
0.0657715 0.00185215

0.0657715 0.00185215
0.0658203 0.00185235

0.0658203 0.00185235
0.0658691 0.00185255

0.0658691 0.00185255
0.065918 0.00185274

0.065918 0.00185274
0.0659668 0.00185292

0.0659668 0.00185292
0.0660156 0.00185309

0.0660156 0.00185309
0.0660645 0.00185325

0.0660645 0.00185325
0.0661133 0.00185341

0.0661133 0.00185341
0.0661621 0.00185355

0.0661621 0.00185355
0.0662109 0.00185369

0.0662109 0.00185369
0.0662598 0.00185382

0.0662598 0.00185382
0.0663086 0.00185394

0.0663086 0.00185394
0.0663574 0.00185405

0.0663574 0.00185405
0.0664063 0.00185415

0.0664062 0.00185415
0.0664551 0.00185424

0.0664551 0.00185424
0.0665039 0.00185432

0.0665039 0.00185432
0.0665527 0.00185439

0.0665527 0.00185439
0.0666016 0.00185445

0.0666016 0.00185445
0.0666504 0.0018545

0.0666504 0.0018545
0.0666992 0.00185455

0.0666992 0.00185455
0.066748 0.00185458

0.066748 0.00185458
0.0667969 0.0018546

0.0667969 0.0018546
0.0668457 0.00185462

0.0668457 0.00185462
0.0668945 0.00185462

0.0668945 0.00185462
0.0669434 0.00185461

0.0669434 0.00185461
0.0669922 0.0018546

0.0669922 0.0018546
0.067041 0.00185457

0.067041 0.00185457
0.0670898 0.00185454

0.0670898 0.00185454
0.0671387 0.00185449

0.0671387 0.00185449
0.0671875 0.00185444

0.0671875 0.00185444
0.0672363 0.00185438

0.0672363 0.00185438
0.0672852 0.0018543

0.0672852 0.0018543
0.067334 0.00185422

0.067334 0.00185422
0.0673828 0.00185413

0.0673828 0.00185413
0.0674316 0.00185403

0.0674316 0.00185403
0.0674805 0.00185392

0.0674805 0.00185392
0.0675293 0.0018538

0.0675293 0.0018538
0.0675781 0.00185367

0.0675781 0.00185367
0.067627 0.00185354

0.067627 0.00185354
0.0676758 0.0018534

0.0676758 0.0018534
0.0677246 0.00185324

0.0677246 0.00185324
0.0677734 0.00185308

0.0677734 0.00185308
0.0678223 0.00185292

0.0678223 0.00185292
0.0678711 0.00185274

0.0678711 0.00185274
0.0679199 0.00185256

0.0679199 0.00185256
0.0679688 0.00185237

0.0679687 0.00185237
0.0680176 0.00185217

0.0680176 0.00185217
0.0680664 0.00185196

0.0680664 0.00185196
0.0681152 0.00185175

0.0681152 0.00185175
0.0681641 0.00185153

0.0681641 0.00185153
0.0682129 0.00185131

0.0682129 0.00185131
0.0682617 0.00185108

0.0682617 0.00185108
0.0683105 0.00185084

0.0683105 0.00185084
0.0683594 0.0018506

0.0683594 0.0018506
0.0684082 0.00185035

0.0684082 0.00185035
0.068457 0.0018501

0.068457 0.0018501
0.0685059 0.00184984

0.0685059 0.00184984
0.0685547 0.00184958

0.0685547 0.00184958
0.0686035 0.00184931

0.0686035 0.00184931
0.0686523 0.00184904

0.0686523 0.00184904
0.0687012 0.00184876

0.0687012 0.00184876
0.06875 0.00184848

0.06875 0.00184848
0.0687988 0.0018482

0.0687988 0.0018482
0.0688477 0.00184791

0.0688477 0.00184791
0.0688965 0.00184763

0.0688965 0.00184763
0.0689453 0.00184733

0.0689453 0.00184733
0.0689941 0.00184704

0.0689941 0.00184704
0.069043 0.00184675

0.069043 0.00184675
0.0690918 0.00184645

0.0690918 0.00184645
0.0691406 0.00184615

0.0691406 0.00184615
0.0691895 0.00184585

0.0691895 0.00184585
0.0692383 0.00184555

0.0692383 0.00184555
0.0692871 0.00184525

0.0692871 0.00184525
0.0693359 0.00184495

0.0693359 0.00184495
0.0693848 0.00184465

0.0693848 0.00184465
0.0694336 0.00184435

0.0694336 0.00184435
0.0694824 0.00184405

0.0694824 0.00184405
0.0695313 0.00184375

0.0695313 0.00184375
0.0695801 0.00184345

0.0695801 0.00184345
0.0696289 0.00184315

0.0696289 0.00184315
0.0696777 0.00184286

0.0696777 0.00184286
0.0697266 0.00184257

0.0697266 0.00184257
0.0697754 0.00184228

0.0697754 0.00184228
0.0698242 0.00184199

0.0698242 0.00184199
0.069873 0.00184171

0.069873 0.00184171
0.0699219 0.00184143

0.0699219 0.00184143
0.0699707 0.00184115

0.0699707 0.00184115
0.0700195 0.00184088

0.0700195 0.00184088
0.0700684 0.00184061

0.0700684 0.00184061
0.0701172 0.00184034

0.0701172 0.00184034
0.070166 0.00184008

0.070166 0.00184008
0.0702148 0.00183983

0.0702148 0.00183983
0.0702637 0.00183958

0.0702637 0.00183958
0.0703125 0.00183933

0.0703125 0.00183933
0.0703613 0.0018391

0.0703613 0.0018391
0.0704102 0.00183886

0.0704102 0.00183886
0.070459 0.00183864

0.070459 0.00183864
0.0705078 0.00183841

0.0705078 0.00183841
0.0705566 0.0018382

0.0705566 0.0018382
0.0706055 0.00183799

0.0706055 0.00183799
0.0706543 0.00183779

0.0706543 0.00183779
0.0707031 0.0018376

0.0707031 0.0018376
0.070752 0.00183741

0.070752 0.00183741
0.0708008 0.00183723

0.0708008 0.00183723
0.0708496 0.00183706

0.0708496 0.00183706
0.0708984 0.00183689

0.0708984 0.00183689
0.0709473 0.00183674

0.0709473 0.00183674
0.0709961 0.00183659

0.0709961 0.00183659
0.0710449 0.00183645

0.0710449 0.00183645
0.0710938 0.00183631

0.0710937 0.00183631
0.0711426 0.00183619

0.0711426 0.00183619
0.0711914 0.00183607

0.0711914 0.00183607
0.0712402 0.00183596

0.0712402 0.00183596
0.0712891 0.00183586

0.0712891 0.00183586
0.0713379 0.00183577

0.0713379 0.00183577
0.0713867 0.00183568

0.0713867 0.00183568
0.0714355 0.00183561

0.0714355 0.00183561
0.0714844 0.00183554

0.0714844 0.00183554
0.0715332 0.00183548

0.0715332 0.00183548
0.071582 0.00183543

0.071582 0.00183543
0.0716309 0.00183539

0.0716309 0.00183539
0.0716797 0.00183535

0.0716797 0.00183535
0.0717285 0.00183533

0.0717285 0.00183533
0.0717773 0.00183531

0.0717773 0.00183531
0.0718262 0.0018353

0.0718262 0.0018353
0.071875 0.0018353

0.071875 0.0018353
0.0719238 0.0018353

0.0719238 0.0018353
0.0719727 0.00183532

0.0719727 0.00183532
0.0720215 0.00183534

0.0720215 0.00183534
0.0720703 0.00183537

0.0720703 0.00183537
0.0721191 0.00183541

0.0721191 0.00183541
0.072168 0.00183545

0.072168 0.00183545
0.0722168 0.0018355

0.0722168 0.0018355
0.0722656 0.00183556

0.0722656 0.00183556
0.0723145 0.00183563

0.0723145 0.00183563
0.0723633 0.0018357

0.0723633 0.0018357
0.0724121 0.00183578

0.0724121 0.00183578
0.0724609 0.00183586

0.0724609 0.00183586
0.0725098 0.00183596

0.0725098 0.00183596
0.0725586 0.00183605

0.0725586 0.00183605
0.0726074 0.00183616

0.0726074 0.00183616
0.0726563 0.00183627

0.0726562 0.00183627
0.0727051 0.00183638

0.0727051 0.00183638
0.0727539 0.0018365

0.0727539 0.0018365
0.0728027 0.00183663

0.0728027 0.00183663
0.0728516 0.00183676

0.0728516 0.00183676
0.0729004 0.0018369

0.0729004 0.0018369
0.0729492 0.00183704

0.0729492 0.00183704
0.072998 0.00183718

0.072998 0.00183718
0.0730469 0.00183733

0.0730469 0.00183733
0.0730957 0.00183748

0.0730957 0.00183748
0.0731445 0.00183763

0.0731445 0.00183763
0.0731934 0.00183779

0.0731934 0.00183779
0.0732422 0.00183795

0.0732422 0.00183795
0.073291 0.00183812

0.073291 0.00183812
0.0733398 0.00183828

0.0733398 0.00183828
0.0733887 0.00183845

0.0733887 0.00183845
0.0734375 0.00183862

0.0734375 0.00183862
0.0734863 0.0018388

0.0734863 0.0018388
0.0735352 0.00183897

0.0735352 0.00183897
0.073584 0.00183914

0.073584 0.00183914
0.0736328 0.00183932

0.0736328 0.00183932
0.0736816 0.0018395

0.0736816 0.0018395
0.0737305 0.00183967

0.0737748 0
0.0737793 1.25561e-05

0.0737305 0.00183967
0.0737793 0.00183985

0.0737793 1.39935e-05
0.0738281 1.67056e-05

0.0737793 0.00183985
0.0738281 0.00184003

0.0738281 1.73077e-05
0.0738348 0

0.0738281 0.00184003
0.073877 0.00184021

0.073877 0.00184021
0.0739258 0.00184038

0.0739258 0.00184038
0.0739746 0.00184056

0.0739746 0.00184056
0.0740234 0.00184073

0.0740234 0.00184073
0.0740723 0.0018409

0.0740723 0.0018409
0.0741211 0.00184108

0.0741211 0.00184108
0.0741699 0.00184124

0.0741699 0.00184124
0.0742188 0.00184141

0.0742188 0.00184141
0.0742676 0.00184158

0.0742676 0.00184158
0.0743164 0.00184174

0.0743164 0.00184174
0.0743652 0.0018419

0.0743652 0.0018419
0.0744141 0.00184205

0.0744141 0.00184205
0.0744629 0.00184221

0.0744629 0.00184221
0.0745117 0.00184236

0.0745117 0.00184236
0.0745605 0.0018425

0.0745605 0.0018425
0.0746094 0.00184264

0.0746094 0.00184264
0.0746582 0.00184278

0.0746582 0.00184278
0.074707 0.00184291

0.074707 0.00184291
0.0747559 0.00184304

0.0747559 0.00184304
0.0748047 0.00184316

0.0748047 0.00184316
0.0748535 0.00184328

0.0748535 0.00184328
0.0749023 0.00184339

0.0749023 0.00184339
0.0749512 0.0018435

0.0749512 0.0018435
0.075 0.0018436

0.075 0.0018436
0.0750488 0.0018437

0.0750488 0.0018437
0.0750977 0.00184379

0.0750977 0.00184379
0.0751465 0.00184387

0.0751465 0.00184387
0.0751953 0.00184395

0.0751953 0.00184395
0.0752441 0.00184402

0.0752441 0.00184402
0.075293 0.00184408

0.075293 0.00184408
0.0753418 0.00184414

0.0753418 0.00184414
0.0753906 0.00184419

0.0753906 0.00184419
0.0754395 0.00184423

0.0754395 0.00184423
0.0754883 0.00184427

0.0754883 0.00184427
0.0755371 0.0018443

0.0755371 0.0018443
0.0755859 0.00184432

0.0755859 0.00184432
0.0756348 0.00184433

0.0756348 0.00184433
0.0756836 0.00184434

0.0756836 0.00184434
0.0757324 0.00184433

0.0757324 0.00184433
0.0757813 0.00184432

0.0757812 0.00184432
0.0758301 0.00184431

0.0758301 0.00184431
0.0758789 0.00184428

0.0758789 0.00184428
0.0759277 0.00184425

0.0759277 0.00184425
0.0759766 0.00184421

0.0759766 0.00184421
0.0760254 0.00184416

0.0760254 0.00184416
0.0760742 0.00184411

0.0760742 0.00184411
0.076123 0.00184405

0.076123 0.00184405
0.0761719 0.00184398

0.0761719 0.00184397
0.0762207 0.0018439

0.0762207 0.0018439
0.0762695 0.00184381

0.0762695 0.00184381
0.0763184 0.00184372

0.0763184 0.00184372
0.0763672 0.00184362

0.0763672 0.00184362
0.076416 0.00184351

0.076416 0.00184351
0.0764648 0.0018434

0.0764648 0.0018434
0.0765137 0.00184328

0.0765137 0.00184328
0.0765625 0.00184316

0.0765625 0.00184316
0.0766113 0.00184302

0.0766113 0.00184302
0.0766602 0.00184288

0.0766602 0.00184288
0.076709 0.00184274

0.076709 0.00184274
0.0767578 0.00184259

0.0767578 0.00184259
0.0768066 0.00184243

0.0768066 0.00184243
0.0768555 0.00184227

0.0768555 0.00184227
0.0769043 0.00184211

0.0769043 0.00184211
0.0769531 0.00184194

0.0769531 0.00184194
0.077002 0.00184176

0.077002 0.00184176
0.0770508 0.00184159

0.0770508 0.00184159
0.0770996 0.00184141

0.0770996 0.00184141
0.0771484 0.00184122

0.0771484 0.00184122
0.0771973 0.00184103

0.0771973 0.00184103
0.0772461 0.00184084

0.0772461 0.00184084
0.0772949 0.00184065

0.0772949 0.00184065
0.0773438 0.00184046

0.0773438 0.00184046
0.0773926 0.00184026

0.0773926 0.00184026
0.0774414 0.00184006

0.0774414 0.00184006
0.0774902 0.00183986

0.0774902 0.00183986
0.0775391 0.00183967

0.0775391 0.00183967
0.0775879 0.00183947

0.0775879 0.00183947
0.0776367 0.00183927

0.0776367 0.00183927
0.0776855 0.00183907

0.0776855 0.00183907
0.0777344 0.00183888

0.0777344 0.00183888
0.0777832 0.00183868

0.0777832 0.00183868
0.077832 0.00183849

0.077832 0.00183849
0.0778809 0.0018383

0.0778809 0.0018383
0.0779297 0.00183811

0.0779297 0.00183811
0.0779785 0.00183793

0.0779785 0.00183793
0.0780273 0.00183775

0.0780273 0.00183775
0.0780762 0.00183757

0.0780762 0.00183757
0.078125 0.0018374

0.078125 0.0018374
0.0781738 0.00183723

0.0781738 0.00183723
0.0782227 0.00183706

0.0782227 0.00183706
0.0782715 0.00183691

0.0782715 0.00183691
0.0783203 0.00183675

0.0783203 0.00183675
0.0783691 0.00183661

0.0783691 0.00183661
0.078418 0.00183646

0.078418 0.00183646
0.0784668 0.00183633

0.0784668 0.00183633
0.0785156 0.0018362

0.0785156 0.0018362
0.0785645 0.00183608

0.0785645 0.00183608
0.0786133 0.00183597

0.0786133 0.00183597
0.0786621 0.00183586

0.0786621 0.00183586
0.0787109 0.00183576

0.0787109 0.00183576
0.0787598 0.00183567

0.0787598 0.00183567
0.0788086 0.00183559

0.0788086 0.00183559
0.0788574 0.00183552

0.0788574 0.00183552
0.0789063 0.00183545

0.0789062 0.00183545
0.0789551 0.0018354

0.0789551 0.0018354
0.0790039 0.00183535

0.0790039 0.00183535
0.0790527 0.00183531

0.0790527 0.00183531
0.0791016 0.00183529

0.0791016 0.00183529
0.0791504 0.00183527

0.0791504 0.00183527
0.0791992 0.00183526

0.0791992 0.00183526
0.079248 0.00183526

0.079248 0.00183526
0.0792969 0.00183527

0.0792969 0.00183527
0.0793457 0.00183529

0.0793457 0.00183529
0.0793945 0.00183531

0.0793945 0.00183531
0.0794434 0.00183535

0.0794434 0.00183535
0.0794922 0.0018354

0.0794922 0.0018354
0.079541 0.00183546

0.079541 0.00183546
0.0795898 0.00183553

0.0795898 0.00183553
0.0796387 0.00183561

0.0796387 0.00183561
0.0796875 0.00183569

0.0796875 0.00183569
0.0797363 0.00183579

0.0797363 0.00183579
0.0797852 0.0018359

0.0797852 0.0018359
0.079834 0.00183601

0.079834 0.00183601
0.0798828 0.00183614

0.0798828 0.00183614
0.0799316 0.00183627

0.0799316 0.00183627
0.0799805 0.00183641

0.0799805 0.00183641
0.0800293 0.00183657

0.0800293 0.00183657
0.0800781 0.00183673

0.0800781 0.00183673
0.080127 0.00183689

0.080127 0.00183689
0.0801758 0.00183707

0.0801758 0.00183707
0.0802246 0.00183726

0.0802246 0.00183726
0.0802734 0.00183745

0.0802734 0.00183745
0.0803223 0.00183765

0.0803223 0.00183765
0.0803711 0.00183785

0.0803711 0.00183785
0.0804199 0.00183807

0.0804199 0.00183807
0.0804688 0.00183829

0.0804688 0.00183829
0.0805176 0.00183851

0.0805176 0.00183851
0.0805664 0.00183874

0.0805664 0.00183875
0.0806152 0.00183898

0.0806152 0.00183898
0.0806641 0.00183922

0.0806641 0.00183922
0.0807129 0.00183947

0.0807129 0.00183947
0.0807617 0.00183972

0.0807617 0.00183972
0.0808105 0.00183998

0.0808105 0.00183998
0.0808594 0.00184024

0.0808594 0.00184024
0.0809082 0.0018405

0.0809082 0.0018405
0.080957 0.00184076

0.080957 0.00184076
0.0810059 0.00184103

0.0810059 0.00184103
0.0810547 0.0018413

0.0810547 0.0018413
0.0811035 0.00184157

0.0811035 0.00184157
0.0811523 0.00184184

0.0811523 0.00184184
0.0812012 0.00184211

0.0812012 0.00184211
0.08125 0.00184238

0.08125 0.00184238
0.0812988 0.00184265

0.0812988 0.00184265
0.0813477 0.00184292

0.0813477 0.00184292
0.0813965 0.00184319

0.0813965 0.00184319
0.0814453 0.00184346

0.0814453 0.00184346
0.0814941 0.00184373

0.0814941 0.00184373
0.081543 0.00184399

0.081543 0.00184399
0.0815918 0.00184425

0.0815918 0.00184425
0.0816406 0.00184451

0.0816406 0.00184451
0.0816895 0.00184477

0.0816895 0.00184477
0.0817383 0.00184502

0.0817383 0.00184502
0.0817871 0.00184527

0.0817871 0.00184527
0.0818359 0.00184551

0.0818359 0.00184551
0.0818848 0.00184575

0.0818848 0.00184575
0.0819336 0.00184598

0.0819336 0.00184598
0.0819824 0.00184621

0.0819824 0.00184621
0.0820313 0.00184643

0.0820312 0.00184643
0.0820801 0.00184664

0.0820801 0.00184664
0.0821289 0.00184685

0.0821289 0.00184685
0.0821777 0.00184706

0.0821777 0.00184706
0.0822266 0.00184725

0.0822266 0.00184725
0.0822754 0.00184744

0.0822754 0.00184744
0.0823242 0.00184763

0.0823242 0.00184763
0.082373 0.00184781

0.082373 0.00184781
0.0824219 0.00184797

0.0824219 0.00184797
0.0824707 0.00184814

0.0824707 0.00184814
0.0825195 0.00184829

0.0825195 0.00184829
0.0825684 0.00184844

0.0825684 0.00184844
0.0826172 0.00184858

0.0826172 0.00184858
0.082666 0.00184871

0.082666 0.00184871
0.0827148 0.00184884

0.0827148 0.00184884
0.0827637 0.00184895

0.0827637 0.00184895
0.0828125 0.00184906

0.0828125 0.00184906
0.0828613 0.00184917

0.0828613 0.00184917
0.0829102 0.00184926

0.0829102 0.00184926
0.082959 0.00184935

0.082959 0.00184935
0.0830078 0.00184943

0.0830078 0.00184943
0.0830566 0.0018495

0.0830566 0.0018495
0.0831055 0.00184957

0.0831055 0.00184957
0.0831543 0.00184963

0.0831543 0.00184963
0.0832031 0.00184968

0.0832031 0.00184968
0.083252 0.00184972

0.083252 0.00184972
0.0833008 0.00184976

0.0833008 0.00184976
0.0833496 0.00184979

0.0833496 0.00184979
0.0833984 0.00184982

0.0833984 0.00184982
0.0834473 0.00184984

0.0834473 0.00184984
0.0834961 0.00184985

0.0834961 0.00184985
0.0835449 0.00184986

0.0835449 0.00184986
0.0835938 0.00184986

0.0835937 0.00184986
0.0836426 0.00184986

0.0836426 0.00184986
0.0836914 0.00184986

0.0836914 0.00184986
0.0837402 0.00184984

0.0837402 0.00184984
0.0837891 0.00184983

0.0837891 0.00184983
0.0838379 0.00184981

0.0838379 0.00184981
0.0838867 0.00184978

0.0838867 0.00184978
0.0839355 0.00184975

0.0839355 0.00184975
0.0839844 0.00184972

0.0839844 0.00184972
0.0840332 0.00184969

0.0840332 0.00184969
0.084082 0.00184965

0.084082 0.00184965
0.0841309 0.00184961

0.0841309 0.00184961
0.0841797 0.00184957

0.0841797 0.00184957
0.0842285 0.00184953

0.0842285 0.00184953
0.0842773 0.00184948

0.0842773 0.00184948
0.0843262 0.00184943

0.0843262 0.00184943
0.084375 0.00184939

0.084375 0.00184939
0.0844238 0.00184934

0.0844238 0.00184934
0.0844727 0.00184929

0.0844727 0.00184929
0.0845215 0.00184924

0.0845215 0.00184924
0.0845703 0.00184919

0.0845703 0.00184919
0.0846191 0.00184914

0.0846191 0.00184914
0.084668 0.00184909

0.084668 0.00184909
0.0847168 0.00184904

0.0847168 0.00184904
0.0847656 0.00184899

0.0847656 0.00184899
0.0848145 0.00184894

0.0848145 0.00184894
0.0848633 0.00184889

0.0848633 0.00184889
0.0849121 0.00184884

0.0849121 0.00184884
0.0849609 0.0018488

0.0849609 0.0018488
0.0850098 0.00184875

0.0850098 0.00184875
0.0850586 0.00184871

0.0850586 0.00184871
0.0851074 0.00184867

0.0851074 0.00184867
0.0851563 0.00184862

0.0851563 0.00184862
0.0852051 0.00184858

0.0852051 0.00184858
0.0852539 0.00184855

0.0852539 0.00184855
0.0853027 0.00184851

0.0853027 0.00184851
0.0853516 0.00184847

0.0853516 0.00184847
0.0854004 0.00184844

0.0854004 0.00184844
0.0854492 0.00184841

0.0854492 0.00184841
0.085498 0.00184837

0.085498 0.00184837
0.0855469 0.00184834

0.0855469 0.00184834
0.0855957 0.00184831

0.0855957 0.00184831
0.0856445 0.00184828

0.0856445 0.00184828
0.0856934 0.00184825

0.0856934 0.00184825
0.0857422 0.00184822

0.0857422 0.00184822
0.085791 0.0018482

0.085791 0.0018482
0.0858398 0.00184817

0.0858398 0.00184817
0.0858887 0.00184814

0.0858887 0.00184814
0.0859375 0.00184811

0.0859375 0.00184811
0.0859863 0.00184809

0.0859863 0.00184809
0.0860352 0.00184806

0.0860352 0.00184806
0.086084 0.00184803

0.086084 0.00184803
0.0861328 0.001848

0.0861328 0.001848
0.0861816 0.00184797

0.0861816 0.00184797
0.0862305 0.00184793

0.0862305 0.00184793
0.0862793 0.0018479

0.0862793 0.0018479
0.0863281 0.00184786

0.0863281 0.00184786
0.086377 0.00184782

0.086377 0.00184782
0.0864258 0.00184778

0.0864258 0.00184778
0.0864746 0.00184774

0.0864746 0.00184774
0.0865234 0.00184769

0.0865234 0.00184769
0.0865723 0.00184764

0.0865723 0.00184764
0.0866211 0.00184759

0.0866211 0.00184759
0.0866699 0.00184753

0.0866699 0.00184753
0.0867188 0.00184747

0.0867187 0.00184747
0.0867676 0.00184741

0.0867676 0.00184741
0.0868164 0.00184734

0.0868164 0.00184734
0.0868652 0.00184727

0.0868652 0.00184727
0.0869141 0.0018472

0.0869141 0.0018472
0.0869629 0.00184712

0.0869629 0.00184712
0.0870117 0.00184703

0.0870117 0.00184703
0.0870605 0.00184694

0.0870605 0.00184694
0.0871094 0.00184685

0.0871094 0.00184685
0.0871582 0.00184675

0.0871582 0.00184675
0.087207 0.00184664

0.087207 0.00184664
0.0872559 0.00184653

0.0872559 0.00184653
0.0873047 0.00184642

0.0873047 0.00184642
0.0873535 0.0018463

0.0873535 0.0018463
0.0874023 0.00184618

0.0874023 0.00184618
0.0874512 0.00184605

0.0874512 0.00184605
0.0875 0.00184591

0.0875 0.00184591
0.0875488 0.00184577

0.0875488 0.00184577
0.0875977 0.00184563

0.0875977 0.00184563
0.0876465 0.00184548

0.0876465 0.00184548
0.0876953 0.00184533

0.0876953 0.00184533
0.0877441 0.00184517

0.0877441 0.00184517
0.087793 0.00184501

0.087793 0.00184501
0.0878418 0.00184484

0.0878418 0.00184484
0.0878906 0.00184467

0.0878906 0.00184467
0.0879395 0.0018445

0.0879395 0.0018445
0.0879883 0.00184432

0.0879883 0.00184432
0.0880371 0.00184415

0.0880371 0.00184415
0.0880859 0.00184396

0.0880859 0.00184396
0.0881348 0.00184378

0.0881348 0.00184378
0.0881836 0.00184359

0.0881836 0.00184359
0.0882324 0.0018434

0.0882324 0.0018434
0.0882813 0.00184321

0.0882813 0.00184321
0.0883301 0.00184302

0.0883301 0.00184302
0.0883789 0.00184283

0.0883789 0.00184283
0.0884277 0.00184264

0.0884277 0.00184264
0.0884766 0.00184244

0.0884766 0.00184244
0.0885254 0.00184225

0.0885254 0.00184225
0.0885742 0.00184206

0.0885742 0.00184206
0.088623 0.00184187

0.088623 0.00184187
0.0886719 0.00184168

0.0886719 0.00184168
0.0887207 0.0018415

0.0887207 0.0018415
0.0887695 0.00184131

0.0887695 0.00184131
0.0888184 0.00184113

0.0888184 0.00184113
0.0888672 0.00184095

0.0888672 0.00184095
0.088916 0.00184078

0.088916 0.00184078
0.0889648 0.00184061

0.0889648 0.00184061
0.0890137 0.00184044

0.0890137 0.00184044
0.0890625 0.00184028

0.0890625 0.00184028
0.0891113 0.00184013

0.0891113 0.00184013
0.0891602 0.00183998

0.0891602 0.00183998
0.089209 0.00183983

0.089209 0.00183983
0.0892578 0.00183969

0.0892578 0.00183969
0.0893066 0.00183956

0.0893066 0.00183956
0.0893555 0.00183944

0.0893555 0.00183944
0.0894043 0.00183932

0.0894043 0.00183932
0.0894531 0.00183921

0.0894531 0.00183921
0.089502 0.00183911

0.089502 0.00183911
0.0895508 0.00183901

0.0895508 0.00183901
0.0895996 0.00183893

0.0895996 0.00183893
0.0896484 0.00183885

0.0896484 0.00183885
0.0896973 0.00183878

0.0896973 0.00183878
0.0897461 0.00183872

0.0897461 0.00183872
0.0897949 0.00183867

0.0897949 0.00183867
0.0898438 0.00183862

0.0898438 0.00183862
0.0898926 0.00183859

0.0898926 0.00183859
0.0899414 0.00183856

0.0899414 0.00183856
0.0899902 0.00183855

0.0899902 0.00183855
0.0900391 0.00183854

0.0900391 0.00183854
0.0900879 0.00183854

0.0900879 0.00183854
0.0901367 0.00183855

0.0901367 0.00183855
0.0901855 0.00183857

0.0901855 0.00183857
0.0902344 0.0018386

0.0902344 0.0018386
0.0902832 0.00183864

0.0902832 0.00183864
0.090332 0.00183868

0.090332 0.00183868
0.0903809 0.00183874

0.0903809 0.00183874
0.0904297 0.0018388

0.0904297 0.0018388
0.0904785 0.00183888

0.0904785 0.00183888
0.0905273 0.00183896

0.0905273 0.00183896
0.0905762 0.00183904

0.0905762 0.00183904
0.090625 0.00183914

0.090625 0.00183914
0.0906738 0.00183924

0.0906738 0.00183924
0.0907227 0.00183935

0.0907227 0.00183935
0.0907715 0.00183947

0.0907715 0.00183947
0.0908203 0.0018396

0.0908203 0.0018396
0.0908691 0.00183973

0.0908691 0.00183973
0.090918 0.00183986

0.090918 0.00183987
0.0909668 0.00184001

0.0909668 0.00184001
0.0910156 0.00184016

0.0910156 0.00184016
0.0910645 0.00184031

0.0910645 0.00184031
0.0911133 0.00184047

0.0911133 0.00184047
0.0911621 0.00184063

0.0911621 0.00184063
0.0912109 0.0018408

0.0912109 0.0018408
0.0912598 0.00184097

0.0912598 0.00184097
0.0913086 0.00184115

0.0913086 0.00184115
0.0913574 0.00184133

0.0913574 0.00184133
0.0914063 0.00184151

0.0914062 0.00184151
0.0914551 0.00184169

0.0914551 0.00184169
0.0915039 0.00184188

0.0915039 0.00184188
0.0915527 0.00184207

0.0915527 0.00184207
0.0916016 0.00184226

0.0916016 0.00184226
0.0916504 0.00184245

0.0916504 0.00184245
0.0916992 0.00184264

0.0916992 0.00184264
0.091748 0.00184284

0.091748 0.00184284
0.0917969 0.00184303

0.0917969 0.00184303
0.0918457 0.00184323

0.0918457 0.00184323
0.0918945 0.00184342

0.0918945 0.00184342
0.0919434 0.00184361

0.0919434 0.00184362
0.0919922 0.00184381

0.0919922 0.00184381
0.092041 0.001844

0.092041 0.001844
0.0920898 0.00184419

0.0920898 0.00184419
0.0921387 0.00184438

0.0921387 0.00184438
0.0921875 0.00184457

0.0921875 0.00184457
0.0922363 0.00184476

0.0922363 0.00184476
0.0922852 0.00184495

0.0922852 0.00184495
0.092334 0.00184513

0.092334 0.00184513
0.0923828 0.00184531

0.0923828 0.00184531
0.0924316 0.00184549

0.0924316 0.00184549
0.0924805 0.00184567

0.0924805 0.00184567
0.0925293 0.00184584

0.0925293 0.00184584
0.0925781 0.00184601

0.0925781 0.00184601
0.092627 0.00184618

0.092627 0.00184618
0.0926758 0.00184634

0.0926758 0.00184635
0.0927246 0.00184651

0.0927246 0.00184651
0.0927734 0.00184666

0.0927734 0.00184666
0.0928223 0.00184682

0.0928223 0.00184682
0.0928711 0.00184697

0.0928711 0.00184697
0.0929199 0.00184711

0.0929199 0.00184711
0.0929688 0.00184726

0.0929688 0.00184726
0.0930176 0.0018474

0.0930176 0.0018474
0.0930664 0.00184753

0.0930664 0.00184753
0.0931152 0.00184766

0.0931152 0.00184766
0.0931641 0.00184779

0.0931641 0.00184779
0.0932129 0.00184791

0.0932129 0.00184791
0.0932617 0.00184802

0.0932617 0.00184802
0.0933105 0.00184814

0.0933105 0.00184814
0.0933594 0.00184824

0.0933594 0.00184824
0.0934082 0.00184835

0.0934082 0.00184835
0.093457 0.00184844

0.093457 0.00184844
0.0935059 0.00184854

0.0935059 0.00184854
0.0935547 0.00184862

0.0935547 0.00184862
0.0936035 0.00184871

0.0936035 0.00184871
0.0936523 0.00184879

0.0936523 0.00184879
0.0937012 0.00184886

0.0937012 0.00184886
0.09375 0.00184892

0.09375 0.00184892
0.0937988 0.00184899

0.0937988 0.00184899
0.0938477 0.00184904

0.0938477 0.00184904
0.0938965 0.00184909

0.0938965 0.00184909
0.0939453 0.00184914

0.0939453 0.00184914
0.0939941 0.00184918

0.0939941 0.00184918
0.094043 0.00184921

0.094043 0.00184921
0.0940918 0.00184924

0.0940918 0.00184924
0.0941406 0.00184926

0.0941406 0.00184926
0.0941895 0.00184927

0.0941895 0.00184927
0.0942383 0.00184928

0.0942383 0.00184928
0.0942871 0.00184929

0.0942871 0.00184929
0.0943359 0.00184928

0.0943359 0.00184928
0.0943848 0.00184928

0.0943848 0.00184928
0.0944336 0.00184926

0.0944336 0.00184926
0.0944824 0.00184924

0.0944824 0.00184924
0.0945313 0.00184921

0.0945312 0.00184921
0.0945801 0.00184918

0.0945801 0.00184918
0.0946289 0.00184914

0.0946289 0.00184914
0.0946777 0.00184909

0.0946777 0.00184909
0.0947266 0.00184904

0.0947266 0.00184904
0.0947754 0.00184898

0.0947754 0.00184898
0.0948242 0.00184891

0.0948242 0.00184891
0.094873 0.00184884

0.094873 0.00184884
0.0949219 0.00184876

0.0949219 0.00184876
0.0949707 0.00184868

0.0949707 0.00184868
0.0950195 0.00184859

0.0950195 0.00184859
0.0950684 0.00184849

0.0950684 0.00184849
0.0951172 0.00184839

0.0951172 0.00184839
0.095166 0.00184828

0.095166 0.00184828
0.0952148 0.00184817

0.0952148 0.00184817
0.0952637 0.00184805

0.0952637 0.00184805
0.0953125 0.00184793

0.0953125 0.00184793
0.0953613 0.0018478

0.0953613 0.0018478
0.0954102 0.00184766

0.0954102 0.00184766
0.095459 0.00184753

0.095459 0.00184753
0.0955078 0.00184738

0.0955078 0.00184738
0.0955566 0.00184723

0.0955566 0.00184723
0.0956055 0.00184708

0.0956055 0.00184708
0.0956543 0.00184693

0.0956543 0.00184693
0.0957031 0.00184677

0.0957031 0.00184677
0.095752 0.0018466

0.095752 0.0018466
0.0958008 0.00184644

0.0958008 0.00184644
0.0958496 0.00184627

0.0958496 0.00184627
0.0958984 0.0018461

0.0958984 0.00184609
0.0959473 0.00184592

0.0959473 0.00184592
0.0959961 0.00184574

0.0959961 0.00184574
0.0960449 0.00184557

0.0960449 0.00184557
0.0960938 0.00184539

0.0960938 0.00184539
0.0961426 0.00184521

0.0961426 0.00184521
0.0961914 0.00184503

0.0961914 0.00184503
0.0962402 0.00184484

0.0962402 0.00184484
0.0962891 0.00184466

0.0962891 0.00184466
0.0963379 0.00184448

0.0963379 0.00184448
0.0963867 0.0018443

0.0963867 0.0018443
0.0964355 0.00184412

0.0964355 0.00184412
0.0964844 0.00184394

0.0964844 0.00184394
0.0965332 0.00184376

0.0965332 0.00184376
0.096582 0.00184359

0.096582 0.00184359
0.0966309 0.00184341

0.0966309 0.00184341
0.0966797 0.00184324

0.0966797 0.00184324
0.0967285 0.00184307

0.0967285 0.00184307
0.0967773 0.00184291

0.0967773 0.00184291
0.0968262 0.00184274

0.0968262 0.00184274
0.096875 0.00184258

0.096875 0.00184258
0.0969238 0.00184243

0.0969238 0.00184243
0.0969727 0.00184228

0.0969727 0.00184228
0.0970215 0.00184213

0.0970215 0.00184213
0.0970703 0.00184198

0.0970703 0.00184198
0.0971191 0.00184185

0.0971191 0.00184185
0.097168 0.00184171

0.097168 0.00184171
0.0972168 0.00184158

0.0972168 0.00184158
0.0972656 0.00184146

0.0972656 0.00184146
0.0973145 0.00184134

0.0973145 0.00184134
0.0973633 0.00184122

0.0973633 0.00184122
0.0974121 0.00184112

0.0974121 0.00184112
0.0974609 0.00184101

0.0974609 0.00184101
0.0975098 0.00184092

0.0975098 0.00184092
0.0975586 0.00184083

0.0975586 0.00184083
0.0976074 0.00184074

0.0976074 0.00184074
0.0976563 0.00184066

0.0976562 0.00184066
0.0977051 0.00184059

0.0977051 0.00184059
0.0977539 0.00184052

0.0977539 0.00184052
0.0978027 0.00184046

0.0978027 0.00184046
0.0978516 0.0018404

0.0978516 0.0018404
0.0979004 0.00184035

0.0979004 0.00184035
0.0979492 0.00184031

0.0979492 0.00184031
0.097998 0.00184027

0.097998 0.00184027
0.0980469 0.00184024

0.0980469 0.00184024
0.0980957 0.00184021

0.0980957 0.00184021
0.0981445 0.00184019

0.0981445 0.00184019
0.0981934 0.00184017

0.0981934 0.00184017
0.0982422 0.00184016

0.0982422 0.00184016
0.098291 0.00184016

0.098291 0.00184016
0.0983398 0.00184016

0.0983398 0.00184016
0.0983887 0.00184016

0.0983887 0.00184016
0.0984375 0.00184017

0.0984375 0.00184017
0.0984863 0.00184019

0.0984863 0.00184019
0.0985352 0.00184021

0.0985352 0.00184021
0.098584 0.00184024

0.098584 0.00184024
0.0986328 0.00184027

0.0986328 0.00184027
0.0986816 0.0018403

0.0986816 0.0018403
0.0987305 0.00184034

0.0987305 0.00184034
0.0987793 0.00184038

0.0987793 0.00184038
0.0988281 0.00184043

0.0988281 0.00184043
0.098877 0.00184047

0.098877 0.00184048
0.0989258 0.00184053

0.0989258 0.00184053
0.0989746 0.00184058

0.0989746 0.00184058
0.0990234 0.00184064

0.0990234 0.00184064
0.0990723 0.0018407

0.0990723 0.0018407
0.0991211 0.00184077

0.0991211 0.00184077
0.0991699 0.00184084

0.0991699 0.00184084
0.0992188 0.0018409

0.0992187 0.0018409
0.0992676 0.00184098

0.0992676 0.00184098
0.0993164 0.00184105

0.0993164 0.00184105
0.0993652 0.00184112

0.0993652 0.00184112
0.0994141 0.0018412

0.0994141 0.0018412
0.0994629 0.00184127

0.0994629 0.00184127
0.0995117 0.00184135

0.0995117 0.00184135
0.0995605 0.00184143

0.0995605 0.00184143
0.0996094 0.00184151

0.0996094 0.00184151
0.0996582 0.00184158

0.0996582 0.00184158
0.099707 0.00184166

0.099707 0.00184166
0.0997559 0.00184174

0.0997559 0.00184174
0.0998047 0.00184181

0.0998047 0.00184181
0.0998535 0.00184189

0.0998535 0.00184189
0.0999023 0.00184196

0.0999023 0.00184196
0.0999512 0.00184204

0.0999512 0.00184204
0.1 0.00184211

0.1 0.00184211
0.100049 0.00184218

0.100049 0.00184218
0.100098 0.00184225

0.100098 0.00184225
0.100146 0.00184231

0.100146 0.00184231
0.100195 0.00184238

0.100195 0.00184238
0.100244 0.00184244

0.100244 0.00184244
0.100293 0.0018425

0.100293 0.0018425
0.100342 0.00184255

0.100342 0.00184255
0.100391 0.0018426

0.100391 0.0018426
0.100439 0.00184265

0.100439 0.00184265
0.100488 0.0018427

0.100488 0.0018427
0.100537 0.00184274

0.100537 0.00184274
0.100586 0.00184278

0.100586 0.00184278
0.100635 0.00184282

0.100635 0.00184282
0.100684 0.00184285

0.100684 0.00184285
0.100732 0.00184288

0.100732 0.00184288
0.100781 0.0018429

0.100781 0.0018429
0.10083 0.00184292

0.10083 0.00184292
0.100879 0.00184294

0.100879 0.00184294
0.100928 0.00184296

0.100928 0.00184296
0.100977 0.00184297

0.100977 0.00184297
0.101025 0.00184297

0.101025 0.00184297
0.101074 0.00184297

0.101074 0.00184297
0.101123 0.00184297

0.101123 0.00184297
0.101172 0.00184297

0.101172 0.00184297
0.101221 0.00184296

0.101221 0.00184296
0.10127 0.00184295

0.10127 0.00184295
0.101318 0.00184293

0.101318 0.00184293
0.101367 0.00184291

0.101367 0.00184291
0.101416 0.00184289

0.101416 0.00184289
0.101465 0.00184287

0.101465 0.00184287
0.101514 0.00184284

0.101514 0.00184284
0.101563 0.00184281

0.101562 0.00184281
0.101611 0.00184278

0.101611 0.00184278
0.10166 0.00184274

0.10166 0.00184274
0.101709 0.0018427

0.101709 0.0018427
0.101758 0.00184266

0.101758 0.00184266
0.101807 0.00184262

0.101807 0.00184262
0.101855 0.00184257

0.101855 0.00184257
0.101904 0.00184253

0.101904 0.00184253
0.101953 0.00184248

0.101953 0.00184248
0.102002 0.00184243

0.102002 0.00184243
0.102051 0.00184238

0.102051 0.00184238
0.1021 0.00184233

0.1021 0.00184233
0.102148 0.00184228

0.102148 0.00184228
0.102197 0.00184223

0.102197 0.00184223
0.102246 0.00184218

0.102246 0.00184218
0.102295 0.00184213

0.102295 0.00184213
0.102344 0.00184208

0.102344 0.00184208
0.102393 0.00184203

0.102393 0.00184203
0.102441 0.00184198

0.102441 0.00184198
0.10249 0.00184193

0.10249 0.00184193
0.102539 0.00184188

0.102539 0.00184188
0.102588 0.00184183

0.102588 0.00184183
0.102637 0.00184178

0.102637 0.00184178
0.102686 0.00184174

0.102686 0.00184174
0.102734 0.00184169

0.102734 0.00184169
0.102783 0.00184165

0.102783 0.00184165
0.102832 0.00184161

0.102832 0.00184161
0.102881 0.00184158

0.102881 0.00184158
0.10293 0.00184154

0.10293 0.00184154
0.102979 0.00184151

0.102979 0.00184151
0.103027 0.00184148

0.103027 0.00184148
0.103076 0.00184145

0.103076 0.00184145
0.103125 0.00184143

0.103125 0.00184143
0.103174 0.00184141

0.103174 0.00184141
0.103223 0.00184139

0.103223 0.00184139
0.103271 0.00184137

0.103271 0.00184137
0.10332 0.00184136

0.10332 0.00184136
0.103369 0.00184135

0.103369 0.00184135
0.103418 0.00184134

0.103418 0.00184134
0.103467 0.00184134

0.103467 0.00184134
0.103516 0.00184134

0.103516 0.00184134
0.103564 0.00184134

0.103564 0.00184134
0.103613 0.00184135

0.103613 0.00184135
0.103662 0.00184136

0.103662 0.00184136
0.103711 0.00184137

0.103711 0.00184137
0.10376 0.00184139

0.10376 0.00184139
0.103809 0.00184141

0.103809 0.00184141
0.103857 0.00184143

0.103857 0.00184143
0.103906 0.00184146

0.103906 0.00184146
0.103955 0.00184149

0.103955 0.00184149
0.104004 0.00184152

0.104004 0.00184152
0.104053 0.00184155

0.104053 0.00184155
0.104102 0.00184159

0.104102 0.00184159
0.10415 0.00184163

0.10415 0.00184163
0.104199 0.00184167

0.104199 0.00184167
0.104248 0.00184171

0.104248 0.00184171
0.104297 0.00184176

0.104297 0.00184176
0.104346 0.00184181

0.104346 0.00184181
0.104395 0.00184186

0.104395 0.00184186
0.104443 0.00184191

0.104443 0.00184191
0.104492 0.00184196

0.104492 0.00184196
0.104541 0.00184201

0.104541 0.00184201
0.10459 0.00184207

0.10459 0.00184207
0.104639 0.00184212

0.104639 0.00184212
0.104688 0.00184217

0.104688 0.00184217
0.104736 0.00184223

0.104736 0.00184223
0.104785 0.00184229

0.104785 0.00184229
0.104834 0.00184234

0.104834 0.00184234
0.104883 0.0018424

0.104883 0.0018424
0.104932 0.00184245

0.104932 0.00184245
0.10498 0.00184251

0.10498 0.00184251
0.105029 0.00184256

0.105029 0.00184256
0.105078 0.00184261

0.105078 0.00184261
0.105127 0.00184266

0.105127 0.00184266
0.105176 0.00184271

0.105176 0.00184271
0.105225 0.00184276

0.105225 0.00184276
0.105273 0.0018428

0.105273 0.0018428
0.105322 0.00184285

0.105322 0.00184285
0.105371 0.00184289

0.105371 0.00184289
0.10542 0.00184293

0.10542 0.00184293
0.105469 0.00184296

0.105469 0.00184296
0.105518 0.001843

0.105518 0.001843
0.105566 0.00184303

0.105566 0.00184303
0.105615 0.00184306

0.105615 0.00184306
0.105664 0.00184308

0.105664 0.00184308
0.105713 0.0018431

0.105713 0.0018431
0.105762 0.00184312

0.105762 0.00184312
0.105811 0.00184313

0.105811 0.00184313
0.105859 0.00184314

0.105859 0.00184314
0.105908 0.00184315

0.105908 0.00184315
0.105957 0.00184315

0.105957 0.00184315
0.106006 0.00184315

0.106006 0.00184315
0.106055 0.00184315

0.106055 0.00184315
0.106104 0.00184314

0.106104 0.00184314
0.106152 0.00184313

0.106152 0.00184313
0.106201 0.00184311

0.106201 0.00184311
0.10625 0.00184309

0.10625 0.00184309
0.106299 0.00184306

0.106299 0.00184306
0.106348 0.00184303

0.106348 0.00184303
0.106396 0.001843

0.106396 0.001843
0.106445 0.00184296

0.106445 0.00184296
0.106494 0.00184292

0.106494 0.00184292
0.106543 0.00184287

0.106543 0.00184287
0.106592 0.00184282

0.106592 0.00184282
0.106641 0.00184276

0.106641 0.00184276
0.106689 0.00184271

0.106689 0.00184271
0.106738 0.00184264

0.106738 0.00184264
0.106787 0.00184258

0.106787 0.00184258
0.106836 0.00184251

0.106836 0.00184251
0.106885 0.00184244

0.106885 0.00184244
0.106934 0.00184236

0.106934 0.00184236
0.106982 0.00184228

0.106982 0.00184228
0.107031 0.0018422

0.107031 0.0018422
0.10708 0.00184211

0.10708 0.00184211
0.107129 0.00184202

0.107129 0.00184202
0.107178 0.00184193

0.107178 0.00184193
0.107227 0.00184184

0.107227 0.00184184
0.107275 0.00184174

0.107275 0.00184174
0.107324 0.00184164

0.107324 0.00184164
0.107373 0.00184154

0.107373 0.00184154
0.107422 0.00184144

0.107422 0.00184144
0.107471 0.00184134

0.107471 0.00184134
0.10752 0.00184124

0.10752 0.00184124
0.107568 0.00184113

0.107568 0.00184113
0.107617 0.00184102

0.107617 0.00184102
0.107666 0.00184092

0.107666 0.00184092
0.107715 0.00184081

0.107715 0.00184081
0.107764 0.0018407

0.107764 0.0018407
0.107813 0.00184059

0.107813 0.00184059
0.107861 0.00184049

0.107861 0.00184049
0.10791 0.00184038

0.10791 0.00184038
0.107959 0.00184027

0.107959 0.00184027
0.108008 0.00184017

0.108008 0.00184017
0.108057 0.00184006

0.108057 0.00184006
0.108105 0.00183996

0.108105 0.00183996
0.108154 0.00183986

0.108154 0.00183986
0.108203 0.00183976

0.108203 0.00183976
0.108252 0.00183966

0.108252 0.00183966
0.108301 0.00183956

0.108301 0.00183956
0.10835 0.00183947

0.10835 0.00183947
0.108398 0.00183938

0.108398 0.00183938
0.108447 0.00183929

0.108447 0.00183929
0.108496 0.0018392

0.108496 0.0018392
0.108545 0.00183912

0.108545 0.00183912
0.108594 0.00183904

0.108594 0.00183904
0.108643 0.00183896

0.108643 0.00183896
0.108691 0.00183889

0.108691 0.00183889
0.10874 0.00183882

0.10874 0.00183882
0.108789 0.00183876

0.108789 0.00183876
0.108838 0.0018387

0.108838 0.0018387
0.108887 0.00183864

0.108887 0.00183864
0.108936 0.00183859

0.108936 0.00183859
0.108984 0.00183854

0.108984 0.00183854
0.109033 0.0018385

0.109033 0.0018385
0.109082 0.00183846

0.109082 0.00183846
0.109131 0.00183843

0.109131 0.00183843
0.10918 0.0018384

0.10918 0.0018384
0.109229 0.00183837

0.109229 0.00183837
0.109277 0.00183835

0.109277 0.00183835
0.109326 0.00183834

0.109326 0.00183834
0.109375 0.00183833

0.109375 0.00183833
0.109424 0.00183833

0.109424 0.00183833
0.109473 0.00183833

0.109473 0.00183833
0.109521 0.00183833

0.109521 0.00183833
0.10957 0.00183835

0.10957 0.00183835
0.109619 0.00183836

0.109619 0.00183836
0.109668 0.00183838

0.109668 0.00183838
0.109717 0.00183841

0.109717 0.00183841
0.109766 0.00183844

0.109766 0.00183844
0.109814 0.00183848

0.109814 0.00183848
0.109863 0.00183852

0.109863 0.00183852
0.109912 0.00183857

0.109912 0.00183857
0.109961 0.00183862

0.109961 0.00183862
0.11001 0.00183868

0.11001 0.00183868
0.110059 0.00183874

0.110059 0.00183874
0.110107 0.00183881

0.110107 0.00183881
0.110156 0.00183888

0.110156 0.00183888
0.110205 0.00183895

0.110205 0.00183895
0.110254 0.00183903

0.110254 0.00183903
0.110303 0.00183912

0.110303 0.00183912
0.110352 0.00183921

0.110352 0.00183921
0.1104 0.0018393

0.1104 0.0018393
0.110449 0.0018394

0.110449 0.0018394
0.110498 0.00183951

0.110498 0.00183951
0.110547 0.00183961

0.110547 0.00183961
0.110596 0.00183973

0.110596 0.00183973
0.110645 0.00183984

0.110645 0.00183984
0.110693 0.00183996

0.110693 0.00183996
0.110742 0.00184008

0.110742 0.00184008
0.110791 0.00184021

0.110791 0.00184021
0.11084 0.00184034

0.11084 0.00184034
0.110889 0.00184047

0.110889 0.00184047
0.110938 0.0018406

0.110937 0.0018406
0.110986 0.00184074

0.110986 0.00184074
0.111035 0.00184088

0.111035 0.00184088
0.111084 0.00184103

0.111084 0.00184103
0.111133 0.00184117

0.111133 0.00184117
0.111182 0.00184132

0.111182 0.00184132
0.11123 0.00184147

0.11123 0.00184147
0.111279 0.00184162

0.111279 0.00184162
0.111328 0.00184178

0.111328 0.00184178
0.111377 0.00184194

0.111377 0.00184194
0.111426 0.00184211

0.111426 0.00184211
0.111475 0.00184227

0.111475 0.00184227
0.111523 0.00184244

0.111523 0.00184244
0.111572 0.00184262

0.111572 0.00184262
0.111621 0.00184279

0.111621 0.00184279
0.11167 0.00184297

0.11167 0.00184297
0.111719 0.00184315

0.111719 0.00184315
0.111768 0.00184334

0.111768 0.00184334
0.111816 0.00184352

0.111816 0.00184352
0.111865 0.00184371

0.111865 0.00184371
0.111914 0.0018439

0.111914 0.0018439
0.111963 0.00184409

0.111963 0.00184409
0.112012 0.00184428

0.112012 0.00184428
0.112061 0.00184447

0.112061 0.00184447
0.112109 0.00184467

0.112109 0.00184467
0.112158 0.00184486

0.112158 0.00184486
0.112207 0.00184506

0.112207 0.00184506
0.112256 0.00184526

0.112256 0.00184526
0.112305 0.00184546

0.112305 0.00184546
0.112354 0.00184566

0.112354 0.00184566
0.112402 0.00184587

0.112402 0.00184587
0.112451 0.00184607

0.112451 0.00184607
0.1125 0.00184628

0.1125 0.00184628
0.112549 0.00184648

0.112549 0.00184648
0.112598 0.00184669

0.112598 0.00184669
0.112646 0.0018469

0.112646 0.0018469
0.112695 0.00184711

0.112695 0.00184711
0.112744 0.00184732

0.112744 0.00184732
0.112793 0.00184752

0.112793 0.00184752
0.112842 0.00184773

0.112842 0.00184773
0.112891 0.00184794

0.112891 0.00184794
0.112939 0.00184815

0.112939 0.00184815
0.112988 0.00184835

0.112988 0.00184835
0.113037 0.00184856

0.113037 0.00184856
0.113086 0.00184876

0.113086 0.00184876
0.113135 0.00184897

0.113135 0.00184897
0.113184 0.00184918

0.113184 0.00184918
0.113232 0.00184939

0.113232 0.00184939
0.113281 0.0018496

0.113281 0.0018496
0.11333 0.00184981

0.11333 0.00184981
0.113379 0.00185002

0.113379 0.00185002
0.113428 0.00185023

0.113428 0.00185023
0.113477 0.00185045

0.113477 0.00185045
0.113525 0.00185066

0.113525 0.00185066
0.113574 0.00185088

0.113574 0.00185088
0.113623 0.00185109

0.113623 0.00185109
0.113672 0.0018513

0.113672 0.0018513
0.113721 0.00185152

0.113721 0.00185152
0.11377 0.00185172

0.11377 0.00185172
0.113818 0.00185193

0.113818 0.00185193
0.113867 0.00185214

0.113867 0.00185214
0.113916 0.00185234

0.113916 0.00185234
0.113965 0.00185254

0.113965 0.00185254
0.114014 0.00185274

0.114014 0.00185274
0.114063 0.00185294

0.114062 0.00185294
0.114111 0.00185314

0.114111 0.00185314
0.11416 0.00185334

0.11416 0.00185334
0.114209 0.00185353

0.114209 0.00185354
0.114258 0.00185373

0.114258 0.00185373
0.114307 0.00185391

0.114307 0.00185391
0.114355 0.00185409

0.114355 0.00185409
0.114404 0.00185426

0.114404 0.00185426
0.114453 0.00185443

0.114453 0.00185443
0.114502 0.00185459

0.114502 0.00185459
0.114551 0.00185475

0.114551 0.00185475
0.1146 0.0018549

0.1146 0.00185489
0.114648 0.00185504

0.114648 0.00185504
0.114697 0.0018552

0.114697 0.0018552
0.114746 0.00185536

0.114746 0.00185537
0.114775 0.00185547

0.114774 0.00185547
0.114795 0.00185554

0.114795 0.00185554
0.114844 0.0018557

0.114844 0.0018557
0.114893 0.00185585

0.114893 0.00185585
0.114941 0.00185599

0.114941 0.00185599
0.11499 0.00185614

0.11499 0.00185614
0.115039 0.00185628

0.115039 0.00185628
0.115088 0.00185642

0.115088 0.00185642
0.115137 0.00185655

0.115137 0.00185655
0.115186 0.00185666

0.115186 0.00185666
0.115234 0.00185676

0.115234 0.00185676
0.115283 0.00185685

0.115283 0.00185685
0.115332 0.00185693

0.115332 0.00185693
0.115381 0.00185701

0.115381 0.00185701
0.11543 0.00185709

0.11543 0.00185709
0.115479 0.00185716

0.115479 0.00185716
0.115527 0.00185723

0.115527 0.00185723
0.115576 0.00185729

0.115576 0.00185728
0.115625 0.00185733

0.115625 0.00185733
0.115674 0.00185738

0.115674 0.00185738
0.115723 0.00185741

0.115723 0.00185741
0.115771 0.00185744

0.115771 0.00185744
0.11582 0.00185747

0.11582 0.00185747
0.115869 0.00185749

0.115869 0.00185749
0.115918 0.00185749

0.115918 0.00185749
0.115967 0.0018575

0.115967 0.0018575
0.116016 0.00185749

0.116016 0.00185749
0.116064 0.00185747

0.116064 0.00185747
0.116113 0.00185744

0.116113 0.00185744
0.116162 0.0018574

0.116162 0.0018574
0.116211 0.00185735

0.116211 0.00185735
0.11626 0.00185729

0.11626 0.00185729
0.116309 0.00185724

0.116309 0.00185724
0.116357 0.00185718

0.116357 0.00185718
0.116406 0.00185712

0.116406 0.00185712
0.116455 0.00185707

0.116455 0.00185707
0.116504 0.00185701

0.116504 0.00185701
0.116553 0.00185696

0.116553 0.00185696
0.116602 0.0018569

0.116602 0.0018569
0.11665 0.00185684

0.11665 0.00185684
0.116699 0.00185678

0.116699 0.00185678
0.116748 0.00185672

0.116748 0.00185672
0.116797 0.00185666

0.116797 0.00185666
0.116846 0.00185659

0.116846 0.00185659
0.116895 0.00185651

0.116895 0.00185651
0.116943 0.00185641

0.116943 0.00185641
0.116992 0.0018563

0.116992 0.0018563
0.117041 0.00185618

0.117041 0.00185618
0.11709 0.00185606

0.11709 0.00185606
0.117139 0.00185595

0.117139 0.00185595
0.117188 0.00185583

0.117188 0.00185583
0.117236 0.0018557

0.117236 0.00185571
0.117285 0.00185556

0.117334 0.00185538
0.117308 0.00185547

0.117285 0.00185556
0.117312 0.00185547

0.117334 0.00185539
0.117383 0.00185525

0.117383 0.00185527
0.117432 0.00185513

0.117432 0.00185513
0.11748 0.00185497

0.11748 0.00185496
0.117529 0.0018548

0.117529 0.00185479
0.117578 0.00185467

0.117578 0.00185467
0.117627 0.0018546

0.117627 0.00185461
0.117676 0.00185459

0.117676 0.0018546
0.117725 0.00185457

0.117725 0.00185458
0.117773 0.00185451

0.117773 0.00185451
0.117822 0.0018544

0.117822 0.00185439
0.117871 0.00185424

0.117871 0.00185423
0.11792 0.00185407

0.11792 0.00185407
0.117969 0.00185394

0.117969 0.00185394
0.118018 0.00185383

0.118018 0.00185383
0.118066 0.00185375

0.118066 0.00185375
0.118115 0.00185368

0.118115 0.00185368
0.118164 0.00185361

0.118164 0.00185361
0.118213 0.00185354

0.118213 0.00185354
0.118262 0.00185346

0.118262 0.00185346
0.118311 0.00185337

0.118311 0.00185337
0.118359 0.00185325

0.118359 0.00185325
0.118408 0.00185312

0.118408 0.00185312
0.118457 0.00185297

0.118457 0.00185297
0.118506 0.00185281

0.118506 0.00185281
0.118555 0.00185264

0.118555 0.00185264
0.118604 0.00185247

0.118604 0.00185247
0.118652 0.00185232

0.118652 0.00185232
0.118701 0.00185218

0.118701 0.00185218
0.11875 0.00185207

0.11875 0.00185207
0.118799 0.00185197

0.118799 0.00185197
0.118848 0.00185188

0.118848 0.00185189
0.118896 0.0018518

0.118896 0.00185181
0.118945 0.00185173

0.118945 0.00185173
0.118994 0.00185164

0.118994 0.00185164
0.119043 0.00185154

0.119043 0.00185154
0.119092 0.00185144

0.119092 0.00185144
0.119141 0.00185132

0.119141 0.00185132
0.119189 0.0018512

0.119189 0.0018512
0.119238 0.00185107

0.119238 0.00185107
0.119287 0.00185095

0.119287 0.00185095
0.119336 0.00185083

0.119336 0.00185083
0.119385 0.00185073

0.119385 0.00185073
0.119434 0.00185063

0.119434 0.00185063
0.119482 0.00185054

0.119482 0.00185054
0.119531 0.00185047

0.119531 0.00185047
0.11958 0.00185041

0.11958 0.00185041
0.119629 0.00185035

0.119629 0.00185035
0.119678 0.0018503

0.119678 0.0018503
0.119727 0.00185026

0.119727 0.00185026
0.119775 0.00185022

0.119775 0.00185022
0.119824 0.00185019

0.119824 0.00185019
0.119873 0.00185015

0.119873 0.00185015
0.119922 0.00185011

0.119922 0.00185011
0.119971 0.00185007

0.119971 0.00185007
0.12002 0.00185002

0.12002 0.00185002
0.120068 0.00184998

0.120068 0.00184997
0.120117 0.00184992

0.120117 0.00184992
0.120166 0.00184987

0.120166 0.00184987
0.120215 0.00184981

0.120215 0.00184981
0.120264 0.00184976

0.120264 0.00184976
0.120313 0.00184971

0.120313 0.00184971
0.120361 0.00184967

0.120361 0.00184967
0.12041 0.00184963

0.12041 0.00184963
0.120459 0.00184959

0.120459 0.00184959
0.120508 0.00184956

0.120508 0.00184956
0.120557 0.00184954

0.120557 0.00184954
0.120605 0.00184952

0.120605 0.00184952
0.120654 0.0018495

0.120654 0.0018495
0.120703 0.00184949

0.120703 0.00184949
0.120752 0.00184947

0.120752 0.00184947
0.120801 0.00184946

0.120801 0.00184946
0.12085 0.00184944

0.12085 0.00184944
0.120898 0.00184943

0.120898 0.00184943
0.120947 0.00184942

0.120947 0.00184942
0.120996 0.00184941

0.120996 0.00184941
0.121045 0.0018494

0.121045 0.0018494
0.121094 0.00184939

0.121094 0.00184939
0.121143 0.00184938

0.121143 0.00184938
0.121191 0.00184938

0.121191 0.00184938
0.12124 0.00184937

0.12124 0.00184937
0.121289 0.00184937

0.121289 0.00184937
0.121338 0.00184936

0.121338 0.00184936
0.121387 0.00184936

0.121387 0.00184936
0.121436 0.00184936

0.121436 0.00184936
0.121484 0.00184935

0.121484 0.00184935
0.121533 0.00184935

0.121533 0.00184935
0.121582 0.00184935

0.121582 0.00184935
0.121631 0.00184934

0.121631 0.00184934
0.12168 0.00184934

0.12168 0.00184934
0.121729 0.00184934

0.121729 0.00184934
0.121777 0.00184933

0.121777 0.00184933
0.121826 0.00184933

0.121826 0.00184933
0.121875 0.00184932

0.121875 0.00184932
0.121924 0.00184931

0.121924 0.00184931
0.121973 0.0018493

0.121973 0.0018493
0.122021 0.00184929

0.122021 0.00184929
0.12207 0.00184928

0.12207 0.00184928
0.122119 0.00184927

0.122119 0.00184927
0.122168 0.00184926

0.122168 0.00184926
0.122217 0.00184924

0.122217 0.00184924
0.122266 0.00184922

0.122266 0.00184922
0.122314 0.0018492

0.122314 0.0018492
0.122363 0.00184918

0.122363 0.00184918
0.122412 0.00184915

0.122412 0.00184915
0.122461 0.00184912

0.122461 0.00184913
0.12251 0.00184909

0.12251 0.00184909
0.122559 0.00184906

0.122559 0.00184906
0.122607 0.00184902

0.122607 0.00184902
0.122656 0.00184898

0.122656 0.00184898
0.122705 0.00184894

0.122705 0.00184894
0.122754 0.00184889

0.122754 0.00184889
0.122803 0.00184884

0.122803 0.00184884
0.122852 0.00184879

0.122852 0.00184879
0.1229 0.00184873

0.1229 0.00184873
0.122949 0.00184867

0.122949 0.00184867
0.122998 0.0018486

0.122998 0.0018486
0.123047 0.00184853

0.123047 0.00184853
0.123096 0.00184845

0.123096 0.00184845
0.123145 0.00184837

0.123145 0.00184837
0.123193 0.00184829

0.123193 0.00184829
0.123242 0.0018482

0.123242 0.0018482
0.123291 0.00184811

0.123291 0.00184811
0.12334 0.00184801

0.12334 0.00184801
0.123389 0.0018479

0.123389 0.0018479
0.123438 0.00184779

0.123438 0.00184779
0.123486 0.00184768

0.123486 0.00184768
0.123535 0.00184756

0.123535 0.00184756
0.123584 0.00184744

0.123584 0.00184744
0.123633 0.00184731

0.123633 0.00184731
0.123682 0.00184717

0.123682 0.00184717
0.12373 0.00184703

0.12373 0.00184703
0.123779 0.00184688

0.123779 0.00184688
0.123828 0.00184673

0.123828 0.00184673
0.123877 0.00184657

0.123877 0.00184657
0.123926 0.0018464

0.123926 0.0018464
0.123975 0.00184623

0.123975 0.00184623
0.124023 0.00184605

0.124023 0.00184605
0.124072 0.00184587

0.124072 0.00184587
0.124121 0.00184568

0.124121 0.00184568
0.12417 0.00184549

0.12417 0.00184549
0.124219 0.00184528

0.124219 0.00184528
0.124268 0.00184508

0.124268 0.00184508
0.124316 0.00184486

0.124316 0.00184486
0.124365 0.00184464

0.124365 0.00184464
0.124414 0.00184441

0.124414 0.00184441
0.124463 0.00184418

0.124463 0.00184418
0.124512 0.00184394

0.124512 0.00184394
0.124561 0.00184369

0.124561 0.00184369
0.124609 0.00184343

0.124609 0.00184343
0.124658 0.00184317

0.124658 0.00184317
0.124707 0.00184291

0.124707 0.00184291
0.124756 0.00184263

0.124756 0.00184263
0.124805 0.00184235

0.124805 0.00184235
0.124854 0.00184206

0.124854 0.00184206
0.124902 0.00184177

0.124902 0.00184177
0.124951 0.00184147

0.124951 0.00184147
0.125 0.00184116

0.125 0.00184116
0.125049 0.00184085

0.125049 0.00184085
0.125098 0.00184053

0.125098 0.00184053
0.125146 0.0018402

0.125146 0.0018402
0.125195 0.00183986

0.125195 0.00183986
0.125244 0.00183952

0.125244 0.00183952
0.125293 0.00183918

0.125293 0.00183918
0.125342 0.00183882

0.125342 0.00183882
0.125391 0.00183847

0.125391 0.00183847
0.125439 0.0018381

0.125439 0.0018381
0.125488 0.00183773

0.125488 0.00183773
0.125537 0.00183735

0.125537 0.00183735
0.125586 0.00183697

0.125586 0.00183697
0.125635 0.00183658

0.125635 0.00183658
0.125684 0.00183618

0.125684 0.00183618
0.125732 0.00183578

0.125732 0.00183578
0.125781 0.00183537

0.125781 0.00183537
0.12583 0.00183496

0.12583 0.00183496
0.125879 0.00183454

0.125879 0.00183454
0.125928 0.00183411

0.125928 0.00183411
0.125977 0.00183368

0.125977 0.00183368
0.126025 0.00183325

0.126025 0.00183325
0.126074 0.00183281

0.126074 0.00183281
0.126123 0.00183236

0.126123 0.00183236
0.126172 0.00183191

0.126172 0.00183191
0.126221 0.00183146

0.126221 0.00183145
0.12627 0.00183099

0.12627 0.00183099
0.126318 0.00183053

0.126318 0.00183053
0.126367 0.00183006

0.126367 0.00183006
0.126416 0.00182959

0.126416 0.00182959
0.126465 0.00182911

0.126465 0.00182911
0.126514 0.00182863

0.126514 0.00182863
0.126563 0.00182814

0.126562 0.00182814
0.126611 0.00182765

0.126611 0.00182765
0.12666 0.00182715

0.12666 0.00182715
0.126709 0.00182666

0.126709 0.00182666
0.126758 0.00182615

0.126758 0.00182615
0.126807 0.00182565

0.126807 0.00182565
0.126855 0.00182514

0.126855 0.00182514
0.126904 0.00182462

0.126904 0.00182462
0.126953 0.0018241

0.126953 0.0018241
0.127002 0.00182358

0.127002 0.00182358
0.127051 0.00182306

0.127051 0.00182306
0.1271 0.00182253

0.1271 0.00182253
0.127148 0.001822

0.127148 0.001822
0.127197 0.00182147

0.127197 0.00182147
0.127246 0.00182093

0.127246 0.00182093
0.127295 0.0018204

0.127295 0.0018204
0.127344 0.00181985

0.127344 0.00181985
0.127393 0.00181931

0.127393 0.00181931
0.127441 0.00181876

0.127441 0.00181876
0.12749 0.00181822

0.12749 0.00181822
0.127539 0.00181766

0.127539 0.00181766
0.127588 0.00181711

0.127588 0.00181711
0.127637 0.00181656

0.127637 0.00181656
0.127686 0.001816

0.127686 0.001816
0.127734 0.00181544

0.127734 0.00181544
0.127783 0.00181488

0.127783 0.00181488
0.127832 0.00181432

0.127832 0.00181432
0.127881 0.00181375

0.127881 0.00181375
0.12793 0.00181319

0.12793 0.00181319
0.127979 0.00181262

0.127979 0.00181262
0.128027 0.00181205

0.128027 0.00181205
0.128076 0.00181148

0.128076 0.00181148
0.128125 0.00181091

0.128125 0.00181091
0.128174 0.00181034

0.128174 0.00181034
0.128223 0.00180977

0.128223 0.00180977
0.128271 0.0018092

0.128271 0.0018092
0.12832 0.00180862

0.12832 0.00180862
0.128369 0.00180804

0.128369 0.00180804
0.128418 0.00180748

0.128418 0.00180749
0.128467 0.00180692

0.128516 0.00180632
0.128489 0.00180664

0.128467 0.00180692
0.12849 0.00180664

0.128516 0.00180632
0.128564 0.00180573

0.128564 0.00180573
0.128613 0.00180515

0.128613 0.00180515
0.128662 0.00180458

0.128662 0.00180458
0.128711 0.001804

0.128711 0.001804
0.12876 0.00180342

0.12876 0.00180342
0.128809 0.00180284

0.128809 0.00180284
0.128857 0.00180226

0.128857 0.00180226
0.128906 0.00180168

0.128906 0.00180168
0.128955 0.0018011

0.128955 0.0018011
0.129004 0.00180052

0.129004 0.00180052
0.129053 0.00179994

0.129053 0.00179994
0.129102 0.00179937

0.129102 0.00179937
0.12915 0.00179879

0.12915 0.00179879
0.129199 0.00179821

0.129199 0.00179821
0.129248 0.00179764

0.129248 0.00179764
0.129297 0.00179707

0.129297 0.00179707
0.129346 0.00179649

0.129346 0.00179649
0.129395 0.00179592

0.129395 0.00179592
0.129443 0.00179534

0.129443 0.00179534
0.129492 0.00179477

0.129492 0.00179477
0.129541 0.00179419

0.129541 0.00179419
0.12959 0.00179362

0.12959 0.00179362
0.129639 0.00179304

0.129639 0.00179304
0.129688 0.00179247

0.129688 0.00179247
0.129736 0.00179189

0.129736 0.00179189
0.129785 0.00179131

0.129785 0.00179131
0.129834 0.00179073

0.129834 0.00179073
0.129883 0.00179015

0.129883 0.00179015
0.129932 0.00178957

0.129932 0.00178957
0.12998 0.00178899

0.12998 0.00178899
0.130029 0.0017884

0.130029 0.0017884
0.130078 0.00178781

0.130078 0.00178781
0.130127 0.00178722

0.130127 0.00178722
0.130176 0.00178663

0.130176 0.00178663
0.130225 0.00178603

0.130225 0.00178603
0.130273 0.00178543

0.130273 0.00178543
0.130322 0.00178482

0.130322 0.00178482
0.130371 0.00178421

0.130371 0.00178421
0.13042 0.0017836

0.13042 0.0017836
0.130469 0.00178298

0.130469 0.00178298
0.130518 0.00178236

0.130518 0.00178236
0.130566 0.00178173

0.130566 0.00178173
0.130615 0.0017811

0.130615 0.0017811
0.130664 0.00178047

0.130664 0.00178047
0.130713 0.00177982

0.130713 0.00177982
0.130762 0.00177917

0.130762 0.00177917
0.130811 0.00177852

0.130811 0.00177852
0.130859 0.00177786

0.130859 0.00177786
0.130908 0.00177719

0.130908 0.00177719
0.130957 0.00177652

0.130957 0.00177652
0.131006 0.00177583

0.131006 0.00177583
0.131055 0.00177514

0.131055 0.00177514
0.131104 0.00177445

0.131104 0.00177445
0.131152 0.00177374

0.131152 0.00177374
0.131201 0.00177303

0.131201 0.00177303
0.13125 0.0017723

0.13125 0.0017723
0.131299 0.00177157

0.131299 0.00177157
0.131348 0.00177082

0.131348 0.00177082
0.131396 0.00177007

0.131396 0.00177007
0.131445 0.0017693

0.131445 0.0017693
0.131494 0.00176853

0.131494 0.00176853
0.131543 0.00176774

0.131543 0.00176774
0.131592 0.00176695

0.131592 0.00176695
0.131641 0.00176615

0.131641 0.00176615
0.131689 0.00176533

0.131689 0.00176533
0.131738 0.00176451

0.131738 0.00176451
0.131787 0.00176368

0.131787 0.00176368
0.131836 0.00176284

0.131836 0.00176284
0.131885 0.00176198

0.131885 0.00176198
0.131934 0.00176111

0.131934 0.00176111
0.131982 0.00176022

0.131982 0.00176022
0.132031 0.00175932

0.132031 0.00175934
0.13208 0.00175842

0.132129 0.00175746
0.132111 0.00175781

0.13208 0.00175843
0.132112 0.00175781

0.132129 0.00175746
0.132178 0.00175649

0.132178 0.00175649
0.132227 0.00175552

0.132227 0.00175553
0.132275 0.00175455

0.132275 0.00175455
0.132324 0.00175356

0.132324 0.00175356
0.132373 0.00175254

0.132373 0.00175254
0.132422 0.00175151

0.132422 0.00175151
0.132471 0.00175047

0.132471 0.00175047
0.13252 0.0017494

0.13252 0.0017494
0.132568 0.00174832

0.132568 0.00174832
0.132617 0.00174723

0.132617 0.00174723
0.132666 0.00174611

0.132666 0.00174611
0.132715 0.00174498

0.132715 0.00174498
0.132764 0.00174383

0.132764 0.00174383
0.132812 0.00174267

0.132812 0.00174267
0.132861 0.00174149

0.132861 0.00174149
0.13291 0.0017403

0.13291 0.0017403
0.132959 0.0017391

0.132959 0.0017391
0.133008 0.00173788

0.133008 0.00173788
0.133057 0.00173665

0.133057 0.00173665
0.133105 0.0017354

0.133105 0.0017354
0.133154 0.00173413

0.133154 0.00173413
0.133203 0.00173286

0.133203 0.00173286
0.133252 0.00173157

0.133252 0.00173157
0.133301 0.00173026

0.133301 0.00173026
0.13335 0.00172895

0.13335 0.00172895
0.133398 0.00172762

0.133398 0.00172762
0.133447 0.00172627

0.133447 0.00172627
0.133496 0.00172492

0.133496 0.00172492
0.133545 0.00172355

0.133545 0.00172355
0.133594 0.00172217

0.133594 0.00172217
0.133643 0.00172077

0.133643 0.00172077
0.133691 0.00171936

0.133691 0.00171936
0.13374 0.00171795

0.13374 0.00171795
0.133789 0.00171652

0.133789 0.00171652
0.133838 0.00171508

0.133838 0.00171508
0.133887 0.00171363

0.133887 0.00171362
0.133936 0.00171216

0.133936 0.00171216
0.133984 0.00171071

0.133984 0.00171072
0.134033 0.00170923

0.134082 0.0017077
0.134041 0.00170898

0.134033 0.00170923
0.134041 0.00170898

0.134082 0.0017077
0.134131 0.0017062

0.134131 0.0017062
0.13418 0.00170472

0.13418 0.00170473
0.134229 0.00170325

0.134229 0.00170325
0.134277 0.00170178

0.134277 0.00170178
0.134326 0.00170031

0.134326 0.00170031
0.134375 0.00169884

0.134375 0.00169884
0.134424 0.00169737

0.134424 0.00169737
0.134473 0.00169591

0.134473 0.00169591
0.134521 0.00169445

0.134521 0.00169445
0.13457 0.001693

0.13457 0.001693
0.134619 0.00169155

0.134619 0.00169155
0.134668 0.00169012

0.134668 0.00169012
0.134717 0.00168869

0.134717 0.00168869
0.134766 0.00168728

0.134766 0.00168728
0.134814 0.00168588

0.134814 0.00168588
0.134863 0.00168449

0.134863 0.00168449
0.134912 0.00168312

0.134912 0.00168312
0.134961 0.00168176

0.134961 0.00168176
0.13501 0.00168043

0.13501 0.00168043
0.135059 0.00167912

0.135059 0.00167912
0.135107 0.00167783

0.135107 0.00167783
0.135156 0.00167657

0.135156 0.00167657
0.135205 0.00167534

0.135205 0.00167534
0.135254 0.00167414

0.135254 0.00167414
0.135303 0.00167297

0.135303 0.00167297
0.135352 0.00167183

0.135352 0.00167183
0.1354 0.00167073

0.1354 0.00167073
0.135449 0.00166967

0.135449 0.00166967
0.135498 0.00166865

0.135498 0.00166865
0.135547 0.00166768

0.135547 0.00166767
0.135596 0.00166675

0.135596 0.00166675
0.135645 0.00166587

0.135645 0.00166587
0.135693 0.00166504

0.135693 0.00166504
0.135742 0.00166427

0.135742 0.00166427
0.135791 0.00166355

0.135791 0.00166355
0.13584 0.00166289

0.13584 0.00166289
0.135889 0.00166229

0.135889 0.00166229
0.135938 0.00166176

0.135937 0.00166176
0.135986 0.00166129

0.135986 0.00166129
0.136035 0.00166088

0.136035 0.00166088
0.136084 0.00166054

0.136084 0.00166054
0.136133 0.00166028

0.136182 0.00166009
0.136164 0.00166016

0.136133 0.00166028
0.136163 0.00166016

0.136182 0.00166008
0.13623 0.00165996

0.13623 0.00165997
0.136279 0.00165993

0.136279 0.00165992
0.136328 0.00165996

0.136328 0.00165996
0.136377 0.00166009

0.136377 0.0016601
0.136391 0.00166016

0.136391 0.00166016
0.136426 0.00166031

0.136426 0.00166031
0.136475 0.00166061

0.136475 0.00166061
0.136523 0.001661

0.136523 0.001661
0.136572 0.00166148

0.136572 0.00166148
0.136621 0.00166206

0.136621 0.00166205
0.13667 0.00166273

0.13667 0.00166273
0.136719 0.00166349

0.136719 0.00166349
0.136768 0.00166436

0.136768 0.00166436
0.136816 0.00166533

0.136816 0.00166533
0.136865 0.00166641

0.136865 0.00166641
0.136914 0.00166759

0.136914 0.00166759
0.136963 0.00166887

0.136963 0.00166887
0.137012 0.00167027

0.137012 0.00167027
0.137061 0.00167178

0.137061 0.00167178
0.137109 0.00167341

0.137109 0.00167341
0.137158 0.00167516

0.137158 0.00167516
0.137207 0.00167702

0.137207 0.00167702
0.137256 0.00167901

0.137256 0.00167901
0.137305 0.00168111

0.137305 0.00168111
0.137354 0.00168334

0.137354 0.00168334
0.137402 0.00168571

0.137402 0.00168572
0.137451 0.00168822

0.137451 0.00168822
0.1375 0.00169085

0.1375 0.00169085
0.137549 0.00169361

0.137549 0.00169361
0.137598 0.0016965

0.137598 0.00169649
0.137646 0.00169951

0.137646 0.0016995
0.137695 0.00170266

0.137695 0.00170267
0.137744 0.00170596

0.137744 0.00170595
0.137787 0.00170898

0.137787 0.00170898
0.137793 0.0017094

0.137793 0.00170938
0.137842 0.00171293

0.137842 0.00171292
0.137891 0.00171659

0.137891 0.00171659
0.137939 0.00172038

0.137939 0.00172038
0.137988 0.0017243

0.137988 0.0017243
0.138037 0.00172834

0.138037 0.00172833
0.138086 0.00173249

0.138086 0.00173248
0.138135 0.00173676

0.138135 0.00173677
0.138184 0.00174117

0.138184 0.00174116
0.138232 0.00174565

0.138232 0.00174564
0.138281 0.00175026

0.138281 0.00175025
0.13833 0.00175502

0.13833 0.00175501
0.138358 0.00175781

0.138358 0.00175781
0.138379 0.00175995

0.138379 0.00175995
0.138428 0.00176492

0.138428 0.00176491
0.138477 0.00176992

0.138477 0.00176991
0.138525 0.00177502

0.138525 0.00177502
0.138574 0.00178024

0.138574 0.00178024
0.138623 0.00178557

0.138623 0.00178558
0.138672 0.00179099

0.138672 0.00179098
0.138721 0.00179646

0.138721 0.00179645
0.13877 0.00180203

0.13877 0.00180202
0.138809 0.00180664

0.138809 0.00180664
0.138818 0.00180776

0.138818 0.00180774
0.138867 0.00181348

0.138867 0.00181347
0.138916 0.00181924

0.138916 0.00181924
0.138965 0.00182507

0.138965 0.00182507
0.139014 0.00183097

0.139014 0.00183097
0.139063 0.00183694

0.139063 0.00183695
0.139111 0.00184297

0.139111 0.00184296
0.13916 0.00184904

0.13916 0.00184903
0.139209 0.0018552

0.139209 0.00185521
0.139211 0.00185547

0.139211 0.00185547
0.139258 0.00186144

0.139258 0.00186142
0.139307 0.00186756

0.139307 0.00186755
0.139355 0.0018737

0.139355 0.0018737
0.139404 0.00187989

0.139404 0.00187989
0.139453 0.00188612

0.139453 0.00188613
0.139502 0.00189235

0.139502 0.00189234
0.139551 0.00189857

0.139551 0.00189856
0.139596 0.0019043

0.139595 0.0019043
0.1396 0.00190484

0.1396 0.00190484
0.139648 0.00191103

0.139648 0.00191101
0.139697 0.00191713

0.139697 0.00191713
0.139746 0.00192321

0.139746 0.00192321
0.139795 0.00192926

0.139795 0.00192926
0.139844 0.00193525

0.139844 0.00193526
0.139893 0.0019412

0.139893 0.00194118
0.139941 0.00194708

0.139941 0.00194708
0.13999 0.00195296

0.13999 0.00195296
0.139992 0.00195312

0.139991 0.00195312
0.140039 0.00195881

0.140039 0.00195879
0.140088 0.00196442

0.140088 0.00196441
0.140137 0.00196991

0.140137 0.00196991
0.140186 0.00197534

0.140186 0.00197534
0.140234 0.00198069

0.140234 0.0019807
0.140283 0.00198593

0.140283 0.00198592
0.140332 0.00199101

0.140332 0.001991
0.140381 0.00199597

0.140381 0.00199597
0.14043 0.00200081

0.14043 0.00200081
0.140442 0.00200195

0.140441 0.00200195
0.140479 0.00200552

0.140479 0.00200551
0.140527 0.00201003

0.140527 0.00201002
0.140576 0.00201439

0.140576 0.00201439
0.140625 0.00201861

0.140625 0.00201861
0.140674 0.00202268

0.140674 0.00202268
0.140723 0.0020266

0.140723 0.0020266
0.140771 0.00203036

0.140771 0.00203037
0.14082 0.00203396

0.14082 0.00203396
0.140869 0.00203738

0.140869 0.00203738
0.140918 0.00204062

0.140918 0.00204062
0.140967 0.00204369

0.140967 0.00204369
0.141016 0.00204659

0.141016 0.0020466
0.141064 0.00204931

0.141064 0.00204932
0.141093 0.00205078

0.141094 0.00205078
0.141113 0.00205178

0.141113 0.00205179
0.141162 0.00205411

0.141162 0.00205412
0.141211 0.00205626

0.141211 0.00205626
0.14126 0.00205822

0.14126 0.00205822
0.141309 0.00206

0.141309 0.00205999
0.141357 0.00206159

0.141357 0.00206159
0.141406 0.00206301

0.141406 0.002063
0.141455 0.00206424

0.141455 0.00206424
0.141504 0.00206531

0.141504 0.00206531
0.141553 0.00206621

0.141553 0.00206621
0.141602 0.00206694

0.141602 0.00206694
0.14165 0.00206751

0.14165 0.00206751
0.141699 0.00206793

0.141699 0.00206793
0.141748 0.00206819

0.141748 0.00206819
0.141797 0.00206831

0.141797 0.00206831
0.141846 0.00206828

0.141846 0.00206828
0.141895 0.00206812

0.141895 0.00206812
0.141943 0.00206782

0.141943 0.00206782
0.141992 0.00206739

0.141992 0.00206739
0.142041 0.00206684

0.142041 0.00206684
0.14209 0.00206617

0.14209 0.00206617
0.142139 0.00206538

0.142139 0.00206538
0.142188 0.00206448

0.142187 0.00206448
0.142236 0.00206348

0.142236 0.00206348
0.142285 0.00206238

0.142285 0.00206238
0.142334 0.00206118

0.142334 0.00206118
0.142383 0.0020599

0.142383 0.0020599
0.142432 0.00205854

0.142432 0.00205854
0.14248 0.00205709

0.14248 0.00205709
0.142529 0.00205556

0.142529 0.00205556
0.142578 0.00205395

0.142578 0.00205395
0.142627 0.00205229

0.142676 0.00205062
0.142671 0.00205078

0.142627 0.00205229
0.142671 0.00205078

0.142676 0.00205062
0.142725 0.00204887

0.142725 0.00204886
0.142773 0.00204702

0.142773 0.00204702
0.142822 0.00204511

0.142822 0.00204511
0.142871 0.00204315

0.142871 0.00204315
0.14292 0.00204114

0.14292 0.00204114
0.142969 0.00203908

0.142969 0.00203908
0.143018 0.00203697

0.143018 0.00203697
0.143066 0.00203482

0.143066 0.00203482
0.143115 0.00203263

0.143115 0.00203263
0.143164 0.00203041

0.143164 0.00203041
0.143213 0.00202816

0.143213 0.00202815
0.143262 0.00202588

0.143262 0.00202589
0.143311 0.0020236

0.143311 0.0020236
0.143359 0.00202129

0.143359 0.00202129
0.143408 0.00201896

0.143408 0.00201896
0.143457 0.00201662

0.143457 0.00201662
0.143506 0.00201428

0.143506 0.00201428
0.143555 0.00201192

0.143555 0.00201192
0.143604 0.00200954

0.143604 0.00200954
0.143652 0.00200715

0.143652 0.00200714
0.143701 0.00200476

0.143701 0.00200475
0.14375 0.0020024

0.143799 0.0020001
0.14376 0.00200195

0.14375 0.0020024
0.143759 0.00200195

0.143799 0.00200009
0.143848 0.00199773

0.143848 0.00199772
0.143896 0.00199534

0.143896 0.00199534
0.143945 0.00199296

0.143945 0.00199296
0.143994 0.00199059

0.143994 0.00199059
0.144043 0.00198823

0.144043 0.00198823
0.144092 0.00198588

0.144092 0.00198588
0.144141 0.00198353

0.144141 0.00198353
0.144189 0.0019812

0.144189 0.0019812
0.144238 0.00197888

0.144238 0.00197887
0.144287 0.00197657

0.144287 0.00197658
0.144336 0.00197429

0.144336 0.00197429
0.144385 0.00197201

0.144385 0.00197201
0.144434 0.00196974

0.144434 0.00196974
0.144482 0.00196748

0.144482 0.00196747
0.144531 0.00196523

0.144531 0.00196523
0.14458 0.00196302

0.14458 0.00196302
0.144629 0.00196082

0.144629 0.00196082
0.144678 0.00195863

0.144678 0.00195863
0.144727 0.00195645

0.144727 0.00195644
0.144775 0.0019543

0.144824 0.00195221
0.144803 0.00195312

0.144775 0.00195429
0.144803 0.00195312

0.144824 0.00195221
0.144873 0.00195011

0.144873 0.00195011
0.144922 0.00194801

0.144922 0.00194801
0.144971 0.00194591

0.144971 0.00194591
0.14502 0.00194382

0.14502 0.00194382
0.145068 0.00194175

0.145068 0.00194175
0.145117 0.00193968

0.145117 0.00193968
0.145166 0.00193762

0.145166 0.00193762
0.145215 0.00193557

0.145215 0.00193557
0.145264 0.00193352

0.145264 0.00193352
0.145313 0.00193149

0.145313 0.00193149
0.145361 0.00192947

0.145361 0.00192947
0.14541 0.00192748

0.14541 0.00192749
0.145459 0.00192551

0.145459 0.00192551
0.145508 0.00192355

0.145508 0.00192355
0.145557 0.00192159

0.145557 0.00192159
0.145605 0.00191964

0.145605 0.00191964
0.145654 0.00191771

0.145654 0.00191771
0.145703 0.00191579

0.145703 0.00191579
0.145752 0.00191388

0.145752 0.00191388
0.145801 0.00191197

0.145801 0.00191197
0.14585 0.00191007

0.14585 0.00191007
0.145898 0.00190818

0.145898 0.00190818
0.145947 0.00190629

0.145947 0.00190629
0.145996 0.00190443

0.146045 0.00190259
0.146 0.0019043

0.145996 0.00190443
0.146 0.0019043

0.146045 0.00190259
0.146094 0.00190074

0.146094 0.00190074
0.146143 0.0018989

0.146143 0.00189889
0.146191 0.00189706

0.146191 0.00189706
0.14624 0.00189523

0.14624 0.00189523
0.146289 0.00189342

0.146289 0.00189342
0.146338 0.00189162

0.146338 0.00189162
0.146387 0.00188983

0.146387 0.00188983
0.146436 0.00188805

0.146436 0.00188805
0.146484 0.00188629

0.146484 0.00188629
0.146533 0.00188455

0.146533 0.00188455
0.146582 0.00188281

0.146582 0.00188281
0.146631 0.00188108

0.146631 0.00188108
0.14668 0.00187936

0.14668 0.00187936
0.146729 0.00187765

0.146729 0.00187765
0.146777 0.00187595

0.146777 0.00187595
0.146826 0.00187426

0.146826 0.00187426
0.146875 0.00187258

0.146875 0.00187258
0.146924 0.00187092

0.146924 0.00187092
0.146973 0.00186927

0.146973 0.00186927
0.147021 0.00186763

0.147021 0.00186763
0.14707 0.00186601

0.14707 0.00186601
0.147119 0.00186441

0.147119 0.00186441
0.147168 0.00186283

0.147168 0.00186283
0.147217 0.00186126

0.147217 0.00186126
0.147266 0.0018597

0.147266 0.0018597
0.147314 0.00185817

0.147314 0.00185817
0.147363 0.00185666

0.147412 0.00185516
0.147402 0.00185547

0.147363 0.00185666
0.147402 0.00185547

0.147412 0.00185515
0.147461 0.00185367

0.147461 0.00185367
0.14751 0.0018522

0.14751 0.0018522
0.147559 0.00185075

0.147559 0.00185075
0.147607 0.00184932

0.147607 0.00184932
0.147656 0.0018479

0.147656 0.0018479
0.147705 0.0018465

0.147705 0.0018465
0.147754 0.00184512

0.147754 0.00184512
0.147803 0.00184375

0.147803 0.00184375
0.147852 0.00184241

0.147852 0.00184241
0.1479 0.00184108

0.1479 0.00184108
0.147949 0.00183976

0.147949 0.00183976
0.147998 0.00183847

0.147998 0.00183847
0.148047 0.0018372

0.148047 0.0018372
0.148096 0.00183595

0.148096 0.00183595
0.148145 0.00183472

0.148145 0.00183472
0.148193 0.00183352

0.148193 0.00183352
0.148242 0.00183234

0.148242 0.00183234
0.148291 0.00183118

0.148291 0.00183118
0.14834 0.00183005

0.14834 0.00183005
0.148389 0.00182894

0.148389 0.00182894
0.148438 0.00182785

0.148438 0.00182785
0.148486 0.00182679

0.148486 0.00182679
0.148535 0.00182576

0.148535 0.00182576
0.148584 0.00182475

0.148584 0.00182475
0.148633 0.00182377

0.148633 0.00182377
0.148682 0.00182281

0.148682 0.00182281
0.14873 0.00182188

0.14873 0.00182188
0.148779 0.00182098

0.148779 0.00182098
0.148828 0.0018201

0.148828 0.0018201
0.148877 0.00181925

0.148877 0.00181925
0.148926 0.00181843

0.148926 0.00181843
0.148975 0.00181764

0.148975 0.00181764
0.149023 0.00181687

0.149023 0.00181687
0.149072 0.00181614

0.149072 0.00181614
0.149121 0.00181543

0.149121 0.00181543
0.14917 0.00181476

0.14917 0.00181476
0.149219 0.00181412

0.149219 0.00181412
0.149268 0.00181351

0.149268 0.00181351
0.149316 0.00181293

0.149316 0.00181293
0.149365 0.00181239

0.149365 0.00181239
0.149414 0.00181188

0.149414 0.00181188
0.149463 0.0018114

0.149463 0.0018114
0.149512 0.00181096

0.149512 0.00181096
0.149561 0.00181056

0.149561 0.00181056
0.149609 0.00181019

0.149609 0.00181019
0.149658 0.00180985

0.149658 0.00180985
0.149707 0.00180955

0.149707 0.00180955
0.149756 0.00180929

0.149756 0.00180929
0.149805 0.00180907

0.149805 0.00180907
0.149854 0.00180888

0.149854 0.00180888
0.149902 0.00180874

0.149902 0.00180874
0.149951 0.00180863

0.149951 0.00180863
0.15 0.00180856

0.15 0.00180856
0.150049 0.00180853

0.150049 0.00180853
0.150098 0.00180854

0.150098 0.00180854
0.150146 0.00180859

0.150146 0.00180859
0.150195 0.00180868

0.150195 0.00180868
0.150244 0.0018088

0.150244 0.0018088
0.150293 0.00180897

0.150293 0.00180897
0.150342 0.00180918

0.150342 0.00180918
0.150391 0.00180943

0.150391 0.00180943
0.150439 0.00180972

0.150439 0.00180972
0.150488 0.00181005

0.150488 0.00181005
0.150537 0.00181042

0.150537 0.00181042
0.150586 0.00181082

0.150586 0.00181082
0.150635 0.00181127

0.150635 0.00181127
0.150684 0.00181176

0.150684 0.00181176
0.150732 0.00181228

0.150732 0.00181228
0.150781 0.00181285

0.150781 0.00181285
0.15083 0.00181345

0.15083 0.00181345
0.150879 0.00181409

0.150879 0.00181409
0.150928 0.00181477

0.150928 0.00181477
0.150977 0.00181548

0.150977 0.00181548
0.151025 0.00181624

0.151025 0.00181624
0.151074 0.00181702

0.151074 0.00181702
0.151123 0.00181785

0.151123 0.00181785
0.151172 0.00181871

0.151172 0.00181871
0.151221 0.00181961

0.151221 0.00181961
0.15127 0.00182054

0.15127 0.00182054
0.151318 0.00182151

0.151318 0.00182151
0.151367 0.00182251

0.151367 0.00182251
0.151416 0.00182354

0.151416 0.00182354
0.151465 0.00182461

0.151465 0.00182461
0.151514 0.00182571

0.151514 0.00182571
0.151563 0.00182684

0.151563 0.00182684
0.151611 0.001828

0.151611 0.001828
0.15166 0.00182919

0.15166 0.00182919
0.151709 0.00183041

0.151709 0.0018304
0.151758 0.00183165

0.151758 0.00183166
0.151807 0.00183293

0.151807 0.00183293
0.151855 0.00183423

0.151855 0.00183423
0.151904 0.00183555

0.151904 0.00183555
0.151953 0.0018369

0.151953 0.0018369
0.152002 0.00183827

0.152035 0
0.152051 3.30297e-05

0.152002 0.00183827
0.152051 0.00183966

0.152051 2.93537e-05
0.152066 4.88281e-05

0.15207 4.88281e-05
0.1521 6.6893e-05

0.152051 0.00183966
0.1521 0.00184107

0.1521 6.18619e-05
0.152148 6.89681e-05

0.1521 0.00184107
0.152148 0.00184249

0.152148 6.47994e-05
0.152197 6.59e-05

0.152148 0.0018425
0.152197 0.00184394

0.152197 6.52653e-05
0.152246 6.99647e-05

0.152197 0.00184394
0.152246 0.00184541

0.152246 7.14287e-05
0.152295 7.80669e-05

0.152246 0.00184541
0.152295 0.00184689

0.152295 7.90777e-05
0.152344 8.27036e-05

0.152295 0.00184689
0.152344 0.00184838

0.152344 8.2831e-05
0.152393 8.11666e-05

0.152344 0.00184838
0.152393 0.00184988

0.152393 8.02541e-05
0.152441 7.48681e-05

0.152393 0.00184988
0.152441 0.00185138

0.152441 7.39322e-05
0.15249 6.85204e-05

0.152441 0.00185139
0.15249 0.0018529

0.15249 6.84322e-05
0.152539 6.5043e-05

0.15249 0.00185291
0.152539 0.00185442

0.152539 6.49428e-05
0.152588 6.39552e-05

0.152539 0.00185442
0.152573 0.00185547

0.152573 0.00185547
0.152588 0.00185594

0.152588 6.41668e-05
0.152637 6.53613e-05

0.152588 0.00185594
0.152637 0.00185747

0.152637 6.84704e-05
0.152686 6.52082e-05

0.152637 0.00185747
0.152686 0.001859

0.152734 1.53431e-05
0.152715 4.88281e-05

0.152686 8.15871e-05
0.152734 4.88281e-05

0.152686 0.001859
0.152734 0.00186051

0.152734 1.02746e-05
0.152737 0

0.152734 4.94706e-05
0.152735 4.88281e-05

0.152734 0.00186051
0.152783 0.00186202

0.152783 0.00186202
0.152832 0.00186352

0.152832 0.00186352
0.152881 0.00186501

0.152881 0.00186501
0.15293 0.00186649

0.15293 0.00186649
0.152979 0.00186795

0.152979 0.00186795
0.153027 0.00186939

0.153027 0.00186939
0.153076 0.00187082

0.153076 0.00187082
0.153125 0.00187224

0.153125 0.00187224
0.153174 0.00187363

0.153174 0.00187363
0.153223 0.00187501

0.153223 0.00187501
0.153271 0.00187637

0.153271 0.00187637
0.15332 0.0018777

0.15332 0.0018777
0.153369 0.00187902

0.153369 0.00187902
0.153418 0.00188031

0.153418 0.00188031
0.153467 0.00188159

0.153467 0.00188159
0.153516 0.00188283

0.153516 0.00188283
0.153564 0.00188405

0.153564 0.00188405
0.153613 0.00188524

0.153613 0.00188524
0.153662 0.00188639

0.153662 0.00188639
0.153711 0.00188752

0.153711 0.00188752
0.15376 0.00188861

0.15376 0.00188861
0.153809 0.00188967

0.153809 0.00188967
0.153857 0.00189069

0.153857 0.00189069
0.153906 0.00189168

0.153906 0.00189168
0.153955 0.00189263

0.153955 0.00189263
0.154004 0.00189353

0.154004 0.00189353
0.154053 0.0018944

0.154053 0.0018944
0.154102 0.00189523

0.154102 0.00189523
0.15415 0.00189601

0.15415 0.00189601
0.154199 0.00189675

0.154199 0.00189675
0.154248 0.00189745

0.154248 0.00189745
0.154297 0.0018981

0.154297 0.0018981
0.154346 0.00189871

0.154346 0.00189871
0.154395 0.00189927

0.154395 0.00189927
0.154443 0.00189978

0.154443 0.00189978
0.154492 0.00190026

0.154492 0.00190026
0.154541 0.00190068

0.154541 0.00190068
0.15459 0.00190106

0.15459 0.00190106
0.154639 0.00190139

0.154639 0.00190139
0.154688 0.00190167

0.154688 0.00190167
0.154736 0.00190191

0.154736 0.00190191
0.154785 0.0019021

0.154785 0.0019021
0.154834 0.00190224

0.154834 0.00190224
0.154883 0.00190234

0.154883 0.00190234
0.154932 0.00190238

0.154932 0.00190238
0.15498 0.00190239

0.15498 0.00190239
0.155029 0.00190235

0.155029 0.00190235
0.155078 0.00190226

0.155078 0.00190226
0.155127 0.00190213

0.155127 0.00190213
0.155176 0.00190196

0.155176 0.00190196
0.155225 0.00190174

0.155225 0.00190174
0.155273 0.00190148

0.155273 0.00190148
0.155322 0.00190118

0.155322 0.00190118
0.155371 0.00190084

0.155371 0.00190084
0.15542 0.00190045

0.15542 0.00190045
0.155469 0.00190003

0.155469 0.00190003
0.155518 0.00189957

0.155518 0.00189957
0.155566 0.00189906

0.155566 0.00189906
0.155615 0.00189852

0.155615 0.00189852
0.155664 0.00189795

0.155664 0.00189795
0.155713 0.00189734

0.155713 0.00189734
0.155762 0.00189669

0.155762 0.00189669
0.155811 0.00189601

0.155811 0.00189601
0.155859 0.0018953

0.155859 0.0018953
0.155908 0.00189456

0.155908 0.00189456
0.155957 0.00189378

0.155957 0.00189378
0.156006 0.00189298

0.156006 0.00189298
0.156055 0.00189215

0.156055 0.00189215
0.156104 0.00189129

0.156104 0.00189129
0.156152 0.00189041

0.156152 0.00189041
0.156201 0.0018895

0.156201 0.0018895
0.15625 0.00188857

0.15625 0.00188857
0.156299 0.00188762

0.156299 0.00188762
0.156348 0.00188665

0.156348 0.00188665
0.156396 0.00188566

0.156396 0.00188566
0.156445 0.00188465

0.156445 0.00188465
0.156494 0.00188363

0.156494 0.00188363
0.156543 0.00188259

0.156543 0.00188259
0.156592 0.00188154

0.156592 0.00188154
0.156641 0.00188048

0.156641 0.00188047
0.156689 0.0018794

0.156689 0.0018794
0.156738 0.00187832

0.156738 0.00187832
0.156787 0.00187723

0.156787 0.00187723
0.156836 0.00187613

0.156836 0.00187613
0.156885 0.00187503

0.156885 0.00187503
0.156934 0.00187392

0.156934 0.00187392
0.156982 0.0018728

0.156982 0.0018728
0.157031 0.00187169

0.157031 0.00187169
0.15708 0.00187057

0.15708 0.00187057
0.157129 0.00186946

0.157129 0.00186946
0.157178 0.00186835

0.157178 0.00186835
0.157227 0.00186725

0.157227 0.00186725
0.157275 0.00186615

0.157275 0.00186615
0.157324 0.00186506

0.157324 0.00186506
0.157373 0.00186398

0.157373 0.00186398
0.157422 0.0018629

0.157422 0.0018629
0.157471 0.00186185

0.157471 0.00186185
0.15752 0.0018608

0.15752 0.0018608
0.157568 0.00185977

0.157568 0.00185976
0.157617 0.00185874

0.157617 0.00185874
0.157666 0.00185773

0.157666 0.00185773
0.157715 0.00185675

0.157715 0.00185676
0.157764 0.00185578

0.157813 0.0018548
0.157779 0.00185547

0.157764 0.00185578
0.157779 0.00185547

0.157812 0.0018548
0.157861 0.00185385

0.157861 0.00185386
0.15791 0.00185293

0.15791 0.00185293
0.157959 0.00185202

0.157959 0.00185202
0.158008 0.00185112

0.158008 0.00185112
0.158057 0.00185024

0.158057 0.00185024
0.158105 0.00184939

0.158105 0.00184939
0.158154 0.00184855

0.158154 0.00184855
0.158203 0.00184774

0.158203 0.00184774
0.158252 0.00184695

0.158252 0.00184695
0.158301 0.00184618

0.158301 0.00184618
0.15835 0.00184544

0.15835 0.00184544
0.158398 0.00184473

0.158398 0.00184473
0.158447 0.00184404

0.158447 0.00184404
0.158496 0.00184338

0.158496 0.00184338
0.158545 0.00184275

0.158545 0.00184275
0.158594 0.00184215

0.158594 0.00184215
0.158643 0.00184158

0.158643 0.00184158
0.158691 0.00184103

0.158691 0.00184103
0.15874 0.00184052

0.15874 0.00184052
0.158789 0.00184003

0.158789 0.00184003
0.158838 0.00183958

0.158838 0.00183958
0.158887 0.00183916

0.158887 0.00183916
0.158936 0.00183876

0.158936 0.00183876
0.158984 0.0018384

0.158984 0.0018384
0.159033 0.00183807

0.159033 0.00183807
0.159082 0.00183777

0.159082 0.00183777
0.159131 0.00183749

0.159131 0.00183749
0.15918 0.00183725

0.15918 0.00183725
0.159229 0.00183704

0.159229 0.00183704
0.159277 0.00183686

0.159277 0.00183686
0.159326 0.00183671

0.159326 0.00183671
0.159375 0.00183659

0.159375 0.00183659
0.159424 0.0018365

0.159424 0.0018365
0.159473 0.00183644

0.159473 0.00183644
0.159521 0.00183641

0.159521 0.00183641
0.15957 0.00183641

0.15957 0.00183641
0.159619 0.00183644

0.159619 0.00183644
0.159668 0.0018365

0.159668 0.0018365
0.159717 0.00183658

0.159717 0.00183658
0.159766 0.00183669

0.159766 0.00183669
0.159814 0.00183683

0.159814 0.00183683
0.159863 0.001837

0.159863 0.001837
0.159912 0.00183719

0.159912 0.00183719
0.159961 0.0018374

0.159961 0.0018374
0.16001 0.00183765

0.16001 0.00183765
0.160059 0.00183791

0.160059 0.00183791
0.160107 0.0018382

0.160107 0.0018382
0.160156 0.00183851

0.160156 0.00183851
0.160205 0.00183885

0.160205 0.00183885
0.160254 0.00183921

0.160254 0.00183921
0.160303 0.00183958

0.160303 0.00183958
0.160352 0.00183998

0.160352 0.00183998
0.1604 0.00184039

0.1604 0.00184039
0.160449 0.00184083

0.160449 0.00184083
0.160498 0.00184128

0.160498 0.00184128
0.160547 0.00184174

0.160547 0.00184174
0.160596 0.00184222

0.160596 0.00184222
0.160645 0.00184272

0.160645 0.00184272
0.160693 0.00184322

0.160693 0.00184322
0.160742 0.00184374

0.160742 0.00184374
0.160791 0.00184427

0.160791 0.00184427
0.16084 0.00184481

0.16084 0.00184481
0.160889 0.00184536

0.160889 0.00184536
0.160938 0.00184592

0.160938 0.00184592
0.160986 0.00184648

0.160986 0.00184648
0.161035 0.00184705

0.161035 0.00184705
0.161084 0.00184762

0.161084 0.00184762
0.161133 0.00184819

0.161133 0.00184819
0.161182 0.00184877

0.161182 0.00184877
0.16123 0.00184934

0.16123 0.00184934
0.161279 0.00184992

0.161279 0.00184992
0.161328 0.0018505

0.161328 0.0018505
0.161377 0.00185107

0.161377 0.00185107
0.161426 0.00185164

0.161426 0.00185165
0.161475 0.00185221

0.161475 0.00185221
0.161523 0.00185277

0.161523 0.00185277
0.161572 0.00185332

0.161572 0.00185332
0.161621 0.00185387

0.161621 0.00185387
0.16167 0.0018544

0.16167 0.0018544
0.161719 0.00185492

0.161719 0.00185491
0.161768 0.00185542

0.161768 0.00185542
0.161772 0.00185547

0.161772 0.00185547
0.161816 0.00185593

0.161816 0.00185594
0.161865 0.00185643

0.161865 0.00185643
0.161914 0.00185691

0.161914 0.00185691
0.161963 0.00185736

0.161963 0.00185736
0.162012 0.0018578

0.162012 0.0018578
0.162061 0.00185822

0.162061 0.00185822
0.162109 0.00185862

0.162109 0.00185862
0.162158 0.001859

0.162158 0.001859
0.162207 0.00185935

0.162207 0.00185935
0.162256 0.00185968

0.162256 0.00185968
0.162305 0.00185999

0.162305 0.00185999
0.162354 0.00186028

0.162354 0.00186028
0.162402 0.00186055

0.162402 0.00186055
0.162451 0.00186079

0.162451 0.00186079
0.1625 0.00186101

0.1625 0.00186101
0.162549 0.0018612

0.162549 0.00186121
0.162598 0.00186138

0.162598 0.00186138
0.162646 0.00186153

0.162646 0.00186153
0.162695 0.00186165

0.162695 0.00186165
0.162744 0.00186175

0.162744 0.00186175
0.162793 0.00186182

0.162793 0.00186182
0.162842 0.00186187

0.162842 0.00186187
0.162891 0.00186189

0.162891 0.00186189
0.162939 0.00186189

0.162939 0.00186189
0.162988 0.00186186

0.162988 0.00186186
0.163037 0.0018618

0.163037 0.0018618
0.163086 0.00186172

0.163086 0.00186171
0.163135 0.0018616

0.163135 0.0018616
0.163184 0.00186147

0.163184 0.00186147
0.163232 0.0018613

0.163232 0.0018613
0.163281 0.00186111

0.163281 0.00186111
0.16333 0.0018609

0.16333 0.0018609
0.163379 0.00186066

0.163379 0.00186066
0.163428 0.0018604

0.163428 0.0018604
0.163477 0.0018601

0.163477 0.0018601
0.163525 0.00185978

0.163525 0.00185978
0.163574 0.00185943

0.163574 0.00185943
0.163623 0.00185905

0.163623 0.00185905
0.163672 0.00185865

0.163672 0.00185865
0.163721 0.00185823

0.163721 0.00185823
0.16377 0.00185778

0.16377 0.00185778
0.163818 0.00185731

0.163818 0.00185731
0.163867 0.00185681

0.163867 0.00185681
0.163916 0.00185628

0.163916 0.00185628
0.163965 0.00185572

0.164014 0.00185513
0.163986 0.00185547

0.163965 0.00185573
0.163986 0.00185547

0.164014 0.00185513
0.164063 0.00185451

0.164062 0.00185451
0.164111 0.00185387

0.164111 0.00185387
0.16416 0.00185322

0.16416 0.00185322
0.164209 0.00185257

0.164209 0.00185257
0.164258 0.0018519

0.164258 0.0018519
0.164307 0.0018512

0.164307 0.0018512
0.164355 0.00185048

0.164355 0.00185048
0.164404 0.00184973

0.164404 0.00184973
0.164453 0.00184897

0.164453 0.00184897
0.164502 0.0018482

0.164502 0.00184821
0.164551 0.00184742

0.164551 0.00184742
0.1646 0.00184661

0.1646 0.00184661
0.164648 0.00184578

0.164648 0.00184578
0.164697 0.00184493

0.164697 0.00184493
0.164746 0.00184407

0.164746 0.00184407
0.164795 0.00184318

0.164795 0.00184318
0.164844 0.00184228

0.164844 0.00184228
0.164893 0.00184135

0.164893 0.00184135
0.164941 0.00184041

0.164941 0.00184041
0.16499 0.00183946

0.16499 0.00183946
0.165039 0.00183849

0.165039 0.00183849
0.165088 0.00183751

0.165088 0.00183751
0.165137 0.00183652

0.165137 0.00183652
0.165186 0.00183551

0.165186 0.00183551
0.165234 0.00183449

0.165234 0.00183449
0.165283 0.00183345

0.165283 0.00183345
0.165332 0.00183241

0.165332 0.00183241
0.165381 0.00183134

0.165381 0.00183134
0.16543 0.00183027

0.16543 0.00183027
0.165479 0.00182918

0.165479 0.00182918
0.165527 0.00182807

0.165527 0.00182807
0.165576 0.00182695

0.165576 0.00182695
0.165625 0.00182582

0.165625 0.00182582
0.165674 0.00182467

0.165674 0.00182467
0.165723 0.0018235

0.165723 0.0018235
0.165771 0.00182232

0.165771 0.00182232
0.16582 0.00182112

0.16582 0.00182112
0.165869 0.0018199

0.165869 0.0018199
0.165918 0.00181867

0.165918 0.00181867
0.165967 0.00181742

0.165967 0.00181742
0.166016 0.00181615

0.166016 0.00181615
0.166064 0.00181486

0.166064 0.00181486
0.166113 0.00181355

0.166113 0.00181355
0.166162 0.00181223

0.166162 0.00181223
0.166211 0.00181089

0.166211 0.00181089
0.16626 0.00180954

0.16626 0.00180954
0.166309 0.0018082

0.166309 0.00180822
0.166357 0.00180685

0.166406 0.00180539
0.166364 0.00180664

0.166357 0.00180685
0.166365 0.00180664

0.166406 0.00180537
0.166455 0.00180386

0.166455 0.00180386
0.166504 0.00180233

0.166504 0.00180233
0.166553 0.00180077

0.166553 0.00180077
0.166602 0.00179918

0.166602 0.00179918
0.16665 0.00179758

0.16665 0.00179758
0.166699 0.00179595

0.166699 0.00179595
0.166748 0.00179429

0.166748 0.00179429
0.166797 0.0017926

0.166797 0.0017926
0.166846 0.00179088

0.166846 0.00179088
0.166895 0.00178913

0.166895 0.00178913
0.166943 0.00178734

0.166943 0.00178734
0.166992 0.00178553

0.166992 0.00178553
0.167041 0.00178368

0.167041 0.00178368
0.16709 0.00178181

0.16709 0.00178181
0.167139 0.00177991

0.167139 0.00177991
0.167188 0.00177797

0.167188 0.00177797
0.167236 0.00177601

0.167236 0.00177601
0.167285 0.00177402

0.167285 0.00177402
0.167334 0.00177201

0.167376 0
0.167383 1.7485e-05

0.167334 0.00177201
0.167383 0.00176998

0.167383 1.66002e-05
0.167403 4.88281e-05

0.167409 4.88281e-05
0.167432 6.57456e-05

0.167383 0.00176997
0.167432 0.00176793

0.167432 6.54436e-05
0.16748 8.44752e-05

0.167432 0.00176792
0.16748 0.00176587

0.16748 8.28248e-05
0.167529 8.51895e-05

0.167529 9.76563e-05
0.167529 9.76852e-05

0.16748 0.00176586
0.167529 0.00176385

0.167529 8.25257e-05
0.167578 7.68518e-05

0.167529 0.00176382
0.167578 0.00176194

0.167627 4.74456e-05
0.167615 4.88281e-05

0.167578 7.55523e-05
0.167627 7.01068e-05

0.167578 0.00176189
0.167627 0.00176029

0.167676 4.79938e-05
0.167666 4.88281e-05

0.167627 7.1064e-05
0.167676 6.66943e-05

0.167627 0.00176022
0.167676 0.00175914

0.167725 4.80967e-05
0.167717 4.88281e-05

0.167676 6.62859e-05
0.167725 6.18197e-05

0.167676 0.00175907
0.167725 0.00175879

0.167773 4.78195e-05
0.167765 4.88281e-05

0.167725 6.28488e-05
0.167773 5.70759e-05

0.167725 0.00175869
0.167773 0.00175956

0.167822 4.51494e-05
0.167814 4.88281e-05

0.167773 5.90173e-05
0.167811 4.88281e-05

0.167773 0.0017595
0.167822 0.00176186

0.167871 5.38993e-06
0.167836 4.88281e-05

0.167822 5.16602e-05
0.167828 4.88281e-05

0.167822 0.00176231
0.167871 0.0017654

0.167912 0
0.16792 2.20897e-06

0.167871 0.0017692
0.16792 0.00176451

0.16794 0
0.167941 4.88281e-05

0.167942 4.88281e-05
0.167944 9.76563e-05

0.167944 9.76563e-05
0.167948 0.000146484

0.167948 0.000146484
0.167954 0.000195313

0.167954 0.000195313
0.167961 0.000244141

0.167962 0.000244141
0.167969 0.000284686

0.167969 0.00174256
0.167931 0.00175781

0.16792 0.00176697
0.167948 0.00175781

0.167969 0.000285903
0.16797 0.000292969

0.167969 0.000292969
0.167979 0.000341797

0.167979 0.000341797
0.167992 0.000390625

0.167992 0.000390625
0.168005 0.000439453

0.168006 0.000439453
0.168018 0.000480986

0.168018 0.00154389
0.168006 0.0015625

0.168015 0.0015625
0.168002 0.00161133

0.168015 0.00161133
0.168008 0.00166016

0.168018 0.00166269
0.168003 0.00170898

0.168018 0.00171141
0.167969 0.00175781

0.168018 0.000482069
0.168019 0.000488281

0.168019 0.000488281
0.168034 0.000537109

0.168034 0.000537109
0.168051 0.000585938

0.168052 0.000585937
0.168066 0.000628825

0.168066 0.00148301
0.168055 0.00151367

0.168058 0.00151367
0.16804 0.0015625

0.168046 0.0015625
0.168032 0.00161133

0.168032 0.00161133
0.168023 0.00166016

0.168018 0.00170403
0.168029 0.00166016

0.168018 0.00172402
0.168026 0.00170898

0.168066 0.000629398
0.168068 0.000634766

0.168068 0.000634766
0.168084 0.000683594

0.168085 0.000683594
0.168102 0.000732422

0.168103 0.000732422
0.168115 0.000771241

0.168115 0.00132614
0.168103 0.00136719

0.168103 0.00136719
0.168089 0.00141602

0.16809 0.00141602
0.168075 0.00146484

0.168066 0.0014978
0.168078 0.00146484

0.168115 0.000772155
0.168118 0.00078125

0.168118 0.00078125
0.168132 0.000830078

0.168132 0.000830078
0.168145 0.000878906

0.168145 0.000878906
0.168155 0.000927734

0.168155 0.000927734
0.168162 0.000976562

0.168161 0.000976563
0.168164 0.00102539

0.168164 0.00102539
0.168163 0.00107422

0.168163 0.00107422
0.168158 0.00112305

0.168158 0.00112305
0.168151 0.00117187

0.168151 0.00117188
0.168141 0.0012207

0.168141 0.0012207
0.16813 0.00126953

0.168131 0.00126953
0.168118 0.00131836

0.168115 0.00133188
0.168119 0.00131836

0.168164 0.00102142
0.168164 0.00102539

0.168164 0.00102751
0.168164 0.00102539

0.168604 0.000955943
0.168598 0.000976562

0.168597 0.000976563
0.168604 0.000987773

0.168604 0.000958821
0.168652 0.0009679

0.168604 0.000986642
0.168652 0.000982112

0.169092 0.000994134
0.169059 0.00102539

0.169066 0.00102539
0.169092 0.00104374

0.169092 0.00100059
0.16911 0.00102539

0.169092 0.00105156
0.169117 0.00102539

