0 0.00185401
4.88281e-05 0.00185198

4.88281e-05 0.00185095
9.76563e-05 0.00184691

9.76563e-05 0.00184664
0.000146484 0.00184316

0.000146484 0.00184318
0.000195313 0.00184074

0.000195313 0.00184084
0.000244141 0.00183919

0.000244141 0.00183926
0.000292969 0.00183805

0.000292969 0.00183808
0.000341797 0.00183711

0.000341797 0.00183712
0.000390625 0.00183629

0.000390625 0.00183629
0.000439453 0.00183554

0.000439453 0.00183555
0.000488281 0.00183487

0.000488281 0.00183487
0.000537109 0.00183425

0.000537109 0.00183425
0.000585938 0.00183369

0.000585937 0.00183369
0.000634766 0.00183316

0.000634766 0.00183316
0.000683594 0.00183268

0.000683594 0.00183268
0.000732422 0.00183222

0.000732422 0.00183223
0.00078125 0.0018318

0.00078125 0.0018318
0.000830078 0.0018314

0.000830078 0.0018314
0.000878906 0.00183102

0.000878906 0.00183101
0.000927734 0.00183066

0.000927734 0.00183066
0.000976562 0.00183033

0.000976563 0.00183033
0.00102539 0.00183002

0.00102539 0.00183002
0.00107422 0.00182973

0.00107422 0.00182973
0.00112305 0.00182946

0.00112305 0.00182946
0.00117187 0.00182921

0.00117188 0.00182921
0.0012207 0.00182899

0.0012207 0.00182899
0.00126953 0.00182877

0.00126953 0.00182878
0.00131836 0.00182858

0.00131836 0.00182858
0.00136719 0.00182839

0.00136719 0.0018284
0.00141602 0.00182822

0.00141602 0.00182822
0.00146484 0.00182806

0.00146484 0.00182806
0.00151367 0.00182791

0.00151367 0.00182791
0.0015625 0.00182777

0.0015625 0.00182777
0.00161133 0.00182764

0.00161133 0.00182764
0.00166016 0.00182752

0.00166016 0.00182752
0.00170898 0.00182741

0.00170898 0.00182741
0.00175781 0.00182732

0.00175781 0.00182732
0.00180664 0.00182723

0.00180664 0.00182723
0.00185547 0.00182715

0.00185547 0.00182715
0.0019043 0.00182708

0.0019043 0.00182708
0.00195312 0.00182702

0.00195312 0.00182702
0.00200195 0.00182697

0.00200195 0.00182697
0.00205078 0.00182693

0.00205078 0.00182693
0.00209961 0.0018269

0.00209961 0.0018269
0.00214844 0.00182687

0.00214844 0.00182687
0.00219727 0.00182685

0.00219727 0.00182685
0.00224609 0.00182684

0.00224609 0.00182684
0.00229492 0.00182684

0.00229492 0.00182684
0.00234375 0.00182684

0.00234375 0.00182684
0.00239258 0.00182685

0.00239258 0.00182685
0.00244141 0.00182687

0.00244141 0.00182687
0.00249023 0.00182689

0.00249023 0.00182689
0.00253906 0.00182691

0.00253906 0.00182691
0.00258789 0.00182694

0.00258789 0.00182694
0.00263672 0.00182697

0.00263672 0.00182697
0.00268555 0.001827

0.00268555 0.001827
0.00273438 0.00182704

0.00273438 0.00182704
0.0027832 0.00182708

0.0027832 0.00182708
0.00283203 0.00182713

0.00283203 0.00182713
0.00288086 0.00182718

0.00288086 0.00182718
0.00292969 0.00182724

0.00292969 0.00182724
0.00297852 0.0018273

0.00297852 0.0018273
0.00302734 0.00182736

0.00302734 0.00182736
0.00307617 0.00182742

0.00307617 0.00182742
0.003125 0.00182749

0.003125 0.00182749
0.00317383 0.00182757

0.00317383 0.00182757
0.00322266 0.00182764

0.00322266 0.00182764
0.00327148 0.00182772

0.00327148 0.00182772
0.00332031 0.0018278

0.00332031 0.0018278
0.00336914 0.00182788

0.00336914 0.00182788
0.00341797 0.00182796

0.00341797 0.00182796
0.0034668 0.00182804

0.0034668 0.00182804
0.00351563 0.00182812

0.00351563 0.00182812
0.00356445 0.00182821

0.00356445 0.00182821
0.00361328 0.00182829

0.00361328 0.00182829
0.00366211 0.00182837

0.00366211 0.00182837
0.00371094 0.00182846

0.00371094 0.00182846
0.00375977 0.00182854

0.00375977 0.00182854
0.00380859 0.00182863

0.00380859 0.00182863
0.00385742 0.00182871

0.00385742 0.00182871
0.00390625 0.0018288

0.00390625 0.0018288
0.00395508 0.00182889

0.00395508 0.00182889
0.00400391 0.00182897

0.00400391 0.00182897
0.00405273 0.00182906

0.00405273 0.00182906
0.00410156 0.00182915

0.00410156 0.00182915
0.00415039 0.00182924

0.00415039 0.00182924
0.00419922 0.00182933

0.00419922 0.00182933
0.00424805 0.00182942

0.00424805 0.00182942
0.00429688 0.00182951

0.00429687 0.00182951
0.0043457 0.0018296

0.0043457 0.0018296
0.00439453 0.0018297

0.00439453 0.0018297
0.00444336 0.00182979

0.00444336 0.00182979
0.00449219 0.00182988

0.00449219 0.00182988
0.00454102 0.00182997

0.00454102 0.00182997
0.00458984 0.00183006

0.00458984 0.00183006
0.00463867 0.00183015

0.00463867 0.00183015
0.0046875 0.00183023

0.0046875 0.00183023
0.00473633 0.00183032

0.00473633 0.00183032
0.00478516 0.00183041

0.00478516 0.00183041
0.00483398 0.00183049

0.00483398 0.00183049
0.00488281 0.00183057

0.00488281 0.00183057
0.00493164 0.00183065

0.00493164 0.00183065
0.00498047 0.00183073

0.00498047 0.00183073
0.0050293 0.00183081

0.0050293 0.00183081
0.00507813 0.00183088

0.00507813 0.00183088
0.00512695 0.00183096

0.00512695 0.00183096
0.00517578 0.00183103

0.00517578 0.00183103
0.00522461 0.0018311

0.00522461 0.0018311
0.00527344 0.00183117

0.00527344 0.00183117
0.00532227 0.00183123

0.00532227 0.00183123
0.00537109 0.0018313

0.00537109 0.0018313
0.00541992 0.00183137

0.00541992 0.00183137
0.00546875 0.00183143

0.00546875 0.00183143
0.00551758 0.00183149

0.00551758 0.00183149
0.00556641 0.00183155

0.00556641 0.00183155
0.00561523 0.00183161

0.00561523 0.00183161
0.00566406 0.00183167

0.00566406 0.00183167
0.00571289 0.00183173

0.00571289 0.00183173
0.00576172 0.00183179

0.00576172 0.00183179
0.00581055 0.00183184

0.00581055 0.00183184
0.00585938 0.00183189

0.00585938 0.00183189
0.0059082 0.00183195

0.0059082 0.00183195
0.00595703 0.001832

0.00595703 0.001832
0.00600586 0.00183205

0.00600586 0.00183205
0.00605469 0.0018321

0.00605469 0.0018321
0.00610352 0.00183214

0.00610352 0.00183214
0.00615234 0.00183219

0.00615234 0.00183219
0.00620117 0.00183223

0.00620117 0.00183223
0.00625 0.00183228

0.00625 0.00183228
0.00629883 0.00183232

0.00629883 0.00183232
0.00634766 0.00183236

0.00634766 0.00183236
0.00639648 0.0018324

0.00639648 0.0018324
0.00644531 0.00183244

0.00644531 0.00183244
0.00649414 0.00183248

0.00649414 0.00183248
0.00654297 0.00183252

0.00654297 0.00183252
0.0065918 0.00183256

0.0065918 0.00183256
0.00664063 0.0018326

0.00664062 0.0018326
0.00668945 0.00183263

0.00668945 0.00183263
0.00673828 0.00183267

0.00673828 0.00183267
0.00678711 0.0018327

0.00678711 0.0018327
0.00683594 0.00183274

0.00683594 0.00183274
0.00688477 0.00183278

0.00688477 0.00183278
0.00693359 0.00183281

0.00693359 0.00183281
0.00698242 0.00183284

0.00698242 0.00183284
0.00703125 0.00183288

0.00703125 0.00183288
0.00708008 0.00183291

0.00708008 0.00183291
0.00712891 0.00183294

0.00712891 0.00183294
0.00717773 0.00183298

0.00717773 0.00183298
0.00722656 0.00183301

0.00722656 0.00183301
0.00727539 0.00183304

0.00727539 0.00183304
0.00732422 0.00183307

0.00732422 0.00183307
0.00737305 0.0018331

0.00737305 0.0018331
0.00742188 0.00183313

0.00742187 0.00183313
0.0074707 0.00183315

0.0074707 0.00183315
0.00751953 0.00183318

0.00751953 0.00183318
0.00756836 0.0018332

0.00756836 0.0018332
0.00761719 0.00183323

0.00761719 0.00183323
0.00766602 0.00183325

0.00766602 0.00183325
0.00771484 0.00183327

0.00771484 0.00183327
0.00776367 0.0018333

0.00776367 0.0018333
0.0078125 0.00183332

0.0078125 0.00183332
0.00786133 0.00183334

0.00786133 0.00183334
0.00791016 0.00183335

0.00791016 0.00183335
0.00795898 0.00183337

0.00795898 0.00183337
0.00800781 0.00183339

0.00800781 0.00183339
0.00805664 0.00183341

0.00805664 0.00183341
0.00810547 0.00183342

0.00810547 0.00183342
0.0081543 0.00183344

0.0081543 0.00183344
0.00820313 0.00183345

0.00820313 0.00183345
0.00825195 0.00183347

0.00825195 0.00183347
0.00830078 0.00183348

0.00830078 0.00183348
0.00834961 0.0018335

0.00834961 0.0018335
0.00839844 0.00183351

0.00839844 0.00183351
0.00844727 0.00183352

0.00844727 0.00183352
0.00849609 0.00183354

0.00849609 0.00183354
0.00854492 0.00183355

0.00854492 0.00183355
0.00859375 0.00183356

0.00859375 0.00183356
0.00864258 0.00183357

0.00864258 0.00183357
0.00869141 0.00183358

0.00869141 0.00183358
0.00874023 0.00183359

0.00874023 0.00183359
0.00878906 0.0018336

0.00878906 0.0018336
0.00883789 0.00183361

0.00883789 0.00183361
0.00888672 0.00183362

0.00888672 0.00183362
0.00893555 0.00183363

0.00893555 0.00183363
0.00898438 0.00183364

0.00898437 0.00183364
0.0090332 0.00183365

0.0090332 0.00183365
0.00908203 0.00183366

0.00908203 0.00183366
0.00913086 0.00183366

0.00913086 0.00183366
0.00917969 0.00183367

0.00917969 0.00183367
0.00922852 0.00183368

0.00922852 0.00183368
0.00927734 0.00183368

0.00927734 0.00183368
0.00932617 0.00183369

0.00932617 0.00183369
0.009375 0.0018337

0.009375 0.0018337
0.00942383 0.0018337

0.00942383 0.0018337
0.00947266 0.00183371

0.00947266 0.00183371
0.00952148 0.00183371

0.00952148 0.00183371
0.00957031 0.00183372

0.00957031 0.00183372
0.00961914 0.00183372

0.00961914 0.00183372
0.00966797 0.00183373

0.00966797 0.00183373
0.0097168 0.00183373

0.0097168 0.00183373
0.00976563 0.00183374

0.00976562 0.00183374
0.00981445 0.00183374

0.00981445 0.00183374
0.00986328 0.00183375

0.00986328 0.00183375
0.00991211 0.00183376

0.00991211 0.00183376
0.00996094 0.00183376

0.00996094 0.00183376
0.0100098 0.00183377

0.0100098 0.00183377
0.0100586 0.00183377

0.0100586 0.00183377
0.0101074 0.00183378

0.0101074 0.00183378
0.0101563 0.00183378

0.0101563 0.00183378
0.0102051 0.00183379

0.0102051 0.00183379
0.0102539 0.00183379

0.0102539 0.00183379
0.0103027 0.00183379

0.0103027 0.00183379
0.0103516 0.0018338

0.0103516 0.0018338
0.0104004 0.0018338

0.0104004 0.0018338
0.0104492 0.00183381

0.0104492 0.00183381
0.010498 0.00183381

0.010498 0.00183381
0.0105469 0.00183381

0.0105469 0.00183381
0.0105957 0.00183381

0.0105957 0.00183381
0.0106445 0.00183382

0.0106445 0.00183382
0.0106934 0.00183382

0.0106934 0.00183382
0.0107422 0.00183382

0.0107422 0.00183382
0.010791 0.00183382

0.010791 0.00183382
0.0108398 0.00183382

0.0108398 0.00183382
0.0108887 0.00183383

0.0108887 0.00183383
0.0109375 0.00183383

0.0109375 0.00183383
0.0109863 0.00183383

0.0109863 0.00183383
0.0110352 0.00183383

0.0110352 0.00183383
0.011084 0.00183383

0.011084 0.00183383
0.0111328 0.00183383

0.0111328 0.00183383
0.0111816 0.00183383

0.0111816 0.00183383
0.0112305 0.00183383

0.0112305 0.00183383
0.0112793 0.00183383

0.0112793 0.00183383
0.0113281 0.00183383

0.0113281 0.00183383
0.011377 0.00183383

0.011377 0.00183383
0.0114258 0.00183383

0.0114258 0.00183383
0.0114746 0.00183383

0.0114746 0.00183383
0.0115234 0.00183383

0.0115234 0.00183383
0.0115723 0.00183383

0.0115723 0.00183383
0.0116211 0.00183383

0.0116211 0.00183383
0.0116699 0.00183383

0.0116699 0.00183383
0.0117188 0.00183383

0.0117188 0.00183383
0.0117676 0.00183383

0.0117676 0.00183383
0.0118164 0.00183383

0.0118164 0.00183383
0.0118652 0.00183383

0.0118652 0.00183383
0.0119141 0.00183383

0.0119141 0.00183383
0.0119629 0.00183383

0.0119629 0.00183383
0.0120117 0.00183383

0.0120117 0.00183383
0.0120605 0.00183383

0.0120605 0.00183383
0.0121094 0.00183383

0.0121094 0.00183383
0.0121582 0.00183383

0.0121582 0.00183383
0.012207 0.00183382

0.012207 0.00183382
0.0122559 0.00183382

0.0122559 0.00183382
0.0123047 0.00183382

0.0123047 0.00183382
0.0123535 0.00183382

0.0123535 0.00183382
0.0124023 0.00183381

0.0124023 0.00183381
0.0124512 0.00183381

0.0124512 0.00183381
0.0125 0.00183381

0.0125 0.00183381
0.0125488 0.0018338

0.0125488 0.0018338
0.0125977 0.0018338

0.0125977 0.0018338
0.0126465 0.0018338

0.0126465 0.0018338
0.0126953 0.00183379

0.0126953 0.00183379
0.0127441 0.00183379

0.0127441 0.00183379
0.012793 0.00183378

0.012793 0.00183378
0.0128418 0.00183378

0.0128418 0.00183378
0.0128906 0.00183377

0.0128906 0.00183377
0.0129395 0.00183377

0.0129395 0.00183377
0.0129883 0.00183376

0.0129883 0.00183376
0.0130371 0.00183375

0.0130371 0.00183375
0.0130859 0.00183375

0.0130859 0.00183375
0.0131348 0.00183374

0.0131348 0.00183374
0.0131836 0.00183373

0.0131836 0.00183373
0.0132324 0.00183373

0.0132324 0.00183373
0.0132813 0.00183372

0.0132812 0.00183372
0.0133301 0.00183371

0.0133301 0.00183371
0.0133789 0.0018337

0.0133789 0.0018337
0.0134277 0.0018337

0.0134277 0.0018337
0.0134766 0.00183369

0.0134766 0.00183369
0.0135254 0.00183368

0.0135254 0.00183368
0.0135742 0.00183367

0.0135742 0.00183367
0.013623 0.00183366

0.013623 0.00183366
0.0136719 0.00183365

0.0136719 0.00183365
0.0137207 0.00183364

0.0137207 0.00183364
0.0137695 0.00183363

0.0137695 0.00183363
0.0138184 0.00183362

0.0138184 0.00183362
0.0138672 0.00183361

0.0138672 0.00183361
0.013916 0.00183359

0.013916 0.00183359
0.0139648 0.00183358

0.0139648 0.00183358
0.0140137 0.00183357

0.0140137 0.00183357
0.0140625 0.00183356

0.0140625 0.00183356
0.0141113 0.00183354

0.0141113 0.00183354
0.0141602 0.00183353

0.0141602 0.00183353
0.014209 0.00183351

0.014209 0.00183351
0.0142578 0.0018335

0.0142578 0.0018335
0.0143066 0.00183349

0.0143066 0.00183349
0.0143555 0.00183347

0.0143555 0.00183347
0.0144043 0.00183346

0.0144043 0.00183346
0.0144531 0.00183344

0.0144531 0.00183344
0.014502 0.00183342

0.014502 0.00183342
0.0145508 0.00183341

0.0145508 0.00183341
0.0145996 0.00183339

0.0145996 0.00183339
0.0146484 0.00183338

0.0146484 0.00183338
0.0146973 0.00183336

0.0146973 0.00183336
0.0147461 0.00183335

0.0147461 0.00183335
0.0147949 0.00183333

0.0147949 0.00183333
0.0148438 0.00183331

0.0148438 0.00183331
0.0148926 0.0018333

0.0148926 0.0018333
0.0149414 0.00183328

0.0149414 0.00183328
0.0149902 0.00183327

0.0149902 0.00183327
0.0150391 0.00183325

0.0150391 0.00183325
0.0150879 0.00183324

0.0150879 0.00183324
0.0151367 0.00183323

0.0151367 0.00183323
0.0151855 0.00183321

0.0151855 0.00183321
0.0152344 0.0018332

0.0152344 0.0018332
0.0152832 0.00183319

0.0152832 0.00183319
0.015332 0.00183317

0.015332 0.00183317
0.0153809 0.00183316

0.0153809 0.00183316
0.0154297 0.00183315

0.0154297 0.00183315
0.0154785 0.00183314

0.0154785 0.00183314
0.0155273 0.00183313

0.0155273 0.00183313
0.0155762 0.00183312

0.0155762 0.00183312
0.015625 0.00183311

0.015625 0.00183311
0.0156738 0.0018331

0.0156738 0.0018331
0.0157227 0.0018331

0.0157227 0.0018331
0.0157715 0.00183309

0.0157715 0.00183309
0.0158203 0.00183308

0.0158203 0.00183308
0.0158691 0.00183308

0.0158691 0.00183308
0.015918 0.00183307

0.015918 0.00183307
0.0159668 0.00183307

0.0159668 0.00183307
0.0160156 0.00183307

0.0160156 0.00183307
0.0160645 0.00183307

0.0160645 0.00183307
0.0161133 0.00183306

0.0161133 0.00183306
0.0161621 0.00183306

0.0161621 0.00183306
0.0162109 0.00183307

0.0162109 0.00183307
0.0162598 0.00183307

0.0162598 0.00183307
0.0163086 0.00183307

0.0163086 0.00183307
0.0163574 0.00183307

0.0163574 0.00183307
0.0164063 0.00183308

0.0164063 0.00183308
0.0164551 0.00183308

0.0164551 0.00183308
0.0165039 0.00183309

0.0165039 0.00183309
0.0165527 0.00183309

0.0165527 0.00183309
0.0166016 0.0018331

0.0166016 0.0018331
0.0166504 0.00183311

0.0166504 0.00183311
0.0166992 0.00183312

0.0166992 0.00183312
0.016748 0.00183313

0.016748 0.00183313
0.0167969 0.00183314

0.0167969 0.00183314
0.0168457 0.00183315

0.0168457 0.00183315
0.0168945 0.00183316

0.0168945 0.00183316
0.0169434 0.00183317

0.0169434 0.00183317
0.0169922 0.00183318

0.0169922 0.00183318
0.017041 0.00183319

0.017041 0.00183319
0.0170898 0.0018332

0.0170898 0.0018332
0.0171387 0.00183321

0.0171387 0.00183321
0.0171875 0.00183322

0.0171875 0.00183322
0.0172363 0.00183323

0.0172363 0.00183323
0.0172852 0.00183324

0.0172852 0.00183324
0.017334 0.00183325

0.017334 0.00183325
0.0173828 0.00183326

0.0173828 0.00183326
0.0174316 0.00183327

0.0174316 0.00183327
0.0174805 0.00183328

0.0174805 0.00183328
0.0175293 0.00183329

0.0175293 0.00183329
0.0175781 0.0018333

0.0175781 0.0018333
0.017627 0.0018333

0.017627 0.0018333
0.0176758 0.00183331

0.0176758 0.00183331
0.0177246 0.00183331

0.0177246 0.00183331
0.0177734 0.00183332

0.0177734 0.00183332
0.0178223 0.00183332

0.0178223 0.00183332
0.0178711 0.00183332

0.0178711 0.00183332
0.0179199 0.00183333

0.0179199 0.00183333
0.0179687 0.00183333

0.0179688 0.00183333
0.0180176 0.00183333

0.0180176 0.00183333
0.0180664 0.00183333

0.0180664 0.00183333
0.0181152 0.00183333

0.0181152 0.00183333
0.0181641 0.00183332

0.0181641 0.00183332
0.0182129 0.00183332

0.0182129 0.00183332
0.0182617 0.00183332

0.0182617 0.00183332
0.0183105 0.00183332

0.0183105 0.00183332
0.0183594 0.00183332

0.0183594 0.00183332
0.0184082 0.00183331

0.0184082 0.00183331
0.018457 0.00183331

0.018457 0.00183331
0.0185059 0.00183331

0.0185059 0.00183331
0.0185547 0.00183331

0.0185547 0.00183331
0.0186035 0.00183331

0.0186035 0.00183331
0.0186523 0.00183331

0.0186523 0.00183331
0.0187012 0.00183331

0.0187012 0.00183331
0.01875 0.00183331

0.01875 0.00183331
0.0187988 0.00183332

0.0187988 0.00183332
0.0188477 0.00183332

0.0188477 0.00183332
0.0188965 0.00183332

0.0188965 0.00183332
0.0189453 0.00183333

0.0189453 0.00183333
0.0189941 0.00183334

0.0189941 0.00183334
0.019043 0.00183334

0.019043 0.00183334
0.0190918 0.00183335

0.0190918 0.00183335
0.0191406 0.00183336

0.0191406 0.00183336
0.0191895 0.00183336

0.0191895 0.00183336
0.0192383 0.00183337

0.0192383 0.00183337
0.0192871 0.00183338

0.0192871 0.00183338
0.0193359 0.00183339

0.0193359 0.00183339
0.0193848 0.0018334

0.0193848 0.0018334
0.0194336 0.0018334

0.0194336 0.0018334
0.0194824 0.00183341

0.0194824 0.00183341
0.0195312 0.00183342

0.0195313 0.00183342
0.0195801 0.00183342

0.0195801 0.00183342
0.0196289 0.00183343

0.0196289 0.00183343
0.0196777 0.00183344

0.0196777 0.00183344
0.0197266 0.00183344

0.0197266 0.00183344
0.0197754 0.00183345

0.0197754 0.00183345
0.0198242 0.00183345

0.0198242 0.00183345
0.019873 0.00183346

0.019873 0.00183346
0.0199219 0.00183346

0.0199219 0.00183346
0.0199707 0.00183346

0.0199707 0.00183346
0.0200195 0.00183347

0.0200195 0.00183347
0.0200684 0.00183347

0.0200684 0.00183347
0.0201172 0.00183348

0.0201172 0.00183348
0.020166 0.00183348

0.020166 0.00183348
0.0202148 0.00183349

0.0202148 0.00183349
0.0202637 0.0018335

0.0202637 0.0018335
0.0203125 0.0018335

0.0203125 0.0018335
0.0203613 0.00183351

0.0203613 0.00183351
0.0204102 0.00183351

0.0204102 0.00183351
0.020459 0.00183352

0.020459 0.00183352
0.0205078 0.00183353

0.0205078 0.00183353
0.0205566 0.00183354

0.0205566 0.00183354
0.0206055 0.00183354

0.0206055 0.00183354
0.0206543 0.00183355

0.0206543 0.00183355
0.0207031 0.00183356

0.0207031 0.00183356
0.020752 0.00183357

0.020752 0.00183357
0.0208008 0.00183357

0.0208008 0.00183357
0.0208496 0.00183358

0.0208496 0.00183358
0.0208984 0.00183359

0.0208984 0.00183359
0.0209473 0.00183359

0.0209473 0.00183359
0.0209961 0.0018336

0.0209961 0.0018336
0.0210449 0.00183361

0.0210449 0.00183361
0.0210938 0.00183362

0.0210938 0.00183362
0.0211426 0.00183362

0.0211426 0.00183362
0.0211914 0.00183363

0.0211914 0.00183363
0.0212402 0.00183364

0.0212402 0.00183364
0.0212891 0.00183365

0.0212891 0.00183365
0.0213379 0.00183365

0.0213379 0.00183365
0.0213867 0.00183366

0.0213867 0.00183366
0.0214355 0.00183367

0.0214355 0.00183367
0.0214844 0.00183368

0.0214844 0.00183368
0.0215332 0.00183368

0.0215332 0.00183368
0.021582 0.00183369

0.021582 0.00183369
0.0216309 0.0018337

0.0216309 0.0018337
0.0216797 0.00183371

0.0216797 0.00183371
0.0217285 0.00183372

0.0217285 0.00183372
0.0217773 0.00183373

0.0217773 0.00183373
0.0218262 0.00183374

0.0218262 0.00183374
0.021875 0.00183374

0.021875 0.00183374
0.0219238 0.00183375

0.0219238 0.00183375
0.0219727 0.00183376

0.0219727 0.00183376
0.0220215 0.00183377

0.0220215 0.00183377
0.0220703 0.00183378

0.0220703 0.00183378
0.0221191 0.00183379

0.0221191 0.00183379
0.022168 0.0018338

0.022168 0.0018338
0.0222168 0.00183381

0.0222168 0.00183381
0.0222656 0.00183381

0.0222656 0.00183381
0.0223145 0.00183382

0.0223145 0.00183382
0.0223633 0.00183383

0.0223633 0.00183383
0.0224121 0.00183384

0.0224121 0.00183384
0.0224609 0.00183385

0.0224609 0.00183385
0.0225098 0.00183386

0.0225098 0.00183386
0.0225586 0.00183387

0.0225586 0.00183387
0.0226074 0.00183388

0.0226074 0.00183388
0.0226562 0.00183389

0.0226563 0.00183389
0.0227051 0.00183389

0.0227051 0.00183389
0.0227539 0.0018339

0.0227539 0.0018339
0.0228027 0.00183391

0.0228027 0.00183391
0.0228516 0.00183392

0.0228516 0.00183392
0.0229004 0.00183393

0.0229004 0.00183393
0.0229492 0.00183394

0.0229492 0.00183394
0.022998 0.00183395

0.022998 0.00183395
0.0230469 0.00183396

0.0230469 0.00183396
0.0230957 0.00183397

0.0230957 0.00183397
0.0231445 0.00183397

0.0231445 0.00183397
0.0231934 0.00183398

0.0231934 0.00183398
0.0232422 0.00183399

0.0232422 0.00183399
0.023291 0.001834

0.023291 0.001834
0.0233398 0.00183401

0.0233398 0.00183401
0.0233887 0.00183402

0.0233887 0.00183402
0.0234375 0.00183403

0.0234375 0.00183403
0.0234863 0.00183404

0.0234863 0.00183404
0.0235352 0.00183405

0.0235352 0.00183405
0.023584 0.00183405

0.023584 0.00183405
0.0236328 0.00183406

0.0236328 0.00183406
0.0236816 0.00183407

0.0236816 0.00183407
0.0237305 0.00183408

0.0237305 0.00183408
0.0237793 0.00183409

0.0237793 0.00183409
0.0238281 0.0018341

0.0238281 0.0018341
0.023877 0.00183411

0.023877 0.00183411
0.0239258 0.00183412

0.0239258 0.00183412
0.0239746 0.00183413

0.0239746 0.00183413
0.0240234 0.00183414

0.0240234 0.00183414
0.0240723 0.00183415

0.0240723 0.00183415
0.0241211 0.00183416

0.0241211 0.00183416
0.0241699 0.00183417

0.0241699 0.00183417
0.0242188 0.00183418

0.0242188 0.00183418
0.0242676 0.00183419

0.0242676 0.00183419
0.0243164 0.0018342

0.0243164 0.0018342
0.0243652 0.00183421

0.0243652 0.00183421
0.0244141 0.00183422

0.0244141 0.00183422
0.0244629 0.00183422

0.0244629 0.00183422
0.0245117 0.00183423

0.0245117 0.00183423
0.0245605 0.00183424

0.0245605 0.00183424
0.0246094 0.00183425

0.0246094 0.00183425
0.0246582 0.00183426

0.0246582 0.00183426
0.024707 0.00183427

0.024707 0.00183427
0.0247559 0.00183428

0.0247559 0.00183428
0.0248047 0.00183429

0.0248047 0.00183429
0.0248535 0.0018343

0.0248535 0.0018343
0.0249023 0.00183431

0.0249023 0.00183431
0.0249512 0.00183432

0.0249512 0.00183432
0.025 0.00183433

0.025 0.00183433
0.0250488 0.00183434

0.0250488 0.00183434
0.0250977 0.00183435

0.0250977 0.00183435
0.0251465 0.00183436

0.0251465 0.00183436
0.0251953 0.00183437

0.0251953 0.00183437
0.0252441 0.00183438

0.0252441 0.00183438
0.025293 0.00183439

0.025293 0.00183439
0.0253418 0.0018344

0.0253418 0.0018344
0.0253906 0.00183441

0.0253906 0.00183441
0.0254395 0.00183442

0.0254395 0.00183442
0.0254883 0.00183443

0.0254883 0.00183443
0.0255371 0.00183444

0.0255371 0.00183444
0.0255859 0.00183445

0.0255859 0.00183445
0.0256348 0.00183446

0.0256348 0.00183446
0.0256836 0.00183447

0.0256836 0.00183447
0.0257324 0.00183448

0.0257324 0.00183448
0.0257812 0.00183449

0.0257813 0.00183449
0.0258301 0.0018345

0.0258301 0.0018345
0.0258789 0.00183451

0.0258789 0.00183451
0.0259277 0.00183452

0.0259277 0.00183452
0.0259766 0.00183453

0.0259766 0.00183453
0.0260254 0.00183454

0.0260254 0.00183454
0.0260742 0.00183455

0.0260742 0.00183455
0.026123 0.00183456

0.026123 0.00183456
0.0261719 0.00183457

0.0261719 0.00183457
0.0262207 0.00183458

0.0262207 0.00183458
0.0262695 0.00183459

0.0262695 0.00183459
0.0263184 0.0018346

0.0263184 0.0018346
0.0263672 0.0018346

0.0263672 0.0018346
0.026416 0.00183461

0.026416 0.00183461
0.0264648 0.00183463

0.0264648 0.00183463
0.0265137 0.00183464

0.0265137 0.00183464
0.0265625 0.00183465

0.0265625 0.00183465
0.0266113 0.00183466

0.0266113 0.00183466
0.0266602 0.00183467

0.0266602 0.00183467
0.026709 0.00183468

0.026709 0.00183468
0.0267578 0.00183469

0.0267578 0.00183469
0.0268066 0.0018347

0.0268066 0.0018347
0.0268555 0.00183471

0.0268555 0.00183471
0.0269043 0.00183472

0.0269043 0.00183472
0.0269531 0.00183473

0.0269531 0.00183473
0.027002 0.00183474

0.027002 0.00183474
0.0270508 0.00183475

0.0270508 0.00183475
0.0270996 0.00183477

0.0270996 0.00183477
0.0271484 0.00183478

0.0271484 0.00183478
0.0271973 0.00183479

0.0271973 0.00183479
0.0272461 0.0018348

0.0272461 0.0018348
0.0272949 0.00183481

0.0272949 0.00183481
0.0273438 0.00183482

0.0273438 0.00183482
0.0273926 0.00183484

0.0273926 0.00183484
0.0274414 0.00183485

0.0274414 0.00183485
0.0274902 0.00183486

0.0274902 0.00183486
0.0275391 0.00183487

0.0275391 0.00183487
0.0275879 0.00183489

0.0275879 0.00183489
0.0276367 0.0018349

0.0276367 0.0018349
0.0276855 0.00183491

0.0276855 0.00183491
0.0277344 0.00183492

0.0277344 0.00183492
0.0277832 0.00183494

0.0277832 0.00183494
0.027832 0.00183495

0.027832 0.00183495
0.0278809 0.00183496

0.0278809 0.00183496
0.0279297 0.00183498

0.0279297 0.00183498
0.0279785 0.00183499

0.0279785 0.00183499
0.0280273 0.001835

0.0280273 0.001835
0.0280762 0.00183502

0.0280762 0.00183502
0.028125 0.00183503

0.028125 0.00183503
0.0281738 0.00183504

0.0281738 0.00183504
0.0282227 0.00183506

0.0282227 0.00183506
0.0282715 0.00183507

0.0282715 0.00183507
0.0283203 0.00183508

0.0283203 0.00183508
0.0283691 0.0018351

0.0283691 0.0018351
0.028418 0.00183511

0.028418 0.00183511
0.0284668 0.00183513

0.0284668 0.00183513
0.0285156 0.00183514

0.0285156 0.00183514
0.0285645 0.00183515

0.0285645 0.00183515
0.0286133 0.00183517

0.0286133 0.00183517
0.0286621 0.00183518

0.0286621 0.00183518
0.0287109 0.0018352

0.0287109 0.0018352
0.0287598 0.00183521

0.0287598 0.00183521
0.0288086 0.00183523

0.0288086 0.00183523
0.0288574 0.00183524

0.0288574 0.00183524
0.0289063 0.00183525

0.0289063 0.00183525
0.0289551 0.00183527

0.0289551 0.00183527
0.0290039 0.00183528

0.0290039 0.00183528
0.0290527 0.0018353

0.0290527 0.0018353
0.0291016 0.00183531

0.0291016 0.00183531
0.0291504 0.00183533

0.0291504 0.00183533
0.0291992 0.00183534

0.0291992 0.00183534
0.029248 0.00183536

0.029248 0.00183536
0.0292969 0.00183537

0.0292969 0.00183537
0.0293457 0.00183539

0.0293457 0.00183539
0.0293945 0.0018354

0.0293945 0.0018354
0.0294434 0.00183541

0.0294434 0.00183541
0.0294922 0.00183543

0.0294922 0.00183543
0.029541 0.00183544

0.029541 0.00183544
0.0295898 0.00183546

0.0295898 0.00183546
0.0296387 0.00183547

0.0296387 0.00183547
0.0296875 0.00183549

0.0296875 0.00183549
0.0297363 0.0018355

0.0297363 0.0018355
0.0297852 0.00183552

0.0297852 0.00183552
0.029834 0.00183553

0.029834 0.00183553
0.0298828 0.00183555

0.0298828 0.00183555
0.0299316 0.00183556

0.0299316 0.00183556
0.0299805 0.00183558

0.0299805 0.00183558
0.0300293 0.00183559

0.0300293 0.00183559
0.0300781 0.0018356

0.0300781 0.0018356
0.030127 0.00183562

0.030127 0.00183562
0.0301758 0.00183563

0.0301758 0.00183563
0.0302246 0.00183565

0.0302246 0.00183565
0.0302734 0.00183566

0.0302734 0.00183566
0.0303223 0.00183567

0.0303223 0.00183567
0.0303711 0.00183569

0.0303711 0.00183569
0.0304199 0.0018357

0.0304199 0.0018357
0.0304687 0.00183572

0.0304688 0.00183572
0.0305176 0.00183573

0.0305176 0.00183573
0.0305664 0.00183574

0.0305664 0.00183574
0.0306152 0.00183576

0.0306152 0.00183576
0.0306641 0.00183577

0.0306641 0.00183577
0.0307129 0.00183578

0.0307129 0.00183578
0.0307617 0.0018358

0.0307617 0.0018358
0.0308105 0.00183581

0.0308105 0.00183581
0.0308594 0.00183582

0.0308594 0.00183582
0.0309082 0.00183584

0.0309082 0.00183584
0.030957 0.00183585

0.030957 0.00183585
0.0310059 0.00183586

0.0310059 0.00183586
0.0310547 0.00183588

0.0310547 0.00183588
0.0311035 0.00183589

0.0311035 0.00183589
0.0311523 0.0018359

0.0311523 0.0018359
0.0312012 0.00183591

0.0312012 0.00183591
0.03125 0.00183593

0.03125 0.00183593
0.0312988 0.00183594

0.0312988 0.00183594
0.0313477 0.00183595

0.0313477 0.00183595
0.0313965 0.00183596

0.0313965 0.00183596
0.0314453 0.00183597

0.0314453 0.00183597
0.0314941 0.00183599

0.0314941 0.00183599
0.031543 0.001836

0.031543 0.001836
0.0315918 0.00183601

0.0315918 0.00183601
0.0316406 0.00183602

0.0316406 0.00183602
0.0316895 0.00183604

0.0316895 0.00183604
0.0317383 0.00183605

0.0317383 0.00183605
0.0317871 0.00183606

0.0317871 0.00183606
0.0318359 0.00183607

0.0318359 0.00183607
0.0318848 0.00183609

0.0318848 0.00183609
0.0319336 0.0018361

0.0319336 0.0018361
0.0319824 0.00183611

0.0319824 0.00183611
0.0320312 0.00183612

0.0320313 0.00183612
0.0320801 0.00183613

0.0320801 0.00183613
0.0321289 0.00183615

0.0321289 0.00183615
0.0321777 0.00183616

0.0321777 0.00183616
0.0322266 0.00183617

0.0322266 0.00183617
0.0322754 0.00183618

0.0322754 0.00183618
0.0323242 0.0018362

0.0323242 0.0018362
0.032373 0.00183621

0.032373 0.00183621
0.0324219 0.00183622

0.0324219 0.00183622
0.0324707 0.00183623

0.0324707 0.00183623
0.0325195 0.00183625

0.0325195 0.00183625
0.0325684 0.00183626

0.0325684 0.00183626
0.0326172 0.00183627

0.0326172 0.00183627
0.032666 0.00183628

0.032666 0.00183628
0.0327148 0.0018363

0.0327148 0.0018363
0.0327637 0.00183631

0.0327637 0.00183631
0.0328125 0.00183632

0.0328125 0.00183632
0.0328613 0.00183634

0.0328613 0.00183634
0.0329102 0.00183635

0.0329102 0.00183635
0.032959 0.00183636

0.032959 0.00183636
0.0330078 0.00183637

0.0330078 0.00183637
0.0330566 0.00183639

0.0330566 0.00183639
0.0331055 0.0018364

0.0331055 0.0018364
0.0331543 0.00183641

0.0331543 0.00183641
0.0332031 0.00183642

0.0332031 0.00183642
0.033252 0.00183644

0.033252 0.00183644
0.0333008 0.00183645

0.0333008 0.00183645
0.0333496 0.00183646

0.0333496 0.00183646
0.0333984 0.00183647

0.0333984 0.00183647
0.0334473 0.00183648

0.0334473 0.00183648
0.0334961 0.0018365

0.0334961 0.0018365
0.0335449 0.00183651

0.0335449 0.00183651
0.0335937 0.00183652

0.0335938 0.00183652
0.0336426 0.00183653

0.0336426 0.00183653
0.0336914 0.00183654

0.0336914 0.00183654
0.0337402 0.00183655

0.0337402 0.00183655
0.0337891 0.00183657

0.0337891 0.00183657
0.0338379 0.00183658

0.0338379 0.00183658
0.0338867 0.00183659

0.0338867 0.00183659
0.0339355 0.0018366

0.0339355 0.0018366
0.0339844 0.00183661

0.0339844 0.00183661
0.0340332 0.00183662

0.0340332 0.00183662
0.034082 0.00183664

0.034082 0.00183664
0.0341309 0.00183665

0.0341309 0.00183665
0.0341797 0.00183666

0.0341797 0.00183666
0.0342285 0.00183667

0.0342285 0.00183667
0.0342773 0.00183668

0.0342773 0.00183668
0.0343262 0.00183669

0.0343262 0.00183669
0.034375 0.00183671

0.034375 0.00183671
0.0344238 0.00183672

0.0344238 0.00183672
0.0344727 0.00183673

0.0344727 0.00183673
0.0345215 0.00183674

0.0345215 0.00183674
0.0345703 0.00183675

0.0345703 0.00183675
0.0346191 0.00183677

0.0346191 0.00183677
0.034668 0.00183678

0.034668 0.00183678
0.0347168 0.00183679

0.0347168 0.00183679
0.0347656 0.0018368

0.0347656 0.0018368
0.0348145 0.00183681

0.0348145 0.00183681
0.0348633 0.00183683

0.0348633 0.00183683
0.0349121 0.00183684

0.0349121 0.00183684
0.0349609 0.00183685

0.0349609 0.00183685
0.0350098 0.00183686

0.0350098 0.00183686
0.0350586 0.00183688

0.0350586 0.00183688
0.0351074 0.00183689

0.0351074 0.00183689
0.0351562 0.0018369

0.0351562 0.0018369
0.0352051 0.00183691

0.0352051 0.00183691
0.0352539 0.00183693

0.0352539 0.00183693
0.0353027 0.00183694

0.0353027 0.00183694
0.0353516 0.00183695

0.0353516 0.00183695
0.0354004 0.00183696

0.0354004 0.00183696
0.0354492 0.00183698

0.0354492 0.00183698
0.035498 0.00183699

0.035498 0.00183699
0.0355469 0.001837

0.0355469 0.001837
0.0355957 0.00183702

0.0355957 0.00183702
0.0356445 0.00183703

0.0356445 0.00183703
0.0356934 0.00183704

0.0356934 0.00183704
0.0357422 0.00183705

0.0357422 0.00183705
0.035791 0.00183707

0.035791 0.00183707
0.0358398 0.00183708

0.0358398 0.00183708
0.0358887 0.00183709

0.0358887 0.00183709
0.0359375 0.0018371

0.0359375 0.0018371
0.0359863 0.00183712

0.0359863 0.00183712
0.0360352 0.00183713

0.0360352 0.00183713
0.036084 0.00183714

0.036084 0.00183714
0.0361328 0.00183715

0.0361328 0.00183715
0.0361816 0.00183717

0.0361816 0.00183717
0.0362305 0.00183718

0.0362305 0.00183718
0.0362793 0.00183719

0.0362793 0.00183719
0.0363281 0.00183721

0.0363281 0.00183721
0.036377 0.00183722

0.036377 0.00183722
0.0364258 0.00183723

0.0364258 0.00183723
0.0364746 0.00183724

0.0364746 0.00183724
0.0365234 0.00183726

0.0365234 0.00183726
0.0365723 0.00183727

0.0365723 0.00183727
0.0366211 0.00183728

0.0366211 0.00183728
0.0366699 0.0018373

0.0366699 0.0018373
0.0367188 0.00183731

0.0367188 0.00183731
0.0367676 0.00183732

0.0367676 0.00183732
0.0368164 0.00183734

0.0368164 0.00183734
0.0368652 0.00183735

0.0368652 0.00183735
0.0369141 0.00183736

0.0369141 0.00183736
0.0369629 0.00183737

0.0369629 0.00183737
0.0370117 0.00183739

0.0370117 0.00183739
0.0370605 0.0018374

0.0370605 0.0018374
0.0371094 0.00183741

0.0371094 0.00183741
0.0371582 0.00183743

0.0371582 0.00183743
0.037207 0.00183744

0.037207 0.00183744
0.0372559 0.00183745

0.0372559 0.00183745
0.0373047 0.00183746

0.0373047 0.00183746
0.0373535 0.00183748

0.0373535 0.00183748
0.0374023 0.00183749

0.0374023 0.00183749
0.0374512 0.0018375

0.0374512 0.0018375
0.0375 0.00183751

0.0375 0.00183751
0.0375488 0.00183753

0.0375488 0.00183753
0.0375977 0.00183754

0.0375977 0.00183754
0.0376465 0.00183755

0.0376465 0.00183755
0.0376953 0.00183757

0.0376953 0.00183757
0.0377441 0.00183758

0.0377441 0.00183758
0.037793 0.00183759

0.037793 0.00183759
0.0378418 0.0018376

0.0378418 0.0018376
0.0378906 0.00183762

0.0378906 0.00183762
0.0379395 0.00183763

0.0379395 0.00183763
0.0379883 0.00183764

0.0379883 0.00183764
0.0380371 0.00183765

0.0380371 0.00183765
0.0380859 0.00183766

0.0380859 0.00183766
0.0381348 0.00183768

0.0381348 0.00183768
0.0381836 0.00183769

0.0381836 0.00183769
0.0382324 0.0018377

0.0382324 0.0018377
0.0382813 0.00183771

0.0382813 0.00183771
0.0383301 0.00183773

0.0383301 0.00183773
0.0383789 0.00183774

0.0383789 0.00183774
0.0384277 0.00183775

0.0384277 0.00183775
0.0384766 0.00183776

0.0384766 0.00183776
0.0385254 0.00183778

0.0385254 0.00183778
0.0385742 0.00183779

0.0385742 0.00183779
0.038623 0.0018378

0.038623 0.0018378
0.0386719 0.00183781

0.0386719 0.00183781
0.0387207 0.00183782

0.0387207 0.00183782
0.0387695 0.00183784

0.0387695 0.00183784
0.0388184 0.00183785

0.0388184 0.00183785
0.0388672 0.00183786

0.0388672 0.00183786
0.038916 0.00183787

0.038916 0.00183787
0.0389648 0.00183788

0.0389648 0.00183788
0.0390137 0.0018379

0.0390137 0.0018379
0.0390625 0.00183791

0.0390625 0.00183791
0.0391113 0.00183792

0.0391113 0.00183792
0.0391602 0.00183793

0.0391602 0.00183793
0.039209 0.00183794

0.039209 0.00183794
0.0392578 0.00183795

0.0392578 0.00183795
0.0393066 0.00183797

0.0393066 0.00183797
0.0393555 0.00183798

0.0393555 0.00183798
0.0394043 0.00183799

0.0394043 0.00183799
0.0394531 0.001838

0.0394531 0.001838
0.039502 0.00183801

0.039502 0.00183801
0.0395508 0.00183802

0.0395508 0.00183802
0.0395996 0.00183803

0.0395996 0.00183803
0.0396484 0.00183804

0.0396484 0.00183804
0.0396973 0.00183806

0.0396973 0.00183806
0.0397461 0.00183807

0.0397461 0.00183807
0.0397949 0.00183808

0.0397949 0.00183808
0.0398438 0.00183809

0.0398438 0.00183809
0.0398926 0.0018381

0.0398926 0.0018381
0.0399414 0.00183811

0.0399414 0.00183811
0.0399902 0.00183812

0.0399902 0.00183812
0.0400391 0.00183813

0.0400391 0.00183813
0.0400879 0.00183814

0.0400879 0.00183814
0.0401367 0.00183815

0.0401367 0.00183815
0.0401855 0.00183817

0.0401855 0.00183817
0.0402344 0.00183818

0.0402344 0.00183818
0.0402832 0.00183819

0.0402832 0.00183819
0.040332 0.0018382

0.040332 0.0018382
0.0403809 0.00183821

0.0403809 0.00183821
0.0404297 0.00183822

0.0404297 0.00183822
0.0404785 0.00183823

0.0404785 0.00183823
0.0405273 0.00183824

0.0405273 0.00183824
0.0405762 0.00183825

0.0405762 0.00183825
0.040625 0.00183826

0.040625 0.00183826
0.0406738 0.00183827

0.0406738 0.00183827
0.0407227 0.00183828

0.0407227 0.00183828
0.0407715 0.00183829

0.0407715 0.00183829
0.0408203 0.0018383

0.0408203 0.0018383
0.0408691 0.00183831

0.0408691 0.00183831
0.040918 0.00183832

0.040918 0.00183832
0.0409668 0.00183833

0.0409668 0.00183833
0.0410156 0.00183834

0.0410156 0.00183834
0.0410645 0.00183835

0.0410645 0.00183835
0.0411133 0.00183836

0.0411133 0.00183836
0.0411621 0.00183838

0.0411621 0.00183838
0.0412109 0.00183839

0.0412109 0.00183839
0.0412598 0.0018384

0.0412598 0.0018384
0.0413086 0.00183841

0.0413086 0.00183841
0.0413574 0.00183842

0.0413574 0.00183842
0.0414062 0.00183843

0.0414063 0.00183843
0.0414551 0.00183844

0.0414551 0.00183844
0.0415039 0.00183845

0.0415039 0.00183845
0.0415527 0.00183846

0.0415527 0.00183846
0.0416016 0.00183847

0.0416016 0.00183847
0.0416504 0.00183848

0.0416504 0.00183848
0.0416992 0.00183849

0.0416992 0.00183849
0.041748 0.0018385

0.041748 0.0018385
0.0417969 0.00183851

0.0417969 0.00183851
0.0418457 0.00183852

0.0418457 0.00183852
0.0418945 0.00183853

0.0418945 0.00183853
0.0419434 0.00183854

0.0419434 0.00183854
0.0419922 0.00183855

0.0419922 0.00183855
0.042041 0.00183856

0.042041 0.00183856
0.0420898 0.00183857

0.0420898 0.00183857
0.0421387 0.00183858

0.0421387 0.00183858
0.0421875 0.00183859

0.0421875 0.00183859
0.0422363 0.0018386

0.0422363 0.0018386
0.0422852 0.00183861

0.0422852 0.00183861
0.042334 0.00183862

0.042334 0.00183862
0.0423828 0.00183863

0.0423828 0.00183863
0.0424316 0.00183864

0.0424316 0.00183864
0.0424805 0.00183865

0.0424805 0.00183865
0.0425293 0.00183866

0.0425293 0.00183866
0.0425781 0.00183867

0.0425781 0.00183867
0.042627 0.00183868

0.042627 0.00183868
0.0426758 0.00183869

0.0426758 0.00183869
0.0427246 0.0018387

0.0427246 0.0018387
0.0427734 0.00183871

0.0427734 0.00183871
0.0428223 0.00183872

0.0428223 0.00183872
0.0428711 0.00183874

0.0428711 0.00183874
0.0429199 0.00183875

0.0429199 0.00183875
0.0429688 0.00183876

0.0429688 0.00183876
0.0430176 0.00183877

0.0430176 0.00183877
0.0430664 0.00183878

0.0430664 0.00183878
0.0431152 0.00183879

0.0431152 0.00183879
0.0431641 0.0018388

0.0431641 0.0018388
0.0432129 0.00183881

0.0432129 0.00183881
0.0432617 0.00183882

0.0432617 0.00183882
0.0433105 0.00183883

0.0433105 0.00183883
0.0433594 0.00183884

0.0433594 0.00183884
0.0434082 0.00183885

0.0434082 0.00183885
0.043457 0.00183886

0.043457 0.00183886
0.0435059 0.00183887

0.0435059 0.00183887
0.0435547 0.00183888

0.0435547 0.00183888
0.0436035 0.00183889

0.0436035 0.00183889
0.0436523 0.0018389

0.0436523 0.0018389
0.0437012 0.00183891

0.0437012 0.00183891
0.04375 0.00183892

0.04375 0.00183892
0.0437988 0.00183893

0.0437988 0.00183893
0.0438477 0.00183894

0.0438477 0.00183894
0.0438965 0.00183895

0.0438965 0.00183895
0.0439453 0.00183896

0.0439453 0.00183896
0.0439941 0.00183897

0.0439941 0.00183897
0.044043 0.00183898

0.044043 0.00183898
0.0440918 0.00183899

0.0440918 0.00183899
0.0441406 0.001839

0.0441406 0.001839
0.0441895 0.00183901

0.0441895 0.00183901
0.0442383 0.00183902

0.0442383 0.00183902
0.0442871 0.00183903

0.0442871 0.00183903
0.0443359 0.00183904

0.0443359 0.00183904
0.0443848 0.00183904

0.0443848 0.00183904
0.0444336 0.00183905

0.0444336 0.00183905
0.0444824 0.00183906

0.0444824 0.00183906
0.0445313 0.00183907

0.0445313 0.00183907
0.0445801 0.00183908

0.0445801 0.00183908
0.0446289 0.00183909

0.0446289 0.00183909
0.0446777 0.0018391

0.0446777 0.0018391
0.0447266 0.00183911

0.0447266 0.00183911
0.0447754 0.00183912

0.0447754 0.00183912
0.0448242 0.00183913

0.0448242 0.00183913
0.044873 0.00183914

0.044873 0.00183914
0.0449219 0.00183915

0.0449219 0.00183915
0.0449707 0.00183916

0.0449707 0.00183916
0.0450195 0.00183917

0.0450195 0.00183917
0.0450684 0.00183918

0.0450684 0.00183918
0.0451172 0.00183919

0.0451172 0.00183919
0.045166 0.0018392

0.045166 0.0018392
0.0452148 0.0018392

0.0452148 0.0018392
0.0452637 0.00183921

0.0452637 0.00183921
0.0453125 0.00183922

0.0453125 0.00183922
0.0453613 0.00183923

0.0453613 0.00183923
0.0454102 0.00183924

0.0454102 0.00183924
0.045459 0.00183925

0.045459 0.00183925
0.0455078 0.00183926

0.0455078 0.00183926
0.0455566 0.00183927

0.0455566 0.00183927
0.0456055 0.00183928

0.0456055 0.00183928
0.0456543 0.00183929

0.0456543 0.00183929
0.0457031 0.0018393

0.0457031 0.0018393
0.045752 0.0018393

0.045752 0.0018393
0.0458008 0.00183931

0.0458008 0.00183931
0.0458496 0.00183932

0.0458496 0.00183932
0.0458984 0.00183933

0.0458984 0.00183933
0.0459473 0.00183934

0.0459473 0.00183934
0.0459961 0.00183935

0.0459961 0.00183935
0.0460449 0.00183936

0.0460449 0.00183936
0.0460938 0.00183937

0.0460938 0.00183937
0.0461426 0.00183938

0.0461426 0.00183938
0.0461914 0.00183939

0.0461914 0.00183939
0.0462402 0.00183939

0.0462402 0.00183939
0.0462891 0.0018394

0.0462891 0.0018394
0.0463379 0.00183941

0.0463379 0.00183941
0.0463867 0.00183942

0.0463867 0.00183942
0.0464355 0.00183943

0.0464355 0.00183943
0.0464844 0.00183944

0.0464844 0.00183944
0.0465332 0.00183945

0.0465332 0.00183945
0.046582 0.00183946

0.046582 0.00183946
0.0466309 0.00183946

0.0466309 0.00183946
0.0466797 0.00183947

0.0466797 0.00183947
0.0467285 0.00183948

0.0467285 0.00183948
0.0467773 0.00183949

0.0467773 0.00183949
0.0468262 0.0018395

0.0468262 0.0018395
0.046875 0.00183951

0.046875 0.00183951
0.0469238 0.00183952

0.0469238 0.00183952
0.0469727 0.00183953

0.0469727 0.00183953
0.0470215 0.00183953

0.0470215 0.00183953
0.0470703 0.00183954

0.0470703 0.00183954
0.0471191 0.00183955

0.0471191 0.00183955
0.047168 0.00183956

0.047168 0.00183956
0.0472168 0.00183957

0.0472168 0.00183957
0.0472656 0.00183958

0.0472656 0.00183958
0.0473145 0.00183959

0.0473145 0.00183959
0.0473633 0.00183959

0.0473633 0.00183959
0.0474121 0.0018396

0.0474121 0.0018396
0.0474609 0.00183961

0.0474609 0.00183961
0.0475098 0.00183962

0.0475098 0.00183962
0.0475586 0.00183963

0.0475586 0.00183963
0.0476074 0.00183964

0.0476074 0.00183964
0.0476563 0.00183965

0.0476563 0.00183965
0.0477051 0.00183965

0.0477051 0.00183965
0.0477539 0.00183966

0.0477539 0.00183966
0.0478027 0.00183967

0.0478027 0.00183967
0.0478516 0.00183968

0.0478516 0.00183968
0.0479004 0.00183969

0.0479004 0.00183969
0.0479492 0.0018397

0.0479492 0.0018397
0.047998 0.0018397

0.047998 0.0018397
0.0480469 0.00183971

0.0480469 0.00183971
0.0480957 0.00183972

0.0480957 0.00183972
0.0481445 0.00183973

0.0481445 0.00183973
0.0481934 0.00183974

0.0481934 0.00183974
0.0482422 0.00183975

0.0482422 0.00183975
0.048291 0.00183976

0.048291 0.00183976
0.0483398 0.00183976

0.0483398 0.00183976
0.0483887 0.00183977

0.0483887 0.00183977
0.0484375 0.00183978

0.0484375 0.00183978
0.0484863 0.00183979

0.0484863 0.00183979
0.0485352 0.0018398

0.0485352 0.0018398
0.048584 0.00183981

0.048584 0.00183981
0.0486328 0.00183981

0.0486328 0.00183981
0.0486816 0.00183982

0.0486816 0.00183982
0.0487305 0.00183983

0.0487305 0.00183983
0.0487793 0.00183984

0.0487793 0.00183984
0.0488281 0.00183985

0.0488281 0.00183985
0.048877 0.00183986

0.048877 0.00183986
0.0489258 0.00183986

0.0489258 0.00183986
0.0489746 0.00183987

0.0489746 0.00183987
0.0490234 0.00183988

0.0490234 0.00183988
0.0490723 0.00183989

0.0490723 0.00183989
0.0491211 0.0018399

0.0491211 0.0018399
0.0491699 0.00183991

0.0491699 0.00183991
0.0492187 0.00183991

0.0492188 0.00183991
0.0492676 0.00183992

0.0492676 0.00183992
0.0493164 0.00183993

0.0493164 0.00183993
0.0493652 0.00183994

0.0493652 0.00183994
0.0494141 0.00183995

0.0494141 0.00183995
0.0494629 0.00183996

0.0494629 0.00183996
0.0495117 0.00183996

0.0495117 0.00183996
0.0495605 0.00183997

0.0495605 0.00183997
0.0496094 0.00183998

0.0496094 0.00183998
0.0496582 0.00183999

0.0496582 0.00183999
0.049707 0.00184

0.049707 0.00184
0.0497559 0.00184001

0.0497559 0.00184001
0.0498047 0.00184002

0.0498047 0.00184002
0.0498535 0.00184002

0.0498535 0.00184002
0.0499023 0.00184003

0.0499023 0.00184003
0.0499512 0.00184004

0.0499512 0.00184004
0.05 0.00184005

0.05 0.00184005
0.0500488 0.00184006

0.0500488 0.00184006
0.0500977 0.00184007

0.0500977 0.00184007
0.0501465 0.00184008

0.0501465 0.00184008
0.0501953 0.00184009

0.0501953 0.00184009
0.0502441 0.00184009

0.0502441 0.00184009
0.050293 0.0018401

0.050293 0.0018401
0.0503418 0.00184011

0.0503418 0.00184011
0.0503906 0.00184012

0.0503906 0.00184012
0.0504395 0.00184013

0.0504395 0.00184013
0.0504883 0.00184014

0.0504883 0.00184014
0.0505371 0.00184015

0.0505371 0.00184015
0.0505859 0.00184016

0.0505859 0.00184016
0.0506348 0.00184016

0.0506348 0.00184016
0.0506836 0.00184017

0.0506836 0.00184017
0.0507324 0.00184018

0.0507324 0.00184018
0.0507812 0.00184019

0.0507813 0.00184019
0.0508301 0.0018402

0.0508301 0.0018402
0.0508789 0.00184021

0.0508789 0.00184021
0.0509277 0.00184022

0.0509277 0.00184022
0.0509766 0.00184023

0.0509766 0.00184023
0.0510254 0.00184024

0.0510254 0.00184024
0.0510742 0.00184025

0.0510742 0.00184025
0.051123 0.00184025

0.051123 0.00184025
0.0511719 0.00184026

0.0511719 0.00184026
0.0512207 0.00184027

0.0512207 0.00184027
0.0512695 0.00184028

0.0512695 0.00184028
0.0513184 0.00184029

0.0513184 0.00184029
0.0513672 0.0018403

0.0513672 0.0018403
0.051416 0.00184031

0.051416 0.00184031
0.0514648 0.00184032

0.0514648 0.00184032
0.0515137 0.00184033

0.0515137 0.00184033
0.0515625 0.00184034

0.0515625 0.00184034
0.0516113 0.00184035

0.0516113 0.00184035
0.0516602 0.00184036

0.0516602 0.00184036
0.051709 0.00184037

0.051709 0.00184037
0.0517578 0.00184037

0.0517578 0.00184037
0.0518066 0.00184038

0.0518066 0.00184038
0.0518555 0.00184039

0.0518555 0.00184039
0.0519043 0.0018404

0.0519043 0.0018404
0.0519531 0.00184041

0.0519531 0.00184041
0.052002 0.00184042

0.052002 0.00184042
0.0520508 0.00184043

0.0520508 0.00184043
0.0520996 0.00184044

0.0520996 0.00184044
0.0521484 0.00184045

0.0521484 0.00184045
0.0521973 0.00184046

0.0521973 0.00184046
0.0522461 0.00184047

0.0522461 0.00184047
0.0522949 0.00184048

0.0522949 0.00184048
0.0523438 0.00184049

0.0523438 0.00184049
0.0523926 0.0018405

0.0523926 0.0018405
0.0524414 0.00184051

0.0524414 0.00184051
0.0524902 0.00184052

0.0524902 0.00184052
0.0525391 0.00184053

0.0525391 0.00184053
0.0525879 0.00184054

0.0525879 0.00184054
0.0526367 0.00184055

0.0526367 0.00184055
0.0526855 0.00184056

0.0526855 0.00184056
0.0527344 0.00184057

0.0527344 0.00184057
0.0527832 0.00184057

0.0527832 0.00184057
0.052832 0.00184058

0.052832 0.00184058
0.0528809 0.00184059

0.0528809 0.00184059
0.0529297 0.0018406

0.0529297 0.0018406
0.0529785 0.00184061

0.0529785 0.00184061
0.0530273 0.00184062

0.0530273 0.00184062
0.0530762 0.00184063

0.0530762 0.00184063
0.053125 0.00184064

0.053125 0.00184064
0.0531738 0.00184065

0.0531738 0.00184065
0.0532227 0.00184066

0.0532227 0.00184066
0.0532715 0.00184067

0.0532715 0.00184067
0.0533203 0.00184068

0.0533203 0.00184068
0.0533691 0.00184069

0.0533691 0.00184069
0.053418 0.0018407

0.053418 0.0018407
0.0534668 0.00184071

0.0534668 0.00184071
0.0535156 0.00184072

0.0535156 0.00184072
0.0535645 0.00184073

0.0535645 0.00184073
0.0536133 0.00184073

0.0536133 0.00184073
0.0536621 0.00184074

0.0536621 0.00184074
0.0537109 0.00184075

0.0537109 0.00184075
0.0537598 0.00184076

0.0537598 0.00184076
0.0538086 0.00184077

0.0538086 0.00184077
0.0538574 0.00184078

0.0538574 0.00184078
0.0539063 0.00184079

0.0539063 0.00184079
0.0539551 0.0018408

0.0539551 0.0018408
0.0540039 0.00184081

0.0540039 0.00184081
0.0540527 0.00184082

0.0540527 0.00184082
0.0541016 0.00184082

0.0541016 0.00184082
0.0541504 0.00184083

0.0541504 0.00184083
0.0541992 0.00184084

0.0541992 0.00184084
0.054248 0.00184085

0.054248 0.00184085
0.0542969 0.00184086

0.0542969 0.00184086
0.0543457 0.00184087

0.0543457 0.00184087
0.0543945 0.00184088

0.0543945 0.00184088
0.0544434 0.00184088

0.0544434 0.00184088
0.0544922 0.00184089

0.0544922 0.00184089
0.054541 0.0018409

0.054541 0.0018409
0.0545898 0.00184091

0.0545898 0.00184091
0.0546387 0.00184092

0.0546387 0.00184092
0.0546875 0.00184093

0.0546875 0.00184093
0.0547363 0.00184093

0.0547363 0.00184093
0.0547852 0.00184094

0.0547852 0.00184094
0.054834 0.00184095

0.054834 0.00184095
0.0548828 0.00184096

0.0548828 0.00184096
0.0549316 0.00184096

0.0549316 0.00184096
0.0549805 0.00184097

0.0549805 0.00184097
0.0550293 0.00184098

0.0550293 0.00184098
0.0550781 0.00184099

0.0550781 0.00184099
0.055127 0.00184099

0.055127 0.00184099
0.0551758 0.001841

0.0551758 0.001841
0.0552246 0.00184101

0.0552246 0.00184101
0.0552734 0.00184102

0.0552734 0.00184102
0.0553223 0.00184102

0.0553223 0.00184102
0.0553711 0.00184103

0.0553711 0.00184103
0.0554199 0.00184104

0.0554199 0.00184104
0.0554688 0.00184104

0.0554688 0.00184104
0.0555176 0.00184105

0.0555176 0.00184105
0.0555664 0.00184106

0.0555664 0.00184106
0.0556152 0.00184106

0.0556152 0.00184106
0.0556641 0.00184107

0.0556641 0.00184107
0.0557129 0.00184107

0.0557129 0.00184107
0.0557617 0.00184108

0.0557617 0.00184108
0.0558105 0.00184109

0.0558105 0.00184109
0.0558594 0.00184109

0.0558594 0.00184109
0.0559082 0.0018411

0.0559082 0.0018411
0.055957 0.0018411

0.055957 0.0018411
0.0560059 0.00184111

0.0560059 0.00184111
0.0560547 0.00184112

0.0560547 0.00184112
0.0561035 0.00184112

0.0561035 0.00184112
0.0561523 0.00184113

0.0561523 0.00184113
0.0562012 0.00184113

0.0562012 0.00184113
0.05625 0.00184114

0.05625 0.00184114
0.0562988 0.00184114

0.0562988 0.00184114
0.0563477 0.00184115

0.0563477 0.00184115
0.0563965 0.00184115

0.0563965 0.00184115
0.0564453 0.00184116

0.0564453 0.00184116
0.0564941 0.00184116

0.0564941 0.00184116
0.056543 0.00184117

0.056543 0.00184117
0.0565918 0.00184117

0.0565918 0.00184117
0.0566406 0.00184118

0.0566406 0.00184118
0.0566895 0.00184118

0.0566895 0.00184118
0.0567383 0.00184119

0.0567383 0.00184119
0.0567871 0.00184119

0.0567871 0.00184119
0.0568359 0.00184119

0.0568359 0.00184119
0.0568848 0.0018412

0.0568848 0.0018412
0.0569336 0.0018412

0.0569336 0.0018412
0.0569824 0.00184121

0.0569824 0.00184121
0.0570312 0.00184121

0.0570313 0.00184121
0.0570801 0.00184121

0.0570801 0.00184121
0.0571289 0.00184122

0.0571289 0.00184122
0.0571777 0.00184122

0.0571777 0.00184122
0.0572266 0.00184123

0.0572266 0.00184123
0.0572754 0.00184123

0.0572754 0.00184123
0.0573242 0.00184123

0.0573242 0.00184123
0.057373 0.00184124

0.057373 0.00184124
0.0574219 0.00184124

0.0574219 0.00184124
0.0574707 0.00184125

0.0574707 0.00184125
0.0575195 0.00184125

0.0575195 0.00184125
0.0575684 0.00184125

0.0575684 0.00184125
0.0576172 0.00184126

0.0576172 0.00184126
0.057666 0.00184126

0.057666 0.00184126
0.0577148 0.00184126

0.0577148 0.00184126
0.0577637 0.00184127

0.0577637 0.00184127
0.0578125 0.00184127

0.0578125 0.00184127
0.0578613 0.00184127

0.0578613 0.00184127
0.0579102 0.00184128

0.0579102 0.00184128
0.057959 0.00184128

0.057959 0.00184128
0.0580078 0.00184128

0.0580078 0.00184128
0.0580566 0.00184129

0.0580566 0.00184129
0.0581055 0.00184129

0.0581055 0.00184129
0.0581543 0.00184129

0.0581543 0.00184129
0.0582031 0.0018413

0.0582031 0.0018413
0.058252 0.0018413

0.058252 0.0018413
0.0583008 0.0018413

0.0583008 0.0018413
0.0583496 0.00184131

0.0583496 0.00184131
0.0583984 0.00184131

0.0583984 0.00184131
0.0584473 0.00184131

0.0584473 0.00184131
0.0584961 0.00184132

0.0584961 0.00184132
0.0585449 0.00184132

0.0585449 0.00184132
0.0585938 0.00184132

0.0585938 0.00184132
0.0586426 0.00184133

0.0586426 0.00184133
0.0586914 0.00184133

0.0586914 0.00184133
0.0587402 0.00184133

0.0587402 0.00184133
0.0587891 0.00184134

0.0587891 0.00184134
0.0588379 0.00184134

0.0588379 0.00184134
0.0588867 0.00184134

0.0588867 0.00184134
0.0589355 0.00184135

0.0589355 0.00184135
0.0589844 0.00184135

0.0589844 0.00184135
0.0590332 0.00184135

0.0590332 0.00184135
0.059082 0.00184136

0.059082 0.00184136
0.0591309 0.00184136

0.0591309 0.00184136
0.0591797 0.00184137

0.0591797 0.00184137
0.0592285 0.00184137

0.0592285 0.00184137
0.0592773 0.00184137

0.0592773 0.00184137
0.0593262 0.00184138

0.0593262 0.00184138
0.059375 0.00184138

0.059375 0.00184138
0.0594238 0.00184138

0.0594238 0.00184138
0.0594727 0.00184139

0.0594727 0.00184139
0.0595215 0.00184139

0.0595215 0.00184139
0.0595703 0.0018414

0.0595703 0.0018414
0.0596191 0.0018414

0.0596191 0.0018414
0.059668 0.0018414

0.059668 0.0018414
0.0597168 0.00184141

0.0597168 0.00184141
0.0597656 0.00184141

0.0597656 0.00184141
0.0598145 0.00184142

0.0598145 0.00184142
0.0598633 0.00184142

0.0598633 0.00184142
0.0599121 0.00184143

0.0599121 0.00184143
0.0599609 0.00184143

0.0599609 0.00184143
0.0600098 0.00184143

0.0600098 0.00184143
0.0600586 0.00184144

0.0600586 0.00184144
0.0601074 0.00184144

0.0601074 0.00184144
0.0601563 0.00184145

0.0601563 0.00184145
0.0602051 0.00184145

0.0602051 0.00184145
0.0602539 0.00184146

0.0602539 0.00184146
0.0603027 0.00184146

0.0603027 0.00184146
0.0603516 0.00184147

0.0603516 0.00184147
0.0604004 0.00184147

0.0604004 0.00184147
0.0604492 0.00184148

0.0604492 0.00184148
0.060498 0.00184148

0.060498 0.00184148
0.0605469 0.00184149

0.0605469 0.00184149
0.0605957 0.00184149

0.0605957 0.00184149
0.0606445 0.0018415

0.0606445 0.0018415
0.0606934 0.0018415

0.0606934 0.0018415
0.0607422 0.00184151

0.0607422 0.00184151
0.060791 0.00184151

0.060791 0.00184151
0.0608398 0.00184152

0.0608398 0.00184152
0.0608887 0.00184152

0.0608887 0.00184152
0.0609375 0.00184153

0.0609375 0.00184153
0.0609863 0.00184153

0.0609863 0.00184153
0.0610352 0.00184154

0.0610352 0.00184154
0.061084 0.00184155

0.061084 0.00184155
0.0611328 0.00184155

0.0611328 0.00184155
0.0611816 0.00184156

0.0611816 0.00184156
0.0612305 0.00184156

0.0612305 0.00184156
0.0612793 0.00184157

0.0612793 0.00184157
0.0613281 0.00184157

0.0613281 0.00184157
0.061377 0.00184158

0.061377 0.00184158
0.0614258 0.00184158

0.0614258 0.00184158
0.0614746 0.00184159

0.0614746 0.00184159
0.0615234 0.0018416

0.0615234 0.0018416
0.0615723 0.0018416

0.0615723 0.0018416
0.0616211 0.00184161

0.0616211 0.00184161
0.0616699 0.00184161

0.0616699 0.00184161
0.0617188 0.00184162

0.0617188 0.00184162
0.0617676 0.00184163

0.0617676 0.00184163
0.0618164 0.00184163

0.0618164 0.00184163
0.0618652 0.00184164

0.0618652 0.00184164
0.0619141 0.00184164

0.0619141 0.00184164
0.0619629 0.00184165

0.0619629 0.00184165
0.0620117 0.00184166

0.0620117 0.00184166
0.0620605 0.00184166

0.0620605 0.00184166
0.0621094 0.00184167

0.0621094 0.00184167
0.0621582 0.00184167

0.0621582 0.00184167
0.062207 0.00184168

0.062207 0.00184168
0.0622559 0.00184169

0.0622559 0.00184169
0.0623047 0.00184169

0.0623047 0.00184169
0.0623535 0.0018417

0.0623535 0.0018417
0.0624023 0.0018417

0.0624023 0.0018417
0.0624512 0.00184171

0.0624512 0.00184171
0.0625 0.00184172

0.0625 0.00184172
0.0625488 0.00184172

0.0625488 0.00184172
0.0625977 0.00184173

0.0625977 0.00184173
0.0626465 0.00184173

0.0626465 0.00184173
0.0626953 0.00184174

0.0626953 0.00184174
0.0627441 0.00184174

0.0627441 0.00184174
0.062793 0.00184175

0.062793 0.00184175
0.0628418 0.00184176

0.0628418 0.00184176
0.0628906 0.00184176

0.0628906 0.00184176
0.0629395 0.00184177

0.0629395 0.00184177
0.0629883 0.00184177

0.0629883 0.00184177
0.0630371 0.00184178

0.0630371 0.00184178
0.0630859 0.00184179

0.0630859 0.00184179
0.0631348 0.00184179

0.0631348 0.00184179
0.0631836 0.0018418

0.0631836 0.0018418
0.0632324 0.0018418

0.0632324 0.0018418
0.0632813 0.00184181

0.0632812 0.00184181
0.0633301 0.00184181

0.0633301 0.00184181
0.0633789 0.00184182

0.0633789 0.00184182
0.0634277 0.00184183

0.0634277 0.00184183
0.0634766 0.00184183

0.0634766 0.00184183
0.0635254 0.00184184

0.0635254 0.00184184
0.0635742 0.00184184

0.0635742 0.00184184
0.063623 0.00184185

0.063623 0.00184185
0.0636719 0.00184185

0.0636719 0.00184185
0.0637207 0.00184186

0.0637207 0.00184186
0.0637695 0.00184186

0.0637695 0.00184186
0.0638184 0.00184187

0.0638184 0.00184187
0.0638672 0.00184187

0.0638672 0.00184187
0.063916 0.00184188

0.063916 0.00184188
0.0639648 0.00184189

0.0639648 0.00184189
0.0640137 0.00184189

0.0640137 0.00184189
0.0640625 0.0018419

0.0640625 0.0018419
0.0641113 0.0018419

0.0641113 0.0018419
0.0641602 0.00184191

0.0641602 0.00184191
0.064209 0.00184191

0.064209 0.00184191
0.0642578 0.00184192

0.0642578 0.00184192
0.0643066 0.00184192

0.0643066 0.00184192
0.0643555 0.00184193

0.0643555 0.00184193
0.0644043 0.00184193

0.0644043 0.00184193
0.0644531 0.00184194

0.0644531 0.00184194
0.064502 0.00184194

0.064502 0.00184194
0.0645508 0.00184195

0.0645508 0.00184195
0.0645996 0.00184195

0.0645996 0.00184195
0.0646484 0.00184196

0.0646484 0.00184196
0.0646973 0.00184196

0.0646973 0.00184196
0.0647461 0.00184197

0.0647461 0.00184197
0.0647949 0.00184197

0.0647949 0.00184197
0.0648438 0.00184198

0.0648437 0.00184198
0.0648926 0.00184198

0.0648926 0.00184198
0.0649414 0.00184199

0.0649414 0.00184199
0.0649902 0.00184199

0.0649902 0.00184199
0.0650391 0.001842

0.0650391 0.001842
0.0650879 0.001842

0.0650879 0.001842
0.0651367 0.00184201

0.0651367 0.00184201
0.0651855 0.00184201

0.0651855 0.00184201
0.0652344 0.00184202

0.0652344 0.00184202
0.0652832 0.00184202

0.0652832 0.00184202
0.065332 0.00184203

0.065332 0.00184203
0.0653809 0.00184203

0.0653809 0.00184203
0.0654297 0.00184204

0.0654297 0.00184204
0.0654785 0.00184204

0.0654785 0.00184204
0.0655273 0.00184204

0.0655273 0.00184204
0.0655762 0.00184205

0.0655762 0.00184205
0.065625 0.00184205

0.065625 0.00184205
0.0656738 0.00184206

0.0656738 0.00184206
0.0657227 0.00184206

0.0657227 0.00184206
0.0657715 0.00184207

0.0657715 0.00184207
0.0658203 0.00184207

0.0658203 0.00184207
0.0658691 0.00184208

0.0658691 0.00184208
0.065918 0.00184208

0.065918 0.00184208
0.0659668 0.00184209

0.0659668 0.00184209
0.0660156 0.00184209

0.0660156 0.00184209
0.0660645 0.0018421

0.0660645 0.0018421
0.0661133 0.0018421

0.0661133 0.0018421
0.0661621 0.00184211

0.0661621 0.00184211
0.0662109 0.00184211

0.0662109 0.00184211
0.0662598 0.00184212

0.0662598 0.00184212
0.0663086 0.00184212

0.0663086 0.00184212
0.0663574 0.00184213

0.0663574 0.00184213
0.0664063 0.00184213

0.0664062 0.00184213
0.0664551 0.00184214

0.0664551 0.00184214
0.0665039 0.00184214

0.0665039 0.00184214
0.0665527 0.00184215

0.0665527 0.00184215
0.0666016 0.00184215

0.0666016 0.00184215
0.0666504 0.00184216

0.0666504 0.00184216
0.0666992 0.00184216

0.0666992 0.00184216
0.066748 0.00184217

0.066748 0.00184217
0.0667969 0.00184217

0.0667969 0.00184217
0.0668457 0.00184218

0.0668457 0.00184218
0.0668945 0.00184218

0.0668945 0.00184218
0.0669434 0.00184219

0.0669434 0.00184219
0.0669922 0.00184219

0.0669922 0.00184219
0.067041 0.0018422

0.067041 0.0018422
0.0670898 0.0018422

0.0670898 0.0018422
0.0671387 0.00184221

0.0671387 0.00184221
0.0671875 0.00184221

0.0671875 0.00184221
0.0672363 0.00184222

0.0672363 0.00184222
0.0672852 0.00184222

0.0672852 0.00184222
0.067334 0.00184223

0.067334 0.00184223
0.0673828 0.00184223

0.0673828 0.00184223
0.0674316 0.00184224

0.0674316 0.00184224
0.0674805 0.00184224

0.0674805 0.00184224
0.0675293 0.00184225

0.0675293 0.00184225
0.0675781 0.00184225

0.0675781 0.00184225
0.067627 0.00184226

0.067627 0.00184226
0.0676758 0.00184226

0.0676758 0.00184226
0.0677246 0.00184227

0.0677246 0.00184227
0.0677734 0.00184227

0.0677734 0.00184227
0.0678223 0.00184227

0.0678223 0.00184227
0.0678711 0.00184228

0.0678711 0.00184228
0.0679199 0.00184228

0.0679199 0.00184228
0.0679688 0.00184229

0.0679687 0.00184229
0.0680176 0.00184229

0.0680176 0.00184229
0.0680664 0.0018423

0.0680664 0.0018423
0.0681152 0.0018423

0.0681152 0.0018423
0.0681641 0.0018423

0.0681641 0.0018423
0.0682129 0.00184231

0.0682129 0.00184231
0.0682617 0.00184231

0.0682617 0.00184231
0.0683105 0.00184231

0.0683105 0.00184231
0.0683594 0.00184232

0.0683594 0.00184232
0.0684082 0.00184232

0.0684082 0.00184232
0.068457 0.00184233

0.068457 0.00184233
0.0685059 0.00184233

0.0685059 0.00184233
0.0685547 0.00184233

0.0685547 0.00184233
0.0686035 0.00184234

0.0686035 0.00184234
0.0686523 0.00184234

0.0686523 0.00184234
0.0687012 0.00184234

0.0687012 0.00184234
0.06875 0.00184235

0.06875 0.00184235
0.0687988 0.00184235

0.0687988 0.00184235
0.0688477 0.00184235

0.0688477 0.00184235
0.0688965 0.00184236

0.0688965 0.00184236
0.0689453 0.00184236

0.0689453 0.00184236
0.0689941 0.00184236

0.0689941 0.00184236
0.069043 0.00184237

0.069043 0.00184237
0.0690918 0.00184237

0.0690918 0.00184237
0.0691406 0.00184237

0.0691406 0.00184237
0.0691895 0.00184237

0.0691895 0.00184237
0.0692383 0.00184238

0.0692383 0.00184238
0.0692871 0.00184238

0.0692871 0.00184238
0.0693359 0.00184238

0.0693359 0.00184238
0.0693848 0.00184239

0.0693848 0.00184239
0.0694336 0.00184239

0.0694336 0.00184239
0.0694824 0.00184239

0.0694824 0.00184239
0.0695313 0.00184239

0.0695313 0.00184239
0.0695801 0.0018424

0.0695801 0.0018424
0.0696289 0.0018424

0.0696289 0.0018424
0.0696777 0.0018424

0.0696777 0.0018424
0.0697266 0.0018424

0.0697266 0.0018424
0.0697754 0.00184241

0.0697754 0.00184241
0.0698242 0.00184241

0.0698242 0.00184241
0.069873 0.00184241

0.069873 0.00184241
0.0699219 0.00184242

0.0699219 0.00184242
0.0699707 0.00184242

0.0699707 0.00184242
0.0700195 0.00184242

0.0700195 0.00184242
0.0700684 0.00184242

0.0700684 0.00184242
0.0701172 0.00184243

0.0701172 0.00184243
0.070166 0.00184243

0.070166 0.00184243
0.0702148 0.00184243

0.0702148 0.00184243
0.0702637 0.00184244

0.0702637 0.00184244
0.0703125 0.00184244

0.0703125 0.00184244
0.0703613 0.00184244

0.0703613 0.00184244
0.0704102 0.00184245

0.0704102 0.00184245
0.070459 0.00184245

0.070459 0.00184245
0.0705078 0.00184245

0.0705078 0.00184245
0.0705566 0.00184246

0.0705566 0.00184246
0.0706055 0.00184246

0.0706055 0.00184246
0.0706543 0.00184246

0.0706543 0.00184246
0.0707031 0.00184247

0.0707031 0.00184247
0.070752 0.00184247

0.070752 0.00184247
0.0708008 0.00184247

0.0708008 0.00184247
0.0708496 0.00184248

0.0708496 0.00184248
0.0708984 0.00184248

0.0708984 0.00184248
0.0709473 0.00184249

0.0709473 0.00184249
0.0709961 0.00184249

0.0709961 0.00184249
0.0710449 0.00184249

0.0710449 0.00184249
0.0710938 0.0018425

0.0710937 0.0018425
0.0711426 0.0018425

0.0711426 0.0018425
0.0711914 0.00184251

0.0711914 0.00184251
0.0712402 0.00184251

0.0712402 0.00184251
0.0712891 0.00184252

0.0712891 0.00184252
0.0713379 0.00184252

0.0713379 0.00184252
0.0713867 0.00184252

0.0713867 0.00184252
0.0714355 0.00184253

0.0714355 0.00184253
0.0714844 0.00184253

0.0714844 0.00184253
0.0715332 0.00184254

0.0715332 0.00184254
0.071582 0.00184254

0.071582 0.00184254
0.0716309 0.00184255

0.0716309 0.00184255
0.0716797 0.00184255

0.0716797 0.00184255
0.0717285 0.00184256

0.0717285 0.00184256
0.0717773 0.00184256

0.0717773 0.00184256
0.0718262 0.00184257

0.0718262 0.00184257
0.071875 0.00184257

0.071875 0.00184257
0.0719238 0.00184258

0.0719238 0.00184258
0.0719727 0.00184258

0.0719727 0.00184258
0.0720215 0.00184259

0.0720215 0.00184259
0.0720703 0.00184259

0.0720703 0.00184259
0.0721191 0.0018426

0.0721191 0.0018426
0.072168 0.0018426

0.072168 0.0018426
0.0722168 0.00184261

0.0722168 0.00184261
0.0722656 0.00184261

0.0722656 0.00184261
0.0723145 0.00184262

0.0723145 0.00184262
0.0723633 0.00184262

0.0723633 0.00184262
0.0724121 0.00184263

0.0724121 0.00184263
0.0724609 0.00184263

0.0724609 0.00184263
0.0725098 0.00184263

0.0725098 0.00184263
0.0725586 0.00184264

0.0725586 0.00184264
0.0726074 0.00184264

0.0726074 0.00184264
0.0726563 0.00184265

0.0726562 0.00184265
0.0727051 0.00184265

0.0727051 0.00184265
0.0727539 0.00184266

0.0727539 0.00184266
0.0728027 0.00184266

0.0728027 0.00184266
0.0728516 0.00184266

0.0728516 0.00184266
0.0729004 0.00184267

0.0729004 0.00184267
0.0729492 0.00184267

0.0729492 0.00184267
0.072998 0.00184268

0.072998 0.00184268
0.0730469 0.00184268

0.0730469 0.00184268
0.0730957 0.00184268

0.0730957 0.00184268
0.0731445 0.00184269

0.0731445 0.00184269
0.0731934 0.00184269

0.0731934 0.00184269
0.0732422 0.00184269

0.0732422 0.00184269
0.073291 0.0018427

0.073291 0.0018427
0.0733398 0.0018427

0.0733398 0.0018427
0.0733887 0.0018427

0.0733887 0.0018427
0.0734375 0.00184271

0.0734375 0.00184271
0.0734863 0.00184271

0.0734863 0.00184271
0.0735352 0.00184271

0.0735352 0.00184271
0.073584 0.00184271

0.073584 0.00184271
0.0736328 0.00184272

0.0736328 0.00184272
0.0736816 0.00184272

0.0736816 0.00184272
0.0737305 0.00184272

0.0737305 0.00184272
0.0737793 0.00184272

0.0737793 0.00184272
0.0738281 0.00184272

0.0738281 0.00184272
0.073877 0.00184273

0.073877 0.00184273
0.0739258 0.00184273

0.0739258 0.00184273
0.0739746 0.00184273

0.0739746 0.00184273
0.0740234 0.00184273

0.0740234 0.00184273
0.0740723 0.00184274

0.0740723 0.00184274
0.0741211 0.00184274

0.0741211 0.00184274
0.0741699 0.00184274

0.0741699 0.00184274
0.0742188 0.00184274

0.0742188 0.00184274
0.0742676 0.00184274

0.0742676 0.00184274
0.0743164 0.00184274

0.0743164 0.00184274
0.0743652 0.00184275

0.0743652 0.00184275
0.0744141 0.00184275

0.0744141 0.00184275
0.0744629 0.00184275

0.0744629 0.00184275
0.0745117 0.00184275

0.0745117 0.00184275
0.0745605 0.00184275

0.0745605 0.00184275
0.0746094 0.00184276

0.0746094 0.00184276
0.0746582 0.00184276

0.0746582 0.00184276
0.074707 0.00184276

0.074707 0.00184276
0.0747559 0.00184276

0.0747559 0.00184276
0.0748047 0.00184276

0.0748047 0.00184276
0.0748535 0.00184277

0.0748535 0.00184277
0.0749023 0.00184277

0.0749023 0.00184277
0.0749512 0.00184277

0.0749512 0.00184277
0.075 0.00184277

0.075 0.00184277
0.0750488 0.00184278

0.0750488 0.00184278
0.0750977 0.00184278

0.0750977 0.00184278
0.0751465 0.00184278

0.0751465 0.00184278
0.0751953 0.00184278

0.0751953 0.00184278
0.0752441 0.00184279

0.0752441 0.00184279
0.075293 0.00184279

0.075293 0.00184279
0.0753418 0.00184279

0.0753418 0.00184279
0.0753906 0.0018428

0.0753906 0.0018428
0.0754395 0.0018428

0.0754395 0.0018428
0.0754883 0.0018428

0.0754883 0.0018428
0.0755371 0.00184281

0.0755371 0.00184281
0.0755859 0.00184281

0.0755859 0.00184281
0.0756348 0.00184281

0.0756348 0.00184281
0.0756836 0.00184282

0.0756836 0.00184282
0.0757324 0.00184282

0.0757324 0.00184282
0.0757813 0.00184282

0.0757812 0.00184282
0.0758301 0.00184283

0.0758301 0.00184283
0.0758789 0.00184283

0.0758789 0.00184283
0.0759277 0.00184284

0.0759277 0.00184284
0.0759766 0.00184284

0.0759766 0.00184284
0.0760254 0.00184284

0.0760254 0.00184284
0.0760742 0.00184285

0.0760742 0.00184285
0.076123 0.00184285

0.076123 0.00184285
0.0761719 0.00184286

0.0761719 0.00184286
0.0762207 0.00184286

0.0762207 0.00184286
0.0762695 0.00184286

0.0762695 0.00184286
0.0763184 0.00184287

0.0763184 0.00184287
0.0763672 0.00184287

0.0763672 0.00184287
0.076416 0.00184288

0.076416 0.00184288
0.0764648 0.00184288

0.0764648 0.00184288
0.0765137 0.00184288

0.0765137 0.00184288
0.0765625 0.00184289

0.0765625 0.00184289
0.0766113 0.00184289

0.0766113 0.00184289
0.0766602 0.00184289

0.0766602 0.00184289
0.076709 0.0018429

0.076709 0.0018429
0.0767578 0.0018429

0.0767578 0.0018429
0.0768066 0.00184291

0.0768066 0.00184291
0.0768555 0.00184291

0.0768555 0.00184291
0.0769043 0.00184291

0.0769043 0.00184291
0.0769531 0.00184292

0.0769531 0.00184292
0.077002 0.00184292

0.077002 0.00184292
0.0770508 0.00184292

0.0770508 0.00184292
0.0770996 0.00184292

0.0770996 0.00184292
0.0771484 0.00184293

0.0771484 0.00184293
0.0771973 0.00184293

0.0771973 0.00184293
0.0772461 0.00184293

0.0772461 0.00184293
0.0772949 0.00184294

0.0772949 0.00184294
0.0773438 0.00184294

0.0773438 0.00184294
0.0773926 0.00184294

0.0773926 0.00184294
0.0774414 0.00184294

0.0774414 0.00184294
0.0774902 0.00184295

0.0774902 0.00184295
0.0775391 0.00184295

0.0775391 0.00184295
0.0775879 0.00184295

0.0775879 0.00184295
0.0776367 0.00184295

0.0776367 0.00184295
0.0776855 0.00184295

0.0776855 0.00184295
0.0777344 0.00184296

0.0777344 0.00184296
0.0777832 0.00184296

0.0777832 0.00184296
0.077832 0.00184296

0.077832 0.00184296
0.0778809 0.00184296

0.0778809 0.00184296
0.0779297 0.00184296

0.0779297 0.00184296
0.0779785 0.00184296

0.0779785 0.00184296
0.0780273 0.00184297

0.0780273 0.00184297
0.0780762 0.00184297

0.0780762 0.00184297
0.078125 0.00184297

0.078125 0.00184297
0.0781738 0.00184297

0.0781738 0.00184297
0.0782227 0.00184297

0.0782227 0.00184297
0.0782715 0.00184297

0.0782715 0.00184297
0.0783203 0.00184298

0.0783203 0.00184298
0.0783691 0.00184298

0.0783691 0.00184298
0.078418 0.00184298

0.078418 0.00184298
0.0784668 0.00184298

0.0784668 0.00184298
0.0785156 0.00184298

0.0785156 0.00184298
0.0785645 0.00184298

0.0785645 0.00184298
0.0786133 0.00184299

0.0786133 0.00184299
0.0786621 0.00184299

0.0786621 0.00184299
0.0787109 0.00184299

0.0787109 0.00184299
0.0787598 0.00184299

0.0787598 0.00184299
0.0788086 0.00184299

0.0788086 0.00184299
0.0788574 0.00184299

0.0788574 0.00184299
0.0789063 0.001843

0.0789062 0.001843
0.0789551 0.001843

0.0789551 0.001843
0.0790039 0.001843

0.0790039 0.001843
0.0790527 0.001843

0.0790527 0.001843
0.0791016 0.001843

0.0791016 0.001843
0.0791504 0.001843

0.0791504 0.001843
0.0791992 0.00184301

0.0791992 0.00184301
0.079248 0.00184301

0.079248 0.00184301
0.0792969 0.00184301

0.0792969 0.00184301
0.0793457 0.00184301

0.0793457 0.00184301
0.0793945 0.00184301

0.0793945 0.00184301
0.0794434 0.00184302

0.0794434 0.00184302
0.0794922 0.00184302

0.0794922 0.00184302
0.079541 0.00184302

0.079541 0.00184302
0.0795898 0.00184302

0.0795898 0.00184302
0.0796387 0.00184302

0.0796387 0.00184302
0.0796875 0.00184302

0.0796875 0.00184302
0.0797363 0.00184303

0.0797363 0.00184303
0.0797852 0.00184303

0.0797852 0.00184303
0.079834 0.00184303

0.079834 0.00184303
0.0798828 0.00184303

0.0798828 0.00184303
0.0799316 0.00184303

0.0799316 0.00184303
0.0799805 0.00184303

0.0799805 0.00184303
0.0800293 0.00184304

0.0800293 0.00184304
0.0800781 0.00184304

0.0800781 0.00184304
0.080127 0.00184304

0.080127 0.00184304
0.0801758 0.00184304

0.0801758 0.00184304
0.0802246 0.00184304

0.0802246 0.00184304
0.0802734 0.00184304

0.0802734 0.00184304
0.0803223 0.00184304

0.0803223 0.00184304
0.0803711 0.00184305

0.0803711 0.00184305
0.0804199 0.00184305

0.0804199 0.00184305
0.0804688 0.00184305

0.0804688 0.00184305
0.0805176 0.00184305

0.0805176 0.00184305
0.0805664 0.00184305

0.0805664 0.00184305
0.0806152 0.00184305

0.0806152 0.00184305
0.0806641 0.00184305

0.0806641 0.00184305
0.0807129 0.00184306

0.0807129 0.00184306
0.0807617 0.00184306

0.0807617 0.00184306
0.0808105 0.00184306

0.0808105 0.00184306
0.0808594 0.00184306

0.0808594 0.00184306
0.0809082 0.00184306

0.0809082 0.00184306
0.080957 0.00184306

0.080957 0.00184306
0.0810059 0.00184306

0.0810059 0.00184306
0.0810547 0.00184306

0.0810547 0.00184306
0.0811035 0.00184306

0.0811035 0.00184306
0.0811523 0.00184307

0.0811523 0.00184307
0.0812012 0.00184307

0.0812012 0.00184307
0.08125 0.00184307

0.08125 0.00184307
0.0812988 0.00184307

0.0812988 0.00184307
0.0813477 0.00184307

0.0813477 0.00184307
0.0813965 0.00184307

0.0813965 0.00184307
0.0814453 0.00184307

0.0814453 0.00184307
0.0814941 0.00184307

0.0814941 0.00184307
0.081543 0.00184307

0.081543 0.00184307
0.0815918 0.00184307

0.0815918 0.00184307
0.0816406 0.00184307

0.0816406 0.00184307
0.0816895 0.00184308

0.0816895 0.00184308
0.0817383 0.00184308

0.0817383 0.00184308
0.0817871 0.00184308

0.0817871 0.00184308
0.0818359 0.00184308

0.0818359 0.00184308
0.0818848 0.00184308

0.0818848 0.00184308
0.0819336 0.00184308

0.0819336 0.00184308
0.0819824 0.00184308

0.0819824 0.00184308
0.0820313 0.00184308

0.0820312 0.00184308
0.0820801 0.00184308

0.0820801 0.00184308
0.0821289 0.00184308

0.0821289 0.00184308
0.0821777 0.00184309

0.0821777 0.00184309
0.0822266 0.00184309

0.0822266 0.00184309
0.0822754 0.00184309

0.0822754 0.00184309
0.0823242 0.00184309

0.0823242 0.00184309
0.082373 0.00184309

0.082373 0.00184309
0.0824219 0.00184309

0.0824219 0.00184309
0.0824707 0.00184309

0.0824707 0.00184309
0.0825195 0.00184309

0.0825195 0.00184309
0.0825684 0.00184309

0.0825684 0.00184309
0.0826172 0.0018431

0.0826172 0.0018431
0.082666 0.0018431

0.082666 0.0018431
0.0827148 0.0018431

0.0827148 0.0018431
0.0827637 0.0018431

0.0827637 0.0018431
0.0828125 0.0018431

0.0828125 0.0018431
0.0828613 0.0018431

0.0828613 0.0018431
0.0829102 0.00184311

0.0829102 0.00184311
0.082959 0.00184311

0.082959 0.00184311
0.0830078 0.00184311

0.0830078 0.00184311
0.0830566 0.00184311

0.0830566 0.00184311
0.0831055 0.00184311

0.0831055 0.00184311
0.0831543 0.00184311

0.0831543 0.00184311
0.0832031 0.00184312

0.0832031 0.00184312
0.083252 0.00184312

0.083252 0.00184312
0.0833008 0.00184312

0.0833008 0.00184312
0.0833496 0.00184312

0.0833496 0.00184312
0.0833984 0.00184312

0.0833984 0.00184312
0.0834473 0.00184313

0.0834473 0.00184313
0.0834961 0.00184313

0.0834961 0.00184313
0.0835449 0.00184313

0.0835449 0.00184313
0.0835938 0.00184313

0.0835937 0.00184313
0.0836426 0.00184314

0.0836426 0.00184314
0.0836914 0.00184314

0.0836914 0.00184314
0.0837402 0.00184314

0.0837402 0.00184314
0.0837891 0.00184314

0.0837891 0.00184314
0.0838379 0.00184315

0.0838379 0.00184315
0.0838867 0.00184315

0.0838867 0.00184315
0.0839355 0.00184315

0.0839355 0.00184315
0.0839844 0.00184315

0.0839844 0.00184315
0.0840332 0.00184316

0.0840332 0.00184316
0.084082 0.00184316

0.084082 0.00184316
0.0841309 0.00184316

0.0841309 0.00184316
0.0841797 0.00184316

0.0841797 0.00184316
0.0842285 0.00184317

0.0842285 0.00184317
0.0842773 0.00184317

0.0842773 0.00184317
0.0843262 0.00184317

0.0843262 0.00184317
0.084375 0.00184318

0.084375 0.00184318
0.0844238 0.00184318

0.0844238 0.00184318
0.0844727 0.00184318

0.0844727 0.00184318
0.0845215 0.00184319

0.0845215 0.00184319
0.0845703 0.00184319

0.0845703 0.00184319
0.0846191 0.00184319

0.0846191 0.00184319
0.084668 0.0018432

0.084668 0.0018432
0.0847168 0.0018432

0.0847168 0.0018432
0.0847656 0.00184321

0.0847656 0.00184321
0.0848145 0.00184321

0.0848145 0.00184321
0.0848633 0.00184321

0.0848633 0.00184321
0.0849121 0.00184322

0.0849121 0.00184322
0.0849609 0.00184322

0.0849609 0.00184322
0.0850098 0.00184323

0.0850098 0.00184323
0.0850586 0.00184323

0.0850586 0.00184323
0.0851074 0.00184323

0.0851074 0.00184323
0.0851563 0.00184324

0.0851563 0.00184324
0.0852051 0.00184324

0.0852051 0.00184324
0.0852539 0.00184325

0.0852539 0.00184325
0.0853027 0.00184325

0.0853027 0.00184325
0.0853516 0.00184326

0.0853516 0.00184326
0.0854004 0.00184326

0.0854004 0.00184326
0.0854492 0.00184327

0.0854492 0.00184327
0.085498 0.00184327

0.085498 0.00184327
0.0855469 0.00184328

0.0855469 0.00184328
0.0855957 0.00184328

0.0855957 0.00184328
0.0856445 0.00184329

0.0856445 0.00184329
0.0856934 0.00184329

0.0856934 0.00184329
0.0857422 0.0018433

0.0857422 0.0018433
0.085791 0.0018433

0.085791 0.0018433
0.0858398 0.00184331

0.0858398 0.00184331
0.0858887 0.00184332

0.0858887 0.00184332
0.0859375 0.00184332

0.0859375 0.00184332
0.0859863 0.00184333

0.0859863 0.00184333
0.0860352 0.00184333

0.0860352 0.00184333
0.086084 0.00184334

0.086084 0.00184334
0.0861328 0.00184334

0.0861328 0.00184334
0.0861816 0.00184335

0.0861816 0.00184335
0.0862305 0.00184336

0.0862305 0.00184336
0.0862793 0.00184336

0.0862793 0.00184336
0.0863281 0.00184337

0.0863281 0.00184337
0.086377 0.00184338

0.086377 0.00184338
0.0864258 0.00184338

0.0864258 0.00184338
0.0864746 0.00184339

0.0864746 0.00184339
0.0865234 0.00184339

0.0865234 0.00184339
0.0865723 0.0018434

0.0865723 0.0018434
0.0866211 0.00184341

0.0866211 0.00184341
0.0866699 0.00184341

0.0866699 0.00184341
0.0867188 0.00184342

0.0867187 0.00184342
0.0867676 0.00184343

0.0867676 0.00184343
0.0868164 0.00184343

0.0868164 0.00184343
0.0868652 0.00184344

0.0868652 0.00184344
0.0869141 0.00184345

0.0869141 0.00184345
0.0869629 0.00184345

0.0869629 0.00184345
0.0870117 0.00184346

0.0870117 0.00184346
0.0870605 0.00184347

0.0870605 0.00184347
0.0871094 0.00184348

0.0871094 0.00184348
0.0871582 0.00184348

0.0871582 0.00184348
0.087207 0.00184349

0.087207 0.00184349
0.0872559 0.0018435

0.0872559 0.0018435
0.0873047 0.0018435

0.0873047 0.0018435
0.0873535 0.00184351

0.0873535 0.00184351
0.0874023 0.00184352

0.0874023 0.00184352
0.0874512 0.00184352

0.0874512 0.00184352
0.0875 0.00184353

0.0875 0.00184353
0.0875488 0.00184354

0.0875488 0.00184354
0.0875977 0.00184354

0.0875977 0.00184354
0.0876465 0.00184355

0.0876465 0.00184355
0.0876953 0.00184356

0.0876953 0.00184356
0.0877441 0.00184357

0.0877441 0.00184357
0.087793 0.00184357

0.087793 0.00184357
0.0878418 0.00184358

0.0878418 0.00184358
0.0878906 0.00184359

0.0878906 0.00184359
0.0879395 0.00184359

0.0879395 0.00184359
0.0879883 0.0018436

0.0879883 0.0018436
0.0880371 0.00184361

0.0880371 0.00184361
0.0880859 0.00184361

0.0880859 0.00184361
0.0881348 0.00184362

0.0881348 0.00184362
0.0881836 0.00184363

0.0881836 0.00184363
0.0882324 0.00184363

0.0882324 0.00184363
0.0882813 0.00184364

0.0882813 0.00184364
0.0883301 0.00184365

0.0883301 0.00184365
0.0883789 0.00184365

0.0883789 0.00184365
0.0884277 0.00184366

0.0884277 0.00184366
0.0884766 0.00184366

0.0884766 0.00184366
0.0885254 0.00184367

0.0885254 0.00184367
0.0885742 0.00184368

0.0885742 0.00184368
0.088623 0.00184368

0.088623 0.00184368
0.0886719 0.00184369

0.0886719 0.00184369
0.0887207 0.00184369

0.0887207 0.00184369
0.0887695 0.0018437

0.0887695 0.0018437
0.0888184 0.0018437

0.0888184 0.0018437
0.0888672 0.00184371

0.0888672 0.00184371
0.088916 0.00184372

0.088916 0.00184372
0.0889648 0.00184372

0.0889648 0.00184372
0.0890137 0.00184373

0.0890137 0.00184373
0.0890625 0.00184373

0.0890625 0.00184373
0.0891113 0.00184373

0.0891113 0.00184373
0.0891602 0.00184374

0.0891602 0.00184374
0.089209 0.00184374

0.089209 0.00184374
0.0892578 0.00184375

0.0892578 0.00184375
0.0893066 0.00184375

0.0893066 0.00184375
0.0893555 0.00184376

0.0893555 0.00184376
0.0894043 0.00184376

0.0894043 0.00184376
0.0894531 0.00184376

0.0894531 0.00184376
0.089502 0.00184377

0.089502 0.00184377
0.0895508 0.00184377

0.0895508 0.00184377
0.0895996 0.00184377

0.0895996 0.00184377
0.0896484 0.00184378

0.0896484 0.00184378
0.0896973 0.00184378

0.0896973 0.00184378
0.0897461 0.00184378

0.0897461 0.00184378
0.0897949 0.00184379

0.0897949 0.00184379
0.0898438 0.00184379

0.0898438 0.00184379
0.0898926 0.00184379

0.0898926 0.00184379
0.0899414 0.00184379

0.0899414 0.00184379
0.0899902 0.00184379

0.0899902 0.00184379
0.0900391 0.0018438

0.0900391 0.0018438
0.0900879 0.0018438

0.0900879 0.0018438
0.0901367 0.0018438

0.0901367 0.0018438
0.0901855 0.0018438

0.0901855 0.0018438
0.0902344 0.0018438

0.0902344 0.0018438
0.0902832 0.0018438

0.0902832 0.0018438
0.090332 0.0018438

0.090332 0.0018438
0.0903809 0.0018438

0.0903809 0.0018438
0.0904297 0.0018438

0.0904297 0.0018438
0.0904785 0.0018438

0.0904785 0.0018438
0.0905273 0.0018438

0.0905273 0.0018438
0.0905762 0.0018438

0.0905762 0.0018438
0.090625 0.0018438

0.090625 0.0018438
0.0906738 0.0018438

0.0906738 0.0018438
0.0907227 0.0018438

0.0907227 0.0018438
0.0907715 0.0018438

0.0907715 0.0018438
0.0908203 0.0018438

0.0908203 0.0018438
0.0908691 0.0018438

0.0908691 0.0018438
0.090918 0.00184379

0.090918 0.00184379
0.0909668 0.00184379

0.0909668 0.00184379
0.0910156 0.00184379

0.0910156 0.00184379
0.0910645 0.00184379

0.0910645 0.00184379
0.0911133 0.00184379

0.0911133 0.00184379
0.0911621 0.00184378

0.0911621 0.00184378
0.0912109 0.00184378

0.0912109 0.00184378
0.0912598 0.00184378

0.0912598 0.00184378
0.0913086 0.00184377

0.0913086 0.00184377
0.0913574 0.00184377

0.0913574 0.00184377
0.0914063 0.00184377

0.0914062 0.00184377
0.0914551 0.00184376

0.0914551 0.00184376
0.0915039 0.00184376

0.0915039 0.00184376
0.0915527 0.00184376

0.0915527 0.00184376
0.0916016 0.00184375

0.0916016 0.00184375
0.0916504 0.00184375

0.0916504 0.00184375
0.0916992 0.00184374

0.0916992 0.00184374
0.091748 0.00184374

0.091748 0.00184374
0.0917969 0.00184373

0.0917969 0.00184373
0.0918457 0.00184373

0.0918457 0.00184373
0.0918945 0.00184372

0.0918945 0.00184372
0.0919434 0.00184372

0.0919434 0.00184372
0.0919922 0.00184371

0.0919922 0.00184371
0.092041 0.00184371

0.092041 0.00184371
0.0920898 0.0018437

0.0920898 0.0018437
0.0921387 0.00184369

0.0921387 0.00184369
0.0921875 0.00184369

0.0921875 0.00184369
0.0922363 0.00184368

0.0922363 0.00184368
0.0922852 0.00184368

0.0922852 0.00184368
0.092334 0.00184367

0.092334 0.00184367
0.0923828 0.00184366

0.0923828 0.00184366
0.0924316 0.00184366

0.0924316 0.00184366
0.0924805 0.00184365

0.0924805 0.00184365
0.0925293 0.00184365

0.0925293 0.00184365
0.0925781 0.00184364

0.0925781 0.00184364
0.092627 0.00184363

0.092627 0.00184363
0.0926758 0.00184363

0.0926758 0.00184363
0.0927246 0.00184362

0.0927246 0.00184362
0.0927734 0.00184361

0.0927734 0.00184361
0.0928223 0.0018436

0.0928223 0.0018436
0.0928711 0.0018436

0.0928711 0.0018436
0.0929199 0.00184359

0.0929199 0.00184359
0.0929688 0.00184358

0.0929688 0.00184358
0.0930176 0.00184358

0.0930176 0.00184358
0.0930664 0.00184357

0.0930664 0.00184357
0.0931152 0.00184356

0.0931152 0.00184356
0.0931641 0.00184356

0.0931641 0.00184356
0.0932129 0.00184355

0.0932129 0.00184355
0.0932617 0.00184354

0.0932617 0.00184354
0.0933105 0.00184354

0.0933105 0.00184354
0.0933594 0.00184353

0.0933594 0.00184353
0.0934082 0.00184352

0.0934082 0.00184352
0.093457 0.00184352

0.093457 0.00184352
0.0935059 0.00184351

0.0935059 0.00184351
0.0935547 0.0018435

0.0935547 0.0018435
0.0936035 0.0018435

0.0936035 0.0018435
0.0936523 0.00184349

0.0936523 0.00184349
0.0937012 0.00184348

0.0937012 0.00184348
0.09375 0.00184348

0.09375 0.00184348
0.0937988 0.00184347

0.0937988 0.00184347
0.0938477 0.00184346

0.0938477 0.00184346
0.0938965 0.00184346

0.0938965 0.00184346
0.0939453 0.00184345

0.0939453 0.00184345
0.0939941 0.00184345

0.0939941 0.00184345
0.094043 0.00184344

0.094043 0.00184344
0.0940918 0.00184344

0.0940918 0.00184344
0.0941406 0.00184343

0.0941406 0.00184343
0.0941895 0.00184343

0.0941895 0.00184343
0.0942383 0.00184342

0.0942383 0.00184342
0.0942871 0.00184342

0.0942871 0.00184342
0.0943359 0.00184341

0.0943359 0.00184341
0.0943848 0.00184341

0.0943848 0.00184341
0.0944336 0.0018434

0.0944336 0.0018434
0.0944824 0.0018434

0.0944824 0.0018434
0.0945313 0.00184339

0.0945312 0.00184339
0.0945801 0.00184339

0.0945801 0.00184339
0.0946289 0.00184339

0.0946289 0.00184339
0.0946777 0.00184338

0.0946777 0.00184338
0.0947266 0.00184338

0.0947266 0.00184338
0.0947754 0.00184338

0.0947754 0.00184338
0.0948242 0.00184337

0.0948242 0.00184337
0.094873 0.00184337

0.094873 0.00184337
0.0949219 0.00184337

0.0949219 0.00184337
0.0949707 0.00184336

0.0949707 0.00184336
0.0950195 0.00184336

0.0950195 0.00184336
0.0950684 0.00184336

0.0950684 0.00184336
0.0951172 0.00184336

0.0951172 0.00184336
0.095166 0.00184336

0.095166 0.00184336
0.0952148 0.00184336

0.0952148 0.00184336
0.0952637 0.00184335

0.0952637 0.00184335
0.0953125 0.00184335

0.0953125 0.00184335
0.0953613 0.00184335

0.0953613 0.00184335
0.0954102 0.00184335

0.0954102 0.00184335
0.095459 0.00184335

0.095459 0.00184335
0.0955078 0.00184335

0.0955078 0.00184335
0.0955566 0.00184335

0.0955566 0.00184335
0.0956055 0.00184335

0.0956055 0.00184335
0.0956543 0.00184335

0.0956543 0.00184335
0.0957031 0.00184336

0.0957031 0.00184336
0.095752 0.00184336

0.095752 0.00184336
0.0958008 0.00184336

0.0958008 0.00184336
0.0958496 0.00184336

0.0958496 0.00184336
0.0958984 0.00184336

0.0958984 0.00184336
0.0959473 0.00184336

0.0959473 0.00184336
0.0959961 0.00184337

0.0959961 0.00184337
0.0960449 0.00184337

0.0960449 0.00184337
0.0960938 0.00184337

0.0960938 0.00184337
0.0961426 0.00184337

0.0961426 0.00184337
0.0961914 0.00184338

0.0961914 0.00184338
0.0962402 0.00184338

0.0962402 0.00184338
0.0962891 0.00184338

0.0962891 0.00184338
0.0963379 0.00184339

0.0963379 0.00184339
0.0963867 0.00184339

0.0963867 0.00184339
0.0964355 0.0018434

0.0964355 0.0018434
0.0964844 0.0018434

0.0964844 0.0018434
0.0965332 0.0018434

0.0965332 0.0018434
0.096582 0.00184341

0.096582 0.00184341
0.0966309 0.00184341

0.0966309 0.00184341
0.0966797 0.00184342

0.0966797 0.00184342
0.0967285 0.00184342

0.0967285 0.00184342
0.0967773 0.00184343

0.0967773 0.00184343
0.0968262 0.00184344

0.0968262 0.00184344
0.096875 0.00184344

0.096875 0.00184344
0.0969238 0.00184345

0.0969238 0.00184345
0.0969727 0.00184345

0.0969727 0.00184345
0.0970215 0.00184346

0.0970215 0.00184346
0.0970703 0.00184346

0.0970703 0.00184346
0.0971191 0.00184347

0.0971191 0.00184347
0.097168 0.00184348

0.097168 0.00184348
0.0972168 0.00184348

0.0972168 0.00184348
0.0972656 0.00184349

0.0972656 0.00184349
0.0973145 0.0018435

0.0973145 0.0018435
0.0973633 0.0018435

0.0973633 0.0018435
0.0974121 0.00184351

0.0974121 0.00184351
0.0974609 0.00184352

0.0974609 0.00184352
0.0975098 0.00184352

0.0975098 0.00184352
0.0975586 0.00184353

0.0975586 0.00184353
0.0976074 0.00184354

0.0976074 0.00184354
0.0976563 0.00184354

0.0976562 0.00184354
0.0977051 0.00184355

0.0977051 0.00184355
0.0977539 0.00184356

0.0977539 0.00184356
0.0978027 0.00184357

0.0978027 0.00184357
0.0978516 0.00184357

0.0978516 0.00184357
0.0979004 0.00184358

0.0979004 0.00184358
0.0979492 0.00184359

0.0979492 0.00184359
0.097998 0.00184359

0.097998 0.00184359
0.0980469 0.0018436

0.0980469 0.0018436
0.0980957 0.00184361

0.0980957 0.00184361
0.0981445 0.00184361

0.0981445 0.00184361
0.0981934 0.00184362

0.0981934 0.00184362
0.0982422 0.00184363

0.0982422 0.00184363
0.098291 0.00184363

0.098291 0.00184363
0.0983398 0.00184364

0.0983398 0.00184364
0.0983887 0.00184365

0.0983887 0.00184365
0.0984375 0.00184365

0.0984375 0.00184365
0.0984863 0.00184366

0.0984863 0.00184366
0.0985352 0.00184367

0.0985352 0.00184367
0.098584 0.00184367

0.098584 0.00184367
0.0986328 0.00184368

0.0986328 0.00184368
0.0986816 0.00184368

0.0986816 0.00184368
0.0987305 0.00184369

0.0987305 0.00184369
0.0987793 0.00184369

0.0987793 0.00184369
0.0988281 0.0018437

0.0988281 0.0018437
0.098877 0.0018437

0.098877 0.0018437
0.0989258 0.00184371

0.0989258 0.00184371
0.0989746 0.00184371

0.0989746 0.00184371
0.0990234 0.00184372

0.0990234 0.00184372
0.0990723 0.00184372

0.0990723 0.00184372
0.0991211 0.00184373

0.0991211 0.00184373
0.0991699 0.00184373

0.0991699 0.00184373
0.0992188 0.00184374

0.0992187 0.00184374
0.0992676 0.00184374

0.0992676 0.00184374
0.0993164 0.00184374

0.0993164 0.00184374
0.0993652 0.00184375

0.0993652 0.00184375
0.0994141 0.00184375

0.0994141 0.00184375
0.0994629 0.00184375

0.0994629 0.00184375
0.0995117 0.00184376

0.0995117 0.00184376
0.0995605 0.00184376

0.0995605 0.00184376
0.0996094 0.00184376

0.0996094 0.00184376
0.0996582 0.00184376

0.0996582 0.00184376
0.099707 0.00184376

0.099707 0.00184376
0.0997559 0.00184377

0.0997559 0.00184377
0.0998047 0.00184377

0.0998047 0.00184377
0.0998535 0.00184377

0.0998535 0.00184377
0.0999023 0.00184377

0.0999023 0.00184377
0.0999512 0.00184377

0.0999512 0.00184377
0.1 0.00184377

0.1 0.00184377
0.100049 0.00184377

0.100049 0.00184377
0.100098 0.00184377

0.100098 0.00184377
0.100146 0.00184377

0.100146 0.00184377
0.100195 0.00184377

0.100195 0.00184377
0.100244 0.00184377

0.100244 0.00184377
0.100293 0.00184377

0.100293 0.00184377
0.100342 0.00184377

0.100342 0.00184377
0.100391 0.00184377

0.100391 0.00184377
0.100439 0.00184377

0.100439 0.00184377
0.100488 0.00184376

0.100488 0.00184376
0.100537 0.00184376

0.100537 0.00184376
0.100586 0.00184376

0.100586 0.00184376
0.100635 0.00184376

0.100635 0.00184376
0.100684 0.00184376

0.100684 0.00184376
0.100732 0.00184375

0.100732 0.00184375
0.100781 0.00184375

0.100781 0.00184375
0.10083 0.00184375

0.10083 0.00184375
0.100879 0.00184374

0.100879 0.00184374
0.100928 0.00184374

0.100928 0.00184374
0.100977 0.00184374

0.100977 0.00184374
0.101025 0.00184373

0.101025 0.00184373
0.101074 0.00184373

0.101074 0.00184373
0.101123 0.00184373

0.101123 0.00184373
0.101172 0.00184372

0.101172 0.00184372
0.101221 0.00184372

0.101221 0.00184372
0.10127 0.00184371

0.10127 0.00184371
0.101318 0.00184371

0.101318 0.00184371
0.101367 0.00184371

0.101367 0.00184371
0.101416 0.0018437

0.101416 0.0018437
0.101465 0.0018437

0.101465 0.0018437
0.101514 0.00184369

0.101514 0.00184369
0.101563 0.00184369

0.101562 0.00184369
0.101611 0.00184368

0.101611 0.00184368
0.10166 0.00184368

0.10166 0.00184368
0.101709 0.00184367

0.101709 0.00184367
0.101758 0.00184367

0.101758 0.00184367
0.101807 0.00184366

0.101807 0.00184366
0.101855 0.00184366

0.101855 0.00184366
0.101904 0.00184365

0.101904 0.00184365
0.101953 0.00184365

0.101953 0.00184365
0.102002 0.00184364

0.102002 0.00184364
0.102051 0.00184364

0.102051 0.00184364
0.1021 0.00184363

0.1021 0.00184363
0.102148 0.00184363

0.102148 0.00184363
0.102197 0.00184362

0.102197 0.00184362
0.102246 0.00184362

0.102246 0.00184362
0.102295 0.00184361

0.102295 0.00184361
0.102344 0.00184361

0.102344 0.00184361
0.102393 0.0018436

0.102393 0.0018436
0.102441 0.0018436

0.102441 0.0018436
0.10249 0.00184359

0.10249 0.00184359
0.102539 0.00184359

0.102539 0.00184359
0.102588 0.00184358

0.102588 0.00184358
0.102637 0.00184358

0.102637 0.00184358
0.102686 0.00184357

0.102686 0.00184357
0.102734 0.00184357

0.102734 0.00184357
0.102783 0.00184356

0.102783 0.00184356
0.102832 0.00184356

0.102832 0.00184356
0.102881 0.00184356

0.102881 0.00184356
0.10293 0.00184355

0.10293 0.00184355
0.102979 0.00184355

0.102979 0.00184355
0.103027 0.00184355

0.103027 0.00184355
0.103076 0.00184354

0.103076 0.00184354
0.103125 0.00184354

0.103125 0.00184354
0.103174 0.00184354

0.103174 0.00184354
0.103223 0.00184353

0.103223 0.00184353
0.103271 0.00184353

0.103271 0.00184353
0.10332 0.00184353

0.10332 0.00184353
0.103369 0.00184352

0.103369 0.00184352
0.103418 0.00184352

0.103418 0.00184352
0.103467 0.00184352

0.103467 0.00184352
0.103516 0.00184352

0.103516 0.00184352
0.103564 0.00184352

0.103564 0.00184352
0.103613 0.00184351

0.103613 0.00184351
0.103662 0.00184351

0.103662 0.00184351
0.103711 0.00184351

0.103711 0.00184351
0.10376 0.00184351

0.10376 0.00184351
0.103809 0.00184351

0.103809 0.00184351
0.103857 0.00184351

0.103857 0.00184351
0.103906 0.00184351

0.103906 0.00184351
0.103955 0.00184351

0.103955 0.00184351
0.104004 0.00184351

0.104004 0.00184351
0.104053 0.00184351

0.104053 0.00184351
0.104102 0.00184351

0.104102 0.00184351
0.10415 0.00184351

0.10415 0.00184351
0.104199 0.00184351

0.104199 0.00184351
0.104248 0.00184351

0.104248 0.00184351
0.104297 0.00184351

0.104297 0.00184351
0.104346 0.00184351

0.104346 0.00184351
0.104395 0.00184351

0.104395 0.00184351
0.104443 0.00184351

0.104443 0.00184351
0.104492 0.00184351

0.104492 0.00184351
0.104541 0.00184351

0.104541 0.00184351
0.10459 0.00184351

0.10459 0.00184351
0.104639 0.00184352

0.104639 0.00184352
0.104688 0.00184352

0.104688 0.00184352
0.104736 0.00184352

0.104736 0.00184352
0.104785 0.00184352

0.104785 0.00184352
0.104834 0.00184352

0.104834 0.00184352
0.104883 0.00184352

0.104883 0.00184352
0.104932 0.00184353

0.104932 0.00184353
0.10498 0.00184353

0.10498 0.00184353
0.105029 0.00184353

0.105029 0.00184353
0.105078 0.00184353

0.105078 0.00184353
0.105127 0.00184354

0.105127 0.00184354
0.105176 0.00184354

0.105176 0.00184354
0.105225 0.00184354

0.105225 0.00184354
0.105273 0.00184354

0.105273 0.00184354
0.105322 0.00184355

0.105322 0.00184355
0.105371 0.00184355

0.105371 0.00184355
0.10542 0.00184355

0.10542 0.00184355
0.105469 0.00184356

0.105469 0.00184356
0.105518 0.00184356

0.105518 0.00184356
0.105566 0.00184356

0.105566 0.00184356
0.105615 0.00184356

0.105615 0.00184356
0.105664 0.00184357

0.105664 0.00184357
0.105713 0.00184357

0.105713 0.00184357
0.105762 0.00184357

0.105762 0.00184357
0.105811 0.00184358

0.105811 0.00184358
0.105859 0.00184358

0.105859 0.00184358
0.105908 0.00184358

0.105908 0.00184358
0.105957 0.00184358

0.105957 0.00184358
0.106006 0.00184359

0.106006 0.00184359
0.106055 0.00184359

0.106055 0.00184359
0.106104 0.00184359

0.106104 0.00184359
0.106152 0.00184359

0.106152 0.00184359
0.106201 0.0018436

0.106201 0.0018436
0.10625 0.0018436

0.10625 0.0018436
0.106299 0.0018436

0.106299 0.0018436
0.106348 0.0018436

0.106348 0.0018436
0.106396 0.00184361

0.106396 0.00184361
0.106445 0.00184361

0.106445 0.00184361
0.106494 0.00184361

0.106494 0.00184361
0.106543 0.00184361

0.106543 0.00184361
0.106592 0.00184361

0.106592 0.00184361
0.106641 0.00184361

0.106641 0.00184361
0.106689 0.00184362

0.106689 0.00184362
0.106738 0.00184362

0.106738 0.00184362
0.106787 0.00184362

0.106787 0.00184362
0.106836 0.00184362

0.106836 0.00184362
0.106885 0.00184362

0.106885 0.00184362
0.106934 0.00184362

0.106934 0.00184362
0.106982 0.00184362

0.106982 0.00184362
0.107031 0.00184362

0.107031 0.00184362
0.10708 0.00184362

0.10708 0.00184362
0.107129 0.00184362

0.107129 0.00184362
0.107178 0.00184362

0.107178 0.00184362
0.107227 0.00184362

0.107227 0.00184362
0.107275 0.00184362

0.107275 0.00184362
0.107324 0.00184362

0.107324 0.00184362
0.107373 0.00184362

0.107373 0.00184362
0.107422 0.00184362

0.107422 0.00184362
0.107471 0.00184362

0.107471 0.00184362
0.10752 0.00184362

0.10752 0.00184362
0.107568 0.00184362

0.107568 0.00184362
0.107617 0.00184362

0.107617 0.00184362
0.107666 0.00184362

0.107666 0.00184362
0.107715 0.00184361

0.107715 0.00184361
0.107764 0.00184361

0.107764 0.00184361
0.107813 0.00184361

0.107813 0.00184361
0.107861 0.00184361

0.107861 0.00184361
0.10791 0.00184361

0.10791 0.00184361
0.107959 0.00184361

0.107959 0.00184361
0.108008 0.0018436

0.108008 0.0018436
0.108057 0.0018436

0.108057 0.0018436
0.108105 0.0018436

0.108105 0.0018436
0.108154 0.0018436

0.108154 0.0018436
0.108203 0.0018436

0.108203 0.0018436
0.108252 0.00184359

0.108252 0.00184359
0.108301 0.00184359

0.108301 0.00184359
0.10835 0.00184359

0.10835 0.00184359
0.108398 0.00184359

0.108398 0.00184359
0.108447 0.00184358

0.108447 0.00184358
0.108496 0.00184358

0.108496 0.00184358
0.108545 0.00184358

0.108545 0.00184358
0.108594 0.00184358

0.108594 0.00184358
0.108643 0.00184357

0.108643 0.00184357
0.108691 0.00184357

0.108691 0.00184357
0.10874 0.00184357

0.10874 0.00184357
0.108789 0.00184356

0.108789 0.00184356
0.108838 0.00184356

0.108838 0.00184356
0.108887 0.00184356

0.108887 0.00184356
0.108936 0.00184356

0.108936 0.00184356
0.108984 0.00184355

0.108984 0.00184355
0.109033 0.00184355

0.109033 0.00184355
0.109082 0.00184355

0.109082 0.00184355
0.109131 0.00184355

0.109131 0.00184355
0.10918 0.00184354

0.10918 0.00184354
0.109229 0.00184354

0.109229 0.00184354
0.109277 0.00184354

0.109277 0.00184354
0.109326 0.00184354

0.109326 0.00184354
0.109375 0.00184353

0.109375 0.00184353
0.109424 0.00184353

0.109424 0.00184353
0.109473 0.00184353

0.109473 0.00184353
0.109521 0.00184353

0.109521 0.00184353
0.10957 0.00184353

0.10957 0.00184353
0.109619 0.00184352

0.109619 0.00184352
0.109668 0.00184352

0.109668 0.00184352
0.109717 0.00184352

0.109717 0.00184352
0.109766 0.00184352

0.109766 0.00184352
0.109814 0.00184352

0.109814 0.00184352
0.109863 0.00184352

0.109863 0.00184352
0.109912 0.00184351

0.109912 0.00184351
0.109961 0.00184351

0.109961 0.00184351
0.11001 0.00184351

0.11001 0.00184351
0.110059 0.00184351

0.110059 0.00184351
0.110107 0.00184351

0.110107 0.00184351
0.110156 0.00184351

0.110156 0.00184351
0.110205 0.00184351

0.110205 0.00184351
0.110254 0.00184351

0.110254 0.00184351
0.110303 0.00184351

0.110303 0.00184351
0.110352 0.00184351

0.110352 0.00184351
0.1104 0.00184351

0.1104 0.00184351
0.110449 0.00184351

0.110449 0.00184351
0.110498 0.00184351

0.110498 0.00184351
0.110547 0.00184351

0.110547 0.00184351
0.110596 0.00184351

0.110596 0.00184351
0.110645 0.00184351

0.110645 0.00184351
0.110693 0.00184351

0.110693 0.00184351
0.110742 0.00184351

0.110742 0.00184351
0.110791 0.00184351

0.110791 0.00184351
0.11084 0.00184351

0.11084 0.00184351
0.110889 0.00184351

0.110889 0.00184351
0.110938 0.00184351

0.110937 0.00184351
0.110986 0.00184351

0.110986 0.00184351
0.111035 0.00184351

0.111035 0.00184351
0.111084 0.00184351

0.111084 0.00184351
0.111133 0.00184351

0.111133 0.00184351
0.111182 0.00184352

0.111182 0.00184352
0.11123 0.00184352

0.11123 0.00184352
0.111279 0.00184352

0.111279 0.00184352
0.111328 0.00184352

0.111328 0.00184352
0.111377 0.00184352

0.111377 0.00184352
0.111426 0.00184352

0.111426 0.00184352
0.111475 0.00184352

0.111475 0.00184352
0.111523 0.00184352

0.111523 0.00184352
0.111572 0.00184352

0.111572 0.00184352
0.111621 0.00184353

0.111621 0.00184353
0.11167 0.00184353

0.11167 0.00184353
0.111719 0.00184353

0.111719 0.00184353
0.111768 0.00184353

0.111768 0.00184353
0.111816 0.00184353

0.111816 0.00184353
0.111865 0.00184353

0.111865 0.00184353
0.111914 0.00184353

0.111914 0.00184353
0.111963 0.00184353

0.111963 0.00184353
0.112012 0.00184353

0.112012 0.00184353
0.112061 0.00184353

0.112061 0.00184353
0.112109 0.00184353

0.112109 0.00184353
0.112158 0.00184353

0.112158 0.00184353
0.112207 0.00184353

0.112207 0.00184353
0.112256 0.00184354

0.112256 0.00184354
0.112305 0.00184354

0.112305 0.00184354
0.112354 0.00184354

0.112354 0.00184354
0.112402 0.00184354

0.112402 0.00184354
0.112451 0.00184353

0.112451 0.00184353
0.1125 0.00184353

0.1125 0.00184353
0.112549 0.00184353

0.112549 0.00184353
0.112598 0.00184353

0.112598 0.00184353
0.112646 0.00184353

0.112646 0.00184353
0.112695 0.00184353

0.112695 0.00184353
0.112744 0.00184353

0.112744 0.00184353
0.112793 0.00184353

0.112793 0.00184353
0.112842 0.00184353

0.112842 0.00184353
0.112891 0.00184353

0.112891 0.00184353
0.112939 0.00184352

0.112939 0.00184352
0.112988 0.00184352

0.112988 0.00184352
0.113037 0.00184352

0.113037 0.00184352
0.113086 0.00184352

0.113086 0.00184352
0.113135 0.00184352

0.113135 0.00184352
0.113184 0.00184351

0.113184 0.00184351
0.113232 0.00184351

0.113232 0.00184351
0.113281 0.00184351

0.113281 0.00184351
0.11333 0.0018435

0.11333 0.0018435
0.113379 0.0018435

0.113379 0.0018435
0.113428 0.0018435

0.113428 0.0018435
0.113477 0.00184349

0.113477 0.00184349
0.113525 0.00184349

0.113525 0.00184349
0.113574 0.00184349

0.113574 0.00184349
0.113623 0.00184348

0.113623 0.00184348
0.113672 0.00184348

0.113672 0.00184348
0.113721 0.00184347

0.113721 0.00184347
0.11377 0.00184347

0.11377 0.00184347
0.113818 0.00184346

0.113818 0.00184346
0.113867 0.00184346

0.113867 0.00184346
0.113916 0.00184345

0.113916 0.00184345
0.113965 0.00184345

0.113965 0.00184345
0.114014 0.00184344

0.114014 0.00184344
0.114063 0.00184343

0.114062 0.00184343
0.114111 0.00184343

0.114111 0.00184343
0.11416 0.00184342

0.11416 0.00184342
0.114209 0.00184342

0.114209 0.00184342
0.114258 0.00184341

0.114258 0.00184341
0.114307 0.0018434

0.114307 0.0018434
0.114355 0.0018434

0.114355 0.0018434
0.114404 0.00184339

0.114404 0.00184339
0.114453 0.00184338

0.114453 0.00184338
0.114502 0.00184337

0.114502 0.00184337
0.114551 0.00184337

0.114551 0.00184337
0.1146 0.00184336

0.1146 0.00184336
0.114648 0.00184335

0.114648 0.00184335
0.114697 0.00184334

0.114697 0.00184334
0.114746 0.00184334

0.114746 0.00184334
0.114795 0.00184333

0.114795 0.00184333
0.114844 0.00184332

0.114844 0.00184332
0.114893 0.00184331

0.114893 0.00184331
0.114941 0.0018433

0.114941 0.0018433
0.11499 0.00184329

0.11499 0.00184329
0.115039 0.00184329

0.115039 0.00184329
0.115088 0.00184328

0.115088 0.00184328
0.115137 0.00184327

0.115137 0.00184327
0.115186 0.00184326

0.115186 0.00184326
0.115234 0.00184325

0.115234 0.00184325
0.115283 0.00184324

0.115283 0.00184324
0.115332 0.00184323

0.115332 0.00184323
0.115381 0.00184322

0.115381 0.00184322
0.11543 0.00184321

0.11543 0.00184321
0.115479 0.0018432

0.115479 0.0018432
0.115527 0.00184319

0.115527 0.00184319
0.115576 0.00184318

0.115576 0.00184318
0.115625 0.00184317

0.115625 0.00184317
0.115674 0.00184316

0.115674 0.00184316
0.115723 0.00184315

0.115723 0.00184315
0.115771 0.00184314

0.115771 0.00184314
0.11582 0.00184313

0.11582 0.00184313
0.115869 0.00184312

0.115869 0.00184312
0.115918 0.00184311

0.115918 0.00184311
0.115967 0.0018431

0.115967 0.0018431
0.116016 0.00184309

0.116016 0.00184309
0.116064 0.00184308

0.116064 0.00184308
0.116113 0.00184307

0.116113 0.00184307
0.116162 0.00184306

0.116162 0.00184306
0.116211 0.00184305

0.116211 0.00184305
0.11626 0.00184304

0.11626 0.00184304
0.116309 0.00184303

0.116309 0.00184303
0.116357 0.00184302

0.116357 0.00184302
0.116406 0.00184301

0.116406 0.00184301
0.116455 0.001843

0.116455 0.001843
0.116504 0.00184298

0.116504 0.00184298
0.116553 0.00184297

0.116553 0.00184297
0.116602 0.00184296

0.116602 0.00184296
0.11665 0.00184295

0.11665 0.00184295
0.116699 0.00184294

0.116699 0.00184294
0.116748 0.00184293

0.116748 0.00184293
0.116797 0.00184292

0.116797 0.00184292
0.116846 0.00184291

0.116846 0.00184291
0.116895 0.00184289

0.116895 0.00184289
0.116943 0.00184288

0.116943 0.00184288
0.116992 0.00184287

0.116992 0.00184287
0.117041 0.00184286

0.117041 0.00184286
0.11709 0.00184285

0.11709 0.00184285
0.117139 0.00184283

0.117139 0.00184283
0.117188 0.00184282

0.117188 0.00184282
0.117236 0.00184281

0.117236 0.00184281
0.117285 0.0018428

0.117285 0.0018428
0.117334 0.00184279

0.117334 0.00184279
0.117383 0.00184277

0.117383 0.00184277
0.117432 0.00184276

0.117432 0.00184276
0.11748 0.00184275

0.11748 0.00184275
0.117529 0.00184274

0.117529 0.00184274
0.117578 0.00184272

0.117578 0.00184272
0.117627 0.00184271

0.117627 0.00184271
0.117676 0.0018427

0.117676 0.0018427
0.117725 0.00184268

0.117725 0.00184268
0.117773 0.00184267

0.117773 0.00184267
0.117822 0.00184266

0.117822 0.00184266
0.117871 0.00184265

0.117871 0.00184265
0.11792 0.00184263

0.11792 0.00184263
0.117969 0.00184262

0.117969 0.00184262
0.118018 0.00184261

0.118018 0.00184261
0.118066 0.00184259

0.118066 0.00184259
0.118115 0.00184258

0.118115 0.00184258
0.118164 0.00184257

0.118164 0.00184257
0.118213 0.00184256

0.118213 0.00184256
0.118262 0.00184254

0.118262 0.00184254
0.118311 0.00184253

0.118311 0.00184253
0.118359 0.00184252

0.118359 0.00184252
0.118408 0.0018425

0.118408 0.0018425
0.118457 0.00184249

0.118457 0.00184249
0.118506 0.00184248

0.118506 0.00184248
0.118555 0.00184246

0.118555 0.00184246
0.118604 0.00184245

0.118604 0.00184245
0.118652 0.00184244

0.118652 0.00184244
0.118701 0.00184243

0.118701 0.00184243
0.11875 0.00184241

0.11875 0.00184241
0.118799 0.0018424

0.118799 0.0018424
0.118848 0.00184239

0.118848 0.00184239
0.118896 0.00184238

0.118896 0.00184238
0.118945 0.00184236

0.118945 0.00184236
0.118994 0.00184235

0.118994 0.00184235
0.119043 0.00184234

0.119043 0.00184234
0.119092 0.00184233

0.119092 0.00184233
0.119141 0.00184232

0.119141 0.00184232
0.119189 0.0018423

0.119189 0.0018423
0.119238 0.00184229

0.119238 0.00184229
0.119287 0.00184228

0.119287 0.00184228
0.119336 0.00184227

0.119336 0.00184227
0.119385 0.00184226

0.119385 0.00184226
0.119434 0.00184225

0.119434 0.00184225
0.119482 0.00184224

0.119482 0.00184224
0.119531 0.00184223

0.119531 0.00184223
0.11958 0.00184222

0.11958 0.00184222
0.119629 0.00184221

0.119629 0.00184221
0.119678 0.0018422

0.119678 0.0018422
0.119727 0.00184219

0.119727 0.00184219
0.119775 0.00184218

0.119775 0.00184218
0.119824 0.00184217

0.119824 0.00184217
0.119873 0.00184216

0.119873 0.00184216
0.119922 0.00184216

0.119922 0.00184216
0.119971 0.00184215

0.119971 0.00184215
0.12002 0.00184214

0.12002 0.00184214
0.120068 0.00184213

0.120068 0.00184213
0.120117 0.00184213

0.120117 0.00184213
0.120166 0.00184212

0.120166 0.00184212
0.120215 0.00184212

0.120215 0.00184212
0.120264 0.00184211

0.120264 0.00184211
0.120313 0.0018421

0.120313 0.0018421
0.120361 0.0018421

0.120361 0.0018421
0.12041 0.00184209

0.12041 0.00184209
0.120459 0.00184209

0.120459 0.00184209
0.120508 0.00184209

0.120508 0.00184209
0.120557 0.00184208

0.120557 0.00184208
0.120605 0.00184208

0.120605 0.00184208
0.120654 0.00184208

0.120654 0.00184208
0.120703 0.00184208

0.120703 0.00184208
0.120752 0.00184207

0.120752 0.00184207
0.120801 0.00184207

0.120801 0.00184207
0.12085 0.00184207

0.12085 0.00184207
0.120898 0.00184207

0.120898 0.00184207
0.120947 0.00184207

0.120947 0.00184207
0.120996 0.00184207

0.120996 0.00184207
0.121045 0.00184207

0.121045 0.00184207
0.121094 0.00184207

0.121094 0.00184207
0.121143 0.00184207

0.121143 0.00184207
0.121191 0.00184208

0.121191 0.00184208
0.12124 0.00184208

0.12124 0.00184208
0.121289 0.00184208

0.121289 0.00184208
0.121338 0.00184209

0.121338 0.00184209
0.121387 0.00184209

0.121387 0.00184209
0.121436 0.00184209

0.121436 0.00184209
0.121484 0.0018421

0.121484 0.0018421
0.121533 0.0018421

0.121533 0.0018421
0.121582 0.00184211

0.121582 0.00184211
0.121631 0.00184212

0.121631 0.00184212
0.12168 0.00184212

0.12168 0.00184212
0.121729 0.00184213

0.121729 0.00184213
0.121777 0.00184214

0.121777 0.00184214
0.121826 0.00184215

0.121826 0.00184215
0.121875 0.00184215

0.121875 0.00184215
0.121924 0.00184216

0.121924 0.00184216
0.121973 0.00184217

0.121973 0.00184217
0.122021 0.00184218

0.122021 0.00184218
0.12207 0.00184219

0.12207 0.00184219
0.122119 0.0018422

0.122119 0.0018422
0.122168 0.00184221

0.122168 0.00184221
0.122217 0.00184222

0.122217 0.00184222
0.122266 0.00184224

0.122266 0.00184224
0.122314 0.00184225

0.122314 0.00184225
0.122363 0.00184226

0.122363 0.00184226
0.122412 0.00184228

0.122412 0.00184228
0.122461 0.00184229

0.122461 0.00184229
0.12251 0.0018423

0.12251 0.0018423
0.122559 0.00184232

0.122559 0.00184232
0.122607 0.00184233

0.122607 0.00184233
0.122656 0.00184235

0.122656 0.00184235
0.122705 0.00184236

0.122705 0.00184236
0.122754 0.00184238

0.122754 0.00184238
0.122803 0.0018424

0.122803 0.0018424
0.122852 0.00184241

0.122852 0.00184241
0.1229 0.00184243

0.1229 0.00184243
0.122949 0.00184245

0.122949 0.00184245
0.122998 0.00184246

0.122998 0.00184246
0.123047 0.00184248

0.123047 0.00184248
0.123096 0.0018425

0.123096 0.0018425
0.123145 0.00184252

0.123145 0.00184252
0.123193 0.00184254

0.123193 0.00184254
0.123242 0.00184256

0.123242 0.00184256
0.123291 0.00184258

0.123291 0.00184258
0.12334 0.0018426

0.12334 0.0018426
0.123389 0.00184262

0.123389 0.00184262
0.123438 0.00184264

0.123438 0.00184264
0.123486 0.00184266

0.123486 0.00184266
0.123535 0.00184268

0.123535 0.00184268
0.123584 0.0018427

0.123584 0.0018427
0.123633 0.00184273

0.123633 0.00184273
0.123682 0.00184275

0.123682 0.00184275
0.12373 0.00184277

0.12373 0.00184277
0.123779 0.00184279

0.123779 0.00184279
0.123828 0.00184282

0.123828 0.00184282
0.123877 0.00184284

0.123877 0.00184284
0.123926 0.00184286

0.123926 0.00184286
0.123975 0.00184288

0.123975 0.00184288
0.124023 0.00184291

0.124023 0.00184291
0.124072 0.00184293

0.124072 0.00184293
0.124121 0.00184296

0.124121 0.00184296
0.12417 0.00184298

0.12417 0.00184298
0.124219 0.001843

0.124219 0.001843
0.124268 0.00184303

0.124268 0.00184303
0.124316 0.00184305

0.124316 0.00184305
0.124365 0.00184308

0.124365 0.00184308
0.124414 0.0018431

0.124414 0.0018431
0.124463 0.00184312

0.124463 0.00184312
0.124512 0.00184315

0.124512 0.00184315
0.124561 0.00184317

0.124561 0.00184317
0.124609 0.0018432

0.124609 0.0018432
0.124658 0.00184322

0.124658 0.00184322
0.124707 0.00184325

0.124707 0.00184325
0.124756 0.00184327

0.124756 0.00184327
0.124805 0.00184329

0.124805 0.00184329
0.124854 0.00184332

0.124854 0.00184332
0.124902 0.00184334

0.124902 0.00184334
0.124951 0.00184336

0.124951 0.00184336
0.125 0.00184339

0.125 0.00184339
0.125049 0.00184341

0.125049 0.00184341
0.125098 0.00184343

0.125098 0.00184343
0.125146 0.00184346

0.125146 0.00184346
0.125195 0.00184348

0.125195 0.00184348
0.125244 0.0018435

0.125244 0.0018435
0.125293 0.00184352

0.125293 0.00184352
0.125342 0.00184354

0.125342 0.00184354
0.125391 0.00184357

0.125391 0.00184357
0.125439 0.00184359

0.125439 0.00184359
0.125488 0.00184361

0.125488 0.00184361
0.125537 0.00184363

0.125537 0.00184363
0.125586 0.00184365

0.125586 0.00184365
0.125635 0.00184367

0.125635 0.00184367
0.125684 0.00184368

0.125684 0.00184368
0.125732 0.0018437

0.125732 0.0018437
0.125781 0.00184372

0.125781 0.00184372
0.12583 0.00184374

0.12583 0.00184374
0.125879 0.00184376

0.125879 0.00184376
0.125928 0.00184377

0.125928 0.00184377
0.125977 0.00184379

0.125977 0.00184379
0.126025 0.0018438

0.126025 0.0018438
0.126074 0.00184382

0.126074 0.00184382
0.126123 0.00184383

0.126123 0.00184383
0.126172 0.00184384

0.126172 0.00184384
0.126221 0.00184386

0.126221 0.00184386
0.12627 0.00184387

0.12627 0.00184387
0.126318 0.00184388

0.126318 0.00184388
0.126367 0.00184389

0.126367 0.00184389
0.126416 0.0018439

0.126416 0.0018439
0.126465 0.00184391

0.126465 0.00184391
0.126514 0.00184392

0.126514 0.00184392
0.126563 0.00184393

0.126562 0.00184393
0.126611 0.00184394

0.126611 0.00184394
0.12666 0.00184394

0.12666 0.00184394
0.126709 0.00184395

0.126709 0.00184395
0.126758 0.00184395

0.126758 0.00184395
0.126807 0.00184396

0.126807 0.00184396
0.126855 0.00184396

0.126855 0.00184396
0.126904 0.00184396

0.126904 0.00184396
0.126953 0.00184396

0.126953 0.00184396
0.127002 0.00184396

0.127002 0.00184396
0.127051 0.00184396

0.127051 0.00184396
0.1271 0.00184396

0.1271 0.00184396
0.127148 0.00184396

0.127148 0.00184396
0.127197 0.00184396

0.127197 0.00184396
0.127246 0.00184395

0.127246 0.00184395
0.127295 0.00184395

0.127295 0.00184395
0.127344 0.00184394

0.127344 0.00184394
0.127393 0.00184394

0.127393 0.00184394
0.127441 0.00184393

0.127441 0.00184393
0.12749 0.00184392

0.12749 0.00184392
0.127539 0.00184391

0.127539 0.00184391
0.127588 0.0018439

0.127588 0.0018439
0.127637 0.00184389

0.127637 0.00184389
0.127686 0.00184388

0.127686 0.00184388
0.127734 0.00184387

0.127734 0.00184387
0.127783 0.00184385

0.127783 0.00184385
0.127832 0.00184384

0.127832 0.00184384
0.127881 0.00184382

0.127881 0.00184382
0.12793 0.00184381

0.12793 0.00184381
0.127979 0.00184379

0.127979 0.00184379
0.128027 0.00184377

0.128027 0.00184377
0.128076 0.00184375

0.128076 0.00184375
0.128125 0.00184373

0.128125 0.00184373
0.128174 0.00184371

0.128174 0.00184371
0.128223 0.00184369

0.128223 0.00184369
0.128271 0.00184366

0.128271 0.00184366
0.12832 0.00184364

0.12832 0.00184364
0.128369 0.00184362

0.128369 0.00184362
0.128418 0.00184359

0.128418 0.00184359
0.128467 0.00184356

0.128467 0.00184356
0.128516 0.00184354

0.128516 0.00184354
0.128564 0.00184351

0.128564 0.00184351
0.128613 0.00184348

0.128613 0.00184348
0.128662 0.00184345

0.128662 0.00184345
0.128711 0.00184342

0.128711 0.00184342
0.12876 0.00184339

0.12876 0.00184339
0.128809 0.00184336

0.128809 0.00184336
0.128857 0.00184332

0.128857 0.00184332
0.128906 0.00184329

0.128906 0.00184329
0.128955 0.00184325

0.128955 0.00184325
0.129004 0.00184322

0.129004 0.00184322
0.129053 0.00184318

0.129053 0.00184318
0.129102 0.00184315

0.129102 0.00184315
0.12915 0.00184311

0.12915 0.00184311
0.129199 0.00184307

0.129199 0.00184307
0.129248 0.00184303

0.129248 0.00184303
0.129297 0.00184299

0.129297 0.00184299
0.129346 0.00184295

0.129346 0.00184295
0.129395 0.00184291

0.129395 0.00184291
0.129443 0.00184287

0.129443 0.00184287
0.129492 0.00184283

0.129492 0.00184283
0.129541 0.00184279

0.129541 0.00184279
0.12959 0.00184275

0.12959 0.00184275
0.129639 0.0018427

0.129639 0.0018427
0.129688 0.00184266

0.129688 0.00184266
0.129736 0.00184261

0.129736 0.00184261
0.129785 0.00184257

0.129785 0.00184257
0.129834 0.00184252

0.129834 0.00184252
0.129883 0.00184248

0.129883 0.00184248
0.129932 0.00184243

0.129932 0.00184243
0.12998 0.00184239

0.12998 0.00184239
0.130029 0.00184234

0.130029 0.00184234
0.130078 0.0018423

0.130078 0.0018423
0.130127 0.00184225

0.130127 0.00184225
0.130176 0.0018422

0.130176 0.0018422
0.130225 0.00184215

0.130225 0.00184215
0.130273 0.00184211

0.130273 0.00184211
0.130322 0.00184206

0.130322 0.00184206
0.130371 0.00184201

0.130371 0.00184201
0.13042 0.00184196

0.13042 0.00184196
0.130469 0.00184192

0.130469 0.00184192
0.130518 0.00184187

0.130518 0.00184187
0.130566 0.00184182

0.130566 0.00184182
0.130615 0.00184177

0.130615 0.00184177
0.130664 0.00184173

0.130664 0.00184173
0.130713 0.00184168

0.130713 0.00184168
0.130762 0.00184163

0.130762 0.00184163
0.130811 0.00184159

0.130811 0.00184159
0.130859 0.00184154

0.130859 0.00184154
0.130908 0.00184149

0.130908 0.00184149
0.130957 0.00184145

0.130957 0.00184145
0.131006 0.0018414

0.131006 0.0018414
0.131055 0.00184135

0.131055 0.00184135
0.131104 0.00184131

0.131104 0.00184131
0.131152 0.00184126

0.131152 0.00184126
0.131201 0.00184122

0.131201 0.00184122
0.13125 0.00184117

0.13125 0.00184117
0.131299 0.00184113

0.131299 0.00184113
0.131348 0.00184109

0.131348 0.00184109
0.131396 0.00184104

0.131396 0.00184104
0.131445 0.001841

0.131445 0.001841
0.131494 0.00184096

0.131494 0.00184096
0.131543 0.00184092

0.131543 0.00184092
0.131592 0.00184088

0.131592 0.00184088
0.131641 0.00184084

0.131641 0.00184084
0.131689 0.0018408

0.131689 0.0018408
0.131738 0.00184076

0.131738 0.00184076
0.131787 0.00184072

0.131787 0.00184072
0.131836 0.00184068

0.131836 0.00184068
0.131885 0.00184065

0.131885 0.00184065
0.131934 0.00184061

0.131934 0.00184061
0.131982 0.00184058

0.131982 0.00184058
0.132031 0.00184054

0.132031 0.00184054
0.13208 0.00184051

0.13208 0.00184051
0.132129 0.00184048

0.132129 0.00184048
0.132178 0.00184044

0.132178 0.00184044
0.132227 0.00184041

0.132227 0.00184041
0.132275 0.00184038

0.132275 0.00184038
0.132324 0.00184035

0.132324 0.00184035
0.132373 0.00184033

0.132373 0.00184033
0.132422 0.0018403

0.132422 0.0018403
0.132471 0.00184027

0.132471 0.00184027
0.13252 0.00184025

0.13252 0.00184025
0.132568 0.00184022

0.132568 0.00184022
0.132617 0.0018402

0.132617 0.0018402
0.132666 0.00184018

0.132666 0.00184018
0.132715 0.00184016

0.132715 0.00184016
0.132764 0.00184013

0.132764 0.00184013
0.132812 0.00184012

0.132812 0.00184012
0.132861 0.0018401

0.132861 0.0018401
0.13291 0.00184008

0.13291 0.00184008
0.132959 0.00184006

0.132959 0.00184006
0.133008 0.00184005

0.133008 0.00184005
0.133057 0.00184003

0.133057 0.00184003
0.133105 0.00184002

0.133105 0.00184002
0.133154 0.00184001

0.133154 0.00184001
0.133203 0.00184

0.133203 0.00184
0.133252 0.00183999

0.133252 0.00183999
0.133301 0.00183998

0.133301 0.00183998
0.13335 0.00183997

0.13335 0.00183997
0.133398 0.00183996

0.133398 0.00183996
0.133447 0.00183996

0.133447 0.00183996
0.133496 0.00183995

0.133496 0.00183995
0.133545 0.00183995

0.133545 0.00183995
0.133594 0.00183994

0.133594 0.00183994
0.133643 0.00183994

0.133643 0.00183994
0.133691 0.00183994

0.133691 0.00183994
0.13374 0.00183994

0.13374 0.00183994
0.133789 0.00183994

0.133789 0.00183994
0.133838 0.00183994

0.133838 0.00183994
0.133887 0.00183995

0.133887 0.00183995
0.133936 0.00183995

0.133936 0.00183995
0.133984 0.00183995

0.133984 0.00183995
0.134033 0.00183996

0.134033 0.00183996
0.134082 0.00183997

0.134082 0.00183997
0.134131 0.00183997

0.134131 0.00183997
0.13418 0.00183998

0.13418 0.00183998
0.134229 0.00183999

0.134229 0.00183999
0.134277 0.00184

0.134277 0.00184
0.134326 0.00184001

0.134326 0.00184001
0.134375 0.00184002

0.134375 0.00184002
0.134424 0.00184003

0.134424 0.00184003
0.134473 0.00184005

0.134473 0.00184005
0.134521 0.00184006

0.134521 0.00184006
0.13457 0.00184007

0.13457 0.00184007
0.134619 0.00184009

0.134619 0.00184009
0.134668 0.0018401

0.134668 0.0018401
0.134717 0.00184012

0.134717 0.00184012
0.134766 0.00184013

0.134766 0.00184013
0.134814 0.00184015

0.134814 0.00184015
0.134863 0.00184017

0.134863 0.00184017
0.134912 0.00184019

0.134912 0.00184019
0.134961 0.0018402

0.134961 0.0018402
0.13501 0.00184022

0.13501 0.00184022
0.135059 0.00184024

0.135059 0.00184024
0.135107 0.00184026

0.135107 0.00184026
0.135156 0.00184028

0.135156 0.00184028
0.135205 0.0018403

0.135205 0.0018403
0.135254 0.00184032

0.135254 0.00184032
0.135303 0.00184034

0.135303 0.00184034
0.135352 0.00184036

0.135352 0.00184036
0.1354 0.00184038

0.1354 0.00184038
0.135449 0.0018404

0.135449 0.0018404
0.135498 0.00184042

0.135498 0.00184042
0.135547 0.00184044

0.135547 0.00184044
0.135596 0.00184046

0.135596 0.00184046
0.135645 0.00184048

0.135645 0.00184048
0.135693 0.0018405

0.135693 0.0018405
0.135742 0.00184052

0.135742 0.00184052
0.135791 0.00184054

0.135791 0.00184054
0.13584 0.00184056

0.13584 0.00184056
0.135889 0.00184058

0.135889 0.00184058
0.135938 0.0018406

0.135937 0.0018406
0.135986 0.00184061

0.135986 0.00184061
0.136035 0.00184063

0.136035 0.00184063
0.136084 0.00184065

0.136084 0.00184065
0.136133 0.00184067

0.136133 0.00184067
0.136182 0.00184068

0.136182 0.00184068
0.13623 0.0018407

0.13623 0.0018407
0.136279 0.00184072

0.136279 0.00184072
0.136328 0.00184073

0.136328 0.00184073
0.136377 0.00184075

0.136377 0.00184075
0.136426 0.00184076

0.136426 0.00184076
0.136475 0.00184078

0.136475 0.00184078
0.136523 0.00184079

0.136523 0.00184079
0.136572 0.0018408

0.136572 0.0018408
0.136621 0.00184081

0.136621 0.00184081
0.13667 0.00184082

0.13667 0.00184082
0.136719 0.00184083

0.136719 0.00184083
0.136768 0.00184084

0.136768 0.00184084
0.136816 0.00184085

0.136816 0.00184085
0.136865 0.00184086

0.136865 0.00184086
0.136914 0.00184087

0.136914 0.00184087
0.136963 0.00184087

0.136963 0.00184087
0.137012 0.00184088

0.137012 0.00184088
0.137061 0.00184088

0.137061 0.00184088
0.137109 0.00184088

0.137109 0.00184088
0.137158 0.00184088

0.137158 0.00184088
0.137207 0.00184089

0.137207 0.00184089
0.137256 0.00184089

0.137256 0.00184089
0.137305 0.00184088

0.137305 0.00184088
0.137354 0.00184088

0.137354 0.00184088
0.137402 0.00184088

0.137402 0.00184088
0.137451 0.00184088

0.137451 0.00184088
0.1375 0.00184087

0.1375 0.00184087
0.137549 0.00184086

0.137549 0.00184086
0.137598 0.00184086

0.137598 0.00184086
0.137646 0.00184085

0.137646 0.00184085
0.137695 0.00184084

0.137695 0.00184084
0.137744 0.00184083

0.137744 0.00184083
0.137793 0.00184081

0.137793 0.00184081
0.137842 0.0018408

0.137842 0.0018408
0.137891 0.00184079

0.137891 0.00184079
0.137939 0.00184077

0.137939 0.00184077
0.137988 0.00184076

0.137988 0.00184076
0.138037 0.00184074

0.138037 0.00184074
0.138086 0.00184072

0.138086 0.00184072
0.138135 0.0018407

0.138135 0.0018407
0.138184 0.00184068

0.138184 0.00184068
0.138232 0.00184066

0.138232 0.00184066
0.138281 0.00184063

0.138281 0.00184063
0.13833 0.00184061

0.13833 0.00184061
0.138379 0.00184058

0.138379 0.00184058
0.138428 0.00184056

0.138428 0.00184056
0.138477 0.00184053

0.138477 0.00184053
0.138525 0.0018405

0.138525 0.0018405
0.138574 0.00184047

0.138574 0.00184047
0.138623 0.00184044

0.138623 0.00184044
0.138672 0.00184041

0.138672 0.00184041
0.138721 0.00184038

0.138721 0.00184038
0.13877 0.00184034

0.13877 0.00184034
0.138818 0.00184031

0.138818 0.00184031
0.138867 0.00184027

0.138867 0.00184027
0.138916 0.00184024

0.138916 0.00184024
0.138965 0.0018402

0.138965 0.0018402
0.139014 0.00184016

0.139014 0.00184016
0.139063 0.00184013

0.139063 0.00184013
0.139111 0.00184009

0.139111 0.00184009
0.13916 0.00184005

0.13916 0.00184005
0.139209 0.00184001

0.139209 0.00184001
0.139258 0.00183997

0.139258 0.00183997
0.139307 0.00183992

0.139307 0.00183992
0.139355 0.00183988

0.139355 0.00183988
0.139404 0.00183984

0.139404 0.00183984
0.139453 0.00183979

0.139453 0.00183979
0.139502 0.00183975

0.139502 0.00183975
0.139551 0.0018397

0.139551 0.0018397
0.1396 0.00183966

0.1396 0.00183966
0.139648 0.00183961

0.139648 0.00183961
0.139697 0.00183957

0.139697 0.00183957
0.139746 0.00183952

0.139746 0.00183952
0.139795 0.00183947

0.139795 0.00183947
0.139844 0.00183943

0.139844 0.00183943
0.139893 0.00183938

0.139893 0.00183938
0.139941 0.00183933

0.139941 0.00183933
0.13999 0.00183929

0.13999 0.00183929
0.140039 0.00183924

0.140039 0.00183924
0.140088 0.00183919

0.140088 0.00183919
0.140137 0.00183914

0.140137 0.00183914
0.140186 0.00183909

0.140186 0.00183909
0.140234 0.00183905

0.140234 0.00183905
0.140283 0.001839

0.140283 0.001839
0.140332 0.00183895

0.140332 0.00183895
0.140381 0.0018389

0.140381 0.0018389
0.14043 0.00183885

0.14043 0.00183885
0.140479 0.00183881

0.140479 0.00183881
0.140527 0.00183876

0.140527 0.00183876
0.140576 0.00183871

0.140576 0.00183871
0.140625 0.00183866

0.140625 0.00183866
0.140674 0.00183862

0.140674 0.00183862
0.140723 0.00183857

0.140723 0.00183857
0.140771 0.00183853

0.140771 0.00183853
0.14082 0.00183848

0.14082 0.00183848
0.140869 0.00183843

0.140869 0.00183843
0.140918 0.00183839

0.140918 0.00183839
0.140967 0.00183834

0.140967 0.00183834
0.141016 0.0018383

0.141016 0.0018383
0.141064 0.00183826

0.141064 0.00183826
0.141113 0.00183821

0.141113 0.00183821
0.141162 0.00183817

0.141162 0.00183817
0.141211 0.00183813

0.141211 0.00183813
0.14126 0.00183809

0.14126 0.00183809
0.141309 0.00183805

0.141309 0.00183805
0.141357 0.00183801

0.141357 0.00183801
0.141406 0.00183797

0.141406 0.00183797
0.141455 0.00183793

0.141455 0.00183793
0.141504 0.00183789

0.141504 0.00183789
0.141553 0.00183786

0.141553 0.00183786
0.141602 0.00183782

0.141602 0.00183782
0.14165 0.00183778

0.14165 0.00183778
0.141699 0.00183775

0.141699 0.00183775
0.141748 0.00183771

0.141748 0.00183771
0.141797 0.00183768

0.141797 0.00183768
0.141846 0.00183765

0.141846 0.00183765
0.141895 0.00183762

0.141895 0.00183762
0.141943 0.00183759

0.141943 0.00183759
0.141992 0.00183756

0.141992 0.00183756
0.142041 0.00183753

0.142041 0.00183753
0.14209 0.0018375

0.14209 0.0018375
0.142139 0.00183747

0.142139 0.00183747
0.142188 0.00183744

0.142187 0.00183744
0.142236 0.00183742

0.142236 0.00183742
0.142285 0.00183739

0.142285 0.00183739
0.142334 0.00183737

0.142334 0.00183737
0.142383 0.00183734

0.142383 0.00183734
0.142432 0.00183732

0.142432 0.00183732
0.14248 0.0018373

0.14248 0.0018373
0.142529 0.00183728

0.142529 0.00183728
0.142578 0.00183726

0.142578 0.00183726
0.142627 0.00183724

0.142627 0.00183724
0.142676 0.00183722

0.142676 0.00183722
0.142725 0.0018372

0.142725 0.0018372
0.142773 0.00183718

0.142773 0.00183718
0.142822 0.00183716

0.142822 0.00183716
0.142871 0.00183715

0.142871 0.00183715
0.14292 0.00183713

0.14292 0.00183713
0.142969 0.00183712

0.142969 0.00183712
0.143018 0.0018371

0.143018 0.0018371
0.143066 0.00183709

0.143066 0.00183709
0.143115 0.00183708

0.143115 0.00183708
0.143164 0.00183707

0.143164 0.00183707
0.143213 0.00183705

0.143213 0.00183705
0.143262 0.00183704

0.143262 0.00183704
0.143311 0.00183703

0.143311 0.00183703
0.143359 0.00183702

0.143359 0.00183702
0.143408 0.00183701

0.143408 0.00183701
0.143457 0.001837

0.143457 0.001837
0.143506 0.001837

0.143506 0.001837
0.143555 0.00183699

0.143555 0.00183699
0.143604 0.00183698

0.143604 0.00183698
0.143652 0.00183697

0.143652 0.00183697
0.143701 0.00183696

0.143701 0.00183696
0.14375 0.00183696

0.14375 0.00183696
0.143799 0.00183695

0.143799 0.00183695
0.143848 0.00183694

0.143848 0.00183694
0.143896 0.00183694

0.143896 0.00183694
0.143945 0.00183693

0.143945 0.00183693
0.143994 0.00183692

0.143994 0.00183692
0.144043 0.00183692

0.144043 0.00183692
0.144092 0.00183691

0.144092 0.00183691
0.144141 0.00183691

0.144141 0.00183691
0.144189 0.0018369

0.144189 0.0018369
0.144238 0.00183689

0.144238 0.00183689
0.144287 0.00183689

0.144287 0.00183689
0.144336 0.00183688

0.144336 0.00183688
0.144385 0.00183687

0.144385 0.00183687
0.144434 0.00183687

0.144434 0.00183687
0.144482 0.00183686

0.144482 0.00183686
0.144531 0.00183685

0.144531 0.00183685
0.14458 0.00183684

0.14458 0.00183684
0.144629 0.00183683

0.144629 0.00183683
0.144678 0.00183682

0.144678 0.00183682
0.144727 0.00183682

0.144727 0.00183682
0.144775 0.00183681

0.144775 0.00183681
0.144824 0.00183679

0.144824 0.00183679
0.144873 0.00183678

0.144873 0.00183678
0.144922 0.00183677

0.144922 0.00183677
0.144971 0.00183676

0.144971 0.00183676
0.14502 0.00183675

0.14502 0.00183675
0.145068 0.00183673

0.145068 0.00183673
0.145117 0.00183672

0.145117 0.00183672
0.145166 0.00183671

0.145166 0.00183671
0.145215 0.00183669

0.145215 0.00183669
0.145264 0.00183667

0.145264 0.00183667
0.145313 0.00183666

0.145313 0.00183666
0.145361 0.00183664

0.145361 0.00183664
0.14541 0.00183662

0.14541 0.00183662
0.145459 0.0018366

0.145459 0.0018366
0.145508 0.00183658

0.145508 0.00183658
0.145557 0.00183656

0.145557 0.00183656
0.145605 0.00183654

0.145605 0.00183654
0.145654 0.00183651

0.145654 0.00183651
0.145703 0.00183649

0.145703 0.00183649
0.145752 0.00183646

0.145752 0.00183646
0.145801 0.00183644

0.145801 0.00183644
0.14585 0.00183641

0.14585 0.00183641
0.145898 0.00183638

0.145898 0.00183638
0.145947 0.00183635

0.145947 0.00183635
0.145996 0.00183632

0.145996 0.00183632
0.146045 0.00183629

0.146045 0.00183629
0.146094 0.00183625

0.146094 0.00183625
0.146143 0.00183622

0.146143 0.00183622
0.146191 0.00183618

0.146191 0.00183618
0.14624 0.00183615

0.14624 0.00183615
0.146289 0.00183611

0.146289 0.00183611
0.146338 0.00183607

0.146338 0.00183607
0.146387 0.00183603

0.146387 0.00183603
0.146436 0.00183599

0.146436 0.00183599
0.146484 0.00183595

0.146484 0.00183595
0.146533 0.0018359

0.146533 0.0018359
0.146582 0.00183586

0.146582 0.00183586
0.146631 0.00183581

0.146631 0.00183581
0.14668 0.00183576

0.14668 0.00183576
0.146729 0.00183571

0.146729 0.00183571
0.146777 0.00183566

0.146777 0.00183566
0.146826 0.00183561

0.146826 0.00183561
0.146875 0.00183556

0.146875 0.00183556
0.146924 0.00183551

0.146924 0.00183551
0.146973 0.00183545

0.146973 0.00183545
0.147021 0.00183539

0.147021 0.00183539
0.14707 0.00183534

0.14707 0.00183534
0.147119 0.00183528

0.147119 0.00183528
0.147168 0.00183522

0.147168 0.00183522
0.147217 0.00183515

0.147217 0.00183515
0.147266 0.00183509

0.147266 0.00183509
0.147314 0.00183503

0.147314 0.00183503
0.147363 0.00183496

0.147363 0.00183496
0.147412 0.00183489

0.147412 0.00183489
0.147461 0.00183483

0.147461 0.00183483
0.14751 0.00183476

0.14751 0.00183476
0.147559 0.00183469

0.147559 0.00183469
0.147607 0.00183462

0.147607 0.00183462
0.147656 0.00183454

0.147656 0.00183454
0.147705 0.00183447

0.147705 0.00183447
0.147754 0.00183439

0.147754 0.00183439
0.147803 0.00183432

0.147803 0.00183432
0.147852 0.00183424

0.147852 0.00183424
0.1479 0.00183416

0.1479 0.00183416
0.147949 0.00183408

0.147949 0.00183408
0.147998 0.001834

0.147998 0.001834
0.148047 0.00183392

0.148047 0.00183392
0.148096 0.00183384

0.148096 0.00183384
0.148145 0.00183375

0.148145 0.00183375
0.148193 0.00183367

0.148193 0.00183367
0.148242 0.00183358

0.148242 0.00183358
0.148291 0.00183349

0.148291 0.00183349
0.14834 0.00183341

0.14834 0.00183341
0.148389 0.00183332

0.148389 0.00183332
0.148438 0.00183323

0.148438 0.00183323
0.148486 0.00183313

0.148486 0.00183313
0.148535 0.00183304

0.148535 0.00183304
0.148584 0.00183295

0.148584 0.00183295
0.148633 0.00183286

0.148633 0.00183286
0.148682 0.00183276

0.148682 0.00183276
0.14873 0.00183266

0.14873 0.00183266
0.148779 0.00183257

0.148779 0.00183257
0.148828 0.00183247

0.148828 0.00183247
0.148877 0.00183237

0.148877 0.00183237
0.148926 0.00183227

0.148926 0.00183227
0.148975 0.00183217

0.148975 0.00183217
0.149023 0.00183207

0.149023 0.00183207
0.149072 0.00183197

0.149072 0.00183197
0.149121 0.00183186

0.149121 0.00183186
0.14917 0.00183176

0.14917 0.00183176
0.149219 0.00183165

0.149219 0.00183165
0.149268 0.00183155

0.149268 0.00183155
0.149316 0.00183144

0.149316 0.00183144
0.149365 0.00183133

0.149365 0.00183133
0.149414 0.00183123

0.149414 0.00183123
0.149463 0.00183112

0.149463 0.00183112
0.149512 0.00183101

0.149512 0.00183101
0.149561 0.0018309

0.149561 0.0018309
0.149609 0.00183078

0.149609 0.00183078
0.149658 0.00183067

0.149658 0.00183067
0.149707 0.00183056

0.149707 0.00183056
0.149756 0.00183044

0.149756 0.00183044
0.149805 0.00183033

0.149805 0.00183033
0.149854 0.00183021

0.149854 0.00183021
0.149902 0.0018301

0.149902 0.0018301
0.149951 0.00182998

0.149951 0.00182998
0.15 0.00182986

0.15 0.00182986
0.150049 0.00182974

0.150049 0.00182974
0.150098 0.00182962

0.150098 0.00182962
0.150146 0.0018295

0.150146 0.0018295
0.150195 0.00182938

0.150195 0.00182938
0.150244 0.00182925

0.150244 0.00182925
0.150293 0.00182913

0.150293 0.00182913
0.150342 0.00182901

0.150342 0.00182901
0.150391 0.00182888

0.150391 0.00182888
0.150439 0.00182875

0.150439 0.00182875
0.150488 0.00182863

0.150488 0.00182863
0.150537 0.0018285

0.150537 0.0018285
0.150586 0.00182837

0.150586 0.00182837
0.150635 0.00182824

0.150635 0.00182824
0.150684 0.00182811

0.150684 0.00182811
0.150732 0.00182797

0.150732 0.00182797
0.150781 0.00182784

0.150781 0.00182784
0.15083 0.0018277

0.15083 0.0018277
0.150879 0.00182757

0.150879 0.00182757
0.150928 0.00182743

0.150928 0.00182743
0.150977 0.0018273

0.150977 0.0018273
0.151025 0.00182716

0.151025 0.00182716
0.151074 0.00182702

0.151074 0.00182702
0.151123 0.00182688

0.151123 0.00182688
0.151172 0.00182674

0.151172 0.00182674
0.151221 0.0018266

0.151221 0.0018266
0.15127 0.00182645

0.15127 0.00182645
0.151318 0.00182631

0.151318 0.00182631
0.151367 0.00182616

0.151367 0.00182616
0.151416 0.00182602

0.151416 0.00182602
0.151465 0.00182587

0.151465 0.00182587
0.151514 0.00182573

0.151514 0.00182573
0.151563 0.00182558

0.151563 0.00182558
0.151611 0.00182543

0.151611 0.00182543
0.15166 0.00182528

0.15166 0.00182528
0.151709 0.00182513

0.151709 0.00182513
0.151758 0.00182498

0.151758 0.00182498
0.151807 0.00182483

0.151807 0.00182483
0.151855 0.00182467

0.151855 0.00182467
0.151904 0.00182452

0.151904 0.00182452
0.151953 0.00182436

0.151953 0.00182436
0.152002 0.00182421

0.152002 0.00182421
0.152051 0.00182405

0.152051 0.00182405
0.1521 0.00182389

0.1521 0.00182389
0.152148 0.00182374

0.152148 0.00182374
0.152197 0.00182358

0.152197 0.00182358
0.152246 0.00182342

0.152246 0.00182342
0.152295 0.00182326

0.152295 0.00182326
0.152344 0.0018231

0.152344 0.0018231
0.152393 0.00182293

0.152393 0.00182293
0.152441 0.00182277

0.152441 0.00182277
0.15249 0.00182261

0.15249 0.00182261
0.152539 0.00182244

0.152539 0.00182244
0.152588 0.00182228

0.152588 0.00182228
0.152637 0.00182211

0.152637 0.00182211
0.152686 0.00182194

0.152686 0.00182194
0.152734 0.00182177

0.152734 0.00182177
0.152783 0.00182161

0.152783 0.00182161
0.152832 0.00182144

0.152832 0.00182144
0.152881 0.00182127

0.152881 0.00182127
0.15293 0.0018211

0.15293 0.0018211
0.152979 0.00182093

0.152979 0.00182093
0.153027 0.00182075

0.153027 0.00182075
0.153076 0.00182058

0.153076 0.00182058
0.153125 0.00182041

0.153125 0.00182041
0.153174 0.00182024

0.153174 0.00182024
0.153223 0.00182007

0.153223 0.00182007
0.153271 0.0018199

0.153271 0.0018199
0.15332 0.00181973

0.15332 0.00181973
0.153369 0.00181956

0.153369 0.00181956
0.153418 0.00181939

0.153418 0.00181939
0.153467 0.00181922

0.153467 0.00181922
0.153516 0.00181905

0.153516 0.00181905
0.153564 0.00181888

0.153564 0.00181888
0.153613 0.00181871

0.153613 0.00181871
0.153662 0.00181855

0.153662 0.00181855
0.153711 0.00181838

0.153711 0.00181838
0.15376 0.00181821

0.15376 0.00181821
0.153809 0.00181805

0.153809 0.00181805
0.153857 0.00181789

0.153857 0.00181789
0.153906 0.00181773

0.153906 0.00181773
0.153955 0.00181757

0.153955 0.00181757
0.154004 0.00181741

0.154004 0.00181741
0.154053 0.00181725

0.154053 0.00181725
0.154102 0.00181709

0.154102 0.00181709
0.15415 0.00181693

0.15415 0.00181693
0.154199 0.00181678

0.154199 0.00181678
0.154248 0.00181663

0.154248 0.00181663
0.154297 0.00181648

0.154297 0.00181648
0.154346 0.00181633

0.154346 0.00181633
0.154395 0.00181618

0.154395 0.00181618
0.154443 0.00181603

0.154443 0.00181603
0.154492 0.00181589

0.154492 0.00181589
0.154541 0.00181574

0.154541 0.00181574
0.15459 0.0018156

0.15459 0.0018156
0.154639 0.00181546

0.154639 0.00181546
0.154688 0.00181533

0.154688 0.00181533
0.154736 0.00181519

0.154736 0.00181519
0.154785 0.00181506

0.154785 0.00181506
0.154834 0.00181493

0.154834 0.00181493
0.154883 0.0018148

0.154883 0.0018148
0.154932 0.00181467

0.154932 0.00181467
0.15498 0.00181455

0.15498 0.00181455
0.155029 0.00181442

0.155029 0.00181442
0.155078 0.00181431

0.155078 0.00181431
0.155127 0.00181419

0.155127 0.00181419
0.155176 0.00181407

0.155176 0.00181407
0.155225 0.00181396

0.155225 0.00181396
0.155273 0.00181385

0.155273 0.00181385
0.155322 0.00181374

0.155322 0.00181374
0.155371 0.00181364

0.155371 0.00181364
0.15542 0.00181354

0.15542 0.00181354
0.155469 0.00181344

0.155469 0.00181344
0.155518 0.00181334

0.155518 0.00181334
0.155566 0.00181325

0.155566 0.00181325
0.155615 0.00181316

0.155615 0.00181316
0.155664 0.00181307

0.155664 0.00181307
0.155713 0.00181298

0.155713 0.00181298
0.155762 0.0018129

0.155762 0.0018129
0.155811 0.00181282

0.155811 0.00181282
0.155859 0.00181274

0.155859 0.00181274
0.155908 0.00181267

0.155908 0.00181267
0.155957 0.0018126

0.155957 0.0018126
0.156006 0.00181253

0.156006 0.00181253
0.156055 0.00181246

0.156055 0.00181246
0.156104 0.0018124

0.156104 0.0018124
0.156152 0.00181234

0.156152 0.00181234
0.156201 0.00181228

0.156201 0.00181228
0.15625 0.00181222

0.15625 0.00181222
0.156299 0.00181217

0.156299 0.00181217
0.156348 0.00181212

0.156348 0.00181212
0.156396 0.00181207

0.156396 0.00181207
0.156445 0.00181203

0.156445 0.00181203
0.156494 0.00181199

0.156494 0.00181199
0.156543 0.00181195

0.156543 0.00181195
0.156592 0.00181191

0.156592 0.00181191
0.156641 0.00181188

0.156641 0.00181188
0.156689 0.00181185

0.156689 0.00181185
0.156738 0.00181182

0.156738 0.00181182
0.156787 0.00181179

0.156787 0.00181179
0.156836 0.00181177

0.156836 0.00181177
0.156885 0.00181175

0.156885 0.00181175
0.156934 0.00181173

0.156934 0.00181173
0.156982 0.00181171

0.156982 0.00181171
0.157031 0.00181169

0.157031 0.00181169
0.15708 0.00181168

0.15708 0.00181168
0.157129 0.00181167

0.157129 0.00181167
0.157178 0.00181166

0.157178 0.00181166
0.157227 0.00181165

0.157227 0.00181165
0.157275 0.00181164

0.157275 0.00181164
0.157324 0.00181164

0.157324 0.00181164
0.157373 0.00181164

0.157373 0.00181164
0.157422 0.00181163

0.157422 0.00181163
0.157471 0.00181163

0.157471 0.00181163
0.15752 0.00181163

0.15752 0.00181163
0.157568 0.00181164

0.157568 0.00181164
0.157617 0.00181164

0.157617 0.00181164
0.157666 0.00181164

0.157666 0.00181164
0.157715 0.00181164

0.157715 0.00181164
0.157764 0.00181165

0.157764 0.00181165
0.157813 0.00181165

0.157812 0.00181165
0.157861 0.00181165

0.157861 0.00181165
0.15791 0.00181166

0.15791 0.00181166
0.157959 0.00181166

0.157959 0.00181166
0.158008 0.00181166

0.158008 0.00181166
0.158057 0.00181166

0.158057 0.00181166
0.158105 0.00181166

0.158105 0.00181166
0.158154 0.00181166

0.158154 0.00181166
0.158203 0.00181165

0.158203 0.00181165
0.158252 0.00181165

0.158252 0.00181165
0.158301 0.00181164

0.158301 0.00181164
0.15835 0.00181163

0.15835 0.00181163
0.158398 0.00181162

0.158398 0.00181162
0.158447 0.0018116

0.158447 0.0018116
0.158496 0.00181159

0.158496 0.00181159
0.158545 0.00181156

0.158545 0.00181156
0.158594 0.00181154

0.158594 0.00181154
0.158643 0.00181151

0.158643 0.00181151
0.158691 0.00181148

0.158691 0.00181148
0.15874 0.00181144

0.15874 0.00181144
0.158789 0.0018114

0.158789 0.0018114
0.158838 0.00181135

0.158838 0.00181135
0.158887 0.0018113

0.158887 0.0018113
0.158936 0.00181124

0.158936 0.00181124
0.158984 0.00181118

0.158984 0.00181118
0.159033 0.00181111

0.159033 0.00181111
0.159082 0.00181103

0.159082 0.00181103
0.159131 0.00181095

0.159131 0.00181095
0.15918 0.00181086

0.15918 0.00181086
0.159229 0.00181076

0.159229 0.00181077
0.159277 0.00181066

0.159277 0.00181066
0.159326 0.00181055

0.159326 0.00181055
0.159375 0.00181043

0.159375 0.00181043
0.159424 0.0018103

0.159424 0.0018103
0.159473 0.00181016

0.159473 0.00181016
0.159521 0.00181001

0.159521 0.00181001
0.15957 0.00180985

0.15957 0.00180985
0.159619 0.00180968

0.159619 0.00180968
0.159668 0.00180949

0.159668 0.00180949
0.159717 0.0018093

0.159717 0.0018093
0.159766 0.00180909

0.159766 0.00180909
0.159814 0.00180887

0.159814 0.00180887
0.159863 0.00180863

0.159863 0.00180863
0.159912 0.00180838

0.159912 0.00180838
0.159961 0.00180811

0.159961 0.00180811
0.16001 0.00180783

0.16001 0.00180783
0.160059 0.00180753

0.160059 0.00180753
0.160107 0.00180721

0.160107 0.00180721
0.160156 0.00180687

0.160205 0.00180652
0.160188 0.00180664

0.160156 0.00180687
0.160189 0.00180664

0.160205 0.00180653
0.160254 0.0018062

0.160254 0.00180621
0.160303 0.00180587

0.160303 0.00180587
0.160352 0.0018055

0.160352 0.0018055
0.1604 0.00180508

0.1604 0.00180508
0.160449 0.00180464

0.160449 0.00180463
0.160498 0.00180417

0.160498 0.00180417
0.160547 0.00180368

0.160547 0.00180368
0.160596 0.00180317

0.160596 0.00180317
0.160645 0.00180264

0.160645 0.00180264
0.160693 0.00180209

0.160693 0.00180209
0.160742 0.00180152

0.160742 0.00180152
0.160791 0.00180093

0.160791 0.00180093
0.16084 0.00180031

0.16084 0.00180031
0.160889 0.00179966

0.160889 0.00179966
0.160938 0.00179899

0.160938 0.00179899
0.160986 0.00179829

0.160986 0.00179829
0.161035 0.00179757

0.161035 0.00179757
0.161084 0.00179681

0.161084 0.00179681
0.161133 0.00179603

0.161133 0.00179603
0.161182 0.00179521

0.161182 0.00179521
0.16123 0.00179437

0.16123 0.00179437
0.161279 0.00179349

0.161279 0.00179349
0.161328 0.00179258

0.161328 0.00179258
0.161377 0.00179164

0.161377 0.00179164
0.161426 0.00179066

0.161426 0.00179066
0.161475 0.00178965

0.161475 0.00178965
0.161523 0.00178861

0.161523 0.00178861
0.161572 0.00178752

0.161572 0.00178752
0.161621 0.0017864

0.161621 0.0017864
0.16167 0.00178524

0.16167 0.00178524
0.161719 0.00178404

0.161719 0.00178404
0.161768 0.00178279

0.161768 0.00178279
0.161816 0.00178151

0.161816 0.00178151
0.161865 0.00178018

0.161865 0.00178018
0.161914 0.0017788

0.161914 0.0017788
0.161963 0.00177737

0.161963 0.00177737
0.162012 0.0017759

0.162012 0.0017759
0.162061 0.00177437

0.162061 0.00177437
0.162109 0.00177278

0.162109 0.00177278
0.162158 0.00177115

0.162158 0.00177115
0.162207 0.00176946

0.162207 0.00176947
0.162256 0.00176772

0.162256 0.00176773
0.162305 0.00176592

0.162305 0.00176592
0.162354 0.00176405

0.162354 0.00176406
0.162402 0.00176211

0.162402 0.0017621
0.162451 0.00176008

0.162451 0.00176006
0.1625 0.00175802

0.162549 0.00175597
0.162506 0.00175781

0.1625 0.00175802
0.162505 0.00175781

0.162549 0.00175597
0.162598 0.00175378

0.162598 0.00175377
0.162646 0.00175148

0.162646 0.00175148
0.162695 0.00174911

0.162695 0.00174911
0.162744 0.00174666

0.162744 0.00174666
0.162793 0.00174414

0.162793 0.00174414
0.162842 0.00174153

0.162842 0.00174153
0.162891 0.00173884

0.162891 0.00173885
0.162939 0.00173607

0.162939 0.00173607
0.162988 0.0017332

0.162988 0.0017332
0.163037 0.00173023

0.163037 0.00173023
0.163086 0.00172714

0.163086 0.00172714
0.163135 0.00172394

0.163135 0.00172394
0.163184 0.00172063

0.163184 0.00172063
0.163232 0.00171721

0.163232 0.00171721
0.163281 0.00171367

0.163281 0.00171367
0.16333 0.00171001

0.163379 0.00170623
0.163343 0.00170898

0.16333 0.00171002
0.163343 0.00170898

0.163379 0.00170624
0.163428 0.00170232

0.163428 0.00170232
0.163477 0.00169826

0.163477 0.00169826
0.163525 0.00169404

0.163525 0.00169404
0.163574 0.00168968

0.163574 0.00168968
0.163623 0.00168516

0.163623 0.00168516
0.163672 0.00168048

0.163672 0.00168048
0.163721 0.00167562

0.163721 0.00167562
0.16377 0.00167058

0.16377 0.00167058
0.163818 0.00166534

0.163867 0.00165984
0.163864 0.00166016

0.163818 0.00166535
0.163865 0.00166016

0.163867 0.00165987
0.163916 0.0016542

0.163916 0.00165421
0.163965 0.00164836

0.163965 0.00164836
0.164014 0.0016423

0.164014 0.0016423
0.164063 0.00163601

0.164062 0.00163602
0.164111 0.00162948

0.164111 0.00162948
0.16416 0.00162267

0.16416 0.00162267
0.164209 0.00161557

0.164258 0.00160816
0.164237 0.00161133

0.164209 0.0016156
0.164237 0.00161133

0.164258 0.00160818
0.164307 0.0016005

0.164307 0.00160051
0.164355 0.00159255

0.164355 0.00159256
0.164404 0.00158426

0.164404 0.00158426
0.164453 0.00157561

0.164453 0.00157561
0.164502 0.00156659

0.164551 0.00155719
0.164523 0.0015625

0.164502 0.00156662
0.164523 0.0015625

0.164551 0.00155721
0.1646 0.00154747

0.1646 0.00154748
0.164648 0.00153736

0.164648 0.00153737
0.164697 0.0015268

0.164697 0.00152683
0.164746 0.00151577

0.164795 0.0015042
0.164755 0.00151367

0.164746 0.00151579
0.164755 0.00151367

0.164795 0.00150421
0.164844 0.00149226

0.164844 0.00149228
0.164893 0.00147986

0.164893 0.00147992
0.164941 0.00146688

0.16499 0.00145318
0.164948 0.00146484

0.164941 0.0014669
0.164949 0.00146484

0.16499 0.00145319
0.165039 0.00143914

0.165039 0.00143922
0.165088 0.00142458

0.165137 0.00140908
0.165115 0.00141602

0.165088 0.00142467
0.165115 0.00141602

0.165137 0.0014091
0.165186 0.00139319

0.165186 0.00139331
0.165234 0.00137681

0.165283 0.00135935
0.165261 0.00136719

0.165234 0.00137694
0.165262 0.00136719

0.165283 0.00135937
0.165332 0.0013415

0.165332 0.00134171
0.165381 0.00132313

0.16543 0.00130354
0.165392 0.00131836

0.165381 0.0013232
0.165393 0.00131836

0.16543 0.00130366
0.165479 0.00128374

0.165527 0.00126283
0.165512 0.00126953

0.165479 0.00128394
0.165512 0.00126953

0.165527 0.00126293
0.165576 0.0012416

0.165625 0.00121945
0.165622 0.0012207

0.165576 0.00124185
0.165623 0.0012207

0.165625 0.00121948
0.165674 0.00119677

0.165674 0.00119704
0.165723 0.00117373

0.165771 0.00114953
0.165726 0.00117187

0.165723 0.00117375
0.165726 0.00117188

0.165771 0.00114977
0.16582 0.00112538

0.165869 0.00110028
0.165824 0.00112305

0.16582 0.00112542
0.165825 0.00112305

0.165869 0.0011005
0.165918 0.00107533

0.165967 0.00104965
0.16592 0.00107422

0.165918 0.00107535
0.16592 0.00107422

0.166016 0.00102397
0.166013 0.00102539

0.165967 0.00104985
0.166013 0.00102539

0.166016 0.001024
0.166064 0.000998312

0.166113 0.000972598
0.166106 0.000976562

0.166064 0.000998486
0.166106 0.000976563

0.166113 0.000972665
0.166162 0.000947333

0.166211 0.000922365
0.1662 0.000927734

0.166162 0.000947459
0.166201 0.000927734

0.166211 0.000922411
0.16626 0.000898236

0.166309 0.00087481
0.1663 0.000878906

0.16626 0.000898347
0.1663 0.000878906

0.166309 0.000874753
0.166357 0.000852447

0.166357 0.000852671
0.166406 0.000831379

0.166455 0.000810969
0.166409 0.000830078

0.166406 0.000831393
0.166409 0.000830078

0.166455 0.000811132
0.166504 0.000792717

0.166553 0.000775468
0.166536 0.00078125

0.166504 0.000792808
0.166537 0.00078125

0.166553 0.00077533
0.166602 0.000760276

0.166602 0.000760223
0.16665 0.00074793

0.16665 0.000748254
0.166699 0.000738181

0.166748 0.000729737
0.166733 0.000732422

0.166699 0.000738153
0.166732 0.000732422

0.166748 0.000729442
0.166797 0.000722998

0.166797 0.000722917
0.166846 0.000719165

0.166846 0.000719174
0.166895 0.00071826

0.166895 0.000718307
0.166943 0.000720121

0.166943 0.000720201
0.166992 0.000724487

0.166992 0.000724407
0.167041 0.000731165

0.167041 0.00073094
0.167048 0.000732422

0.167049 0.000732422
0.16709 0.000740821

0.16709 0.000741209
0.167139 0.000754129

0.167139 0.000754239
0.167188 0.000769159

0.167188 0.000768893
0.167222 0.00078125

0.167223 0.00078125
0.167236 0.0007861

0.167236 0.000786187
0.167285 0.000806271

0.167285 0.000806599
0.167334 0.000828757

0.167334 0.000828684
0.167337 0.000830078

0.167338 0.000830078
0.167383 0.000852722

0.167383 0.000853164
0.16743 0.000878906

0.16743 0.000878906
0.167432 0.000879609

0.167432 0.000879577
0.16748 0.000908088

0.16748 0.000908258
0.167512 0.000927734

0.167512 0.000927734
0.167529 0.000938702

0.167529 0.000938826
0.167578 0.000971226

0.167578 0.000971321
0.167586 0.000976562

0.167586 0.000976563
0.167627 0.00100541

0.167627 0.00100556
0.167654 0.00102539

0.167654 0.00102539
0.167676 0.00104141

0.167676 0.00104147
0.167718 0.00107422

0.167718 0.00107422
0.167725 0.00107923

0.167725 0.00107908
0.167773 0.00111818

0.167773 0.00111824
0.167779 0.00112305

0.167779 0.00112305
0.167822 0.00115876

0.167822 0.00115887
0.167838 0.00117187

0.167837 0.00117188
0.167871 0.00120066

0.167871 0.00120086
0.167894 0.0012207

0.167894 0.0012207
0.16792 0.00124388

0.16792 0.00124406
0.167948 0.00126953

0.167948 0.00126953
0.167969 0.00128835

0.167969 0.00128844
0.168001 0.00131836

0.168001 0.00131836
0.168018 0.00133383

0.168018 0.00133388
0.168053 0.00136719

0.168053 0.00136719
0.168066 0.00138023

0.168066 0.00138026
0.168104 0.00141602

0.168103 0.00141602
0.168115 0.0014275

0.168115 0.00142751
0.168153 0.00146484

0.168153 0.00146484
0.168164 0.00147552

0.168164 0.00147551
0.168202 0.00151367

0.168202 0.00151367
0.168213 0.00152419

0.168213 0.00152417
0.168251 0.0015625

0.168251 0.0015625
0.168262 0.00157342

0.168262 0.00157338
0.168299 0.00161133

0.168299 0.00161133
0.168311 0.0016231

0.168311 0.00162305
0.168347 0.00166016

0.168347 0.00166016
0.168359 0.00167313

0.168359 0.00167308
0.168394 0.00170898

0.168394 0.00170898
0.168408 0.00172343

0.168408 0.00172337
0.168441 0.00175781

0.168441 0.00175781
0.168457 0.00177391

0.168457 0.00177386
0.168489 0.00180664

0.168489 0.00180664
0.168506 0.00182452

0.168506 0.00182447
0.168536 0.00185547

0.168536 0.00185547
0.168555 0.0018752

0.168555 0.00187516
0.168583 0.0019043

0.168583 0.0019043
0.168604 0.00192591

0.168604 0.00192587
0.16863 0.00195312

0.16863 0.00195312
0.168652 0.00197661

0.168652 0.00197657
0.168677 0.00200195

0.168677 0.00200195
0.168701 0.00202725

0.168701 0.0020272
0.168724 0.00205078

0.168724 0.00205078
0.16875 0.00207779

0.16875 0.00207773
0.168771 0.00209961

0.168771 0.00209961
0.168799 0.00212819

0.168799 0.00212813
0.168819 0.00214844

0.168819 0.00214844
0.168848 0.0021784

0.168848 0.00217834
0.168866 0.00219727

0.168866 0.00219727
0.168896 0.00222837

0.168896 0.00222829
0.168914 0.00224609

0.168914 0.00224609
0.168945 0.00227799

0.168945 0.0022779
0.168962 0.00229492

0.168962 0.00229492
0.168994 0.00232714

0.168994 0.00232704
0.169011 0.00234375

0.169011 0.00234375
0.169043 0.00237562

0.169043 0.00237549
0.16906 0.00239258

0.16906 0.00239258
0.169092 0.00242315

0.169092 0.00242304
0.169111 0.00244141

0.169111 0.00244141
0.169141 0.00246938

0.169141 0.00246932
0.169164 0.00249023

0.169163 0.00249023
0.169189 0.00251384

0.169189 0.00251391
0.169219 0.00253906

0.169218 0.00253906
0.169238 0.00255587

0.169238 0.0025558
0.169279 0.00258789

0.169278 0.00258789
0.169287 0.00259473

0.169287 0.00259424
0.169336 0.00262814

0.169336 0.00262846
0.169351 0.00263672

0.169349 0.00263672
0.169385 0.00265686

0.169385 0.00265608
0.169434 0.00267686

0.169434 0.00267743
0.169462 0.00268555

0.169462 0.00268555
0.169482 0.0026913

0.169482 0.00269123
0.169531 0.00269754

0.169531 0.00269723
0.16958 0.00269674

0.16958 0.00269656
0.169629 0.00269026

0.169678 0.00267822
0.169648 0.00268555

0.169629 0.00269057
0.169649 0.00268555

0.169678 0.00267774
0.169727 0.00266081

0.169727 0.00266019
0.169775 0.00264082

0.169824 0.00261994
0.169786 0.00263672

0.169775 0.00264093
0.169785 0.00263672

0.169824 0.00261915
0.169873 0.00259663

0.169922 0.00257425
0.169893 0.00258789

0.169873 0.00259658
0.169892 0.00258789

0.169922 0.00257352
0.169971 0.00255043

0.17002 0.00252834
0.169996 0.00253906

0.169971 0.00255026
0.169995 0.00253906

0.17002 0.00252776
0.170068 0.00250541

0.170117 0.00248446
0.170104 0.00249023

0.170068 0.00250509
0.170102 0.00249023

0.170117 0.00248406
0.170166 0.00246302

0.170166 0.00246254
0.170215 0.00244248

0.170264 0.00242387
0.170219 0.00244141

0.170215 0.0024426
0.170218 0.00244141

0.170264 0.00242354
0.170313 0.00240484

0.170361 0.00238777
0.170348 0.00239258

0.170313 0.00240458
0.170346 0.00239258

0.170361 0.00238757
0.17041 0.00237078

0.17041 0.00237056
0.170459 0.00235433

0.170508 0.00233957
0.170494 0.00234375

0.170459 0.00235412
0.170492 0.00234375

0.170508 0.00233938
0.170557 0.00232499

0.170557 0.00232493
0.170605 0.00231095

0.170605 0.00231076
0.170654 0.00229767

0.170703 0.00228571
0.170666 0.00229492

0.170654 0.00229762
0.170665 0.00229492

0.170703 0.00228563
0.170752 0.00227386

0.170752 0.00227386
0.170801 0.00226257

0.170801 0.0022625
0.17085 0.00225187

0.170898 0.00224219
0.170879 0.00224609

0.17085 0.00225176
0.170878 0.00224609

0.170898 0.00224209
0.170947 0.00223269

0.170947 0.00223265
0.170996 0.00222365

0.170996 0.00222366
0.171045 0.00221516

0.171045 0.00221519
0.171094 0.00220712

0.171094 0.00220706
0.171143 0.0021995

0.171191 0.00219258
0.171159 0.00219727

0.171143 0.00219946
0.171158 0.00219727

0.171191 0.00219254
0.17124 0.00218584

0.17124 0.00218582
0.171289 0.00217947

0.171289 0.00217947
0.171338 0.00217351

0.171338 0.00217351
0.171387 0.00216791

0.171387 0.00216792
0.171436 0.00216265

0.171436 0.00216266
0.171484 0.00215772

0.171484 0.00215772
0.171533 0.00215307

0.171533 0.00215303
0.171582 0.00214872

0.171631 0.00214478
0.171586 0.00214844

0.171582 0.00214872
0.171585 0.00214844

0.171631 0.00214476
0.17168 0.00214099

0.17168 0.00214098
0.171729 0.00213746

0.171729 0.00213746
0.171777 0.00213419

0.171777 0.00213419
0.171826 0.00213116

0.171826 0.00213116
0.171875 0.00212835

0.171875 0.00212836
0.171924 0.00212576

0.171924 0.00212576
0.171973 0.00212336

0.171973 0.00212337
0.172021 0.00212116

0.172021 0.00212116
0.17207 0.00211914

0.17207 0.00211914
0.172119 0.00211729

0.172119 0.00211729
0.172168 0.0021156

0.172168 0.0021156
0.172217 0.00211407

0.172217 0.00211407
0.172266 0.00211267

0.172266 0.00211267
0.172314 0.00211141

0.172314 0.00211142
0.172363 0.00211028

0.172363 0.00211028
0.172412 0.00210927

0.172412 0.00210927
0.172461 0.00210836

0.172461 0.00210836
0.17251 0.00210756

0.17251 0.00210757
0.172559 0.00210686

0.172559 0.00210687
0.172607 0.00210626

0.172607 0.00210626
0.172656 0.00210573

0.172656 0.00210574
0.172705 0.00210529

0.172705 0.00210529
0.172754 0.00210493

0.172754 0.00210493
0.172803 0.00210464

0.172803 0.00210464
0.172852 0.00210442

0.172852 0.00210442
0.1729 0.00210426

0.1729 0.00210426
0.172949 0.00210416

0.172949 0.00210416
0.172998 0.00210412

0.172998 0.00210412
0.173047 0.00210414

0.173047 0.00210414
0.173096 0.0021042

0.173096 0.0021042
0.173145 0.00210432

0.173145 0.00210432
0.173193 0.00210448

0.173193 0.00210448
0.173242 0.00210468

0.173242 0.00210468
0.173291 0.00210492

0.173291 0.00210492
0.17334 0.0021052

0.17334 0.0021052
0.173389 0.00210552

0.173389 0.00210552
0.173438 0.00210586

0.173437 0.00210586
0.173486 0.00210623

0.173486 0.00210623
0.173535 0.00210663

0.173535 0.00210663
0.173584 0.00210705

0.173584 0.00210705
0.173633 0.00210749

0.173633 0.00210749
0.173682 0.00210794

0.173682 0.00210794
0.17373 0.0021084

0.17373 0.0021084
0.173779 0.00210888

0.173779 0.00210888
0.173828 0.00210936

0.173828 0.00210936
0.173877 0.00210984

0.173877 0.00210984
0.173926 0.00211032

0.173926 0.00211032
0.173975 0.0021108

0.173975 0.0021108
0.174023 0.00211128

0.174023 0.00211128
0.174072 0.00211175

0.174072 0.00211175
0.174121 0.00211222

0.174121 0.00211222
0.17417 0.00211267

0.17417 0.00211268
0.174219 0.00211312

0.174219 0.00211312
0.174268 0.00211356

0.174268 0.00211356
0.174316 0.00211399

0.174316 0.00211399
0.174365 0.00211441

0.174365 0.00211441
0.174414 0.00211481

0.174414 0.00211481
0.174463 0.0021152

0.174463 0.0021152
0.174512 0.00211557

0.174512 0.00211557
0.174561 0.00211593

0.174561 0.00211593
0.174609 0.00211627

0.174609 0.00211627
0.174658 0.00211659

0.174658 0.00211659
0.174707 0.0021169

0.174707 0.0021169
0.174756 0.00211718

0.174756 0.00211718
0.174805 0.00211744

0.174805 0.00211744
0.174854 0.00211767

0.174854 0.00211767
0.174902 0.00211788

0.174902 0.00211788
0.174951 0.00211807

0.174951 0.00211807
0.175 0.00211822

0.175 0.00211822
0.175049 0.00211835

0.175049 0.00211835
0.175098 0.00211845

0.175098 0.00211845
0.175146 0.00211852

0.175146 0.00211852
0.175195 0.00211855

0.175195 0.00211855
0.175244 0.00211856

0.175244 0.00211856
0.175293 0.00211853

0.175293 0.00211853
0.175342 0.00211846

0.175342 0.00211846
0.175391 0.00211837

0.175391 0.00211837
0.175439 0.00211824

0.175439 0.00211824
0.175488 0.00211808

0.175488 0.00211808
0.175537 0.00211788

0.175537 0.00211788
0.175586 0.00211765

0.175586 0.00211765
0.175635 0.00211739

0.175635 0.00211739
0.175684 0.0021171

0.175684 0.0021171
0.175732 0.00211677

0.175732 0.00211677
0.175781 0.00211641

0.175781 0.00211641
0.17583 0.00211602

0.17583 0.00211602
0.175879 0.0021156

0.175879 0.0021156
0.175928 0.00211515

0.175928 0.00211515
0.175977 0.00211466

0.175977 0.00211466
0.176025 0.00211415

0.176025 0.00211415
0.176074 0.0021136

0.176074 0.0021136
0.176123 0.00211302

0.176123 0.00211302
0.176172 0.00211241

0.176172 0.00211241
0.176221 0.00211176

0.176221 0.00211176
0.17627 0.00211109

0.17627 0.00211109
0.176318 0.00211038

0.176318 0.00211038
0.176367 0.00210965

0.176367 0.00210965
0.176416 0.00210888

0.176416 0.00210888
0.176465 0.00210808

0.176465 0.00210808
0.176514 0.00210725

0.176514 0.00210725
0.176563 0.00210639

0.176563 0.00210639
0.176611 0.00210551

0.176611 0.00210551
0.17666 0.00210459

0.17666 0.00210459
0.176709 0.00210365

0.176709 0.00210365
0.176758 0.00210268

0.176758 0.00210268
0.176807 0.00210168

0.176807 0.00210168
0.176855 0.00210066

0.176855 0.00210066
0.176904 0.00209963

0.176953 0.00209859
0.176906 0.00209961

0.176904 0.00209963
0.176905 0.00209961

0.176953 0.00209859
0.177002 0.00209752

0.177002 0.00209752
0.177051 0.00209642

0.177051 0.00209642
0.1771 0.00209529

0.1771 0.00209529
0.177148 0.00209414

0.177148 0.00209414
0.177197 0.00209296

0.177197 0.00209296
0.177246 0.00209175

0.177246 0.00209175
0.177295 0.00209051

0.177295 0.00209051
0.177344 0.00208925

0.177344 0.00208925
0.177393 0.00208797

0.177393 0.00208797
0.177441 0.00208665

0.177441 0.00208665
0.17749 0.00208531

0.17749 0.00208531
0.177539 0.00208395

0.177539 0.00208395
0.177588 0.00208256

0.177588 0.00208256
0.177637 0.00208115

0.177637 0.00208115
0.177686 0.00207972

0.177686 0.00207972
0.177734 0.00207826

0.177734 0.00207826
0.177783 0.00207679

0.177783 0.00207679
0.177832 0.00207529

0.177832 0.00207529
0.177881 0.00207378

0.177881 0.00207378
0.17793 0.00207225

0.17793 0.00207225
0.177979 0.0020707

0.177979 0.0020707
0.178027 0.00206914

0.178027 0.00206914
0.178076 0.00206755

0.178076 0.00206755
0.178125 0.00206595

0.178125 0.00206595
0.178174 0.00206434

0.178174 0.00206434
0.178223 0.00206271

0.178223 0.00206271
0.178271 0.00206107

0.178271 0.00206107
0.17832 0.00205942

0.17832 0.00205942
0.178369 0.00205776

0.178369 0.00205776
0.178418 0.00205608

0.178418 0.00205608
0.178467 0.00205439

0.178467 0.00205439
0.178516 0.00205268

0.178516 0.00205267
0.178564 0.00205099

0.178613 0.00204932
0.178571 0.00205078

0.178564 0.00205099
0.17857 0.00205078

0.178613 0.00204932
0.178662 0.00204761

0.178662 0.00204761
0.178711 0.00204588

0.178711 0.00204588
0.17876 0.00204414

0.17876 0.00204414
0.178809 0.00204239

0.178809 0.00204239
0.178857 0.00204062

0.178857 0.00204062
0.178906 0.00203884

0.178906 0.00203884
0.178955 0.00203704

0.178955 0.00203704
0.179004 0.00203523

0.179004 0.00203523
0.179053 0.00203339

0.179053 0.00203339
0.179102 0.00203154

0.179102 0.00203155
0.17915 0.00202968

0.17915 0.00202968
0.179199 0.0020278

0.179199 0.0020278
0.179248 0.0020259

0.179248 0.0020259
0.179297 0.00202399

0.179297 0.00202399
0.179346 0.00202206

0.179346 0.00202206
0.179395 0.00202011

0.179395 0.00202011
0.179443 0.00201815

0.179443 0.00201815
0.179492 0.00201617

0.179492 0.00201617
0.179541 0.00201417

0.179541 0.00201417
0.17959 0.00201215

0.17959 0.00201215
0.179639 0.00201012

0.179639 0.00201012
0.179688 0.00200807

0.179688 0.00200807
0.179736 0.002006

0.179736 0.00200599
0.179785 0.0020039

0.179834 0.00200183
0.179831 0.00200195

0.179785 0.00200389
0.179831 0.00200195

0.179834 0.00200183
0.179883 0.00199975

0.179883 0.00199975
0.179932 0.00199763

0.179932 0.00199763
0.17998 0.00199549

0.17998 0.00199549
0.180029 0.00199332

0.180029 0.00199332
0.180078 0.00199114

0.180078 0.00199114
0.180127 0.00198894

0.180127 0.00198894
0.180176 0.00198671

0.180176 0.00198671
0.180225 0.00198446

0.180225 0.00198446
0.180273 0.00198219

0.180273 0.00198219
0.180322 0.00197989

0.180322 0.00197989
0.180371 0.00197758

0.180371 0.00197758
0.18042 0.00197524

0.18042 0.00197524
0.180469 0.00197288

0.180469 0.00197288
0.180518 0.00197049

0.180518 0.00197049
0.180566 0.00196808

0.180566 0.00196808
0.180615 0.00196564

0.180615 0.00196564
0.180664 0.00196318

0.180664 0.00196318
0.180713 0.0019607

0.180713 0.0019607
0.180762 0.00195818

0.180762 0.00195817
0.180811 0.00195563

0.180859 0.0019531
0.180859 0.00195312

0.180811 0.00195562
0.180858 0.00195312

0.180859 0.0019531
0.180908 0.00195055

0.180908 0.00195054
0.180957 0.00194795

0.180957 0.00194795
0.181006 0.00194531

0.181006 0.00194531
0.181055 0.00194265

0.181055 0.00194265
0.181104 0.00193996

0.181104 0.00193996
0.181152 0.00193724

0.181152 0.00193724
0.181201 0.00193449

0.181201 0.00193449
0.18125 0.0019317

0.18125 0.0019317
0.181299 0.00192889

0.181299 0.00192889
0.181348 0.00192604

0.181348 0.00192604
0.181396 0.00192316

0.181396 0.00192316
0.181445 0.00192025

0.181445 0.00192025
0.181494 0.0019173

0.181494 0.0019173
0.181543 0.00191432

0.181543 0.00191432
0.181592 0.0019113

0.181592 0.00191129
0.181641 0.00190822

0.181641 0.00190821
0.181689 0.00190513

0.181738 0.00190206
0.181703 0.0019043

0.181689 0.00190513
0.181703 0.0019043

0.181738 0.00190206
0.181787 0.00189891

0.181787 0.00189891
0.181836 0.00189571

0.181836 0.00189571
0.181885 0.00189246

0.181885 0.00189246
0.181934 0.00188918

0.181934 0.00188918
0.181982 0.00188585

0.181982 0.00188585
0.182031 0.00188248

0.182031 0.00188248
0.18208 0.00187906

0.18208 0.00187906
0.182129 0.0018756

0.182129 0.0018756
0.182178 0.00187209

0.182178 0.00187209
0.182227 0.00186854

0.182227 0.00186854
0.182275 0.00186493

0.182275 0.00186494
0.182324 0.00186127

0.182324 0.00186126
0.182373 0.00185756

0.182422 0.00185387
0.182401 0.00185547

0.182373 0.00185756
0.182401 0.00185547

0.182422 0.00185387
0.182471 0.0018501

0.182471 0.00185009
0.18252 0.00184626

0.18252 0.00184625
0.182568 0.00184236

0.182568 0.00184236
0.182617 0.00183842

0.182617 0.00183842
0.182666 0.00183442

0.182666 0.00183442
0.182715 0.00183037

0.182715 0.00183037
0.182764 0.00182627

0.182764 0.00182627
0.182813 0.0018221

0.182813 0.00182211
0.182861 0.00181788

0.182861 0.00181788
0.18291 0.00181359

0.18291 0.00181358
0.182959 0.00180925

0.183008 0.00180489
0.182988 0.00180664

0.182959 0.00180924
0.182988 0.00180664

0.183008 0.00180489
0.183057 0.00180046

0.183057 0.00180045
0.183105 0.00179594

0.183105 0.00179593
0.183154 0.00179135

0.183154 0.00179135
0.183203 0.0017867

0.183203 0.0017867
0.183252 0.00178199

0.183252 0.00178199
0.183301 0.0017772

0.183301 0.00177721
0.18335 0.00177235

0.18335 0.00177235
0.183398 0.00176742

0.183398 0.00176742
0.183447 0.00176241

0.183496 0.00175736
0.183492 0.00175781

0.183447 0.00176241
0.183492 0.00175781

0.183496 0.00175737
0.183545 0.00175225

0.183545 0.00175225
0.183594 0.00174704

0.183594 0.00174704
0.183643 0.00174175

0.183643 0.00174175
0.183691 0.00173638

0.183691 0.00173638
0.18374 0.00173094

0.18374 0.00173094
0.183789 0.00172543

0.183789 0.00172543
0.183838 0.00171982

0.183838 0.00171982
0.183887 0.00171414

0.183936 0.00170839
0.18393 0.00170898

0.183887 0.00171414
0.183931 0.00170898

0.183936 0.0017084
0.183984 0.00170258

0.183984 0.00170258
0.184033 0.00169668

0.184033 0.00169668
0.184082 0.00169069

0.184082 0.00169069
0.184131 0.00168463

0.184131 0.00168463
0.18418 0.0016785

0.18418 0.0016785
0.184229 0.00167229

0.184229 0.00167229
0.184277 0.001666

0.184326 0.00165962
0.184322 0.00166016

0.184277 0.001666
0.184322 0.00166016

0.184326 0.00165963
0.184375 0.0016532

0.184375 0.0016532
0.184424 0.0016467

0.184424 0.0016467
0.184473 0.00164013

0.184473 0.00164013
0.184521 0.0016335

0.184521 0.0016335
0.18457 0.0016268

0.18457 0.00162679
0.184619 0.00162004

0.184619 0.00162004
0.184668 0.00161322

0.184717 0.00160631
0.184681 0.00161133

0.184668 0.00161322
0.184681 0.00161133

0.184717 0.00160631
0.184766 0.0015994

0.184766 0.0015994
0.184814 0.00159245

0.184814 0.00159245
0.184863 0.00158548

0.184863 0.00158547
0.184912 0.00157847

0.184912 0.00157847
0.184961 0.00157145

0.184961 0.00157146
0.18501 0.0015644

0.185059 0.00155729
0.185023 0.0015625

0.18501 0.0015644
0.185023 0.0015625

0.185059 0.00155729
0.185107 0.00155023

0.185107 0.00155024
0.185156 0.00154319

0.185156 0.0015432
0.185205 0.00153616

0.185205 0.00153615
0.185254 0.00152913

0.185254 0.00152913
0.185303 0.00152214

0.185303 0.00152216
0.185352 0.00151515

0.1854 0.00150812
0.185362 0.00151367

0.185352 0.00151515
0.185362 0.00151367

0.1854 0.00150813
0.185449 0.00150123

0.185449 0.00150124
0.185498 0.00149442

0.185498 0.00149443
0.185547 0.00148768

0.185547 0.00148767
0.185596 0.001481

0.185596 0.001481
0.185645 0.00147443

0.185645 0.00147446
0.185693 0.00146797

0.185742 0.0014615
0.185717 0.00146484

0.185693 0.00146796
0.185717 0.00146484

0.185742 0.0014615
0.185791 0.00145525

0.185791 0.00145526
0.18584 0.00144921

0.18584 0.00144921
0.185889 0.00144333

0.185889 0.00144333
0.185938 0.00143763

0.185938 0.00143762
0.185986 0.0014321

0.185986 0.00143209
0.186035 0.00142679

0.186035 0.0014268
0.186084 0.00142173

0.186084 0.00142175
0.186133 0.00141686

0.186182 0.00141215
0.186141 0.00141602

0.186133 0.00141685
0.186142 0.00141602

0.186182 0.00141215
0.18623 0.00140783

0.18623 0.00140784
0.186279 0.00140385

0.186279 0.00140385
0.186328 0.00140017

0.186328 0.00140017
0.186377 0.00139681

0.186377 0.0013968
0.186426 0.00139377

0.186426 0.00139376
0.186475 0.00139108

0.186475 0.00139107
0.186523 0.00138875

0.186523 0.00138875
0.186572 0.0013868

0.186572 0.0013868
0.186621 0.00138525

0.186621 0.00138524
0.18667 0.00138409

0.18667 0.00138409
0.186719 0.00138335

0.186719 0.00138335
0.186768 0.00138304

0.186768 0.00138304
0.186816 0.00138317

0.186816 0.00138317
0.186865 0.00138375

0.186865 0.00138374
0.186914 0.00138479

0.186914 0.00138478
0.186963 0.0013863

0.186963 0.0013863
0.187012 0.0013883

0.187012 0.00138829
0.187061 0.00139079

0.187061 0.00139079
0.187109 0.00139378

0.187109 0.00139378
0.187158 0.00139729

0.187158 0.00139729
0.187207 0.00140131

0.187207 0.00140131
0.187256 0.00140586

0.187256 0.00140587
0.187305 0.00141094

0.187305 0.00141091
0.187349 0.00141602

0.187348 0.00141602
0.187354 0.00141661

0.187354 0.0014165
0.187402 0.00142264

0.187402 0.00142265
0.187451 0.00142934

0.187451 0.00142935
0.1875 0.00143658

0.1875 0.00143658
0.187549 0.00144433

0.187549 0.00144434
0.187598 0.00145261

0.187598 0.0014526
0.187646 0.0014614

0.187646 0.00146135
0.187665 0.00146484

0.187664 0.00146484
0.187695 0.00147076

0.187695 0.00147077
0.187744 0.0014807

0.187744 0.00148071
0.187793 0.00149116

0.187793 0.00149116
0.187842 0.00150209

0.187842 0.00150205
0.187891 0.00151352

0.187891 0.00151353
0.187891 0.00151367

0.187891 0.00151367
0.187939 0.00152557

0.187939 0.00152559
0.187988 0.00153812

0.187988 0.00153812
0.188037 0.00155111

0.188037 0.00155106
0.188078 0.0015625

0.188078 0.0015625
0.188086 0.00156472

0.188086 0.00156464
0.188135 0.00157868

0.188135 0.00157869
0.188184 0.00159318

0.188184 0.00159314
0.188232 0.00160811

0.188232 0.00160808
0.188243 0.00161133

0.188242 0.00161133
0.188281 0.00162364

0.188281 0.00162364
0.18833 0.00163952

0.18833 0.00163947
0.188379 0.00165582

0.188379 0.00165579
0.188392 0.00166016

0.188391 0.00166016
0.188428 0.00167271

0.188428 0.0016727
0.188477 0.00168986

0.188477 0.00168978
0.188525 0.00170741

0.188525 0.00170741
0.18853 0.00170898

0.188529 0.00170898
0.188574 0.00172554

0.188574 0.00172548
0.188623 0.0017438

0.188623 0.00174372
0.18866 0.00175781

0.188659 0.00175781
0.188672 0.0017627

0.188672 0.00176261
0.188721 0.00178163

0.188721 0.00178153
0.18877 0.00180086

0.18877 0.00180084
0.188784 0.00180664

0.188783 0.00180664
0.188818 0.00182067

0.188818 0.00182058
0.188867 0.00184041

0.188867 0.00184032
0.188904 0.00185547

0.188903 0.00185547
0.188916 0.00186071

0.188916 0.00186061
0.188965 0.00188086

0.188965 0.00188073
0.189014 0.00190117

0.189014 0.00190117
0.189021 0.0019043

0.189021 0.0019043
0.189063 0.00192193

0.189062 0.00192178
0.189111 0.00194236

0.189111 0.00194232
0.189137 0.00195312

0.189136 0.00195312
0.18916 0.00196324

0.18916 0.00196312
0.189209 0.00198367

0.189209 0.00198357
0.189253 0.00200195

0.189252 0.00200195
0.189258 0.00200441

0.189258 0.00200431
0.189307 0.00202465

0.189307 0.00202449
0.189355 0.00204462

0.189355 0.00204464
0.189371 0.00205078

0.18937 0.00205078
0.189404 0.00206478

0.189404 0.00206464
0.189453 0.00208409

0.189453 0.00208403
0.189493 0.00209961

0.189492 0.00209961
0.189502 0.00210347

0.189502 0.00210341
0.189551 0.00212199

0.189551 0.00212182
0.1896 0.00213982

0.1896 0.00213986
0.189624 0.00214844

0.189623 0.00214844
0.189648 0.00215755

0.189648 0.00215748
0.189697 0.00217402

0.189697 0.00217389
0.189746 0.00218969

0.189746 0.00218976
0.18977 0.00219727

0.18977 0.00219727
0.189795 0.00220494

0.189795 0.00220491
0.189844 0.00221878

0.189844 0.00221871
0.189893 0.00223148

0.189893 0.00223148
0.189941 0.00224332

0.189941 0.0022434
0.189954 0.00224609

0.189953 0.00224609
0.18999 0.00225416

0.18999 0.00225412
0.190039 0.00226347

0.190039 0.00226346
0.190088 0.00227155

0.190088 0.00227155
0.190137 0.0022784

0.190137 0.0022784
0.190186 0.00228399

0.190186 0.00228399
0.190234 0.00228835

0.190234 0.00228834
0.190283 0.00229148

0.190283 0.00229147
0.190332 0.0022934

0.190332 0.00229339
0.190381 0.00229414

0.190381 0.00229413
0.19043 0.00229377

0.19043 0.00229376
0.190479 0.00229233

0.190479 0.00229232
0.190527 0.00228987

0.190527 0.00228985
0.190576 0.00228644

0.190576 0.00228642
0.190625 0.00228211

0.190625 0.00228208
0.190674 0.00227696

0.190674 0.00227694
0.190723 0.00227111

0.190723 0.00227112
0.190771 0.00226464

0.190771 0.00226461
0.19082 0.00225752

0.19082 0.00225741
0.190869 0.00224999

0.190918 0.00224246
0.190895 0.00224609

0.190869 0.00225001
0.190894 0.00224609

0.190918 0.00224242
0.190967 0.0022343

0.190967 0.00223426
0.191016 0.00222575

0.191016 0.00222576
0.191064 0.00221694

0.191064 0.0022169
0.191113 0.00220784

0.191113 0.00220774
0.191162 0.00219871

0.191211 0.00218981
0.191171 0.00219727

0.191162 0.00219873
0.19117 0.00219727

0.191211 0.00218975
0.19126 0.00218044

0.19126 0.00218043
0.191309 0.00217097

0.191309 0.00217097
0.191357 0.00216142

0.191357 0.00216131
0.191406 0.0021519

0.191455 0.00214281
0.191425 0.00214844

0.191406 0.00215189
0.191424 0.00214844

0.191455 0.00214276
0.191504 0.00213341

0.191504 0.00213338
0.191553 0.00212398

0.191553 0.00212399
0.191602 0.00211459

0.191602 0.00211451
0.19165 0.00210525

0.191699 0.0020964
0.191682 0.00209961

0.19165 0.00210521
0.191681 0.00209961

0.191699 0.00209634
0.191748 0.00208737

0.191748 0.00208732
0.191797 0.00207834

0.191797 0.00207835
0.191846 0.00206943

0.191846 0.00206942
0.191895 0.00206057

0.191895 0.00206049
0.191943 0.0020519

0.191992 0.00204362
0.191951 0.00205078

0.191943 0.0020519
0.19195 0.00205078

0.191992 0.00204357
0.192041 0.00203515

0.192041 0.00203513
0.19209 0.00202679

0.19209 0.0020268
0.192139 0.00201855

0.192139 0.00201854
0.192188 0.00201039

0.192188 0.00201032
0.192236 0.0020024

0.192285 0.00199475
0.19224 0.00200195

0.192236 0.0020024
0.192239 0.00200195

0.192285 0.00199472
0.192334 0.00198697

0.192334 0.00198695
0.192383 0.0019793

0.192383 0.0019793
0.192432 0.00197176

0.192432 0.00197178
0.19248 0.00196431

0.19248 0.00196427
0.192529 0.00195695

0.192578 0.0019499
0.192556 0.00195312

0.192529 0.00195692
0.192555 0.00195312

0.192578 0.00194987
0.192627 0.0019428

0.192627 0.00194278
0.192676 0.00193576

0.192676 0.00193575
0.192725 0.00192882

0.192725 0.00192883
0.192773 0.00192199

0.192773 0.001922
0.192822 0.00191523

0.192822 0.0019152
0.192871 0.00190852

0.19292 0.00190205
0.192903 0.0019043

0.192871 0.00190849
0.192902 0.0019043

0.19292 0.00190203
0.192969 0.00189556

0.192969 0.00189554
0.193018 0.0018891

0.193018 0.00188909
0.193066 0.00188271

0.193066 0.00188271
0.193115 0.00187641

0.193115 0.00187642
0.193164 0.00187017

0.193164 0.00187017
0.193213 0.00186397

0.193213 0.00186395
0.193262 0.00185783

0.193311 0.00185184
0.193281 0.00185547

0.193262 0.00185781
0.193281 0.00185547

0.193311 0.00185183
0.193359 0.00184585

0.193359 0.00184584
0.193408 0.00183988

0.193408 0.00183988
0.193457 0.00183398

0.193457 0.00183398
0.193506 0.00182813

0.193506 0.00182814
0.193555 0.00182234

0.193555 0.00182234
0.193604 0.00181659

0.193604 0.00181658
0.193652 0.00181088

0.193701 0.00180527
0.193689 0.00180664

0.193652 0.00181086
0.193689 0.00180664

0.193701 0.00180526
0.19375 0.00179967

0.19375 0.00179967
0.193799 0.00179411

0.193799 0.00179411
0.193848 0.0017886

0.193848 0.0017886
0.193896 0.00178313

0.193896 0.00178314
0.193945 0.00177772

0.193945 0.00177772
0.193994 0.00177234

0.193994 0.00177234
0.194043 0.001767

0.194043 0.001767
0.194092 0.00176169

0.194141 0.00175645
0.194128 0.00175781

0.194092 0.00176168
0.194128 0.00175781

0.194141 0.00175644
0.194189 0.00175124

0.194189 0.00175124
0.194238 0.00174607

0.194238 0.00174607
0.194287 0.00174095

0.194287 0.00174095
0.194336 0.00173588

0.194336 0.00173588
0.194385 0.00173085

0.194385 0.00173085
0.194434 0.00172586

0.194434 0.00172586
0.194482 0.00172092

0.194482 0.00172092
0.194531 0.00171602

0.194531 0.00171603
0.19458 0.00171118

0.194629 0.00170636
0.194602 0.00170898

0.19458 0.00171117
0.194602 0.00170898

0.194629 0.00170636
0.194678 0.00170162

0.194678 0.00170162
0.194727 0.00169694

0.194727 0.00169694
0.194775 0.00169231

0.194775 0.00169231
0.194824 0.00168774

0.194824 0.00168774
0.194873 0.00168323

0.194873 0.00168323
0.194922 0.00167878

0.194922 0.00167878
0.194971 0.00167439

0.194971 0.00167439
0.19502 0.00167007

0.19502 0.00167007
0.195068 0.00166583

0.195068 0.00166585
0.195117 0.00166166

0.195166 0.00165753
0.195135 0.00166016

0.195117 0.00166166
0.195135 0.00166016

0.195166 0.00165753
0.195215 0.00165353

0.195215 0.00165354
0.195264 0.00164964

0.195264 0.00164965
0.195313 0.00164584

0.195312 0.00164584
0.195361 0.00164213

0.195361 0.00164213
0.19541 0.0016385

0.19541 0.00163851
0.195459 0.00163497

0.195459 0.00163497
0.195508 0.00163152

0.195508 0.00163152
0.195557 0.00162817

0.195557 0.00162817
0.195605 0.00162491

0.195605 0.00162491
0.195654 0.00162174

0.195654 0.00162174
0.195703 0.00161868

0.195703 0.00161868
0.195752 0.00161574

0.195752 0.00161575
0.195801 0.00161289

0.19585 0.00161009
0.195828 0.00161133

0.195801 0.00161289
0.195828 0.00161133

0.19585 0.00161008
0.195898 0.00160745

0.195898 0.00160746
0.195947 0.00160501

0.195947 0.00160502
0.195996 0.00160273

0.195996 0.00160273
0.196045 0.00160058

0.196045 0.00160058
0.196094 0.00159858

0.196094 0.00159858
0.196143 0.00159672

0.196143 0.00159672
0.196191 0.00159501

0.196191 0.00159501
0.19624 0.00159346

0.19624 0.00159346
0.196289 0.00159207

0.196289 0.00159207
0.196338 0.00159084

0.196338 0.00159084
0.196387 0.00158977

0.196387 0.00158977
0.196436 0.00158887

0.196436 0.00158887
0.196484 0.00158813

0.196484 0.00158813
0.196533 0.00158757

0.196533 0.00158757
0.196582 0.00158717

0.196582 0.00158717
0.196631 0.00158695

0.196631 0.00158695
0.19668 0.0015869

0.19668 0.0015869
0.196729 0.00158702

0.196729 0.00158702
0.196777 0.00158733

0.196777 0.00158733
0.196826 0.00158781

0.196826 0.00158781
0.196875 0.00158847

0.196875 0.00158847
0.196924 0.00158931

0.196924 0.00158931
0.196973 0.00159033

0.196973 0.00159033
0.197021 0.00159153

0.197021 0.00159153
0.19707 0.00159291

0.19707 0.00159291
0.197119 0.00159447

0.197119 0.00159447
0.197168 0.00159621

0.197168 0.00159621
0.197217 0.00159813

0.197217 0.00159813
0.197266 0.00160023

0.197266 0.00160023
0.197314 0.00160251

0.197314 0.00160252
0.197363 0.00160497

0.197363 0.00160498
0.197412 0.0016076

0.197412 0.00160759
0.197461 0.00161036

0.197461 0.00161035
0.197477 0.00161133

0.197477 0.00161133
0.19751 0.00161332

0.19751 0.00161332
0.197559 0.00161642

0.197559 0.00161643
0.197607 0.00161966

0.197607 0.00161966
0.197656 0.00162302

0.197656 0.00162302
0.197705 0.00162651

0.197705 0.00162651
0.197754 0.00163013

0.197754 0.00163012
0.197803 0.00163387

0.197803 0.00163387
0.197852 0.00163774

0.197852 0.00163774
0.1979 0.00164174

0.1979 0.00164174
0.197949 0.00164585

0.197949 0.00164585
0.197998 0.00165007

0.197998 0.00165007
0.198047 0.00165441

0.198047 0.00165441
0.198096 0.00165888

0.198096 0.00165888
0.198109 0.00166016

0.198109 0.00166016
0.198145 0.00166348

0.198145 0.00166348
0.198193 0.00166809

0.198193 0.00166809
0.198242 0.00167275

0.198242 0.00167275
0.198291 0.00167746

0.198291 0.00167746
0.19834 0.0016822

0.19834 0.0016822
0.198389 0.00168696

0.198389 0.00168697
0.198438 0.00169174

0.198438 0.00169174
0.198486 0.00169653

0.198486 0.00169652
0.198535 0.00170133

0.198535 0.00170132
0.198584 0.00170616

0.198584 0.00170617
0.198612 0.00170898

0.198612 0.00170898
0.198633 0.00171103

0.198633 0.00171101
0.198682 0.00171572

0.198682 0.00171571
0.19873 0.00172031

0.19873 0.00172031
0.198779 0.00172483

0.198779 0.00172483
0.198828 0.00172925

0.198828 0.00172925
0.198877 0.00173359

0.198877 0.00173359
0.198926 0.00173783

0.198926 0.00173783
0.198975 0.00174196

0.198975 0.00174196
0.199023 0.00174599

0.199023 0.00174599
0.199072 0.00174992

0.199072 0.00174993
0.199121 0.00175372

0.199121 0.00175374
0.19917 0.00175733

0.19917 0.00175735
0.199177 0.00175781

0.199177 0.00175781
0.199219 0.00176065

0.199219 0.00176063
0.199268 0.00176361

0.199268 0.0017636
0.199316 0.00176631

0.199316 0.0017663
0.199365 0.00176876

0.199365 0.00176876
0.199414 0.00177097

0.199414 0.00177097
0.199463 0.00177295

0.199463 0.00177295
0.199512 0.00177469

0.199512 0.0017747
0.199561 0.0017762

0.199561 0.00177622
0.199609 0.0017774

0.199609 0.00177745
0.199658 0.00177814

0.199658 0.00177822
0.199707 0.00177817

0.199707 0.00177827
0.199756 0.0017771

0.199756 0.00177717
0.199805 0.00177457

0.199805 0.00177458
0.199854 0.00177039

0.199854 0.00176991
0.199902 0.00176506

0.199902 0.00176437
0.199951 0.00176119

0.199951 0.00176154
0.2 0.00176072

