0 0.00185103
4.88281e-05 0.00184984

4.88281e-05 0.00184935
9.76563e-05 0.00184679

9.76563e-05 0.00184655
0.000146484 0.00184406

0.000146484 0.00184404
0.000195313 0.00184212

0.000195313 0.00184216
0.000244141 0.00184076

0.000244141 0.0018408
0.000292969 0.00183975

0.000292969 0.00183978
0.000341797 0.00183895

0.000341797 0.00183897
0.000390625 0.00183827

0.000390625 0.00183828
0.000439453 0.00183765

0.000439453 0.00183766
0.000488281 0.00183709

0.000488281 0.00183709
0.000537109 0.00183656

0.000537109 0.00183656
0.000585938 0.00183606

0.000585937 0.00183606
0.000634766 0.00183559

0.000634766 0.00183559
0.000683594 0.00183514

0.000683594 0.00183514
0.000732422 0.00183471

0.000732422 0.00183471
0.00078125 0.0018343

0.00078125 0.00183431
0.000830078 0.00183391

0.000830078 0.00183391
0.000878906 0.00183353

0.000878906 0.00183353
0.000927734 0.00183316

0.000927734 0.00183316
0.000976562 0.0018328

0.000976563 0.0018328
0.00102539 0.00183245

0.00102539 0.00183245
0.00107422 0.0018321

0.00107422 0.0018321
0.00112305 0.00183175

0.00112305 0.00183175
0.00117187 0.00183141

0.00117188 0.00183141
0.0012207 0.00183108

0.0012207 0.00183108
0.00126953 0.00183075

0.00126953 0.00183076
0.00131836 0.00183045

0.00131836 0.00183045
0.00136719 0.00183016

0.00136719 0.00183016
0.00141602 0.00182987

0.00141602 0.00182987
0.00146484 0.0018296

0.00146484 0.0018296
0.00151367 0.00182933

0.00151367 0.00182933
0.0015625 0.00182908

0.0015625 0.00182908
0.00161133 0.00182884

0.00161133 0.00182884
0.00166016 0.0018286

0.00166016 0.0018286
0.00170898 0.00182838

0.00170898 0.00182838
0.00175781 0.00182816

0.00175781 0.00182816
0.00180664 0.00182794

0.00180664 0.00182794
0.00185547 0.00182773

0.00185547 0.00182773
0.0019043 0.00182753

0.0019043 0.00182753
0.00195312 0.00182734

0.00195312 0.00182734
0.00200195 0.00182715

0.00200195 0.00182715
0.00205078 0.00182696

0.00205078 0.00182696
0.00209961 0.00182678

0.00209961 0.00182678
0.00214844 0.0018266

0.00214844 0.0018266
0.00219727 0.00182644

0.00219727 0.00182644
0.00224609 0.00182627

0.00224609 0.00182627
0.00229492 0.00182612

0.00229492 0.00182612
0.00234375 0.00182597

0.00234375 0.00182597
0.00239258 0.00182583

0.00239258 0.00182583
0.00244141 0.00182569

0.00244141 0.00182569
0.00249023 0.00182557

0.00249023 0.00182557
0.00253906 0.00182544

0.00253906 0.00182544
0.00258789 0.00182533

0.00258789 0.00182533
0.00263672 0.00182522

0.00263672 0.00182522
0.00268555 0.00182511

0.00268555 0.00182511
0.00273438 0.001825

0.00273438 0.001825
0.0027832 0.00182489

0.0027832 0.00182489
0.00283203 0.00182477

0.00283203 0.00182477
0.00288086 0.00182466

0.00288086 0.00182466
0.00292969 0.00182454

0.00292969 0.00182454
0.00297852 0.00182442

0.00297852 0.00182442
0.00302734 0.0018243

0.00302734 0.0018243
0.00307617 0.00182418

0.00307617 0.00182418
0.003125 0.00182405

0.003125 0.00182405
0.00317383 0.00182392

0.00317383 0.00182392
0.00322266 0.00182379

0.00322266 0.00182379
0.00327148 0.00182366

0.00327148 0.00182366
0.00332031 0.00182352

0.00332031 0.00182352
0.00336914 0.00182339

0.00336914 0.00182339
0.00341797 0.00182327

0.00341797 0.00182327
0.0034668 0.00182314

0.0034668 0.00182314
0.00351563 0.00182303

0.00351563 0.00182303
0.00356445 0.00182292

0.00356445 0.00182292
0.00361328 0.00182282

0.00361328 0.00182282
0.00366211 0.00182273

0.00366211 0.00182273
0.00371094 0.00182266

0.00371094 0.00182266
0.00375977 0.00182259

0.00375977 0.00182259
0.00380859 0.00182252

0.00380859 0.00182252
0.00385742 0.00182246

0.00385742 0.00182246
0.00390625 0.0018224

0.00390625 0.0018224
0.00395508 0.00182233

0.00395508 0.00182233
0.00400391 0.00182225

0.00400391 0.00182225
0.00405273 0.00182217

0.00405273 0.00182217
0.00410156 0.00182207

0.00410156 0.00182207
0.00415039 0.00182197

0.00415039 0.00182197
0.00419922 0.00182187

0.00419922 0.00182187
0.00424805 0.00182176

0.00424805 0.00182176
0.00429688 0.00182165

0.00429687 0.00182165
0.0043457 0.00182155

0.0043457 0.00182155
0.00439453 0.00182145

0.00439453 0.00182145
0.00444336 0.00182136

0.00444336 0.00182136
0.00449219 0.00182127

0.00449219 0.00182127
0.00454102 0.00182118

0.00454102 0.00182118
0.00458984 0.0018211

0.00458984 0.0018211
0.00463867 0.00182102

0.00463867 0.00182102
0.0046875 0.00182095

0.0046875 0.00182095
0.00473633 0.00182088

0.00473633 0.00182088
0.00478516 0.00182081

0.00478516 0.00182081
0.00483398 0.00182075

0.00483398 0.00182075
0.00488281 0.00182069

0.00488281 0.00182069
0.00493164 0.00182063

0.00493164 0.00182063
0.00498047 0.00182058

0.00498047 0.00182058
0.0050293 0.00182052

0.0050293 0.00182052
0.00507813 0.00182047

0.00507813 0.00182047
0.00512695 0.00182042

0.00512695 0.00182042
0.00517578 0.00182036

0.00517578 0.00182036
0.00522461 0.0018203

0.00522461 0.0018203
0.00527344 0.00182024

0.00527344 0.00182024
0.00532227 0.00182018

0.00532227 0.00182018
0.00537109 0.00182011

0.00537109 0.00182011
0.00541992 0.00182005

0.00541992 0.00182005
0.00546875 0.00181998

0.00546875 0.00181998
0.00551758 0.00181992

0.00551758 0.00181992
0.00556641 0.00181985

0.00556641 0.00181985
0.00561523 0.00181979

0.00561523 0.00181979
0.00566406 0.00181974

0.00566406 0.00181974
0.00571289 0.00181968

0.00571289 0.00181968
0.00576172 0.00181962

0.00576172 0.00181962
0.00581055 0.00181957

0.00581055 0.00181957
0.00585938 0.00181952

0.00585938 0.00181952
0.0059082 0.00181947

0.0059082 0.00181947
0.00595703 0.00181941

0.00595703 0.00181941
0.00600586 0.00181936

0.00600586 0.00181936
0.00605469 0.00181931

0.00605469 0.00181931
0.00610352 0.00181926

0.00610352 0.00181926
0.00615234 0.00181921

0.00615234 0.00181921
0.00620117 0.00181916

0.00620117 0.00181916
0.00625 0.00181911

0.00625 0.00181911
0.00629883 0.00181907

0.00629883 0.00181907
0.00634766 0.00181902

0.00634766 0.00181902
0.00639648 0.00181898

0.00639648 0.00181898
0.00644531 0.00181894

0.00644531 0.00181894
0.00649414 0.00181889

0.00649414 0.00181889
0.00654297 0.00181885

0.00654297 0.00181885
0.0065918 0.00181881

0.0065918 0.00181881
0.00664063 0.00181878

0.00664062 0.00181878
0.00668945 0.00181874

0.00668945 0.00181874
0.00673828 0.0018187

0.00673828 0.0018187
0.00678711 0.00181867

0.00678711 0.00181867
0.00683594 0.00181863

0.00683594 0.00181863
0.00688477 0.0018186

0.00688477 0.0018186
0.00693359 0.00181856

0.00693359 0.00181856
0.00698242 0.00181853

0.00698242 0.00181853
0.00703125 0.00181849

0.00703125 0.00181849
0.00708008 0.00181845

0.00708008 0.00181845
0.00712891 0.00181842

0.00712891 0.00181842
0.00717773 0.00181838

0.00717773 0.00181838
0.00722656 0.00181834

0.00722656 0.00181834
0.00727539 0.00181831

0.00727539 0.00181831
0.00732422 0.00181827

0.00732422 0.00181827
0.00737305 0.00181823

0.00737305 0.00181823
0.00742188 0.0018182

0.00742187 0.0018182
0.0074707 0.00181816

0.0074707 0.00181816
0.00751953 0.00181813

0.00751953 0.00181813
0.00756836 0.0018181

0.00756836 0.0018181
0.00761719 0.00181807

0.00761719 0.00181807
0.00766602 0.00181804

0.00766602 0.00181804
0.00771484 0.00181802

0.00771484 0.00181802
0.00776367 0.001818

0.00776367 0.001818
0.0078125 0.00181798

0.0078125 0.00181798
0.00786133 0.00181796

0.00786133 0.00181796
0.00791016 0.00181794

0.00791016 0.00181794
0.00795898 0.00181793

0.00795898 0.00181793
0.00800781 0.00181792

0.00800781 0.00181792
0.00805664 0.00181791

0.00805664 0.00181791
0.00810547 0.0018179

0.00810547 0.0018179
0.0081543 0.00181789

0.0081543 0.00181789
0.00820313 0.00181789

0.00820313 0.00181789
0.00825195 0.00181788

0.00825195 0.00181788
0.00830078 0.00181788

0.00830078 0.00181788
0.00834961 0.00181788

0.00834961 0.00181788
0.00839844 0.00181788

0.00839844 0.00181788
0.00844727 0.00181788

0.00844727 0.00181788
0.00849609 0.00181789

0.00849609 0.00181789
0.00854492 0.00181789

0.00854492 0.00181789
0.00859375 0.00181789

0.00859375 0.00181789
0.00864258 0.0018179

0.00864258 0.0018179
0.00869141 0.0018179

0.00869141 0.0018179
0.00874023 0.0018179

0.00874023 0.0018179
0.00878906 0.00181791

0.00878906 0.00181791
0.00883789 0.00181791

0.00883789 0.00181791
0.00888672 0.00181791

0.00888672 0.00181791
0.00893555 0.00181791

0.00893555 0.00181791
0.00898438 0.00181791

0.00898437 0.00181791
0.0090332 0.00181791

0.0090332 0.00181791
0.00908203 0.00181791

0.00908203 0.00181791
0.00913086 0.00181791

0.00913086 0.00181791
0.00917969 0.00181791

0.00917969 0.00181791
0.00922852 0.00181791

0.00922852 0.00181791
0.00927734 0.0018179

0.00927734 0.0018179
0.00932617 0.0018179

0.00932617 0.0018179
0.009375 0.0018179

0.009375 0.0018179
0.00942383 0.0018179

0.00942383 0.00181789
0.00947266 0.00181789

0.00947266 0.00181789
0.00952148 0.00181789

0.00952148 0.00181789
0.00957031 0.00181789

0.00957031 0.00181789
0.00961914 0.0018179

0.00961914 0.0018179
0.00966797 0.0018179

0.00966797 0.0018179
0.0097168 0.00181791

0.0097168 0.00181791
0.00976563 0.00181792

0.00976562 0.00181792
0.00981445 0.00181793

0.00981445 0.00181793
0.00986328 0.00181795

0.00986328 0.00181795
0.00991211 0.00181796

0.00991211 0.00181796
0.00996094 0.00181799

0.00996094 0.00181799
0.0100098 0.00181802

0.0100098 0.00181802
0.0100586 0.00181805

0.0100586 0.00181805
0.0101074 0.00181809

0.0101074 0.00181809
0.0101563 0.00181813

0.0101563 0.00181813
0.0102051 0.00181818

0.0102051 0.00181818
0.0102539 0.00181823

0.0102539 0.00181823
0.0103027 0.00181829

0.0103027 0.00181829
0.0103516 0.00181835

0.0103516 0.00181835
0.0104004 0.00181842

0.0104004 0.00181842
0.0104492 0.00181849

0.0104492 0.00181849
0.010498 0.00181857

0.010498 0.00181857
0.0105469 0.00181866

0.0105469 0.00181866
0.0105957 0.00181875

0.0105957 0.00181875
0.0106445 0.00181884

0.0106445 0.00181884
0.0106934 0.00181894

0.0106934 0.00181894
0.0107422 0.00181905

0.0107422 0.00181905
0.010791 0.00181916

0.010791 0.00181916
0.0108398 0.00181927

0.0108398 0.00181927
0.0108887 0.00181939

0.0108887 0.00181939
0.0109375 0.0018195

0.0109375 0.0018195
0.0109863 0.00181963

0.0109863 0.00181963
0.0110352 0.00181975

0.0110352 0.00181975
0.011084 0.00181988

0.011084 0.00181988
0.0111328 0.00182001

0.0111328 0.00182001
0.0111816 0.00182014

0.0111816 0.00182014
0.0112305 0.00182027

0.0112305 0.00182027
0.0112793 0.0018204

0.0112793 0.0018204
0.0113281 0.00182053

0.0113281 0.00182053
0.011377 0.00182066

0.011377 0.00182066
0.0114258 0.00182078

0.0114258 0.00182078
0.0114746 0.00182091

0.0114746 0.00182091
0.0115234 0.00182104

0.0115234 0.00182104
0.0115723 0.00182116

0.0115723 0.00182116
0.0116211 0.00182128

0.0116211 0.00182128
0.0116699 0.0018214

0.0116699 0.0018214
0.0117188 0.00182152

0.0117188 0.00182152
0.0117676 0.00182163

0.0117676 0.00182163
0.0118164 0.00182174

0.0118164 0.00182174
0.0118652 0.00182185

0.0118652 0.00182185
0.0119141 0.00182195

0.0119141 0.00182195
0.0119629 0.00182205

0.0119629 0.00182205
0.0120117 0.00182215

0.0120117 0.00182215
0.0120605 0.00182224

0.0120605 0.00182224
0.0121094 0.00182233

0.0121094 0.00182233
0.0121582 0.00182242

0.0121582 0.00182242
0.012207 0.0018225

0.012207 0.0018225
0.0122559 0.00182258

0.0122559 0.00182258
0.0123047 0.00182266

0.0123047 0.00182266
0.0123535 0.00182274

0.0123535 0.00182274
0.0124023 0.00182281

0.0124023 0.00182281
0.0124512 0.00182288

0.0124512 0.00182288
0.0125 0.00182294

0.0125 0.00182294
0.0125488 0.00182301

0.0125488 0.00182301
0.0125977 0.00182307

0.0125977 0.00182307
0.0126465 0.00182313

0.0126465 0.00182313
0.0126953 0.00182319

0.0126953 0.00182319
0.0127441 0.00182325

0.0127441 0.00182325
0.012793 0.0018233

0.012793 0.0018233
0.0128418 0.00182336

0.0128418 0.00182336
0.0128906 0.00182341

0.0128906 0.00182341
0.0129395 0.00182347

0.0129395 0.00182347
0.0129883 0.00182352

0.0129883 0.00182352
0.0130371 0.00182357

0.0130371 0.00182357
0.0130859 0.00182362

0.0130859 0.00182362
0.0131348 0.00182368

0.0131348 0.00182368
0.0131836 0.00182373

0.0131836 0.00182373
0.0132324 0.00182378

0.0132324 0.00182378
0.0132813 0.00182383

0.0132812 0.00182383
0.0133301 0.00182389

0.0133301 0.00182389
0.0133789 0.00182394

0.0133789 0.00182394
0.0134277 0.00182399

0.0134277 0.00182399
0.0134766 0.00182405

0.0134766 0.00182405
0.0135254 0.00182411

0.0135254 0.00182411
0.0135742 0.00182417

0.0135742 0.00182417
0.013623 0.00182423

0.013623 0.00182423
0.0136719 0.0018243

0.0136719 0.0018243
0.0137207 0.00182437

0.0137207 0.00182437
0.0137695 0.00182444

0.0137695 0.00182444
0.0138184 0.00182452

0.0138184 0.00182452
0.0138672 0.0018246

0.0138672 0.0018246
0.013916 0.00182468

0.013916 0.00182468
0.0139648 0.00182477

0.0139648 0.00182477
0.0140137 0.00182487

0.0140137 0.00182487
0.0140625 0.00182497

0.0140625 0.00182497
0.0141113 0.00182507

0.0141113 0.00182507
0.0141602 0.00182518

0.0141602 0.00182518
0.014209 0.0018253

0.014209 0.0018253
0.0142578 0.00182542

0.0142578 0.00182542
0.0143066 0.00182555

0.0143066 0.00182555
0.0143555 0.00182568

0.0143555 0.00182568
0.0144043 0.00182581

0.0144043 0.00182581
0.0144531 0.00182595

0.0144531 0.00182595
0.014502 0.00182609

0.014502 0.00182609
0.0145508 0.00182624

0.0145508 0.00182624
0.0145996 0.00182639

0.0145996 0.00182639
0.0146484 0.00182655

0.0146484 0.00182655
0.0146973 0.0018267

0.0146973 0.0018267
0.0147461 0.00182686

0.0147461 0.00182686
0.0147949 0.00182703

0.0147949 0.00182703
0.0148438 0.0018272

0.0148438 0.0018272
0.0148926 0.00182737

0.0148926 0.00182737
0.0149414 0.00182754

0.0149414 0.00182754
0.0149902 0.00182772

0.0149902 0.00182772
0.0150391 0.0018279

0.0150391 0.0018279
0.0150879 0.00182809

0.0150879 0.00182809
0.0151367 0.00182828

0.0151367 0.00182828
0.0151855 0.00182848

0.0151855 0.00182848
0.0152344 0.00182867

0.0152344 0.00182867
0.0152832 0.00182887

0.0152832 0.00182887
0.015332 0.00182908

0.015332 0.00182908
0.0153809 0.00182928

0.0153809 0.00182928
0.0154297 0.00182949

0.0154297 0.00182949
0.0154785 0.0018297

0.0154785 0.0018297
0.0155273 0.00182992

0.0155273 0.00182992
0.0155762 0.00183014

0.0155762 0.00183014
0.015625 0.00183035

0.015625 0.00183035
0.0156738 0.00183058

0.0156738 0.00183058
0.0157227 0.0018308

0.0157227 0.0018308
0.0157715 0.00183102

0.0157715 0.00183102
0.0158203 0.00183125

0.0158203 0.00183125
0.0158691 0.00183148

0.0158691 0.00183148
0.015918 0.00183171

0.015918 0.00183171
0.0159668 0.00183194

0.0159668 0.00183194
0.0160156 0.00183218

0.0160156 0.00183218
0.0160645 0.00183241

0.0160645 0.00183241
0.0161133 0.00183265

0.0161133 0.00183265
0.0161621 0.00183289

0.0161621 0.00183289
0.0162109 0.00183313

0.0162109 0.00183313
0.0162598 0.00183337

0.0162598 0.00183337
0.0163086 0.00183361

0.0163086 0.00183361
0.0163574 0.00183385

0.0163574 0.00183385
0.0164063 0.0018341

0.0164063 0.0018341
0.0164551 0.00183434

0.0164551 0.00183434
0.0165039 0.00183459

0.0165039 0.00183459
0.0165527 0.00183484

0.0165527 0.00183484
0.0166016 0.00183508

0.0166016 0.00183508
0.0166504 0.00183533

0.0166504 0.00183533
0.0166992 0.00183558

0.0166992 0.00183558
0.016748 0.00183583

0.016748 0.00183583
0.0167969 0.00183608

0.0167969 0.00183608
0.0168457 0.00183633

0.0168457 0.00183633
0.0168945 0.00183658

0.0168945 0.00183658
0.0169434 0.00183683

0.0169434 0.00183683
0.0169922 0.00183709

0.0169922 0.00183709
0.017041 0.00183734

0.017041 0.00183734
0.0170898 0.00183759

0.0170898 0.00183759
0.0171387 0.00183784

0.0171387 0.00183784
0.0171875 0.00183809

0.0171875 0.00183809
0.0172363 0.00183834

0.0172363 0.00183834
0.0172852 0.0018386

0.0172852 0.0018386
0.017334 0.00183885

0.017334 0.00183885
0.0173828 0.0018391

0.0173828 0.0018391
0.0174316 0.00183935

0.0174316 0.00183935
0.0174805 0.0018396

0.0174805 0.0018396
0.0175293 0.00183985

0.0175293 0.00183985
0.0175781 0.0018401

0.0175781 0.0018401
0.017627 0.00184035

0.017627 0.00184035
0.0176758 0.0018406

0.0176758 0.0018406
0.0177246 0.00184085

0.0177246 0.00184085
0.0177734 0.0018411

0.0177734 0.0018411
0.0178223 0.00184134

0.0178223 0.00184134
0.0178711 0.00184159

0.0178711 0.00184159
0.0179199 0.00184183

0.0179199 0.00184183
0.0179687 0.00184208

0.0179688 0.00184208
0.0180176 0.00184232

0.0180176 0.00184232
0.0180664 0.00184256

0.0180664 0.00184256
0.0181152 0.0018428

0.0181152 0.0018428
0.0181641 0.00184304

0.0181641 0.00184304
0.0182129 0.00184328

0.0182129 0.00184328
0.0182617 0.00184351

0.0182617 0.00184351
0.0183105 0.00184374

0.0183105 0.00184374
0.0183594 0.00184397

0.0183594 0.00184397
0.0184082 0.0018442

0.0184082 0.0018442
0.018457 0.00184443

0.018457 0.00184443
0.0185059 0.00184465

0.0185059 0.00184465
0.0185547 0.00184487

0.0185547 0.00184487
0.0186035 0.00184509

0.0186035 0.00184509
0.0186523 0.0018453

0.0186523 0.0018453
0.0187012 0.00184552

0.0187012 0.00184552
0.01875 0.00184572

0.01875 0.00184572
0.0187988 0.00184593

0.0187988 0.00184593
0.0188477 0.00184613

0.0188477 0.00184613
0.0188965 0.00184633

0.0188965 0.00184633
0.0189453 0.00184653

0.0189453 0.00184653
0.0189941 0.00184672

0.0189941 0.00184672
0.019043 0.0018469

0.019043 0.0018469
0.0190918 0.00184709

0.0190918 0.00184709
0.0191406 0.00184727

0.0191406 0.00184727
0.0191895 0.00184744

0.0191895 0.00184744
0.0192383 0.00184761

0.0192383 0.00184761
0.0192871 0.00184778

0.0192871 0.00184778
0.0193359 0.00184794

0.0193359 0.00184794
0.0193848 0.00184809

0.0193848 0.00184809
0.0194336 0.00184825

0.0194336 0.00184825
0.0194824 0.00184839

0.0194824 0.00184839
0.0195312 0.00184854

0.0195313 0.00184854
0.0195801 0.00184867

0.0195801 0.00184867
0.0196289 0.0018488

0.0196289 0.0018488
0.0196777 0.00184893

0.0196777 0.00184893
0.0197266 0.00184905

0.0197266 0.00184905
0.0197754 0.00184917

0.0197754 0.00184917
0.0198242 0.00184928

0.0198242 0.00184928
0.019873 0.00184938

0.019873 0.00184938
0.0199219 0.00184948

0.0199219 0.00184948
0.0199707 0.00184957

0.0199707 0.00184957
0.0200195 0.00184966

0.0200195 0.00184966
0.0200684 0.00184974

0.0200684 0.00184974
0.0201172 0.00184982

0.0201172 0.00184982
0.020166 0.00184989

0.020166 0.00184989
0.0202148 0.00184996

0.0202148 0.00184996
0.0202637 0.00185001

0.0202637 0.00185001
0.0203125 0.00185007

0.0203125 0.00185007
0.0203613 0.00185011

0.0203613 0.00185011
0.0204102 0.00185016

0.0204102 0.00185016
0.020459 0.00185019

0.020459 0.00185019
0.0205078 0.00185022

0.0205078 0.00185022
0.0205566 0.00185024

0.0205566 0.00185024
0.0206055 0.00185026

0.0206055 0.00185026
0.0206543 0.00185027

0.0206543 0.00185027
0.0207031 0.00185028

0.0207031 0.00185028
0.020752 0.00185028

0.020752 0.00185028
0.0208008 0.00185028

0.0208008 0.00185028
0.0208496 0.00185027

0.0208496 0.00185027
0.0208984 0.00185025

0.0208984 0.00185025
0.0209473 0.00185023

0.0209473 0.00185023
0.0209961 0.0018502

0.0209961 0.0018502
0.0210449 0.00185017

0.0210449 0.00185017
0.0210938 0.00185013

0.0210938 0.00185013
0.0211426 0.00185008

0.0211426 0.00185008
0.0211914 0.00185003

0.0211914 0.00185003
0.0212402 0.00184998

0.0212402 0.00184998
0.0212891 0.00184992

0.0212891 0.00184992
0.0213379 0.00184986

0.0213379 0.00184986
0.0213867 0.00184979

0.0213867 0.00184979
0.0214355 0.00184971

0.0214355 0.00184971
0.0214844 0.00184963

0.0214844 0.00184963
0.0215332 0.00184955

0.0215332 0.00184955
0.021582 0.00184946

0.021582 0.00184946
0.0216309 0.00184937

0.0216309 0.00184937
0.0216797 0.00184927

0.0216797 0.00184927
0.0217285 0.00184917

0.0217285 0.00184917
0.0217773 0.00184907

0.0217773 0.00184907
0.0218262 0.00184896

0.0218262 0.00184896
0.021875 0.00184885

0.021875 0.00184885
0.0219238 0.00184873

0.0219238 0.00184873
0.0219727 0.00184861

0.0219727 0.00184861
0.0220215 0.00184849

0.0220215 0.00184849
0.0220703 0.00184836

0.0220703 0.00184836
0.0221191 0.00184824

0.0221191 0.00184824
0.022168 0.00184811

0.022168 0.00184811
0.0222168 0.00184797

0.0222168 0.00184797
0.0222656 0.00184784

0.0222656 0.00184784
0.0223145 0.0018477

0.0223145 0.0018477
0.0223633 0.00184756

0.0223633 0.00184756
0.0224121 0.00184742

0.0224121 0.00184742
0.0224609 0.00184728

0.0224609 0.00184728
0.0225098 0.00184713

0.0225098 0.00184713
0.0225586 0.00184699

0.0225586 0.00184699
0.0226074 0.00184684

0.0226074 0.00184684
0.0226562 0.0018467

0.0226563 0.0018467
0.0227051 0.00184655

0.0227051 0.00184655
0.0227539 0.0018464

0.0227539 0.0018464
0.0228027 0.00184625

0.0228027 0.00184625
0.0228516 0.0018461

0.0228516 0.0018461
0.0229004 0.00184596

0.0229004 0.00184596
0.0229492 0.00184581

0.0229492 0.00184581
0.022998 0.00184566

0.022998 0.00184566
0.0230469 0.00184552

0.0230469 0.00184552
0.0230957 0.00184537

0.0230957 0.00184537
0.0231445 0.00184523

0.0231445 0.00184523
0.0231934 0.00184508

0.0231934 0.00184508
0.0232422 0.00184494

0.0232422 0.00184494
0.023291 0.0018448

0.023291 0.0018448
0.0233398 0.00184466

0.0233398 0.00184466
0.0233887 0.00184453

0.0233887 0.00184453
0.0234375 0.00184439

0.0234375 0.00184439
0.0234863 0.00184426

0.0234863 0.00184426
0.0235352 0.00184413

0.0235352 0.00184413
0.023584 0.00184401

0.023584 0.00184401
0.0236328 0.00184388

0.0236328 0.00184388
0.0236816 0.00184376

0.0236816 0.00184376
0.0237305 0.00184365

0.0237305 0.00184365
0.0237793 0.00184353

0.0237793 0.00184353
0.0238281 0.00184342

0.0238281 0.00184342
0.023877 0.00184331

0.023877 0.00184331
0.0239258 0.00184321

0.0239258 0.00184321
0.0239746 0.00184311

0.0239746 0.00184311
0.0240234 0.00184301

0.0240234 0.00184301
0.0240723 0.00184292

0.0240723 0.00184292
0.0241211 0.00184282

0.0241211 0.00184282
0.0241699 0.00184274

0.0241699 0.00184274
0.0242188 0.00184266

0.0242188 0.00184266
0.0242676 0.00184258

0.0242676 0.00184258
0.0243164 0.0018425

0.0243164 0.0018425
0.0243652 0.00184243

0.0243652 0.00184243
0.0244141 0.00184236

0.0244141 0.00184236
0.0244629 0.0018423

0.0244629 0.0018423
0.0245117 0.00184224

0.0245117 0.00184224
0.0245605 0.00184219

0.0245605 0.00184219
0.0246094 0.00184213

0.0246094 0.00184213
0.0246582 0.00184209

0.0246582 0.00184209
0.024707 0.00184204

0.024707 0.00184204
0.0247559 0.001842

0.0247559 0.001842
0.0248047 0.00184197

0.0248047 0.00184197
0.0248535 0.00184193

0.0248535 0.00184193
0.0249023 0.0018419

0.0249023 0.0018419
0.0249512 0.00184188

0.0249512 0.00184188
0.025 0.00184185

0.025 0.00184185
0.0250488 0.00184183

0.0250488 0.00184183
0.0250977 0.00184182

0.0250977 0.00184182
0.0251465 0.0018418

0.0251465 0.0018418
0.0251953 0.00184179

0.0251953 0.00184179
0.0252441 0.00184178

0.0252441 0.00184178
0.025293 0.00184178

0.025293 0.00184178
0.0253418 0.00184177

0.0253418 0.00184177
0.0253906 0.00184177

0.0253906 0.00184177
0.0254395 0.00184177

0.0254395 0.00184177
0.0254883 0.00184178

0.0254883 0.00184178
0.0255371 0.00184178

0.0255371 0.00184178
0.0255859 0.00184179

0.0255859 0.00184179
0.0256348 0.00184179

0.0256348 0.00184179
0.0256836 0.0018418

0.0256836 0.0018418
0.0257324 0.00184181

0.0257324 0.00184181
0.0257812 0.00184182

0.0257813 0.00184182
0.0258301 0.00184183

0.0258301 0.00184183
0.0258789 0.00184185

0.0258789 0.00184185
0.0259277 0.00184186

0.0259277 0.00184186
0.0259766 0.00184187

0.0259766 0.00184187
0.0260254 0.00184188

0.0260254 0.00184188
0.0260742 0.0018419

0.0260742 0.0018419
0.026123 0.00184191

0.026123 0.00184191
0.0261719 0.00184192

0.0261719 0.00184192
0.0262207 0.00184193

0.0262207 0.00184193
0.0262695 0.00184194

0.0262695 0.00184194
0.0263184 0.00184195

0.0263184 0.00184195
0.0263672 0.00184196

0.0263672 0.00184196
0.026416 0.00184197

0.026416 0.00184197
0.0264648 0.00184197

0.0264648 0.00184197
0.0265137 0.00184198

0.0265137 0.00184198
0.0265625 0.00184198

0.0265625 0.00184198
0.0266113 0.00184198

0.0266113 0.00184198
0.0266602 0.00184198

0.0266602 0.00184198
0.026709 0.00184198

0.026709 0.00184198
0.0267578 0.00184198

0.0267578 0.00184198
0.0268066 0.00184198

0.0268066 0.00184198
0.0268555 0.00184197

0.0268555 0.00184197
0.0269043 0.00184197

0.0269043 0.00184197
0.0269531 0.00184196

0.0269531 0.00184196
0.027002 0.00184195

0.027002 0.00184195
0.0270508 0.00184194

0.0270508 0.00184194
0.0270996 0.00184192

0.0270996 0.00184192
0.0271484 0.00184191

0.0271484 0.00184191
0.0271973 0.00184189

0.0271973 0.00184189
0.0272461 0.00184188

0.0272461 0.00184188
0.0272949 0.00184186

0.0272949 0.00184186
0.0273438 0.00184184

0.0273438 0.00184184
0.0273926 0.00184182

0.0273926 0.00184182
0.0274414 0.0018418

0.0274414 0.0018418
0.0274902 0.00184178

0.0274902 0.00184178
0.0275391 0.00184175

0.0275391 0.00184175
0.0275879 0.00184173

0.0275879 0.00184173
0.0276367 0.0018417

0.0276367 0.0018417
0.0276855 0.00184168

0.0276855 0.00184168
0.0277344 0.00184165

0.0277344 0.00184165
0.0277832 0.00184163

0.0277832 0.00184163
0.027832 0.0018416

0.027832 0.0018416
0.0278809 0.00184157

0.0278809 0.00184157
0.0279297 0.00184154

0.0279297 0.00184154
0.0279785 0.00184152

0.0279785 0.00184152
0.0280273 0.00184149

0.0280273 0.00184149
0.0280762 0.00184146

0.0280762 0.00184146
0.028125 0.00184144

0.028125 0.00184144
0.0281738 0.00184141

0.0281738 0.00184141
0.0282227 0.00184138

0.0282227 0.00184138
0.0282715 0.00184135

0.0282715 0.00184135
0.0283203 0.00184133

0.0283203 0.00184133
0.0283691 0.0018413

0.0283691 0.0018413
0.028418 0.00184128

0.028418 0.00184128
0.0284668 0.00184125

0.0284668 0.00184125
0.0285156 0.00184122

0.0285156 0.00184122
0.0285645 0.0018412

0.0285645 0.0018412
0.0286133 0.00184118

0.0286133 0.00184118
0.0286621 0.00184115

0.0286621 0.00184115
0.0287109 0.00184113

0.0287109 0.00184113
0.0287598 0.0018411

0.0287598 0.0018411
0.0288086 0.00184108

0.0288086 0.00184108
0.0288574 0.00184106

0.0288574 0.00184106
0.0289063 0.00184104

0.0289063 0.00184104
0.0289551 0.00184102

0.0289551 0.00184102
0.0290039 0.00184099

0.0290039 0.00184099
0.0290527 0.00184097

0.0290527 0.00184097
0.0291016 0.00184095

0.0291016 0.00184095
0.0291504 0.00184093

0.0291504 0.00184093
0.0291992 0.00184091

0.0291992 0.00184091
0.029248 0.00184089

0.029248 0.00184089
0.0292969 0.00184088

0.0292969 0.00184088
0.0293457 0.00184086

0.0293457 0.00184086
0.0293945 0.00184084

0.0293945 0.00184084
0.0294434 0.00184082

0.0294434 0.00184082
0.0294922 0.00184081

0.0294922 0.00184081
0.029541 0.00184079

0.029541 0.00184079
0.0295898 0.00184077

0.0295898 0.00184077
0.0296387 0.00184076

0.0296387 0.00184076
0.0296875 0.00184074

0.0296875 0.00184074
0.0297363 0.00184072

0.0297363 0.00184072
0.0297852 0.00184071

0.0297852 0.00184071
0.029834 0.0018407

0.029834 0.0018407
0.0298828 0.00184068

0.0298828 0.00184068
0.0299316 0.00184067

0.0299316 0.00184067
0.0299805 0.00184065

0.0299805 0.00184065
0.0300293 0.00184064

0.0300293 0.00184064
0.0300781 0.00184063

0.0300781 0.00184063
0.030127 0.00184061

0.030127 0.00184061
0.0301758 0.0018406

0.0301758 0.0018406
0.0302246 0.00184059

0.0302246 0.00184059
0.0302734 0.00184058

0.0302734 0.00184058
0.0303223 0.00184057

0.0303223 0.00184057
0.0303711 0.00184056

0.0303711 0.00184056
0.0304199 0.00184055

0.0304199 0.00184055
0.0304687 0.00184054

0.0304688 0.00184054
0.0305176 0.00184053

0.0305176 0.00184053
0.0305664 0.00184052

0.0305664 0.00184052
0.0306152 0.00184051

0.0306152 0.00184051
0.0306641 0.0018405

0.0306641 0.0018405
0.0307129 0.00184049

0.0307129 0.00184049
0.0307617 0.00184048

0.0307617 0.00184048
0.0308105 0.00184047

0.0308105 0.00184047
0.0308594 0.00184046

0.0308594 0.00184046
0.0309082 0.00184045

0.0309082 0.00184045
0.030957 0.00184044

0.030957 0.00184044
0.0310059 0.00184044

0.0310059 0.00184044
0.0310547 0.00184043

0.0310547 0.00184043
0.0311035 0.00184042

0.0311035 0.00184042
0.0311523 0.00184041

0.0311523 0.00184041
0.0312012 0.0018404

0.0312012 0.0018404
0.03125 0.0018404

0.03125 0.0018404
0.0312988 0.00184039

0.0312988 0.00184039
0.0313477 0.00184038

0.0313477 0.00184038
0.0313965 0.00184037

0.0313965 0.00184037
0.0314453 0.00184037

0.0314453 0.00184037
0.0314941 0.00184036

0.0314941 0.00184036
0.031543 0.00184035

0.031543 0.00184035
0.0315918 0.00184034

0.0315918 0.00184034
0.0316406 0.00184034

0.0316406 0.00184034
0.0316895 0.00184033

0.0316895 0.00184033
0.0317383 0.00184032

0.0317383 0.00184032
0.0317871 0.00184032

0.0317871 0.00184032
0.0318359 0.00184031

0.0318359 0.00184031
0.0318848 0.00184031

0.0318848 0.00184031
0.0319336 0.0018403

0.0319336 0.0018403
0.0319824 0.0018403

0.0319824 0.0018403
0.0320312 0.00184029

0.0320313 0.00184029
0.0320801 0.00184029

0.0320801 0.00184029
0.0321289 0.00184028

0.0321289 0.00184028
0.0321777 0.00184028

0.0321777 0.00184028
0.0322266 0.00184027

0.0322266 0.00184027
0.0322754 0.00184027

0.0322754 0.00184027
0.0323242 0.00184027

0.0323242 0.00184027
0.032373 0.00184026

0.032373 0.00184026
0.0324219 0.00184026

0.0324219 0.00184026
0.0324707 0.00184026

0.0324707 0.00184026
0.0325195 0.00184026

0.0325195 0.00184026
0.0325684 0.00184026

0.0325684 0.00184026
0.0326172 0.00184025

0.0326172 0.00184025
0.032666 0.00184025

0.032666 0.00184025
0.0327148 0.00184025

0.0327148 0.00184025
0.0327637 0.00184025

0.0327637 0.00184025
0.0328125 0.00184025

0.0328125 0.00184025
0.0328613 0.00184025

0.0328613 0.00184025
0.0329102 0.00184025

0.0329102 0.00184025
0.032959 0.00184025

0.032959 0.00184025
0.0330078 0.00184025

0.0330078 0.00184025
0.0330566 0.00184025

0.0330566 0.00184025
0.0331055 0.00184025

0.0331055 0.00184025
0.0331543 0.00184025

0.0331543 0.00184025
0.0332031 0.00184025

0.0332031 0.00184025
0.033252 0.00184025

0.033252 0.00184025
0.0333008 0.00184025

0.0333008 0.00184025
0.0333496 0.00184025

0.0333496 0.00184025
0.0333984 0.00184025

0.0333984 0.00184025
0.0334473 0.00184026

0.0334473 0.00184026
0.0334961 0.00184026

0.0334961 0.00184026
0.0335449 0.00184026

0.0335449 0.00184026
0.0335937 0.00184026

0.0335938 0.00184026
0.0336426 0.00184026

0.0336426 0.00184026
0.0336914 0.00184026

0.0336914 0.00184026
0.0337402 0.00184026

0.0337402 0.00184026
0.0337891 0.00184026

0.0337891 0.00184026
0.0338379 0.00184026

0.0338379 0.00184026
0.0338867 0.00184027

0.0338867 0.00184027
0.0339355 0.00184027

0.0339355 0.00184027
0.0339844 0.00184027

0.0339844 0.00184027
0.0340332 0.00184027

0.0340332 0.00184027
0.034082 0.00184027

0.034082 0.00184027
0.0341309 0.00184027

0.0341309 0.00184027
0.0341797 0.00184027

0.0341797 0.00184027
0.0342285 0.00184027

0.0342285 0.00184027
0.0342773 0.00184028

0.0342773 0.00184028
0.0343262 0.00184028

0.0343262 0.00184028
0.034375 0.00184028

0.034375 0.00184028
0.0344238 0.00184028

0.0344238 0.00184028
0.0344727 0.00184028

0.0344727 0.00184028
0.0345215 0.00184028

0.0345215 0.00184028
0.0345703 0.00184028

0.0345703 0.00184028
0.0346191 0.00184028

0.0346191 0.00184028
0.034668 0.00184028

0.034668 0.00184028
0.0347168 0.00184028

0.0347168 0.00184028
0.0347656 0.00184028

0.0347656 0.00184028
0.0348145 0.00184028

0.0348145 0.00184028
0.0348633 0.00184028

0.0348633 0.00184028
0.0349121 0.00184028

0.0349121 0.00184028
0.0349609 0.00184028

0.0349609 0.00184028
0.0350098 0.00184028

0.0350098 0.00184028
0.0350586 0.00184028

0.0350586 0.00184028
0.0351074 0.00184028

0.0351074 0.00184028
0.0351562 0.00184028

0.0351562 0.00184028
0.0352051 0.00184028

0.0352051 0.00184028
0.0352539 0.00184028

0.0352539 0.00184028
0.0353027 0.00184028

0.0353027 0.00184028
0.0353516 0.00184027

0.0353516 0.00184027
0.0354004 0.00184027

0.0354004 0.00184027
0.0354492 0.00184027

0.0354492 0.00184027
0.035498 0.00184027

0.035498 0.00184027
0.0355469 0.00184027

0.0355469 0.00184027
0.0355957 0.00184026

0.0355957 0.00184026
0.0356445 0.00184026

0.0356445 0.00184026
0.0356934 0.00184026

0.0356934 0.00184026
0.0357422 0.00184026

0.0357422 0.00184026
0.035791 0.00184025

0.035791 0.00184025
0.0358398 0.00184025

0.0358398 0.00184025
0.0358887 0.00184024

0.0358887 0.00184024
0.0359375 0.00184024

0.0359375 0.00184024
0.0359863 0.00184024

0.0359863 0.00184024
0.0360352 0.00184023

0.0360352 0.00184023
0.036084 0.00184023

0.036084 0.00184023
0.0361328 0.00184022

0.0361328 0.00184022
0.0361816 0.00184022

0.0361816 0.00184022
0.0362305 0.00184021

0.0362305 0.00184021
0.0362793 0.00184021

0.0362793 0.00184021
0.0363281 0.0018402

0.0363281 0.0018402
0.036377 0.00184019

0.036377 0.00184019
0.0364258 0.00184019

0.0364258 0.00184019
0.0364746 0.00184018

0.0364746 0.00184018
0.0365234 0.00184017

0.0365234 0.00184017
0.0365723 0.00184017

0.0365723 0.00184017
0.0366211 0.00184016

0.0366211 0.00184016
0.0366699 0.00184015

0.0366699 0.00184015
0.0367188 0.00184015

0.0367188 0.00184015
0.0367676 0.00184014

0.0367676 0.00184014
0.0368164 0.00184013

0.0368164 0.00184013
0.0368652 0.00184012

0.0368652 0.00184012
0.0369141 0.00184011

0.0369141 0.00184011
0.0369629 0.0018401

0.0369629 0.0018401
0.0370117 0.00184009

0.0370117 0.00184009
0.0370605 0.00184009

0.0370605 0.00184009
0.0371094 0.00184008

0.0371094 0.00184008
0.0371582 0.00184007

0.0371582 0.00184007
0.037207 0.00184006

0.037207 0.00184006
0.0372559 0.00184005

0.0372559 0.00184005
0.0373047 0.00184004

0.0373047 0.00184004
0.0373535 0.00184003

0.0373535 0.00184003
0.0374023 0.00184002

0.0374023 0.00184002
0.0374512 0.00184001

0.0374512 0.00184001
0.0375 0.00184

0.0375 0.00184
0.0375488 0.00183999

0.0375488 0.00183999
0.0375977 0.00183997

0.0375977 0.00183997
0.0376465 0.00183996

0.0376465 0.00183996
0.0376953 0.00183995

0.0376953 0.00183995
0.0377441 0.00183994

0.0377441 0.00183994
0.037793 0.00183993

0.037793 0.00183993
0.0378418 0.00183992

0.0378418 0.00183992
0.0378906 0.00183991

0.0378906 0.00183991
0.0379395 0.0018399

0.0379395 0.0018399
0.0379883 0.00183989

0.0379883 0.00183989
0.0380371 0.00183988

0.0380371 0.00183987
0.0380859 0.00183986

0.0380859 0.00183986
0.0381348 0.00183985

0.0381348 0.00183985
0.0381836 0.00183984

0.0381836 0.00183984
0.0382324 0.00183983

0.0382324 0.00183983
0.0382813 0.00183982

0.0382813 0.00183982
0.0383301 0.00183981

0.0383301 0.00183981
0.0383789 0.0018398

0.0383789 0.0018398
0.0384277 0.00183979

0.0384277 0.00183979
0.0384766 0.00183978

0.0384766 0.00183978
0.0385254 0.00183977

0.0385254 0.00183977
0.0385742 0.00183976

0.0385742 0.00183976
0.038623 0.00183975

0.038623 0.00183975
0.0386719 0.00183974

0.0386719 0.00183974
0.0387207 0.00183973

0.0387207 0.00183973
0.0387695 0.00183972

0.0387695 0.00183972
0.0388184 0.00183971

0.0388184 0.00183971
0.0388672 0.0018397

0.0388672 0.0018397
0.038916 0.00183969

0.038916 0.00183969
0.0389648 0.00183968

0.0389648 0.00183968
0.0390137 0.00183967

0.0390137 0.00183967
0.0390625 0.00183966

0.0390625 0.00183966
0.0391113 0.00183966

0.0391113 0.00183966
0.0391602 0.00183965

0.0391602 0.00183965
0.039209 0.00183964

0.039209 0.00183964
0.0392578 0.00183964

0.0392578 0.00183964
0.0393066 0.00183963

0.0393066 0.00183963
0.0393555 0.00183962

0.0393555 0.00183962
0.0394043 0.00183962

0.0394043 0.00183962
0.0394531 0.00183961

0.0394531 0.00183961
0.039502 0.00183961

0.039502 0.00183961
0.0395508 0.0018396

0.0395508 0.0018396
0.0395996 0.0018396

0.0395996 0.0018396
0.0396484 0.00183959

0.0396484 0.00183959
0.0396973 0.00183959

0.0396973 0.00183959
0.0397461 0.00183959

0.0397461 0.00183959
0.0397949 0.00183959

0.0397949 0.00183959
0.0398438 0.00183958

0.0398438 0.00183958
0.0398926 0.00183958

0.0398926 0.00183958
0.0399414 0.00183958

0.0399414 0.00183958
0.0399902 0.00183958

0.0399902 0.00183958
0.0400391 0.00183958

0.0400391 0.00183958
0.0400879 0.00183958

0.0400879 0.00183958
0.0401367 0.00183958

0.0401367 0.00183958
0.0401855 0.00183958

0.0401855 0.00183958
0.0402344 0.00183958

0.0402344 0.00183958
0.0402832 0.00183958

0.0402832 0.00183958
0.040332 0.00183959

0.040332 0.00183959
0.0403809 0.00183959

0.0403809 0.00183959
0.0404297 0.00183959

0.0404297 0.00183959
0.0404785 0.0018396

0.0404785 0.0018396
0.0405273 0.0018396

0.0405273 0.0018396
0.0405762 0.0018396

0.0405762 0.0018396
0.040625 0.00183961

0.040625 0.00183961
0.0406738 0.00183961

0.0406738 0.00183961
0.0407227 0.00183962

0.0407227 0.00183962
0.0407715 0.00183963

0.0407715 0.00183963
0.0408203 0.00183963

0.0408203 0.00183963
0.0408691 0.00183964

0.0408691 0.00183964
0.040918 0.00183965

0.040918 0.00183965
0.0409668 0.00183965

0.0409668 0.00183965
0.0410156 0.00183966

0.0410156 0.00183966
0.0410645 0.00183967

0.0410645 0.00183967
0.0411133 0.00183968

0.0411133 0.00183968
0.0411621 0.00183969

0.0411621 0.00183969
0.0412109 0.00183969

0.0412109 0.00183969
0.0412598 0.0018397

0.0412598 0.0018397
0.0413086 0.00183971

0.0413086 0.00183971
0.0413574 0.00183972

0.0413574 0.00183972
0.0414062 0.00183973

0.0414063 0.00183973
0.0414551 0.00183974

0.0414551 0.00183974
0.0415039 0.00183975

0.0415039 0.00183975
0.0415527 0.00183976

0.0415527 0.00183976
0.0416016 0.00183977

0.0416016 0.00183977
0.0416504 0.00183978

0.0416504 0.00183978
0.0416992 0.00183979

0.0416992 0.00183979
0.041748 0.0018398

0.041748 0.0018398
0.0417969 0.00183981

0.0417969 0.00183981
0.0418457 0.00183983

0.0418457 0.00183983
0.0418945 0.00183984

0.0418945 0.00183984
0.0419434 0.00183985

0.0419434 0.00183985
0.0419922 0.00183986

0.0419922 0.00183986
0.042041 0.00183987

0.042041 0.00183987
0.0420898 0.00183988

0.0420898 0.00183988
0.0421387 0.00183989

0.0421387 0.00183989
0.0421875 0.0018399

0.0421875 0.0018399
0.0422363 0.00183991

0.0422363 0.00183991
0.0422852 0.00183992

0.0422852 0.00183992
0.042334 0.00183993

0.042334 0.00183993
0.0423828 0.00183994

0.0423828 0.00183994
0.0424316 0.00183995

0.0424316 0.00183995
0.0424805 0.00183996

0.0424805 0.00183996
0.0425293 0.00183997

0.0425293 0.00183997
0.0425781 0.00183998

0.0425781 0.00183998
0.042627 0.00183998

0.042627 0.00183998
0.0426758 0.00183999

0.0426758 0.00183999
0.0427246 0.00184

0.0427246 0.00184
0.0427734 0.00184001

0.0427734 0.00184001
0.0428223 0.00184002

0.0428223 0.00184002
0.0428711 0.00184002

0.0428711 0.00184002
0.0429199 0.00184003

0.0429199 0.00184003
0.0429688 0.00184004

0.0429688 0.00184004
0.0430176 0.00184004

0.0430176 0.00184004
0.0430664 0.00184005

0.0430664 0.00184005
0.0431152 0.00184005

0.0431152 0.00184005
0.0431641 0.00184006

0.0431641 0.00184006
0.0432129 0.00184006

0.0432129 0.00184006
0.0432617 0.00184007

0.0432617 0.00184007
0.0433105 0.00184007

0.0433105 0.00184007
0.0433594 0.00184007

0.0433594 0.00184007
0.0434082 0.00184008

0.0434082 0.00184008
0.043457 0.00184008

0.043457 0.00184008
0.0435059 0.00184008

0.0435059 0.00184008
0.0435547 0.00184008

0.0435547 0.00184008
0.0436035 0.00184008

0.0436035 0.00184008
0.0436523 0.00184009

0.0436523 0.00184009
0.0437012 0.00184009

0.0437012 0.00184009
0.04375 0.00184009

0.04375 0.00184009
0.0437988 0.00184009

0.0437988 0.00184009
0.0438477 0.00184009

0.0438477 0.00184009
0.0438965 0.00184008

0.0438965 0.00184008
0.0439453 0.00184008

0.0439453 0.00184008
0.0439941 0.00184008

0.0439941 0.00184008
0.044043 0.00184008

0.044043 0.00184008
0.0440918 0.00184008

0.0440918 0.00184008
0.0441406 0.00184008

0.0441406 0.00184008
0.0441895 0.00184007

0.0441895 0.00184007
0.0442383 0.00184007

0.0442383 0.00184007
0.0442871 0.00184007

0.0442871 0.00184007
0.0443359 0.00184007

0.0443359 0.00184007
0.0443848 0.00184006

0.0443848 0.00184006
0.0444336 0.00184006

0.0444336 0.00184006
0.0444824 0.00184005

0.0444824 0.00184005
0.0445313 0.00184005

0.0445313 0.00184005
0.0445801 0.00184005

0.0445801 0.00184005
0.0446289 0.00184004

0.0446289 0.00184004
0.0446777 0.00184004

0.0446777 0.00184004
0.0447266 0.00184004

0.0447266 0.00184004
0.0447754 0.00184003

0.0447754 0.00184003
0.0448242 0.00184003

0.0448242 0.00184003
0.044873 0.00184002

0.044873 0.00184002
0.0449219 0.00184002

0.0449219 0.00184002
0.0449707 0.00184002

0.0449707 0.00184002
0.0450195 0.00184001

0.0450195 0.00184001
0.0450684 0.00184001

0.0450684 0.00184001
0.0451172 0.00184001

0.0451172 0.00184001
0.045166 0.00184

0.045166 0.00184
0.0452148 0.00184

0.0452148 0.00184
0.0452637 0.00184

0.0452637 0.00184
0.0453125 0.00183999

0.0453125 0.00183999
0.0453613 0.00183999

0.0453613 0.00183999
0.0454102 0.00183999

0.0454102 0.00183999
0.045459 0.00183999

0.045459 0.00183999
0.0455078 0.00183999

0.0455078 0.00183999
0.0455566 0.00183999

0.0455566 0.00183999
0.0456055 0.00183999

0.0456055 0.00183999
0.0456543 0.00183998

0.0456543 0.00183998
0.0457031 0.00183998

0.0457031 0.00183998
0.045752 0.00183998

0.045752 0.00183998
0.0458008 0.00183998

0.0458008 0.00183998
0.0458496 0.00183999

0.0458496 0.00183999
0.0458984 0.00183999

0.0458984 0.00183999
0.0459473 0.00183999

0.0459473 0.00183999
0.0459961 0.00183999

0.0459961 0.00183999
0.0460449 0.00183999

0.0460449 0.00183999
0.0460938 0.00183999

0.0460938 0.00183999
0.0461426 0.00184

0.0461426 0.00184
0.0461914 0.00184

0.0461914 0.00184
0.0462402 0.00184

0.0462402 0.00184
0.0462891 0.00184001

0.0462891 0.00184001
0.0463379 0.00184001

0.0463379 0.00184001
0.0463867 0.00184001

0.0463867 0.00184001
0.0464355 0.00184002

0.0464355 0.00184002
0.0464844 0.00184002

0.0464844 0.00184002
0.0465332 0.00184003

0.0465332 0.00184003
0.046582 0.00184003

0.046582 0.00184003
0.0466309 0.00184004

0.0466309 0.00184004
0.0466797 0.00184004

0.0466797 0.00184004
0.0467285 0.00184005

0.0467285 0.00184005
0.0467773 0.00184006

0.0467773 0.00184006
0.0468262 0.00184006

0.0468262 0.00184006
0.046875 0.00184007

0.046875 0.00184007
0.0469238 0.00184007

0.0469238 0.00184007
0.0469727 0.00184008

0.0469727 0.00184008
0.0470215 0.00184009

0.0470215 0.00184009
0.0470703 0.00184009

0.0470703 0.00184009
0.0471191 0.0018401

0.0471191 0.0018401
0.047168 0.0018401

0.047168 0.0018401
0.0472168 0.00184011

0.0472168 0.00184011
0.0472656 0.00184012

0.0472656 0.00184012
0.0473145 0.00184012

0.0473145 0.00184012
0.0473633 0.00184013

0.0473633 0.00184013
0.0474121 0.00184013

0.0474121 0.00184013
0.0474609 0.00184014

0.0474609 0.00184014
0.0475098 0.00184014

0.0475098 0.00184014
0.0475586 0.00184015

0.0475586 0.00184015
0.0476074 0.00184015

0.0476074 0.00184015
0.0476563 0.00184016

0.0476563 0.00184016
0.0477051 0.00184016

0.0477051 0.00184016
0.0477539 0.00184017

0.0477539 0.00184017
0.0478027 0.00184017

0.0478027 0.00184017
0.0478516 0.00184017

0.0478516 0.00184017
0.0479004 0.00184018

0.0479004 0.00184018
0.0479492 0.00184018

0.0479492 0.00184018
0.047998 0.00184018

0.047998 0.00184018
0.0480469 0.00184019

0.0480469 0.00184019
0.0480957 0.00184019

0.0480957 0.00184019
0.0481445 0.00184019

0.0481445 0.00184019
0.0481934 0.00184019

0.0481934 0.00184019
0.0482422 0.00184019

0.0482422 0.00184019
0.048291 0.00184019

0.048291 0.00184019
0.0483398 0.0018402

0.0483398 0.0018402
0.0483887 0.0018402

0.0483887 0.0018402
0.0484375 0.0018402

0.0484375 0.0018402
0.0484863 0.0018402

0.0484863 0.0018402
0.0485352 0.0018402

0.0485352 0.0018402
0.048584 0.0018402

0.048584 0.0018402
0.0486328 0.0018402

0.0486328 0.0018402
0.0486816 0.0018402

0.0486816 0.0018402
0.0487305 0.0018402

0.0487305 0.0018402
0.0487793 0.0018402

0.0487793 0.0018402
0.0488281 0.0018402

0.0488281 0.0018402
0.048877 0.0018402

0.048877 0.0018402
0.0489258 0.0018402

0.0489258 0.0018402
0.0489746 0.0018402

0.0489746 0.0018402
0.0490234 0.0018402

0.0490234 0.0018402
0.0490723 0.0018402

0.0490723 0.0018402
0.0491211 0.0018402

0.0491211 0.0018402
0.0491699 0.0018402

0.0491699 0.0018402
0.0492187 0.0018402

0.0492188 0.0018402
0.0492676 0.0018402

0.0492676 0.0018402
0.0493164 0.0018402

0.0493164 0.0018402
0.0493652 0.0018402

0.0493652 0.0018402
0.0494141 0.0018402

0.0494141 0.0018402
0.0494629 0.0018402

0.0494629 0.0018402
0.0495117 0.0018402

0.0495117 0.0018402
0.0495605 0.00184021

0.0495605 0.00184021
0.0496094 0.00184021

0.0496094 0.00184021
0.0496582 0.00184021

0.0496582 0.00184021
0.049707 0.00184021

0.049707 0.00184021
0.0497559 0.00184022

0.0497559 0.00184022
0.0498047 0.00184022

0.0498047 0.00184022
0.0498535 0.00184022

0.0498535 0.00184022
0.0499023 0.00184023

0.0499023 0.00184023
0.0499512 0.00184023

0.0499512 0.00184023
0.05 0.00184023

0.05 0.00184023
0.0500488 0.00184024

0.0500488 0.00184024
0.0500977 0.00184024

0.0500977 0.00184024
0.0501465 0.00184025

0.0501465 0.00184025
0.0501953 0.00184025

0.0501953 0.00184025
0.0502441 0.00184026

0.0502441 0.00184026
0.050293 0.00184026

0.050293 0.00184026
0.0503418 0.00184027

0.0503418 0.00184027
0.0503906 0.00184028

0.0503906 0.00184028
0.0504395 0.00184028

0.0504395 0.00184028
0.0504883 0.00184029

0.0504883 0.00184029
0.0505371 0.00184029

0.0505371 0.00184029
0.0505859 0.0018403

0.0505859 0.0018403
0.0506348 0.00184031

0.0506348 0.00184031
0.0506836 0.00184031

0.0506836 0.00184031
0.0507324 0.00184032

0.0507324 0.00184032
0.0507812 0.00184033

0.0507813 0.00184033
0.0508301 0.00184033

0.0508301 0.00184033
0.0508789 0.00184034

0.0508789 0.00184034
0.0509277 0.00184034

0.0509277 0.00184034
0.0509766 0.00184035

0.0509766 0.00184035
0.0510254 0.00184036

0.0510254 0.00184036
0.0510742 0.00184036

0.0510742 0.00184036
0.051123 0.00184037

0.051123 0.00184037
0.0511719 0.00184038

0.0511719 0.00184038
0.0512207 0.00184038

0.0512207 0.00184038
0.0512695 0.00184039

0.0512695 0.00184039
0.0513184 0.00184039

0.0513184 0.00184039
0.0513672 0.0018404

0.0513672 0.0018404
0.051416 0.00184041

0.051416 0.00184041
0.0514648 0.00184041

0.0514648 0.00184041
0.0515137 0.00184042

0.0515137 0.00184042
0.0515625 0.00184042

0.0515625 0.00184042
0.0516113 0.00184043

0.0516113 0.00184043
0.0516602 0.00184044

0.0516602 0.00184044
0.051709 0.00184044

0.051709 0.00184044
0.0517578 0.00184045

0.0517578 0.00184045
0.0518066 0.00184046

0.0518066 0.00184046
0.0518555 0.00184046

0.0518555 0.00184046
0.0519043 0.00184047

0.0519043 0.00184047
0.0519531 0.00184047

0.0519531 0.00184047
0.052002 0.00184048

0.052002 0.00184048
0.0520508 0.00184049

0.0520508 0.00184049
0.0520996 0.00184049

0.0520996 0.00184049
0.0521484 0.0018405

0.0521484 0.0018405
0.0521973 0.00184051

0.0521973 0.00184051
0.0522461 0.00184051

0.0522461 0.00184051
0.0522949 0.00184052

0.0522949 0.00184052
0.0523438 0.00184053

0.0523438 0.00184053
0.0523926 0.00184054

0.0523926 0.00184054
0.0524414 0.00184054

0.0524414 0.00184054
0.0524902 0.00184055

0.0524902 0.00184055
0.0525391 0.00184056

0.0525391 0.00184056
0.0525879 0.00184057

0.0525879 0.00184057
0.0526367 0.00184057

0.0526367 0.00184057
0.0526855 0.00184058

0.0526855 0.00184058
0.0527344 0.00184059

0.0527344 0.00184059
0.0527832 0.0018406

0.0527832 0.0018406
0.052832 0.00184061

0.052832 0.00184061
0.0528809 0.00184061

0.0528809 0.00184061
0.0529297 0.00184062

0.0529297 0.00184062
0.0529785 0.00184063

0.0529785 0.00184063
0.0530273 0.00184064

0.0530273 0.00184064
0.0530762 0.00184065

0.0530762 0.00184065
0.053125 0.00184066

0.053125 0.00184066
0.0531738 0.00184066

0.0531738 0.00184066
0.0532227 0.00184067

0.0532227 0.00184067
0.0532715 0.00184068

0.0532715 0.00184068
0.0533203 0.00184069

0.0533203 0.00184069
0.0533691 0.0018407

0.0533691 0.0018407
0.053418 0.00184071

0.053418 0.00184071
0.0534668 0.00184071

0.0534668 0.00184071
0.0535156 0.00184072

0.0535156 0.00184072
0.0535645 0.00184073

0.0535645 0.00184073
0.0536133 0.00184074

0.0536133 0.00184074
0.0536621 0.00184074

0.0536621 0.00184074
0.0537109 0.00184075

0.0537109 0.00184075
0.0537598 0.00184076

0.0537598 0.00184076
0.0538086 0.00184077

0.0538086 0.00184077
0.0538574 0.00184077

0.0538574 0.00184077
0.0539063 0.00184078

0.0539063 0.00184078
0.0539551 0.00184079

0.0539551 0.00184079
0.0540039 0.00184079

0.0540039 0.00184079
0.0540527 0.0018408

0.0540527 0.0018408
0.0541016 0.00184081

0.0541016 0.00184081
0.0541504 0.00184081

0.0541504 0.00184081
0.0541992 0.00184082

0.0541992 0.00184082
0.054248 0.00184083

0.054248 0.00184083
0.0542969 0.00184083

0.0542969 0.00184083
0.0543457 0.00184084

0.0543457 0.00184084
0.0543945 0.00184085

0.0543945 0.00184085
0.0544434 0.00184085

0.0544434 0.00184085
0.0544922 0.00184086

0.0544922 0.00184086
0.054541 0.00184087

0.054541 0.00184087
0.0545898 0.00184087

0.0545898 0.00184087
0.0546387 0.00184088

0.0546387 0.00184088
0.0546875 0.00184088

0.0546875 0.00184088
0.0547363 0.00184089

0.0547363 0.00184089
0.0547852 0.0018409

0.0547852 0.0018409
0.054834 0.0018409

0.054834 0.0018409
0.0548828 0.00184091

0.0548828 0.00184091
0.0549316 0.00184091

0.0549316 0.00184091
0.0549805 0.00184092

0.0549805 0.00184092
0.0550293 0.00184092

0.0550293 0.00184092
0.0550781 0.00184093

0.0550781 0.00184093
0.055127 0.00184093

0.055127 0.00184093
0.0551758 0.00184094

0.0551758 0.00184094
0.0552246 0.00184094

0.0552246 0.00184094
0.0552734 0.00184095

0.0552734 0.00184095
0.0553223 0.00184095

0.0553223 0.00184095
0.0553711 0.00184096

0.0553711 0.00184096
0.0554199 0.00184096

0.0554199 0.00184096
0.0554688 0.00184097

0.0554688 0.00184097
0.0555176 0.00184097

0.0555176 0.00184097
0.0555664 0.00184098

0.0555664 0.00184098
0.0556152 0.00184098

0.0556152 0.00184098
0.0556641 0.00184098

0.0556641 0.00184098
0.0557129 0.00184099

0.0557129 0.00184099
0.0557617 0.00184099

0.0557617 0.00184099
0.0558105 0.001841

0.0558105 0.001841
0.0558594 0.001841

0.0558594 0.001841
0.0559082 0.001841

0.0559082 0.001841
0.055957 0.00184101

0.055957 0.00184101
0.0560059 0.00184101

0.0560059 0.00184101
0.0560547 0.00184102

0.0560547 0.00184102
0.0561035 0.00184102

0.0561035 0.00184102
0.0561523 0.00184102

0.0561523 0.00184102
0.0562012 0.00184103

0.0562012 0.00184103
0.05625 0.00184103

0.05625 0.00184103
0.0562988 0.00184103

0.0562988 0.00184103
0.0563477 0.00184104

0.0563477 0.00184104
0.0563965 0.00184104

0.0563965 0.00184104
0.0564453 0.00184104

0.0564453 0.00184104
0.0564941 0.00184105

0.0564941 0.00184105
0.056543 0.00184105

0.056543 0.00184105
0.0565918 0.00184105

0.0565918 0.00184105
0.0566406 0.00184105

0.0566406 0.00184105
0.0566895 0.00184106

0.0566895 0.00184106
0.0567383 0.00184106

0.0567383 0.00184106
0.0567871 0.00184106

0.0567871 0.00184106
0.0568359 0.00184107

0.0568359 0.00184107
0.0568848 0.00184107

0.0568848 0.00184107
0.0569336 0.00184107

0.0569336 0.00184107
0.0569824 0.00184108

0.0569824 0.00184108
0.0570312 0.00184108

0.0570313 0.00184108
0.0570801 0.00184108

0.0570801 0.00184108
0.0571289 0.00184109

0.0571289 0.00184109
0.0571777 0.00184109

0.0571777 0.00184109
0.0572266 0.00184109

0.0572266 0.00184109
0.0572754 0.0018411

0.0572754 0.0018411
0.0573242 0.0018411

0.0573242 0.0018411
0.057373 0.00184111

0.057373 0.00184111
0.0574219 0.00184111

0.0574219 0.00184111
0.0574707 0.00184111

0.0574707 0.00184111
0.0575195 0.00184112

0.0575195 0.00184112
0.0575684 0.00184112

0.0575684 0.00184112
0.0576172 0.00184113

0.0576172 0.00184113
0.057666 0.00184113

0.057666 0.00184113
0.0577148 0.00184113

0.0577148 0.00184113
0.0577637 0.00184114

0.0577637 0.00184114
0.0578125 0.00184114

0.0578125 0.00184114
0.0578613 0.00184115

0.0578613 0.00184115
0.0579102 0.00184115

0.0579102 0.00184115
0.057959 0.00184116

0.057959 0.00184116
0.0580078 0.00184116

0.0580078 0.00184116
0.0580566 0.00184117

0.0580566 0.00184117
0.0581055 0.00184117

0.0581055 0.00184117
0.0581543 0.00184118

0.0581543 0.00184118
0.0582031 0.00184118

0.0582031 0.00184118
0.058252 0.00184119

0.058252 0.00184119
0.0583008 0.00184119

0.0583008 0.00184119
0.0583496 0.0018412

0.0583496 0.0018412
0.0583984 0.00184121

0.0583984 0.00184121
0.0584473 0.00184121

0.0584473 0.00184121
0.0584961 0.00184122

0.0584961 0.00184122
0.0585449 0.00184122

0.0585449 0.00184122
0.0585938 0.00184123

0.0585938 0.00184123
0.0586426 0.00184123

0.0586426 0.00184123
0.0586914 0.00184124

0.0586914 0.00184124
0.0587402 0.00184125

0.0587402 0.00184125
0.0587891 0.00184125

0.0587891 0.00184125
0.0588379 0.00184126

0.0588379 0.00184126
0.0588867 0.00184127

0.0588867 0.00184127
0.0589355 0.00184127

0.0589355 0.00184127
0.0589844 0.00184128

0.0589844 0.00184128
0.0590332 0.00184129

0.0590332 0.00184129
0.059082 0.00184129

0.059082 0.00184129
0.0591309 0.0018413

0.0591309 0.0018413
0.0591797 0.0018413

0.0591797 0.0018413
0.0592285 0.00184131

0.0592285 0.00184131
0.0592773 0.00184132

0.0592773 0.00184132
0.0593262 0.00184132

0.0593262 0.00184132
0.059375 0.00184133

0.059375 0.00184133
0.0594238 0.00184134

0.0594238 0.00184134
0.0594727 0.00184135

0.0594727 0.00184135
0.0595215 0.00184135

0.0595215 0.00184135
0.0595703 0.00184136

0.0595703 0.00184136
0.0596191 0.00184137

0.0596191 0.00184137
0.059668 0.00184137

0.059668 0.00184137
0.0597168 0.00184138

0.0597168 0.00184138
0.0597656 0.00184139

0.0597656 0.00184139
0.0598145 0.00184139

0.0598145 0.00184139
0.0598633 0.0018414

0.0598633 0.0018414
0.0599121 0.00184141

0.0599121 0.00184141
0.0599609 0.00184141

0.0599609 0.00184141
0.0600098 0.00184142

0.0600098 0.00184142
0.0600586 0.00184143

0.0600586 0.00184143
0.0601074 0.00184144

0.0601074 0.00184144
0.0601563 0.00184144

0.0601563 0.00184144
0.0602051 0.00184145

0.0602051 0.00184145
0.0602539 0.00184146

0.0602539 0.00184146
0.0603027 0.00184146

0.0603027 0.00184146
0.0603516 0.00184147

0.0603516 0.00184147
0.0604004 0.00184148

0.0604004 0.00184148
0.0604492 0.00184148

0.0604492 0.00184148
0.060498 0.00184149

0.060498 0.00184149
0.0605469 0.0018415

0.0605469 0.0018415
0.0605957 0.0018415

0.0605957 0.0018415
0.0606445 0.00184151

0.0606445 0.00184151
0.0606934 0.00184152

0.0606934 0.00184152
0.0607422 0.00184152

0.0607422 0.00184152
0.060791 0.00184153

0.060791 0.00184153
0.0608398 0.00184154

0.0608398 0.00184154
0.0608887 0.00184154

0.0608887 0.00184154
0.0609375 0.00184155

0.0609375 0.00184155
0.0609863 0.00184156

0.0609863 0.00184156
0.0610352 0.00184156

0.0610352 0.00184156
0.061084 0.00184157

0.061084 0.00184157
0.0611328 0.00184158

0.0611328 0.00184158
0.0611816 0.00184158

0.0611816 0.00184158
0.0612305 0.00184159

0.0612305 0.00184159
0.0612793 0.0018416

0.0612793 0.0018416
0.0613281 0.0018416

0.0613281 0.0018416
0.061377 0.00184161

0.061377 0.00184161
0.0614258 0.00184162

0.0614258 0.00184162
0.0614746 0.00184162

0.0614746 0.00184162
0.0615234 0.00184163

0.0615234 0.00184163
0.0615723 0.00184163

0.0615723 0.00184163
0.0616211 0.00184164

0.0616211 0.00184164
0.0616699 0.00184165

0.0616699 0.00184165
0.0617188 0.00184165

0.0617188 0.00184165
0.0617676 0.00184166

0.0617676 0.00184166
0.0618164 0.00184166

0.0618164 0.00184166
0.0618652 0.00184167

0.0618652 0.00184167
0.0619141 0.00184167

0.0619141 0.00184167
0.0619629 0.00184168

0.0619629 0.00184168
0.0620117 0.00184169

0.0620117 0.00184169
0.0620605 0.00184169

0.0620605 0.00184169
0.0621094 0.0018417

0.0621094 0.0018417
0.0621582 0.0018417

0.0621582 0.0018417
0.062207 0.00184171

0.062207 0.00184171
0.0622559 0.00184171

0.0622559 0.00184171
0.0623047 0.00184172

0.0623047 0.00184172
0.0623535 0.00184172

0.0623535 0.00184172
0.0624023 0.00184173

0.0624023 0.00184173
0.0624512 0.00184174

0.0624512 0.00184174
0.0625 0.00184174

0.0625 0.00184174
0.0625488 0.00184175

0.0625488 0.00184175
0.0625977 0.00184175

0.0625977 0.00184175
0.0626465 0.00184176

0.0626465 0.00184176
0.0626953 0.00184176

0.0626953 0.00184176
0.0627441 0.00184177

0.0627441 0.00184177
0.062793 0.00184177

0.062793 0.00184177
0.0628418 0.00184178

0.0628418 0.00184178
0.0628906 0.00184178

0.0628906 0.00184178
0.0629395 0.00184179

0.0629395 0.00184179
0.0629883 0.00184179

0.0629883 0.00184179
0.0630371 0.0018418

0.0630371 0.0018418
0.0630859 0.0018418

0.0630859 0.0018418
0.0631348 0.00184181

0.0631348 0.00184181
0.0631836 0.00184181

0.0631836 0.00184181
0.0632324 0.00184182

0.0632324 0.00184182
0.0632813 0.00184182

0.0632812 0.00184182
0.0633301 0.00184182

0.0633301 0.00184182
0.0633789 0.00184183

0.0633789 0.00184183
0.0634277 0.00184183

0.0634277 0.00184183
0.0634766 0.00184184

0.0634766 0.00184184
0.0635254 0.00184184

0.0635254 0.00184184
0.0635742 0.00184185

0.0635742 0.00184185
0.063623 0.00184185

0.063623 0.00184185
0.0636719 0.00184186

0.0636719 0.00184186
0.0637207 0.00184186

0.0637207 0.00184186
0.0637695 0.00184186

0.0637695 0.00184186
0.0638184 0.00184187

0.0638184 0.00184187
0.0638672 0.00184187

0.0638672 0.00184187
0.063916 0.00184188

0.063916 0.00184188
0.0639648 0.00184188

0.0639648 0.00184188
0.0640137 0.00184189

0.0640137 0.00184189
0.0640625 0.00184189

0.0640625 0.00184189
0.0641113 0.00184189

0.0641113 0.00184189
0.0641602 0.0018419

0.0641602 0.0018419
0.064209 0.0018419

0.064209 0.0018419
0.0642578 0.0018419

0.0642578 0.0018419
0.0643066 0.00184191

0.0643066 0.00184191
0.0643555 0.00184191

0.0643555 0.00184191
0.0644043 0.00184192

0.0644043 0.00184192
0.0644531 0.00184192

0.0644531 0.00184192
0.064502 0.00184192

0.064502 0.00184192
0.0645508 0.00184193

0.0645508 0.00184193
0.0645996 0.00184193

0.0645996 0.00184193
0.0646484 0.00184193

0.0646484 0.00184193
0.0646973 0.00184194

0.0646973 0.00184194
0.0647461 0.00184194

0.0647461 0.00184194
0.0647949 0.00184194

0.0647949 0.00184194
0.0648438 0.00184195

0.0648437 0.00184195
0.0648926 0.00184195

0.0648926 0.00184195
0.0649414 0.00184196

0.0649414 0.00184196
0.0649902 0.00184196

0.0649902 0.00184196
0.0650391 0.00184196

0.0650391 0.00184196
0.0650879 0.00184197

0.0650879 0.00184197
0.0651367 0.00184197

0.0651367 0.00184197
0.0651855 0.00184197

0.0651855 0.00184197
0.0652344 0.00184198

0.0652344 0.00184198
0.0652832 0.00184198

0.0652832 0.00184198
0.065332 0.00184198

0.065332 0.00184198
0.0653809 0.00184199

0.0653809 0.00184199
0.0654297 0.00184199

0.0654297 0.00184199
0.0654785 0.00184199

0.0654785 0.00184199
0.0655273 0.001842

0.0655273 0.001842
0.0655762 0.001842

0.0655762 0.001842
0.065625 0.00184201

0.065625 0.00184201
0.0656738 0.00184201

0.0656738 0.00184201
0.0657227 0.00184201

0.0657227 0.00184201
0.0657715 0.00184202

0.0657715 0.00184202
0.0658203 0.00184202

0.0658203 0.00184202
0.0658691 0.00184202

0.0658691 0.00184202
0.065918 0.00184203

0.065918 0.00184203
0.0659668 0.00184203

0.0659668 0.00184203
0.0660156 0.00184204

0.0660156 0.00184204
0.0660645 0.00184204

0.0660645 0.00184204
0.0661133 0.00184204

0.0661133 0.00184204
0.0661621 0.00184205

0.0661621 0.00184205
0.0662109 0.00184205

0.0662109 0.00184205
0.0662598 0.00184206

0.0662598 0.00184206
0.0663086 0.00184206

0.0663086 0.00184206
0.0663574 0.00184206

0.0663574 0.00184206
0.0664063 0.00184207

0.0664062 0.00184207
0.0664551 0.00184207

0.0664551 0.00184207
0.0665039 0.00184208

0.0665039 0.00184208
0.0665527 0.00184208

0.0665527 0.00184208
0.0666016 0.00184208

0.0666016 0.00184208
0.0666504 0.00184209

0.0666504 0.00184209
0.0666992 0.00184209

0.0666992 0.00184209
0.066748 0.0018421

0.066748 0.0018421
0.0667969 0.0018421

0.0667969 0.0018421
0.0668457 0.00184211

0.0668457 0.00184211
0.0668945 0.00184211

0.0668945 0.00184211
0.0669434 0.00184211

0.0669434 0.00184211
0.0669922 0.00184212

0.0669922 0.00184212
0.067041 0.00184212

0.067041 0.00184212
0.0670898 0.00184213

0.0670898 0.00184213
0.0671387 0.00184213

0.0671387 0.00184213
0.0671875 0.00184213

0.0671875 0.00184213
0.0672363 0.00184214

0.0672363 0.00184214
0.0672852 0.00184214

0.0672852 0.00184214
0.067334 0.00184215

0.067334 0.00184215
0.0673828 0.00184215

0.0673828 0.00184215
0.0674316 0.00184215

0.0674316 0.00184215
0.0674805 0.00184216

0.0674805 0.00184216
0.0675293 0.00184216

0.0675293 0.00184216
0.0675781 0.00184217

0.0675781 0.00184217
0.067627 0.00184217

0.067627 0.00184217
0.0676758 0.00184217

0.0676758 0.00184217
0.0677246 0.00184218

0.0677246 0.00184218
0.0677734 0.00184218

0.0677734 0.00184218
0.0678223 0.00184219

0.0678223 0.00184219
0.0678711 0.00184219

0.0678711 0.00184219
0.0679199 0.00184219

0.0679199 0.00184219
0.0679688 0.0018422

0.0679687 0.0018422
0.0680176 0.0018422

0.0680176 0.0018422
0.0680664 0.00184221

0.0680664 0.00184221
0.0681152 0.00184221

0.0681152 0.00184221
0.0681641 0.00184221

0.0681641 0.00184221
0.0682129 0.00184222

0.0682129 0.00184222
0.0682617 0.00184222

0.0682617 0.00184222
0.0683105 0.00184223

0.0683105 0.00184223
0.0683594 0.00184223

0.0683594 0.00184223
0.0684082 0.00184223

0.0684082 0.00184223
0.068457 0.00184224

0.068457 0.00184224
0.0685059 0.00184224

0.0685059 0.00184224
0.0685547 0.00184224

0.0685547 0.00184224
0.0686035 0.00184225

0.0686035 0.00184225
0.0686523 0.00184225

0.0686523 0.00184225
0.0687012 0.00184226

0.0687012 0.00184226
0.06875 0.00184226

0.06875 0.00184226
0.0687988 0.00184226

0.0687988 0.00184226
0.0688477 0.00184227

0.0688477 0.00184227
0.0688965 0.00184227

0.0688965 0.00184227
0.0689453 0.00184228

0.0689453 0.00184228
0.0689941 0.00184228

0.0689941 0.00184228
0.069043 0.00184228

0.069043 0.00184228
0.0690918 0.00184229

0.0690918 0.00184229
0.0691406 0.00184229

0.0691406 0.00184229
0.0691895 0.00184229

0.0691895 0.00184229
0.0692383 0.0018423

0.0692383 0.0018423
0.0692871 0.0018423

0.0692871 0.0018423
0.0693359 0.0018423

0.0693359 0.0018423
0.0693848 0.00184231

0.0693848 0.00184231
0.0694336 0.00184231

0.0694336 0.00184231
0.0694824 0.00184231

0.0694824 0.00184231
0.0695313 0.00184232

0.0695313 0.00184232
0.0695801 0.00184232

0.0695801 0.00184232
0.0696289 0.00184233

0.0696289 0.00184233
0.0696777 0.00184233

0.0696777 0.00184233
0.0697266 0.00184233

0.0697266 0.00184233
0.0697754 0.00184234

0.0697754 0.00184234
0.0698242 0.00184234

0.0698242 0.00184234
0.069873 0.00184234

0.069873 0.00184234
0.0699219 0.00184235

0.0699219 0.00184235
0.0699707 0.00184235

0.0699707 0.00184235
0.0700195 0.00184235

0.0700195 0.00184235
0.0700684 0.00184236

0.0700684 0.00184236
0.0701172 0.00184236

0.0701172 0.00184236
0.070166 0.00184236

0.070166 0.00184236
0.0702148 0.00184237

0.0702148 0.00184237
0.0702637 0.00184237

0.0702637 0.00184237
0.0703125 0.00184237

0.0703125 0.00184237
0.0703613 0.00184238

0.0703613 0.00184238
0.0704102 0.00184238

0.0704102 0.00184238
0.070459 0.00184238

0.070459 0.00184238
0.0705078 0.00184239

0.0705078 0.00184239
0.0705566 0.00184239

0.0705566 0.00184239
0.0706055 0.00184239

0.0706055 0.00184239
0.0706543 0.0018424

0.0706543 0.0018424
0.0707031 0.0018424

0.0707031 0.0018424
0.070752 0.0018424

0.070752 0.0018424
0.0708008 0.00184241

0.0708008 0.00184241
0.0708496 0.00184241

0.0708496 0.00184241
0.0708984 0.00184241

0.0708984 0.00184241
0.0709473 0.00184242

0.0709473 0.00184242
0.0709961 0.00184242

0.0709961 0.00184242
0.0710449 0.00184242

0.0710449 0.00184242
0.0710938 0.00184243

0.0710937 0.00184243
0.0711426 0.00184243

0.0711426 0.00184243
0.0711914 0.00184243

0.0711914 0.00184243
0.0712402 0.00184244

0.0712402 0.00184244
0.0712891 0.00184244

0.0712891 0.00184244
0.0713379 0.00184244

0.0713379 0.00184244
0.0713867 0.00184245

0.0713867 0.00184245
0.0714355 0.00184245

0.0714355 0.00184245
0.0714844 0.00184245

0.0714844 0.00184245
0.0715332 0.00184246

0.0715332 0.00184246
0.071582 0.00184246

0.071582 0.00184246
0.0716309 0.00184247

0.0716309 0.00184247
0.0716797 0.00184247

0.0716797 0.00184247
0.0717285 0.00184247

0.0717285 0.00184247
0.0717773 0.00184248

0.0717773 0.00184248
0.0718262 0.00184248

0.0718262 0.00184248
0.071875 0.00184248

0.071875 0.00184248
0.0719238 0.00184249

0.0719238 0.00184249
0.0719727 0.00184249

0.0719727 0.00184249
0.0720215 0.0018425

0.0720215 0.0018425
0.0720703 0.0018425

0.0720703 0.0018425
0.0721191 0.00184251

0.0721191 0.00184251
0.072168 0.00184251

0.072168 0.00184251
0.0722168 0.00184251

0.0722168 0.00184251
0.0722656 0.00184252

0.0722656 0.00184252
0.0723145 0.00184252

0.0723145 0.00184252
0.0723633 0.00184253

0.0723633 0.00184253
0.0724121 0.00184253

0.0724121 0.00184253
0.0724609 0.00184254

0.0724609 0.00184254
0.0725098 0.00184254

0.0725098 0.00184254
0.0725586 0.00184255

0.0725586 0.00184255
0.0726074 0.00184255

0.0726074 0.00184255
0.0726563 0.00184256

0.0726562 0.00184256
0.0727051 0.00184256

0.0727051 0.00184256
0.0727539 0.00184257

0.0727539 0.00184257
0.0728027 0.00184257

0.0728027 0.00184257
0.0728516 0.00184258

0.0728516 0.00184258
0.0729004 0.00184258

0.0729004 0.00184258
0.0729492 0.00184259

0.0729492 0.00184259
0.072998 0.00184259

0.072998 0.00184259
0.0730469 0.0018426

0.0730469 0.0018426
0.0730957 0.0018426

0.0730957 0.0018426
0.0731445 0.00184261

0.0731445 0.00184261
0.0731934 0.00184261

0.0731934 0.00184261
0.0732422 0.00184262

0.0732422 0.00184262
0.073291 0.00184262

0.073291 0.00184262
0.0733398 0.00184263

0.0733398 0.00184263
0.0733887 0.00184263

0.0733887 0.00184263
0.0734375 0.00184264

0.0734375 0.00184264
0.0734863 0.00184265

0.0734863 0.00184265
0.0735352 0.00184265

0.0735352 0.00184265
0.073584 0.00184266

0.073584 0.00184266
0.0736328 0.00184266

0.0736328 0.00184266
0.0736816 0.00184267

0.0736816 0.00184267
0.0737305 0.00184267

0.0737305 0.00184267
0.0737793 0.00184268

0.0737793 0.00184268
0.0738281 0.00184269

0.0738281 0.00184269
0.073877 0.00184269

0.073877 0.00184269
0.0739258 0.0018427

0.0739258 0.0018427
0.0739746 0.0018427

0.0739746 0.0018427
0.0740234 0.00184271

0.0740234 0.00184271
0.0740723 0.00184272

0.0740723 0.00184272
0.0741211 0.00184272

0.0741211 0.00184272
0.0741699 0.00184273

0.0741699 0.00184273
0.0742188 0.00184274

0.0742188 0.00184274
0.0742676 0.00184274

0.0742676 0.00184274
0.0743164 0.00184275

0.0743164 0.00184275
0.0743652 0.00184276

0.0743652 0.00184276
0.0744141 0.00184276

0.0744141 0.00184276
0.0744629 0.00184277

0.0744629 0.00184277
0.0745117 0.00184277

0.0745117 0.00184277
0.0745605 0.00184278

0.0745605 0.00184278
0.0746094 0.00184279

0.0746094 0.00184279
0.0746582 0.00184279

0.0746582 0.00184279
0.074707 0.0018428

0.074707 0.0018428
0.0747559 0.00184281

0.0747559 0.00184281
0.0748047 0.00184281

0.0748047 0.00184281
0.0748535 0.00184282

0.0748535 0.00184282
0.0749023 0.00184283

0.0749023 0.00184283
0.0749512 0.00184283

0.0749512 0.00184283
0.075 0.00184284

0.075 0.00184284
0.0750488 0.00184285

0.0750488 0.00184285
0.0750977 0.00184285

0.0750977 0.00184285
0.0751465 0.00184286

0.0751465 0.00184286
0.0751953 0.00184287

0.0751953 0.00184287
0.0752441 0.00184288

0.0752441 0.00184288
0.075293 0.00184288

0.075293 0.00184288
0.0753418 0.00184289

0.0753418 0.00184289
0.0753906 0.0018429

0.0753906 0.0018429
0.0754395 0.0018429

0.0754395 0.0018429
0.0754883 0.00184291

0.0754883 0.00184291
0.0755371 0.00184292

0.0755371 0.00184292
0.0755859 0.00184292

0.0755859 0.00184292
0.0756348 0.00184293

0.0756348 0.00184293
0.0756836 0.00184294

0.0756836 0.00184294
0.0757324 0.00184294

0.0757324 0.00184294
0.0757813 0.00184295

0.0757812 0.00184295
0.0758301 0.00184296

0.0758301 0.00184296
0.0758789 0.00184296

0.0758789 0.00184296
0.0759277 0.00184297

0.0759277 0.00184297
0.0759766 0.00184298

0.0759766 0.00184298
0.0760254 0.00184298

0.0760254 0.00184298
0.0760742 0.00184299

0.0760742 0.00184299
0.076123 0.001843

0.076123 0.001843
0.0761719 0.001843

0.0761719 0.001843
0.0762207 0.00184301

0.0762207 0.00184301
0.0762695 0.00184302

0.0762695 0.00184302
0.0763184 0.00184302

0.0763184 0.00184302
0.0763672 0.00184303

0.0763672 0.00184303
0.076416 0.00184304

0.076416 0.00184304
0.0764648 0.00184304

0.0764648 0.00184304
0.0765137 0.00184305

0.0765137 0.00184305
0.0765625 0.00184306

0.0765625 0.00184306
0.0766113 0.00184306

0.0766113 0.00184306
0.0766602 0.00184307

0.0766602 0.00184307
0.076709 0.00184307

0.076709 0.00184307
0.0767578 0.00184308

0.0767578 0.00184308
0.0768066 0.00184309

0.0768066 0.00184309
0.0768555 0.00184309

0.0768555 0.00184309
0.0769043 0.0018431

0.0769043 0.0018431
0.0769531 0.0018431

0.0769531 0.0018431
0.077002 0.00184311

0.077002 0.00184311
0.0770508 0.00184312

0.0770508 0.00184312
0.0770996 0.00184312

0.0770996 0.00184312
0.0771484 0.00184313

0.0771484 0.00184313
0.0771973 0.00184313

0.0771973 0.00184313
0.0772461 0.00184314

0.0772461 0.00184314
0.0772949 0.00184314

0.0772949 0.00184314
0.0773438 0.00184315

0.0773438 0.00184315
0.0773926 0.00184315

0.0773926 0.00184315
0.0774414 0.00184316

0.0774414 0.00184316
0.0774902 0.00184316

0.0774902 0.00184316
0.0775391 0.00184317

0.0775391 0.00184317
0.0775879 0.00184317

0.0775879 0.00184317
0.0776367 0.00184318

0.0776367 0.00184318
0.0776855 0.00184318

0.0776855 0.00184318
0.0777344 0.00184318

0.0777344 0.00184318
0.0777832 0.00184319

0.0777832 0.00184319
0.077832 0.00184319

0.077832 0.00184319
0.0778809 0.0018432

0.0778809 0.0018432
0.0779297 0.0018432

0.0779297 0.0018432
0.0779785 0.0018432

0.0779785 0.0018432
0.0780273 0.00184321

0.0780273 0.00184321
0.0780762 0.00184321

0.0780762 0.00184321
0.078125 0.00184322

0.078125 0.00184322
0.0781738 0.00184322

0.0781738 0.00184322
0.0782227 0.00184322

0.0782227 0.00184322
0.0782715 0.00184322

0.0782715 0.00184322
0.0783203 0.00184323

0.0783203 0.00184323
0.0783691 0.00184323

0.0783691 0.00184323
0.078418 0.00184323

0.078418 0.00184323
0.0784668 0.00184324

0.0784668 0.00184324
0.0785156 0.00184324

0.0785156 0.00184324
0.0785645 0.00184324

0.0785645 0.00184324
0.0786133 0.00184324

0.0786133 0.00184324
0.0786621 0.00184324

0.0786621 0.00184324
0.0787109 0.00184325

0.0787109 0.00184325
0.0787598 0.00184325

0.0787598 0.00184325
0.0788086 0.00184325

0.0788086 0.00184325
0.0788574 0.00184325

0.0788574 0.00184325
0.0789063 0.00184325

0.0789062 0.00184325
0.0789551 0.00184325

0.0789551 0.00184325
0.0790039 0.00184326

0.0790039 0.00184326
0.0790527 0.00184326

0.0790527 0.00184326
0.0791016 0.00184326

0.0791016 0.00184326
0.0791504 0.00184326

0.0791504 0.00184326
0.0791992 0.00184326

0.0791992 0.00184326
0.079248 0.00184326

0.079248 0.00184326
0.0792969 0.00184326

0.0792969 0.00184326
0.0793457 0.00184326

0.0793457 0.00184326
0.0793945 0.00184326

0.0793945 0.00184326
0.0794434 0.00184326

0.0794434 0.00184326
0.0794922 0.00184326

0.0794922 0.00184326
0.079541 0.00184326

0.079541 0.00184326
0.0795898 0.00184326

0.0795898 0.00184326
0.0796387 0.00184326

0.0796387 0.00184326
0.0796875 0.00184326

0.0796875 0.00184326
0.0797363 0.00184326

0.0797363 0.00184326
0.0797852 0.00184326

0.0797852 0.00184326
0.079834 0.00184326

0.079834 0.00184326
0.0798828 0.00184326

0.0798828 0.00184326
0.0799316 0.00184325

0.0799316 0.00184325
0.0799805 0.00184325

0.0799805 0.00184325
0.0800293 0.00184325

0.0800293 0.00184325
0.0800781 0.00184325

0.0800781 0.00184325
0.080127 0.00184325

0.080127 0.00184325
0.0801758 0.00184325

0.0801758 0.00184325
0.0802246 0.00184325

0.0802246 0.00184325
0.0802734 0.00184325

0.0802734 0.00184325
0.0803223 0.00184324

0.0803223 0.00184324
0.0803711 0.00184324

0.0803711 0.00184324
0.0804199 0.00184324

0.0804199 0.00184324
0.0804688 0.00184324

0.0804688 0.00184324
0.0805176 0.00184324

0.0805176 0.00184324
0.0805664 0.00184324

0.0805664 0.00184324
0.0806152 0.00184323

0.0806152 0.00184323
0.0806641 0.00184323

0.0806641 0.00184323
0.0807129 0.00184323

0.0807129 0.00184323
0.0807617 0.00184323

0.0807617 0.00184323
0.0808105 0.00184323

0.0808105 0.00184323
0.0808594 0.00184322

0.0808594 0.00184322
0.0809082 0.00184322

0.0809082 0.00184322
0.080957 0.00184322

0.080957 0.00184322
0.0810059 0.00184322

0.0810059 0.00184322
0.0810547 0.00184321

0.0810547 0.00184321
0.0811035 0.00184321

0.0811035 0.00184321
0.0811523 0.00184321

0.0811523 0.00184321
0.0812012 0.00184321

0.0812012 0.00184321
0.08125 0.00184321

0.08125 0.00184321
0.0812988 0.0018432

0.0812988 0.0018432
0.0813477 0.0018432

0.0813477 0.0018432
0.0813965 0.0018432

0.0813965 0.0018432
0.0814453 0.0018432

0.0814453 0.0018432
0.0814941 0.0018432

0.0814941 0.0018432
0.081543 0.00184319

0.081543 0.00184319
0.0815918 0.00184319

0.0815918 0.00184319
0.0816406 0.00184319

0.0816406 0.00184319
0.0816895 0.00184319

0.0816895 0.00184319
0.0817383 0.00184319

0.0817383 0.00184319
0.0817871 0.00184318

0.0817871 0.00184318
0.0818359 0.00184318

0.0818359 0.00184318
0.0818848 0.00184318

0.0818848 0.00184318
0.0819336 0.00184318

0.0819336 0.00184318
0.0819824 0.00184318

0.0819824 0.00184318
0.0820313 0.00184317

0.0820312 0.00184317
0.0820801 0.00184317

0.0820801 0.00184317
0.0821289 0.00184317

0.0821289 0.00184317
0.0821777 0.00184317

0.0821777 0.00184317
0.0822266 0.00184317

0.0822266 0.00184317
0.0822754 0.00184317

0.0822754 0.00184317
0.0823242 0.00184317

0.0823242 0.00184317
0.082373 0.00184317

0.082373 0.00184317
0.0824219 0.00184316

0.0824219 0.00184316
0.0824707 0.00184316

0.0824707 0.00184316
0.0825195 0.00184316

0.0825195 0.00184316
0.0825684 0.00184316

0.0825684 0.00184316
0.0826172 0.00184316

0.0826172 0.00184316
0.082666 0.00184316

0.082666 0.00184316
0.0827148 0.00184316

0.0827148 0.00184316
0.0827637 0.00184316

0.0827637 0.00184316
0.0828125 0.00184316

0.0828125 0.00184316
0.0828613 0.00184316

0.0828613 0.00184316
0.0829102 0.00184316

0.0829102 0.00184316
0.082959 0.00184316

0.082959 0.00184316
0.0830078 0.00184316

0.0830078 0.00184316
0.0830566 0.00184316

0.0830566 0.00184316
0.0831055 0.00184316

0.0831055 0.00184316
0.0831543 0.00184316

0.0831543 0.00184316
0.0832031 0.00184316

0.0832031 0.00184316
0.083252 0.00184316

0.083252 0.00184316
0.0833008 0.00184316

0.0833008 0.00184316
0.0833496 0.00184316

0.0833496 0.00184316
0.0833984 0.00184316

0.0833984 0.00184316
0.0834473 0.00184317

0.0834473 0.00184317
0.0834961 0.00184317

0.0834961 0.00184317
0.0835449 0.00184317

0.0835449 0.00184317
0.0835938 0.00184317

0.0835937 0.00184317
0.0836426 0.00184317

0.0836426 0.00184317
0.0836914 0.00184317

0.0836914 0.00184317
0.0837402 0.00184318

0.0837402 0.00184318
0.0837891 0.00184318

0.0837891 0.00184318
0.0838379 0.00184318

0.0838379 0.00184318
0.0838867 0.00184318

0.0838867 0.00184318
0.0839355 0.00184318

0.0839355 0.00184318
0.0839844 0.00184319

0.0839844 0.00184319
0.0840332 0.00184319

0.0840332 0.00184319
0.084082 0.00184319

0.084082 0.00184319
0.0841309 0.00184319

0.0841309 0.00184319
0.0841797 0.0018432

0.0841797 0.0018432
0.0842285 0.0018432

0.0842285 0.0018432
0.0842773 0.0018432

0.0842773 0.0018432
0.0843262 0.0018432

0.0843262 0.0018432
0.084375 0.00184321

0.084375 0.00184321
0.0844238 0.00184321

0.0844238 0.00184321
0.0844727 0.00184321

0.0844727 0.00184321
0.0845215 0.00184322

0.0845215 0.00184322
0.0845703 0.00184322

0.0845703 0.00184322
0.0846191 0.00184322

0.0846191 0.00184322
0.084668 0.00184323

0.084668 0.00184323
0.0847168 0.00184323

0.0847168 0.00184323
0.0847656 0.00184324

0.0847656 0.00184324
0.0848145 0.00184324

0.0848145 0.00184324
0.0848633 0.00184324

0.0848633 0.00184324
0.0849121 0.00184325

0.0849121 0.00184325
0.0849609 0.00184325

0.0849609 0.00184325
0.0850098 0.00184325

0.0850098 0.00184325
0.0850586 0.00184326

0.0850586 0.00184326
0.0851074 0.00184326

0.0851074 0.00184326
0.0851563 0.00184327

0.0851563 0.00184327
0.0852051 0.00184327

0.0852051 0.00184327
0.0852539 0.00184328

0.0852539 0.00184328
0.0853027 0.00184328

0.0853027 0.00184328
0.0853516 0.00184328

0.0853516 0.00184328
0.0854004 0.00184329

0.0854004 0.00184329
0.0854492 0.00184329

0.0854492 0.00184329
0.085498 0.0018433

0.085498 0.0018433
0.0855469 0.0018433

0.0855469 0.0018433
0.0855957 0.00184331

0.0855957 0.00184331
0.0856445 0.00184331

0.0856445 0.00184331
0.0856934 0.00184331

0.0856934 0.00184331
0.0857422 0.00184332

0.0857422 0.00184332
0.085791 0.00184332

0.085791 0.00184332
0.0858398 0.00184333

0.0858398 0.00184333
0.0858887 0.00184333

0.0858887 0.00184333
0.0859375 0.00184334

0.0859375 0.00184334
0.0859863 0.00184334

0.0859863 0.00184334
0.0860352 0.00184335

0.0860352 0.00184335
0.086084 0.00184335

0.086084 0.00184335
0.0861328 0.00184335

0.0861328 0.00184335
0.0861816 0.00184336

0.0861816 0.00184336
0.0862305 0.00184336

0.0862305 0.00184336
0.0862793 0.00184337

0.0862793 0.00184337
0.0863281 0.00184337

0.0863281 0.00184337
0.086377 0.00184338

0.086377 0.00184338
0.0864258 0.00184338

0.0864258 0.00184338
0.0864746 0.00184338

0.0864746 0.00184338
0.0865234 0.00184339

0.0865234 0.00184339
0.0865723 0.00184339

0.0865723 0.00184339
0.0866211 0.0018434

0.0866211 0.0018434
0.0866699 0.0018434

0.0866699 0.0018434
0.0867188 0.0018434

0.0867187 0.0018434
0.0867676 0.00184341

0.0867676 0.00184341
0.0868164 0.00184341

0.0868164 0.00184341
0.0868652 0.00184342

0.0868652 0.00184342
0.0869141 0.00184342

0.0869141 0.00184342
0.0869629 0.00184342

0.0869629 0.00184342
0.0870117 0.00184343

0.0870117 0.00184343
0.0870605 0.00184343

0.0870605 0.00184343
0.0871094 0.00184344

0.0871094 0.00184344
0.0871582 0.00184344

0.0871582 0.00184344
0.087207 0.00184344

0.087207 0.00184344
0.0872559 0.00184345

0.0872559 0.00184345
0.0873047 0.00184345

0.0873047 0.00184345
0.0873535 0.00184345

0.0873535 0.00184345
0.0874023 0.00184346

0.0874023 0.00184346
0.0874512 0.00184346

0.0874512 0.00184346
0.0875 0.00184346

0.0875 0.00184346
0.0875488 0.00184347

0.0875488 0.00184347
0.0875977 0.00184347

0.0875977 0.00184347
0.0876465 0.00184347

0.0876465 0.00184347
0.0876953 0.00184348

0.0876953 0.00184348
0.0877441 0.00184348

0.0877441 0.00184348
0.087793 0.00184348

0.087793 0.00184348
0.0878418 0.00184348

0.0878418 0.00184348
0.0878906 0.00184349

0.0878906 0.00184349
0.0879395 0.00184349

0.0879395 0.00184349
0.0879883 0.00184349

0.0879883 0.00184349
0.0880371 0.0018435

0.0880371 0.0018435
0.0880859 0.0018435

0.0880859 0.0018435
0.0881348 0.0018435

0.0881348 0.0018435
0.0881836 0.0018435

0.0881836 0.0018435
0.0882324 0.00184351

0.0882324 0.00184351
0.0882813 0.00184351

0.0882813 0.00184351
0.0883301 0.00184351

0.0883301 0.00184351
0.0883789 0.00184351

0.0883789 0.00184351
0.0884277 0.00184352

0.0884277 0.00184352
0.0884766 0.00184352

0.0884766 0.00184352
0.0885254 0.00184352

0.0885254 0.00184352
0.0885742 0.00184352

0.0885742 0.00184352
0.088623 0.00184352

0.088623 0.00184352
0.0886719 0.00184353

0.0886719 0.00184353
0.0887207 0.00184353

0.0887207 0.00184353
0.0887695 0.00184353

0.0887695 0.00184353
0.0888184 0.00184353

0.0888184 0.00184353
0.0888672 0.00184353

0.0888672 0.00184353
0.088916 0.00184354

0.088916 0.00184354
0.0889648 0.00184354

0.0889648 0.00184354
0.0890137 0.00184354

0.0890137 0.00184354
0.0890625 0.00184354

0.0890625 0.00184354
0.0891113 0.00184354

0.0891113 0.00184354
0.0891602 0.00184355

0.0891602 0.00184355
0.089209 0.00184355

0.089209 0.00184355
0.0892578 0.00184355

0.0892578 0.00184355
0.0893066 0.00184355

0.0893066 0.00184355
0.0893555 0.00184355

0.0893555 0.00184355
0.0894043 0.00184356

0.0894043 0.00184356
0.0894531 0.00184356

0.0894531 0.00184356
0.089502 0.00184356

0.089502 0.00184356
0.0895508 0.00184356

0.0895508 0.00184356
0.0895996 0.00184356

0.0895996 0.00184356
0.0896484 0.00184356

0.0896484 0.00184356
0.0896973 0.00184357

0.0896973 0.00184357
0.0897461 0.00184357

0.0897461 0.00184357
0.0897949 0.00184357

0.0897949 0.00184357
0.0898438 0.00184357

0.0898438 0.00184357
0.0898926 0.00184357

0.0898926 0.00184357
0.0899414 0.00184358

0.0899414 0.00184358
0.0899902 0.00184358

0.0899902 0.00184358
0.0900391 0.00184358

0.0900391 0.00184358
0.0900879 0.00184358

0.0900879 0.00184358
0.0901367 0.00184358

0.0901367 0.00184358
0.0901855 0.00184359

0.0901855 0.00184359
0.0902344 0.00184359

0.0902344 0.00184359
0.0902832 0.00184359

0.0902832 0.00184359
0.090332 0.00184359

0.090332 0.00184359
0.0903809 0.00184359

0.0903809 0.00184359
0.0904297 0.0018436

0.0904297 0.0018436
0.0904785 0.0018436

0.0904785 0.0018436
0.0905273 0.0018436

0.0905273 0.0018436
0.0905762 0.0018436

0.0905762 0.0018436
0.090625 0.00184361

0.090625 0.00184361
0.0906738 0.00184361

0.0906738 0.00184361
0.0907227 0.00184361

0.0907227 0.00184361
0.0907715 0.00184361

0.0907715 0.00184361
0.0908203 0.00184361

0.0908203 0.00184361
0.0908691 0.00184362

0.0908691 0.00184362
0.090918 0.00184362

0.090918 0.00184362
0.0909668 0.00184362

0.0909668 0.00184362
0.0910156 0.00184363

0.0910156 0.00184363
0.0910645 0.00184363

0.0910645 0.00184363
0.0911133 0.00184363

0.0911133 0.00184363
0.0911621 0.00184363

0.0911621 0.00184363
0.0912109 0.00184364

0.0912109 0.00184364
0.0912598 0.00184364

0.0912598 0.00184364
0.0913086 0.00184364

0.0913086 0.00184364
0.0913574 0.00184365

0.0913574 0.00184365
0.0914063 0.00184365

0.0914062 0.00184365
0.0914551 0.00184365

0.0914551 0.00184365
0.0915039 0.00184366

0.0915039 0.00184366
0.0915527 0.00184366

0.0915527 0.00184366
0.0916016 0.00184366

0.0916016 0.00184366
0.0916504 0.00184367

0.0916504 0.00184367
0.0916992 0.00184367

0.0916992 0.00184367
0.091748 0.00184367

0.091748 0.00184367
0.0917969 0.00184368

0.0917969 0.00184368
0.0918457 0.00184368

0.0918457 0.00184368
0.0918945 0.00184369

0.0918945 0.00184369
0.0919434 0.00184369

0.0919434 0.00184369
0.0919922 0.00184369

0.0919922 0.00184369
0.092041 0.0018437

0.092041 0.0018437
0.0920898 0.0018437

0.0920898 0.0018437
0.0921387 0.00184371

0.0921387 0.00184371
0.0921875 0.00184371

0.0921875 0.00184371
0.0922363 0.00184372

0.0922363 0.00184372
0.0922852 0.00184372

0.0922852 0.00184372
0.092334 0.00184373

0.092334 0.00184373
0.0923828 0.00184373

0.0923828 0.00184373
0.0924316 0.00184374

0.0924316 0.00184374
0.0924805 0.00184374

0.0924805 0.00184374
0.0925293 0.00184375

0.0925293 0.00184375
0.0925781 0.00184375

0.0925781 0.00184375
0.092627 0.00184376

0.092627 0.00184376
0.0926758 0.00184377

0.0926758 0.00184377
0.0927246 0.00184377

0.0927246 0.00184377
0.0927734 0.00184378

0.0927734 0.00184378
0.0928223 0.00184378

0.0928223 0.00184378
0.0928711 0.00184379

0.0928711 0.00184379
0.0929199 0.00184379

0.0929199 0.00184379
0.0929688 0.0018438

0.0929688 0.0018438
0.0930176 0.00184381

0.0930176 0.00184381
0.0930664 0.00184381

0.0930664 0.00184381
0.0931152 0.00184382

0.0931152 0.00184382
0.0931641 0.00184382

0.0931641 0.00184382
0.0932129 0.00184383

0.0932129 0.00184383
0.0932617 0.00184384

0.0932617 0.00184384
0.0933105 0.00184384

0.0933105 0.00184384
0.0933594 0.00184385

0.0933594 0.00184385
0.0934082 0.00184385

0.0934082 0.00184385
0.093457 0.00184386

0.093457 0.00184386
0.0935059 0.00184387

0.0935059 0.00184387
0.0935547 0.00184387

0.0935547 0.00184387
0.0936035 0.00184388

0.0936035 0.00184388
0.0936523 0.00184388

0.0936523 0.00184388
0.0937012 0.00184389

0.0937012 0.00184389
0.09375 0.00184389

0.09375 0.00184389
0.0937988 0.0018439

0.0937988 0.0018439
0.0938477 0.0018439

0.0938477 0.0018439
0.0938965 0.00184391

0.0938965 0.00184391
0.0939453 0.00184392

0.0939453 0.00184392
0.0939941 0.00184392

0.0939941 0.00184392
0.094043 0.00184393

0.094043 0.00184393
0.0940918 0.00184393

0.0940918 0.00184393
0.0941406 0.00184394

0.0941406 0.00184394
0.0941895 0.00184394

0.0941895 0.00184394
0.0942383 0.00184394

0.0942383 0.00184394
0.0942871 0.00184395

0.0942871 0.00184395
0.0943359 0.00184395

0.0943359 0.00184395
0.0943848 0.00184396

0.0943848 0.00184396
0.0944336 0.00184396

0.0944336 0.00184396
0.0944824 0.00184397

0.0944824 0.00184397
0.0945313 0.00184397

0.0945312 0.00184397
0.0945801 0.00184398

0.0945801 0.00184398
0.0946289 0.00184398

0.0946289 0.00184398
0.0946777 0.00184398

0.0946777 0.00184398
0.0947266 0.00184399

0.0947266 0.00184399
0.0947754 0.00184399

0.0947754 0.00184399
0.0948242 0.001844

0.0948242 0.001844
0.094873 0.001844

0.094873 0.001844
0.0949219 0.001844

0.0949219 0.001844
0.0949707 0.00184401

0.0949707 0.00184401
0.0950195 0.00184401

0.0950195 0.00184401
0.0950684 0.00184401

0.0950684 0.00184401
0.0951172 0.00184402

0.0951172 0.00184402
0.095166 0.00184402

0.095166 0.00184402
0.0952148 0.00184402

0.0952148 0.00184402
0.0952637 0.00184403

0.0952637 0.00184403
0.0953125 0.00184403

0.0953125 0.00184403
0.0953613 0.00184403

0.0953613 0.00184403
0.0954102 0.00184404

0.0954102 0.00184404
0.095459 0.00184404

0.095459 0.00184404
0.0955078 0.00184404

0.0955078 0.00184404
0.0955566 0.00184405

0.0955566 0.00184405
0.0956055 0.00184405

0.0956055 0.00184405
0.0956543 0.00184405

0.0956543 0.00184405
0.0957031 0.00184406

0.0957031 0.00184406
0.095752 0.00184406

0.095752 0.00184406
0.0958008 0.00184406

0.0958008 0.00184406
0.0958496 0.00184406

0.0958496 0.00184406
0.0958984 0.00184407

0.0958984 0.00184407
0.0959473 0.00184407

0.0959473 0.00184407
0.0959961 0.00184407

0.0959961 0.00184407
0.0960449 0.00184408

0.0960449 0.00184408
0.0960938 0.00184408

0.0960938 0.00184408
0.0961426 0.00184408

0.0961426 0.00184408
0.0961914 0.00184409

0.0961914 0.00184409
0.0962402 0.00184409

0.0962402 0.00184409
0.0962891 0.00184409

0.0962891 0.00184409
0.0963379 0.00184409

0.0963379 0.00184409
0.0963867 0.0018441

0.0963867 0.0018441
0.0964355 0.0018441

0.0964355 0.0018441
0.0964844 0.0018441

0.0964844 0.0018441
0.0965332 0.00184411

0.0965332 0.00184411
0.096582 0.00184411

0.096582 0.00184411
0.0966309 0.00184411

0.0966309 0.00184411
0.0966797 0.00184411

0.0966797 0.00184411
0.0967285 0.00184412

0.0967285 0.00184412
0.0967773 0.00184412

0.0967773 0.00184412
0.0968262 0.00184412

0.0968262 0.00184412
0.096875 0.00184413

0.096875 0.00184413
0.0969238 0.00184413

0.0969238 0.00184413
0.0969727 0.00184413

0.0969727 0.00184413
0.0970215 0.00184413

0.0970215 0.00184413
0.0970703 0.00184414

0.0970703 0.00184414
0.0971191 0.00184414

0.0971191 0.00184414
0.097168 0.00184414

0.097168 0.00184414
0.0972168 0.00184414

0.0972168 0.00184414
0.0972656 0.00184415

0.0972656 0.00184415
0.0973145 0.00184415

0.0973145 0.00184415
0.0973633 0.00184415

0.0973633 0.00184415
0.0974121 0.00184415

0.0974121 0.00184415
0.0974609 0.00184416

0.0974609 0.00184416
0.0975098 0.00184416

0.0975098 0.00184416
0.0975586 0.00184416

0.0975586 0.00184416
0.0976074 0.00184416

0.0976074 0.00184416
0.0976563 0.00184417

0.0976562 0.00184417
0.0977051 0.00184417

0.0977051 0.00184417
0.0977539 0.00184417

0.0977539 0.00184417
0.0978027 0.00184417

0.0978027 0.00184417
0.0978516 0.00184417

0.0978516 0.00184417
0.0979004 0.00184418

0.0979004 0.00184418
0.0979492 0.00184418

0.0979492 0.00184418
0.097998 0.00184418

0.097998 0.00184418
0.0980469 0.00184418

0.0980469 0.00184418
0.0980957 0.00184418

0.0980957 0.00184418
0.0981445 0.00184418

0.0981445 0.00184418
0.0981934 0.00184419

0.0981934 0.00184419
0.0982422 0.00184419

0.0982422 0.00184419
0.098291 0.00184419

0.098291 0.00184419
0.0983398 0.00184419

0.0983398 0.00184419
0.0983887 0.00184419

0.0983887 0.00184419
0.0984375 0.00184419

0.0984375 0.00184419
0.0984863 0.00184419

0.0984863 0.00184419
0.0985352 0.0018442

0.0985352 0.0018442
0.098584 0.0018442

0.098584 0.0018442
0.0986328 0.0018442

0.0986328 0.0018442
0.0986816 0.0018442

0.0986816 0.0018442
0.0987305 0.0018442

0.0987305 0.0018442
0.0987793 0.0018442

0.0987793 0.0018442
0.0988281 0.0018442

0.0988281 0.0018442
0.098877 0.0018442

0.098877 0.0018442
0.0989258 0.0018442

0.0989258 0.0018442
0.0989746 0.0018442

0.0989746 0.0018442
0.0990234 0.0018442

0.0990234 0.0018442
0.0990723 0.0018442

0.0990723 0.0018442
0.0991211 0.0018442

0.0991211 0.0018442
0.0991699 0.00184421

0.0991699 0.00184421
0.0992188 0.00184421

0.0992187 0.00184421
0.0992676 0.00184421

0.0992676 0.00184421
0.0993164 0.00184421

0.0993164 0.00184421
0.0993652 0.00184421

0.0993652 0.00184421
0.0994141 0.00184421

0.0994141 0.00184421
0.0994629 0.00184421

0.0994629 0.00184421
0.0995117 0.00184421

0.0995117 0.00184421
0.0995605 0.00184421

0.0995605 0.00184421
0.0996094 0.00184421

0.0996094 0.00184421
0.0996582 0.00184421

0.0996582 0.00184421
0.099707 0.00184421

0.099707 0.00184421
0.0997559 0.00184421

0.0997559 0.00184421
0.0998047 0.00184421

0.0998047 0.00184421
0.0998535 0.00184421

0.0998535 0.00184421
0.0999023 0.00184421

0.0999023 0.00184421
0.0999512 0.00184421

0.0999512 0.00184421
0.1 0.00184421

0.1 0.00184421
0.100049 0.00184421

0.100049 0.00184421
0.100098 0.00184421

0.100098 0.00184421
0.100146 0.00184421

0.100146 0.00184421
0.100195 0.00184421

0.100195 0.00184421
0.100244 0.00184422

0.100244 0.00184422
0.100293 0.00184422

0.100293 0.00184422
0.100342 0.00184422

0.100342 0.00184422
0.100391 0.00184422

0.100391 0.00184422
0.100439 0.00184422

0.100439 0.00184422
0.100488 0.00184422

0.100488 0.00184422
0.100537 0.00184422

0.100537 0.00184422
0.100586 0.00184422

0.100586 0.00184422
0.100635 0.00184422

0.100635 0.00184422
0.100684 0.00184422

0.100684 0.00184422
0.100732 0.00184422

0.100732 0.00184422
0.100781 0.00184422

0.100781 0.00184422
0.10083 0.00184423

0.10083 0.00184423
0.100879 0.00184423

0.100879 0.00184423
0.100928 0.00184423

0.100928 0.00184423
0.100977 0.00184423

0.100977 0.00184423
0.101025 0.00184423

0.101025 0.00184423
0.101074 0.00184423

0.101074 0.00184423
0.101123 0.00184423

0.101123 0.00184423
0.101172 0.00184423

0.101172 0.00184423
0.101221 0.00184423

0.101221 0.00184423
0.10127 0.00184424

0.10127 0.00184424
0.101318 0.00184424

0.101318 0.00184424
0.101367 0.00184424

0.101367 0.00184424
0.101416 0.00184424

0.101416 0.00184424
0.101465 0.00184424

0.101465 0.00184424
0.101514 0.00184424

0.101514 0.00184424
0.101563 0.00184424

0.101562 0.00184424
0.101611 0.00184425

0.101611 0.00184425
0.10166 0.00184425

0.10166 0.00184425
0.101709 0.00184425

0.101709 0.00184425
0.101758 0.00184425

0.101758 0.00184425
0.101807 0.00184425

0.101807 0.00184425
0.101855 0.00184425

0.101855 0.00184425
0.101904 0.00184425

0.101904 0.00184425
0.101953 0.00184426

0.101953 0.00184426
0.102002 0.00184426

0.102002 0.00184426
0.102051 0.00184426

0.102051 0.00184426
0.1021 0.00184426

0.1021 0.00184426
0.102148 0.00184426

0.102148 0.00184426
0.102197 0.00184426

0.102197 0.00184426
0.102246 0.00184426

0.102246 0.00184426
0.102295 0.00184426

0.102295 0.00184426
0.102344 0.00184426

0.102344 0.00184426
0.102393 0.00184426

0.102393 0.00184426
0.102441 0.00184427

0.102441 0.00184427
0.10249 0.00184427

0.10249 0.00184427
0.102539 0.00184427

0.102539 0.00184427
0.102588 0.00184427

0.102588 0.00184427
0.102637 0.00184427

0.102637 0.00184427
0.102686 0.00184427

0.102686 0.00184427
0.102734 0.00184427

0.102734 0.00184427
0.102783 0.00184427

0.102783 0.00184427
0.102832 0.00184427

0.102832 0.00184427
0.102881 0.00184427

0.102881 0.00184427
0.10293 0.00184427

0.10293 0.00184427
0.102979 0.00184427

0.102979 0.00184427
0.103027 0.00184427

0.103027 0.00184427
0.103076 0.00184427

0.103076 0.00184427
0.103125 0.00184427

0.103125 0.00184427
0.103174 0.00184427

0.103174 0.00184427
0.103223 0.00184427

0.103223 0.00184427
0.103271 0.00184427

0.103271 0.00184427
0.10332 0.00184426

0.10332 0.00184426
0.103369 0.00184426

0.103369 0.00184426
0.103418 0.00184426

0.103418 0.00184426
0.103467 0.00184426

0.103467 0.00184426
0.103516 0.00184426

0.103516 0.00184426
0.103564 0.00184426

0.103564 0.00184426
0.103613 0.00184426

0.103613 0.00184426
0.103662 0.00184426

0.103662 0.00184426
0.103711 0.00184426

0.103711 0.00184426
0.10376 0.00184425

0.10376 0.00184425
0.103809 0.00184425

0.103809 0.00184425
0.103857 0.00184425

0.103857 0.00184425
0.103906 0.00184425

0.103906 0.00184425
0.103955 0.00184425

0.103955 0.00184425
0.104004 0.00184425

0.104004 0.00184425
0.104053 0.00184425

0.104053 0.00184425
0.104102 0.00184424

0.104102 0.00184424
0.10415 0.00184424

0.10415 0.00184424
0.104199 0.00184424

0.104199 0.00184424
0.104248 0.00184424

0.104248 0.00184424
0.104297 0.00184424

0.104297 0.00184424
0.104346 0.00184424

0.104346 0.00184424
0.104395 0.00184423

0.104395 0.00184423
0.104443 0.00184423

0.104443 0.00184423
0.104492 0.00184423

0.104492 0.00184423
0.104541 0.00184423

0.104541 0.00184423
0.10459 0.00184423

0.10459 0.00184423
0.104639 0.00184423

0.104639 0.00184423
0.104688 0.00184423

0.104688 0.00184423
0.104736 0.00184423

0.104736 0.00184423
0.104785 0.00184422

0.104785 0.00184422
0.104834 0.00184422

0.104834 0.00184422
0.104883 0.00184422

0.104883 0.00184422
0.104932 0.00184422

0.104932 0.00184422
0.10498 0.00184422

0.10498 0.00184422
0.105029 0.00184422

0.105029 0.00184422
0.105078 0.00184422

0.105078 0.00184422
0.105127 0.00184422

0.105127 0.00184422
0.105176 0.00184422

0.105176 0.00184422
0.105225 0.00184422

0.105225 0.00184422
0.105273 0.00184422

0.105273 0.00184422
0.105322 0.00184422

0.105322 0.00184422
0.105371 0.00184422

0.105371 0.00184422
0.10542 0.00184422

0.10542 0.00184422
0.105469 0.00184422

0.105469 0.00184422
0.105518 0.00184422

0.105518 0.00184422
0.105566 0.00184422

0.105566 0.00184422
0.105615 0.00184422

0.105615 0.00184422
0.105664 0.00184422

0.105664 0.00184422
0.105713 0.00184423

0.105713 0.00184423
0.105762 0.00184423

0.105762 0.00184423
0.105811 0.00184423

0.105811 0.00184423
0.105859 0.00184423

0.105859 0.00184423
0.105908 0.00184423

0.105908 0.00184423
0.105957 0.00184423

0.105957 0.00184423
0.106006 0.00184424

0.106006 0.00184424
0.106055 0.00184424

0.106055 0.00184424
0.106104 0.00184424

0.106104 0.00184424
0.106152 0.00184424

0.106152 0.00184424
0.106201 0.00184424

0.106201 0.00184424
0.10625 0.00184425

0.10625 0.00184425
0.106299 0.00184425

0.106299 0.00184425
0.106348 0.00184425

0.106348 0.00184425
0.106396 0.00184426

0.106396 0.00184426
0.106445 0.00184426

0.106445 0.00184426
0.106494 0.00184426

0.106494 0.00184426
0.106543 0.00184426

0.106543 0.00184426
0.106592 0.00184427

0.106592 0.00184427
0.106641 0.00184427

0.106641 0.00184427
0.106689 0.00184428

0.106689 0.00184428
0.106738 0.00184428

0.106738 0.00184428
0.106787 0.00184428

0.106787 0.00184428
0.106836 0.00184429

0.106836 0.00184429
0.106885 0.00184429

0.106885 0.00184429
0.106934 0.0018443

0.106934 0.0018443
0.106982 0.0018443

0.106982 0.0018443
0.107031 0.0018443

0.107031 0.0018443
0.10708 0.00184431

0.10708 0.00184431
0.107129 0.00184431

0.107129 0.00184431
0.107178 0.00184432

0.107178 0.00184432
0.107227 0.00184432

0.107227 0.00184432
0.107275 0.00184433

0.107275 0.00184433
0.107324 0.00184433

0.107324 0.00184433
0.107373 0.00184434

0.107373 0.00184434
0.107422 0.00184434

0.107422 0.00184434
0.107471 0.00184435

0.107471 0.00184435
0.10752 0.00184435

0.10752 0.00184435
0.107568 0.00184436

0.107568 0.00184436
0.107617 0.00184436

0.107617 0.00184436
0.107666 0.00184437

0.107666 0.00184437
0.107715 0.00184437

0.107715 0.00184437
0.107764 0.00184438

0.107764 0.00184438
0.107813 0.00184439

0.107813 0.00184439
0.107861 0.00184439

0.107861 0.00184439
0.10791 0.0018444

0.10791 0.0018444
0.107959 0.0018444

0.107959 0.0018444
0.108008 0.00184441

0.108008 0.00184441
0.108057 0.00184442

0.108057 0.00184442
0.108105 0.00184442

0.108105 0.00184442
0.108154 0.00184443

0.108154 0.00184443
0.108203 0.00184444

0.108203 0.00184444
0.108252 0.00184444

0.108252 0.00184444
0.108301 0.00184445

0.108301 0.00184445
0.10835 0.00184446

0.10835 0.00184446
0.108398 0.00184446

0.108398 0.00184446
0.108447 0.00184447

0.108447 0.00184447
0.108496 0.00184448

0.108496 0.00184448
0.108545 0.00184449

0.108545 0.00184449
0.108594 0.00184449

0.108594 0.00184449
0.108643 0.0018445

0.108643 0.0018445
0.108691 0.00184451

0.108691 0.00184451
0.10874 0.00184452

0.10874 0.00184452
0.108789 0.00184453

0.108789 0.00184453
0.108838 0.00184454

0.108838 0.00184454
0.108887 0.00184454

0.108887 0.00184454
0.108936 0.00184455

0.108936 0.00184455
0.108984 0.00184456

0.108984 0.00184456
0.109033 0.00184457

0.109033 0.00184457
0.109082 0.00184458

0.109082 0.00184458
0.109131 0.00184459

0.109131 0.00184459
0.10918 0.0018446

0.10918 0.0018446
0.109229 0.00184461

0.109229 0.00184461
0.109277 0.00184462

0.109277 0.00184462
0.109326 0.00184463

0.109326 0.00184463
0.109375 0.00184464

0.109375 0.00184464
0.109424 0.00184465

0.109424 0.00184465
0.109473 0.00184466

0.109473 0.00184466
0.109521 0.00184467

0.109521 0.00184467
0.10957 0.00184468

0.10957 0.00184468
0.109619 0.00184469

0.109619 0.00184469
0.109668 0.0018447

0.109668 0.0018447
0.109717 0.00184471

0.109717 0.00184471
0.109766 0.00184472

0.109766 0.00184472
0.109814 0.00184473

0.109814 0.00184473
0.109863 0.00184474

0.109863 0.00184474
0.109912 0.00184475

0.109912 0.00184475
0.109961 0.00184476

0.109961 0.00184476
0.11001 0.00184477

0.11001 0.00184477
0.110059 0.00184478

0.110059 0.00184478
0.110107 0.00184479

0.110107 0.00184479
0.110156 0.0018448

0.110156 0.0018448
0.110205 0.00184481

0.110205 0.00184481
0.110254 0.00184482

0.110254 0.00184482
0.110303 0.00184483

0.110303 0.00184483
0.110352 0.00184485

0.110352 0.00184485
0.1104 0.00184486

0.1104 0.00184486
0.110449 0.00184487

0.110449 0.00184487
0.110498 0.00184488

0.110498 0.00184488
0.110547 0.00184489

0.110547 0.00184489
0.110596 0.0018449

0.110596 0.0018449
0.110645 0.00184491

0.110645 0.00184491
0.110693 0.00184492

0.110693 0.00184492
0.110742 0.00184493

0.110742 0.00184493
0.110791 0.00184494

0.110791 0.00184494
0.11084 0.00184495

0.11084 0.00184495
0.110889 0.00184496

0.110889 0.00184496
0.110938 0.00184497

0.110937 0.00184497
0.110986 0.00184498

0.110986 0.00184498
0.111035 0.00184499

0.111035 0.00184499
0.111084 0.001845

0.111084 0.001845
0.111133 0.001845

0.111133 0.001845
0.111182 0.00184501

0.111182 0.00184501
0.11123 0.00184502

0.11123 0.00184502
0.111279 0.00184503

0.111279 0.00184503
0.111328 0.00184504

0.111328 0.00184504
0.111377 0.00184505

0.111377 0.00184505
0.111426 0.00184506

0.111426 0.00184506
0.111475 0.00184506

0.111475 0.00184506
0.111523 0.00184507

0.111523 0.00184507
0.111572 0.00184508

0.111572 0.00184508
0.111621 0.00184509

0.111621 0.00184509
0.11167 0.00184509

0.11167 0.00184509
0.111719 0.0018451

0.111719 0.0018451
0.111768 0.00184511

0.111768 0.00184511
0.111816 0.00184511

0.111816 0.00184511
0.111865 0.00184512

0.111865 0.00184512
0.111914 0.00184513

0.111914 0.00184513
0.111963 0.00184513

0.111963 0.00184513
0.112012 0.00184514

0.112012 0.00184514
0.112061 0.00184514

0.112061 0.00184514
0.112109 0.00184515

0.112109 0.00184515
0.112158 0.00184515

0.112158 0.00184515
0.112207 0.00184516

0.112207 0.00184516
0.112256 0.00184516

0.112256 0.00184516
0.112305 0.00184517

0.112305 0.00184517
0.112354 0.00184517

0.112354 0.00184517
0.112402 0.00184518

0.112402 0.00184518
0.112451 0.00184518

0.112451 0.00184518
0.1125 0.00184518

0.1125 0.00184518
0.112549 0.00184519

0.112549 0.00184519
0.112598 0.00184519

0.112598 0.00184519
0.112646 0.00184519

0.112646 0.00184519
0.112695 0.00184519

0.112695 0.00184519
0.112744 0.00184519

0.112744 0.00184519
0.112793 0.0018452

0.112793 0.0018452
0.112842 0.0018452

0.112842 0.0018452
0.112891 0.0018452

0.112891 0.0018452
0.112939 0.0018452

0.112939 0.0018452
0.112988 0.0018452

0.112988 0.0018452
0.113037 0.0018452

0.113037 0.0018452
0.113086 0.0018452

0.113086 0.0018452
0.113135 0.0018452

0.113135 0.0018452
0.113184 0.0018452

0.113184 0.0018452
0.113232 0.0018452

0.113232 0.0018452
0.113281 0.00184519

0.113281 0.00184519
0.11333 0.00184519

0.11333 0.00184519
0.113379 0.00184519

0.113379 0.00184519
0.113428 0.00184519

0.113428 0.00184519
0.113477 0.00184519

0.113477 0.00184519
0.113525 0.00184518

0.113525 0.00184518
0.113574 0.00184518

0.113574 0.00184518
0.113623 0.00184518

0.113623 0.00184518
0.113672 0.00184517

0.113672 0.00184517
0.113721 0.00184517

0.113721 0.00184517
0.11377 0.00184516

0.11377 0.00184516
0.113818 0.00184516

0.113818 0.00184516
0.113867 0.00184515

0.113867 0.00184515
0.113916 0.00184515

0.113916 0.00184515
0.113965 0.00184514

0.113965 0.00184514
0.114014 0.00184514

0.114014 0.00184514
0.114063 0.00184513

0.114062 0.00184513
0.114111 0.00184512

0.114111 0.00184512
0.11416 0.00184512

0.11416 0.00184512
0.114209 0.00184511

0.114209 0.00184511
0.114258 0.0018451

0.114258 0.0018451
0.114307 0.00184509

0.114307 0.00184509
0.114355 0.00184508

0.114355 0.00184508
0.114404 0.00184508

0.114404 0.00184508
0.114453 0.00184507

0.114453 0.00184507
0.114502 0.00184506

0.114502 0.00184506
0.114551 0.00184505

0.114551 0.00184505
0.1146 0.00184504

0.1146 0.00184504
0.114648 0.00184503

0.114648 0.00184503
0.114697 0.00184502

0.114697 0.00184502
0.114746 0.00184501

0.114746 0.00184501
0.114795 0.001845

0.114795 0.001845
0.114844 0.00184499

0.114844 0.00184499
0.114893 0.00184498

0.114893 0.00184498
0.114941 0.00184497

0.114941 0.00184497
0.11499 0.00184496

0.11499 0.00184496
0.115039 0.00184495

0.115039 0.00184495
0.115088 0.00184493

0.115088 0.00184493
0.115137 0.00184492

0.115137 0.00184492
0.115186 0.00184491

0.115186 0.00184491
0.115234 0.0018449

0.115234 0.0018449
0.115283 0.00184489

0.115283 0.00184489
0.115332 0.00184487

0.115332 0.00184487
0.115381 0.00184486

0.115381 0.00184486
0.11543 0.00184485

0.11543 0.00184485
0.115479 0.00184484

0.115479 0.00184484
0.115527 0.00184483

0.115527 0.00184483
0.115576 0.00184481

0.115576 0.00184481
0.115625 0.0018448

0.115625 0.0018448
0.115674 0.00184479

0.115674 0.00184479
0.115723 0.00184477

0.115723 0.00184477
0.115771 0.00184476

0.115771 0.00184476
0.11582 0.00184475

0.11582 0.00184475
0.115869 0.00184474

0.115869 0.00184474
0.115918 0.00184472

0.115918 0.00184472
0.115967 0.00184471

0.115967 0.00184471
0.116016 0.0018447

0.116016 0.0018447
0.116064 0.00184468

0.116064 0.00184468
0.116113 0.00184467

0.116113 0.00184467
0.116162 0.00184466

0.116162 0.00184466
0.116211 0.00184465

0.116211 0.00184465
0.11626 0.00184463

0.11626 0.00184463
0.116309 0.00184462

0.116309 0.00184462
0.116357 0.00184461

0.116357 0.00184461
0.116406 0.0018446

0.116406 0.0018446
0.116455 0.00184458

0.116455 0.00184458
0.116504 0.00184457

0.116504 0.00184457
0.116553 0.00184456

0.116553 0.00184456
0.116602 0.00184455

0.116602 0.00184455
0.11665 0.00184453

0.11665 0.00184453
0.116699 0.00184452

0.116699 0.00184452
0.116748 0.00184451

0.116748 0.00184451
0.116797 0.0018445

0.116797 0.0018445
0.116846 0.00184449

0.116846 0.00184449
0.116895 0.00184448

0.116895 0.00184448
0.116943 0.00184447

0.116943 0.00184447
0.116992 0.00184446

0.116992 0.00184446
0.117041 0.00184445

0.117041 0.00184445
0.11709 0.00184444

0.11709 0.00184444
0.117139 0.00184443

0.117139 0.00184443
0.117188 0.00184442

0.117188 0.00184442
0.117236 0.00184441

0.117236 0.00184441
0.117285 0.0018444

0.117285 0.0018444
0.117334 0.00184439

0.117334 0.00184439
0.117383 0.00184438

0.117383 0.00184438
0.117432 0.00184437

0.117432 0.00184437
0.11748 0.00184437

0.11748 0.00184437
0.117529 0.00184436

0.117529 0.00184436
0.117578 0.00184435

0.117578 0.00184435
0.117627 0.00184434

0.117627 0.00184434
0.117676 0.00184434

0.117676 0.00184434
0.117725 0.00184433

0.117725 0.00184433
0.117773 0.00184432

0.117773 0.00184432
0.117822 0.00184432

0.117822 0.00184432
0.117871 0.00184431

0.117871 0.00184431
0.11792 0.00184431

0.11792 0.00184431
0.117969 0.0018443

0.117969 0.0018443
0.118018 0.0018443

0.118018 0.0018443
0.118066 0.0018443

0.118066 0.0018443
0.118115 0.00184429

0.118115 0.00184429
0.118164 0.00184429

0.118164 0.00184429
0.118213 0.00184429

0.118213 0.00184429
0.118262 0.00184428

0.118262 0.00184428
0.118311 0.00184428

0.118311 0.00184428
0.118359 0.00184428

0.118359 0.00184428
0.118408 0.00184428

0.118408 0.00184428
0.118457 0.00184428

0.118457 0.00184428
0.118506 0.00184428

0.118506 0.00184428
0.118555 0.00184428

0.118555 0.00184428
0.118604 0.00184428

0.118604 0.00184428
0.118652 0.00184428

0.118652 0.00184428
0.118701 0.00184428

0.118701 0.00184428
0.11875 0.00184428

0.11875 0.00184428
0.118799 0.00184428

0.118799 0.00184428
0.118848 0.00184428

0.118848 0.00184428
0.118896 0.00184428

0.118896 0.00184428
0.118945 0.00184429

0.118945 0.00184429
0.118994 0.00184429

0.118994 0.00184429
0.119043 0.00184429

0.119043 0.00184429
0.119092 0.0018443

0.119092 0.0018443
0.119141 0.0018443

0.119141 0.0018443
0.119189 0.0018443

0.119189 0.0018443
0.119238 0.00184431

0.119238 0.00184431
0.119287 0.00184431

0.119287 0.00184431
0.119336 0.00184432

0.119336 0.00184432
0.119385 0.00184432

0.119385 0.00184432
0.119434 0.00184433

0.119434 0.00184433
0.119482 0.00184434

0.119482 0.00184434
0.119531 0.00184434

0.119531 0.00184434
0.11958 0.00184435

0.11958 0.00184435
0.119629 0.00184436

0.119629 0.00184436
0.119678 0.00184436

0.119678 0.00184436
0.119727 0.00184437

0.119727 0.00184437
0.119775 0.00184438

0.119775 0.00184438
0.119824 0.00184439

0.119824 0.00184439
0.119873 0.0018444

0.119873 0.0018444
0.119922 0.0018444

0.119922 0.0018444
0.119971 0.00184441

0.119971 0.00184441
0.12002 0.00184442

0.12002 0.00184442
0.120068 0.00184443

0.120068 0.00184443
0.120117 0.00184444

0.120117 0.00184444
0.120166 0.00184445

0.120166 0.00184445
0.120215 0.00184446

0.120215 0.00184446
0.120264 0.00184447

0.120264 0.00184447
0.120313 0.00184448

0.120313 0.00184448
0.120361 0.00184449

0.120361 0.00184449
0.12041 0.0018445

0.12041 0.0018445
0.120459 0.00184451

0.120459 0.00184451
0.120508 0.00184452

0.120508 0.00184452
0.120557 0.00184453

0.120557 0.00184453
0.120605 0.00184454

0.120644 0
0.120654 2.58231e-05

0.120605 0.00184454
0.120654 0.00184455

0.120654 2.5483e-05
0.120672 4.88281e-05

0.120664 4.88281e-05
0.120703 7.12501e-05

0.120654 0.00184455
0.120703 0.00184456

0.120752 3.76077e-05
0.120741 4.88281e-05

0.120703 7.19063e-05
0.120752 4.8959e-05

0.120703 0.00184456
0.120752 0.00184457

0.120752 4.07375e-05
0.12077 0

0.120752 0.00184457
0.120801 0.00184458

0.120801 0.00184458
0.12085 0.00184459

0.12085 0.00184459
0.120898 0.0018446

0.120898 0.0018446
0.120947 0.00184461

0.120947 0.00184461
0.120996 0.00184462

0.120996 0.00184462
0.121045 0.00184463

0.121045 0.00184463
0.121094 0.00184464

0.121094 0.00184464
0.121143 0.00184465

0.121143 0.00184465
0.121191 0.00184466

0.121191 0.00184466
0.12124 0.00184467

0.12124 0.00184467
0.121289 0.00184468

0.121289 0.00184468
0.121338 0.00184469

0.121338 0.00184469
0.121387 0.0018447

0.121387 0.0018447
0.121436 0.00184471

0.121436 0.00184471
0.121484 0.00184472

0.121484 0.00184472
0.121533 0.00184473

0.121533 0.00184473
0.121582 0.00184474

0.121582 0.00184474
0.121631 0.00184475

0.121631 0.00184475
0.12168 0.00184475

0.12168 0.00184475
0.121729 0.00184476

0.121729 0.00184476
0.121777 0.00184477

0.121777 0.00184477
0.121826 0.00184478

0.121826 0.00184478
0.121875 0.00184479

0.121875 0.00184479
0.121924 0.00184479

0.121924 0.00184479
0.121973 0.0018448

0.121973 0.0018448
0.122021 0.00184481

0.122021 0.00184481
0.12207 0.00184481

0.12207 0.00184481
0.122119 0.00184482

0.122119 0.00184482
0.122168 0.00184483

0.122168 0.00184483
0.122217 0.00184483

0.122217 0.00184483
0.122266 0.00184484

0.122266 0.00184484
0.122314 0.00184484

0.122314 0.00184484
0.122363 0.00184485

0.122363 0.00184485
0.122412 0.00184485

0.122412 0.00184485
0.122461 0.00184485

0.122461 0.00184485
0.12251 0.00184486

0.12251 0.00184486
0.122559 0.00184486

0.122559 0.00184486
0.122607 0.00184486

0.122607 0.00184486
0.122656 0.00184487

0.122656 0.00184487
0.122705 0.00184487

0.122705 0.00184487
0.122754 0.00184487

0.122754 0.00184487
0.122803 0.00184487

0.122803 0.00184487
0.122852 0.00184487

0.122852 0.00184487
0.1229 0.00184487

0.1229 0.00184487
0.122949 0.00184487

0.122949 0.00184487
0.122998 0.00184487

0.122998 0.00184487
0.123047 0.00184487

0.123047 0.00184487
0.123096 0.00184487

0.123096 0.00184487
0.123145 0.00184487

0.123145 0.00184487
0.123193 0.00184487

0.123193 0.00184487
0.123242 0.00184487

0.123242 0.00184487
0.123291 0.00184487

0.123291 0.00184487
0.12334 0.00184486

0.12334 0.00184486
0.123389 0.00184486

0.123389 0.00184486
0.123438 0.00184486

0.123438 0.00184486
0.123486 0.00184485

0.123486 0.00184485
0.123535 0.00184485

0.123535 0.00184485
0.123584 0.00184485

0.123584 0.00184485
0.123633 0.00184484

0.123633 0.00184484
0.123682 0.00184484

0.123682 0.00184484
0.12373 0.00184483

0.12373 0.00184483
0.123779 0.00184482

0.123779 0.00184482
0.123828 0.00184482

0.123828 0.00184482
0.123877 0.00184481

0.123877 0.00184481
0.123926 0.00184481

0.123926 0.00184481
0.123975 0.0018448

0.123975 0.0018448
0.124023 0.00184479

0.124023 0.00184479
0.124072 0.00184479

0.124072 0.00184479
0.124121 0.00184478

0.124121 0.00184478
0.12417 0.00184477

0.12417 0.00184477
0.124219 0.00184476

0.124219 0.00184476
0.124268 0.00184475

0.124268 0.00184475
0.124316 0.00184474

0.124316 0.00184474
0.124365 0.00184474

0.124365 0.00184474
0.124414 0.00184473

0.124414 0.00184473
0.124463 0.00184472

0.124463 0.00184472
0.124512 0.00184471

0.124512 0.00184471
0.124561 0.0018447

0.124561 0.0018447
0.124609 0.00184469

0.124609 0.00184469
0.124658 0.00184468

0.124658 0.00184468
0.124707 0.00184467

0.124707 0.00184467
0.124756 0.00184466

0.124756 0.00184466
0.124805 0.00184465

0.124805 0.00184465
0.124854 0.00184464

0.124854 0.00184464
0.124902 0.00184463

0.124902 0.00184463
0.124951 0.00184462

0.124951 0.00184462
0.125 0.00184461

0.125 0.00184461
0.125049 0.0018446

0.125049 0.0018446
0.125098 0.00184458

0.125098 0.00184458
0.125146 0.00184457

0.125146 0.00184457
0.125195 0.00184456

0.125195 0.00184456
0.125244 0.00184455

0.125244 0.00184455
0.125293 0.00184454

0.125293 0.00184454
0.125342 0.00184453

0.125342 0.00184453
0.125391 0.00184452

0.125391 0.00184452
0.125439 0.00184451

0.125439 0.00184451
0.125488 0.0018445

0.125488 0.0018445
0.125537 0.00184449

0.125537 0.00184449
0.125586 0.00184448

0.125586 0.00184448
0.125635 0.00184447

0.125635 0.00184447
0.125684 0.00184446

0.125684 0.00184446
0.125732 0.00184445

0.125732 0.00184445
0.125781 0.00184444

0.125781 0.00184444
0.12583 0.00184443

0.12583 0.00184443
0.125879 0.00184442

0.125879 0.00184442
0.125928 0.00184441

0.125928 0.00184441
0.125977 0.0018444

0.125977 0.0018444
0.126025 0.00184439

0.126025 0.00184439
0.126074 0.00184438

0.126074 0.00184438
0.126123 0.00184437

0.126123 0.00184437
0.126172 0.00184436

0.126172 0.00184436
0.126221 0.00184435

0.126221 0.00184435
0.12627 0.00184434

0.12627 0.00184434
0.126318 0.00184434

0.126318 0.00184434
0.126367 0.00184433

0.126367 0.00184433
0.126416 0.00184432

0.126416 0.00184432
0.126465 0.00184431

0.126465 0.00184431
0.126514 0.00184431

0.126514 0.00184431
0.126563 0.0018443

0.126562 0.0018443
0.126611 0.00184429

0.126611 0.00184429
0.12666 0.00184429

0.12666 0.00184429
0.126709 0.00184428

0.126709 0.00184428
0.126758 0.00184427

0.126758 0.00184427
0.126807 0.00184427

0.126807 0.00184427
0.126855 0.00184426

0.126855 0.00184426
0.126904 0.00184426

0.126904 0.00184426
0.126953 0.00184425

0.126953 0.00184425
0.127002 0.00184425

0.127002 0.00184425
0.127051 0.00184425

0.127051 0.00184425
0.1271 0.00184424

0.1271 0.00184424
0.127148 0.00184424

0.127148 0.00184424
0.127197 0.00184423

0.127197 0.00184423
0.127246 0.00184423

0.127246 0.00184423
0.127295 0.00184423

0.127295 0.00184423
0.127344 0.00184423

0.127344 0.00184423
0.127393 0.00184422

0.127393 0.00184422
0.127441 0.00184422

0.127441 0.00184422
0.12749 0.00184422

0.12749 0.00184422
0.127539 0.00184422

0.127539 0.00184422
0.127588 0.00184422

0.127588 0.00184422
0.127637 0.00184422

0.127637 0.00184422
0.127686 0.00184422

0.127686 0.00184422
0.127734 0.00184422

0.127734 0.00184422
0.127783 0.00184422

0.127783 0.00184422
0.127832 0.00184422

0.127832 0.00184422
0.127881 0.00184422

0.127881 0.00184422
0.12793 0.00184422

0.12793 0.00184422
0.127979 0.00184422

0.127979 0.00184422
0.128027 0.00184422

0.128027 0.00184422
0.128076 0.00184422

0.128076 0.00184422
0.128125 0.00184422

0.128125 0.00184422
0.128174 0.00184423

0.128174 0.00184423
0.128223 0.00184423

0.128223 0.00184423
0.128271 0.00184423

0.128271 0.00184423
0.12832 0.00184423

0.12832 0.00184423
0.128369 0.00184424

0.128369 0.00184424
0.128418 0.00184424

0.128418 0.00184424
0.128467 0.00184424

0.128467 0.00184424
0.128516 0.00184424

0.128516 0.00184424
0.128564 0.00184425

0.128564 0.00184425
0.128613 0.00184425

0.128613 0.00184425
0.128662 0.00184425

0.128662 0.00184425
0.128711 0.00184426

0.128711 0.00184426
0.12876 0.00184426

0.12876 0.00184426
0.128809 0.00184427

0.128809 0.00184427
0.128857 0.00184427

0.128857 0.00184427
0.128906 0.00184427

0.128906 0.00184427
0.128955 0.00184428

0.128955 0.00184428
0.129004 0.00184428

0.129004 0.00184428
0.129053 0.00184428

0.129053 0.00184428
0.129102 0.00184429

0.129102 0.00184429
0.12915 0.00184429

0.12915 0.00184429
0.129199 0.0018443

0.129199 0.0018443
0.129248 0.0018443

0.129248 0.0018443
0.129297 0.0018443

0.129297 0.0018443
0.129346 0.00184431

0.129346 0.00184431
0.129395 0.00184431

0.129395 0.00184431
0.129443 0.00184432

0.129443 0.00184432
0.129492 0.00184432

0.129492 0.00184432
0.129541 0.00184432

0.129541 0.00184432
0.12959 0.00184433

0.12959 0.00184433
0.129639 0.00184433

0.129639 0.00184433
0.129688 0.00184433

0.129688 0.00184433
0.129736 0.00184434

0.129736 0.00184434
0.129785 0.00184434

0.129785 0.00184434
0.129834 0.00184434

0.129834 0.00184434
0.129883 0.00184435

0.129883 0.00184435
0.129932 0.00184435

0.129932 0.00184435
0.12998 0.00184435

0.12998 0.00184435
0.130029 0.00184435

0.130029 0.00184435
0.130078 0.00184436

0.130078 0.00184436
0.130127 0.00184436

0.130127 0.00184436
0.130176 0.00184436

0.130176 0.00184436
0.130225 0.00184436

0.130225 0.00184436
0.130273 0.00184436

0.130273 0.00184436
0.130322 0.00184436

0.130322 0.00184436
0.130371 0.00184437

0.130371 0.00184437
0.13042 0.00184437

0.13042 0.00184437
0.130469 0.00184437

0.130469 0.00184437
0.130518 0.00184437

0.130518 0.00184437
0.130566 0.00184437

0.130566 0.00184437
0.130615 0.00184437

0.130615 0.00184437
0.130664 0.00184437

0.130664 0.00184437
0.130713 0.00184437

0.130713 0.00184437
0.130762 0.00184437

0.130762 0.00184437
0.130811 0.00184437

0.130811 0.00184437
0.130859 0.00184437

0.130859 0.00184437
0.130908 0.00184437

0.130908 0.00184437
0.130957 0.00184436

0.130957 0.00184436
0.131006 0.00184436

0.131006 0.00184436
0.131055 0.00184436

0.131055 0.00184436
0.131104 0.00184436

0.131104 0.00184436
0.131152 0.00184436

0.131152 0.00184436
0.131201 0.00184435

0.131201 0.00184435
0.13125 0.00184435

0.13125 0.00184435
0.131299 0.00184435

0.131299 0.00184435
0.131348 0.00184435

0.131348 0.00184435
0.131396 0.00184434

0.131396 0.00184434
0.131445 0.00184434

0.131445 0.00184434
0.131494 0.00184434

0.131494 0.00184434
0.131543 0.00184433

0.131543 0.00184433
0.131592 0.00184433

0.131592 0.00184433
0.131641 0.00184432

0.131641 0.00184432
0.131689 0.00184432

0.131689 0.00184432
0.131738 0.00184432

0.131738 0.00184432
0.131787 0.00184431

0.131787 0.00184431
0.131836 0.00184431

0.131836 0.00184431
0.131885 0.0018443

0.131885 0.0018443
0.131934 0.0018443

0.131934 0.0018443
0.131982 0.00184429

0.131982 0.00184429
0.132031 0.00184429

0.132031 0.00184429
0.13208 0.00184428

0.13208 0.00184428
0.132129 0.00184428

0.132129 0.00184428
0.132178 0.00184427

0.132178 0.00184427
0.132227 0.00184427

0.132227 0.00184427
0.132275 0.00184426

0.132275 0.00184426
0.132324 0.00184426

0.132324 0.00184426
0.132373 0.00184425

0.132373 0.00184425
0.132422 0.00184425

0.132422 0.00184425
0.132471 0.00184424

0.132471 0.00184424
0.13252 0.00184423

0.13252 0.00184423
0.132568 0.00184423

0.132568 0.00184423
0.132617 0.00184422

0.132617 0.00184422
0.132666 0.00184422

0.132666 0.00184422
0.132715 0.00184421

0.132715 0.00184421
0.132764 0.00184421

0.132764 0.00184421
0.132812 0.0018442

0.132812 0.0018442
0.132861 0.0018442

0.132861 0.0018442
0.13291 0.00184419

0.13291 0.00184419
0.132959 0.00184419

0.132959 0.00184419
0.133008 0.00184418

0.133008 0.00184418
0.133057 0.00184418

0.133057 0.00184418
0.133105 0.00184417

0.133105 0.00184417
0.133154 0.00184417

0.133154 0.00184417
0.133203 0.00184417

0.133203 0.00184417
0.133252 0.00184416

0.133252 0.00184416
0.133301 0.00184416

0.133301 0.00184416
0.13335 0.00184415

0.13335 0.00184415
0.133398 0.00184415

0.133398 0.00184415
0.133447 0.00184415

0.133447 0.00184415
0.133496 0.00184414

0.133496 0.00184414
0.133545 0.00184414

0.133545 0.00184414
0.133594 0.00184414

0.133594 0.00184414
0.133643 0.00184413

0.133643 0.00184413
0.133691 0.00184413

0.133691 0.00184413
0.13374 0.00184413

0.13374 0.00184413
0.133789 0.00184412

0.133789 0.00184412
0.133838 0.00184412

0.133838 0.00184412
0.133887 0.00184412

0.133887 0.00184412
0.133936 0.00184412

0.133936 0.00184412
0.133984 0.00184412

0.133984 0.00184412
0.134033 0.00184412

0.134033 0.00184412
0.134082 0.00184411

0.134082 0.00184411
0.134131 0.00184411

0.134131 0.00184411
0.13418 0.00184411

0.13418 0.00184411
0.134229 0.00184411

0.134229 0.00184411
0.134277 0.00184411

0.134277 0.00184411
0.134326 0.00184411

0.134326 0.00184411
0.134375 0.00184411

0.134375 0.00184411
0.134424 0.00184411

0.134424 0.00184411
0.134473 0.00184411

0.134473 0.00184411
0.134521 0.00184411

0.134521 0.00184411
0.13457 0.00184411

0.13457 0.00184411
0.134619 0.00184411

0.134619 0.00184411
0.134668 0.00184411

0.134668 0.00184411
0.134717 0.00184411

0.134717 0.00184411
0.134766 0.00184411

0.134766 0.00184411
0.134814 0.00184411

0.134814 0.00184411
0.134863 0.00184411

0.134863 0.00184411
0.134912 0.00184411

0.134912 0.00184411
0.134961 0.00184411

0.134961 0.00184411
0.13501 0.00184411

0.13501 0.00184411
0.135059 0.00184412

0.135059 0.00184412
0.135107 0.00184412

0.135107 0.00184412
0.135156 0.00184412

0.135156 0.00184412
0.135205 0.00184412

0.135205 0.00184412
0.135254 0.00184412

0.135254 0.00184412
0.135303 0.00184412

0.135303 0.00184412
0.135352 0.00184412

0.135352 0.00184412
0.1354 0.00184412

0.1354 0.00184412
0.135449 0.00184412

0.135449 0.00184412
0.135498 0.00184412

0.135498 0.00184412
0.135547 0.00184412

0.135547 0.00184412
0.135596 0.00184412

0.135596 0.00184412
0.135645 0.00184413

0.135645 0.00184413
0.135693 0.00184413

0.135693 0.00184413
0.135742 0.00184413

0.135742 0.00184413
0.135791 0.00184413

0.135791 0.00184413
0.13584 0.00184413

0.13584 0.00184413
0.135889 0.00184413

0.135889 0.00184413
0.135938 0.00184412

0.135937 0.00184412
0.135986 0.00184412

0.135986 0.00184412
0.136035 0.00184412

0.136035 0.00184412
0.136084 0.00184412

0.136084 0.00184412
0.136133 0.00184412

0.136133 0.00184412
0.136182 0.00184412

0.136182 0.00184412
0.13623 0.00184412

0.13623 0.00184412
0.136279 0.00184411

0.136279 0.00184411
0.136328 0.00184411

0.136328 0.00184411
0.136377 0.00184411

0.136377 0.00184411
0.136426 0.0018441

0.136426 0.0018441
0.136475 0.0018441

0.136475 0.0018441
0.136523 0.0018441

0.136523 0.0018441
0.136572 0.00184409

0.136572 0.00184409
0.136621 0.00184409

0.136621 0.00184409
0.13667 0.00184408

0.13667 0.00184408
0.136719 0.00184408

0.136719 0.00184408
0.136768 0.00184407

0.136768 0.00184407
0.136816 0.00184406

0.136816 0.00184406
0.136865 0.00184406

0.136865 0.00184406
0.136914 0.00184405

0.136914 0.00184405
0.136963 0.00184404

0.136963 0.00184404
0.137012 0.00184403

0.137012 0.00184403
0.137061 0.00184403

0.137061 0.00184403
0.137109 0.00184402

0.137109 0.00184402
0.137158 0.00184401

0.137158 0.00184401
0.137207 0.001844

0.137207 0.001844
0.137256 0.00184399

0.137256 0.00184399
0.137305 0.00184397

0.137305 0.00184397
0.137354 0.00184396

0.137354 0.00184396
0.137402 0.00184395

0.137402 0.00184395
0.137451 0.00184394

0.137451 0.00184394
0.1375 0.00184393

0.1375 0.00184393
0.137549 0.00184391

0.137549 0.00184391
0.137598 0.0018439

0.137598 0.0018439
0.137646 0.00184388

0.137646 0.00184388
0.137695 0.00184387

0.137695 0.00184387
0.137744 0.00184385

0.137744 0.00184385
0.137793 0.00184384

0.137793 0.00184384
0.137842 0.00184382

0.137842 0.00184382
0.137891 0.0018438

0.137891 0.0018438
0.137939 0.00184379

0.137939 0.00184379
0.137988 0.00184377

0.137988 0.00184377
0.138037 0.00184375

0.138037 0.00184375
0.138086 0.00184373

0.138086 0.00184373
0.138135 0.00184371

0.138135 0.00184371
0.138184 0.00184369

0.138184 0.00184369
0.138232 0.00184367

0.138232 0.00184367
0.138281 0.00184365

0.138281 0.00184365
0.13833 0.00184363

0.13833 0.00184363
0.138379 0.00184361

0.138379 0.00184361
0.138428 0.00184359

0.138428 0.00184359
0.138477 0.00184356

0.138477 0.00184356
0.138525 0.00184354

0.138525 0.00184354
0.138574 0.00184352

0.138574 0.00184352
0.138623 0.0018435

0.138623 0.0018435
0.138672 0.00184347

0.138672 0.00184347
0.138721 0.00184345

0.138721 0.00184345
0.13877 0.00184342

0.13877 0.00184342
0.138818 0.0018434

0.138818 0.0018434
0.138867 0.00184337

0.138867 0.00184337
0.138916 0.00184335

0.138916 0.00184335
0.138965 0.00184332

0.138965 0.00184332
0.139014 0.0018433

0.139014 0.0018433
0.139063 0.00184327

0.139063 0.00184327
0.139111 0.00184325

0.139111 0.00184325
0.13916 0.00184322

0.13916 0.00184322
0.139209 0.00184319

0.139209 0.00184319
0.139258 0.00184317

0.139258 0.00184317
0.139307 0.00184314

0.139307 0.00184314
0.139355 0.00184311

0.139355 0.00184311
0.139404 0.00184308

0.139404 0.00184308
0.139453 0.00184306

0.139453 0.00184306
0.139502 0.00184303

0.139502 0.00184303
0.139551 0.001843

0.139551 0.001843
0.1396 0.00184297

0.1396 0.00184297
0.139648 0.00184295

0.139648 0.00184295
0.139697 0.00184292

0.139697 0.00184292
0.139746 0.00184289

0.139746 0.00184289
0.139795 0.00184286

0.139795 0.00184286
0.139844 0.00184284

0.139844 0.00184284
0.139893 0.00184281

0.139893 0.00184281
0.139941 0.00184278

0.139941 0.00184278
0.13999 0.00184275

0.13999 0.00184275
0.140039 0.00184273

0.140039 0.00184273
0.140088 0.0018427

0.140088 0.0018427
0.140137 0.00184267

0.140137 0.00184267
0.140186 0.00184264

0.140186 0.00184264
0.140234 0.00184262

0.140234 0.00184262
0.140283 0.00184259

0.140283 0.00184259
0.140332 0.00184256

0.140332 0.00184256
0.140381 0.00184254

0.140381 0.00184254
0.14043 0.00184251

0.14043 0.00184251
0.140479 0.00184248

0.140479 0.00184248
0.140527 0.00184246

0.140527 0.00184246
0.140576 0.00184243

0.140576 0.00184243
0.140625 0.0018424

0.140625 0.0018424
0.140674 0.00184238

0.140674 0.00184238
0.140723 0.00184235

0.140723 0.00184235
0.140771 0.00184233

0.140771 0.00184233
0.14082 0.0018423

0.14082 0.0018423
0.140869 0.00184228

0.140869 0.00184228
0.140918 0.00184225

0.140918 0.00184225
0.140967 0.00184223

0.140967 0.00184223
0.141016 0.00184221

0.141016 0.00184221
0.141064 0.00184218

0.141064 0.00184218
0.141113 0.00184216

0.141113 0.00184216
0.141162 0.00184214

0.141162 0.00184214
0.141211 0.00184212

0.141211 0.00184212
0.14126 0.00184209

0.14126 0.00184209
0.141309 0.00184207

0.141309 0.00184207
0.141357 0.00184205

0.141357 0.00184205
0.141406 0.00184203

0.141406 0.00184203
0.141455 0.00184201

0.141455 0.00184201
0.141504 0.00184199

0.141504 0.00184199
0.141553 0.00184197

0.141553 0.00184197
0.141602 0.00184195

0.141602 0.00184195
0.14165 0.00184193

0.14165 0.00184193
0.141699 0.00184192

0.141699 0.00184192
0.141748 0.0018419

0.141748 0.0018419
0.141797 0.00184188

0.141797 0.00184188
0.141846 0.00184186

0.141846 0.00184186
0.141895 0.00184185

0.141895 0.00184185
0.141943 0.00184183

0.141943 0.00184183
0.141992 0.00184182

0.141992 0.00184182
0.142041 0.0018418

0.142041 0.0018418
0.14209 0.00184179

0.14209 0.00184179
0.142139 0.00184177

0.142139 0.00184177
0.142188 0.00184176

0.142187 0.00184176
0.142236 0.00184175

0.142236 0.00184175
0.142285 0.00184173

0.142285 0.00184173
0.142334 0.00184172

0.142334 0.00184172
0.142383 0.00184171

0.142383 0.00184171
0.142432 0.0018417

0.142432 0.0018417
0.14248 0.00184169

0.14248 0.00184169
0.142529 0.00184168

0.142529 0.00184168
0.142578 0.00184167

0.142578 0.00184167
0.142627 0.00184166

0.142627 0.00184166
0.142676 0.00184165

0.142676 0.00184165
0.142725 0.00184164

0.142725 0.00184164
0.142773 0.00184164

0.142773 0.00184164
0.142822 0.00184163

0.142822 0.00184163
0.142871 0.00184162

0.142871 0.00184162
0.14292 0.00184162

0.14292 0.00184162
0.142969 0.00184161

0.142969 0.00184161
0.143018 0.00184161

0.143018 0.00184161
0.143066 0.00184161

0.143066 0.00184161
0.143115 0.0018416

0.143115 0.0018416
0.143164 0.0018416

0.143164 0.0018416
0.143213 0.0018416

0.143213 0.0018416
0.143262 0.0018416

0.143262 0.0018416
0.143311 0.0018416

0.143311 0.0018416
0.143359 0.0018416

0.143359 0.0018416
0.143408 0.0018416

0.143408 0.0018416
0.143457 0.0018416

0.143457 0.0018416
0.143506 0.0018416

0.143506 0.0018416
0.143555 0.0018416

0.143555 0.0018416
0.143604 0.00184161

0.143604 0.00184161
0.143652 0.00184161

0.143652 0.00184161
0.143701 0.00184162

0.143701 0.00184162
0.14375 0.00184162

0.14375 0.00184162
0.143799 0.00184163

0.143799 0.00184163
0.143848 0.00184164

0.143848 0.00184164
0.143896 0.00184164

0.143896 0.00184164
0.143945 0.00184165

0.143945 0.00184165
0.143994 0.00184166

0.143994 0.00184166
0.144043 0.00184167

0.144043 0.00184167
0.144092 0.00184168

0.144092 0.00184168
0.144141 0.00184169

0.144141 0.00184169
0.144189 0.0018417

0.144189 0.0018417
0.144238 0.00184172

0.144238 0.00184172
0.144287 0.00184173

0.144287 0.00184173
0.144336 0.00184174

0.144336 0.00184174
0.144385 0.00184176

0.144385 0.00184176
0.144434 0.00184177

0.144434 0.00184177
0.144482 0.00184179

0.144482 0.00184179
0.144531 0.00184181

0.144531 0.00184181
0.14458 0.00184183

0.14458 0.00184183
0.144629 0.00184184

0.144629 0.00184184
0.144678 0.00184186

0.144678 0.00184186
0.144727 0.00184188

0.144727 0.00184188
0.144775 0.00184191

0.144775 0.00184191
0.144824 0.00184193

0.144824 0.00184193
0.144873 0.00184195

0.144873 0.00184195
0.144922 0.00184197

0.144922 0.00184197
0.144971 0.001842

0.144971 0.001842
0.14502 0.00184202

0.14502 0.00184202
0.145068 0.00184205

0.145068 0.00184205
0.145117 0.00184207

0.145117 0.00184207
0.145166 0.0018421

0.145166 0.0018421
0.145215 0.00184213

0.145215 0.00184213
0.145264 0.00184215

0.145264 0.00184215
0.145313 0.00184218

0.145313 0.00184218
0.145361 0.00184221

0.145361 0.00184221
0.14541 0.00184224

0.14541 0.00184224
0.145459 0.00184227

0.145459 0.00184227
0.145508 0.00184231

0.145508 0.00184231
0.145557 0.00184234

0.145557 0.00184234
0.145605 0.00184237

0.145605 0.00184237
0.145654 0.0018424

0.145654 0.0018424
0.145703 0.00184244

0.145703 0.00184244
0.145752 0.00184247

0.145752 0.00184247
0.145801 0.00184251

0.145801 0.00184251
0.14585 0.00184254

0.14585 0.00184254
0.145898 0.00184258

0.145898 0.00184258
0.145947 0.00184262

0.145947 0.00184262
0.145996 0.00184265

0.145996 0.00184265
0.146045 0.00184269

0.146045 0.00184269
0.146094 0.00184273

0.146094 0.00184273
0.146143 0.00184277

0.146143 0.00184277
0.146191 0.00184281

0.146191 0.00184281
0.14624 0.00184285

0.14624 0.00184285
0.146289 0.00184288

0.146289 0.00184288
0.146338 0.00184293

0.146338 0.00184293
0.146387 0.00184297

0.146387 0.00184297
0.146436 0.00184301

0.146436 0.00184301
0.146484 0.00184305

0.146484 0.00184305
0.146533 0.00184309

0.146533 0.00184309
0.146582 0.00184313

0.146582 0.00184313
0.146631 0.00184317

0.146631 0.00184317
0.14668 0.00184322

0.14668 0.00184322
0.146729 0.00184326

0.146729 0.00184326
0.146777 0.0018433

0.146777 0.0018433
0.146826 0.00184334

0.146826 0.00184334
0.146875 0.00184339

0.146875 0.00184339
0.146924 0.00184343

0.146924 0.00184343
0.146973 0.00184347

0.146973 0.00184347
0.147021 0.00184352

0.147021 0.00184352
0.14707 0.00184356

0.14707 0.00184356
0.147119 0.0018436

0.147119 0.0018436
0.147168 0.00184364

0.147168 0.00184364
0.147217 0.00184369

0.147217 0.00184369
0.147266 0.00184373

0.147266 0.00184373
0.147314 0.00184377

0.147314 0.00184377
0.147363 0.00184382

0.147363 0.00184382
0.147412 0.00184386

0.147412 0.00184386
0.147461 0.0018439

0.147461 0.0018439
0.14751 0.00184394

0.14751 0.00184394
0.147559 0.00184399

0.147559 0.00184399
0.147607 0.00184403

0.147607 0.00184403
0.147656 0.00184407

0.147656 0.00184407
0.147705 0.00184411

0.147705 0.00184411
0.147754 0.00184415

0.147754 0.00184415
0.147803 0.00184419

0.147803 0.00184419
0.147852 0.00184423

0.147852 0.00184423
0.1479 0.00184427

0.1479 0.00184427
0.147949 0.00184431

0.147949 0.00184431
0.147998 0.00184435

0.147998 0.00184435
0.148047 0.00184439

0.148047 0.00184439
0.148096 0.00184443

0.148096 0.00184443
0.148145 0.00184446

0.148145 0.00184446
0.148193 0.0018445

0.148193 0.0018445
0.148242 0.00184453

0.148242 0.00184453
0.148291 0.00184457

0.148291 0.00184457
0.14834 0.0018446

0.14834 0.0018446
0.148389 0.00184464

0.148389 0.00184464
0.148438 0.00184467

0.148438 0.00184467
0.148486 0.0018447

0.148486 0.0018447
0.148535 0.00184473

0.148535 0.00184473
0.148584 0.00184476

0.148584 0.00184476
0.148633 0.00184479

0.148633 0.00184479
0.148682 0.00184482

0.148682 0.00184482
0.14873 0.00184485

0.14873 0.00184485
0.148779 0.00184488

0.148779 0.00184488
0.148828 0.0018449

0.148828 0.0018449
0.148877 0.00184493

0.148877 0.00184493
0.148926 0.00184495

0.148926 0.00184495
0.148975 0.00184498

0.148975 0.00184498
0.149023 0.001845

0.149023 0.001845
0.149072 0.00184502

0.149072 0.00184502
0.149121 0.00184504

0.149121 0.00184504
0.14917 0.00184506

0.14917 0.00184506
0.149219 0.00184507

0.149219 0.00184507
0.149268 0.00184509

0.149268 0.00184509
0.149316 0.00184511

0.149316 0.00184511
0.149365 0.00184512

0.149365 0.00184512
0.149414 0.00184513

0.149414 0.00184513
0.149463 0.00184514

0.149463 0.00184514
0.149512 0.00184515

0.149512 0.00184515
0.149561 0.00184516

0.149561 0.00184516
0.149609 0.00184517

0.149609 0.00184517
0.149658 0.00184518

0.149658 0.00184518
0.149707 0.00184518

0.149707 0.00184518
0.149756 0.00184519

0.149756 0.00184519
0.149805 0.00184519

0.149805 0.00184519
0.149854 0.00184519

0.149854 0.00184519
0.149902 0.00184519

0.149902 0.00184519
0.149951 0.00184519

0.149951 0.00184519
0.15 0.00184518

0.15 0.00184518
0.150049 0.00184518

0.150049 0.00184518
0.150098 0.00184517

0.150098 0.00184517
0.150146 0.00184516

0.150146 0.00184516
0.150195 0.00184516

0.150195 0.00184516
0.150244 0.00184515

0.150244 0.00184515
0.150293 0.00184513

0.150293 0.00184513
0.150342 0.00184512

0.150342 0.00184512
0.150391 0.00184511

0.150391 0.00184511
0.150439 0.00184509

0.150439 0.00184509
0.150488 0.00184507

0.150488 0.00184507
0.150537 0.00184505

0.150537 0.00184505
0.150586 0.00184503

0.150586 0.00184503
0.150635 0.00184501

0.150635 0.00184501
0.150684 0.00184499

0.150684 0.00184499
0.150732 0.00184496

0.150732 0.00184496
0.150781 0.00184493

0.150781 0.00184493
0.15083 0.00184491

0.15083 0.00184491
0.150879 0.00184488

0.150879 0.00184488
0.150928 0.00184485

0.150928 0.00184485
0.150977 0.00184481

0.150977 0.00184481
0.151025 0.00184478

0.151025 0.00184478
0.151074 0.00184474

0.151074 0.00184474
0.151123 0.00184471

0.151123 0.00184471
0.151172 0.00184467

0.151172 0.00184467
0.151221 0.00184463

0.151221 0.00184463
0.15127 0.00184459

0.15127 0.00184459
0.151318 0.00184455

0.151318 0.00184455
0.151367 0.0018445

0.151367 0.0018445
0.151416 0.00184446

0.151416 0.00184446
0.151465 0.00184441

0.151465 0.00184441
0.151514 0.00184436

0.151514 0.00184436
0.151563 0.00184432

0.151563 0.00184432
0.151611 0.00184427

0.151611 0.00184427
0.15166 0.00184421

0.15166 0.00184421
0.151709 0.00184416

0.151709 0.00184416
0.151758 0.00184411

0.151758 0.00184411
0.151807 0.00184405

0.151807 0.00184405
0.151855 0.001844

0.151855 0.001844
0.151904 0.00184394

0.151904 0.00184394
0.151953 0.00184388

0.151953 0.00184388
0.152002 0.00184382

0.152002 0.00184382
0.152051 0.00184376

0.152051 0.00184376
0.1521 0.0018437

0.1521 0.0018437
0.152148 0.00184364

0.152148 0.00184364
0.152197 0.00184358

0.152197 0.00184358
0.152246 0.00184351

0.152246 0.00184351
0.152295 0.00184345

0.152295 0.00184345
0.152344 0.00184338

0.152344 0.00184338
0.152393 0.00184331

0.152393 0.00184331
0.152441 0.00184325

0.152441 0.00184325
0.15249 0.00184318

0.15249 0.00184318
0.152539 0.00184311

0.152539 0.00184311
0.152588 0.00184304

0.152588 0.00184304
0.152637 0.00184297

0.152637 0.00184297
0.152686 0.0018429

0.152686 0.0018429
0.152734 0.00184283

0.152734 0.00184283
0.152783 0.00184276

0.152783 0.00184276
0.152832 0.00184268

0.152832 0.00184268
0.152881 0.00184261

0.152881 0.00184261
0.15293 0.00184254

0.15293 0.00184254
0.152979 0.00184247

0.152979 0.00184247
0.153027 0.00184239

0.153027 0.00184239
0.153076 0.00184232

0.153076 0.00184232
0.153125 0.00184224

0.153125 0.00184224
0.153174 0.00184217

0.153174 0.00184217
0.153223 0.0018421

0.153223 0.0018421
0.153271 0.00184202

0.153271 0.00184202
0.15332 0.00184195

0.15332 0.00184195
0.153369 0.00184187

0.153369 0.00184187
0.153418 0.0018418

0.153418 0.0018418
0.153467 0.00184172

0.153467 0.00184172
0.153516 0.00184165

0.153516 0.00184165
0.153564 0.00184158

0.153564 0.00184158
0.153613 0.0018415

0.153613 0.0018415
0.153662 0.00184143

0.153662 0.00184143
0.153711 0.00184136

0.153711 0.00184136
0.15376 0.00184128

0.15376 0.00184128
0.153809 0.00184121

0.153809 0.00184121
0.153857 0.00184114

0.153857 0.00184114
0.153906 0.00184107

0.153906 0.00184107
0.153955 0.001841

0.153955 0.001841
0.154004 0.00184093

0.154004 0.00184093
0.154053 0.00184086

0.154053 0.00184086
0.154102 0.00184079

0.154102 0.00184079
0.15415 0.00184072

0.15415 0.00184072
0.154199 0.00184066

0.154199 0.00184066
0.154248 0.00184059

0.154248 0.00184059
0.154297 0.00184052

0.154297 0.00184052
0.154346 0.00184046

0.154346 0.00184046
0.154395 0.0018404

0.154395 0.0018404
0.154443 0.00184033

0.154443 0.00184033
0.154492 0.00184027

0.154492 0.00184027
0.154541 0.00184021

0.154541 0.00184021
0.15459 0.00184015

0.15459 0.00184015
0.154639 0.00184009

0.154639 0.00184009
0.154688 0.00184004

0.154688 0.00184004
0.154736 0.00183998

0.154736 0.00183998
0.154785 0.00183992

0.154785 0.00183992
0.154834 0.00183987

0.154834 0.00183987
0.154883 0.00183982

0.154883 0.00183982
0.154932 0.00183977

0.154932 0.00183977
0.15498 0.00183972

0.15498 0.00183972
0.155029 0.00183967

0.155029 0.00183967
0.155078 0.00183962

0.155078 0.00183962
0.155127 0.00183957

0.155127 0.00183957
0.155176 0.00183953

0.155176 0.00183953
0.155225 0.00183949

0.155225 0.00183949
0.155273 0.00183944

0.155273 0.00183944
0.155322 0.0018394

0.155322 0.0018394
0.155371 0.00183936

0.155371 0.00183936
0.15542 0.00183933

0.15542 0.00183933
0.155469 0.00183929

0.155469 0.00183929
0.155518 0.00183926

0.155518 0.00183926
0.155566 0.00183922

0.155566 0.00183922
0.155615 0.00183919

0.155615 0.00183919
0.155664 0.00183916

0.155664 0.00183916
0.155713 0.00183913

0.155713 0.00183913
0.155762 0.00183911

0.155762 0.00183911
0.155811 0.00183908

0.155811 0.00183908
0.155859 0.00183906

0.155859 0.00183906
0.155908 0.00183903

0.155908 0.00183903
0.155957 0.00183901

0.155957 0.00183901
0.156006 0.00183899

0.156006 0.00183899
0.156055 0.00183897

0.156055 0.00183897
0.156104 0.00183896

0.156104 0.00183896
0.156152 0.00183894

0.156152 0.00183894
0.156201 0.00183893

0.156201 0.00183893
0.15625 0.00183891

0.15625 0.00183891
0.156299 0.0018389

0.156299 0.0018389
0.156348 0.00183889

0.156348 0.00183889
0.156396 0.00183888

0.156396 0.00183888
0.156445 0.00183887

0.156445 0.00183887
0.156494 0.00183887

0.156494 0.00183887
0.156543 0.00183886

0.156543 0.00183886
0.156592 0.00183886

0.156592 0.00183886
0.156641 0.00183886

0.156641 0.00183886
0.156689 0.00183886

0.156689 0.00183886
0.156738 0.00183885

0.156738 0.00183885
0.156787 0.00183886

0.156787 0.00183886
0.156836 0.00183886

0.156836 0.00183886
0.156885 0.00183886

0.156885 0.00183886
0.156934 0.00183886

0.156934 0.00183886
0.156982 0.00183887

0.156982 0.00183887
0.157031 0.00183887

0.157031 0.00183887
0.15708 0.00183888

0.15708 0.00183888
0.157129 0.00183889

0.157129 0.00183889
0.157178 0.0018389

0.157178 0.0018389
0.157227 0.00183891

0.157227 0.00183891
0.157275 0.00183892

0.157275 0.00183892
0.157324 0.00183893

0.157324 0.00183893
0.157373 0.00183894

0.157373 0.00183894
0.157422 0.00183895

0.157422 0.00183895
0.157471 0.00183896

0.157471 0.00183896
0.15752 0.00183897

0.15752 0.00183897
0.157568 0.00183898

0.157568 0.00183898
0.157617 0.00183899

0.157617 0.00183899
0.157666 0.00183901

0.157666 0.00183901
0.157715 0.00183902

0.157715 0.00183902
0.157764 0.00183903

0.157764 0.00183903
0.157813 0.00183904

0.157812 0.00183904
0.157861 0.00183906

0.157861 0.00183906
0.15791 0.00183907

0.15791 0.00183907
0.157959 0.00183908

0.157959 0.00183908
0.158008 0.00183909

0.158008 0.00183909
0.158057 0.0018391

0.158057 0.0018391
0.158105 0.00183911

0.158105 0.00183911
0.158154 0.00183912

0.158154 0.00183912
0.158203 0.00183913

0.158203 0.00183913
0.158252 0.00183914

0.158252 0.00183914
0.158301 0.00183915

0.158301 0.00183915
0.15835 0.00183915

0.15835 0.00183915
0.158398 0.00183916

0.158398 0.00183916
0.158447 0.00183916

0.158447 0.00183916
0.158496 0.00183917

0.158496 0.00183917
0.158545 0.00183917

0.158545 0.00183917
0.158594 0.00183917

0.158594 0.00183917
0.158643 0.00183917

0.158643 0.00183917
0.158691 0.00183917

0.158691 0.00183917
0.15874 0.00183916

0.15874 0.00183916
0.158789 0.00183915

0.158789 0.00183915
0.158838 0.00183915

0.158838 0.00183915
0.158887 0.00183914

0.158887 0.00183914
0.158936 0.00183912

0.158936 0.00183912
0.158984 0.00183911

0.158984 0.00183911
0.159033 0.00183909

0.159033 0.00183909
0.159082 0.00183907

0.159082 0.00183907
0.159131 0.00183905

0.159131 0.00183905
0.15918 0.00183903

0.15918 0.00183903
0.159229 0.001839

0.159229 0.001839
0.159277 0.00183897

0.159277 0.00183897
0.159326 0.00183894

0.159326 0.00183894
0.159375 0.0018389

0.159375 0.0018389
0.159424 0.00183886

0.159424 0.00183886
0.159473 0.00183882

0.159473 0.00183882
0.159521 0.00183877

0.159521 0.00183877
0.15957 0.00183872

0.15957 0.00183872
0.159619 0.00183867

0.159619 0.00183867
0.159668 0.00183861

0.159668 0.00183861
0.159717 0.00183855

0.159717 0.00183855
0.159766 0.00183849

0.159766 0.00183849
0.159814 0.00183842

0.159814 0.00183842
0.159863 0.00183835

0.159863 0.00183835
0.159912 0.00183827

0.159912 0.00183827
0.159961 0.00183819

0.159961 0.00183819
0.16001 0.0018381

0.16001 0.0018381
0.160059 0.00183801

0.160059 0.00183801
0.160107 0.00183791

0.160107 0.00183791
0.160156 0.00183781

0.160156 0.00183781
0.160205 0.00183771

0.160205 0.00183771
0.160254 0.0018376

0.160254 0.0018376
0.160303 0.00183748

0.160303 0.00183748
0.160352 0.00183736

0.160352 0.00183736
0.1604 0.00183723

0.1604 0.00183723
0.160449 0.0018371

0.160449 0.0018371
0.160498 0.00183696

0.160498 0.00183696
0.160547 0.00183682

0.160547 0.00183682
0.160596 0.00183667

0.160596 0.00183667
0.160645 0.00183651

0.160645 0.00183651
0.160693 0.00183635

0.160693 0.00183635
0.160742 0.00183618

0.160742 0.00183618
0.160791 0.00183601

0.160791 0.00183601
0.16084 0.00183582

0.16084 0.00183582
0.160889 0.00183564

0.160889 0.00183564
0.160938 0.00183544

0.160938 0.00183544
0.160986 0.00183524

0.160986 0.00183524
0.161035 0.00183503

0.161035 0.00183503
0.161084 0.00183482

0.161084 0.00183482
0.161133 0.00183459

0.161133 0.00183459
0.161182 0.00183436

0.161182 0.00183436
0.16123 0.00183413

0.16123 0.00183413
0.161279 0.00183388

0.161279 0.00183388
0.161328 0.00183363

0.161328 0.00183363
0.161377 0.00183337

0.161377 0.00183337
0.161426 0.0018331

0.161426 0.0018331
0.161475 0.00183282

0.161475 0.00183282
0.161523 0.00183253

0.161523 0.00183253
0.161572 0.00183223

0.161572 0.00183223
0.161621 0.00183193

0.161621 0.00183193
0.16167 0.00183162

0.16167 0.00183162
0.161719 0.00183129

0.161719 0.00183129
0.161768 0.00183096

0.161768 0.00183096
0.161816 0.00183062

0.161816 0.00183062
0.161865 0.00183027

0.161865 0.00183027
0.161914 0.00182991

0.161914 0.00182991
0.161963 0.00182954

0.161963 0.00182954
0.162012 0.00182916

0.162012 0.00182916
0.162061 0.00182877

0.162061 0.00182877
0.162109 0.00182836

0.162109 0.00182836
0.162158 0.00182795

0.162158 0.00182795
0.162207 0.00182752

0.162207 0.00182752
0.162256 0.00182708

0.162256 0.00182708
0.162305 0.00182663

0.162305 0.00182663
0.162354 0.00182617

0.162354 0.00182617
0.162402 0.00182569

0.162402 0.00182569
0.162451 0.0018252

0.162451 0.0018252
0.1625 0.0018247

0.1625 0.0018247
0.162549 0.00182418

0.162549 0.00182418
0.162598 0.00182365

0.162598 0.00182365
0.162646 0.00182311

0.162646 0.00182311
0.162695 0.00182255

0.162695 0.00182255
0.162744 0.00182197

0.162744 0.00182197
0.162793 0.00182138

0.162793 0.00182138
0.162842 0.00182077

0.162842 0.00182077
0.162891 0.00182015

0.162891 0.00182015
0.162939 0.0018195

0.162939 0.0018195
0.162988 0.00181885

0.162988 0.00181885
0.163037 0.00181817

0.163037 0.00181817
0.163086 0.00181748

0.163086 0.00181748
0.163135 0.00181676

0.163135 0.00181676
0.163184 0.00181603

0.163184 0.00181603
0.163232 0.00181528

0.163232 0.00181528
0.163281 0.0018145

0.163281 0.0018145
0.16333 0.00181371

0.16333 0.00181371
0.163379 0.00181289

0.163379 0.00181289
0.163428 0.00181204

0.163428 0.00181204
0.163477 0.00181117

0.163477 0.00181117
0.163525 0.00181028

0.163525 0.00181027
0.163574 0.00180936

0.16361 0
0.163612 4.88281e-05

0.163612 4.88281e-05
0.163617 9.76563e-05

0.163617 9.76563e-05
0.163623 0.000135185

0.163574 0.00180936
0.163623 0.00180844

0.163623 0.000134835
0.163625 0.000146484

0.163625 0.000146484
0.163636 0.000195313

0.163636 0.000195313
0.163651 0.000244141

0.163651 0.000244141
0.16367 0.000292969

0.16367 0.000292969
0.163672 0.000297743

0.163623 0.00180844
0.163672 0.00180753

0.163672 0.000297815
0.163693 0.000341797

0.163692 0.000341797
0.163721 0.000390345

0.163721 0.00180662
0.16372 0.00180664

0.163672 0.00180755
0.16372 0.00180664

0.163721 0.000390516
0.163721 0.000390625

0.163721 0.000390625
0.163755 0.000439453

0.163755 0.000439453
0.16377 0.000457844

0.163721 0.00180662
0.16377 0.00180561

0.16377 0.000457493
0.163795 0.000488281

0.163794 0.000488281
0.163818 0.000513641

0.16377 0.00180561
0.163818 0.00180454

0.163818 0.000513151
0.163844 0.000537109

0.163843 0.000537109
0.163867 0.000557491

0.163818 0.00180453
0.163867 0.00180342

0.163867 0.000557153
0.163906 0.000585938

0.163905 0.000585937
0.163916 0.000593773

0.163867 0.00180342
0.163916 0.00180228

0.163916 0.00059365
0.163965 0.000624267

0.163916 0.00180228
0.163965 0.00180111

0.163965 0.000624057
0.163986 0.000634766

0.163985 0.000634766
0.164014 0.000649369

0.163965 0.00180111
0.164014 0.00179992

0.164014 0.000648685
0.164063 0.000668805

0.164014 0.00179992
0.164063 0.0017987

0.164062 0.00066898
0.164107 0.000683594

0.164107 0.000683594
0.164111 0.000684979

0.164062 0.0017987
0.164111 0.00179744

0.164111 0.000684845
0.16416 0.000696717

0.164111 0.00179744
0.16416 0.00179615

0.16416 0.000696611
0.164209 0.000704854

0.16416 0.00179615
0.164209 0.00179483

0.164209 0.00070483
0.164258 0.000709703

0.164209 0.00179483
0.164258 0.00179347

0.164258 0.000709687
0.164307 0.000711272

0.164258 0.00179347
0.164307 0.00179208

0.164307 0.000711281
0.164355 0.000709592

0.164307 0.00179208
0.164355 0.00179065

0.164355 0.000709609
0.164404 0.000704595

0.164355 0.00179065
0.164404 0.00178918

0.164404 0.000704615
0.164453 0.000696201

0.164404 0.00178918
0.164453 0.00178767

0.164453 0.000696301
0.164502 0.000684248

0.164453 0.00178767
0.164502 0.00178611

0.164551 0.000668228
0.164504 0.000683594

0.164502 0.000684067
0.164503 0.000683594

0.164502 0.00178611
0.164551 0.00178452

0.164551 0.000667977
0.1646 0.000647859

0.164551 0.00178452
0.1646 0.00178289

0.164648 0.000623838
0.164627 0.000634766

0.1646 0.00064832
0.164626 0.000634766

0.1646 0.00178289
0.164648 0.00178121

0.164648 0.000623163
0.164697 0.000593914

0.164648 0.00178121
0.164697 0.0017795

0.164746 0.000560695
0.16471 0.000585938

0.164697 0.000593469
0.164709 0.000585937

0.164697 0.0017795
0.164746 0.00177773

0.164795 0.00051858
0.164774 0.000537109

0.164746 0.000559849
0.164774 0.000537109

0.164746 0.00177773
0.164795 0.00177591

0.164844 0.000467846
0.164825 0.000488281

0.164795 0.000518298
0.164825 0.000488281

0.164795 0.00177591
0.164844 0.00177405

0.164893 0.000405057
0.164868 0.000439453

0.164844 0.000468407
0.164868 0.000439453

0.164844 0.00177405
0.164893 0.00177213

0.164941 0.000323803
0.164932 0.000341797

0.164932 0.000341797
0.164902 0.000390625

0.164893 0.000405401
0.164903 0.000390625

0.164893 0.00177213
0.164941 0.00177015

0.16499 0.000202537
0.164977 0.000244141

0.164977 0.000244141
0.164957 0.000292969

0.164941 0.000323847
0.164957 0.000292969

0.164941 0.00177015
0.16499 0.00176813

0.16502 0
0.165018 4.88281e-05

0.165018 4.88281e-05
0.165013 9.76563e-05

0.165013 9.76563e-05
0.165005 0.000146484

0.165005 0.000146484
0.164993 0.000195313

0.16499 0.000202242
0.164993 0.000195313

0.16499 0.00176813
0.165039 0.00176604

0.165039 0.00176604
0.165088 0.00176391

0.165088 0.00176391
0.165137 0.00176174

0.165137 0.00176175
0.165186 0.00175954

0.165234 0.00175724
0.165222 0.00175781

0.165186 0.00175956
0.165222 0.00175781

0.165234 0.00175723
0.165283 0.00175478

0.165283 0.00175477
0.165332 0.00175223

0.165332 0.00175223
0.165381 0.00174961

0.165381 0.00174961
0.16543 0.00174693

0.16543 0.00174693
0.165479 0.00174417

0.165479 0.00174417
0.165527 0.00174134

0.165527 0.00174134
0.165576 0.00173843

0.165576 0.00173843
0.165625 0.00173546

0.165625 0.00173546
0.165674 0.00173241

0.165674 0.00173241
0.165723 0.00172929

0.165723 0.00172929
0.165771 0.00172608

0.165771 0.00172608
0.16582 0.00172279

0.16582 0.00172279
0.165869 0.00171942

0.165869 0.00171941
0.165918 0.00171598

0.165918 0.00171598
0.165967 0.00171251

0.166016 0.00170893
0.166015 0.00170898

0.165967 0.00171257
0.166015 0.00170898

0.166016 0.00170891
0.166064 0.00170505

0.166064 0.00170503
0.166113 0.00170103

0.166113 0.00170103
0.166162 0.00169693

0.166162 0.00169693
0.166211 0.00169274

0.166211 0.00169274
0.16626 0.00168844

0.16626 0.00168843
0.166309 0.00168404

0.166309 0.00168405
0.166357 0.00167957

0.166357 0.00167957
0.166406 0.00167501

0.166406 0.001675
0.166455 0.00167036

0.166455 0.00167035
0.166504 0.00166567

0.166504 0.00166574
0.166553 0.00166089

0.166602 0.00165572
0.16656 0.00166016

0.166553 0.00166091
0.16656 0.00166016

0.166602 0.0016557
0.16665 0.00165035

0.16665 0.00165034
0.166699 0.00164487

0.166699 0.00164486
0.166748 0.00163931

0.166748 0.00163931
0.166797 0.00163368

0.166797 0.00163368
0.166846 0.00162798

0.166846 0.00162796
0.166895 0.00162221

0.166895 0.00162221
0.166943 0.00161643

0.166945 0
0.166946 4.88281e-05

0.166946 4.88281e-05
0.16695 9.76563e-05

0.16695 9.76563e-05
0.166958 0.000146484

0.166958 0.000146484
0.166969 0.000195313

0.166969 0.000195313
0.166983 0.000244141

0.166984 0.000244141
0.166992 0.000268003

0.166992 0.00161053
0.166986 0.00161133

0.166943 0.00161649
0.166986 0.00161133

0.166992 0.000278283
0.166997 0.000292969

0.166998 0.000292969
0.167018 0.000341797

0.16702 0.000341797
0.167041 0.000386148

0.166992 0.00161044
0.167041 0.00160446

0.167041 0.000387904
0.167042 0.000390625

0.167042 0.000390625
0.167069 0.000439453

0.167071 0.000439453
0.16709 0.000470261

0.167041 0.00160435
0.16709 0.00159879

0.16709 0.000474695
0.167098 0.000488281

0.1671 0.000488281
0.167133 0.000537109

0.167134 0.000537109
0.167139 0.000543319

0.16709 0.00159868
0.167139 0.00159401

0.167139 0.000544763
0.167169 0.000585938

0.167172 0.000585937
0.167188 0.000606203

0.167139 0.00159395
0.167188 0.00159055

0.167188 0.000609976
0.167207 0.000634766

0.167209 0.000634766
0.167236 0.000668971

0.167188 0.00159069
0.167236 0.00158842

0.167236 0.000671417
0.167246 0.000683594

0.167248 0.000683594
0.167285 0.000732422

0.167285 0.000732422
0.167285 0.000732879

0.167236 0.00158932
0.167285 0.00158609

0.167285 0.000733578
0.167319 0.00078125

0.167321 0.00078125
0.167334 0.000801775

0.167285 0.00158632
0.167334 0.00157988

0.167334 0.000804749
0.16735 0.000830078

0.167351 0.000830078
0.167377 0.000878906

0.167378 0.000878906
0.167383 0.000891637

0.167334 0.00158384
0.167383 0.00156581

0.167383 0.000893521
0.167397 0.000927734

0.167397 0.000927734
0.167412 0.000976562

0.167411 0.000976563
0.167422 0.00102539

0.167422 0.00102539
0.167428 0.00107422

0.167428 0.00107422
0.167432 0.00112305

0.167431 0.00112305
0.167432 0.00113527

0.167432 0.00126392
0.167431 0.00126953

0.167431 0.00126953
0.167426 0.00131836

0.167426 0.00131836
0.167418 0.00136719

0.167415 0.00136719
0.16741 0.00141602

0.167409 0.00141602
0.167412 0.00146484

0.167418 0.00146484
0.167421 0.00151367

0.167432 0.00151672
0.167398 0.0015625

0.167383 0.00156822
0.167392 0.0015625

0.167432 0.0011363
0.167433 0.00117187

0.167432 0.00117188
0.167432 0.0012207

0.167432 0.00126321
0.167433 0.0012207

0.167432 0.00139815
0.167435 0.00136719

0.167432 0.0014606
0.167432 0.00146484

0.167432 0.00149942
0.167433 0.00151367

0.167432 0.00153065
0.167438 0.00151367

0.16748 0.00141905
0.167483 0.00141602

0.167773 0.000727145
0.167768 0.000732422

0.167769 0.000732422
0.167772 0.00078125

0.167773 0.000727919
0.167822 0.000731327

0.167773 0.000780406
0.167821 0.000732422

0.170313 0.00126948
0.170361 0.00126948

0.170313 0.00126955
0.170361 0.00126955

0.177263 0
0.177263 4.88281e-05

0.177263 4.88281e-05
0.177264 9.76563e-05

0.177264 9.76563e-05
0.177265 0.000146484

0.177265 0.000146484
0.177266 0.000195313

0.177266 0.000195313
0.177268 0.000244141

0.177268 0.000244141
0.17727 0.000292969

0.17727 0.000292969
0.177272 0.000341797

0.177272 0.000341797
0.177274 0.000390625

0.177274 0.000390625
0.177277 0.000439453

0.177277 0.000439453
0.177281 0.000488281

0.177281 0.000488281
0.177284 0.000537109

0.177284 0.000537109
0.177288 0.000585938

0.177288 0.000585937
0.177292 0.000634766

0.177292 0.000634766
0.177295 0.000662604

0.177295 0.000662802
0.177297 0.000683594

0.177297 0.000683594
0.177302 0.000732422

0.177302 0.000732422
0.177307 0.00078125

0.177307 0.00078125
0.177313 0.000830078

0.177313 0.000830078
0.177319 0.000878906

0.177319 0.000878906
0.177326 0.000927734

0.177326 0.000927734
0.177333 0.000976562

0.177333 0.000976563
0.177341 0.00102539

0.177341 0.00102539
0.177344 0.00103856

0.177344 0.00103901
0.17735 0.00107422

0.17735 0.00107422
0.17736 0.00112305

0.17736 0.00112305
0.177372 0.00117187

0.177372 0.00117188
0.177385 0.0012207

0.177385 0.0012207
0.177393 0.00124606

0.177393 0.00124652
0.1774 0.00126953

0.1774 0.00126953
0.177417 0.00131836

0.177417 0.00131836
0.177437 0.00136719

0.177437 0.00136719
0.177441 0.00137544

0.177441 0.00137599
0.177461 0.00141602

0.177461 0.00141602
0.17749 0.00146484

0.17749 0.00146484
0.17749 0.00146507

0.17749 0.001466
0.177524 0.00151367

0.177525 0.00151367
0.177539 0.00153121

0.177539 0.00153116
0.177567 0.0015625

0.177568 0.0015625
0.177588 0.00158242

0.177588 0.0015832
0.177621 0.00161133

0.177622 0.00161133
0.177637 0.00162314

0.177637 0.0016235
0.177686 0.00165701

0.177686 0.001657
0.177691 0.00166016

0.177692 0.00166016
0.177734 0.00168449

0.177734 0.00168419
0.177783 0.001708

0.177783 0.00170789
0.177786 0.00170898

0.177786 0.00170898
0.177832 0.00172845

0.177832 0.00172815
0.177881 0.00174608

0.177881 0.00174599
0.177917 0.00175781

0.177916 0.00175781
0.17793 0.00176217

0.17793 0.00176216
0.177979 0.00177652

0.177979 0.00177634
0.178027 0.00178923

0.178027 0.00178912
0.178076 0.00180113

0.178076 0.0018011
0.1781 0.00180664

0.1781 0.00180664
0.178125 0.0018125

0.178125 0.00181242
0.178174 0.00182276

0.178174 0.00182265
0.178223 0.00183233

0.178223 0.0018323
0.178271 0.00184159

0.178271 0.00184155
0.17832 0.0018506

0.17832 0.00185058
0.178347 0.00185547

0.178347 0.00185547
0.178369 0.00185953

0.178369 0.00185947
0.178418 0.00186801

0.178418 0.00186794
0.178467 0.00187629

0.178467 0.00187627
0.178516 0.0018846

0.178516 0.0018846
0.178564 0.00189293

0.178564 0.00189291
0.178613 0.00190128

0.178613 0.00190127
0.178631 0.0019043

0.178631 0.0019043
0.178662 0.00190974

0.178662 0.00190971
0.178711 0.00191821

0.178711 0.0019182
0.17876 0.00192682

0.17876 0.00192682
0.178809 0.0019356

0.178809 0.00193561
0.178857 0.00194452

0.178857 0.00194453
0.178904 0.00195312

0.178904 0.00195312
0.178906 0.00195351

0.178906 0.00195351
0.178955 0.00196274

0.178955 0.00196275
0.179004 0.00197222

0.179004 0.00197223
0.179053 0.00198188

0.179053 0.00198189
0.179102 0.0019917

0.179102 0.00199173
0.17915 0.00200165

0.17915 0.00200166
0.179152 0.00200195

0.179152 0.00200195
0.179199 0.00201171

0.179199 0.00201174
0.179248 0.00202214

0.179248 0.00202215
0.179297 0.00203272

0.179297 0.00203274
0.179346 0.00204342

0.179346 0.00204343
0.179379 0.00205078

0.179379 0.00205078
0.179395 0.00205417

0.179395 0.00205418
0.179443 0.00206515

0.179443 0.00206517
0.179492 0.00207631

0.179492 0.00207632
0.179541 0.00208755

0.179541 0.00208754
0.17959 0.00209887

0.17959 0.00209887
0.179593 0.00209961

0.179593 0.00209961
0.179639 0.0021103

0.179639 0.0021103
0.179688 0.00212181

0.179688 0.00212182
0.179736 0.0021334

0.179736 0.00213337
0.179785 0.00214507

0.179785 0.00214507
0.179799 0.00214844

0.179799 0.00214844
0.179834 0.00215693

0.179834 0.0021569
0.179883 0.0021687

0.179883 0.00216869
0.179932 0.00218053

0.179932 0.00218048
0.17998 0.00219248

0.17998 0.00219246
0.18 0.00219727

0.179999 0.00219727
0.180029 0.00220471

0.180029 0.00220466
0.180078 0.00221673

0.180078 0.0022167
0.180127 0.00222877

0.180127 0.00222871
0.180176 0.00224097

0.180176 0.00224096
0.180196 0.00224609

0.180195 0.00224609
0.180225 0.00225353

0.180225 0.00225347
0.180273 0.00226579

0.180273 0.00226574
0.180322 0.00227804

0.180322 0.00227797
0.180371 0.00229049

0.180371 0.00229049
0.180388 0.00229492

0.180387 0.00229492
0.18042 0.00230331

0.18042 0.00230324
0.180469 0.00231572

0.180469 0.00231566
0.180518 0.00232811

0.180518 0.00232804
0.180566 0.00234072

0.180566 0.00234074
0.180578 0.00234375

0.180577 0.00234375
0.180615 0.00235366

0.180615 0.00235357
0.180664 0.00236605

0.180664 0.00236599
0.180713 0.00237842

0.180713 0.00237837
0.180762 0.00239098

0.180762 0.00239103
0.180768 0.00239258

0.180767 0.00239258
0.180811 0.00240372

0.180811 0.00240362
0.180859 0.00241578

0.180859 0.00241574
0.180908 0.00242781

0.180908 0.00242777
0.180957 0.00243991

0.180957 0.00243996
0.180963 0.00244141

0.180962 0.00244141
0.181006 0.00245202

0.181006 0.00245192
0.181055 0.00246334

0.181055 0.00246332
0.181104 0.00247449

0.181104 0.00247445
0.181152 0.00248551

0.181152 0.00248556
0.181174 0.00249023

0.181173 0.00249023
0.181201 0.00249647

0.181201 0.00249639
0.18125 0.00250653

0.18125 0.00250648
0.181299 0.00251612

0.181299 0.00251613
0.181348 0.00252536

0.181348 0.00252534
0.181396 0.00253419

0.181396 0.00253425
0.181425 0.00253906

0.181424 0.00253906
0.181445 0.00254264

0.181445 0.00254261
0.181494 0.00255019

0.181494 0.00255015
0.181543 0.00255704

0.181543 0.00255704
0.181592 0.00256333

0.181592 0.00256334
0.181641 0.00256898

0.181641 0.00256899
0.181689 0.00257396

0.181689 0.00257396
0.181738 0.00257825

0.181738 0.00257825
0.181787 0.00258188

0.181787 0.00258188
0.181836 0.00258484

0.181836 0.00258484
0.181885 0.00258714

0.181885 0.00258722
0.181905 0.00258789

0.181909 0.00258789
0.181934 0.0025887

0.181934 0.00258874
0.181982 0.00258968

0.181982 0.00258968
0.182031 0.00259003

0.182031 0.00259001
0.18208 0.0025898

0.18208 0.00258978
0.182129 0.00258907

0.182178 0.00258785
0.182176 0.00258789

0.182129 0.00258907
0.182178 0.00258791

0.182227 0.00258629
0.182178 0.00258789

0.182227 0.00258629
0.182275 0.00258421

0.182275 0.0025842
0.182324 0.00258171

0.182324 0.0025817
0.182373 0.00257886

0.182373 0.00257884
0.182422 0.00257568

0.182422 0.00257567
0.182471 0.00257224

0.182471 0.00257223
0.18252 0.00256856

0.18252 0.00256855
0.182568 0.00256469

0.182568 0.00256468
0.182617 0.00256068

0.182617 0.00256068
0.182666 0.00255654

0.182666 0.00255654
0.182715 0.00255229

0.182715 0.00255229
0.182764 0.00254794

0.182764 0.0025479
0.182813 0.00254355

0.182813 0.00254352
0.182861 0.0025393

0.18291 0.00253521
0.182865 0.00253906

0.182861 0.0025393
0.182864 0.00253906

0.18291 0.00253518
0.182959 0.00253094

0.182959 0.00253093
0.183008 0.00252671

0.183008 0.0025267
0.183057 0.00252254

0.183057 0.00252254
0.183105 0.00251846

0.183105 0.00251845
0.183154 0.00251447

0.183154 0.00251446
0.183203 0.00251059

0.183203 0.00251059
0.183252 0.00250684

0.183252 0.00250683
0.183301 0.00250321

0.183301 0.00250321
0.18335 0.00249973

0.18335 0.00249973
0.183398 0.0024964

0.183398 0.00249638
0.183447 0.00249325

0.183447 0.00249324
0.183496 0.00249039

0.183545 0.00248782
0.1835 0.00249023

0.183496 0.00249039
0.183499 0.00249023

0.183545 0.0024878
0.183594 0.00248534

0.183594 0.00248533
0.183643 0.00248309

0.183643 0.00248309
0.183691 0.00248109

0.183691 0.00248109
0.18374 0.00247934

0.18374 0.00247933
0.183789 0.00247784

0.183789 0.00247784
0.183838 0.00247661

0.183838 0.00247661
0.183887 0.00247566

0.183887 0.00247566
0.183936 0.002475

0.183936 0.00247499
0.183984 0.00247464

0.183984 0.00247463
0.184033 0.00247458

0.184033 0.00247458
0.184082 0.00247485

0.184082 0.00247485
0.184131 0.00247544

0.184131 0.00247544
0.18418 0.00247637

0.18418 0.00247637
0.184229 0.00247765

0.184229 0.00247764
0.184277 0.00247927

0.184277 0.00247927
0.184326 0.00248125

0.184326 0.00248126
0.184375 0.00248359

0.184375 0.0024836
0.184424 0.00248627

0.184424 0.00248621
0.184473 0.00248931

0.184473 0.00248928
0.184486 0.00249023

0.184484 0.00249023
0.184521 0.00249292

0.184521 0.00249288
0.18457 0.00249667

0.18457 0.00249665
0.184619 0.00250078

0.184619 0.00250078
0.184668 0.00250528

0.184668 0.00250529
0.184717 0.00251015

0.184717 0.00251015
0.184766 0.00251534

0.184766 0.00251535
0.184814 0.00252086

0.184814 0.00252087
0.184863 0.00252668

0.184863 0.00252667
0.184912 0.00253277

0.184912 0.00253273
0.18496 0.00253906

0.184958 0.00253906
0.184961 0.00253946

0.184961 0.00253937
0.18501 0.00254605

0.18501 0.00254599
0.185059 0.00255273

0.185059 0.00255273
0.185107 0.00255965

0.185107 0.00255966
0.185156 0.00256673

0.185156 0.00256675
0.185205 0.00257391

0.185205 0.00257389
0.185254 0.00258114

0.185254 0.00258113
0.185299 0.00258789

0.185298 0.00258789
0.185303 0.00258865

0.185303 0.0025886
0.185352 0.00259577

0.185352 0.00259571
0.1854 0.0026026

0.1854 0.0026026
0.185449 0.00260931

0.185449 0.00260933
0.185498 0.00261581

0.185498 0.00261583
0.185547 0.00262201

0.185547 0.00262201
0.185596 0.00262783

0.185596 0.00262783
0.185645 0.00263326

0.185645 0.00263333
0.185678 0.00263672

0.185678 0.00263672
0.185693 0.00263822

0.185693 0.00263825
0.185742 0.0026425

0.185742 0.00264248
0.185791 0.00264607

0.185791 0.00264608
0.18584 0.00264903

0.18584 0.00264905
0.185889 0.00265131

0.185889 0.00265132
0.185938 0.00265286

0.185938 0.00265286
0.185986 0.00265365

0.185986 0.00265365
0.186035 0.00265368

0.186035 0.00265368
0.186084 0.00265296

0.186084 0.00265296
0.186133 0.00265148

0.186133 0.00265148
0.186182 0.00264926

0.186182 0.00264926
0.18623 0.00264629

0.18623 0.00264625
0.186279 0.00264261

0.186279 0.00264253
0.186328 0.00263845

0.186377 0.00263402
0.186348 0.00263672

0.186328 0.0026385
0.186347 0.00263672

0.186377 0.00263402
0.186426 0.00262885

0.186426 0.00262881
0.186475 0.00262302

0.186475 0.002623
0.186523 0.00261672

0.186523 0.00261671
0.186572 0.00261

0.186572 0.00261001
0.186621 0.00260287

0.186621 0.00260278
0.18667 0.00259534

0.18667 0.00259526
0.186719 0.00258789

0.186768 0.00258051
0.18672 0.00258789

0.186768 0.00258044
0.186816 0.00257241

0.186816 0.00257237
0.186865 0.00256411

0.186865 0.00256413
0.186914 0.00255568

0.186914 0.0025556
0.186963 0.00254708

0.186963 0.00254699
0.18701 0.00253906

0.187012 0.00253897
0.187061 0.0025307

0.187061 0.00253061
0.187109 0.00252203

0.187109 0.002522
0.187158 0.00251335

0.187158 0.00251336
0.187207 0.00250465

0.187207 0.00250454
0.187256 0.00249597

0.187305 0.00248795
0.187291 0.00249023

0.187256 0.00249592
0.187289 0.00249023

0.187305 0.00248789
0.187354 0.0024796

0.187354 0.00247953
0.187402 0.00247109

0.187402 0.00247107
0.187451 0.00246265

0.187451 0.00246267
0.1875 0.00245426

0.1875 0.00245415
0.187549 0.00244595

0.187598 0.00243827
0.187578 0.00244141

0.187549 0.00244591
0.187577 0.00244141

0.187598 0.00243822
0.187646 0.00243031

0.187646 0.00243025
0.187695 0.00242226

0.187695 0.00242225
0.187744 0.00241432

0.187744 0.00241435
0.187793 0.00240646

0.187793 0.00240639
0.187842 0.00239864

0.187891 0.00239139
0.187883 0.00239258

0.187842 0.00239857
0.187881 0.00239258

0.187891 0.00239133
0.187939 0.00238399

0.187939 0.00238393
0.187988 0.0023765

0.187988 0.00237648
0.188037 0.0023691

0.188037 0.00236911
0.188086 0.00236181

0.188086 0.00236183
0.188135 0.00235457

0.188135 0.00235448
0.188184 0.0023474

0.188232 0.00234073
0.188211 0.00234375

0.188184 0.00234737
0.188209 0.00234375

0.188232 0.0023407
0.188281 0.00233388

0.188281 0.00233384
0.18833 0.00232698

0.18833 0.00232697
0.188379 0.00232018

0.188379 0.00232018
0.188428 0.00231347

0.188428 0.0023135
0.188477 0.00230681

0.188477 0.00230676
0.188525 0.00230016

0.188574 0.00229394
0.188567 0.00229492

0.188525 0.00230011
0.188565 0.00229492

0.188574 0.0022939
0.188623 0.00228763

0.188623 0.00228759
0.188672 0.00228125

0.188672 0.00228124
0.188721 0.00227494

0.188721 0.00227493
0.18877 0.0022687

0.18877 0.00226871
0.188818 0.00226254

0.188818 0.00226255
0.188867 0.00225638

0.188867 0.00225632
0.188916 0.00225025

0.188965 0.00224446
0.188951 0.00224609

0.188916 0.00225021
0.18895 0.00224609

0.188965 0.00224444
0.189014 0.00223859

0.189014 0.00223857
0.189063 0.00223267

0.189062 0.00223266
0.189111 0.00222678

0.189111 0.00222678
0.18916 0.00222097

0.18916 0.00222097
0.189209 0.00221521

0.189209 0.00221522
0.189258 0.00220946

0.189258 0.00220944
0.189307 0.0022037

0.189307 0.00220365
0.189355 0.00219806

0.189404 0.00219266
0.189363 0.00219727

0.189355 0.00219806
0.189363 0.00219727

0.189404 0.00219264
0.189453 0.00218711

0.189453 0.00218709
0.189502 0.00218155

0.189502 0.00218155
0.189551 0.00217605

0.189551 0.00217605
0.1896 0.00217059

0.1896 0.0021706
0.189648 0.00216519

0.189648 0.0021652
0.189697 0.00215979

0.189697 0.00215977
0.189746 0.00215439

0.189746 0.00215435
0.189795 0.0021491

0.189844 0.00214401
0.189802 0.00214844

0.189795 0.0021491
0.189801 0.00214844

0.189844 0.002144
0.189893 0.00213881

0.189893 0.0021388
0.189941 0.00213362

0.189941 0.00213362
0.18999 0.00212849

0.18999 0.00212849
0.190039 0.00212341

0.190039 0.00212342
0.190088 0.0021184

0.190088 0.00211841
0.190137 0.00211344

0.190137 0.00211344
0.190186 0.00210849

0.190186 0.00210847
0.190234 0.0021036

0.190283 0.00209892
0.190276 0.00209961

0.190234 0.00210357
0.190275 0.00209961

0.190283 0.0020989
0.190332 0.00209425

0.190332 0.00209423
0.190381 0.00208959

0.190381 0.00208959
0.19043 0.00208501

0.19043 0.00208501
0.190479 0.00208051

0.190479 0.00208051
0.190527 0.0020761

0.190527 0.0020761
0.190576 0.00207178

0.190576 0.00207178
0.190625 0.00206756

0.190625 0.00206756
0.190674 0.00206343

0.190674 0.00206343
0.190723 0.00205939

0.190723 0.00205939
0.190771 0.00205545

0.190771 0.00205542
0.19082 0.00205165

0.190869 0.00204806
0.190833 0.00205078

0.19082 0.00205165
0.190832 0.00205078

0.190869 0.00204805
0.190918 0.00204451

0.190918 0.0020445
0.190967 0.00204108

0.190967 0.00204108
0.191016 0.00203779

0.191016 0.00203779
0.191064 0.00203466

0.191064 0.00203466
0.191113 0.00203167

0.191113 0.00203167
0.191162 0.00202884

0.191162 0.00202884
0.191211 0.00202617

0.191211 0.00202617
0.19126 0.00202367

0.19126 0.00202367
0.191309 0.00202135

0.191309 0.00202135
0.191357 0.0020192

0.191357 0.0020192
0.191406 0.00201724

0.191406 0.00201723
0.191455 0.00201546

0.191455 0.00201546
0.191504 0.00201389

0.191504 0.00201389
0.191553 0.00201251

0.191553 0.00201251
0.191602 0.00201135

0.191602 0.00201135
0.19165 0.00201039

0.19165 0.00201039
0.191699 0.00200965

0.191699 0.00200965
0.191748 0.00200914

0.191748 0.00200913
0.191797 0.00200884

0.191797 0.00200884
0.191846 0.00200878

0.191846 0.00200878
0.191895 0.00200895

0.191895 0.00200895
0.191943 0.00200936

0.191943 0.00200935
0.191992 0.00201

0.191992 0.00201
0.192041 0.00201088

0.192041 0.00201088
0.19209 0.00201201

0.19209 0.00201201
0.192139 0.00201338

0.192139 0.00201338
0.192188 0.002015

0.192188 0.002015
0.192236 0.00201686

0.192236 0.00201686
0.192285 0.00201897

0.192285 0.00201897
0.192334 0.00202132

0.192334 0.00202132
0.192383 0.00202391

0.192383 0.00202391
0.192432 0.00202675

0.192432 0.00202675
0.19248 0.00202983

0.19248 0.00202983
0.192529 0.00203315

0.192529 0.00203315
0.192578 0.0020367

0.192578 0.0020367
0.192627 0.00204046

0.192627 0.00204046
0.192676 0.00204445

0.192676 0.00204444
0.192725 0.00204869

0.192725 0.00204868
0.192748 0.00205078

0.192747 0.00205078
0.192773 0.00205323

0.192773 0.00205321
0.192822 0.00205784

0.192822 0.00205783
0.192871 0.00206262

0.192871 0.00206262
0.19292 0.00206761

0.19292 0.00206761
0.192969 0.00207278

0.192969 0.00207278
0.193018 0.00207811

0.193018 0.00207812
0.193066 0.0020836

0.193066 0.0020836
0.193115 0.00208922

0.193115 0.00208921
0.193164 0.00209499

0.193164 0.00209498
0.193202 0.00209961

0.193201 0.00209961
0.193213 0.00210102

0.193213 0.00210099
0.193262 0.00210699

0.193262 0.00210696
0.193311 0.00211297

0.193311 0.00211297
0.193359 0.00211904

0.193359 0.00211905
0.193408 0.00212519

0.193408 0.00212519
0.193457 0.00213137

0.193457 0.00213137
0.193506 0.00213756

0.193506 0.00213754
0.193555 0.00214377

0.193555 0.00214377
0.193591 0.00214844

0.193591 0.00214844
0.193604 0.00215008

0.193604 0.00215006
0.193652 0.00215619

0.193652 0.00215616
0.193701 0.00216215

0.193701 0.00216215
0.19375 0.00216806

0.19375 0.00216807
0.193799 0.00217387

0.193799 0.00217388
0.193848 0.00217957

0.193848 0.00217957
0.193896 0.00218511

0.193896 0.0021851
0.193945 0.00219049

0.193945 0.0021905
0.193994 0.00219573

0.193994 0.00219575
0.194009 0.00219727

0.194009 0.00219727
0.194043 0.00220077

0.194043 0.00220076
0.194092 0.00220548

0.194092 0.00220547
0.194141 0.00220992

0.194141 0.00220993
0.194189 0.00221413

0.194189 0.00221414
0.194238 0.00221807

0.194238 0.00221808
0.194287 0.00222172

0.194287 0.00222172
0.194336 0.00222507

0.194336 0.00222507
0.194385 0.00222811

0.194385 0.00222811
0.194434 0.00223083

0.194434 0.00223083
0.194482 0.00223323

0.194482 0.00223323
0.194531 0.00223531

0.194531 0.00223531
0.19458 0.00223707

0.19458 0.00223707
0.194629 0.0022385

0.194629 0.0022385
0.194678 0.00223962

0.194678 0.00223962
0.194727 0.00224042

0.194727 0.00224041
0.194775 0.00224091

0.194775 0.0022409
0.194824 0.0022411

0.194824 0.0022411
0.194873 0.002241

0.194873 0.002241
0.194922 0.00224063

0.194922 0.00224062
0.194971 0.00223999

0.194971 0.00223999
0.19502 0.0022391

0.19502 0.0022391
0.195068 0.00223798

0.195068 0.00223797
0.195117 0.00223663

0.195117 0.00223663
0.195166 0.00223509

0.195166 0.00223508
0.195215 0.00223335

0.195215 0.00223335
0.195264 0.00223145

0.195264 0.00223144
0.195313 0.00222939

0.195312 0.00222938
0.195361 0.0022272

0.195361 0.00222719
0.19541 0.00222488

0.19541 0.00222488
0.195459 0.00222247

0.195459 0.00222246
0.195508 0.00221997

0.195508 0.00221997
0.195557 0.00221741

0.195557 0.00221741
0.195605 0.00221478

0.195605 0.00221478
0.195654 0.00221211

0.195654 0.00221211
0.195703 0.00220941

0.195703 0.00220941
0.195752 0.00220669

0.195752 0.00220669
0.195801 0.00220395

0.195801 0.00220394
0.19585 0.00220119

0.19585 0.00220118
0.195898 0.00219848

0.195947 0.00219586
0.195921 0.00219727

0.195898 0.00219847
0.195921 0.00219727

0.195947 0.00219585
0.195996 0.00219322

0.195996 0.00219321
0.196045 0.00219057

0.196045 0.00219057
0.196094 0.00218796

0.196094 0.00218796
0.196143 0.00218539

0.196143 0.00218539
0.196191 0.00218286

0.196191 0.00218286
0.19624 0.00218037

0.19624 0.00218037
0.196289 0.00217793

0.196289 0.00217793
0.196338 0.00217553

0.196338 0.00217553
0.196387 0.00217318

0.196387 0.00217317
0.196436 0.00217086

0.196436 0.00217087
0.196484 0.0021686

0.196484 0.0021686
0.196533 0.00216636

0.196533 0.00216636
0.196582 0.00216417

0.196582 0.00216417
0.196631 0.00216201

0.196631 0.00216201
0.19668 0.00215988

0.19668 0.00215989
0.196729 0.00215779

0.196729 0.00215779
0.196777 0.00215571

0.196777 0.00215572
0.196826 0.00215366

0.196826 0.00215366
0.196875 0.00215161

0.196875 0.00215161
0.196924 0.00214956

0.196973 0.00214751
0.19695 0.00214844

0.196924 0.00214956
0.196951 0.00214844

0.196973 0.00214751
0.197021 0.00214546

0.197021 0.00214547
0.19707 0.00214343

0.19707 0.00214343
0.197119 0.00214139

0.197119 0.00214139
0.197168 0.00213933

0.197168 0.00213933
0.197217 0.00213724

0.197217 0.00213724
0.197266 0.00213513

0.197266 0.00213513
0.197314 0.00213299

0.197314 0.00213299
0.197363 0.00213081

0.197363 0.00213081
0.197412 0.00212859

0.197412 0.00212859
0.197461 0.00212633

0.197461 0.00212633
0.19751 0.00212401

0.19751 0.00212402
0.197559 0.00212164

0.197559 0.00212164
0.197607 0.00211921

0.197607 0.00211921
0.197656 0.00211671

0.197656 0.00211671
0.197705 0.00211414

0.197705 0.00211414
0.197754 0.0021115

0.197754 0.0021115
0.197803 0.00210878

0.197803 0.00210878
0.197852 0.00210598

0.197852 0.00210599
0.1979 0.0021031

0.1979 0.00210311
0.197949 0.0021001

0.197998 0.00209697
0.197957 0.00209961

0.197949 0.0021001
0.197957 0.00209961

0.197998 0.00209697
0.198047 0.0020938

0.198047 0.00209381
0.198096 0.00209058

0.198096 0.00209058
0.198145 0.00208728

0.198145 0.00208728
0.198193 0.00208388

0.198193 0.00208388
0.198242 0.00208038

0.198242 0.00208038
0.198291 0.00207678

0.198291 0.00207678
0.19834 0.00207306

0.19834 0.00207307
0.198389 0.00206923

0.198389 0.00206923
0.198438 0.00206527

0.198438 0.00206527
0.198486 0.00206118

0.198486 0.00206118
0.198535 0.00205696

0.198535 0.00205698
0.198584 0.00205259

0.198633 0.00204801
0.198603 0.00205078

0.198584 0.0020526
0.198604 0.00205078

0.198633 0.00204801
0.198682 0.00204335

0.198682 0.00204335
0.19873 0.00203862

0.19873 0.00203862
0.198779 0.0020338

0.198779 0.0020338
0.198828 0.00202885

0.198828 0.00202886
0.198877 0.00202378

0.198877 0.00202378
0.198926 0.00201855

0.198926 0.00201855
0.198975 0.00201315

0.198975 0.00201315
0.199023 0.00200758

0.199072 0.0020018
0.199071 0.00200195

0.199023 0.00200761
0.199071 0.00200195

0.199072 0.00200176
0.199121 0.00199577

0.199121 0.00199576
0.19917 0.00198967

0.19917 0.00198968
0.199219 0.00198352

0.199219 0.00198353
0.199268 0.00197725

0.199268 0.00197726
0.199316 0.00197081

0.199316 0.00197081
0.199365 0.00196418

0.199365 0.0019642
0.199414 0.00195735

0.199463 0.00195022
0.199443 0.00195312

0.199414 0.00195737
0.199443 0.00195312

0.199463 0.0019502
0.199512 0.00194298

0.199512 0.001943
0.199561 0.00193573

0.199561 0.00193577
0.199609 0.00192833

0.199609 0.00192841
0.199658 0.00192055

0.199658 0.00192071
0.199707 0.00191198

0.199756 0.00190173
0.199744 0.0019043

0.199707 0.00191225
0.199744 0.0019043

0.199756 0.00190154
0.199805 0.00188951

0.199805 0.00188933
0.199854 0.00187657

0.199854 0.0018759
0.199902 0.00186408

0.199951 0.00185481
0.199947 0.00185547

0.199902 0.00186363
0.199949 0.00185547

0.199951 0.0018544
0.2 0.00185113

