0 0.000171829
4.88281e-05 0.000156562

0 0.00184723
4.88281e-05 0.00184657

9.76563e-05 9.52849e-05
9.66481e-05 9.76563e-05

9.76563e-05 0.000105689
6.24458e-05 0.000146484

4.88281e-05 0.000157937
6.49115e-05 0.000146484

4.88281e-05 0.0018463
9.76563e-05 0.00184487

0.000130262 0
0.000119711 4.88281e-05

9.76563e-05 8.67257e-05
0.000113768 4.88281e-05

9.76563e-05 0.000107322
0.000102919 9.76563e-05

9.76563e-05 0.00184477
0.000146484 0.00184332

0.000146484 0.0018433
0.000195313 0.00184207

0.000195313 0.00184207
0.000244141 0.00184108

0.000244141 0.0018411
0.000292969 0.00184031

0.000292969 0.00184032
0.000341797 0.00183968

0.000341797 0.00183969
0.000390625 0.00183917

0.000390625 0.00183918
0.000439453 0.00183872

0.000439453 0.00183872
0.000488281 0.0018383

0.000488281 0.0018383
0.000537109 0.0018379

0.000537109 0.0018379
0.000585938 0.0018375

0.000585937 0.0018375
0.000634766 0.00183711

0.000634766 0.0018371
0.000683594 0.00183672

0.000683594 0.00183672
0.000732422 0.00183637

0.000732422 0.00183637
0.00078125 0.00183606

0.00078125 0.00183606
0.000830078 0.00183579

0.000830078 0.00183579
0.000878906 0.00183555

0.000878906 0.00183556
0.000927734 0.00183534

0.000927734 0.00183534
0.000976562 0.00183513

0.000976563 0.00183513
0.00102539 0.00183493

0.00102539 0.00183493
0.00107422 0.00183472

0.00107422 0.00183472
0.00112305 0.00183452

0.00112305 0.00183452
0.00117187 0.00183432

0.00117188 0.00183432
0.0012207 0.00183412

0.0012207 0.00183412
0.00126953 0.00183394

0.00126953 0.00183394
0.00131836 0.00183375

0.00131836 0.00183375
0.00136719 0.00183357

0.00136719 0.00183357
0.00141602 0.0018334

0.00141602 0.0018334
0.00146484 0.00183322

0.00146484 0.00183322
0.00151367 0.00183306

0.00151367 0.00183306
0.0015625 0.00183289

0.0015625 0.00183289
0.00161133 0.00183273

0.00161133 0.00183273
0.00166016 0.00183258

0.00166016 0.00183258
0.00170898 0.00183242

0.00170898 0.00183242
0.00175781 0.00183227

0.00175781 0.00183227
0.00180664 0.00183213

0.00180664 0.00183213
0.00185547 0.00183198

0.00185547 0.00183198
0.0019043 0.00183185

0.0019043 0.00183185
0.00195312 0.00183171

0.00195312 0.00183171
0.00200195 0.00183158

0.00200195 0.00183158
0.00205078 0.00183145

0.00205078 0.00183145
0.00209961 0.00183132

0.00209961 0.00183132
0.00214844 0.00183119

0.00214844 0.00183119
0.00219727 0.00183107

0.00219727 0.00183107
0.00224609 0.00183095

0.00224609 0.00183095
0.00229492 0.00183083

0.00229492 0.00183083
0.00234375 0.00183073

0.00234375 0.00183073
0.00239258 0.00183062

0.00239258 0.00183062
0.00244141 0.00183052

0.00244141 0.00183052
0.00249023 0.00183043

0.00249023 0.00183043
0.00253906 0.00183034

0.00253906 0.00183034
0.00258789 0.00183025

0.00258789 0.00183025
0.00263672 0.00183016

0.00263672 0.00183016
0.00268555 0.00183008

0.00268555 0.00183008
0.00273438 0.00183001

0.00273438 0.00183001
0.0027832 0.00182994

0.0027832 0.00182994
0.00283203 0.00182987

0.00283203 0.00182987
0.00288086 0.00182981

0.00288086 0.00182981
0.00292969 0.00182975

0.00292969 0.00182975
0.00297852 0.0018297

0.00297852 0.0018297
0.00302734 0.00182966

0.00302734 0.00182966
0.00307617 0.00182962

0.00307617 0.00182962
0.003125 0.00182959

0.003125 0.00182959
0.00317383 0.00182957

0.00317383 0.00182957
0.00322266 0.00182956

0.00322266 0.00182956
0.00327148 0.00182956

0.00327148 0.00182956
0.00332031 0.00182957

0.00332031 0.00182957
0.00336914 0.00182958

0.00336914 0.00182958
0.00341797 0.0018296

0.00341797 0.0018296
0.0034668 0.00182963

0.0034668 0.00182963
0.00351563 0.00182965

0.00351563 0.00182965
0.00356445 0.00182968

0.00356445 0.00182968
0.00361328 0.00182971

0.00361328 0.00182971
0.00366211 0.00182973

0.00366211 0.00182973
0.00371094 0.00182976

0.00371094 0.00182976
0.00375977 0.00182979

0.00375977 0.00182979
0.00380859 0.00182982

0.00380859 0.00182982
0.00385742 0.00182986

0.00385742 0.00182986
0.00390625 0.00182989

0.00390625 0.00182989
0.00395508 0.00182993

0.00395508 0.00182993
0.00400391 0.00182997

0.00400391 0.00182997
0.00405273 0.00183

0.00405273 0.00183
0.00410156 0.00183004

0.00410156 0.00183004
0.00415039 0.00183007

0.00415039 0.00183007
0.00419922 0.0018301

0.00419922 0.0018301
0.00424805 0.00183013

0.00424805 0.00183013
0.00429688 0.00183015

0.00429687 0.00183015
0.0043457 0.00183017

0.0043457 0.00183017
0.00439453 0.00183018

0.00439453 0.00183018
0.00444336 0.00183019

0.00444336 0.00183019
0.00449219 0.00183019

0.00449219 0.00183019
0.00454102 0.00183019

0.00454102 0.00183019
0.00458984 0.00183018

0.00458984 0.00183018
0.00463867 0.00183017

0.00463867 0.00183017
0.0046875 0.00183015

0.0046875 0.00183015
0.00473633 0.00183012

0.00473633 0.00183012
0.00478516 0.00183009

0.00478516 0.00183009
0.00483398 0.00183005

0.00483398 0.00183005
0.00488281 0.00183

0.00488281 0.00183
0.00493164 0.00182995

0.00493164 0.00182995
0.00498047 0.00182989

0.00498047 0.00182989
0.0050293 0.00182982

0.0050293 0.00182982
0.00507813 0.00182975

0.00507813 0.00182975
0.00512695 0.00182967

0.00512695 0.00182967
0.00517578 0.00182959

0.00517578 0.00182959
0.00522461 0.0018295

0.00522461 0.0018295
0.00527344 0.00182941

0.00527344 0.00182941
0.00532227 0.0018293

0.00532227 0.0018293
0.00537109 0.0018292

0.00537109 0.0018292
0.00541992 0.00182908

0.00541992 0.00182908
0.00546875 0.00182897

0.00546875 0.00182897
0.00551758 0.00182884

0.00551758 0.00182884
0.00556641 0.00182872

0.00556641 0.00182872
0.00561523 0.00182859

0.00561523 0.00182859
0.00566406 0.00182845

0.00566406 0.00182845
0.00571289 0.00182831

0.00571289 0.00182831
0.00576172 0.00182817

0.00576172 0.00182817
0.00581055 0.00182802

0.00581055 0.00182802
0.00585938 0.00182787

0.00585938 0.00182787
0.0059082 0.00182772

0.0059082 0.00182772
0.00595703 0.00182756

0.00595703 0.00182756
0.00600586 0.0018274

0.00600586 0.0018274
0.00605469 0.00182725

0.00605469 0.00182725
0.00610352 0.00182709

0.00610352 0.00182709
0.00615234 0.00182693

0.00615234 0.00182693
0.00620117 0.00182676

0.00620117 0.00182676
0.00625 0.0018266

0.00625 0.0018266
0.00629883 0.00182644

0.00629883 0.00182644
0.00634766 0.00182628

0.00634766 0.00182628
0.00639648 0.00182612

0.00639648 0.00182612
0.00644531 0.00182596

0.00644531 0.00182596
0.00649414 0.0018258

0.00649414 0.0018258
0.00654297 0.00182565

0.00654297 0.00182565
0.0065918 0.0018255

0.0065918 0.0018255
0.00664063 0.00182536

0.00664062 0.00182536
0.00668945 0.00182522

0.00668945 0.00182522
0.00673828 0.0018251

0.00673828 0.0018251
0.00678711 0.00182499

0.00678711 0.00182499
0.00683594 0.00182489

0.00683594 0.00182489
0.00688477 0.0018248

0.00688477 0.0018248
0.00693359 0.00182472

0.00693359 0.00182472
0.00698242 0.00182466

0.00698242 0.00182466
0.00703125 0.00182461

0.00703125 0.00182461
0.00708008 0.00182457

0.00708008 0.00182457
0.00712891 0.00182454

0.00712891 0.00182454
0.00717773 0.00182451

0.00717773 0.00182451
0.00722656 0.00182449

0.00722656 0.00182449
0.00727539 0.00182446

0.00727539 0.00182446
0.00732422 0.00182444

0.00732422 0.00182444
0.00737305 0.00182441

0.00737305 0.00182441
0.00742188 0.00182437

0.00742187 0.00182437
0.0074707 0.00182433

0.0074707 0.00182433
0.00751953 0.00182428

0.00751953 0.00182428
0.00756836 0.00182423

0.00756836 0.00182423
0.00761719 0.00182417

0.00761719 0.00182417
0.00766602 0.00182411

0.00766602 0.00182411
0.00771484 0.00182404

0.00771484 0.00182404
0.00776367 0.00182398

0.00776367 0.00182398
0.0078125 0.00182393

0.0078125 0.00182393
0.00786133 0.00182388

0.00786133 0.00182388
0.00791016 0.00182385

0.00791016 0.00182385
0.00795898 0.00182382

0.00795898 0.00182382
0.00800781 0.0018238

0.00800781 0.0018238
0.00805664 0.00182379

0.00805664 0.00182379
0.00810547 0.00182378

0.00810547 0.00182378
0.0081543 0.00182378

0.0081543 0.00182378
0.00820313 0.00182377

0.00820313 0.00182377
0.00825195 0.00182376

0.00825195 0.00182376
0.00830078 0.00182374

0.00830078 0.00182374
0.00834961 0.00182371

0.00834961 0.00182371
0.00839844 0.00182368

0.00839844 0.00182368
0.00844727 0.00182365

0.00844727 0.00182365
0.00849609 0.00182361

0.00849609 0.00182361
0.00854492 0.00182356

0.00854492 0.00182356
0.00859375 0.00182352

0.00859375 0.00182352
0.00864258 0.00182347

0.00864258 0.00182347
0.00869141 0.00182343

0.00869141 0.00182343
0.00874023 0.00182338

0.00874023 0.00182338
0.00878906 0.00182334

0.00878906 0.00182334
0.00883789 0.00182329

0.00883789 0.00182329
0.00888672 0.00182324

0.00888672 0.00182324
0.00893555 0.00182319

0.00893555 0.00182319
0.00898438 0.00182314

0.00898437 0.00182314
0.0090332 0.00182309

0.0090332 0.00182309
0.00908203 0.00182304

0.00908203 0.00182304
0.00913086 0.00182299

0.00913086 0.00182299
0.00917969 0.00182294

0.00917969 0.00182294
0.00922852 0.00182289

0.00922852 0.00182289
0.00927734 0.00182285

0.00927734 0.00182285
0.00932617 0.0018228

0.00932617 0.0018228
0.009375 0.00182276

0.009375 0.00182276
0.00942383 0.00182273

0.00942383 0.00182273
0.00947266 0.00182269

0.00947266 0.00182269
0.00952148 0.00182267

0.00952148 0.00182267
0.00957031 0.00182265

0.00957031 0.00182265
0.00961914 0.00182263

0.00961914 0.00182263
0.00966797 0.00182262

0.00966797 0.00182262
0.0097168 0.00182262

0.0097168 0.00182262
0.00976563 0.00182262

0.00976562 0.00182262
0.00981445 0.00182263

0.00981445 0.00182263
0.00986328 0.00182265

0.00986328 0.00182265
0.00991211 0.00182267

0.00991211 0.00182267
0.00996094 0.00182269

0.00996094 0.00182269
0.0100098 0.00182272

0.0100098 0.00182272
0.0100586 0.00182274

0.0100586 0.00182274
0.0101074 0.00182278

0.0101074 0.00182278
0.0101563 0.00182281

0.0101563 0.00182281
0.0102051 0.00182285

0.0102051 0.00182285
0.0102539 0.00182289

0.0102539 0.00182289
0.0103027 0.00182293

0.0103027 0.00182293
0.0103516 0.00182298

0.0103516 0.00182298
0.0104004 0.00182303

0.0104004 0.00182303
0.0104492 0.00182309

0.0104492 0.00182309
0.010498 0.00182314

0.010498 0.00182314
0.0105469 0.0018232

0.0105469 0.0018232
0.0105957 0.00182327

0.0105957 0.00182327
0.0106445 0.00182333

0.0106445 0.00182333
0.0106934 0.0018234

0.0106934 0.0018234
0.0107422 0.00182347

0.0107422 0.00182347
0.010791 0.00182354

0.010791 0.00182354
0.0108398 0.00182361

0.0108398 0.00182361
0.0108887 0.00182369

0.0108887 0.00182369
0.0109375 0.00182376

0.0109375 0.00182376
0.0109863 0.00182383

0.0109863 0.00182383
0.0110352 0.0018239

0.0110352 0.0018239
0.011084 0.00182397

0.011084 0.00182397
0.0111328 0.00182404

0.0111328 0.00182404
0.0111816 0.0018241

0.0111816 0.0018241
0.0112305 0.00182416

0.0112305 0.00182416
0.0112793 0.00182422

0.0112793 0.00182422
0.0113281 0.00182427

0.0113281 0.00182427
0.011377 0.00182432

0.011377 0.00182432
0.0114258 0.00182437

0.0114258 0.00182437
0.0114746 0.0018244

0.0114746 0.0018244
0.0115234 0.00182444

0.0115234 0.00182444
0.0115723 0.00182447

0.0115723 0.00182447
0.0116211 0.00182449

0.0116211 0.00182449
0.0116699 0.00182451

0.0116699 0.00182451
0.0117188 0.00182453

0.0117188 0.00182453
0.0117676 0.00182454

0.0117676 0.00182454
0.0118164 0.00182454

0.0118164 0.00182454
0.0118652 0.00182454

0.0118652 0.00182454
0.0119141 0.00182453

0.0119141 0.00182453
0.0119629 0.00182452

0.0119629 0.00182452
0.0120117 0.0018245

0.0120117 0.0018245
0.0120605 0.00182448

0.0120605 0.00182448
0.0121094 0.00182445

0.0121094 0.00182445
0.0121582 0.00182441

0.0121582 0.00182441
0.012207 0.00182437

0.012207 0.00182437
0.0122559 0.00182432

0.0122559 0.00182432
0.0123047 0.00182427

0.0123047 0.00182427
0.0123535 0.00182421

0.0123535 0.00182421
0.0124023 0.00182415

0.0124023 0.00182415
0.0124512 0.00182408

0.0124512 0.00182408
0.0125 0.001824

0.0125 0.001824
0.0125488 0.00182393

0.0125488 0.00182393
0.0125977 0.00182384

0.0125977 0.00182384
0.0126465 0.00182375

0.0126465 0.00182375
0.0126953 0.00182366

0.0126953 0.00182366
0.0127441 0.00182357

0.0127441 0.00182357
0.012793 0.00182347

0.012793 0.00182347
0.0128418 0.00182336

0.0128418 0.00182336
0.0128906 0.00182326

0.0128906 0.00182326
0.0129395 0.00182315

0.0129395 0.00182315
0.0129883 0.00182303

0.0129883 0.00182303
0.0130371 0.00182292

0.0130371 0.00182292
0.0130859 0.0018228

0.0130859 0.0018228
0.0131348 0.00182268

0.0131348 0.00182268
0.0131836 0.00182256

0.0131836 0.00182256
0.0132324 0.00182243

0.0132324 0.00182243
0.0132813 0.00182231

0.0132812 0.00182231
0.0133301 0.00182218

0.0133301 0.00182218
0.0133789 0.00182205

0.0133789 0.00182205
0.0134277 0.00182192

0.0134277 0.00182192
0.0134766 0.00182179

0.0134766 0.00182179
0.0135254 0.00182166

0.0135254 0.00182166
0.0135742 0.00182153

0.0135742 0.00182153
0.013623 0.0018214

0.013623 0.0018214
0.0136719 0.00182127

0.0136719 0.00182127
0.0137207 0.00182114

0.0137207 0.00182114
0.0137695 0.00182101

0.0137695 0.00182101
0.0138184 0.00182088

0.0138184 0.00182088
0.0138672 0.00182075

0.0138672 0.00182075
0.013916 0.00182061

0.013916 0.00182061
0.0139648 0.00182049

0.0139648 0.00182049
0.0140137 0.00182036

0.0140137 0.00182036
0.0140625 0.00182023

0.0140625 0.00182023
0.0141113 0.0018201

0.0141113 0.0018201
0.0141602 0.00181997

0.0141602 0.00181997
0.014209 0.00181985

0.014209 0.00181985
0.0142578 0.00181972

0.0142578 0.00181972
0.0143066 0.0018196

0.0143066 0.0018196
0.0143555 0.00181948

0.0143555 0.00181948
0.0144043 0.00181935

0.0144043 0.00181935
0.0144531 0.00181924

0.0144531 0.00181924
0.014502 0.00181912

0.014502 0.00181912
0.0145508 0.001819

0.0145508 0.001819
0.0145996 0.00181889

0.0145996 0.00181889
0.0146484 0.00181878

0.0146484 0.00181878
0.0146973 0.00181868

0.0146973 0.00181868
0.0147461 0.00181857

0.0147461 0.00181857
0.0147949 0.00181848

0.0147949 0.00181848
0.0148438 0.00181838

0.0148438 0.00181838
0.0148926 0.0018183

0.0148926 0.0018183
0.0149414 0.00181821

0.0149414 0.00181821
0.0149902 0.00181814

0.0149902 0.00181814
0.0150391 0.00181807

0.0150391 0.00181807
0.0150879 0.001818

0.0150879 0.001818
0.0151367 0.00181794

0.0151367 0.00181794
0.0151855 0.0018179

0.0151855 0.0018179
0.0152344 0.00181785

0.0152344 0.00181785
0.0152832 0.00181782

0.0152832 0.00181782
0.015332 0.00181779

0.015332 0.00181779
0.0153809 0.00181778

0.0153809 0.00181778
0.0154297 0.00181777

0.0154297 0.00181777
0.0154785 0.00181776

0.0154785 0.00181776
0.0155273 0.00181777

0.0155273 0.00181777
0.0155762 0.00181778

0.0155762 0.00181778
0.015625 0.0018178

0.015625 0.0018178
0.0156738 0.00181783

0.0156738 0.00181783
0.0157227 0.00181786

0.0157227 0.00181786
0.0157715 0.0018179

0.0157715 0.0018179
0.0158203 0.00181795

0.0158203 0.00181795
0.0158691 0.001818

0.0158691 0.001818
0.015918 0.00181805

0.015918 0.00181805
0.0159668 0.00181811

0.0159668 0.00181811
0.0160156 0.00181817

0.0160156 0.00181817
0.0160645 0.00181824

0.0160645 0.00181824
0.0161133 0.0018183

0.0161133 0.0018183
0.0161621 0.00181837

0.0161621 0.00181837
0.0162109 0.00181845

0.0162109 0.00181845
0.0162598 0.00181853

0.0162598 0.00181853
0.0163086 0.00181861

0.0163086 0.00181861
0.0163574 0.00181869

0.0163574 0.00181869
0.0164063 0.00181878

0.0164063 0.00181878
0.0164551 0.00181887

0.0164551 0.00181887
0.0165039 0.00181897

0.0165039 0.00181896
0.0165527 0.00181907

0.0165527 0.00181907
0.0166016 0.00181918

0.0166016 0.00181918
0.0166504 0.00181929

0.0166504 0.00181929
0.0166992 0.00181942

0.0166992 0.00181942
0.016748 0.00181955

0.016748 0.00181955
0.0167969 0.00181969

0.0167969 0.00181969
0.0168457 0.00181984

0.0168457 0.00181984
0.0168945 0.00181999

0.0168945 0.00181999
0.0169434 0.00182016

0.0169434 0.00182016
0.0169922 0.00182034

0.0169922 0.00182034
0.017041 0.00182052

0.017041 0.00182052
0.0170898 0.00182071

0.0170898 0.00182071
0.0171387 0.00182091

0.0171387 0.00182091
0.0171875 0.00182112

0.0171875 0.00182112
0.0172363 0.00182133

0.0172363 0.00182133
0.0172852 0.00182155

0.0172852 0.00182155
0.017334 0.00182178

0.017334 0.00182178
0.0173828 0.00182201

0.0173828 0.00182201
0.0174316 0.00182224

0.0174316 0.00182224
0.0174805 0.00182248

0.0174805 0.00182248
0.0175293 0.00182272

0.0175293 0.00182272
0.0175781 0.00182297

0.0175781 0.00182297
0.017627 0.00182322

0.017627 0.00182322
0.0176758 0.00182348

0.0176758 0.00182348
0.0177246 0.00182373

0.0177246 0.00182373
0.0177734 0.001824

0.0177734 0.001824
0.0178223 0.00182426

0.0178223 0.00182426
0.0178711 0.00182453

0.0178711 0.00182453
0.0179199 0.0018248

0.0179199 0.0018248
0.0179687 0.00182507

0.0179688 0.00182507
0.0180176 0.00182535

0.0180176 0.00182535
0.0180664 0.00182562

0.0180664 0.00182562
0.0181152 0.0018259

0.0181152 0.0018259
0.0181641 0.00182618

0.0181641 0.00182618
0.0182129 0.00182646

0.0182129 0.00182646
0.0182617 0.00182673

0.0182617 0.00182673
0.0183105 0.00182701

0.0183105 0.00182701
0.0183594 0.00182729

0.0183594 0.00182729
0.0184082 0.00182756

0.0184082 0.00182757
0.018457 0.00182784

0.018457 0.00182784
0.0185059 0.00182811

0.0185059 0.00182811
0.0185547 0.00182838

0.0185547 0.00182838
0.0186035 0.00182865

0.0186035 0.00182865
0.0186523 0.00182891

0.0186523 0.00182891
0.0187012 0.00182917

0.0187012 0.00182917
0.01875 0.00182943

0.01875 0.00182943
0.0187988 0.00182968

0.0187988 0.00182968
0.0188477 0.00182993

0.0188477 0.00182993
0.0188965 0.00183018

0.0188965 0.00183018
0.0189453 0.00183042

0.0189453 0.00183042
0.0189941 0.00183065

0.0189941 0.00183065
0.019043 0.00183088

0.019043 0.00183088
0.0190918 0.0018311

0.0190918 0.0018311
0.0191406 0.00183132

0.0191406 0.00183132
0.0191895 0.00183153

0.0191895 0.00183153
0.0192383 0.00183174

0.0192383 0.00183174
0.0192871 0.00183194

0.0192871 0.00183194
0.0193359 0.00183213

0.0193359 0.00183213
0.0193848 0.00183232

0.0193848 0.00183232
0.0194336 0.0018325

0.0194336 0.0018325
0.0194824 0.00183267

0.0194824 0.00183267
0.0195312 0.00183284

0.0195313 0.00183284
0.0195801 0.001833

0.0195801 0.001833
0.0196289 0.00183315

0.0196289 0.00183315
0.0196777 0.0018333

0.0196777 0.0018333
0.0197266 0.00183344

0.0197266 0.00183344
0.0197754 0.00183357

0.0197754 0.00183357
0.0198242 0.0018337

0.0198242 0.0018337
0.019873 0.00183381

0.019873 0.00183381
0.0199219 0.00183392

0.0199219 0.00183392
0.0199707 0.00183403

0.0199707 0.00183403
0.0200195 0.00183412

0.0200195 0.00183412
0.0200684 0.00183421

0.0200684 0.00183421
0.0201172 0.0018343

0.0201172 0.0018343
0.020166 0.00183437

0.020166 0.00183437
0.0202148 0.00183444

0.0202148 0.00183444
0.0202637 0.0018345

0.0202637 0.0018345
0.0203125 0.00183456

0.0203125 0.00183456
0.0203613 0.00183461

0.0203613 0.00183461
0.0204102 0.00183465

0.0204102 0.00183465
0.020459 0.00183469

0.020459 0.00183469
0.0205078 0.00183472

0.0205078 0.00183472
0.0205566 0.00183475

0.0205566 0.00183475
0.0206055 0.00183477

0.0206055 0.00183477
0.0206543 0.00183478

0.0206543 0.00183478
0.0207031 0.00183479

0.0207031 0.00183479
0.020752 0.0018348

0.020752 0.0018348
0.0208008 0.00183479

0.0208008 0.00183479
0.0208496 0.00183479

0.0208496 0.00183479
0.0208984 0.00183478

0.0208984 0.00183478
0.0209473 0.00183476

0.0209473 0.00183476
0.0209961 0.00183474

0.0209961 0.00183474
0.0210449 0.00183472

0.0210449 0.00183472
0.0210938 0.00183469

0.0210938 0.00183469
0.0211426 0.00183466

0.0211426 0.00183466
0.0211914 0.00183462

0.0211914 0.00183462
0.0212402 0.00183458

0.0212402 0.00183458
0.0212891 0.00183454

0.0212891 0.00183454
0.0213379 0.00183449

0.0213379 0.00183449
0.0213867 0.00183444

0.0213867 0.00183444
0.0214355 0.00183439

0.0214355 0.00183439
0.0214844 0.00183433

0.0214844 0.00183433
0.0215332 0.00183427

0.0215332 0.00183427
0.021582 0.00183421

0.021582 0.00183421
0.0216309 0.00183415

0.0216309 0.00183415
0.0216797 0.00183408

0.0216797 0.00183408
0.0217285 0.00183402

0.0217285 0.00183402
0.0217773 0.00183395

0.0217773 0.00183395
0.0218262 0.00183388

0.0218262 0.00183388
0.021875 0.00183381

0.021875 0.00183381
0.0219238 0.00183373

0.0219238 0.00183373
0.0219727 0.00183366

0.0219727 0.00183366
0.0220215 0.00183359

0.0220215 0.00183359
0.0220703 0.00183351

0.0220703 0.00183351
0.0221191 0.00183344

0.0221191 0.00183344
0.022168 0.00183337

0.022168 0.00183337
0.0222168 0.00183329

0.0222168 0.00183329
0.0222656 0.00183322

0.0222656 0.00183322
0.0223145 0.00183315

0.0223145 0.00183315
0.0223633 0.00183308

0.0223633 0.00183308
0.0224121 0.00183302

0.0224121 0.00183302
0.0224609 0.00183295

0.0224609 0.00183295
0.0225098 0.00183289

0.0225098 0.00183289
0.0225586 0.00183283

0.0225586 0.00183283
0.0226074 0.00183277

0.0226074 0.00183277
0.0226562 0.00183272

0.0226563 0.00183272
0.0227051 0.00183267

0.0227051 0.00183267
0.0227539 0.00183262

0.0227539 0.00183262
0.0228027 0.00183258

0.0228027 0.00183258
0.0228516 0.00183254

0.0228516 0.00183254
0.0229004 0.0018325

0.0229004 0.0018325
0.0229492 0.00183247

0.0229492 0.00183247
0.022998 0.00183244

0.022998 0.00183244
0.0230469 0.00183242

0.0230469 0.00183242
0.0230957 0.0018324

0.0230957 0.0018324
0.0231445 0.00183239

0.0231445 0.00183239
0.0231934 0.00183238

0.0231934 0.00183238
0.0232422 0.00183237

0.0232422 0.00183237
0.023291 0.00183237

0.023291 0.00183237
0.0233398 0.00183238

0.0233398 0.00183238
0.0233887 0.00183239

0.0233887 0.00183239
0.0234375 0.0018324

0.0234375 0.0018324
0.0234863 0.00183242

0.0234863 0.00183242
0.0235352 0.00183244

0.0235352 0.00183244
0.023584 0.00183246

0.023584 0.00183246
0.0236328 0.00183249

0.0236328 0.00183249
0.0236816 0.00183252

0.0236816 0.00183252
0.0237305 0.00183256

0.0237305 0.00183256
0.0237793 0.00183259

0.0237793 0.00183259
0.0238281 0.00183264

0.0238281 0.00183264
0.023877 0.00183268

0.023877 0.00183268
0.0239258 0.00183272

0.0239258 0.00183272
0.0239746 0.00183277

0.0239746 0.00183277
0.0240234 0.00183282

0.0240234 0.00183282
0.0240723 0.00183286

0.0240723 0.00183286
0.0241211 0.00183291

0.0241211 0.00183291
0.0241699 0.00183296

0.0241699 0.00183296
0.0242188 0.00183301

0.0242188 0.00183301
0.0242676 0.00183305

0.0242676 0.00183305
0.0243164 0.0018331

0.0243164 0.0018331
0.0243652 0.00183314

0.0243652 0.00183314
0.0244141 0.00183318

0.0244141 0.00183318
0.0244629 0.00183322

0.0244629 0.00183322
0.0245117 0.00183325

0.0245117 0.00183325
0.0245605 0.00183329

0.0245605 0.00183329
0.0246094 0.00183331

0.0246094 0.00183331
0.0246582 0.00183334

0.0246582 0.00183334
0.024707 0.00183336

0.024707 0.00183336
0.0247559 0.00183338

0.0247559 0.00183338
0.0248047 0.00183339

0.0248047 0.00183339
0.0248535 0.0018334

0.0248535 0.0018334
0.0249023 0.0018334

0.0249023 0.0018334
0.0249512 0.00183341

0.0249512 0.00183341
0.025 0.0018334

0.025 0.0018334
0.0250488 0.0018334

0.0250488 0.0018334
0.0250977 0.00183339

0.0250977 0.00183339
0.0251465 0.00183338

0.0251465 0.00183338
0.0251953 0.00183337

0.0251953 0.00183337
0.0252441 0.00183335

0.0252441 0.00183335
0.025293 0.00183334

0.025293 0.00183334
0.0253418 0.00183332

0.0253418 0.00183332
0.0253906 0.0018333

0.0253906 0.0018333
0.0254395 0.00183327

0.0254395 0.00183327
0.0254883 0.00183325

0.0254883 0.00183325
0.0255371 0.00183323

0.0255371 0.00183323
0.0255859 0.0018332

0.0255859 0.0018332
0.0256348 0.00183318

0.0256348 0.00183318
0.0256836 0.00183315

0.0256836 0.00183315
0.0257324 0.00183313

0.0257324 0.00183313
0.0257812 0.0018331

0.0257813 0.0018331
0.0258301 0.00183308

0.0258301 0.00183308
0.0258789 0.00183305

0.0258789 0.00183305
0.0259277 0.00183303

0.0259277 0.00183303
0.0259766 0.001833

0.0259766 0.001833
0.0260254 0.00183298

0.0260254 0.00183298
0.0260742 0.00183296

0.0260742 0.00183296
0.026123 0.00183294

0.026123 0.00183294
0.0261719 0.00183292

0.0261719 0.00183292
0.0262207 0.0018329

0.0262207 0.0018329
0.0262695 0.00183288

0.0262695 0.00183288
0.0263184 0.00183286

0.0263184 0.00183286
0.0263672 0.00183285

0.0263672 0.00183285
0.026416 0.00183283

0.026416 0.00183283
0.0264648 0.00183282

0.0264648 0.00183282
0.0265137 0.00183281

0.0265137 0.00183281
0.0265625 0.0018328

0.0265625 0.0018328
0.0266113 0.00183279

0.0266113 0.00183279
0.0266602 0.00183278

0.0266602 0.00183278
0.026709 0.00183277

0.026709 0.00183277
0.0267578 0.00183277

0.0267578 0.00183277
0.0268066 0.00183276

0.0268066 0.00183276
0.0268555 0.00183275

0.0268555 0.00183275
0.0269043 0.00183275

0.0269043 0.00183275
0.0269531 0.00183274

0.0269531 0.00183274
0.027002 0.00183274

0.027002 0.00183274
0.0270508 0.00183273

0.0270508 0.00183273
0.0270996 0.00183272

0.0270996 0.00183272
0.0271484 0.00183272

0.0271484 0.00183272
0.0271973 0.00183271

0.0271973 0.00183271
0.0272461 0.00183271

0.0272461 0.00183271
0.0272949 0.0018327

0.0272949 0.0018327
0.0273438 0.0018327

0.0273438 0.0018327
0.0273926 0.00183269

0.0273926 0.00183269
0.0274414 0.00183269

0.0274414 0.00183269
0.0274902 0.00183268

0.0274902 0.00183268
0.0275391 0.00183268

0.0275391 0.00183268
0.0275879 0.00183268

0.0275879 0.00183268
0.0276367 0.00183267

0.0276367 0.00183267
0.0276855 0.00183267

0.0276855 0.00183267
0.0277344 0.00183267

0.0277344 0.00183267
0.0277832 0.00183268

0.0277832 0.00183268
0.027832 0.00183268

0.027832 0.00183268
0.0278809 0.00183269

0.0278809 0.00183269
0.0279297 0.00183269

0.0279297 0.00183269
0.0279785 0.0018327

0.0279785 0.0018327
0.0280273 0.00183271

0.0280273 0.00183271
0.0280762 0.00183273

0.0280762 0.00183273
0.028125 0.00183274

0.028125 0.00183274
0.0281738 0.00183276

0.0281738 0.00183276
0.0282227 0.00183278

0.0282227 0.00183278
0.0282715 0.0018328

0.0282715 0.0018328
0.0283203 0.00183282

0.0283203 0.00183282
0.0283691 0.00183285

0.0283691 0.00183285
0.028418 0.00183287

0.028418 0.00183287
0.0284668 0.0018329

0.0284668 0.0018329
0.0285156 0.00183293

0.0285156 0.00183293
0.0285645 0.00183296

0.0285645 0.00183296
0.0286133 0.001833

0.0286133 0.001833
0.0286621 0.00183303

0.0286621 0.00183303
0.0287109 0.00183307

0.0287109 0.00183307
0.0287598 0.00183311

0.0287598 0.00183311
0.0288086 0.00183315

0.0288086 0.00183315
0.0288574 0.0018332

0.0288574 0.0018332
0.0289063 0.00183324

0.0289063 0.00183324
0.0289551 0.00183329

0.0289551 0.00183329
0.0290039 0.00183334

0.0290039 0.00183334
0.0290527 0.00183339

0.0290527 0.00183339
0.0291016 0.00183345

0.0291016 0.00183345
0.0291504 0.0018335

0.0291504 0.0018335
0.0291992 0.00183356

0.0291992 0.00183356
0.029248 0.00183362

0.029248 0.00183362
0.0292969 0.00183369

0.0292969 0.00183369
0.0293457 0.00183375

0.0293457 0.00183375
0.0293945 0.00183382

0.0293945 0.00183382
0.0294434 0.00183389

0.0294434 0.00183389
0.0294922 0.00183397

0.0294922 0.00183397
0.029541 0.00183405

0.029541 0.00183405
0.0295898 0.00183412

0.0295898 0.00183412
0.0296387 0.00183421

0.0296387 0.00183421
0.0296875 0.00183429

0.0296875 0.00183429
0.0297363 0.00183438

0.0297363 0.00183438
0.0297852 0.00183446

0.0297852 0.00183446
0.029834 0.00183456

0.029834 0.00183456
0.0298828 0.00183465

0.0298828 0.00183465
0.0299316 0.00183474

0.0299316 0.00183474
0.0299805 0.00183484

0.0299805 0.00183484
0.0300293 0.00183494

0.0300293 0.00183494
0.0300781 0.00183505

0.0300781 0.00183505
0.030127 0.00183515

0.030127 0.00183515
0.0301758 0.00183526

0.0301758 0.00183526
0.0302246 0.00183537

0.0302246 0.00183537
0.0302734 0.00183548

0.0302734 0.00183548
0.0303223 0.0018356

0.0303223 0.0018356
0.0303711 0.00183571

0.0303711 0.00183571
0.0304199 0.00183583

0.0304199 0.00183583
0.0304687 0.00183595

0.0304688 0.00183595
0.0305176 0.00183608

0.0305176 0.00183608
0.0305664 0.0018362

0.0305664 0.0018362
0.0306152 0.00183633

0.0306152 0.00183633
0.0306641 0.00183646

0.0306641 0.00183646
0.0307129 0.00183659

0.0307129 0.00183659
0.0307617 0.00183672

0.0307617 0.00183672
0.0308105 0.00183686

0.0308105 0.00183686
0.0308594 0.001837

0.0308594 0.001837
0.0309082 0.00183713

0.0309082 0.00183713
0.030957 0.00183727

0.030957 0.00183727
0.0310059 0.00183741

0.0310059 0.00183741
0.0310547 0.00183756

0.0310547 0.00183756
0.0311035 0.0018377

0.0311035 0.0018377
0.0311523 0.00183785

0.0311523 0.00183785
0.0312012 0.00183799

0.0312012 0.00183799
0.03125 0.00183814

0.03125 0.00183814
0.0312988 0.00183829

0.0312988 0.00183829
0.0313477 0.00183844

0.0313477 0.00183844
0.0313965 0.00183859

0.0313965 0.00183859
0.0314453 0.00183874

0.0314453 0.00183874
0.0314941 0.00183889

0.0314941 0.00183889
0.031543 0.00183905

0.031543 0.00183905
0.0315918 0.0018392

0.0315918 0.0018392
0.0316406 0.00183935

0.0316406 0.00183935
0.0316895 0.00183951

0.0316895 0.00183951
0.0317383 0.00183966

0.0317383 0.00183966
0.0317871 0.00183982

0.0317871 0.00183982
0.0318359 0.00183997

0.0318359 0.00183997
0.0318848 0.00184012

0.0318848 0.00184012
0.0319336 0.00184028

0.0319336 0.00184028
0.0319824 0.00184043

0.0319824 0.00184043
0.0320312 0.00184058

0.0320313 0.00184058
0.0320801 0.00184073

0.0320801 0.00184073
0.0321289 0.00184089

0.0321289 0.00184089
0.0321777 0.00184104

0.0321777 0.00184104
0.0322266 0.00184119

0.0322266 0.00184119
0.0322754 0.00184133

0.0322754 0.00184133
0.0323242 0.00184148

0.0323242 0.00184148
0.032373 0.00184163

0.032373 0.00184163
0.0324219 0.00184177

0.0324219 0.00184177
0.0324707 0.00184191

0.0324707 0.00184191
0.0325195 0.00184205

0.0325195 0.00184205
0.0325684 0.00184219

0.0325684 0.00184219
0.0326172 0.00184233

0.0326172 0.00184233
0.032666 0.00184246

0.032666 0.00184246
0.0327148 0.0018426

0.0327148 0.0018426
0.0327637 0.00184272

0.0327637 0.00184272
0.0328125 0.00184285

0.0328125 0.00184285
0.0328613 0.00184297

0.0328613 0.00184297
0.0329102 0.0018431

0.0329102 0.0018431
0.032959 0.00184321

0.032959 0.00184321
0.0330078 0.00184333

0.0330078 0.00184333
0.0330566 0.00184344

0.0330566 0.00184344
0.0331055 0.00184355

0.0331055 0.00184355
0.0331543 0.00184365

0.0331543 0.00184365
0.0332031 0.00184375

0.0332031 0.00184375
0.033252 0.00184385

0.033252 0.00184385
0.0333008 0.00184394

0.0333008 0.00184394
0.0333496 0.00184403

0.0333496 0.00184403
0.0333984 0.00184411

0.0333984 0.00184411
0.0334473 0.00184419

0.0334473 0.00184419
0.0334961 0.00184427

0.0334961 0.00184427
0.0335449 0.00184434

0.0335449 0.00184434
0.0335937 0.00184441

0.0335938 0.00184441
0.0336426 0.00184447

0.0336426 0.00184447
0.0336914 0.00184452

0.0336914 0.00184452
0.0337402 0.00184458

0.0337402 0.00184458
0.0337891 0.00184462

0.0337891 0.00184462
0.0338379 0.00184466

0.0338379 0.00184466
0.0338867 0.0018447

0.0338867 0.0018447
0.0339355 0.00184473

0.0339355 0.00184473
0.0339844 0.00184476

0.0339844 0.00184476
0.0340332 0.00184478

0.0340332 0.00184478
0.034082 0.0018448

0.034082 0.0018448
0.0341309 0.00184481

0.0341309 0.00184481
0.0341797 0.00184482

0.0341797 0.00184482
0.0342285 0.00184482

0.0342285 0.00184482
0.0342773 0.00184482

0.0342773 0.00184482
0.0343262 0.00184481

0.0343262 0.00184481
0.034375 0.0018448

0.034375 0.0018448
0.0344238 0.00184478

0.0344238 0.00184478
0.0344727 0.00184475

0.0344727 0.00184475
0.0345215 0.00184472

0.0345215 0.00184472
0.0345703 0.00184469

0.0345703 0.00184469
0.0346191 0.00184465

0.0346191 0.00184465
0.034668 0.00184461

0.034668 0.00184461
0.0347168 0.00184456

0.0347168 0.00184456
0.0347656 0.00184451

0.0347656 0.00184451
0.0348145 0.00184446

0.0348145 0.00184446
0.0348633 0.0018444

0.0348633 0.0018444
0.0349121 0.00184433

0.0349121 0.00184433
0.0349609 0.00184426

0.0349609 0.00184426
0.0350098 0.00184419

0.0350098 0.00184419
0.0350586 0.00184412

0.0350586 0.00184412
0.0351074 0.00184404

0.0351074 0.00184404
0.0351562 0.00184395

0.0351562 0.00184395
0.0352051 0.00184387

0.0352051 0.00184387
0.0352539 0.00184378

0.0352539 0.00184378
0.0353027 0.00184368

0.0353027 0.00184368
0.0353516 0.00184359

0.0353516 0.00184359
0.0354004 0.00184349

0.0354004 0.00184349
0.0354492 0.00184339

0.0354492 0.00184339
0.035498 0.00184328

0.035498 0.00184328
0.0355469 0.00184318

0.0355469 0.00184318
0.0355957 0.00184307

0.0355957 0.00184307
0.0356445 0.00184296

0.0356445 0.00184296
0.0356934 0.00184285

0.0356934 0.00184285
0.0357422 0.00184273

0.0357422 0.00184273
0.035791 0.00184262

0.035791 0.00184262
0.0358398 0.0018425

0.0358398 0.0018425
0.0358887 0.00184239

0.0358887 0.00184238
0.0359375 0.00184227

0.0359375 0.00184227
0.0359863 0.00184215

0.0359863 0.00184215
0.0360352 0.00184203

0.0360352 0.00184203
0.036084 0.00184191

0.036084 0.00184191
0.0361328 0.00184179

0.0361328 0.00184179
0.0361816 0.00184167

0.0361816 0.00184167
0.0362305 0.00184155

0.0362305 0.00184155
0.0362793 0.00184143

0.0362793 0.00184143
0.0363281 0.00184131

0.0363281 0.00184131
0.036377 0.0018412

0.036377 0.0018412
0.0364258 0.00184108

0.0364258 0.00184108
0.0364746 0.00184096

0.0364746 0.00184096
0.0365234 0.00184085

0.0365234 0.00184085
0.0365723 0.00184074

0.0365723 0.00184074
0.0366211 0.00184062

0.0366211 0.00184062
0.0366699 0.00184051

0.0366699 0.00184051
0.0367188 0.0018404

0.0367188 0.0018404
0.0367676 0.0018403

0.0367676 0.0018403
0.0368164 0.00184019

0.0368164 0.00184019
0.0368652 0.00184009

0.0368652 0.00184009
0.0369141 0.00183999

0.0369141 0.00183999
0.0369629 0.00183989

0.0369629 0.00183989
0.0370117 0.0018398

0.0370117 0.0018398
0.0370605 0.00183971

0.0370605 0.00183971
0.0371094 0.00183962

0.0371094 0.00183962
0.0371582 0.00183953

0.0371582 0.00183953
0.037207 0.00183945

0.037207 0.00183945
0.0372559 0.00183937

0.0372559 0.00183937
0.0373047 0.00183929

0.0373047 0.00183929
0.0373535 0.00183922

0.0373535 0.00183922
0.0374023 0.00183915

0.0374023 0.00183915
0.0374512 0.00183909

0.0374512 0.00183909
0.0375 0.00183903

0.0375 0.00183903
0.0375488 0.00183897

0.0375488 0.00183897
0.0375977 0.00183892

0.0375977 0.00183892
0.0376465 0.00183887

0.0376465 0.00183887
0.0376953 0.00183883

0.0376953 0.00183883
0.0377441 0.00183879

0.0377441 0.00183879
0.037793 0.00183875

0.037793 0.00183875
0.0378418 0.00183872

0.0378418 0.00183872
0.0378906 0.00183869

0.0378906 0.00183869
0.0379395 0.00183867

0.0379395 0.00183867
0.0379883 0.00183865

0.0379883 0.00183865
0.0380371 0.00183864

0.0380371 0.00183864
0.0380859 0.00183863

0.0380859 0.00183863
0.0381348 0.00183863

0.0381348 0.00183863
0.0381836 0.00183863

0.0381836 0.00183863
0.0382324 0.00183863

0.0382324 0.00183863
0.0382813 0.00183864

0.0382813 0.00183864
0.0383301 0.00183866

0.0383301 0.00183866
0.0383789 0.00183868

0.0383789 0.00183868
0.0384277 0.0018387

0.0384277 0.0018387
0.0384766 0.00183872

0.0384766 0.00183872
0.0385254 0.00183876

0.0385254 0.00183876
0.0385742 0.00183879

0.0385742 0.00183879
0.038623 0.00183883

0.038623 0.00183883
0.0386719 0.00183887

0.0386719 0.00183887
0.0387207 0.00183892

0.0387207 0.00183892
0.0387695 0.00183897

0.0387695 0.00183897
0.0388184 0.00183902

0.0388184 0.00183902
0.0388672 0.00183908

0.0388672 0.00183908
0.038916 0.00183914

0.038916 0.00183914
0.0389648 0.0018392

0.0389648 0.0018392
0.0390137 0.00183927

0.0390137 0.00183927
0.0390625 0.00183934

0.0390625 0.00183934
0.0391113 0.00183941

0.0391113 0.00183941
0.0391602 0.00183948

0.0391602 0.00183948
0.039209 0.00183956

0.039209 0.00183956
0.0392578 0.00183963

0.0392578 0.00183963
0.0393066 0.00183971

0.0393066 0.00183971
0.0393555 0.0018398

0.0393555 0.0018398
0.0394043 0.00183988

0.0394043 0.00183988
0.0394531 0.00183996

0.0394531 0.00183996
0.039502 0.00184005

0.039502 0.00184005
0.0395508 0.00184013

0.0395508 0.00184013
0.0395996 0.00184022

0.0395996 0.00184022
0.0396484 0.00184031

0.0396484 0.00184031
0.0396973 0.00184039

0.0396973 0.00184039
0.0397461 0.00184048

0.0397461 0.00184048
0.0397949 0.00184057

0.0397949 0.00184057
0.0398438 0.00184065

0.0398438 0.00184065
0.0398926 0.00184074

0.0398926 0.00184074
0.0399414 0.00184083

0.0399414 0.00184083
0.0399902 0.00184091

0.0399902 0.00184091
0.0400391 0.00184099

0.0400391 0.00184099
0.0400879 0.00184107

0.0400879 0.00184107
0.0401367 0.00184115

0.0401367 0.00184115
0.0401855 0.00184123

0.0401855 0.00184123
0.0402344 0.0018413

0.0402344 0.0018413
0.0402832 0.00184137

0.0402832 0.00184137
0.040332 0.00184144

0.040332 0.00184144
0.0403809 0.00184151

0.0403809 0.00184151
0.0404297 0.00184157

0.0404297 0.00184157
0.0404785 0.00184163

0.0404785 0.00184163
0.0405273 0.00184169

0.0405273 0.00184169
0.0405762 0.00184174

0.0405762 0.00184174
0.040625 0.00184179

0.040625 0.00184179
0.0406738 0.00184184

0.0406738 0.00184184
0.0407227 0.00184188

0.0407227 0.00184188
0.0407715 0.00184192

0.0407715 0.00184192
0.0408203 0.00184195

0.0408203 0.00184195
0.0408691 0.00184198

0.0408691 0.00184198
0.040918 0.001842

0.040918 0.001842
0.0409668 0.00184202

0.0409668 0.00184202
0.0410156 0.00184204

0.0410156 0.00184204
0.0410645 0.00184205

0.0410645 0.00184205
0.0411133 0.00184205

0.0411133 0.00184205
0.0411621 0.00184206

0.0411621 0.00184206
0.0412109 0.00184205

0.0412109 0.00184205
0.0412598 0.00184204

0.0412598 0.00184204
0.0413086 0.00184203

0.0413086 0.00184203
0.0413574 0.00184202

0.0413574 0.00184202
0.0414062 0.001842

0.0414063 0.001842
0.0414551 0.00184197

0.0414551 0.00184197
0.0415039 0.00184194

0.0415039 0.00184194
0.0415527 0.00184191

0.0415527 0.00184191
0.0416016 0.00184187

0.0416016 0.00184187
0.0416504 0.00184183

0.0416504 0.00184183
0.0416992 0.00184179

0.0416992 0.00184179
0.041748 0.00184174

0.041748 0.00184174
0.0417969 0.00184169

0.0417969 0.00184169
0.0418457 0.00184164

0.0418457 0.00184164
0.0418945 0.00184158

0.0418945 0.00184158
0.0419434 0.00184152

0.0419434 0.00184152
0.0419922 0.00184146

0.0419922 0.00184146
0.042041 0.00184139

0.042041 0.00184139
0.0420898 0.00184133

0.0420898 0.00184133
0.0421387 0.00184126

0.0421387 0.00184126
0.0421875 0.00184119

0.0421875 0.00184119
0.0422363 0.00184112

0.0422363 0.00184112
0.0422852 0.00184104

0.0422852 0.00184104
0.042334 0.00184097

0.042334 0.00184097
0.0423828 0.0018409

0.0423828 0.0018409
0.0424316 0.00184082

0.0424316 0.00184082
0.0424805 0.00184075

0.0424805 0.00184075
0.0425293 0.00184067

0.0425293 0.00184067
0.0425781 0.0018406

0.0425781 0.0018406
0.042627 0.00184053

0.042627 0.00184053
0.0426758 0.00184045

0.0426758 0.00184045
0.0427246 0.00184038

0.0427246 0.00184038
0.0427734 0.00184031

0.0427734 0.00184031
0.0428223 0.00184024

0.0428223 0.00184024
0.0428711 0.00184018

0.0428711 0.00184018
0.0429199 0.00184011

0.0429199 0.00184011
0.0429688 0.00184005

0.0429688 0.00184005
0.0430176 0.00183998

0.0430176 0.00183998
0.0430664 0.00183993

0.0430664 0.00183993
0.0431152 0.00183987

0.0431152 0.00183987
0.0431641 0.00183981

0.0431641 0.00183981
0.0432129 0.00183976

0.0432129 0.00183976
0.0432617 0.00183971

0.0432617 0.00183971
0.0433105 0.00183967

0.0433105 0.00183967
0.0433594 0.00183962

0.0433594 0.00183962
0.0434082 0.00183958

0.0434082 0.00183958
0.043457 0.00183955

0.043457 0.00183955
0.0435059 0.00183951

0.0435059 0.00183951
0.0435547 0.00183948

0.0435547 0.00183948
0.0436035 0.00183945

0.0436035 0.00183945
0.0436523 0.00183943

0.0436523 0.00183943
0.0437012 0.00183941

0.0437012 0.00183941
0.04375 0.00183939

0.04375 0.00183939
0.0437988 0.00183937

0.0437988 0.00183937
0.0438477 0.00183936

0.0438477 0.00183936
0.0438965 0.00183935

0.0438965 0.00183935
0.0439453 0.00183934

0.0439453 0.00183934
0.0439941 0.00183933

0.0439941 0.00183933
0.044043 0.00183933

0.044043 0.00183933
0.0440918 0.00183933

0.0440918 0.00183933
0.0441406 0.00183933

0.0441406 0.00183933
0.0441895 0.00183934

0.0441895 0.00183934
0.0442383 0.00183934

0.0442383 0.00183934
0.0442871 0.00183935

0.0442871 0.00183935
0.0443359 0.00183936

0.0443359 0.00183936
0.0443848 0.00183937

0.0443848 0.00183937
0.0444336 0.00183939

0.0444336 0.00183939
0.0444824 0.0018394

0.0444824 0.0018394
0.0445313 0.00183942

0.0445313 0.00183942
0.0445801 0.00183943

0.0445801 0.00183943
0.0446289 0.00183945

0.0446289 0.00183945
0.0446777 0.00183947

0.0446777 0.00183947
0.0447266 0.00183949

0.0447266 0.00183949
0.0447754 0.00183951

0.0447754 0.00183951
0.0448242 0.00183953

0.0448242 0.00183953
0.044873 0.00183955

0.044873 0.00183955
0.0449219 0.00183957

0.0449219 0.00183957
0.0449707 0.00183959

0.0449707 0.00183959
0.0450195 0.00183961

0.0450195 0.00183961
0.0450684 0.00183963

0.0450684 0.00183963
0.0451172 0.00183966

0.0451172 0.00183966
0.045166 0.00183968

0.045166 0.00183968
0.0452148 0.0018397

0.0452148 0.0018397
0.0452637 0.00183972

0.0452637 0.00183972
0.0453125 0.00183974

0.0453125 0.00183974
0.0453613 0.00183976

0.0453613 0.00183976
0.0454102 0.00183979

0.0454102 0.00183979
0.045459 0.00183981

0.045459 0.00183981
0.0455078 0.00183983

0.0455078 0.00183983
0.0455566 0.00183985

0.0455566 0.00183985
0.0456055 0.00183987

0.0456055 0.00183987
0.0456543 0.0018399

0.0456543 0.0018399
0.0457031 0.00183992

0.0457031 0.00183992
0.045752 0.00183994

0.045752 0.00183994
0.0458008 0.00183997

0.0458008 0.00183997
0.0458496 0.00183999

0.0458496 0.00183999
0.0458984 0.00184002

0.0458984 0.00184002
0.0459473 0.00184004

0.0459473 0.00184004
0.0459961 0.00184007

0.0459961 0.00184007
0.0460449 0.0018401

0.0460449 0.0018401
0.0460938 0.00184012

0.0460938 0.00184012
0.0461426 0.00184015

0.0461426 0.00184015
0.0461914 0.00184018

0.0461914 0.00184018
0.0462402 0.00184022

0.0462402 0.00184022
0.0462891 0.00184025

0.0462891 0.00184025
0.0463379 0.00184028

0.0463379 0.00184028
0.0463867 0.00184032

0.0463867 0.00184032
0.0464355 0.00184035

0.0464355 0.00184035
0.0464844 0.00184039

0.0464844 0.00184039
0.0465332 0.00184043

0.0465332 0.00184043
0.046582 0.00184047

0.046582 0.00184047
0.0466309 0.00184051

0.0466309 0.00184051
0.0466797 0.00184056

0.0466797 0.00184056
0.0467285 0.0018406

0.0467285 0.0018406
0.0467773 0.00184065

0.0467773 0.00184065
0.0468262 0.00184069

0.0468262 0.00184069
0.046875 0.00184074

0.046875 0.00184074
0.0469238 0.00184079

0.0469238 0.00184079
0.0469727 0.00184084

0.0469727 0.00184084
0.0470215 0.00184089

0.0470215 0.00184089
0.0470703 0.00184094

0.0470703 0.00184094
0.0471191 0.00184099

0.0471191 0.00184099
0.047168 0.00184104

0.047168 0.00184104
0.0472168 0.00184109

0.0472168 0.00184109
0.0472656 0.00184115

0.0472656 0.00184115
0.0473145 0.0018412

0.0473145 0.0018412
0.0473633 0.00184125

0.0473633 0.00184125
0.0474121 0.0018413

0.0474121 0.0018413
0.0474609 0.00184136

0.0474609 0.00184136
0.0475098 0.00184141

0.0475098 0.00184141
0.0475586 0.00184146

0.0475586 0.00184146
0.0476074 0.00184152

0.0476074 0.00184152
0.0476563 0.00184157

0.0476563 0.00184157
0.0477051 0.00184162

0.0477051 0.00184162
0.0477539 0.00184168

0.0477539 0.00184168
0.0478027 0.00184173

0.0478027 0.00184173
0.0478516 0.00184178

0.0478516 0.00184178
0.0479004 0.00184183

0.0479004 0.00184183
0.0479492 0.00184188

0.0479492 0.00184188
0.047998 0.00184194

0.047998 0.00184194
0.0480469 0.00184199

0.0480469 0.00184199
0.0480957 0.00184204

0.0480957 0.00184204
0.0481445 0.00184209

0.0481445 0.00184209
0.0481934 0.00184214

0.0481934 0.00184214
0.0482422 0.00184219

0.0482422 0.00184219
0.048291 0.00184225

0.048291 0.00184225
0.0483398 0.0018423

0.0483398 0.0018423
0.0483887 0.00184235

0.0483887 0.00184235
0.0484375 0.0018424

0.0484375 0.0018424
0.0484863 0.00184245

0.0484863 0.00184245
0.0485352 0.00184251

0.0485352 0.00184251
0.048584 0.00184256

0.048584 0.00184256
0.0486328 0.00184261

0.0486328 0.00184261
0.0486816 0.00184267

0.0486816 0.00184267
0.0487305 0.00184272

0.0487305 0.00184272
0.0487793 0.00184278

0.0487793 0.00184278
0.0488281 0.00184283

0.0488281 0.00184283
0.048877 0.00184289

0.048877 0.00184289
0.0489258 0.00184294

0.0489258 0.00184294
0.0489746 0.001843

0.0489746 0.001843
0.0490234 0.00184305

0.0490234 0.00184305
0.0490723 0.00184311

0.0490723 0.00184311
0.0491211 0.00184317

0.0491211 0.00184317
0.0491699 0.00184322

0.0491699 0.00184322
0.0492187 0.00184328

0.0492188 0.00184328
0.0492676 0.00184333

0.0492676 0.00184333
0.0493164 0.00184339

0.0493164 0.00184339
0.0493652 0.00184344

0.0493652 0.00184344
0.0494141 0.00184349

0.0494141 0.00184349
0.0494629 0.00184354

0.0494629 0.00184354
0.0495117 0.00184359

0.0495117 0.00184359
0.0495605 0.00184364

0.0495605 0.00184364
0.0496094 0.00184369

0.0496094 0.00184369
0.0496582 0.00184374

0.0496582 0.00184374
0.049707 0.00184378

0.049707 0.00184378
0.0497559 0.00184383

0.0497559 0.00184383
0.0498047 0.00184387

0.0498047 0.00184387
0.0498535 0.00184391

0.0498535 0.00184391
0.0499023 0.00184394

0.0499023 0.00184394
0.0499512 0.00184398

0.0499512 0.00184398
0.05 0.00184401

0.05 0.00184401
0.0500488 0.00184404

0.0500488 0.00184404
0.0500977 0.00184407

0.0500977 0.00184407
0.0501465 0.0018441

0.0501465 0.0018441
0.0501953 0.00184413

0.0501953 0.00184413
0.0502441 0.00184415

0.0502441 0.00184415
0.050293 0.00184417

0.050293 0.00184417
0.0503418 0.00184419

0.0503418 0.00184419
0.0503906 0.00184421

0.0503906 0.00184421
0.0504395 0.00184423

0.0504395 0.00184423
0.0504883 0.00184424

0.0504883 0.00184424
0.0505371 0.00184426

0.0505371 0.00184426
0.0505859 0.00184427

0.0505859 0.00184427
0.0506348 0.00184428

0.0506348 0.00184428
0.0506836 0.00184429

0.0506836 0.00184429
0.0507324 0.00184429

0.0507324 0.00184429
0.0507812 0.0018443

0.0507813 0.0018443
0.0508301 0.00184431

0.0508301 0.00184431
0.0508789 0.00184431

0.0508789 0.00184431
0.0509277 0.00184431

0.0509277 0.00184431
0.0509766 0.00184431

0.0509766 0.00184431
0.0510254 0.00184431

0.0510254 0.00184431
0.0510742 0.00184431

0.0510742 0.00184431
0.051123 0.00184431

0.051123 0.00184431
0.0511719 0.0018443

0.0511719 0.0018443
0.0512207 0.00184429

0.0512207 0.00184429
0.0512695 0.00184428

0.0512695 0.00184428
0.0513184 0.00184427

0.0513184 0.00184427
0.0513672 0.00184426

0.0513672 0.00184426
0.051416 0.00184424

0.051416 0.00184424
0.0514648 0.00184423

0.0514648 0.00184423
0.0515137 0.00184421

0.0515137 0.00184421
0.0515625 0.00184419

0.0515625 0.00184419
0.0516113 0.00184416

0.0516113 0.00184416
0.0516602 0.00184414

0.0516602 0.00184414
0.051709 0.00184411

0.051709 0.00184411
0.0517578 0.00184407

0.0517578 0.00184407
0.0518066 0.00184404

0.0518066 0.00184404
0.0518555 0.001844

0.0518555 0.001844
0.0519043 0.00184396

0.0519043 0.00184396
0.0519531 0.00184392

0.0519531 0.00184392
0.052002 0.00184387

0.052002 0.00184387
0.0520508 0.00184382

0.0520508 0.00184382
0.0520996 0.00184377

0.0520996 0.00184377
0.0521484 0.00184372

0.0521484 0.00184372
0.0521973 0.00184366

0.0521973 0.00184366
0.0522461 0.0018436

0.0522461 0.0018436
0.0522949 0.00184354

0.0522949 0.00184354
0.0523438 0.00184347

0.0523438 0.00184347
0.0523926 0.00184341

0.0523926 0.00184341
0.0524414 0.00184334

0.0524414 0.00184334
0.0524902 0.00184326

0.0524902 0.00184326
0.0525391 0.00184319

0.0525391 0.00184319
0.0525879 0.00184311

0.0525879 0.00184311
0.0526367 0.00184303

0.0526367 0.00184303
0.0526855 0.00184295

0.0526855 0.00184295
0.0527344 0.00184286

0.0527344 0.00184286
0.0527832 0.00184278

0.0527832 0.00184278
0.052832 0.00184269

0.052832 0.00184269
0.0528809 0.00184259

0.0528809 0.00184259
0.0529297 0.0018425

0.0529297 0.0018425
0.0529785 0.0018424

0.0529785 0.0018424
0.0530273 0.0018423

0.0530273 0.0018423
0.0530762 0.0018422

0.0530762 0.0018422
0.053125 0.0018421

0.053125 0.0018421
0.0531738 0.00184199

0.0531738 0.00184199
0.0532227 0.00184188

0.0532227 0.00184188
0.0532715 0.00184177

0.0532715 0.00184177
0.0533203 0.00184166

0.0533203 0.00184166
0.0533691 0.00184154

0.0533691 0.00184154
0.053418 0.00184143

0.053418 0.00184143
0.0534668 0.00184131

0.0534668 0.00184131
0.0535156 0.00184119

0.0535156 0.00184119
0.0535645 0.00184106

0.0535645 0.00184106
0.0536133 0.00184094

0.0536133 0.00184094
0.0536621 0.00184081

0.0536621 0.00184081
0.0537109 0.00184068

0.0537109 0.00184068
0.0537598 0.00184055

0.0537598 0.00184055
0.0538086 0.00184042

0.0538086 0.00184042
0.0538574 0.00184029

0.0538574 0.00184029
0.0539063 0.00184015

0.0539063 0.00184015
0.0539551 0.00184002

0.0539551 0.00184002
0.0540039 0.00183988

0.0540039 0.00183988
0.0540527 0.00183974

0.0540527 0.00183974
0.0541016 0.0018396

0.0541016 0.0018396
0.0541504 0.00183946

0.0541504 0.00183946
0.0541992 0.00183932

0.0541992 0.00183932
0.054248 0.00183917

0.054248 0.00183917
0.0542969 0.00183903

0.0542969 0.00183903
0.0543457 0.00183889

0.0543457 0.00183889
0.0543945 0.00183874

0.0543945 0.00183874
0.0544434 0.0018386

0.0544434 0.0018386
0.0544922 0.00183845

0.0544922 0.00183845
0.054541 0.0018383

0.054541 0.0018383
0.0545898 0.00183816

0.0545898 0.00183816
0.0546387 0.00183801

0.0546387 0.00183801
0.0546875 0.00183786

0.0546875 0.00183786
0.0547363 0.00183772

0.0547363 0.00183772
0.0547852 0.00183757

0.0547852 0.00183757
0.054834 0.00183743

0.054834 0.00183743
0.0548828 0.00183728

0.0548828 0.00183728
0.0549316 0.00183714

0.0549316 0.00183714
0.0549805 0.00183699

0.0549805 0.00183699
0.0550293 0.00183685

0.0550293 0.00183685
0.0550781 0.0018367

0.0550781 0.0018367
0.055127 0.00183656

0.055127 0.00183656
0.0551758 0.00183642

0.0551758 0.00183642
0.0552246 0.00183628

0.0552246 0.00183628
0.0552734 0.00183614

0.0552734 0.00183614
0.0553223 0.00183601

0.0553223 0.00183601
0.0553711 0.00183587

0.0553711 0.00183587
0.0554199 0.00183574

0.0554199 0.00183574
0.0554688 0.00183561

0.0554688 0.00183561
0.0555176 0.00183548

0.0555176 0.00183548
0.0555664 0.00183536

0.0555664 0.00183536
0.0556152 0.00183523

0.0556152 0.00183523
0.0556641 0.00183511

0.0556641 0.00183511
0.0557129 0.00183499

0.0557129 0.00183499
0.0557617 0.00183488

0.0557617 0.00183488
0.0558105 0.00183476

0.0558105 0.00183476
0.0558594 0.00183465

0.0558594 0.00183465
0.0559082 0.00183455

0.0559082 0.00183455
0.055957 0.00183444

0.055957 0.00183444
0.0560059 0.00183434

0.0560059 0.00183434
0.0560547 0.00183425

0.0560547 0.00183425
0.0561035 0.00183416

0.0561035 0.00183416
0.0561523 0.00183407

0.0561523 0.00183407
0.0562012 0.00183398

0.0562012 0.00183398
0.05625 0.00183391

0.05625 0.00183391
0.0562988 0.00183383

0.0562988 0.00183383
0.0563477 0.00183376

0.0563477 0.00183376
0.0563965 0.0018337

0.0563965 0.0018337
0.0564453 0.00183364

0.0564453 0.00183364
0.0564941 0.00183358

0.0564941 0.00183358
0.056543 0.00183353

0.056543 0.00183353
0.0565918 0.00183349

0.0565918 0.00183349
0.0566406 0.00183345

0.0566406 0.00183345
0.0566895 0.00183342

0.0566895 0.00183342
0.0567383 0.00183339

0.0567383 0.00183339
0.0567871 0.00183337

0.0567871 0.00183337
0.0568359 0.00183335

0.0568359 0.00183335
0.0568848 0.00183335

0.0568848 0.00183335
0.0569336 0.00183334

0.0569336 0.00183334
0.0569824 0.00183335

0.0569824 0.00183335
0.0570312 0.00183336

0.0570313 0.00183336
0.0570801 0.00183338

0.0570801 0.00183338
0.0571289 0.00183341

0.0571289 0.00183341
0.0571777 0.00183344

0.0571777 0.00183344
0.0572266 0.00183348

0.0572266 0.00183348
0.0572754 0.00183353

0.0572754 0.00183353
0.0573242 0.00183358

0.0573242 0.00183358
0.057373 0.00183364

0.057373 0.00183364
0.0574219 0.00183371

0.0574219 0.00183371
0.0574707 0.00183379

0.0574707 0.00183379
0.0575195 0.00183388

0.0575195 0.00183388
0.0575684 0.00183397

0.0575684 0.00183397
0.0576172 0.00183407

0.0576172 0.00183407
0.057666 0.00183418

0.057666 0.00183418
0.0577148 0.0018343

0.0577148 0.0018343
0.0577637 0.00183443

0.0577637 0.00183443
0.0578125 0.00183456

0.0578125 0.00183456
0.0578613 0.0018347

0.0578613 0.0018347
0.0579102 0.00183485

0.0579102 0.00183485
0.057959 0.00183501

0.057959 0.00183501
0.0580078 0.00183518

0.0580078 0.00183518
0.0580566 0.00183536

0.0580566 0.00183536
0.0581055 0.00183554

0.0581055 0.00183554
0.0581543 0.00183574

0.0581543 0.00183574
0.0582031 0.00183594

0.0582031 0.00183594
0.058252 0.00183615

0.058252 0.00183615
0.0583008 0.00183637

0.0583008 0.00183637
0.0583496 0.0018366

0.0583496 0.0018366
0.0583984 0.00183684

0.0583984 0.00183684
0.0584473 0.00183709

0.0584473 0.00183709
0.0584961 0.00183734

0.0584961 0.00183734
0.0585449 0.00183761

0.0585449 0.00183761
0.0585938 0.00183788

0.0585938 0.00183788
0.0586426 0.00183816

0.0586426 0.00183816
0.0586914 0.00183846

0.0586914 0.00183846
0.0587402 0.00183875

0.0587402 0.00183875
0.0587891 0.00183906

0.0587891 0.00183906
0.0588379 0.00183938

0.0588379 0.00183938
0.0588867 0.00183971

0.0588867 0.00183971
0.0589355 0.00184004

0.0589355 0.00184004
0.0589844 0.00184038

0.0589844 0.00184038
0.0590332 0.00184073

0.0590332 0.00184073
0.059082 0.00184109

0.059082 0.00184109
0.0591309 0.00184146

0.0591309 0.00184146
0.0591797 0.00184184

0.0591797 0.00184184
0.0592285 0.00184222

0.0592285 0.00184222
0.0592773 0.00184261

0.0592773 0.00184261
0.0593262 0.00184301

0.0593262 0.00184301
0.059375 0.00184342

0.059375 0.00184342
0.0594238 0.00184384

0.0594238 0.00184384
0.0594727 0.00184426

0.0594727 0.00184426
0.0595215 0.00184469

0.0595215 0.00184469
0.0595703 0.00184512

0.0595703 0.00184512
0.0596191 0.00184557

0.0596191 0.00184557
0.059668 0.00184601

0.059668 0.00184601
0.0597168 0.00184647

0.0597168 0.00184647
0.0597656 0.00184693

0.0597656 0.00184693
0.0598145 0.0018474

0.0598145 0.0018474
0.0598633 0.00184787

0.0598633 0.00184787
0.0599121 0.00184835

0.0599121 0.00184835
0.0599609 0.00184884

0.0599609 0.00184884
0.0600098 0.00184932

0.0600098 0.00184932
0.0600586 0.00184982

0.0600586 0.00184982
0.0601074 0.00185032

0.0601074 0.00185032
0.0601563 0.00185082

0.0601563 0.00185082
0.0602051 0.00185132

0.0602051 0.00185132
0.0602539 0.00185183

0.0602539 0.00185183
0.0603027 0.00185234

0.0603027 0.00185234
0.0603516 0.00185286

0.0603516 0.00185286
0.0604004 0.00185337

0.0604004 0.00185337
0.0604492 0.00185389

0.0604492 0.00185389
0.060498 0.00185441

0.060498 0.00185441
0.0605469 0.00185492

0.0605469 0.00185492
0.0605957 0.00185544

0.0605957 0.00185544
0.0605988 0.00185547

0.0605988 0.00185547
0.0606445 0.00185596

0.0606445 0.00185596
0.0606934 0.00185649

0.0606934 0.00185649
0.0607422 0.00185701

0.0607422 0.00185701
0.060791 0.00185753

0.060791 0.00185753
0.0608398 0.00185805

0.0608398 0.00185805
0.0608887 0.00185857

0.0608887 0.00185857
0.0609375 0.00185908

0.0609375 0.00185908
0.0609863 0.00185959

0.0609863 0.00185959
0.0610352 0.0018601

0.0610352 0.0018601
0.061084 0.0018606

0.061084 0.0018606
0.0611328 0.0018611

0.0611328 0.0018611
0.0611816 0.00186159

0.0611816 0.00186159
0.0612305 0.00186208

0.0612305 0.00186208
0.0612793 0.00186256

0.0612793 0.00186256
0.0613281 0.00186304

0.0613281 0.00186304
0.061377 0.00186351

0.061377 0.00186351
0.0614258 0.00186398

0.0614258 0.00186398
0.0614746 0.00186444

0.0614746 0.00186444
0.0615234 0.0018649

0.0615234 0.0018649
0.0615723 0.00186535

0.0615723 0.00186535
0.0616211 0.00186579

0.0616211 0.00186579
0.0616699 0.00186622

0.0616699 0.00186622
0.0617188 0.00186665

0.0617188 0.00186665
0.0617676 0.00186707

0.0617676 0.00186707
0.0618164 0.00186749

0.0618164 0.00186749
0.0618652 0.00186789

0.0618652 0.00186789
0.0619141 0.00186829

0.0619141 0.00186829
0.0619629 0.00186867

0.0619629 0.00186867
0.0620117 0.00186905

0.0620117 0.00186905
0.0620605 0.00186942

0.0620605 0.00186942
0.0621094 0.00186978

0.0621094 0.00186978
0.0621582 0.00187013

0.0621582 0.00187013
0.062207 0.00187047

0.062207 0.00187047
0.0622559 0.0018708

0.0622559 0.0018708
0.0623047 0.00187112

0.0623047 0.00187112
0.0623535 0.00187143

0.0623535 0.00187143
0.0624023 0.00187173

0.0624023 0.00187173
0.0624512 0.00187202

0.0624512 0.00187201
0.0625 0.00187229

0.0625 0.00187229
0.0625488 0.00187255

0.0625488 0.00187255
0.0625977 0.00187281

0.0625977 0.00187281
0.0626465 0.00187305

0.0626465 0.00187305
0.0626953 0.00187327

0.0626953 0.00187327
0.0627441 0.00187349

0.0627441 0.00187349
0.062793 0.00187369

0.062793 0.00187369
0.0628418 0.00187388

0.0628418 0.00187388
0.0628906 0.00187406

0.0628906 0.00187406
0.0629395 0.00187422

0.0629395 0.00187422
0.0629883 0.00187437

0.0629883 0.00187437
0.0630371 0.0018745

0.0630371 0.00187451
0.0630859 0.00187463

0.0630859 0.00187463
0.0631348 0.00187474

0.0631348 0.00187474
0.0631836 0.00187483

0.0631836 0.00187483
0.0632324 0.00187491

0.0632324 0.00187491
0.0632813 0.00187497

0.0632812 0.00187497
0.0633301 0.00187502

0.0633301 0.00187502
0.0633789 0.00187506

0.0633789 0.00187506
0.0634277 0.00187508

0.0634277 0.00187508
0.0634766 0.00187509

0.0634766 0.00187509
0.0635254 0.00187508

0.0635254 0.00187508
0.0635742 0.00187505

0.0635742 0.00187505
0.063623 0.00187501

0.063623 0.00187501
0.0636719 0.00187496

0.0636719 0.00187496
0.0637207 0.00187489

0.0637207 0.00187489
0.0637695 0.0018748

0.0637695 0.0018748
0.0638184 0.0018747

0.0638184 0.0018747
0.0638672 0.00187459

0.0638672 0.00187459
0.063916 0.00187446

0.063916 0.00187446
0.0639648 0.00187431

0.0639648 0.00187431
0.0640137 0.00187415

0.0640137 0.00187415
0.0640625 0.00187397

0.0640625 0.00187397
0.0641113 0.00187378

0.0641113 0.00187378
0.0641602 0.00187357

0.0641602 0.00187357
0.064209 0.00187336

0.064209 0.00187336
0.0642578 0.00187312

0.0642578 0.00187312
0.0643066 0.00187287

0.0643066 0.00187287
0.0643555 0.00187261

0.0643555 0.00187261
0.0644043 0.00187234

0.0644043 0.00187234
0.0644531 0.00187205

0.0644531 0.00187205
0.064502 0.00187174

0.064502 0.00187174
0.0645508 0.00187142

0.0645508 0.00187142
0.0645996 0.00187109

0.0645996 0.00187109
0.0646484 0.00187075

0.0646484 0.00187075
0.0646973 0.00187039

0.0646973 0.00187039
0.0647461 0.00187001

0.0647461 0.00187001
0.0647949 0.00186963

0.0647949 0.00186963
0.0648438 0.00186923

0.0648437 0.00186923
0.0648926 0.00186882

0.0648926 0.00186882
0.0649414 0.0018684

0.0649414 0.0018684
0.0649902 0.00186797

0.0649902 0.00186797
0.0650391 0.00186752

0.0650391 0.00186752
0.0650879 0.00186707

0.0650879 0.00186707
0.0651367 0.0018666

0.0651367 0.0018666
0.0651855 0.00186613

0.0651855 0.00186613
0.0652344 0.00186564

0.0652344 0.00186564
0.0652832 0.00186514

0.0652832 0.00186514
0.065332 0.00186464

0.065332 0.00186464
0.0653809 0.00186413

0.0653809 0.00186413
0.0654297 0.00186361

0.0654297 0.00186361
0.0654785 0.00186308

0.0654785 0.00186308
0.0655273 0.00186254

0.0655273 0.00186254
0.0655762 0.00186199

0.0655762 0.00186199
0.065625 0.00186144

0.065625 0.00186144
0.0656738 0.00186088

0.0656738 0.00186088
0.0657227 0.00186032

0.0657227 0.00186032
0.0657715 0.00185975

0.0657715 0.00185975
0.0658203 0.00185918

0.0658203 0.00185918
0.0658691 0.0018586

0.0658691 0.0018586
0.065918 0.00185802

0.065918 0.00185802
0.0659668 0.00185743

0.0659668 0.00185743
0.0660156 0.00185684

0.0660156 0.00185684
0.0660645 0.00185626

0.0660645 0.00185627
0.0661133 0.00185568

0.0661621 0.00185507
0.0661296 0.00185547

0.0661133 0.00185568
0.06613 0.00185547

0.0661621 0.00185506
0.0662109 0.00185446

0.0662109 0.00185446
0.0662598 0.00185385

0.0662598 0.00185385
0.0663086 0.00185324

0.0663086 0.00185324
0.0663574 0.00185263

0.0663574 0.00185263
0.0664063 0.00185202

0.0664062 0.00185202
0.0664551 0.00185141

0.0664551 0.00185141
0.0665039 0.00185081

0.0665039 0.00185081
0.0665527 0.0018502

0.0665527 0.0018502
0.0666016 0.0018496

0.0666016 0.0018496
0.0666504 0.001849

0.0666504 0.001849
0.0666992 0.0018484

0.0666992 0.0018484
0.066748 0.0018478

0.066748 0.0018478
0.0667969 0.00184721

0.0667969 0.00184721
0.0668457 0.00184663

0.0668457 0.00184663
0.0668945 0.00184605

0.0668945 0.00184605
0.0669434 0.00184547

0.0669434 0.00184547
0.0669922 0.0018449

0.0669922 0.0018449
0.067041 0.00184433

0.067041 0.00184433
0.0670898 0.00184376

0.0670898 0.00184376
0.0671387 0.00184321

0.0671387 0.00184321
0.0671875 0.00184265

0.0671875 0.00184265
0.0672363 0.0018421

0.0672363 0.0018421
0.0672852 0.00184156

0.0672852 0.00184156
0.067334 0.00184103

0.067334 0.00184103
0.0673828 0.0018405

0.0673828 0.0018405
0.0674316 0.00183999

0.0674316 0.00183999
0.0674805 0.00183948

0.0674805 0.00183948
0.0675293 0.00183899

0.0675293 0.00183899
0.0675781 0.0018385

0.0675781 0.0018385
0.067627 0.00183802

0.067627 0.00183802
0.0676758 0.00183755

0.0676758 0.00183755
0.0677246 0.00183709

0.0677246 0.00183709
0.0677734 0.00183664

0.0677734 0.00183664
0.0678223 0.0018362

0.0678223 0.0018362
0.0678711 0.00183577

0.0678711 0.00183577
0.0679199 0.00183535

0.0679199 0.00183535
0.0679688 0.00183494

0.0679687 0.00183494
0.0680176 0.00183455

0.0680176 0.00183455
0.0680664 0.00183416

0.0680664 0.00183416
0.0681152 0.00183379

0.0681152 0.00183379
0.0681641 0.00183343

0.0681641 0.00183343
0.0682129 0.00183308

0.0682129 0.00183308
0.0682617 0.00183274

0.0682617 0.00183274
0.0683105 0.00183242

0.0683105 0.00183242
0.0683594 0.00183211

0.0683594 0.00183211
0.0684082 0.00183181

0.0684082 0.00183181
0.068457 0.00183152

0.068457 0.00183152
0.0685059 0.00183125

0.0685059 0.00183125
0.0685547 0.00183099

0.0685547 0.00183099
0.0686035 0.00183075

0.0686035 0.00183075
0.0686523 0.00183052

0.0686523 0.00183052
0.0687012 0.0018303

0.0687012 0.0018303
0.06875 0.00183009

0.06875 0.00183009
0.0687988 0.0018299

0.0687988 0.0018299
0.0688477 0.00182973

0.0688477 0.00182973
0.0688965 0.00182957

0.0688965 0.00182957
0.0689453 0.00182942

0.0689453 0.00182942
0.0689941 0.00182928

0.0689941 0.00182928
0.069043 0.00182916

0.069043 0.00182916
0.0690918 0.00182906

0.0690918 0.00182906
0.0691406 0.00182897

0.0691406 0.00182897
0.0691895 0.00182889

0.0691895 0.00182889
0.0692383 0.00182883

0.0692383 0.00182883
0.0692871 0.00182878

0.0692871 0.00182878
0.0693359 0.00182874

0.0693359 0.00182874
0.0693848 0.00182872

0.0693848 0.00182872
0.0694336 0.00182872

0.0694336 0.00182872
0.0694824 0.00182872

0.0694824 0.00182872
0.0695313 0.00182875

0.0695313 0.00182875
0.0695801 0.00182878

0.0695801 0.00182878
0.0696289 0.00182883

0.0696289 0.00182883
0.0696777 0.0018289

0.0696777 0.0018289
0.0697266 0.00182898

0.0697266 0.00182898
0.0697754 0.00182907

0.0697754 0.00182907
0.0698242 0.00182918

0.0698242 0.00182918
0.069873 0.0018293

0.069873 0.0018293
0.0699219 0.00182943

0.0699219 0.00182943
0.0699707 0.00182958

0.0699707 0.00182958
0.0700195 0.00182973

0.0700195 0.00182973
0.0700684 0.00182991

0.0700684 0.00182991
0.0701172 0.00183009

0.0701172 0.00183009
0.070166 0.00183029

0.070166 0.00183029
0.0702148 0.00183049

0.0702148 0.00183049
0.0702637 0.00183071

0.0702637 0.00183071
0.0703125 0.00183094

0.0703125 0.00183094
0.0703613 0.00183119

0.0703613 0.00183119
0.0704102 0.00183144

0.0704102 0.00183144
0.070459 0.00183171

0.070459 0.00183171
0.0705078 0.00183198

0.0705078 0.00183198
0.0705566 0.00183226

0.0705566 0.00183226
0.0706055 0.00183256

0.0706055 0.00183256
0.0706543 0.00183286

0.0706543 0.00183286
0.0707031 0.00183317

0.0707031 0.00183317
0.070752 0.00183349

0.070752 0.00183349
0.0708008 0.00183382

0.0708008 0.00183382
0.0708496 0.00183416

0.0708496 0.00183416
0.0708984 0.0018345

0.0708984 0.0018345
0.0709473 0.00183485

0.0709473 0.00183485
0.0709961 0.00183521

0.0709961 0.00183521
0.0710449 0.00183557

0.0710449 0.00183557
0.0710938 0.00183594

0.0710937 0.00183594
0.0711426 0.00183632

0.0711426 0.00183632
0.0711914 0.0018367

0.0711914 0.0018367
0.0712402 0.00183708

0.0712402 0.00183708
0.0712891 0.00183747

0.0712891 0.00183747
0.0713379 0.00183786

0.0713379 0.00183786
0.0713867 0.00183825

0.0713867 0.00183826
0.0714355 0.00183865

0.0714355 0.00183865
0.0714844 0.00183905

0.0714844 0.00183905
0.0715332 0.00183945

0.0715332 0.00183945
0.071582 0.00183985

0.071582 0.00183985
0.0716309 0.00184025

0.0716309 0.00184025
0.0716797 0.00184066

0.0716797 0.00184066
0.0717285 0.00184106

0.0717285 0.00184106
0.0717773 0.00184146

0.0717773 0.00184146
0.0718262 0.00184186

0.0718262 0.00184186
0.071875 0.00184225

0.071875 0.00184225
0.0719238 0.00184265

0.0719238 0.00184265
0.0719727 0.00184304

0.0719727 0.00184304
0.0720215 0.00184343

0.0720215 0.00184343
0.0720703 0.00184381

0.0720703 0.00184381
0.0721191 0.00184419

0.0721191 0.00184419
0.072168 0.00184457

0.072168 0.00184457
0.0722168 0.00184494

0.0722168 0.00184494
0.0722656 0.0018453

0.0722656 0.0018453
0.0723145 0.00184566

0.0723145 0.00184566
0.0723633 0.00184601

0.0723633 0.00184601
0.0724121 0.00184636

0.0724121 0.00184636
0.0724609 0.00184669

0.0724609 0.00184669
0.0725098 0.00184702

0.0725098 0.00184702
0.0725586 0.00184734

0.0725586 0.00184734
0.0726074 0.00184765

0.0726074 0.00184765
0.0726563 0.00184796

0.0726562 0.00184796
0.0727051 0.00184825

0.0727051 0.00184825
0.0727539 0.00184853

0.0727539 0.00184853
0.0728027 0.0018488

0.0728027 0.0018488
0.0728516 0.00184907

0.0728516 0.00184907
0.0729004 0.00184932

0.0729004 0.00184932
0.0729492 0.00184956

0.0729492 0.00184956
0.072998 0.00184979

0.072998 0.00184979
0.0730469 0.00185

0.0730469 0.00185
0.0730957 0.00185021

0.0730957 0.00185021
0.0731445 0.0018504

0.0731445 0.0018504
0.0731934 0.00185058

0.0731934 0.00185058
0.0732422 0.00185075

0.0732422 0.00185075
0.073291 0.00185091

0.073291 0.00185091
0.0733398 0.00185105

0.0733398 0.00185105
0.0733887 0.00185118

0.0733887 0.00185118
0.0734375 0.0018513

0.0734375 0.0018513
0.0734863 0.0018514

0.0734863 0.0018514
0.0735352 0.00185149

0.0735352 0.00185149
0.073584 0.00185157

0.073584 0.00185157
0.0736328 0.00185164

0.0736328 0.00185164
0.0736816 0.00185169

0.0736816 0.00185169
0.0737305 0.00185173

0.0737305 0.00185173
0.0737793 0.00185175

0.0737793 0.00185175
0.0738281 0.00185176

0.0738281 0.00185176
0.073877 0.00185176

0.073877 0.00185176
0.0739258 0.00185175

0.0739258 0.00185175
0.0739746 0.00185172

0.0739746 0.00185172
0.0740234 0.00185169

0.0740234 0.00185169
0.0740723 0.00185164

0.0740723 0.00185164
0.0741211 0.00185157

0.0741211 0.00185157
0.0741699 0.0018515

0.0741699 0.0018515
0.0742188 0.00185141

0.0742188 0.00185141
0.0742676 0.00185132

0.0742676 0.00185132
0.0743164 0.00185121

0.0743164 0.00185121
0.0743652 0.00185109

0.0743652 0.00185109
0.0744141 0.00185096

0.0744141 0.00185096
0.0744629 0.00185083

0.0744629 0.00185083
0.0745117 0.00185068

0.0745117 0.00185068
0.0745605 0.00185052

0.0745605 0.00185052
0.0746094 0.00185035

0.0746094 0.00185035
0.0746582 0.00185018

0.0746582 0.00185018
0.074707 0.00185

0.074707 0.00185
0.0747559 0.00184981

0.0747559 0.00184981
0.0748047 0.00184961

0.0748047 0.00184961
0.0748535 0.00184941

0.0748535 0.00184941
0.0749023 0.0018492

0.0749023 0.0018492
0.0749512 0.00184898

0.0749512 0.00184898
0.075 0.00184876

0.075 0.00184876
0.0750488 0.00184853

0.0750488 0.00184853
0.0750977 0.0018483

0.0750977 0.0018483
0.0751465 0.00184807

0.0751465 0.00184807
0.0751953 0.00184783

0.0751953 0.00184783
0.0752441 0.00184759

0.0752441 0.00184759
0.075293 0.00184734

0.075293 0.00184734
0.0753418 0.0018471

0.0753418 0.0018471
0.0753906 0.00184685

0.0753906 0.00184685
0.0754395 0.0018466

0.0754395 0.0018466
0.0754883 0.00184635

0.0754883 0.00184635
0.0755371 0.00184609

0.0755371 0.00184609
0.0755859 0.00184584

0.0755859 0.00184584
0.0756348 0.00184559

0.0756348 0.00184559
0.0756836 0.00184534

0.0756836 0.00184534
0.0757324 0.00184509

0.0757324 0.00184509
0.0757813 0.00184485

0.0757812 0.00184485
0.0758301 0.0018446

0.0758301 0.0018446
0.0758789 0.00184436

0.0758789 0.00184436
0.0759277 0.00184412

0.0759277 0.00184412
0.0759766 0.00184388

0.0759766 0.00184388
0.0760254 0.00184364

0.0760254 0.00184364
0.0760742 0.00184341

0.0760742 0.00184341
0.076123 0.00184319

0.076123 0.00184319
0.0761719 0.00184296

0.0761719 0.00184296
0.0762207 0.00184275

0.0762207 0.00184275
0.0762695 0.00184253

0.0762695 0.00184253
0.0763184 0.00184233

0.0763184 0.00184233
0.0763672 0.00184213

0.0763672 0.00184213
0.076416 0.00184193

0.076416 0.00184193
0.0764648 0.00184174

0.0764648 0.00184174
0.0765137 0.00184155

0.0765137 0.00184155
0.0765625 0.00184138

0.0765625 0.00184138
0.0766113 0.00184121

0.0766113 0.00184121
0.0766602 0.00184104

0.0766602 0.00184104
0.076709 0.00184088

0.076709 0.00184088
0.0767578 0.00184073

0.0767578 0.00184073
0.0768066 0.00184059

0.0768066 0.00184059
0.0768555 0.00184045

0.0768555 0.00184045
0.0769043 0.00184032

0.0769043 0.00184032
0.0769531 0.0018402

0.0769531 0.0018402
0.077002 0.00184009

0.077002 0.00184009
0.0770508 0.00183998

0.0770508 0.00183998
0.0770996 0.00183988

0.0770996 0.00183988
0.0771484 0.00183979

0.0771484 0.00183979
0.0771973 0.00183971

0.0771973 0.00183971
0.0772461 0.00183963

0.0772461 0.00183963
0.0772949 0.00183956

0.0772949 0.00183956
0.0773438 0.0018395

0.0773438 0.0018395
0.0773926 0.00183945

0.0773926 0.00183945
0.0774414 0.0018394

0.0774414 0.0018394
0.0774902 0.00183936

0.0774902 0.00183936
0.0775391 0.00183933

0.0775391 0.00183933
0.0775879 0.0018393

0.0775879 0.0018393
0.0776367 0.00183929

0.0776367 0.00183929
0.0776855 0.00183928

0.0776855 0.00183928
0.0777344 0.00183927

0.0777344 0.00183927
0.0777832 0.00183928

0.0777832 0.00183928
0.077832 0.00183929

0.077832 0.00183929
0.0778809 0.0018393

0.0778809 0.0018393
0.0779297 0.00183933

0.0779297 0.00183933
0.0779785 0.00183936

0.0779785 0.00183936
0.0780273 0.00183939

0.0780273 0.00183939
0.0780762 0.00183943

0.0780762 0.00183943
0.078125 0.00183948

0.078125 0.00183948
0.0781738 0.00183953

0.0781738 0.00183953
0.0782227 0.00183959

0.0782227 0.00183959
0.0782715 0.00183966

0.0782715 0.00183966
0.0783203 0.00183972

0.0783203 0.00183972
0.0783691 0.0018398

0.0783691 0.0018398
0.078418 0.00183987

0.078418 0.00183987
0.0784668 0.00183996

0.0784668 0.00183996
0.0785156 0.00184004

0.0785156 0.00184004
0.0785645 0.00184013

0.0785645 0.00184013
0.0786133 0.00184022

0.0786133 0.00184023
0.0786621 0.00184032

0.0786621 0.00184032
0.0787109 0.00184042

0.0787109 0.00184042
0.0787598 0.00184053

0.0787598 0.00184053
0.0788086 0.00184063

0.0788086 0.00184063
0.0788574 0.00184074

0.0788574 0.00184074
0.0789063 0.00184085

0.0789062 0.00184085
0.0789551 0.00184096

0.0789551 0.00184096
0.0790039 0.00184108

0.0790039 0.00184108
0.0790527 0.0018412

0.0790527 0.0018412
0.0791016 0.00184131

0.0791016 0.00184131
0.0791504 0.00184143

0.0791504 0.00184143
0.0791992 0.00184155

0.0791992 0.00184155
0.079248 0.00184167

0.079248 0.00184167
0.0792969 0.00184179

0.0792969 0.00184179
0.0793457 0.00184191

0.0793457 0.00184191
0.0793945 0.00184204

0.0793945 0.00184204
0.0794434 0.00184216

0.0794434 0.00184216
0.0794922 0.00184228

0.0794922 0.00184228
0.079541 0.0018424

0.079541 0.0018424
0.0795898 0.00184252

0.0795898 0.00184252
0.0796387 0.00184263

0.0796387 0.00184263
0.0796875 0.00184275

0.0796875 0.00184275
0.0797363 0.00184287

0.0797363 0.00184287
0.0797852 0.00184298

0.0797852 0.00184298
0.079834 0.00184309

0.079834 0.00184309
0.0798828 0.0018432

0.0798828 0.0018432
0.0799316 0.00184331

0.0799316 0.00184331
0.0799805 0.00184342

0.0799805 0.00184342
0.0800293 0.00184352

0.0800293 0.00184352
0.0800781 0.00184362

0.0800781 0.00184362
0.080127 0.00184372

0.080127 0.00184372
0.0801758 0.00184381

0.0801758 0.00184381
0.0802246 0.0018439

0.0802246 0.0018439
0.0802734 0.00184399

0.0802734 0.00184399
0.0803223 0.00184407

0.0803223 0.00184407
0.0803711 0.00184416

0.0803711 0.00184416
0.0804199 0.00184423

0.0804199 0.00184423
0.0804688 0.00184431

0.0804688 0.00184431
0.0805176 0.00184438

0.0805176 0.00184438
0.0805664 0.00184445

0.0805664 0.00184445
0.0806152 0.00184451

0.0806152 0.00184451
0.0806641 0.00184457

0.0806641 0.00184457
0.0807129 0.00184462

0.0807129 0.00184462
0.0807617 0.00184468

0.0807617 0.00184468
0.0808105 0.00184472

0.0808105 0.00184472
0.0808594 0.00184477

0.0808594 0.00184477
0.0809082 0.00184481

0.0809082 0.00184481
0.080957 0.00184484

0.080957 0.00184484
0.0810059 0.00184487

0.0810059 0.00184487
0.0810547 0.0018449

0.0810547 0.0018449
0.0811035 0.00184493

0.0811035 0.00184493
0.0811523 0.00184495

0.0811523 0.00184495
0.0812012 0.00184496

0.0812012 0.00184496
0.08125 0.00184497

0.08125 0.00184497
0.0812988 0.00184498

0.0812988 0.00184498
0.0813477 0.00184499

0.0813477 0.00184499
0.0813965 0.00184499

0.0813965 0.00184499
0.0814453 0.00184499

0.0814453 0.00184499
0.0814941 0.00184498

0.0814941 0.00184498
0.081543 0.00184497

0.081543 0.00184497
0.0815918 0.00184496

0.0815918 0.00184496
0.0816406 0.00184495

0.0816406 0.00184495
0.0816895 0.00184493

0.0816895 0.00184493
0.0817383 0.00184491

0.0817383 0.00184491
0.0817871 0.00184488

0.0817871 0.00184488
0.0818359 0.00184486

0.0818359 0.00184486
0.0818848 0.00184483

0.0818848 0.00184483
0.0819336 0.00184479

0.0819336 0.00184479
0.0819824 0.00184476

0.0819824 0.00184476
0.0820313 0.00184472

0.0820312 0.00184472
0.0820801 0.00184469

0.0820801 0.00184469
0.0821289 0.00184465

0.0821289 0.00184465
0.0821777 0.0018446

0.0821777 0.0018446
0.0822266 0.00184456

0.0822266 0.00184456
0.0822754 0.00184451

0.0822754 0.00184451
0.0823242 0.00184447

0.0823242 0.00184447
0.082373 0.00184442

0.082373 0.00184442
0.0824219 0.00184437

0.0824219 0.00184437
0.0824707 0.00184432

0.0824707 0.00184432
0.0825195 0.00184427

0.0825195 0.00184427
0.0825684 0.00184422

0.0825684 0.00184422
0.0826172 0.00184417

0.0826172 0.00184417
0.082666 0.00184412

0.082666 0.00184412
0.0827148 0.00184406

0.0827148 0.00184406
0.0827637 0.00184401

0.0827637 0.00184401
0.0828125 0.00184396

0.0828125 0.00184396
0.0828613 0.00184391

0.0828613 0.00184391
0.0829102 0.00184386

0.0829102 0.00184386
0.082959 0.00184381

0.082959 0.00184381
0.0830078 0.00184376

0.0830078 0.00184376
0.0830566 0.00184371

0.0830566 0.00184371
0.0831055 0.00184366

0.0831055 0.00184366
0.0831543 0.00184361

0.0831543 0.00184361
0.0832031 0.00184357

0.0832031 0.00184357
0.083252 0.00184352

0.083252 0.00184352
0.0833008 0.00184348

0.0833008 0.00184348
0.0833496 0.00184344

0.0833496 0.00184344
0.0833984 0.0018434

0.0833984 0.0018434
0.0834473 0.00184336

0.0834473 0.00184336
0.0834961 0.00184332

0.0834961 0.00184332
0.0835449 0.00184329

0.0835449 0.00184329
0.0835938 0.00184325

0.0835937 0.00184325
0.0836426 0.00184322

0.0836426 0.00184322
0.0836914 0.00184319

0.0836914 0.00184319
0.0837402 0.00184316

0.0837402 0.00184316
0.0837891 0.00184314

0.0837891 0.00184314
0.0838379 0.00184311

0.0838379 0.00184311
0.0838867 0.00184309

0.0838867 0.00184309
0.0839355 0.00184307

0.0839355 0.00184307
0.0839844 0.00184306

0.0839844 0.00184306
0.0840332 0.00184304

0.0840332 0.00184304
0.084082 0.00184303

0.084082 0.00184303
0.0841309 0.00184302

0.0841309 0.00184302
0.0841797 0.00184301

0.0841797 0.00184301
0.0842285 0.001843

0.0842285 0.001843
0.0842773 0.001843

0.0842773 0.001843
0.0843262 0.001843

0.0843262 0.001843
0.084375 0.001843

0.084375 0.001843
0.0844238 0.001843

0.0844238 0.001843
0.0844727 0.00184301

0.0844727 0.00184301
0.0845215 0.00184301

0.0845215 0.00184301
0.0845703 0.00184302

0.0845703 0.00184302
0.0846191 0.00184303

0.0846191 0.00184303
0.084668 0.00184304

0.084668 0.00184304
0.0847168 0.00184306

0.0847168 0.00184306
0.0847656 0.00184307

0.0847656 0.00184307
0.0848145 0.00184309

0.0848145 0.00184309
0.0848633 0.00184311

0.0848633 0.00184311
0.0849121 0.00184313

0.0849121 0.00184313
0.0849609 0.00184315

0.0849609 0.00184315
0.0850098 0.00184317

0.0850098 0.00184317
0.0850586 0.0018432

0.0850586 0.0018432
0.0851074 0.00184322

0.0851074 0.00184322
0.0851563 0.00184325

0.0851563 0.00184325
0.0852051 0.00184328

0.0852051 0.00184328
0.0852539 0.00184331

0.0852539 0.00184331
0.0853027 0.00184333

0.0853027 0.00184333
0.0853516 0.00184336

0.0853516 0.00184336
0.0854004 0.0018434

0.0854004 0.0018434
0.0854492 0.00184343

0.0854492 0.00184343
0.085498 0.00184346

0.085498 0.00184346
0.0855469 0.00184349

0.0855469 0.00184349
0.0855957 0.00184352

0.0855957 0.00184352
0.0856445 0.00184356

0.0856445 0.00184356
0.0856934 0.00184359

0.0856934 0.00184359
0.0857422 0.00184362

0.0857422 0.00184362
0.085791 0.00184365

0.085791 0.00184365
0.0858398 0.00184369

0.0858398 0.00184369
0.0858887 0.00184372

0.0858887 0.00184372
0.0859375 0.00184375

0.0859375 0.00184375
0.0859863 0.00184378

0.0859863 0.00184378
0.0860352 0.00184382

0.0860352 0.00184382
0.086084 0.00184385

0.086084 0.00184385
0.0861328 0.00184388

0.0861328 0.00184388
0.0861816 0.00184391

0.0861816 0.00184391
0.0862305 0.00184394

0.0862305 0.00184394
0.0862793 0.00184397

0.0862793 0.00184397
0.0863281 0.00184399

0.0863281 0.00184399
0.086377 0.00184402

0.086377 0.00184402
0.0864258 0.00184405

0.0864258 0.00184405
0.0864746 0.00184407

0.0864746 0.00184407
0.0865234 0.0018441

0.0865234 0.0018441
0.0865723 0.00184412

0.0865723 0.00184412
0.0866211 0.00184414

0.0866211 0.00184414
0.0866699 0.00184417

0.0866699 0.00184417
0.0867188 0.00184419

0.0867187 0.00184419
0.0867676 0.00184421

0.0867676 0.00184421
0.0868164 0.00184422

0.0868164 0.00184422
0.0868652 0.00184424

0.0868652 0.00184424
0.0869141 0.00184426

0.0869141 0.00184426
0.0869629 0.00184427

0.0869629 0.00184427
0.0870117 0.00184429

0.0870117 0.00184429
0.0870605 0.0018443

0.0870605 0.0018443
0.0871094 0.00184431

0.0871094 0.00184431
0.0871582 0.00184432

0.0871582 0.00184432
0.087207 0.00184433

0.087207 0.00184433
0.0872559 0.00184434

0.0872559 0.00184434
0.0873047 0.00184434

0.0873047 0.00184434
0.0873535 0.00184435

0.0873535 0.00184435
0.0874023 0.00184435

0.0874023 0.00184435
0.0874512 0.00184435

0.0874512 0.00184435
0.0875 0.00184435

0.0875 0.00184435
0.0875488 0.00184435

0.0875488 0.00184435
0.0875977 0.00184435

0.0875977 0.00184435
0.0876465 0.00184435

0.0876465 0.00184435
0.0876953 0.00184434

0.0876953 0.00184434
0.0877441 0.00184434

0.0877441 0.00184434
0.087793 0.00184433

0.087793 0.00184433
0.0878418 0.00184432

0.0878418 0.00184432
0.0878906 0.00184431

0.0878906 0.00184431
0.0879395 0.0018443

0.0879395 0.0018443
0.0879883 0.00184429

0.0879883 0.00184429
0.0880371 0.00184427

0.0880371 0.00184427
0.0880859 0.00184426

0.0880859 0.00184426
0.0881348 0.00184424

0.0881348 0.00184424
0.0881836 0.00184423

0.0881836 0.00184423
0.0882324 0.00184421

0.0882324 0.00184421
0.0882813 0.00184419

0.0882813 0.00184419
0.0883301 0.00184417

0.0883301 0.00184417
0.0883789 0.00184415

0.0883789 0.00184415
0.0884277 0.00184412

0.0884277 0.00184412
0.0884766 0.0018441

0.0884766 0.0018441
0.0885254 0.00184408

0.0885254 0.00184408
0.0885742 0.00184405

0.0885742 0.00184405
0.088623 0.00184402

0.088623 0.00184402
0.0886719 0.001844

0.0886719 0.001844
0.0887207 0.00184397

0.0887207 0.00184397
0.0887695 0.00184394

0.0887695 0.00184394
0.0888184 0.00184391

0.0888184 0.00184391
0.0888672 0.00184388

0.0888672 0.00184388
0.088916 0.00184385

0.088916 0.00184385
0.0889648 0.00184382

0.0889648 0.00184382
0.0890137 0.00184379

0.0890137 0.00184379
0.0890625 0.00184376

0.0890625 0.00184376
0.0891113 0.00184373

0.0891113 0.00184373
0.0891602 0.0018437

0.0891602 0.0018437
0.089209 0.00184366

0.089209 0.00184366
0.0892578 0.00184363

0.0892578 0.00184363
0.0893066 0.0018436

0.0893066 0.0018436
0.0893555 0.00184357

0.0893555 0.00184357
0.0894043 0.00184354

0.0894043 0.00184354
0.0894531 0.00184351

0.0894531 0.00184351
0.089502 0.00184348

0.089502 0.00184348
0.0895508 0.00184345

0.0895508 0.00184345
0.0895996 0.00184342

0.0895996 0.00184342
0.0896484 0.00184339

0.0896484 0.00184339
0.0896973 0.00184336

0.0896973 0.00184336
0.0897461 0.00184333

0.0897461 0.00184333
0.0897949 0.0018433

0.0897949 0.0018433
0.0898438 0.00184327

0.0898438 0.00184327
0.0898926 0.00184325

0.0898926 0.00184325
0.0899414 0.00184322

0.0899414 0.00184322
0.0899902 0.0018432

0.0899902 0.0018432
0.0900391 0.00184318

0.0900391 0.00184318
0.0900879 0.00184315

0.0900879 0.00184315
0.0901367 0.00184313

0.0901367 0.00184313
0.0901855 0.00184311

0.0901855 0.00184311
0.0902344 0.0018431

0.0902344 0.0018431
0.0902832 0.00184308

0.0902832 0.00184308
0.090332 0.00184306

0.090332 0.00184306
0.0903809 0.00184305

0.0903809 0.00184305
0.0904297 0.00184303

0.0904297 0.00184303
0.0904785 0.00184302

0.0904785 0.00184302
0.0905273 0.00184301

0.0905273 0.00184301
0.0905762 0.001843

0.0905762 0.001843
0.090625 0.001843

0.090625 0.001843
0.0906738 0.00184299

0.0906738 0.00184299
0.0907227 0.00184299

0.0907227 0.00184299
0.0907715 0.00184298

0.0907715 0.00184298
0.0908203 0.00184298

0.0908203 0.00184298
0.0908691 0.00184298

0.0908691 0.00184298
0.090918 0.00184298

0.090918 0.00184298
0.0909668 0.00184299

0.0909668 0.00184299
0.0910156 0.00184299

0.0910156 0.00184299
0.0910645 0.001843

0.0910645 0.001843
0.0911133 0.00184301

0.0911133 0.00184301
0.0911621 0.00184302

0.0911621 0.00184302
0.0912109 0.00184303

0.0912109 0.00184303
0.0912598 0.00184304

0.0912598 0.00184304
0.0913086 0.00184305

0.0913086 0.00184305
0.0913574 0.00184307

0.0913574 0.00184307
0.0914063 0.00184309

0.0914062 0.00184309
0.0914551 0.0018431

0.0914551 0.0018431
0.0915039 0.00184312

0.0915039 0.00184312
0.0915527 0.00184314

0.0915527 0.00184314
0.0916016 0.00184317

0.0916016 0.00184317
0.0916504 0.00184319

0.0916504 0.00184319
0.0916992 0.00184322

0.0916992 0.00184322
0.091748 0.00184324

0.091748 0.00184324
0.0917969 0.00184327

0.0917969 0.00184327
0.0918457 0.0018433

0.0918457 0.0018433
0.0918945 0.00184333

0.0918945 0.00184333
0.0919434 0.00184336

0.0919434 0.00184336
0.0919922 0.00184339

0.0919922 0.00184339
0.092041 0.00184342

0.092041 0.00184342
0.0920898 0.00184345

0.0920898 0.00184345
0.0921387 0.00184349

0.0921387 0.00184349
0.0921875 0.00184352

0.0921875 0.00184352
0.0922363 0.00184356

0.0922363 0.00184356
0.0922852 0.00184359

0.0922852 0.00184359
0.092334 0.00184363

0.092334 0.00184363
0.0923828 0.00184367

0.0923828 0.00184367
0.0924316 0.0018437

0.0924316 0.0018437
0.0924805 0.00184374

0.0924805 0.00184374
0.0925293 0.00184378

0.0925293 0.00184378
0.0925781 0.00184382

0.0925781 0.00184382
0.092627 0.00184385

0.092627 0.00184385
0.0926758 0.00184389

0.0926758 0.00184389
0.0927246 0.00184393

0.0927246 0.00184393
0.0927734 0.00184396

0.0927734 0.00184396
0.0928223 0.001844

0.0928223 0.001844
0.0928711 0.00184404

0.0928711 0.00184404
0.0929199 0.00184407

0.0929199 0.00184407
0.0929688 0.00184411

0.0929688 0.00184411
0.0930176 0.00184414

0.0930176 0.00184414
0.0930664 0.00184417

0.0930664 0.00184417
0.0931152 0.00184421

0.0931152 0.00184421
0.0931641 0.00184424

0.0931641 0.00184424
0.0932129 0.00184427

0.0932129 0.00184427
0.0932617 0.0018443

0.0932617 0.0018443
0.0933105 0.00184432

0.0933105 0.00184432
0.0933594 0.00184435

0.0933594 0.00184435
0.0934082 0.00184438

0.0934082 0.00184438
0.093457 0.0018444

0.093457 0.0018444
0.0935059 0.00184442

0.0935059 0.00184442
0.0935547 0.00184444

0.0935547 0.00184444
0.0936035 0.00184446

0.0936035 0.00184446
0.0936523 0.00184448

0.0936523 0.00184448
0.0937012 0.0018445

0.0937012 0.0018445
0.09375 0.00184451

0.09375 0.00184451
0.0937988 0.00184453

0.0937988 0.00184453
0.0938477 0.00184454

0.0938477 0.00184454
0.0938965 0.00184455

0.0938965 0.00184455
0.0939453 0.00184456

0.0939453 0.00184456
0.0939941 0.00184456

0.0939941 0.00184456
0.094043 0.00184457

0.094043 0.00184457
0.0940918 0.00184457

0.0940918 0.00184457
0.0941406 0.00184457

0.0941406 0.00184457
0.0941895 0.00184457

0.0941895 0.00184457
0.0942383 0.00184457

0.0942383 0.00184457
0.0942871 0.00184457

0.0942871 0.00184457
0.0943359 0.00184457

0.0943359 0.00184457
0.0943848 0.00184456

0.0943848 0.00184456
0.0944336 0.00184455

0.0944336 0.00184455
0.0944824 0.00184455

0.0944824 0.00184455
0.0945313 0.00184454

0.0945312 0.00184454
0.0945801 0.00184453

0.0945801 0.00184453
0.0946289 0.00184452

0.0946289 0.00184452
0.0946777 0.00184451

0.0946777 0.00184451
0.0947266 0.00184449

0.0947266 0.00184449
0.0947754 0.00184448

0.0947754 0.00184448
0.0948242 0.00184447

0.0948242 0.00184447
0.094873 0.00184445

0.094873 0.00184445
0.0949219 0.00184444

0.0949219 0.00184444
0.0949707 0.00184442

0.0949707 0.00184442
0.0950195 0.00184441

0.0950195 0.00184441
0.0950684 0.00184439

0.0950684 0.00184439
0.0951172 0.00184438

0.0951172 0.00184438
0.095166 0.00184436

0.095166 0.00184436
0.0952148 0.00184434

0.0952148 0.00184434
0.0952637 0.00184433

0.0952637 0.00184433
0.0953125 0.00184431

0.0953125 0.00184431
0.0953613 0.0018443

0.0953613 0.0018443
0.0954102 0.00184428

0.0954102 0.00184428
0.095459 0.00184427

0.095459 0.00184427
0.0955078 0.00184425

0.0955078 0.00184425
0.0955566 0.00184424

0.0955566 0.00184424
0.0956055 0.00184423

0.0956055 0.00184423
0.0956543 0.00184422

0.0956543 0.00184422
0.0957031 0.0018442

0.0957031 0.0018442
0.095752 0.00184419

0.095752 0.00184419
0.0958008 0.00184418

0.0958008 0.00184418
0.0958496 0.00184417

0.0958496 0.00184417
0.0958984 0.00184417

0.0958984 0.00184417
0.0959473 0.00184416

0.0959473 0.00184416
0.0959961 0.00184415

0.0959961 0.00184415
0.0960449 0.00184415

0.0960449 0.00184415
0.0960938 0.00184414

0.0960938 0.00184414
0.0961426 0.00184414

0.0961426 0.00184414
0.0961914 0.00184414

0.0961914 0.00184414
0.0962402 0.00184413

0.0962402 0.00184413
0.0962891 0.00184413

0.0962891 0.00184413
0.0963379 0.00184413

0.0963379 0.00184413
0.0963867 0.00184413

0.0963867 0.00184413
0.0964355 0.00184414

0.0964355 0.00184414
0.0964844 0.00184414

0.0964844 0.00184414
0.0965332 0.00184414

0.0965332 0.00184414
0.096582 0.00184414

0.096582 0.00184414
0.0966309 0.00184415

0.0966309 0.00184415
0.0966797 0.00184415

0.0966797 0.00184415
0.0967285 0.00184416

0.0967285 0.00184416
0.0967773 0.00184417

0.0967773 0.00184417
0.0968262 0.00184417

0.0968262 0.00184417
0.096875 0.00184418

0.096875 0.00184418
0.0969238 0.00184419

0.0969238 0.00184419
0.0969727 0.00184419

0.0969727 0.00184419
0.0970215 0.0018442

0.0970215 0.0018442
0.0970703 0.00184421

0.0970703 0.00184421
0.0971191 0.00184422

0.0971191 0.00184422
0.097168 0.00184422

0.097168 0.00184422
0.0972168 0.00184423

0.0972168 0.00184423
0.0972656 0.00184424

0.0972656 0.00184424
0.0973145 0.00184425

0.0973145 0.00184425
0.0973633 0.00184425

0.0973633 0.00184425
0.0974121 0.00184426

0.0974121 0.00184426
0.0974609 0.00184427

0.0974609 0.00184427
0.0975098 0.00184427

0.0975098 0.00184427
0.0975586 0.00184428

0.0975586 0.00184428
0.0976074 0.00184428

0.0976074 0.00184428
0.0976563 0.00184428

0.0976562 0.00184428
0.0977051 0.00184429

0.0977051 0.00184429
0.0977539 0.00184429

0.0977539 0.00184429
0.0978027 0.00184429

0.0978027 0.00184429
0.0978516 0.00184429

0.0978516 0.00184429
0.0979004 0.00184429

0.0979004 0.00184429
0.0979492 0.00184429

0.0979492 0.00184429
0.097998 0.00184429

0.097998 0.00184429
0.0980469 0.00184428

0.0980469 0.00184428
0.0980957 0.00184428

0.0980957 0.00184428
0.0981445 0.00184427

0.0981445 0.00184427
0.0981934 0.00184426

0.0981934 0.00184426
0.0982422 0.00184426

0.0982422 0.00184426
0.098291 0.00184425

0.098291 0.00184425
0.0983398 0.00184424

0.0983398 0.00184424
0.0983887 0.00184422

0.0983887 0.00184422
0.0984375 0.00184421

0.0984375 0.00184421
0.0984863 0.0018442

0.0984863 0.0018442
0.0985352 0.00184418

0.0985352 0.00184418
0.098584 0.00184417

0.098584 0.00184417
0.0986328 0.00184415

0.0986328 0.00184415
0.0986816 0.00184413

0.0986816 0.00184413
0.0987305 0.00184411

0.0987305 0.00184411
0.0987793 0.00184409

0.0987793 0.00184409
0.0988281 0.00184407

0.0988281 0.00184407
0.098877 0.00184405

0.098877 0.00184405
0.0989258 0.00184402

0.0989258 0.00184402
0.0989746 0.001844

0.0989746 0.001844
0.0990234 0.00184398

0.0990234 0.00184398
0.0990723 0.00184395

0.0990723 0.00184395
0.0991211 0.00184392

0.0991211 0.00184392
0.0991699 0.0018439

0.0991699 0.0018439
0.0992188 0.00184387

0.0992187 0.00184387
0.0992676 0.00184384

0.0992676 0.00184384
0.0993164 0.00184381

0.0993164 0.00184381
0.0993652 0.00184378

0.0993652 0.00184378
0.0994141 0.00184375

0.0994141 0.00184375
0.0994629 0.00184372

0.0994629 0.00184372
0.0995117 0.00184369

0.0995117 0.00184369
0.0995605 0.00184366

0.0995605 0.00184366
0.0996094 0.00184362

0.0996094 0.00184362
0.0996582 0.00184359

0.0996582 0.00184359
0.099707 0.00184356

0.099707 0.00184356
0.0997559 0.00184353

0.0997559 0.00184353
0.0998047 0.0018435

0.0998047 0.0018435
0.0998535 0.00184346

0.0998535 0.00184346
0.0999023 0.00184343

0.0999023 0.00184343
0.0999512 0.0018434

0.0999512 0.0018434
0.1 0.00184337

0.1 0.00184337
0.100049 0.00184333

0.100049 0.00184333
0.100098 0.0018433

0.100098 0.0018433
0.100146 0.00184327

0.100146 0.00184327
0.100195 0.00184324

0.100195 0.00184324
0.100244 0.00184321

0.100244 0.00184321
0.100293 0.00184318

0.100293 0.00184318
0.100342 0.00184314

0.100342 0.00184314
0.100391 0.00184311

0.100391 0.00184311
0.100439 0.00184308

0.100439 0.00184308
0.100488 0.00184306

0.100488 0.00184306
0.100537 0.00184303

0.100537 0.00184303
0.100586 0.001843

0.100586 0.001843
0.100635 0.00184297

0.100635 0.00184297
0.100684 0.00184294

0.100684 0.00184294
0.100732 0.00184292

0.100732 0.00184292
0.100781 0.00184289

0.100781 0.00184289
0.10083 0.00184286

0.10083 0.00184286
0.100879 0.00184284

0.100879 0.00184284
0.100928 0.00184281

0.100928 0.00184281
0.100977 0.00184279

0.100977 0.00184279
0.101025 0.00184277

0.101025 0.00184277
0.101074 0.00184274

0.101074 0.00184274
0.101123 0.00184272

0.101123 0.00184272
0.101172 0.0018427

0.101172 0.0018427
0.101221 0.00184268

0.101221 0.00184268
0.10127 0.00184266

0.10127 0.00184266
0.101318 0.00184264

0.101318 0.00184264
0.101367 0.00184262

0.101367 0.00184262
0.101416 0.00184261

0.101416 0.00184261
0.101465 0.00184259

0.101465 0.00184259
0.101514 0.00184257

0.101514 0.00184257
0.101563 0.00184256

0.101562 0.00184256
0.101611 0.00184254

0.101611 0.00184254
0.10166 0.00184253

0.10166 0.00184253
0.101709 0.00184252

0.101709 0.00184252
0.101758 0.0018425

0.101758 0.0018425
0.101807 0.00184249

0.101807 0.00184249
0.101855 0.00184248

0.101855 0.00184248
0.101904 0.00184247

0.101904 0.00184247
0.101953 0.00184246

0.101953 0.00184246
0.102002 0.00184245

0.102002 0.00184245
0.102051 0.00184244

0.102051 0.00184244
0.1021 0.00184243

0.1021 0.00184243
0.102148 0.00184242

0.102148 0.00184242
0.102197 0.00184242

0.102197 0.00184242
0.102246 0.00184241

0.102246 0.00184241
0.102295 0.0018424

0.102295 0.0018424
0.102344 0.0018424

0.102344 0.0018424
0.102393 0.00184239

0.102393 0.00184239
0.102441 0.00184239

0.102441 0.00184239
0.10249 0.00184239

0.10249 0.00184239
0.102539 0.00184238

0.102539 0.00184238
0.102588 0.00184238

0.102588 0.00184238
0.102637 0.00184238

0.102637 0.00184238
0.102686 0.00184237

0.102686 0.00184237
0.102734 0.00184237

0.102734 0.00184237
0.102783 0.00184237

0.102783 0.00184237
0.102832 0.00184237

0.102832 0.00184237
0.102881 0.00184237

0.102881 0.00184237
0.10293 0.00184237

0.10293 0.00184237
0.102979 0.00184237

0.102979 0.00184237
0.103027 0.00184237

0.103027 0.00184237
0.103076 0.00184238

0.103076 0.00184238
0.103125 0.00184238

0.103125 0.00184238
0.103174 0.00184238

0.103174 0.00184238
0.103223 0.00184239

0.103223 0.00184239
0.103271 0.00184239

0.103271 0.00184239
0.10332 0.00184239

0.10332 0.00184239
0.103369 0.0018424

0.103369 0.0018424
0.103418 0.0018424

0.103418 0.0018424
0.103467 0.00184241

0.103467 0.00184241
0.103516 0.00184242

0.103516 0.00184242
0.103564 0.00184242

0.103564 0.00184242
0.103613 0.00184243

0.103613 0.00184243
0.103662 0.00184244

0.103662 0.00184244
0.103711 0.00184245

0.103711 0.00184245
0.10376 0.00184246

0.10376 0.00184246
0.103809 0.00184247

0.103809 0.00184247
0.103857 0.00184248

0.103857 0.00184248
0.103906 0.0018425

0.103906 0.0018425
0.103955 0.00184251

0.103955 0.00184251
0.104004 0.00184252

0.104004 0.00184252
0.104053 0.00184254

0.104053 0.00184254
0.104102 0.00184255

0.104102 0.00184255
0.10415 0.00184257

0.10415 0.00184257
0.104199 0.00184259

0.104199 0.00184259
0.104248 0.00184261

0.104248 0.00184261
0.104297 0.00184263

0.104297 0.00184263
0.104346 0.00184265

0.104346 0.00184265
0.104395 0.00184267

0.104395 0.00184267
0.104443 0.00184269

0.104443 0.00184269
0.104492 0.00184272

0.104492 0.00184272
0.104541 0.00184274

0.104541 0.00184274
0.10459 0.00184277

0.10459 0.00184277
0.104639 0.0018428

0.104639 0.0018428
0.104688 0.00184283

0.104688 0.00184283
0.104736 0.00184286

0.104736 0.00184286
0.104785 0.00184289

0.104785 0.00184289
0.104834 0.00184292

0.104834 0.00184292
0.104883 0.00184296

0.104883 0.00184296
0.104932 0.00184299

0.104932 0.00184299
0.10498 0.00184303

0.10498 0.00184303
0.105029 0.00184307

0.105029 0.00184307
0.105078 0.00184311

0.105078 0.00184311
0.105127 0.00184316

0.105127 0.00184316
0.105176 0.0018432

0.105176 0.0018432
0.105225 0.00184325

0.105225 0.00184325
0.105273 0.0018433

0.105273 0.0018433
0.105322 0.00184335

0.105322 0.00184335
0.105371 0.0018434

0.105371 0.0018434
0.10542 0.00184345

0.10542 0.00184345
0.105469 0.0018435

0.105469 0.0018435
0.105518 0.00184356

0.105518 0.00184356
0.105566 0.00184362

0.105566 0.00184362
0.105615 0.00184368

0.105615 0.00184368
0.105664 0.00184374

0.105664 0.00184374
0.105713 0.00184381

0.105713 0.00184381
0.105762 0.00184387

0.105762 0.00184387
0.105811 0.00184394

0.105811 0.00184394
0.105859 0.00184401

0.105859 0.00184401
0.105908 0.00184408

0.105908 0.00184408
0.105957 0.00184415

0.105957 0.00184415
0.106006 0.00184423

0.106006 0.00184423
0.106055 0.00184431

0.106055 0.00184431
0.106104 0.00184438

0.106104 0.00184438
0.106152 0.00184446

0.106152 0.00184446
0.106201 0.00184455

0.106201 0.00184455
0.10625 0.00184463

0.10625 0.00184463
0.106299 0.00184471

0.106299 0.00184471
0.106348 0.0018448

0.106348 0.0018448
0.106396 0.00184489

0.106396 0.00184489
0.106445 0.00184498

0.106445 0.00184498
0.106494 0.00184507

0.106494 0.00184507
0.106543 0.00184516

0.106543 0.00184516
0.106592 0.00184526

0.106592 0.00184526
0.106641 0.00184535

0.106641 0.00184535
0.106689 0.00184545

0.106689 0.00184545
0.106738 0.00184555

0.106738 0.00184555
0.106787 0.00184565

0.106787 0.00184565
0.106836 0.00184575

0.106836 0.00184575
0.106885 0.00184585

0.106885 0.00184585
0.106934 0.00184595

0.106934 0.00184595
0.106982 0.00184606

0.106982 0.00184606
0.107031 0.00184616

0.107031 0.00184616
0.10708 0.00184627

0.10708 0.00184627
0.107129 0.00184637

0.107129 0.00184637
0.107178 0.00184648

0.107178 0.00184648
0.107227 0.00184659

0.107227 0.00184659
0.107275 0.00184669

0.107275 0.00184669
0.107324 0.0018468

0.107324 0.0018468
0.107373 0.00184691

0.107373 0.00184691
0.107422 0.00184702

0.107422 0.00184702
0.107471 0.00184713

0.107471 0.00184713
0.10752 0.00184724

0.10752 0.00184724
0.107568 0.00184735

0.107568 0.00184735
0.107617 0.00184746

0.107617 0.00184746
0.107666 0.00184757

0.107666 0.00184757
0.107715 0.00184768

0.107715 0.00184768
0.107764 0.00184779

0.107764 0.00184779
0.107813 0.0018479

0.107813 0.0018479
0.107861 0.00184801

0.107861 0.00184801
0.10791 0.00184812

0.10791 0.00184812
0.107959 0.00184823

0.107959 0.00184823
0.108008 0.00184833

0.108008 0.00184833
0.108057 0.00184844

0.108057 0.00184844
0.108105 0.00184855

0.108105 0.00184855
0.108154 0.00184865

0.108154 0.00184865
0.108203 0.00184876

0.108203 0.00184876
0.108252 0.00184886

0.108252 0.00184886
0.108301 0.00184896

0.108301 0.00184896
0.10835 0.00184906

0.10835 0.00184906
0.108398 0.00184916

0.108398 0.00184916
0.108447 0.00184926

0.108447 0.00184926
0.108496 0.00184935

0.108496 0.00184935
0.108545 0.00184945

0.108545 0.00184945
0.108594 0.00184954

0.108594 0.00184954
0.108643 0.00184963

0.108643 0.00184963
0.108691 0.00184972

0.108691 0.00184972
0.10874 0.00184981

0.10874 0.00184981
0.108789 0.00184989

0.108789 0.00184989
0.108838 0.00184998

0.108838 0.00184998
0.108887 0.00185006

0.108887 0.00185006
0.108936 0.00185014

0.108936 0.00185014
0.108984 0.00185021

0.108984 0.00185021
0.109033 0.00185029

0.109033 0.00185029
0.109082 0.00185036

0.109082 0.00185036
0.109131 0.00185042

0.109131 0.00185042
0.10918 0.00185049

0.10918 0.00185049
0.109229 0.00185055

0.109229 0.00185055
0.109277 0.00185061

0.109277 0.00185061
0.109326 0.00185067

0.109326 0.00185067
0.109375 0.00185072

0.109375 0.00185072
0.109424 0.00185077

0.109424 0.00185077
0.109473 0.00185082

0.109473 0.00185082
0.109521 0.00185086

0.109521 0.00185086
0.10957 0.0018509

0.10957 0.0018509
0.109619 0.00185094

0.109619 0.00185094
0.109668 0.00185097

0.109668 0.00185097
0.109717 0.001851

0.109717 0.001851
0.109766 0.00185103

0.109766 0.00185103
0.109814 0.00185105

0.109814 0.00185105
0.109863 0.00185107

0.109863 0.00185107
0.109912 0.00185108

0.109912 0.00185108
0.109961 0.00185109

0.109961 0.00185109
0.11001 0.0018511

0.11001 0.0018511
0.110059 0.0018511

0.110059 0.0018511
0.110107 0.0018511

0.110107 0.0018511
0.110156 0.0018511

0.110156 0.0018511
0.110205 0.00185109

0.110205 0.00185109
0.110254 0.00185107

0.110254 0.00185107
0.110303 0.00185105

0.110303 0.00185105
0.110352 0.00185103

0.110352 0.00185103
0.1104 0.00185101

0.1104 0.00185101
0.110449 0.00185098

0.110449 0.00185098
0.110498 0.00185094

0.110498 0.00185094
0.110547 0.0018509

0.110547 0.0018509
0.110596 0.00185086

0.110596 0.00185086
0.110645 0.00185081

0.110645 0.00185081
0.110693 0.00185076

0.110693 0.00185076
0.110742 0.00185071

0.110742 0.00185071
0.110791 0.00185065

0.110791 0.00185065
0.11084 0.00185058

0.11084 0.00185058
0.110889 0.00185052

0.110889 0.00185052
0.110938 0.00185044

0.110937 0.00185044
0.110986 0.00185037

0.110986 0.00185037
0.111035 0.00185029

0.111035 0.00185029
0.111084 0.0018502

0.111084 0.0018502
0.111133 0.00185011

0.111133 0.00185011
0.111182 0.00185002

0.111182 0.00185002
0.11123 0.00184992

0.11123 0.00184992
0.111279 0.00184982

0.111279 0.00184982
0.111328 0.00184972

0.111328 0.00184972
0.111377 0.00184961

0.111377 0.00184961
0.111426 0.0018495

0.111426 0.0018495
0.111475 0.00184939

0.111475 0.00184939
0.111523 0.00184927

0.111523 0.00184927
0.111572 0.00184915

0.111572 0.00184915
0.111621 0.00184902

0.111621 0.00184902
0.11167 0.00184889

0.11167 0.00184889
0.111719 0.00184876

0.111719 0.00184876
0.111768 0.00184862

0.111768 0.00184862
0.111816 0.00184849

0.111816 0.00184849
0.111865 0.00184835

0.111865 0.00184835
0.111914 0.0018482

0.111914 0.0018482
0.111963 0.00184806

0.111963 0.00184806
0.112012 0.00184791

0.112012 0.00184791
0.112061 0.00184776

0.112061 0.00184775
0.112109 0.0018476

0.112109 0.0018476
0.112158 0.00184744

0.112158 0.00184744
0.112207 0.00184729

0.112207 0.00184729
0.112256 0.00184713

0.112256 0.00184713
0.112305 0.00184696

0.112305 0.00184696
0.112354 0.0018468

0.112354 0.0018468
0.112402 0.00184663

0.112402 0.00184663
0.112451 0.00184647

0.112451 0.00184647
0.1125 0.0018463

0.1125 0.0018463
0.112549 0.00184613

0.112549 0.00184613
0.112598 0.00184595

0.112598 0.00184595
0.112646 0.00184578

0.112646 0.00184578
0.112695 0.00184561

0.112695 0.00184561
0.112744 0.00184543

0.112744 0.00184543
0.112793 0.00184526

0.112793 0.00184526
0.112842 0.00184508

0.112842 0.00184508
0.112891 0.00184491

0.112891 0.00184491
0.112939 0.00184473

0.112939 0.00184473
0.112988 0.00184456

0.112988 0.00184456
0.113037 0.00184438

0.113037 0.00184438
0.113086 0.0018442

0.113086 0.0018442
0.113135 0.00184403

0.113135 0.00184403
0.113184 0.00184385

0.113184 0.00184385
0.113232 0.00184368

0.113232 0.00184368
0.113281 0.0018435

0.113281 0.0018435
0.11333 0.00184333

0.11333 0.00184333
0.113379 0.00184316

0.113379 0.00184316
0.113428 0.00184299

0.113428 0.00184299
0.113477 0.00184282

0.113477 0.00184282
0.113525 0.00184265

0.113525 0.00184265
0.113574 0.00184248

0.113574 0.00184248
0.113623 0.00184232

0.113623 0.00184232
0.113672 0.00184215

0.113672 0.00184215
0.113721 0.00184199

0.113721 0.00184199
0.11377 0.00184183

0.11377 0.00184183
0.113818 0.00184167

0.113818 0.00184167
0.113867 0.00184152

0.113867 0.00184152
0.113916 0.00184136

0.113916 0.00184136
0.113965 0.00184121

0.113965 0.00184121
0.114014 0.00184107

0.114014 0.00184107
0.114063 0.00184092

0.114062 0.00184092
0.114111 0.00184078

0.114111 0.00184078
0.11416 0.00184064

0.11416 0.00184064
0.114209 0.0018405

0.114209 0.0018405
0.114258 0.00184037

0.114258 0.00184037
0.114307 0.00184024

0.114307 0.00184024
0.114355 0.00184011

0.114355 0.00184011
0.114404 0.00183999

0.114404 0.00183999
0.114453 0.00183987

0.114453 0.00183987
0.114502 0.00183975

0.114502 0.00183975
0.114551 0.00183964

0.114551 0.00183964
0.1146 0.00183953

0.1146 0.00183953
0.114648 0.00183943

0.114648 0.00183943
0.114697 0.00183933

0.114697 0.00183933
0.114746 0.00183923

0.114746 0.00183923
0.114795 0.00183914

0.114795 0.00183914
0.114844 0.00183905

0.114844 0.00183905
0.114893 0.00183897

0.114893 0.00183897
0.114941 0.00183889

0.114941 0.00183889
0.11499 0.00183882

0.11499 0.00183882
0.115039 0.00183875

0.115039 0.00183875
0.115088 0.00183868

0.115088 0.00183868
0.115137 0.00183862

0.115137 0.00183862
0.115186 0.00183857

0.115186 0.00183857
0.115234 0.00183852

0.115234 0.00183852
0.115283 0.00183847

0.115283 0.00183847
0.115332 0.00183843

0.115332 0.00183843
0.115381 0.00183839

0.115381 0.00183839
0.11543 0.00183836

0.11543 0.00183836
0.115479 0.00183834

0.115479 0.00183834
0.115527 0.00183832

0.115527 0.00183832
0.115576 0.0018383

0.115576 0.0018383
0.115625 0.00183829

0.115625 0.00183829
0.115674 0.00183829

0.115674 0.00183829
0.115723 0.00183829

0.115723 0.00183829
0.115771 0.00183829

0.115771 0.00183829
0.11582 0.00183831

0.11582 0.00183831
0.115869 0.00183832

0.115869 0.00183832
0.115918 0.00183835

0.115918 0.00183835
0.115967 0.00183838

0.115967 0.00183838
0.116016 0.00183841

0.116016 0.00183841
0.116064 0.00183845

0.116064 0.00183845
0.116113 0.00183849

0.116113 0.00183849
0.116162 0.00183855

0.116162 0.00183855
0.116211 0.0018386

0.116211 0.0018386
0.11626 0.00183866

0.11626 0.00183866
0.116309 0.00183873

0.116309 0.00183873
0.116357 0.0018388

0.116357 0.0018388
0.116406 0.00183888

0.116406 0.00183888
0.116455 0.00183896

0.116455 0.00183896
0.116504 0.00183905

0.116504 0.00183905
0.116553 0.00183914

0.116553 0.00183914
0.116602 0.00183924

0.116602 0.00183924
0.11665 0.00183934

0.11665 0.00183934
0.116699 0.00183945

0.116699 0.00183945
0.116748 0.00183956

0.116748 0.00183956
0.116797 0.00183968

0.116797 0.00183968
0.116846 0.0018398

0.116846 0.0018398
0.116895 0.00183993

0.116895 0.00183993
0.116943 0.00184007

0.116943 0.00184007
0.116992 0.00184021

0.116992 0.00184021
0.117041 0.00184036

0.117041 0.00184036
0.11709 0.00184051

0.11709 0.00184051
0.117139 0.00184067

0.117139 0.00184067
0.117188 0.00184084

0.117188 0.00184084
0.117236 0.00184101

0.117236 0.00184101
0.117285 0.00184119

0.117285 0.00184119
0.117334 0.00184138

0.117334 0.00184138
0.117383 0.00184157

0.117383 0.00184157
0.117432 0.00184177

0.117432 0.00184177
0.11748 0.00184197

0.11748 0.00184197
0.117529 0.00184217

0.117529 0.00184217
0.117578 0.00184238

0.117578 0.00184238
0.117627 0.00184259

0.117627 0.00184259
0.117676 0.00184281

0.117676 0.00184281
0.117725 0.00184302

0.117725 0.00184302
0.117773 0.00184325

0.117773 0.00184325
0.117822 0.00184347

0.117822 0.00184347
0.117871 0.0018437

0.117871 0.0018437
0.11792 0.00184393

0.11792 0.00184393
0.117969 0.00184416

0.117969 0.00184416
0.118018 0.0018444

0.118018 0.0018444
0.118066 0.00184463

0.118066 0.00184463
0.118115 0.00184487

0.118115 0.00184487
0.118164 0.00184512

0.118164 0.00184512
0.118213 0.00184536

0.118213 0.00184536
0.118262 0.00184561

0.118262 0.00184561
0.118311 0.00184586

0.118311 0.00184586
0.118359 0.0018461

0.118359 0.00184611
0.118408 0.00184635

0.118408 0.00184636
0.118457 0.00184661

0.118457 0.00184661
0.118506 0.00184686

0.118506 0.00184686
0.118555 0.00184711

0.118555 0.00184711
0.118604 0.00184736

0.118604 0.00184736
0.118652 0.00184762

0.118652 0.00184762
0.118701 0.00184787

0.118701 0.00184787
0.11875 0.00184813

0.11875 0.00184813
0.118799 0.00184839

0.118799 0.00184839
0.118848 0.00184865

0.118848 0.00184865
0.118896 0.00184891

0.118896 0.00184891
0.118945 0.00184918

0.118945 0.00184918
0.118994 0.00184944

0.118994 0.00184944
0.119043 0.00184971

0.119043 0.00184971
0.119092 0.00184997

0.119092 0.00184997
0.119141 0.00185024

0.119141 0.00185024
0.119189 0.0018505

0.119189 0.0018505
0.119238 0.00185077

0.119238 0.00185077
0.119287 0.00185103

0.119287 0.00185103
0.119336 0.00185129

0.119336 0.00185129
0.119385 0.00185156

0.119385 0.00185156
0.119434 0.00185182

0.119434 0.00185182
0.119482 0.00185207

0.119482 0.00185208
0.119531 0.00185233

0.119531 0.00185233
0.11958 0.00185258

0.11958 0.00185258
0.119629 0.00185283

0.119629 0.00185283
0.119678 0.00185308

0.119678 0.00185308
0.119727 0.00185332

0.119727 0.00185332
0.119775 0.00185356

0.119775 0.00185356
0.119824 0.00185379

0.119824 0.00185379
0.119873 0.00185401

0.119873 0.00185401
0.119922 0.00185423

0.119922 0.00185423
0.119971 0.00185444

0.119971 0.00185444
0.12002 0.00185464

0.12002 0.00185465
0.120068 0.00185484

0.120068 0.00185484
0.120117 0.00185502

0.120117 0.001855
0.120166 0.00185521

0.120166 0.00185522
0.120215 0.00185545

0.120215 0.00185545
0.12022 0.00185547

0.120218 0.00185547
0.120264 0.00185567

0.120264 0.00185567
0.120313 0.00185586

0.120313 0.00185586
0.120361 0.00185604

0.120361 0.00185604
0.12041 0.00185621

0.12041 0.00185621
0.120459 0.00185639

0.120459 0.00185639
0.120508 0.00185656

0.120508 0.00185657
0.120557 0.00185673

0.120557 0.00185673
0.120605 0.00185688

0.120605 0.00185688
0.120654 0.00185701

0.120654 0.00185701
0.120703 0.00185713

0.120703 0.00185713
0.120752 0.00185725

0.120752 0.00185725
0.120801 0.00185737

0.120801 0.00185737
0.12085 0.00185747

0.12085 0.00185747
0.120898 0.00185757

0.120898 0.00185757
0.120947 0.00185765

0.120947 0.00185765
0.120996 0.00185774

0.120996 0.00185774
0.121045 0.00185781

0.121045 0.00185781
0.121094 0.00185788

0.121094 0.00185788
0.121143 0.00185794

0.121143 0.00185794
0.121191 0.001858

0.121191 0.001858
0.12124 0.00185805

0.12124 0.00185805
0.121289 0.00185809

0.121289 0.00185809
0.121338 0.00185812

0.121338 0.00185812
0.121387 0.00185813

0.121387 0.00185813
0.121436 0.00185813

0.121436 0.00185813
0.121484 0.00185812

0.121484 0.00185812
0.121533 0.0018581

0.121533 0.0018581
0.121582 0.00185807

0.121582 0.00185807
0.121631 0.00185803

0.121631 0.00185803
0.12168 0.00185798

0.12168 0.00185798
0.121729 0.00185792

0.121729 0.00185792
0.121777 0.00185786

0.121777 0.00185786
0.121826 0.00185778

0.121826 0.00185778
0.121875 0.0018577

0.121875 0.0018577
0.121924 0.00185761

0.121924 0.00185761
0.121973 0.00185751

0.121973 0.00185751
0.122021 0.0018574

0.122021 0.0018574
0.12207 0.00185729

0.12207 0.00185729
0.122119 0.00185716

0.122119 0.00185716
0.122168 0.00185702

0.122168 0.00185702
0.122217 0.00185686

0.122217 0.00185686
0.122266 0.0018567

0.122266 0.0018567
0.122314 0.00185653

0.122314 0.00185653
0.122363 0.00185636

0.122363 0.00185635
0.122412 0.00185619

0.122412 0.00185619
0.122461 0.00185603

0.122461 0.00185606
0.12251 0.00185585

0.122559 0.00185545
0.122555 0.00185547

0.12251 0.00185585
0.122559 0.00185552

0.122559 0.00185543
0.122607 0.00185517

0.122559 0.00185549
0.122563 0.00185547

0.122607 0.00185525
0.122656 0.00185508

0.122656 0.00185509
0.122705 0.00185485

0.122705 0.00185483
0.122754 0.00185454

0.122754 0.00185454
0.122803 0.00185425

0.122803 0.00185425
0.122852 0.00185397

0.122852 0.00185398
0.1229 0.0018537

0.1229 0.0018537
0.122949 0.00185341

0.122949 0.00185341
0.122998 0.0018531

0.122998 0.0018531
0.123047 0.00185277

0.123047 0.00185277
0.123096 0.00185244

0.123096 0.00185244
0.123145 0.00185209

0.123145 0.00185209
0.123193 0.00185174

0.123193 0.00185174
0.123242 0.00185138

0.123242 0.00185138
0.123291 0.00185101

0.123291 0.00185101
0.12334 0.00185063

0.12334 0.00185063
0.123389 0.00185025

0.123389 0.00185025
0.123438 0.00184986

0.123438 0.00184986
0.123486 0.00184946

0.123486 0.00184946
0.123535 0.00184903

0.123535 0.00184903
0.123584 0.00184858

0.123584 0.00184858
0.123633 0.00184812

0.123633 0.00184812
0.123682 0.00184765

0.123682 0.00184765
0.12373 0.00184718

0.12373 0.00184718
0.123779 0.00184671

0.123779 0.00184671
0.123828 0.00184625

0.123828 0.00184625
0.123877 0.00184579

0.123877 0.0018458
0.123926 0.00184533

0.123926 0.00184533
0.123975 0.00184484

0.123975 0.00184484
0.124023 0.00184433

0.124023 0.00184433
0.124072 0.00184379

0.124072 0.00184379
0.124121 0.00184322

0.124121 0.00184322
0.12417 0.00184263

0.12417 0.00184263
0.124219 0.00184203

0.124219 0.00184203
0.124268 0.00184141

0.124268 0.00184141
0.124316 0.00184079

0.124316 0.00184079
0.124365 0.00184016

0.124365 0.00184016
0.124414 0.00183953

0.124414 0.00183953
0.124463 0.0018389

0.124463 0.0018389
0.124512 0.00183825

0.124512 0.00183825
0.124561 0.0018376

0.124561 0.0018376
0.124609 0.00183693

0.124609 0.00183693
0.124658 0.00183624

0.124658 0.00183624
0.124707 0.00183555

0.124707 0.00183555
0.124756 0.00183485

0.124756 0.00183485
0.124805 0.00183414

0.124805 0.00183414
0.124854 0.00183344

0.124854 0.00183344
0.124902 0.00183272

0.124902 0.00183273
0.124951 0.00183201

0.124951 0.00183201
0.125 0.00183129

0.125 0.00183129
0.125049 0.00183058

0.125049 0.00183058
0.125098 0.00182985

0.125098 0.00182985
0.125146 0.00182912

0.125146 0.00182912
0.125195 0.00182838

0.125195 0.00182838
0.125244 0.00182764

0.125244 0.00182764
0.125293 0.00182688

0.125293 0.00182688
0.125342 0.00182612

0.125342 0.00182612
0.125391 0.00182536

0.125391 0.00182536
0.125439 0.00182459

0.125439 0.00182459
0.125488 0.00182381

0.125488 0.00182381
0.125537 0.00182302

0.125537 0.00182302
0.125586 0.00182222

0.125586 0.00182222
0.125635 0.00182142

0.125635 0.00182142
0.125684 0.00182061

0.125684 0.00182061
0.125732 0.00181978

0.125732 0.00181978
0.125781 0.00181895

0.125781 0.00181895
0.12583 0.00181811

0.12583 0.00181811
0.125879 0.00181726

0.125879 0.00181726
0.125928 0.00181642

0.125928 0.00181641
0.125977 0.00181556

0.125977 0.00181556
0.126025 0.00181471

0.126025 0.00181471
0.126074 0.00181386

0.126074 0.00181386
0.126123 0.00181301

0.126123 0.00181301
0.126172 0.00181217

0.126172 0.00181217
0.126221 0.00181132

0.126221 0.00181133
0.12627 0.00181048

0.12627 0.00181048
0.126318 0.00180962

0.126318 0.00180961
0.126367 0.00180875

0.126367 0.00180875
0.126416 0.00180791

0.126416 0.00180792
0.126465 0.00180707

0.126514 0.0018062
0.126489 0.00180664

0.126465 0.00180707
0.126489 0.00180664

0.126514 0.00180619
0.126563 0.00180533

0.126562 0.00180533
0.126611 0.00180447

0.126611 0.00180448
0.12666 0.00180363

0.12666 0.00180363
0.126709 0.00180278

0.126709 0.00180278
0.126758 0.00180194

0.126758 0.00180194
0.126807 0.0018011

0.126807 0.0018011
0.126855 0.00180026

0.126855 0.00180026
0.126904 0.00179944

0.126904 0.00179944
0.126953 0.00179861

0.126953 0.00179861
0.127002 0.0017978

0.127002 0.0017978
0.127051 0.00179699

0.127051 0.00179699
0.1271 0.0017962

0.1271 0.0017962
0.127148 0.00179541

0.127148 0.00179541
0.127197 0.00179463

0.127197 0.00179463
0.127246 0.00179386

0.127246 0.00179386
0.127295 0.0017931

0.127295 0.0017931
0.127344 0.00179235

0.127344 0.00179235
0.127393 0.00179161

0.127393 0.00179161
0.127441 0.00179089

0.127441 0.00179089
0.12749 0.00179017

0.12749 0.00179017
0.127539 0.00178948

0.127539 0.00178948
0.127588 0.00178879

0.127588 0.00178879
0.127637 0.00178813

0.127637 0.00178813
0.127686 0.00178747

0.127686 0.00178747
0.127734 0.00178684

0.127734 0.00178684
0.127783 0.00178622

0.127783 0.00178622
0.127832 0.00178562

0.127832 0.00178562
0.127881 0.00178504

0.127881 0.00178504
0.12793 0.00178448

0.12793 0.00178448
0.127979 0.00178393

0.127979 0.00178393
0.128027 0.00178341

0.128027 0.00178341
0.128076 0.0017829

0.128076 0.0017829
0.128125 0.00178242

0.128125 0.00178242
0.128174 0.00178197

0.128174 0.00178197
0.128223 0.00178153

0.128223 0.00178153
0.128271 0.00178112

0.128271 0.00178112
0.12832 0.00178073

0.12832 0.00178073
0.128369 0.00178037

0.128369 0.00178037
0.128418 0.00178004

0.128418 0.00178004
0.128467 0.00177973

0.128467 0.00177973
0.128516 0.00177944

0.128516 0.00177944
0.128564 0.00177919

0.128564 0.00177919
0.128613 0.00177896

0.128613 0.00177896
0.128662 0.00177877

0.128662 0.00177877
0.128711 0.0017786

0.128711 0.0017786
0.12876 0.00177846

0.12876 0.00177846
0.128809 0.00177835

0.128809 0.00177835
0.128857 0.00177828

0.128857 0.00177828
0.128906 0.00177823

0.128906 0.00177823
0.128955 0.00177822

0.128955 0.00177822
0.129004 0.00177824

0.129004 0.00177824
0.129053 0.0017783

0.129053 0.0017783
0.129102 0.00177839

0.129102 0.00177839
0.12915 0.00177851

0.12915 0.00177851
0.129199 0.00177867

0.129199 0.00177867
0.129248 0.00177887

0.129248 0.00177887
0.129297 0.0017791

0.129297 0.0017791
0.129346 0.00177937

0.129346 0.00177937
0.129395 0.00177967

0.129395 0.00177967
0.129443 0.00178001

0.129443 0.00178001
0.129492 0.00178039

0.129492 0.00178039
0.129541 0.00178081

0.129541 0.00178081
0.12959 0.00178127

0.12959 0.00178127
0.129639 0.00178176

0.129639 0.00178176
0.129688 0.0017823

0.129688 0.0017823
0.129736 0.00178288

0.129736 0.00178288
0.129785 0.0017835

0.129785 0.0017835
0.129834 0.00178416

0.129834 0.00178416
0.129883 0.00178485

0.129883 0.00178485
0.129932 0.00178559

0.129932 0.00178559
0.12998 0.00178637

0.12998 0.00178637
0.130029 0.00178719

0.130029 0.00178719
0.130078 0.00178805

0.130078 0.00178805
0.130127 0.00178895

0.130127 0.00178895
0.130176 0.00178989

0.130176 0.00178989
0.130225 0.00179087

0.130225 0.00179087
0.130273 0.00179189

0.130273 0.00179189
0.130322 0.00179296

0.130322 0.00179296
0.130371 0.00179406

0.130371 0.00179406
0.13042 0.0017952

0.13042 0.0017952
0.130469 0.00179638

0.130469 0.00179638
0.130518 0.0017976

0.130518 0.0017976
0.130566 0.00179886

0.130566 0.00179886
0.130615 0.00180016

0.130615 0.00180016
0.130664 0.00180149

0.130664 0.00180148
0.130713 0.00180285

0.130713 0.00180285
0.130762 0.00180427

0.130762 0.00180427
0.130811 0.00180571

0.130811 0.00180571
0.130841 0.00180664

0.130841 0.00180664
0.130859 0.00180718

0.130859 0.00180718
0.130908 0.0018087

0.130908 0.0018087
0.130957 0.00181024

0.130957 0.00181024
0.131006 0.00181182

0.131006 0.00181182
0.131055 0.00181342

0.131055 0.00181342
0.131104 0.00181506

0.131104 0.00181506
0.131152 0.00181672

0.131152 0.00181672
0.131201 0.00181841

0.131201 0.00181841
0.13125 0.00182013

0.13125 0.00182013
0.131299 0.00182187

0.131299 0.00182187
0.131348 0.00182364

0.131348 0.00182364
0.131396 0.00182543

0.131396 0.00182543
0.131445 0.00182724

0.131445 0.00182724
0.131494 0.00182907

0.131494 0.00182907
0.131543 0.00183092

0.131543 0.00183092
0.131592 0.0018328

0.131592 0.0018328
0.131641 0.0018347

0.131641 0.0018347
0.131689 0.00183661

0.131689 0.00183661
0.131738 0.00183853

0.131738 0.00183853
0.131787 0.00184047

0.131787 0.00184047
0.131836 0.00184242

0.131836 0.00184243
0.131885 0.00184439

0.131885 0.00184439
0.131934 0.00184636

0.131934 0.00184636
0.131982 0.00184833

0.131982 0.00184833
0.132031 0.00185031

0.132031 0.0018503
0.13208 0.0018523

0.13208 0.0018523
0.132129 0.0018543

0.132129 0.0018543
0.132158 0.00185547

0.132157 0.00185547
0.132178 0.0018563

0.132178 0.0018563
0.132227 0.0018583

0.132227 0.00185831
0.132275 0.00186029

0.132275 0.00186029
0.132324 0.00186226

0.132324 0.00186226
0.132373 0.00186421

0.132373 0.00186421
0.132422 0.00186616

0.132422 0.00186616
0.132471 0.0018681

0.132471 0.0018681
0.13252 0.00187003

0.13252 0.00187003
0.132568 0.00187194

0.132568 0.00187194
0.132617 0.00187383

0.132617 0.00187383
0.132666 0.00187571

0.132666 0.00187571
0.132715 0.00187756

0.132715 0.00187755
0.132764 0.00187938

0.132764 0.00187938
0.132812 0.00188119

0.132812 0.0018812
0.132861 0.00188298

0.132861 0.00188299
0.13291 0.00188475

0.13291 0.00188475
0.132959 0.00188648

0.132959 0.00188648
0.133008 0.00188818

0.133008 0.00188818
0.133057 0.00188985

0.133057 0.00188985
0.133105 0.00189149

0.133105 0.00189149
0.133154 0.0018931

0.133154 0.0018931
0.133203 0.00189467

0.133203 0.00189467
0.133252 0.0018962

0.133252 0.0018962
0.133301 0.0018977

0.133301 0.0018977
0.13335 0.00189915

0.13335 0.00189915
0.133398 0.00190056

0.133398 0.00190056
0.133447 0.00190193

0.133447 0.00190194
0.133496 0.00190326

0.133496 0.00190326
0.133536 0.0019043

0.133537 0.0019043
0.133545 0.0019045

0.133545 0.00190451
0.133594 0.00190573

0.133594 0.00190573
0.133643 0.00190692

0.133643 0.00190692
0.133691 0.00190806

0.133691 0.00190806
0.13374 0.00190915

0.13374 0.00190915
0.133789 0.00191019

0.133789 0.00191019
0.133838 0.00191118

0.133838 0.00191118
0.133887 0.00191212

0.133887 0.00191212
0.133936 0.001913

0.133936 0.001913
0.133984 0.00191383

0.133984 0.00191383
0.134033 0.00191461

0.134033 0.00191461
0.134082 0.00191534

0.134082 0.00191534
0.134131 0.00191601

0.134131 0.00191601
0.13418 0.00191663

0.13418 0.00191663
0.134229 0.00191719

0.134229 0.00191719
0.134277 0.0019177

0.134277 0.0019177
0.134326 0.00191815

0.134326 0.00191815
0.134375 0.00191855

0.134375 0.00191855
0.134424 0.00191889

0.134424 0.00191889
0.134473 0.00191917

0.134473 0.00191917
0.134521 0.0019194

0.134521 0.0019194
0.13457 0.00191957

0.13457 0.00191957
0.134619 0.00191969

0.134619 0.00191969
0.134668 0.00191976

0.134668 0.00191976
0.134717 0.00191976

0.134717 0.00191976
0.134766 0.00191972

0.134766 0.00191972
0.134814 0.00191961

0.134814 0.00191961
0.134863 0.00191946

0.134863 0.00191946
0.134912 0.00191925

0.134912 0.00191925
0.134961 0.00191899

0.134961 0.00191899
0.13501 0.00191868

0.13501 0.00191868
0.135059 0.00191832

0.135059 0.00191832
0.135107 0.0019179

0.135107 0.0019179
0.135156 0.00191744

0.135156 0.00191744
0.135205 0.00191693

0.135205 0.00191693
0.135254 0.00191637

0.135254 0.00191637
0.135303 0.00191577

0.135303 0.00191576
0.135352 0.00191511

0.135352 0.00191511
0.1354 0.00191441

0.1354 0.00191441
0.135449 0.00191367

0.135449 0.00191367
0.135498 0.00191289

0.135498 0.00191289
0.135547 0.00191206

0.135547 0.00191206
0.135596 0.00191119

0.135596 0.00191119
0.135645 0.00191028

0.135645 0.00191029
0.135693 0.00190934

0.135693 0.00190934
0.135742 0.00190834

0.135742 0.00190834
0.135791 0.00190731

0.135791 0.00190731
0.13584 0.00190625

0.13584 0.00190625
0.135889 0.00190518

0.135938 0.00190407
0.135928 0.0019043

0.135889 0.00190518
0.135928 0.0019043

0.135937 0.00190407
0.135986 0.00190293

0.135986 0.00190293
0.136035 0.00190176

0.136035 0.00190176
0.136084 0.00190055

0.136084 0.00190055
0.136133 0.00189931

0.136133 0.00189931
0.136182 0.00189805

0.136182 0.00189805
0.13623 0.00189677

0.13623 0.00189676
0.136279 0.00189546

0.136279 0.00189546
0.136328 0.00189413

0.136328 0.00189413
0.136377 0.00189277

0.136377 0.00189277
0.136426 0.0018914

0.136426 0.0018914
0.136475 0.00189001

0.136475 0.00189001
0.136523 0.0018886

0.136523 0.0018886
0.136572 0.00188718

0.136572 0.00188718
0.136621 0.00188574

0.136621 0.00188574
0.13667 0.00188428

0.13667 0.00188428
0.136719 0.00188281

0.136719 0.00188281
0.136768 0.00188133

0.136768 0.00188133
0.136816 0.00187984

0.136816 0.00187984
0.136865 0.00187835

0.136865 0.00187835
0.136914 0.00187685

0.136914 0.00187685
0.136963 0.00187533

0.136963 0.00187533
0.137012 0.00187382

0.137012 0.00187382
0.137061 0.00187229

0.137061 0.00187229
0.137109 0.00187077

0.137109 0.00187077
0.137158 0.00186924

0.137158 0.00186924
0.137207 0.00186771

0.137207 0.00186771
0.137256 0.00186618

0.137256 0.00186618
0.137305 0.00186465

0.137305 0.00186465
0.137354 0.00186313

0.137354 0.00186313
0.137402 0.00186161

0.137402 0.00186161
0.137451 0.00186009

0.137451 0.00186009
0.1375 0.00185858

0.1375 0.00185858
0.137549 0.00185709

0.137549 0.00185709
0.137598 0.0018556

0.137646 0.00185411
0.137602 0.00185547

0.137598 0.0018556
0.137602 0.00185547

0.137646 0.00185411
0.137695 0.00185262

0.137695 0.00185262
0.137744 0.00185114

0.137744 0.00185113
0.137793 0.00184966

0.137793 0.00184966
0.137842 0.0018482

0.137842 0.0018482
0.137891 0.00184675

0.137891 0.00184675
0.137939 0.00184531

0.137939 0.00184531
0.137988 0.00184388

0.137988 0.00184388
0.138037 0.00184246

0.138037 0.00184246
0.138086 0.00184105

0.138086 0.00184105
0.138135 0.00183966

0.138135 0.00183966
0.138184 0.00183829

0.138184 0.00183829
0.138232 0.00183693

0.138232 0.00183693
0.138281 0.00183559

0.138281 0.00183559
0.13833 0.00183427

0.13833 0.00183427
0.138379 0.00183297

0.138379 0.00183296
0.138428 0.00183168

0.138428 0.00183168
0.138477 0.00183041

0.138477 0.00183041
0.138525 0.00182917

0.138525 0.00182917
0.138574 0.00182795

0.138574 0.00182795
0.138623 0.00182674

0.138623 0.00182674
0.138672 0.00182556

0.138672 0.00182556
0.138721 0.0018244

0.138721 0.0018244
0.13877 0.00182326

0.13877 0.00182326
0.138818 0.00182214

0.138818 0.00182214
0.138867 0.00182105

0.138867 0.00182105
0.138916 0.00181998

0.138916 0.00181998
0.138965 0.00181894

0.138965 0.00181894
0.139014 0.00181792

0.139014 0.00181792
0.139063 0.00181693

0.139063 0.00181693
0.139111 0.00181596

0.139111 0.00181596
0.13916 0.00181502

0.13916 0.00181502
0.139209 0.00181411

0.139209 0.00181411
0.139258 0.00181322

0.139258 0.00181322
0.139307 0.00181236

0.139307 0.00181236
0.139355 0.00181153

0.139355 0.00181153
0.139404 0.00181073

0.139404 0.00181073
0.139453 0.00180995

0.139453 0.00180995
0.139502 0.0018092

0.139502 0.0018092
0.139551 0.00180847

0.139551 0.00180847
0.1396 0.00180779

0.1396 0.00180779
0.139648 0.00180714

0.139697 0.00180649
0.139686 0.00180664

0.139648 0.00180714
0.139686 0.00180664

0.139697 0.00180648
0.139746 0.00180586

0.139746 0.00180586
0.139795 0.00180528

0.139795 0.00180528
0.139844 0.00180474

0.139844 0.00180474
0.139893 0.00180422

0.139893 0.00180422
0.139941 0.00180374

0.139941 0.00180374
0.13999 0.00180328

0.140039 0
0.140039 2.43215e-06

0.140038 4.88281e-05
0.140039 4.97113e-05

0.13999 0.00180328
0.140039 0.00180286

0.140059 0
0.140079 4.88281e-05

0.140067 4.88281e-05
0.140088 7.18794e-05

0.140039 0.00180286
0.140088 0.00180247

0.140088 5.64573e-05
0.140137 8.84539e-05

0.140088 0.00180247
0.140137 0.00180211

0.140137 8.20681e-05
0.140186 9.34048e-05

0.140137 0.00180211
0.140186 0.00180179

0.140186 9.28384e-05
0.140234 9.74198e-05

0.140186 0.00180179
0.140234 0.00180149

0.140234 9.70359e-05
0.140283 9.67628e-05

0.140234 0.00180149
0.140283 0.00180123

0.140283 9.62758e-05
0.140332 9.28899e-05

0.140283 0.00180123
0.140332 0.001801

0.140332 9.27617e-05
0.140381 8.74935e-05

0.140332 0.001801
0.140381 0.0018008

0.140381 8.77022e-05
0.14043 8.03908e-05

0.140381 0.0018008
0.14043 0.00180064

0.14043 8.07694e-05
0.140479 7.02398e-05

0.14043 0.00180064
0.140479 0.0018005

0.140479 7.53417e-05
0.140527 5.06328e-05

0.140479 0.0018005
0.140527 0.0018004

0.140556 0
0.140534 4.88281e-05

0.140527 7.55643e-05
0.140557 4.88281e-05

0.140527 0.0018004
0.140576 0.00180033

0.140576 4.5713e-06
0.140577 0

0.140576 5.90174e-05
0.140582 4.88281e-05

0.140576 0.00180033
0.140625 0.00180029

0.140625 0.00180029
0.140674 0.00180029

0.140674 0.00180029
0.140723 0.00180031

0.140723 0.00180031
0.140771 0.00180037

0.140771 0.00180037
0.14082 0.00180046

0.14082 0.00180046
0.140869 0.00180058

0.140869 0.00180058
0.140918 0.00180073

0.140918 0.00180073
0.140967 0.00180091

0.140967 0.00180091
0.141016 0.00180112

0.141016 0.00180112
0.141064 0.00180136

0.141064 0.00180136
0.141113 0.00180163

0.141113 0.00180163
0.141162 0.00180192

0.141162 0.00180192
0.141211 0.00180225

0.141211 0.00180225
0.14126 0.0018026

0.14126 0.0018026
0.141309 0.00180298

0.141309 0.00180298
0.141357 0.00180338

0.141357 0.00180338
0.141406 0.00180381

0.141406 0.00180381
0.141455 0.00180427

0.141455 0.00180427
0.141504 0.00180475

0.141504 0.00180475
0.141553 0.00180526

0.141553 0.00180526
0.141602 0.00180578

0.141602 0.00180578
0.14165 0.00180633

0.14165 0.00180632
0.141677 0.00180664

0.141677 0.00180664
0.141699 0.00180691

0.141699 0.00180691
0.141748 0.00180751

0.141748 0.00180751
0.141797 0.00180813

0.141797 0.00180813
0.141846 0.00180877

0.141846 0.00180877
0.141895 0.00180942

0.141895 0.00180942
0.141943 0.0018101

0.141943 0.0018101
0.141992 0.00181078

0.141992 0.00181078
0.142041 0.00181149

0.142041 0.00181149
0.14209 0.00181221

0.14209 0.00181221
0.142139 0.00181294

0.142139 0.00181294
0.142188 0.00181369

0.142187 0.00181369
0.142236 0.00181444

0.142236 0.00181444
0.142285 0.00181521

0.142285 0.00181521
0.142334 0.00181599

0.142334 0.00181599
0.142383 0.00181678

0.142383 0.00181678
0.142432 0.00181758

0.142432 0.00181758
0.14248 0.00181839

0.14248 0.00181839
0.142529 0.0018192

0.142529 0.0018192
0.142578 0.00182003

0.142578 0.00182003
0.142627 0.00182085

0.142627 0.00182085
0.142676 0.00182169

0.142676 0.00182169
0.142725 0.00182253

0.142725 0.00182253
0.142773 0.00182337

0.142773 0.00182337
0.142822 0.00182422

0.142822 0.00182422
0.142871 0.00182507

0.142871 0.00182507
0.14292 0.00182592

0.14292 0.00182592
0.142969 0.00182677

0.142969 0.00182677
0.143018 0.00182762

0.143018 0.00182762
0.143066 0.00182847

0.143066 0.00182847
0.143115 0.00182931

0.143115 0.00182931
0.143164 0.00183015

0.143164 0.00183015
0.143213 0.00183098

0.143213 0.00183098
0.143262 0.00183181

0.143262 0.00183181
0.143311 0.00183263

0.143311 0.00183263
0.143359 0.00183345

0.143359 0.00183345
0.143408 0.00183425

0.143408 0.00183425
0.143457 0.00183504

0.143457 0.00183504
0.143506 0.00183582

0.143506 0.00183582
0.143555 0.00183659

0.143555 0.00183659
0.143604 0.00183735

0.143604 0.00183735
0.143652 0.0018381

0.143652 0.0018381
0.143701 0.00183883

0.143701 0.00183883
0.14375 0.00183955

0.14375 0.00183955
0.143799 0.00184025

0.143799 0.00184025
0.143848 0.00184095

0.143848 0.00184095
0.143896 0.00184162

0.143896 0.00184162
0.143945 0.00184229

0.143945 0.00184229
0.143994 0.00184293

0.143994 0.00184293
0.144043 0.00184356

0.144043 0.00184356
0.144092 0.00184416

0.144092 0.00184416
0.144141 0.00184474

0.144141 0.00184474
0.144189 0.0018453

0.144189 0.0018453
0.144238 0.00184584

0.144238 0.00184584
0.144287 0.00184634

0.144287 0.00184634
0.144336 0.00184682

0.144336 0.00184682
0.144385 0.00184727

0.144385 0.00184727
0.144434 0.0018477

0.144434 0.0018477
0.144482 0.00184809

0.144482 0.00184809
0.144531 0.00184846

0.144531 0.00184846
0.14458 0.0018488

0.14458 0.0018488
0.144629 0.00184911

0.144629 0.00184911
0.144678 0.00184939

0.144678 0.00184939
0.144727 0.00184965

0.144727 0.00184965
0.144775 0.00184988

0.144775 0.00184988
0.144824 0.00185009

0.144824 0.00185009
0.144873 0.00185026

0.144873 0.00185026
0.144922 0.00185041

0.144922 0.00185041
0.144971 0.00185054

0.144971 0.00185054
0.14502 0.00185063

0.14502 0.00185063
0.145068 0.00185069

0.145068 0.00185069
0.145117 0.00185073

0.145155 0
0.145166 2.66535e-05

0.145117 0.00185073
0.145166 0.00185073

0.145166 2.29976e-05
0.145184 4.88281e-05

0.145183 4.88281e-05
0.145215 7.07934e-05

0.145166 0.00185073
0.145215 0.00185071

0.145215 6.42669e-05
0.145264 7.46722e-05

0.145215 0.00185071
0.145264 0.00185066

0.145264 7.0174e-05
0.145313 7.40728e-05

0.145264 0.00185066
0.145313 0.00185058

0.145313 7.48776e-05
0.145361 7.96256e-05

0.145313 0.00185058
0.145361 0.00185048

0.145361 8.00639e-05
0.14541 8.31486e-05

0.145361 0.00185048
0.14541 0.00185035

0.14541 8.40584e-05
0.145459 8.2809e-05

0.14541 9.76703e-05
0.145411 9.76563e-05

0.14541 0.00185035
0.145459 0.00185019

0.145459 8.15478e-05
0.145508 7.67199e-05

0.145459 0.00185019
0.145508 0.00185001

0.145508 7.70537e-05
0.145557 7.05027e-05

0.145508 0.00185001
0.145557 0.0018498

0.145557 7.80092e-05
0.145605 5.40553e-05

0.145557 0.0018498
0.145605 0.00184956

0.145645 0
0.145617 4.88281e-05

0.145605 5.58745e-05
0.145614 4.88281e-05

0.145605 0.00184956
0.145654 0.0018493

0.145654 0.0018493
0.145703 0.00184902

0.145703 0.00184902
0.145752 0.00184871

0.145752 0.00184871
0.145801 0.00184838

0.145801 0.00184838
0.14585 0.00184803

0.14585 0.00184803
0.145898 0.00184766

0.145898 0.00184766
0.145947 0.00184726

0.145947 0.00184726
0.145996 0.00184685

0.145996 0.00184685
0.146045 0.00184641

0.146045 0.00184641
0.146094 0.00184596

0.146094 0.00184596
0.146143 0.00184549

0.146143 0.00184549
0.146191 0.00184501

0.146191 0.00184501
0.14624 0.0018445

0.14624 0.0018445
0.146289 0.00184399

0.146289 0.00184399
0.146338 0.00184346

0.146338 0.00184346
0.146387 0.00184291

0.146387 0.00184291
0.146436 0.00184236

0.146436 0.00184236
0.146484 0.00184179

0.146484 0.00184179
0.146533 0.00184122

0.146533 0.00184122
0.146582 0.00184063

0.146582 0.00184063
0.146631 0.00184004

0.146631 0.00184004
0.14668 0.00183944

0.14668 0.00183944
0.146729 0.00183884

0.146729 0.00183884
0.146777 0.00183823

0.146777 0.00183823
0.146826 0.00183762

0.146826 0.00183762
0.146875 0.001837

0.146875 0.001837
0.146924 0.00183639

0.146924 0.00183639
0.146973 0.00183577

0.146973 0.00183577
0.147021 0.00183516

0.147021 0.00183516
0.14707 0.00183454

0.14707 0.00183454
0.147119 0.00183394

0.147119 0.00183393
0.147168 0.00183333

0.147168 0.00183333
0.147217 0.00183273

0.147217 0.00183273
0.147266 0.00183214

0.147266 0.00183214
0.147314 0.00183155

0.147314 0.00183155
0.147363 0.00183097

0.147363 0.00183097
0.147412 0.0018304

0.147412 0.0018304
0.147461 0.00182985

0.147461 0.00182985
0.14751 0.0018293

0.14751 0.0018293
0.147559 0.00182877

0.147559 0.00182877
0.147607 0.00182825

0.147607 0.00182825
0.147656 0.00182774

0.147656 0.00182774
0.147705 0.00182725

0.147705 0.00182725
0.147754 0.00182678

0.147754 0.00182678
0.147803 0.00182632

0.147803 0.00182632
0.147852 0.00182589

0.147852 0.00182589
0.1479 0.00182547

0.1479 0.00182547
0.147949 0.00182507

0.147949 0.00182507
0.147998 0.0018247

0.147998 0.0018247
0.148047 0.00182434

0.148047 0.00182434
0.148096 0.00182402

0.148096 0.00182401
0.148145 0.00182371

0.148145 0.00182371
0.148193 0.00182343

0.148193 0.00182343
0.148242 0.00182317

0.148242 0.00182317
0.148291 0.00182294

0.148291 0.00182294
0.14834 0.00182274

0.14834 0.00182274
0.148389 0.00182257

0.148389 0.00182257
0.148438 0.00182242

0.148438 0.00182242
0.148486 0.00182231

0.148486 0.00182231
0.148535 0.00182222

0.148535 0.00182222
0.148584 0.00182216

0.148584 0.00182216
0.148633 0.00182214

0.148633 0.00182214
0.148682 0.00182214

0.148682 0.00182214
0.14873 0.00182218

0.14873 0.00182218
0.148779 0.00182225

0.148779 0.00182225
0.148828 0.00182236

0.148828 0.00182236
0.148877 0.00182249

0.148877 0.00182249
0.148926 0.00182266

0.148926 0.00182266
0.148975 0.00182287

0.148975 0.00182287
0.149023 0.00182311

0.149023 0.00182311
0.149072 0.00182338

0.149072 0.00182338
0.149121 0.00182369

0.149121 0.00182369
0.14917 0.00182403

0.14917 0.00182403
0.149219 0.0018244

0.149219 0.0018244
0.149268 0.00182482

0.149268 0.00182482
0.149316 0.00182526

0.149316 0.00182526
0.149365 0.00182574

0.149365 0.00182574
0.149414 0.00182626

0.149414 0.00182626
0.149463 0.00182681

0.149463 0.00182681
0.149512 0.00182739

0.149512 0.00182739
0.149561 0.00182801

0.149561 0.00182801
0.149609 0.00182866

0.149609 0.00182866
0.149658 0.00182934

0.149658 0.00182934
0.149707 0.00183005

0.149707 0.00183005
0.149756 0.0018308

0.149756 0.0018308
0.149805 0.00183158

0.149805 0.00183158
0.149854 0.00183239

0.149854 0.00183239
0.149902 0.00183323

0.149902 0.00183323
0.149951 0.0018341

0.149951 0.0018341
0.15 0.001835

0.15 0.001835
0.150049 0.00183593

0.150049 0.00183593
0.150098 0.00183688

0.150098 0.00183688
0.150146 0.00183786

0.150146 0.00183786
0.150195 0.00183886

0.150195 0.00183886
0.150244 0.00183989

0.150244 0.00183989
0.150293 0.00184094

0.150293 0.00184094
0.150342 0.00184201

0.150342 0.00184201
0.150391 0.0018431

0.150391 0.0018431
0.150439 0.00184421

0.150439 0.00184421
0.150488 0.00184534

0.150488 0.00184534
0.150537 0.00184648

0.150537 0.00184648
0.150586 0.00184765

0.150586 0.00184765
0.150635 0.00184882

0.150635 0.00184882
0.150684 0.00185001

0.150684 0.00185001
0.150732 0.0018512

0.150732 0.0018512
0.150781 0.0018524

0.150781 0.0018524
0.15083 0.00185362

0.15083 0.00185362
0.150879 0.00185484

0.150879 0.00185484
0.150904 0.00185547

0.150904 0.00185547
0.150928 0.00185607

0.150928 0.00185607
0.150977 0.00185731

0.150977 0.00185731
0.151025 0.00185854

0.151025 0.00185854
0.151074 0.00185977

0.151074 0.00185977
0.151123 0.00186098

0.151123 0.00186098
0.151172 0.0018622

0.151172 0.0018622
0.151221 0.00186341

0.151221 0.00186341
0.15127 0.0018646

0.15127 0.0018646
0.151318 0.00186579

0.151318 0.00186579
0.151367 0.00186697

0.151367 0.00186697
0.151416 0.00186813

0.151416 0.00186813
0.151465 0.00186927

0.151465 0.00186927
0.151514 0.0018704

0.151514 0.0018704
0.151563 0.00187151

0.151563 0.00187151
0.151611 0.00187261

0.151611 0.00187261
0.15166 0.00187368

0.15166 0.00187368
0.151709 0.00187473

0.151709 0.00187473
0.151758 0.00187575

0.151758 0.00187575
0.151807 0.00187676

0.151807 0.00187676
0.151855 0.00187773

0.151855 0.00187773
0.151904 0.00187868

0.151904 0.00187868
0.151953 0.0018796

0.151953 0.0018796
0.152002 0.00188049

0.152002 0.00188049
0.152051 0.00188135

0.152085 0
0.152087 4.88281e-05

0.152087 4.88281e-05
0.152093 9.76563e-05

0.152093 9.76563e-05
0.1521 0.000138616

0.152051 0.00188135
0.1521 0.00188218

0.1521 0.000138575
0.152101 0.000146484

0.152101 0.000146484
0.152112 0.000195313

0.152112 0.000195313
0.152127 0.000244141

0.152127 0.000244141
0.152145 0.000292969

0.152145 0.000292969
0.152148 0.00029997

0.1521 0.00188218
0.152148 0.00188297

0.152148 0.000299972
0.152168 0.000341797

0.152167 0.000341797
0.152194 0.000390625

0.152194 0.000390625
0.152197 0.000395671

0.152148 0.00188297
0.152197 0.00188373

0.152197 0.000395515
0.152226 0.000439453

0.152226 0.000439453
0.152246 0.000466267

0.152197 0.00188373
0.152246 0.00188445

0.152246 0.000465949
0.152263 0.000488281

0.152263 0.000488281
0.152295 0.000524004

0.152246 0.00188445
0.152295 0.00188513

0.152295 0.000523503
0.152308 0.000537109

0.152307 0.000537109
0.152344 0.000571667

0.152295 0.00188513
0.152344 0.00188578

0.152344 0.000571054
0.152361 0.000585938

0.15236 0.000585937
0.152393 0.000612013

0.152344 0.00188578
0.152393 0.00188639

0.152393 0.000611653
0.152425 0.000634766

0.152425 0.000634766
0.152441 0.000646214

0.152393 0.00188639
0.152441 0.00188696

0.152441 0.00064613
0.15249 0.00067558

0.152441 0.00188696
0.15249 0.00188749

0.15249 0.000674936
0.152507 0.000683594

0.152506 0.000683594
0.152539 0.000700615

0.15249 0.00188749
0.152539 0.00188798

0.152539 0.000700277
0.152588 0.000721244

0.152539 0.00188798
0.152588 0.00188842

0.152588 0.000721018
0.15262 0.000732422

0.152619 0.000732422
0.152637 0.000738733

0.152588 0.00188842
0.152637 0.00188883

0.152637 0.000738544
0.152686 0.000752642

0.152637 0.00188883
0.152686 0.00188919

0.152686 0.000752526
0.152734 0.00076353

0.152686 0.00188919
0.152734 0.0018895

0.152734 0.000763551
0.152783 0.000771655

0.152734 0.0018895
0.152783 0.00188978

0.152783 0.00077167
0.152832 0.000776799

0.152783 0.00188978
0.152832 0.00189001

0.152832 0.00077678
0.152881 0.000778944

0.152832 0.00189001
0.152881 0.00189019

0.152881 0.000778923
0.15293 0.000778204

0.152881 0.00189019
0.15293 0.00189033

0.15293 0.000778198
0.152979 0.00077465

0.15293 0.00189033
0.152979 0.00189043

0.152979 0.000774672
0.153027 0.000768261

0.152979 0.00189043
0.153027 0.00189048

0.153027 0.000768303
0.153076 0.000758901

0.153027 0.00189048
0.153076 0.00189048

0.153076 0.000758883
0.153125 0.000746442

0.153076 0.00189048
0.153125 0.00189044

0.153174 0.000731532
0.153171 0.000732422

0.153125 0.000746347
0.153169 0.000732422

0.153125 0.00189044
0.153174 0.00189035

0.153174 0.000731529
0.153223 0.000712478

0.153174 0.00189035
0.153223 0.00189022

0.153223 0.000712085
0.153271 0.000689153

0.153223 0.00189022
0.153271 0.00189004

0.15332 0.00066288
0.153283 0.000683594

0.153271 0.000688667
0.153281 0.000683594

0.153271 0.00189004
0.15332 0.00188982

0.153369 0.000631128
0.153364 0.000634766

0.15332 0.000662368
0.153363 0.000634766

0.15332 0.00188982
0.153369 0.00188955

0.153369 0.000631043
0.153418 0.000593874

0.153369 0.00188955
0.153418 0.00188924

0.153467 0.000550389
0.153427 0.000585938

0.153418 0.000592977
0.153426 0.000585937

0.153418 0.00188924
0.153467 0.00188889

0.153516 0.000497949
0.15348 0.000537109

0.153467 0.000549511
0.153479 0.000537109

0.153467 0.00188889
0.153516 0.0018885

0.153564 0.00043425
0.153561 0.000439453

0.153561 0.000439453
0.153524 0.000488281

0.153516 0.000497501
0.153523 0.000488281

0.153516 0.0018885
0.153564 0.00188806

0.153613 0.000353009
0.153593 0.000390625

0.153564 0.000434221
0.153593 0.000390625

0.153564 0.00188806
0.153613 0.00188758

0.153662 0.000236182
0.15366 0.000244141

0.15366 0.000244141
0.153641 0.000292969

0.153642 0.000292969
0.153619 0.000341797

0.153613 0.000353023
0.153619 0.000341797

0.153613 0.00188758
0.153662 0.00188705

0.1537 0
0.153698 4.88281e-05

0.153698 4.88281e-05
0.153693 9.76563e-05

0.153693 9.76563e-05
0.153686 0.000146484

0.153686 0.000146484
0.153674 0.000195313

0.153662 0.000236187
0.153674 0.000195313

0.153662 0.00188705
0.153711 0.00188649

0.153711 0.00188649
0.15376 0.00188589

0.15376 0.00188589
0.153809 0.00188525

0.153809 0.00188525
0.153857 0.00188457

0.153857 0.00188457
0.153906 0.00188386

0.153906 0.00188386
0.153955 0.00188311

0.153955 0.00188311
0.154004 0.00188232

0.154004 0.00188232
0.154053 0.0018815

0.154053 0.0018815
0.154102 0.00188065

0.154102 0.00188065
0.15415 0.00187977

0.15415 0.00187977
0.154199 0.00187886

0.154199 0.00187886
0.154248 0.00187792

0.154248 0.00187792
0.154297 0.00187695

0.154297 0.00187695
0.154346 0.00187595

0.154346 0.00187595
0.154395 0.00187493

0.154395 0.00187493
0.154443 0.00187388

0.154443 0.00187388
0.154492 0.00187281

0.154492 0.00187281
0.154541 0.00187172

0.154541 0.00187172
0.15459 0.00187061

0.15459 0.00187061
0.154639 0.00186948

0.154639 0.00186948
0.154688 0.00186833

0.154688 0.00186833
0.154736 0.00186717

0.154736 0.00186717
0.154785 0.00186599

0.154785 0.00186599
0.154834 0.0018648

0.154834 0.0018648
0.154883 0.0018636

0.154883 0.0018636
0.154932 0.0018624

0.154932 0.0018624
0.15498 0.00186119

0.15498 0.00186119
0.155029 0.00185997

0.155029 0.00185996
0.155078 0.00185874

0.155078 0.00185873
0.155127 0.00185752

0.155127 0.00185753
0.155176 0.00185631

0.155225 0.00185507
0.155209 0.00185547

0.155176 0.00185631
0.155209 0.00185547

0.155225 0.00185507
0.155273 0.00185383

0.155273 0.00185383
0.155322 0.0018526

0.155322 0.0018526
0.155371 0.00185136

0.155371 0.00185136
0.15542 0.00185013

0.15542 0.00185013
0.155469 0.0018489

0.155469 0.0018489
0.155518 0.00184768

0.155518 0.00184768
0.155566 0.00184647

0.155566 0.00184647
0.155615 0.00184526

0.155615 0.00184526
0.155664 0.00184406

0.155664 0.00184406
0.155713 0.00184287

0.155713 0.00184287
0.155762 0.00184169

0.155762 0.00184169
0.155811 0.00184053

0.155811 0.00184053
0.155859 0.00183938

0.155859 0.00183938
0.155908 0.00183825

0.155908 0.00183825
0.155957 0.00183714

0.155957 0.00183714
0.156006 0.00183604

0.156006 0.00183604
0.156055 0.00183496

0.156055 0.00183496
0.156104 0.0018339

0.156104 0.0018339
0.156152 0.00183286

0.156152 0.00183286
0.156201 0.00183183

0.156201 0.00183183
0.15625 0.00183084

0.15625 0.00183084
0.156299 0.00182986

0.156299 0.00182986
0.156348 0.00182891

0.156348 0.00182891
0.156396 0.00182798

0.156396 0.00182798
0.156445 0.00182708

0.156445 0.00182708
0.156494 0.0018262

0.156494 0.0018262
0.156543 0.00182535

0.156543 0.00182535
0.156592 0.00182452

0.156592 0.00182452
0.156641 0.00182373

0.156641 0.00182373
0.156689 0.00182296

0.156689 0.00182296
0.156738 0.00182222

0.156738 0.00182222
0.156787 0.0018215

0.156787 0.0018215
0.156836 0.00182082

0.156836 0.00182082
0.156885 0.00182017

0.156885 0.00182017
0.156934 0.00181955

0.156934 0.00181955
0.156982 0.00181897

0.156982 0.00181897
0.157031 0.00181841

0.157031 0.00181841
0.15708 0.00181789

0.15708 0.00181789
0.157129 0.00181739

0.157129 0.00181739
0.157178 0.00181693

0.157178 0.00181693
0.157227 0.00181651

0.157227 0.00181651
0.157275 0.00181611

0.157275 0.00181611
0.157324 0.00181575

0.157324 0.00181575
0.157373 0.00181542

0.157373 0.00181542
0.157422 0.00181513

0.157422 0.00181513
0.157471 0.00181487

0.157471 0.00181487
0.15752 0.00181464

0.15752 0.00181464
0.157568 0.00181445

0.157568 0.00181445
0.157617 0.00181429

0.157617 0.00181429
0.157666 0.00181417

0.157666 0.00181417
0.157715 0.00181407

0.157715 0.00181407
0.157764 0.00181402

0.157764 0.00181402
0.157813 0.00181399

0.157812 0.00181399
0.157861 0.001814

0.157861 0.001814
0.15791 0.00181404

0.15791 0.00181404
0.157959 0.00181411

0.157959 0.00181411
0.158008 0.00181422

0.158008 0.00181422
0.158057 0.00181436

0.158057 0.00181436
0.158105 0.00181453

0.158105 0.00181453
0.158154 0.00181473

0.158154 0.00181473
0.158203 0.00181497

0.158203 0.00181497
0.158252 0.00181523

0.158252 0.00181523
0.158301 0.00181553

0.158301 0.00181553
0.15835 0.00181585

0.15835 0.00181585
0.158398 0.00181621

0.158398 0.00181621
0.158447 0.0018166

0.158447 0.0018166
0.158496 0.00181701

0.158496 0.00181701
0.158545 0.00181745

0.158545 0.00181745
0.158594 0.00181792

0.158612 0
0.158614 4.88281e-05

0.158614 4.88281e-05
0.158618 9.76563e-05

0.158618 9.76563e-05
0.158624 0.000146484

0.158624 0.000146484
0.158632 0.000195313

0.158632 0.000195313
0.158643 0.000239926

0.158594 0.00181792
0.158643 0.00181842

0.158643 0.000239897
0.158644 0.000244141

0.158643 0.000244141
0.158658 0.000292969

0.158657 0.000292969
0.158675 0.000341797

0.158675 0.000341797
0.158691 0.000381889

0.158643 0.00181842
0.158691 0.00181894

0.158691 0.000382126
0.158695 0.000390625

0.158695 0.000390625
0.158719 0.000439453

0.158719 0.000439453
0.15874 0.000476913

0.158691 0.00181894
0.15874 0.00181949

0.15874 0.000476847
0.158747 0.000488281

0.158746 0.000488281
0.158779 0.000537109

0.15878 0.000537109
0.158789 0.000549857

0.15874 0.00181949
0.158789 0.00182006

0.158789 0.000549549
0.158818 0.000585938

0.158818 0.000585937
0.158838 0.000608457

0.158789 0.00182006
0.158838 0.00182066

0.158838 0.000608139
0.158863 0.000634766

0.158863 0.000634766
0.158887 0.000657151

0.158838 0.00182066
0.158887 0.00182129

0.158887 0.000657022
0.158919 0.000683594

0.158918 0.000683594
0.158936 0.000697651

0.158887 0.00182129
0.158936 0.00182193

0.158936 0.000697505
0.158984 0.000731968

0.158936 0.00182193
0.158984 0.0018226

0.158984 0.000731024
0.158987 0.000732422

0.158985 0.000732422
0.159033 0.000760813

0.158984 0.0018226
0.159033 0.00182329

0.159033 0.000760244
0.159076 0.00078125

0.159076 0.00078125
0.159082 0.000784102

0.159033 0.00182329
0.159082 0.001824

0.159082 0.000784029
0.159131 0.000803786

0.159082 0.001824
0.159131 0.00182474

0.159131 0.000803692
0.15918 0.000819588

0.159131 0.00182474
0.15918 0.00182549

0.15918 0.000819624
0.159222 0.000830078

0.159222 0.000830078
0.159229 0.00083174

0.15918 0.00182549
0.159229 0.00182626

0.159229 0.000831669
0.159277 0.000840272

0.159229 0.00182626
0.159277 0.00182705

0.159277 0.000840195
0.159326 0.000845618

0.159277 0.00182705
0.159326 0.00182785

0.159326 0.000845639
0.159375 0.000847995

0.159326 0.00182785
0.159375 0.00182867

0.159375 0.000847997
0.159424 0.000847239

0.159375 0.00182867
0.159424 0.0018295

0.159424 0.000847229
0.159473 0.000843377

0.159424 0.0018295
0.159473 0.00183035

0.159473 0.000843351
0.159521 0.000836473

0.159473 0.00183035
0.159521 0.00183121

0.15957 0.000826924
0.159555 0.000830078

0.159521 0.000836343
0.159552 0.000830078

0.159521 0.00183121
0.15957 0.00183209

0.15957 0.000826674
0.159619 0.000813259

0.15957 0.00183209
0.159619 0.00183297

0.159619 0.000813085
0.159668 0.000796351

0.159619 0.00183297
0.159668 0.00183386

0.159717 0.000776825
0.159706 0.00078125

0.159668 0.000796416
0.159705 0.00078125

0.159668 0.00183386
0.159717 0.00183476

0.159717 0.000776618
0.159766 0.000752637

0.159717 0.00183476
0.159766 0.00183567

0.159814 0.000724977
0.159802 0.000732422

0.159766 0.000752414
0.1598 0.000732422

0.159766 0.00183567
0.159814 0.00183658

0.159814 0.000724594
0.159863 0.000692055

0.159814 0.00183658
0.159863 0.0018375

0.159912 0.000654697
0.159875 0.000683594

0.159863 0.000691446
0.159874 0.000683594

0.159863 0.0018375
0.159912 0.00183842

0.159961 0.00061034
0.159934 0.000634766

0.159912 0.000653778
0.159934 0.000634766

0.159912 0.00183842
0.159961 0.00183935

0.16001 0.00055827
0.159985 0.000585938

0.159961 0.000609641
0.159984 0.000585937

0.159961 0.00183935
0.16001 0.00184028

0.160059 0.000496914
0.160028 0.000537109

0.16001 0.000558236
0.160028 0.000537109

0.16001 0.00184028
0.160059 0.00184121

0.160107 0.000419862
0.160096 0.000439453

0.160097 0.000439453
0.160065 0.000488281

0.160059 0.000496821
0.160065 0.000488281

0.160059 0.00184121
0.160107 0.00184214

0.160156 0.000319041
0.160147 0.000341797

0.160147 0.000341797
0.160124 0.000390625

0.160107 0.000419923
0.160124 0.000390625

0.160107 0.00184214
0.160156 0.00184307

0.160205 0.000151182
0.160196 0.000195313

0.160196 0.000195313
0.160183 0.000244141

0.160183 0.000244141
0.160167 0.000292969

0.160156 0.000319034
0.160167 0.000292969

0.160156 0.00184307
0.160205 0.001844

0.160218 0
0.160217 4.88281e-05

0.160217 4.88281e-05
0.160213 9.76563e-05

0.160213 9.76563e-05
0.160206 0.000146484

0.160205 0.000151293
0.160206 0.000146484

0.160205 0.001844
0.160254 0.00184493

0.160254 0.00184493
0.160303 0.00184585

0.160303 0.00184585
0.160352 0.00184677

0.160352 0.00184677
0.1604 0.00184769

0.1604 0.00184769
0.160449 0.0018486

0.160449 0.0018486
0.160498 0.0018495

0.160498 0.0018495
0.160547 0.00185039

0.160547 0.00185039
0.160596 0.00185127

0.160596 0.00185127
0.160645 0.00185214

0.160645 0.00185214
0.160693 0.001853

0.160693 0.001853
0.160742 0.00185385

0.160742 0.00185386
0.160791 0.00185468

0.160791 0.00185468
0.160839 0.00185547

0.160839 0.00185547
0.16084 0.00185548

0.16084 0.00185549
0.160889 0.00185629

0.160889 0.0018563
0.160938 0.00185709

0.160938 0.00185709
0.160986 0.00185787

0.160986 0.00185787
0.161035 0.00185862

0.161035 0.00185862
0.161084 0.00185935

0.161084 0.00185935
0.161133 0.00186006

0.161133 0.00186006
0.161182 0.00186075

0.161182 0.00186075
0.16123 0.00186141

0.16123 0.00186141
0.161279 0.00186206

0.161279 0.00186206
0.161328 0.00186268

0.161328 0.00186268
0.161377 0.00186328

0.161377 0.00186328
0.161426 0.00186386

0.161426 0.00186386
0.161475 0.00186442

0.161475 0.00186441
0.161523 0.00186495

0.161523 0.00186495
0.161572 0.00186545

0.161572 0.00186545
0.161621 0.00186594

0.161621 0.00186594
0.16167 0.0018664

0.16167 0.0018664
0.161719 0.00186684

0.161719 0.00186684
0.161768 0.00186725

0.161768 0.00186725
0.161816 0.00186764

0.161816 0.00186764
0.161865 0.001868

0.161865 0.001868
0.161914 0.00186835

0.161914 0.00186835
0.161963 0.00186866

0.161963 0.00186866
0.162012 0.00186895

0.162051 0
0.162053 4.88281e-05

0.162053 4.88281e-05
0.162058 9.76563e-05

0.162058 9.76563e-05
0.162061 0.000109522

0.162012 0.00186895
0.162061 0.00186922

0.162061 0.000109597
0.162067 0.000146484

0.162068 0.000146484
0.16208 0.000195313

0.16208 0.000195313
0.162096 0.000244141

0.162096 0.000244141
0.162109 0.000278358

0.162061 0.00186922
0.162109 0.00186946

0.162109 0.000278408
0.162115 0.000292969

0.162115 0.000292969
0.162137 0.000341797

0.162137 0.000341797
0.162158 0.000381632

0.162109 0.00186946
0.162158 0.00186968

0.162158 0.000381695
0.162163 0.000390625

0.162163 0.000390625
0.162192 0.000439453

0.162192 0.000439453
0.162207 0.000461745

0.162158 0.00186968
0.162207 0.00186988

0.162207 0.000461699
0.162225 0.000488281

0.162224 0.000488281
0.162256 0.000530161

0.162207 0.00186988
0.162256 0.00187005

0.162256 0.000530546
0.162261 0.000537109

0.16226 0.000537109
0.162303 0.000585938

0.162302 0.000585937
0.162305 0.000588298

0.162256 0.00187005
0.162305 0.0018702

0.162305 0.000588304
0.162352 0.000634766

0.162353 0.000634766
0.162354 0.000635643

0.162305 0.0018702
0.162354 0.00187032

0.162354 0.000635644
0.162402 0.000674553

0.162354 0.00187032
0.162402 0.00187042

0.162402 0.000673782
0.162418 0.000683594

0.162416 0.000683594
0.162451 0.000705555

0.162402 0.00187042
0.162451 0.00187049

0.162451 0.000704837
0.1625 0.000728844

0.162451 0.00187049
0.1625 0.00187054

0.1625 0.000728921
0.16251 0.000732422

0.162509 0.000732422
0.162549 0.00074667

0.1625 0.00187054
0.162549 0.00187057

0.162549 0.000746183
0.162598 0.000757685

0.162549 0.00187057
0.162598 0.00187057

0.162598 0.000757764
0.162646 0.000763954

0.162598 0.00187057
0.162646 0.00187054

0.162646 0.000763893
0.162695 0.000764733

0.162646 0.00187054
0.162695 0.0018705

0.162695 0.000764844
0.162744 0.000760232

0.162695 0.0018705
0.162744 0.00187043

0.162744 0.000760334
0.162793 0.000749845

0.162744 0.00187043
0.162793 0.00187034

0.162793 0.000749937
0.162842 0.000733186

0.162793 0.00187034
0.162842 0.00187022

0.162891 0.000709594
0.162844 0.000732422

0.162842 0.000732677
0.162842 0.000732422

0.162842 0.00187022
0.162891 0.00187009

0.162939 0.000677801
0.162931 0.000683594

0.162891 0.000709532
0.16293 0.000683594

0.162891 0.00187009
0.162939 0.00186993

0.162939 0.000678075
0.162988 0.000635461

0.162939 0.00186993
0.162988 0.00186975

0.163037 0.000578506
0.163032 0.000585938

0.163032 0.000585937
0.162989 0.000634766

0.162988 0.000634849
0.162988 0.000634766

0.162988 0.00186975
0.163037 0.00186954

0.163086 0.000503158
0.163066 0.000537109

0.163037 0.000577763
0.163066 0.000537109

0.163037 0.00186954
0.163086 0.00186931

0.163135 0.000396686
0.163117 0.000439453

0.163118 0.000439453
0.163094 0.000488281

0.163086 0.000502581
0.163094 0.000488281

0.163086 0.00186931
0.163135 0.00186907

0.163184 0.000219416
0.163179 0.000244141

0.163178 0.000244141
0.163167 0.000292969

0.163167 0.000292969
0.163154 0.000341797

0.163154 0.000341797
0.163137 0.000390625

0.163135 0.000396365
0.163137 0.000390625

0.163135 0.00186907
0.163184 0.0018688

0.163205 0
0.163204 4.88281e-05

0.163204 4.88281e-05
0.163201 9.76563e-05

0.1632 9.76563e-05
0.163195 0.000146484

0.163196 0.000146484
0.163188 0.000195313

0.163184 0.000218996
0.163188 0.000195313

0.163184 0.0018688
0.163232 0.00186851

0.163232 0.00186851
0.163281 0.00186819

0.163281 0.00186819
0.16333 0.00186786

0.16333 0.00186786
0.163379 0.00186751

0.163379 0.00186751
0.163428 0.00186713

0.163428 0.00186713
0.163477 0.00186674

0.163477 0.00186674
0.163525 0.00186632

0.163525 0.00186632
0.163574 0.00186589

0.163574 0.00186589
0.163623 0.00186543

0.163623 0.00186543
0.163672 0.00186495

0.163672 0.00186495
0.163721 0.00186446

0.163721 0.00186446
0.16377 0.00186394

0.16377 0.00186394
0.163818 0.0018634

0.163818 0.0018634
0.163867 0.00186285

0.163867 0.00186285
0.163916 0.00186227

0.163916 0.00186227
0.163965 0.00186167

0.163965 0.00186167
0.164014 0.00186105

0.164014 0.00186105
0.164063 0.00186042

0.164062 0.00186042
0.164111 0.00185976

0.164111 0.00185976
0.16416 0.00185909

0.16416 0.00185909
0.164209 0.0018584

0.164209 0.0018584
0.164258 0.00185768

0.164258 0.00185768
0.164307 0.00185695

0.164307 0.00185695
0.164355 0.00185621

0.164404 0.00185544
0.164403 0.00185547

0.164355 0.00185621
0.164403 0.00185547

0.164404 0.00185544
0.164453 0.00185464

0.164453 0.00185464
0.164502 0.00185383

0.164502 0.00185383
0.164551 0.001853

0.164551 0.00185301
0.1646 0.00185217

0.1646 0.00185217
0.164648 0.00185132

0.164648 0.00185132
0.164697 0.00185045

0.164697 0.00185045
0.164746 0.00184957

0.164746 0.00184957
0.164795 0.00184867

0.164795 0.00184867
0.164844 0.00184775

0.164844 0.00184775
0.164893 0.00184681

0.164893 0.00184681
0.164941 0.00184586

0.164941 0.00184586
0.16499 0.00184489

0.16499 0.00184489
0.165039 0.00184391

0.165039 0.00184391
0.165088 0.00184291

0.165088 0.00184291
0.165137 0.0018419

0.165137 0.0018419
0.165186 0.00184087

0.165186 0.00184087
0.165234 0.00183982

0.165234 0.00183982
0.165283 0.00183876

0.165283 0.00183876
0.165332 0.00183769

0.165332 0.00183769
0.165381 0.0018366

0.165381 0.0018366
0.16543 0.00183549

0.16543 0.00183549
0.165479 0.00183437

0.165479 0.00183437
0.165527 0.00183323

0.165527 0.00183324
0.165576 0.00183208

0.165576 0.00183208
0.165625 0.0018309

0.165625 0.0018309
0.165674 0.00182971

0.165674 0.00182971
0.165723 0.0018285

0.165723 0.0018285
0.165771 0.00182728

0.165771 0.00182728
0.16582 0.00182604

0.16582 0.00182604
0.165869 0.00182479

0.165869 0.00182479
0.165918 0.00182353

0.165918 0.00182353
0.165967 0.00182226

0.165967 0.00182226
0.166016 0.00182098

0.166016 0.00182098
0.166064 0.0018197

0.166064 0.0018197
0.166113 0.0018184

0.166113 0.0018184
0.166162 0.0018171

0.166162 0.0018171
0.166211 0.00181579

0.166211 0.00181579
0.16626 0.00181446

0.16626 0.00181446
0.166309 0.00181311

0.166309 0.00181312
0.166357 0.00181175

0.166357 0.00181175
0.166406 0.00181035

0.166406 0.00181035
0.166455 0.00180893

0.166455 0.00180894
0.166504 0.00180747

0.166553 0.00180592
0.16653 0.00180664

0.166504 0.00180747
0.16653 0.00180664

0.166553 0.00180591
0.166602 0.00180433

0.166602 0.00180433
0.16665 0.00180275

0.16665 0.00180275
0.166699 0.00180117

0.166699 0.00180117
0.166748 0.00179958

0.166748 0.00179958
0.166797 0.00179798

0.166797 0.00179798
0.166846 0.00179636

0.166846 0.00179636
0.166895 0.00179473

0.166895 0.00179473
0.166943 0.00179308

0.166943 0.00179308
0.166992 0.00179142

0.166992 0.00179142
0.167041 0.00178974

0.167041 0.00178974
0.16709 0.00178804

0.16709 0.00178804
0.167139 0.00178633

0.167139 0.00178633
0.167188 0.00178461

0.167188 0.00178461
0.167236 0.00178287

0.167236 0.00178287
0.167285 0.00178112

0.167285 0.00178112
0.167334 0.00177934

0.167334 0.00177934
0.167383 0.00177754

0.167383 0.00177754
0.167432 0.00177572

0.167432 0.00177572
0.16748 0.00177387

0.16748 0.00177387
0.167529 0.00177201

0.167529 0.00177201
0.167578 0.00177011

0.167578 0.00177011
0.167627 0.00176819

0.167627 0.00176819
0.167676 0.00176625

0.167676 0.00176625
0.167725 0.00176429

0.167725 0.00176429
0.167773 0.00176233

0.167773 0.00176232
0.167822 0.00176036

0.167822 0.00176039
0.167871 0.00175837

0.16792 0.00175625
0.167884 0.00175781

0.167871 0.00175839
0.167884 0.00175781

0.16792 0.00175623
0.167969 0.00175403

0.167969 0.00175402
0.168018 0.00175179

0.168018 0.0017518
0.168066 0.00174955

0.168066 0.00174955
0.168115 0.00174727

0.168115 0.00174727
0.168164 0.00174495

0.168164 0.00174495
0.168213 0.0017426

0.168213 0.0017426
0.168262 0.00174021

0.168262 0.00174022
0.168311 0.0017378

0.168311 0.0017378
0.168359 0.00173535

0.168359 0.00173535
0.168408 0.00173287

0.168408 0.00173287
0.168457 0.00173035

0.168457 0.00173035
0.168506 0.00172779

0.168506 0.00172779
0.168555 0.00172518

0.168555 0.00172518
0.168604 0.00172252

0.168604 0.00172252
0.168652 0.00171982

0.168652 0.00171982
0.168701 0.00171708

0.168701 0.00171708
0.16875 0.00171431

0.16875 0.00171431
0.168799 0.00171152

0.168848 0.00170869
0.168843 0.00170898

0.168799 0.00171156
0.168843 0.00170898

0.168848 0.00170868
0.168896 0.00170566

0.168848 0.001709
0.168848 0.00170898

0.168896 0.00170564
0.168945 0.00170252

0.168945 0.00170251
0.168994 0.00169933

0.168994 0.00169933
0.169043 0.00169609

0.169043 0.00169609
0.169092 0.0016928

0.169092 0.0016928
0.169141 0.00168946

0.169141 0.00168946
0.169189 0.00168607

0.169189 0.00168607
0.169238 0.00168262

0.169238 0.00168262
0.169287 0.00167911

0.169287 0.00167911
0.169336 0.00167555

0.169336 0.00167554
0.169385 0.00167193

0.169385 0.00167193
0.169434 0.00166826

0.169434 0.00166826
0.169482 0.00166454

0.169482 0.00166458
0.169531 0.00166074

0.16958 0.00165665
0.169538 0.00166016

0.169531 0.0016608
0.169539 0.00166016

0.16958 0.00165663
0.169629 0.00165227

0.169629 0.00165226
0.169678 0.00164775

0.169678 0.00164771
0.169727 0.00164317

0.169727 0.00164311
0.169775 0.00163874

0.169775 0.00163866
0.169824 0.00163475

0.169824 0.00163457
0.169873 0.00163164

0.169873 0.00163151
0.169922 0.00163016

0.169922 0.00163013
0.169971 0.00163067

0.169971 0.00163083
0.17002 0.001633

0.17002 0.00163392
0.170068 0.00163558

0.170068 0.00163644
0.170117 0.00163401

0.170124 0
0.170124 4.88281e-05

0.170124 4.88281e-05
0.170126 9.76563e-05

0.170126 9.76563e-05
0.170129 0.000146484

0.170129 0.000146484
0.170133 0.000195313

0.170133 0.000195313
0.17014 0.000244141

0.17014 0.000244141
0.170148 0.000292969

0.170148 0.000292969
0.170156 0.000341797

0.170157 0.000341797
0.170166 0.000390513

0.170117 0.00163853
0.170166 0.00162122

0.170166 0.00039179
0.170176 0.000439453

0.170176 0.000439453
0.170187 0.000488281

0.170188 0.000488281
0.1702 0.000537109

0.1702 0.000537109
0.170213 0.000585938

0.170213 0.000585937
0.170215 0.000594094

0.170215 0.00157178
0.17018 0.00161133

0.170166 0.0016269
0.170188 0.00161133

0.170215 0.000595701
0.170224 0.000634766

0.170224 0.000634766
0.170235 0.000683594

0.170236 0.000683594
0.170247 0.000732422

0.170247 0.000732422
0.170258 0.00078125

0.170258 0.00078125
0.170264 0.000814081

0.170264 0.00128418
0.170258 0.00131836

0.170258 0.00131836
0.17025 0.00136719

0.17025 0.00136719
0.170241 0.00141602

0.170241 0.00141602
0.170234 0.00146484

0.170234 0.00146484
0.170229 0.00151367

0.170234 0.00151367
0.170219 0.0015625

0.170215 0.00157956
0.170225 0.0015625

0.170264 0.000814481
0.170266 0.000830078

0.170266 0.000830078
0.170273 0.000878906

0.170273 0.000878906
0.170279 0.000927734

0.170279 0.000927734
0.170282 0.000976562

0.170282 0.000976563
0.170284 0.00102539

0.170284 0.00102539
0.170284 0.00107422

0.170284 0.00107422
0.170282 0.00112305

0.170282 0.00112305
0.170278 0.00117187

0.170279 0.00117188
0.170274 0.0012207

0.170274 0.0012207
0.170267 0.00126953

0.170264 0.00128518
0.170266 0.00126953

0.170947 0.000965831
0.170901 0.000976562

0.170903 0.000976563
0.170947 0.000986216

0.170947 0.000963799
0.170953 0.000976562

0.170947 0.000989793
0.170953 0.000976563

0.185944 0
0.185947 4.88281e-05

0.185947 4.88281e-05
0.185955 9.76563e-05

0.185954 9.76563e-05
0.185969 0.000146484

0.185969 0.000146484
0.185986 0.000183456

0.185986 0.000183624
0.185992 0.000195313

0.185991 0.000195313
0.186022 0.000244141

0.186023 0.000244141
0.186035 0.000259316

0.186035 0.000260144
0.186065 0.000292969

0.186067 0.000292969
0.186084 0.000307793

0.186084 0.000309703
0.186129 0.000341797

0.186131 0.000341797
0.186133 0.0003428

0.186133 0.000342218
0.186182 0.000366405

0.186182 0.000366699
0.18623 0.000383807

0.18623 0.000384316
0.186264 0.000390625

0.186274 0.000390625
0.186279 0.00039161

0.186279 0.000392322
0.186328 0.000395199

0.186328 0.000395833
0.186377 0.000392732

0.186426 0.000382626
0.186385 0.000390625

0.186377 0.000393051
0.186389 0.000390625

0.186426 0.00038302
0.186475 0.000367655

0.186475 0.000368578
0.186523 0.000345078

0.186572 0.00031139
0.186528 0.000341797

0.186523 0.000345027
0.186529 0.000341797

0.186621 0.000264205
0.186594 0.000292969

0.186572 0.000311679
0.186594 0.000292969

0.18667 0.000193594
0.186669 0.000195313

0.18667 0.000195313
0.186638 0.000244141

0.186621 0.000264994
0.186638 0.000244141

0.186718 0
0.186715 4.88281e-05

0.186715 4.88281e-05
0.186706 9.76563e-05

0.186706 9.76563e-05
0.186691 0.000146484

0.18667 0.000193485
0.186692 0.000146484

0.187173 0
0.187193 4.88281e-05

0.187191 4.88281e-05
0.187207 6.63117e-05

0.187207 6.31676e-05
0.187256 9.29534e-05

0.187256 8.62889e-05
0.187305 8.66772e-05

0.187305 8.7875e-05
0.187354 6.97995e-05

0.187402 1.52458e-05
0.187384 4.88281e-05

0.187354 7.37131e-05
0.187385 4.88281e-05

0.187402 1.88411e-05
0.187409 0

0.196387 0.00039032
0.196386 0.000390625

0.196376 0.000390625
0.196338 0.000439453

0.196339 0.000439453
0.196387 0.00047655

0.196375 0.000488281
0.196387 0.000492854

0.196387 0.000387312
0.196396 0.000390625

0.196396 0.000390625
0.19643 0.000439453

0.196387 0.000478326
0.196432 0.000439453

0.196387 0.000495956
0.196408 0.000488281

