Tue Jul  7 10:05:17 AM EDT 2026
c0704a-s20.ufhpc
Warning: X does not support locale en_US.UTF-8

fcut_dim =

    20


t_end_dim =

    15


Ldim =

     2


N =

        8000


MNOISE =

        1000


F0_noise =

    0.0250


Re_input =

    60


theta_deg =

    6.4000


rho =

        1072


mu =

    0.0067


Ca_input =

    0.0100


t_save =

    0.0100

hN = 1.8651e-03 m
uN = 2.0196e-01 m/s
TN = 9.2347e-03 s
mu = 0.0067, rho = 1072.0000, gamma = 0.1359, theta = 0.1117
F2 = 2.2294, We = 0.6000, Re = 60.0000, Ca = 0.0100
fcut_noise nondim = 1.8469e-01
dx = 1.3404e-01, dt = 5.4144e-03, nsteps = 300000
Fontconfig warning: "/usr/share/fontconfig/conf.avail/05-reset-dirs-sample.conf", line 6: unknown element "reset-dirs"
Fontconfig warning: "/usr/share/fontconfig/conf.avail/05-reset-dirs-sample.conf", line 6: unknown element "reset-dirs"
Initializing white noise phases...
1 / 300000 time steps completed. t = 0.000000 s
Elapsed time is 0.692010 seconds.
Data saved at t = 0.00995 s
Elapsed time is 0.989193 seconds.
Data saved at t = 0.01995 s
Elapsed time is 0.044643 seconds.
Data saved at t = 0.02995 s
Elapsed time is 0.037017 seconds.
Data saved at t = 0.03995 s
Elapsed time is 0.037739 seconds.
Data saved at t = 0.04995 s
Elapsed time is 0.064694 seconds.
1200 / 300000 time steps completed. t = 0.059950 s
Elapsed time is 6.193274 seconds.
Data saved at t = 0.05995 s
Elapsed time is 0.096282 seconds.
Data saved at t = 0.06995 s
Elapsed time is 0.035059 seconds.
Data saved at t = 0.07995 s
Elapsed time is 0.034254 seconds.
Data saved at t = 0.08995 s
Elapsed time is 0.128472 seconds.
Data saved at t = 0.09995 s
Elapsed time is 0.033043 seconds.
Data saved at t = 0.10995 s
Elapsed time is 0.033841 seconds.
2400 / 300000 time steps completed. t = 0.119950 s
Elapsed time is 6.253745 seconds.
Data saved at t = 0.11995 s
Elapsed time is 0.040690 seconds.
Data saved at t = 0.12995 s
Elapsed time is 0.038839 seconds.
Data saved at t = 0.13995 s
Elapsed time is 0.035114 seconds.
Data saved at t = 0.14995 s
Elapsed time is 0.033161 seconds.
Data saved at t = 0.15995 s
Elapsed time is 0.033394 seconds.
Data saved at t = 0.16995 s
Elapsed time is 0.033390 seconds.
3600 / 300000 time steps completed. t = 0.179950 s
Elapsed time is 6.433214 seconds.
Data saved at t = 0.17995 s
Elapsed time is 0.035423 seconds.
Data saved at t = 0.18995 s
Elapsed time is 0.033949 seconds.
Data saved at t = 0.19995 s
Elapsed time is 0.033699 seconds.
Data saved at t = 0.20995 s
Elapsed time is 0.061718 seconds.
Data saved at t = 0.21995 s
Elapsed time is 0.044859 seconds.
Data saved at t = 0.22995 s
Elapsed time is 0.033785 seconds.
4800 / 300000 time steps completed. t = 0.239950 s
Elapsed time is 6.455184 seconds.
Data saved at t = 0.23995 s
Elapsed time is 0.033297 seconds.
Data saved at t = 0.24995 s
Elapsed time is 0.033348 seconds.
Data saved at t = 0.25995 s
Elapsed time is 0.032668 seconds.
Data saved at t = 0.26995 s
Elapsed time is 0.032456 seconds.
Data saved at t = 0.27995 s
Elapsed time is 0.032197 seconds.
Data saved at t = 0.28995 s
Elapsed time is 0.032490 seconds.
6000 / 300000 time steps completed. t = 0.299950 s
Elapsed time is 6.360705 seconds.
Data saved at t = 0.29995 s
Elapsed time is 0.043814 seconds.
Data saved at t = 0.30995 s
Elapsed time is 0.033649 seconds.
Data saved at t = 0.31995 s
Elapsed time is 0.081518 seconds.
Data saved at t = 0.32995 s
Elapsed time is 0.032314 seconds.
Data saved at t = 0.33995 s
Elapsed time is 0.032552 seconds.
Data saved at t = 0.34995 s
Elapsed time is 0.032563 seconds.
7200 / 300000 time steps completed. t = 0.359950 s
Elapsed time is 6.476773 seconds.
Data saved at t = 0.35995 s
Elapsed time is 0.042142 seconds.
Data saved at t = 0.36995 s
Elapsed time is 0.032194 seconds.
Data saved at t = 0.37995 s
Elapsed time is 0.032317 seconds.
Data saved at t = 0.38995 s
Elapsed time is 0.032987 seconds.
Data saved at t = 0.39995 s
Elapsed time is 0.033651 seconds.
Data saved at t = 0.40995 s
Elapsed time is 0.033302 seconds.
8400 / 300000 time steps completed. t = 0.419950 s
Elapsed time is 6.557499 seconds.
Data saved at t = 0.41995 s
Elapsed time is 0.032325 seconds.
Data saved at t = 0.42995 s
Elapsed time is 0.036301 seconds.
Data saved at t = 0.43995 s
Elapsed time is 0.033173 seconds.
Data saved at t = 0.44995 s
Elapsed time is 0.033093 seconds.
Data saved at t = 0.45995 s
Elapsed time is 0.031366 seconds.
Data saved at t = 0.46995 s
Elapsed time is 0.032904 seconds.
9600 / 300000 time steps completed. t = 0.479950 s
Elapsed time is 6.705692 seconds.
Data saved at t = 0.47995 s
Elapsed time is 0.031980 seconds.
Data saved at t = 0.48995 s
Elapsed time is 0.032599 seconds.
Data saved at t = 0.49995 s
Elapsed time is 0.031951 seconds.
Data saved at t = 0.50995 s
Elapsed time is 0.032955 seconds.
Data saved at t = 0.51995 s
Elapsed time is 0.032150 seconds.
Data saved at t = 0.52995 s
Elapsed time is 0.033744 seconds.
10800 / 300000 time steps completed. t = 0.539950 s
Elapsed time is 6.807245 seconds.
Data saved at t = 0.53995 s
Elapsed time is 0.033112 seconds.
Data saved at t = 0.54995 s
Elapsed time is 0.032171 seconds.
Data saved at t = 0.55995 s
Elapsed time is 0.032733 seconds.
Data saved at t = 0.56995 s
Elapsed time is 0.030645 seconds.
Data saved at t = 0.57995 s
Elapsed time is 0.031860 seconds.
Data saved at t = 0.58995 s
Elapsed time is 0.032744 seconds.
12000 / 300000 time steps completed. t = 0.599950 s
Elapsed time is 6.851034 seconds.
Data saved at t = 0.59995 s
Elapsed time is 0.054343 seconds.
Data saved at t = 0.60995 s
Elapsed time is 0.095017 seconds.
Data saved at t = 0.61995 s
Elapsed time is 0.056066 seconds.
Data saved at t = 0.62995 s
Elapsed time is 0.107731 seconds.
Data saved at t = 0.63995 s
Elapsed time is 0.032770 seconds.
Data saved at t = 0.64995 s
Elapsed time is 0.033265 seconds.
13200 / 300000 time steps completed. t = 0.659950 s
Elapsed time is 7.005390 seconds.
Data saved at t = 0.65995 s
Elapsed time is 0.032227 seconds.
Data saved at t = 0.66995 s
Elapsed time is 0.032691 seconds.
Data saved at t = 0.67995 s
Elapsed time is 0.033140 seconds.
Data saved at t = 0.68995 s
Elapsed time is 0.032527 seconds.
Data saved at t = 0.69995 s
Elapsed time is 0.033087 seconds.
Data saved at t = 0.70995 s
Elapsed time is 0.033062 seconds.
14400 / 300000 time steps completed. t = 0.719950 s
Elapsed time is 7.126954 seconds.
Data saved at t = 0.71995 s
Elapsed time is 0.032631 seconds.
Data saved at t = 0.72995 s
Elapsed time is 0.031858 seconds.
Data saved at t = 0.73995 s
Elapsed time is 0.032553 seconds.
Data saved at t = 0.74995 s
Elapsed time is 0.032085 seconds.
Data saved at t = 0.75995 s
Elapsed time is 0.032024 seconds.
Data saved at t = 0.76995 s
Elapsed time is 0.032042 seconds.
15600 / 300000 time steps completed. t = 0.779950 s
Elapsed time is 7.219714 seconds.
Data saved at t = 0.77995 s
Elapsed time is 0.129134 seconds.
Data saved at t = 0.78995 s
Elapsed time is 0.032148 seconds.
Data saved at t = 0.79995 s
Elapsed time is 0.032062 seconds.
Data saved at t = 0.80995 s
Elapsed time is 0.032169 seconds.
Data saved at t = 0.81995 s
Elapsed time is 0.032318 seconds.
Data saved at t = 0.82995 s
Elapsed time is 0.032306 seconds.
16800 / 300000 time steps completed. t = 0.839950 s
Elapsed time is 7.293427 seconds.
Data saved at t = 0.83995 s
Elapsed time is 0.034429 seconds.
Data saved at t = 0.84995 s
Elapsed time is 0.033375 seconds.
Data saved at t = 0.85995 s
Elapsed time is 0.032217 seconds.
Data saved at t = 0.86995 s
Elapsed time is 0.032005 seconds.
Data saved at t = 0.87995 s
Elapsed time is 0.031391 seconds.
Data saved at t = 0.88995 s
Elapsed time is 0.032171 seconds.
18000 / 300000 time steps completed. t = 0.899950 s
Elapsed time is 7.381014 seconds.
Data saved at t = 0.89995 s
Elapsed time is 0.031585 seconds.
Data saved at t = 0.90995 s
Elapsed time is 0.031596 seconds.
Data saved at t = 0.91995 s
Elapsed time is 0.032159 seconds.
Data saved at t = 0.92995 s
Elapsed time is 0.031739 seconds.
Data saved at t = 0.93995 s
Elapsed time is 0.030842 seconds.
Data saved at t = 0.94995 s
Elapsed time is 0.032211 seconds.
19200 / 300000 time steps completed. t = 0.959950 s
Elapsed time is 7.443403 seconds.
Data saved at t = 0.95995 s
Elapsed time is 0.031931 seconds.
Data saved at t = 0.96995 s
Elapsed time is 0.031192 seconds.
Data saved at t = 0.97995 s
Elapsed time is 0.032087 seconds.
Data saved at t = 0.98995 s
Elapsed time is 0.032511 seconds.
Data saved at t = 0.99995 s
Elapsed time is 0.032683 seconds.
Data saved at t = 1.0099 s
Elapsed time is 0.032766 seconds.
20400 / 300000 time steps completed. t = 1.019950 s
Elapsed time is 7.561309 seconds.
Data saved at t = 1.0199 s
Elapsed time is 0.033068 seconds.
Data saved at t = 1.0299 s
Elapsed time is 0.032494 seconds.
Data saved at t = 1.0399 s
Elapsed time is 0.032974 seconds.
Data saved at t = 1.0499 s
Elapsed time is 0.032370 seconds.
Data saved at t = 1.0599 s
Elapsed time is 0.032185 seconds.
Data saved at t = 1.0699 s
Elapsed time is 0.033321 seconds.
21600 / 300000 time steps completed. t = 1.079950 s
Elapsed time is 7.860158 seconds.
Data saved at t = 1.0799 s
Elapsed time is 0.032472 seconds.
Data saved at t = 1.0899 s
Elapsed time is 0.033161 seconds.
Data saved at t = 1.0999 s
Elapsed time is 0.033325 seconds.
Data saved at t = 1.1099 s
Elapsed time is 0.033772 seconds.
Data saved at t = 1.12 s
Elapsed time is 0.031850 seconds.
Data saved at t = 1.13 s
Elapsed time is 0.032434 seconds.
22800 / 300000 time steps completed. t = 1.139950 s
Elapsed time is 7.683815 seconds.
Data saved at t = 1.14 s
Elapsed time is 0.036315 seconds.
Data saved at t = 1.15 s
Elapsed time is 0.032966 seconds.
Data saved at t = 1.16 s
Elapsed time is 0.032754 seconds.
Data saved at t = 1.17 s
Elapsed time is 0.033544 seconds.
Data saved at t = 1.18 s
Elapsed time is 0.032909 seconds.
Data saved at t = 1.1899 s
Elapsed time is 0.034076 seconds.
24000 / 300000 time steps completed. t = 1.199950 s
Elapsed time is 7.788405 seconds.
Data saved at t = 1.1999 s
Elapsed time is 0.034046 seconds.
Data saved at t = 1.2099 s
Elapsed time is 0.032560 seconds.
Data saved at t = 1.2199 s
Elapsed time is 0.033349 seconds.
Data saved at t = 1.2299 s
Elapsed time is 0.032691 seconds.
Data saved at t = 1.2399 s
Elapsed time is 0.032423 seconds.
Data saved at t = 1.2499 s
Elapsed time is 0.032120 seconds.
25200 / 300000 time steps completed. t = 1.259950 s
Elapsed time is 7.857678 seconds.
Data saved at t = 1.2599 s
Elapsed time is 0.033290 seconds.
Data saved at t = 1.2699 s
Elapsed time is 0.031778 seconds.
Data saved at t = 1.2799 s
Elapsed time is 0.032243 seconds.
Data saved at t = 1.2899 s
Elapsed time is 0.032364 seconds.
Data saved at t = 1.2999 s
Elapsed time is 0.032906 seconds.
Data saved at t = 1.3099 s
Elapsed time is 0.032320 seconds.
26400 / 300000 time steps completed. t = 1.319950 s
Elapsed time is 7.916280 seconds.
Data saved at t = 1.3199 s
Elapsed time is 0.032443 seconds.
Data saved at t = 1.3299 s
Elapsed time is 0.032303 seconds.
Data saved at t = 1.3399 s
Elapsed time is 0.032644 seconds.
Data saved at t = 1.3499 s
Elapsed time is 0.032258 seconds.
Data saved at t = 1.36 s
Elapsed time is 0.032265 seconds.
Data saved at t = 1.37 s
Elapsed time is 0.033216 seconds.
27600 / 300000 time steps completed. t = 1.379950 s
Elapsed time is 8.010540 seconds.
Data saved at t = 1.3799 s
Elapsed time is 0.031877 seconds.
Data saved at t = 1.3899 s
Elapsed time is 0.032405 seconds.
Data saved at t = 1.3999 s
Elapsed time is 0.032004 seconds.
Data saved at t = 1.4099 s
Elapsed time is 0.032006 seconds.
Data saved at t = 1.4199 s
Elapsed time is 0.032140 seconds.
Data saved at t = 1.4299 s
Elapsed time is 0.032788 seconds.
28800 / 300000 time steps completed. t = 1.439950 s
Elapsed time is 8.070244 seconds.
Data saved at t = 1.4399 s
Elapsed time is 0.032212 seconds.
Data saved at t = 1.4499 s
Elapsed time is 0.031959 seconds.
Data saved at t = 1.4599 s
Elapsed time is 0.032690 seconds.
Data saved at t = 1.4699 s
Elapsed time is 0.033172 seconds.
Data saved at t = 1.48 s
Elapsed time is 0.033630 seconds.
Data saved at t = 1.49 s
Elapsed time is 0.032860 seconds.
30000 / 300000 time steps completed. t = 1.499950 s
Elapsed time is 8.158403 seconds.
Data saved at t = 1.5 s
Elapsed time is 0.032937 seconds.
Data saved at t = 1.51 s
Elapsed time is 0.032550 seconds.
Data saved at t = 1.52 s
Elapsed time is 0.032804 seconds.
Data saved at t = 1.53 s
Elapsed time is 0.032725 seconds.
Data saved at t = 1.54 s
Elapsed time is 0.031166 seconds.
Data saved at t = 1.55 s
Elapsed time is 0.033394 seconds.
31200 / 300000 time steps completed. t = 1.559950 s
Elapsed time is 8.276429 seconds.
Data saved at t = 1.56 s
Elapsed time is 0.032936 seconds.
Data saved at t = 1.57 s
Elapsed time is 0.032073 seconds.
Data saved at t = 1.58 s
Elapsed time is 0.032499 seconds.
Data saved at t = 1.5899 s
Elapsed time is 0.033235 seconds.
Data saved at t = 1.5999 s
Elapsed time is 0.033452 seconds.
Data saved at t = 1.6099 s
Elapsed time is 0.033056 seconds.
32400 / 300000 time steps completed. t = 1.619950 s
Elapsed time is 8.290943 seconds.
Data saved at t = 1.62 s
Elapsed time is 0.033211 seconds.
Data saved at t = 1.63 s
Elapsed time is 0.032002 seconds.
Data saved at t = 1.64 s
Elapsed time is 0.032923 seconds.
Data saved at t = 1.65 s
Elapsed time is 0.032223 seconds.
Data saved at t = 1.66 s
Elapsed time is 0.033217 seconds.
Data saved at t = 1.67 s
Elapsed time is 0.032834 seconds.
33600 / 300000 time steps completed. t = 1.679950 s
Elapsed time is 8.306361 seconds.
Data saved at t = 1.68 s
Elapsed time is 0.032286 seconds.
Data saved at t = 1.69 s
Elapsed time is 0.033301 seconds.
Data saved at t = 1.7 s
Elapsed time is 0.031752 seconds.
Data saved at t = 1.71 s
Elapsed time is 0.032450 seconds.
Data saved at t = 1.72 s
Elapsed time is 0.033081 seconds.
Data saved at t = 1.73 s
Elapsed time is 0.032233 seconds.
34800 / 300000 time steps completed. t = 1.739950 s
Elapsed time is 8.479364 seconds.
Data saved at t = 1.74 s
Elapsed time is 0.034840 seconds.
Data saved at t = 1.75 s
Elapsed time is 0.033175 seconds.
Data saved at t = 1.76 s
Elapsed time is 0.033157 seconds.
Data saved at t = 1.77 s
Elapsed time is 0.033318 seconds.
Data saved at t = 1.78 s
Elapsed time is 0.033672 seconds.
Data saved at t = 1.79 s
Elapsed time is 0.033137 seconds.
36000 / 300000 time steps completed. t = 1.799950 s
Elapsed time is 8.811771 seconds.
Data saved at t = 1.7999 s
Elapsed time is 0.033759 seconds.
Data saved at t = 1.8099 s
Elapsed time is 0.033253 seconds.
Data saved at t = 1.8199 s
Elapsed time is 0.033997 seconds.
Data saved at t = 1.8299 s
Elapsed time is 0.034079 seconds.
Data saved at t = 1.8399 s
Elapsed time is 0.042763 seconds.
Data saved at t = 1.8499 s
Elapsed time is 0.034094 seconds.
37200 / 300000 time steps completed. t = 1.859950 s
Elapsed time is 8.823442 seconds.
Data saved at t = 1.8599 s
Elapsed time is 0.033424 seconds.
Data saved at t = 1.87 s
Elapsed time is 0.034257 seconds.
Data saved at t = 1.88 s
Elapsed time is 0.033770 seconds.
Data saved at t = 1.89 s
Elapsed time is 0.034447 seconds.
Data saved at t = 1.9 s
Elapsed time is 0.033534 seconds.
Data saved at t = 1.91 s
Elapsed time is 0.033622 seconds.
38400 / 300000 time steps completed. t = 1.919950 s
Elapsed time is 8.832498 seconds.
Data saved at t = 1.92 s
Elapsed time is 0.034056 seconds.
Data saved at t = 1.93 s
Elapsed time is 0.070971 seconds.
Data saved at t = 1.94 s
Elapsed time is 0.034095 seconds.
Data saved at t = 1.95 s
Elapsed time is 0.033849 seconds.
Data saved at t = 1.96 s
Elapsed time is 0.033517 seconds.
Data saved at t = 1.97 s
Elapsed time is 0.034026 seconds.
39600 / 300000 time steps completed. t = 1.979950 s
Elapsed time is 8.842489 seconds.
Data saved at t = 1.98 s
Elapsed time is 0.033550 seconds.
Data saved at t = 1.99 s
Elapsed time is 0.033472 seconds.
Data saved at t = 2 s
Elapsed time is 0.034971 seconds.
Data saved at t = 2.0099 s
Elapsed time is 0.034049 seconds.
Data saved at t = 2.0199 s
Elapsed time is 0.034217 seconds.
Data saved at t = 2.0299 s
Elapsed time is 0.033614 seconds.
40800 / 300000 time steps completed. t = 2.039950 s
Elapsed time is 8.849409 seconds.
Data saved at t = 2.0399 s
Elapsed time is 0.033649 seconds.
Data saved at t = 2.0499 s
Elapsed time is 0.034194 seconds.
Data saved at t = 2.0599 s
Elapsed time is 0.034295 seconds.
Data saved at t = 2.0699 s
Elapsed time is 0.032279 seconds.
Data saved at t = 2.0799 s
Elapsed time is 0.033334 seconds.
Data saved at t = 2.0899 s
Elapsed time is 0.033904 seconds.
42000 / 300000 time steps completed. t = 2.099950 s
Elapsed time is 8.853573 seconds.
Data saved at t = 2.0999 s
Elapsed time is 0.032826 seconds.
Data saved at t = 2.1099 s
Elapsed time is 0.033971 seconds.
Data saved at t = 2.1199 s
Elapsed time is 0.033735 seconds.
Data saved at t = 2.13 s
Elapsed time is 0.033898 seconds.
Data saved at t = 2.14 s
Elapsed time is 0.033631 seconds.
Data saved at t = 2.15 s
Elapsed time is 0.033538 seconds.
43200 / 300000 time steps completed. t = 2.159950 s
Elapsed time is 8.881109 seconds.
Data saved at t = 2.16 s
Elapsed time is 0.033768 seconds.
Data saved at t = 2.17 s
Elapsed time is 0.033401 seconds.
Data saved at t = 2.18 s
Elapsed time is 0.034383 seconds.
Data saved at t = 2.19 s
Elapsed time is 0.033731 seconds.
Data saved at t = 2.2 s
Elapsed time is 0.034157 seconds.
Data saved at t = 2.21 s
Elapsed time is 0.032895 seconds.
44400 / 300000 time steps completed. t = 2.219950 s
Elapsed time is 8.833391 seconds.
Data saved at t = 2.2199 s
Elapsed time is 0.033678 seconds.
Data saved at t = 2.2299 s
Elapsed time is 0.035188 seconds.
Data saved at t = 2.2399 s
Elapsed time is 0.033707 seconds.
Data saved at t = 2.25 s
Elapsed time is 0.033676 seconds.
Data saved at t = 2.2599 s
Elapsed time is 0.033635 seconds.
Data saved at t = 2.27 s
Elapsed time is 0.033464 seconds.
45600 / 300000 time steps completed. t = 2.279950 s
Elapsed time is 8.869356 seconds.
Data saved at t = 2.2799 s
Elapsed time is 0.032902 seconds.
Data saved at t = 2.29 s
Elapsed time is 0.033559 seconds.
Data saved at t = 2.2999 s
Elapsed time is 0.033877 seconds.
Data saved at t = 2.31 s
Elapsed time is 0.034332 seconds.
Data saved at t = 2.3199 s
Elapsed time is 0.033906 seconds.
Data saved at t = 2.33 s
Elapsed time is 0.033836 seconds.
46800 / 300000 time steps completed. t = 2.339950 s
Elapsed time is 8.880640 seconds.
Data saved at t = 2.3399 s
Elapsed time is 0.033979 seconds.
Data saved at t = 2.35 s
Elapsed time is 0.034059 seconds.
Data saved at t = 2.3599 s
Elapsed time is 0.034387 seconds.
Data saved at t = 2.37 s
Elapsed time is 0.038423 seconds.
Data saved at t = 2.38 s
Elapsed time is 0.038268 seconds.
Data saved at t = 2.39 s
Elapsed time is 0.034575 seconds.
48000 / 300000 time steps completed. t = 2.399950 s
Elapsed time is 8.883920 seconds.
Data saved at t = 2.4 s
Elapsed time is 0.034242 seconds.
Data saved at t = 2.41 s
Elapsed time is 0.043759 seconds.
Data saved at t = 2.42 s
Elapsed time is 0.034643 seconds.
Data saved at t = 2.43 s
Elapsed time is 0.034970 seconds.
Data saved at t = 2.44 s
Elapsed time is 0.033901 seconds.
Data saved at t = 2.45 s
Elapsed time is 0.033620 seconds.
49200 / 300000 time steps completed. t = 2.459950 s
Elapsed time is 8.892727 seconds.
Data saved at t = 2.46 s
Elapsed time is 0.033562 seconds.
Data saved at t = 2.47 s
Elapsed time is 0.033906 seconds.
Data saved at t = 2.48 s
Elapsed time is 0.035526 seconds.
Data saved at t = 2.49 s
Elapsed time is 0.034143 seconds.
Data saved at t = 2.5 s
Elapsed time is 0.033569 seconds.
Data saved at t = 2.51 s
Elapsed time is 0.033640 seconds.
50400 / 300000 time steps completed. t = 2.519950 s
Elapsed time is 8.887564 seconds.
Data saved at t = 2.52 s
Elapsed time is 0.086521 seconds.
Data saved at t = 2.5299 s
Elapsed time is 0.034308 seconds.
Data saved at t = 2.54 s
Elapsed time is 0.033942 seconds.
Data saved at t = 2.5499 s
Elapsed time is 0.034346 seconds.
Data saved at t = 2.56 s
Elapsed time is 0.033692 seconds.
Data saved at t = 2.5699 s
Elapsed time is 0.033674 seconds.
51600 / 300000 time steps completed. t = 2.579950 s
Elapsed time is 8.888833 seconds.
Data saved at t = 2.58 s
Elapsed time is 0.033391 seconds.
Data saved at t = 2.5899 s
Elapsed time is 0.034487 seconds.
Data saved at t = 2.6 s
Elapsed time is 0.036763 seconds.
Data saved at t = 2.6099 s
Elapsed time is 0.034625 seconds.
Data saved at t = 2.62 s
Elapsed time is 0.033323 seconds.
Data saved at t = 2.63 s
Elapsed time is 0.036365 seconds.
52800 / 300000 time steps completed. t = 2.639950 s
Elapsed time is 8.899601 seconds.
Data saved at t = 2.64 s
Elapsed time is 0.034558 seconds.
Data saved at t = 2.65 s
Elapsed time is 0.033542 seconds.
Data saved at t = 2.66 s
Elapsed time is 0.034018 seconds.
Data saved at t = 2.67 s
Elapsed time is 0.033526 seconds.
Data saved at t = 2.68 s
Elapsed time is 0.034708 seconds.
Data saved at t = 2.69 s
Elapsed time is 0.034095 seconds.
54000 / 300000 time steps completed. t = 2.699950 s
Elapsed time is 8.855995 seconds.
Data saved at t = 2.7 s
Elapsed time is 0.033692 seconds.
Data saved at t = 2.71 s
Elapsed time is 0.034199 seconds.
Data saved at t = 2.72 s
Elapsed time is 0.033923 seconds.
Data saved at t = 2.73 s
Elapsed time is 0.033734 seconds.
Data saved at t = 2.7399 s
Elapsed time is 0.033946 seconds.
Data saved at t = 2.75 s
Elapsed time is 0.034238 seconds.
55200 / 300000 time steps completed. t = 2.759950 s
Elapsed time is 8.903015 seconds.
Data saved at t = 2.7599 s
Elapsed time is 0.036588 seconds.
Data saved at t = 2.77 s
Elapsed time is 0.033559 seconds.
Data saved at t = 2.7799 s
Elapsed time is 0.034524 seconds.
Data saved at t = 2.79 s
Elapsed time is 0.034372 seconds.
Data saved at t = 2.7999 s
Elapsed time is 0.033611 seconds.
Data saved at t = 2.81 s
Elapsed time is 0.033403 seconds.
56400 / 300000 time steps completed. t = 2.819950 s
Elapsed time is 8.902933 seconds.
Data saved at t = 2.8199 s
Elapsed time is 0.033658 seconds.
Data saved at t = 2.83 s
Elapsed time is 0.033424 seconds.
Data saved at t = 2.8399 s
Elapsed time is 0.033881 seconds.
Data saved at t = 2.85 s
Elapsed time is 0.035374 seconds.
Data saved at t = 2.8599 s
Elapsed time is 0.036603 seconds.
Data saved at t = 2.87 s
Elapsed time is 0.033578 seconds.
57600 / 300000 time steps completed. t = 2.879950 s
Elapsed time is 8.907020 seconds.
Data saved at t = 2.88 s
Elapsed time is 0.035133 seconds.
Data saved at t = 2.89 s
Elapsed time is 0.033491 seconds.
Data saved at t = 2.9 s
Elapsed time is 0.036023 seconds.
Data saved at t = 2.91 s
Elapsed time is 0.034060 seconds.
Data saved at t = 2.92 s
Elapsed time is 0.033322 seconds.
Data saved at t = 2.93 s
Elapsed time is 0.034101 seconds.
58800 / 300000 time steps completed. t = 2.939950 s
Elapsed time is 8.916205 seconds.
Data saved at t = 2.94 s
Elapsed time is 0.033860 seconds.
Data saved at t = 2.9499 s
Elapsed time is 0.033982 seconds.
Data saved at t = 2.96 s
Elapsed time is 0.033735 seconds.
Data saved at t = 2.9699 s
Elapsed time is 0.034283 seconds.
Data saved at t = 2.98 s
Elapsed time is 0.033385 seconds.
Data saved at t = 2.9899 s
Elapsed time is 0.033965 seconds.
60000 / 300000 time steps completed. t = 2.999950 s
Elapsed time is 8.908385 seconds.
Data saved at t = 3 s
Elapsed time is 0.033494 seconds.
Data saved at t = 3.0099 s
Elapsed time is 0.033248 seconds.
Data saved at t = 3.02 s
Elapsed time is 0.034972 seconds.
Data saved at t = 3.0299 s
Elapsed time is 0.033411 seconds.
Data saved at t = 3.04 s
Elapsed time is 0.033938 seconds.
Data saved at t = 3.0499 s
Elapsed time is 0.034084 seconds.
61200 / 300000 time steps completed. t = 3.059950 s
Elapsed time is 8.929295 seconds.
Data saved at t = 3.06 s
Elapsed time is 0.033084 seconds.
Data saved at t = 3.0699 s
Elapsed time is 0.033950 seconds.
Data saved at t = 3.08 s
Elapsed time is 0.033513 seconds.
Data saved at t = 3.0899 s
Elapsed time is 0.033400 seconds.
Data saved at t = 3.1 s
Elapsed time is 0.047076 seconds.
Data saved at t = 3.1099 s
Elapsed time is 0.033709 seconds.
62400 / 300000 time steps completed. t = 3.119950 s
Elapsed time is 8.942257 seconds.
Data saved at t = 3.12 s
Elapsed time is 0.033606 seconds.
Data saved at t = 3.13 s
Elapsed time is 0.033558 seconds.
Data saved at t = 3.14 s
Elapsed time is 0.037293 seconds.
Data saved at t = 3.15 s
Elapsed time is 0.033403 seconds.
Data saved at t = 3.1599 s
Elapsed time is 0.033577 seconds.
Data saved at t = 3.17 s
Elapsed time is 0.033982 seconds.
63600 / 300000 time steps completed. t = 3.179950 s
Elapsed time is 8.910985 seconds.
Data saved at t = 3.1799 s
Elapsed time is 0.033608 seconds.
Data saved at t = 3.19 s
Elapsed time is 0.034064 seconds.
Data saved at t = 3.1999 s
Elapsed time is 0.033536 seconds.
Data saved at t = 3.21 s
Elapsed time is 0.033909 seconds.
Data saved at t = 3.2199 s
Elapsed time is 0.034108 seconds.
Data saved at t = 3.23 s
Elapsed time is 0.033685 seconds.
64800 / 300000 time steps completed. t = 3.239950 s
Elapsed time is 8.933239 seconds.
Data saved at t = 3.2399 s
Elapsed time is 0.033397 seconds.
Data saved at t = 3.25 s
Elapsed time is 0.033090 seconds.
Data saved at t = 3.2599 s
Elapsed time is 0.033741 seconds.
Data saved at t = 3.27 s
Elapsed time is 0.033420 seconds.
Data saved at t = 3.2799 s
Elapsed time is 0.046138 seconds.
Data saved at t = 3.29 s
Elapsed time is 0.033820 seconds.
66000 / 300000 time steps completed. t = 3.299950 s
Elapsed time is 8.943181 seconds.
Data saved at t = 3.2999 s
Elapsed time is 0.033586 seconds.
Data saved at t = 3.31 s
Elapsed time is 0.033598 seconds.
Data saved at t = 3.3199 s
Elapsed time is 0.033924 seconds.
Data saved at t = 3.33 s
Elapsed time is 0.032867 seconds.
Data saved at t = 3.3399 s
Elapsed time is 0.081993 seconds.
Data saved at t = 3.35 s
Elapsed time is 0.132358 seconds.
67200 / 300000 time steps completed. t = 3.359950 s
Elapsed time is 9.103967 seconds.
Data saved at t = 3.3599 s
Elapsed time is 0.033355 seconds.
Data saved at t = 3.3699 s
Elapsed time is 0.034464 seconds.
Data saved at t = 3.38 s
Elapsed time is 0.034457 seconds.
Data saved at t = 3.3899 s
Elapsed time is 0.033527 seconds.
Data saved at t = 3.4 s
Elapsed time is 0.033534 seconds.
Data saved at t = 3.4099 s
Elapsed time is 0.034707 seconds.
68400 / 300000 time steps completed. t = 3.419950 s
Elapsed time is 8.945845 seconds.
Data saved at t = 3.42 s
Elapsed time is 0.034045 seconds.
Data saved at t = 3.4299 s
Elapsed time is 0.043426 seconds.
Data saved at t = 3.44 s
Elapsed time is 0.034648 seconds.
Data saved at t = 3.4499 s
Elapsed time is 0.033408 seconds.
Data saved at t = 3.46 s
Elapsed time is 0.034254 seconds.
Data saved at t = 3.4699 s
Elapsed time is 0.033277 seconds.
69600 / 300000 time steps completed. t = 3.479950 s
Elapsed time is 8.951785 seconds.
Data saved at t = 3.48 s
Elapsed time is 0.034059 seconds.
Data saved at t = 3.4899 s
Elapsed time is 0.033303 seconds.
Data saved at t = 3.5 s
Elapsed time is 0.034522 seconds.
Data saved at t = 3.5099 s
Elapsed time is 0.033699 seconds.
Data saved at t = 3.52 s
Elapsed time is 0.033467 seconds.
Data saved at t = 3.5299 s
Elapsed time is 0.033205 seconds.
70800 / 300000 time steps completed. t = 3.539950 s
Elapsed time is 8.926522 seconds.
Data saved at t = 3.54 s
Elapsed time is 0.033307 seconds.
Data saved at t = 3.5499 s
Elapsed time is 0.033690 seconds.
Data saved at t = 3.56 s
Elapsed time is 0.033619 seconds.
Data saved at t = 3.5699 s
Elapsed time is 0.033741 seconds.
Data saved at t = 3.5799 s
Elapsed time is 0.034986 seconds.
Data saved at t = 3.5899 s
Elapsed time is 0.033842 seconds.
72000 / 300000 time steps completed. t = 3.599950 s
Elapsed time is 8.954095 seconds.
Data saved at t = 3.5999 s
Elapsed time is 0.033674 seconds.
Data saved at t = 3.6099 s
Elapsed time is 0.033961 seconds.
Data saved at t = 3.6199 s
Elapsed time is 0.034018 seconds.
Data saved at t = 3.63 s
Elapsed time is 0.033188 seconds.
Data saved at t = 3.6399 s
Elapsed time is 0.033607 seconds.
Data saved at t = 3.65 s
Elapsed time is 0.033849 seconds.
73200 / 300000 time steps completed. t = 3.659950 s
Elapsed time is 8.972600 seconds.
Data saved at t = 3.6599 s
Elapsed time is 0.033340 seconds.
Data saved at t = 3.67 s
Elapsed time is 0.033881 seconds.
Data saved at t = 3.6799 s
Elapsed time is 0.033478 seconds.
Data saved at t = 3.69 s
Elapsed time is 0.034663 seconds.
Data saved at t = 3.6999 s
Elapsed time is 0.035066 seconds.
Data saved at t = 3.71 s
Elapsed time is 0.037022 seconds.
74400 / 300000 time steps completed. t = 3.719950 s
Elapsed time is 8.978383 seconds.
Data saved at t = 3.7199 s
Elapsed time is 0.033801 seconds.
Data saved at t = 3.73 s
Elapsed time is 0.033708 seconds.
Data saved at t = 3.7399 s
Elapsed time is 0.033307 seconds.
Data saved at t = 3.75 s
Elapsed time is 0.033575 seconds.
Data saved at t = 3.7599 s
Elapsed time is 0.033474 seconds.
Data saved at t = 3.77 s
Elapsed time is 0.034641 seconds.
75600 / 300000 time steps completed. t = 3.779950 s
Elapsed time is 8.938218 seconds.
Data saved at t = 3.7799 s
Elapsed time is 0.033468 seconds.
Data saved at t = 3.7899 s
Elapsed time is 0.033377 seconds.
Data saved at t = 3.7999 s
Elapsed time is 0.032905 seconds.
Data saved at t = 3.8099 s
Elapsed time is 0.033642 seconds.
Data saved at t = 3.8199 s
Elapsed time is 0.033079 seconds.
Data saved at t = 3.8299 s
Elapsed time is 0.033483 seconds.
76800 / 300000 time steps completed. t = 3.839950 s
Elapsed time is 8.961682 seconds.
Data saved at t = 3.8399 s
Elapsed time is 0.033941 seconds.
Data saved at t = 3.8499 s
Elapsed time is 0.033683 seconds.
Data saved at t = 3.8599 s
Elapsed time is 0.033574 seconds.
Data saved at t = 3.8699 s
Elapsed time is 0.033732 seconds.
Data saved at t = 3.88 s
Elapsed time is 0.033128 seconds.
Data saved at t = 3.8899 s
Elapsed time is 0.033795 seconds.
78000 / 300000 time steps completed. t = 3.899950 s
Elapsed time is 8.975038 seconds.
Data saved at t = 3.9 s
Elapsed time is 0.033387 seconds.
Data saved at t = 3.9099 s
Elapsed time is 0.034311 seconds.
Data saved at t = 3.92 s
Elapsed time is 0.037170 seconds.
Data saved at t = 3.9299 s
Elapsed time is 0.033550 seconds.
Data saved at t = 3.94 s
Elapsed time is 0.033513 seconds.
Data saved at t = 3.9499 s
Elapsed time is 0.033238 seconds.
79200 / 300000 time steps completed. t = 3.959950 s
Elapsed time is 8.971363 seconds.
Data saved at t = 3.96 s
Elapsed time is 0.033940 seconds.
Data saved at t = 3.9699 s
Elapsed time is 0.033644 seconds.
Data saved at t = 3.98 s
Elapsed time is 0.034765 seconds.
Data saved at t = 3.9899 s
Elapsed time is 0.033727 seconds.
Data saved at t = 3.9999 s
Elapsed time is 0.033374 seconds.
Data saved at t = 4.0099 s
Elapsed time is 0.033858 seconds.
80400 / 300000 time steps completed. t = 4.019950 s
Elapsed time is 8.919048 seconds.
Data saved at t = 4.0199 s
Elapsed time is 0.033747 seconds.
Data saved at t = 4.03 s
Elapsed time is 0.033729 seconds.
Data saved at t = 4.04 s
Elapsed time is 0.036962 seconds.
Data saved at t = 4.0499 s
Elapsed time is 0.033534 seconds.
Data saved at t = 4.0599 s
Elapsed time is 0.033425 seconds.
Data saved at t = 4.07 s
Elapsed time is 0.033769 seconds.
81600 / 300000 time steps completed. t = 4.079950 s
Elapsed time is 8.974544 seconds.
Data saved at t = 4.08 s
Elapsed time is 0.033476 seconds.
Data saved at t = 4.0899 s
Elapsed time is 0.034260 seconds.
Data saved at t = 4.0999 s
Elapsed time is 0.041611 seconds.
Data saved at t = 4.11 s
Elapsed time is 0.033356 seconds.
Data saved at t = 4.12 s
Elapsed time is 0.034101 seconds.
Data saved at t = 4.13 s
Elapsed time is 0.033762 seconds.
82800 / 300000 time steps completed. t = 4.139950 s
Elapsed time is 8.932668 seconds.
Data saved at t = 4.1399 s
Elapsed time is 0.033249 seconds.
Data saved at t = 4.15 s
Elapsed time is 0.033789 seconds.
Data saved at t = 4.16 s
Elapsed time is 0.033172 seconds.
Data saved at t = 4.17 s
Elapsed time is 0.033703 seconds.
Data saved at t = 4.1799 s
Elapsed time is 0.033338 seconds.
Data saved at t = 4.19 s
Elapsed time is 0.033572 seconds.
84000 / 300000 time steps completed. t = 4.199950 s
Elapsed time is 8.963326 seconds.
Data saved at t = 4.2 s
Elapsed time is 0.033447 seconds.
Data saved at t = 4.21 s
Elapsed time is 0.033635 seconds.
Data saved at t = 4.2199 s
Elapsed time is 0.034169 seconds.
Data saved at t = 4.2299 s
Elapsed time is 0.033764 seconds.
Data saved at t = 4.24 s
Elapsed time is 0.033339 seconds.
Data saved at t = 4.25 s
Elapsed time is 0.033085 seconds.
85200 / 300000 time steps completed. t = 4.259950 s
Elapsed time is 8.967312 seconds.
Data saved at t = 4.2599 s
Elapsed time is 0.033102 seconds.
Data saved at t = 4.2699 s
Elapsed time is 0.033711 seconds.
Data saved at t = 4.28 s
Elapsed time is 0.033433 seconds.
Data saved at t = 4.29 s
Elapsed time is 0.033775 seconds.
Data saved at t = 4.2999 s
Elapsed time is 0.033713 seconds.
Data saved at t = 4.3099 s
Elapsed time is 0.033871 seconds.
86400 / 300000 time steps completed. t = 4.319950 s
Elapsed time is 8.974017 seconds.
Data saved at t = 4.32 s
Elapsed time is 0.033702 seconds.
Data saved at t = 4.33 s
Elapsed time is 0.033611 seconds.
Data saved at t = 4.3399 s
Elapsed time is 0.033816 seconds.
Data saved at t = 4.3499 s
Elapsed time is 0.033461 seconds.
Data saved at t = 4.36 s
Elapsed time is 0.033470 seconds.
Data saved at t = 4.37 s
Elapsed time is 0.039173 seconds.
87600 / 300000 time steps completed. t = 4.379950 s
Elapsed time is 8.983819 seconds.
Data saved at t = 4.38 s
Elapsed time is 0.033304 seconds.
Data saved at t = 4.3899 s
Elapsed time is 0.033559 seconds.
Data saved at t = 4.4 s
Elapsed time is 0.033712 seconds.
Data saved at t = 4.41 s
Elapsed time is 0.034311 seconds.
Data saved at t = 4.42 s
Elapsed time is 0.033693 seconds.
Data saved at t = 4.4299 s
Elapsed time is 0.033907 seconds.
88800 / 300000 time steps completed. t = 4.439950 s
Elapsed time is 8.978720 seconds.
Data saved at t = 4.4399 s
Elapsed time is 0.033511 seconds.
Data saved at t = 4.45 s
Elapsed time is 0.033427 seconds.
Data saved at t = 4.46 s
Elapsed time is 0.033949 seconds.
Data saved at t = 4.4699 s
Elapsed time is 0.033726 seconds.
Data saved at t = 4.4799 s
Elapsed time is 0.033849 seconds.
Data saved at t = 4.49 s
Elapsed time is 0.034351 seconds.
90000 / 300000 time steps completed. t = 4.499950 s
Elapsed time is 8.987310 seconds.
Data saved at t = 4.5 s
Elapsed time is 0.033426 seconds.
Data saved at t = 4.5099 s
Elapsed time is 0.035028 seconds.
Data saved at t = 4.5199 s
Elapsed time is 0.033753 seconds.
Data saved at t = 4.53 s
Elapsed time is 0.033836 seconds.
Data saved at t = 4.54 s
Elapsed time is 0.033784 seconds.
Data saved at t = 4.5499 s
Elapsed time is 0.033380 seconds.
91200 / 300000 time steps completed. t = 4.559950 s
Elapsed time is 8.980324 seconds.
Data saved at t = 4.5599 s
Elapsed time is 0.033626 seconds.
Data saved at t = 4.57 s
Elapsed time is 0.034128 seconds.
Data saved at t = 4.58 s
Elapsed time is 0.035047 seconds.
Data saved at t = 4.5899 s
Elapsed time is 0.034188 seconds.
Data saved at t = 4.5999 s
Elapsed time is 0.033646 seconds.
Data saved at t = 4.61 s
Elapsed time is 0.033807 seconds.
92400 / 300000 time steps completed. t = 4.619950 s
Elapsed time is 8.989713 seconds.
Data saved at t = 4.62 s
Elapsed time is 0.033203 seconds.
Data saved at t = 4.63 s
Elapsed time is 0.034283 seconds.
Data saved at t = 4.6399 s
Elapsed time is 0.034307 seconds.
Data saved at t = 4.6499 s
Elapsed time is 0.033374 seconds.
Data saved at t = 4.66 s
Elapsed time is 0.033273 seconds.
Data saved at t = 4.67 s
Elapsed time is 0.034111 seconds.
93600 / 300000 time steps completed. t = 4.679950 s
Elapsed time is 8.971600 seconds.
Data saved at t = 4.6799 s
Elapsed time is 0.033124 seconds.
Data saved at t = 4.6899 s
Elapsed time is 0.033366 seconds.
Data saved at t = 4.7 s
Elapsed time is 0.034009 seconds.
Data saved at t = 4.71 s
Elapsed time is 0.033471 seconds.
Data saved at t = 4.7199 s
Elapsed time is 0.033769 seconds.
Data saved at t = 4.7299 s
Elapsed time is 0.033699 seconds.
94800 / 300000 time steps completed. t = 4.739950 s
Elapsed time is 8.978119 seconds.
Data saved at t = 4.74 s
Elapsed time is 0.033312 seconds.
Data saved at t = 4.75 s
Elapsed time is 0.033549 seconds.
Data saved at t = 4.7599 s
Elapsed time is 0.033624 seconds.
Data saved at t = 4.7699 s
Elapsed time is 0.042532 seconds.
Data saved at t = 4.78 s
Elapsed time is 0.033858 seconds.
Data saved at t = 4.79 s
Elapsed time is 0.033944 seconds.
96000 / 300000 time steps completed. t = 4.799950 s
Elapsed time is 8.978600 seconds.
Data saved at t = 4.7999 s
Elapsed time is 0.033835 seconds.
Data saved at t = 4.8099 s
Elapsed time is 0.033237 seconds.
Data saved at t = 4.82 s
Elapsed time is 0.034081 seconds.
Data saved at t = 4.83 s
Elapsed time is 0.037064 seconds.
Data saved at t = 4.8399 s
Elapsed time is 0.033711 seconds.
Data saved at t = 4.8499 s
Elapsed time is 0.033513 seconds.
97200 / 300000 time steps completed. t = 4.859950 s
Elapsed time is 8.974408 seconds.
Data saved at t = 4.86 s
Elapsed time is 0.033760 seconds.
Data saved at t = 4.8699 s
Elapsed time is 0.033843 seconds.
Data saved at t = 4.88 s
Elapsed time is 0.033091 seconds.
Data saved at t = 4.8899 s
Elapsed time is 0.033363 seconds.
Data saved at t = 4.9 s
Elapsed time is 0.033278 seconds.
Data saved at t = 4.9099 s
Elapsed time is 0.034170 seconds.
98400 / 300000 time steps completed. t = 4.919950 s
Elapsed time is 8.975211 seconds.
Data saved at t = 4.92 s
Elapsed time is 0.033197 seconds.
Data saved at t = 4.9299 s
Elapsed time is 0.033462 seconds.
Data saved at t = 4.94 s
Elapsed time is 0.033622 seconds.
Data saved at t = 4.9499 s
Elapsed time is 0.033117 seconds.
Data saved at t = 4.96 s
Elapsed time is 0.033454 seconds.
Data saved at t = 4.9699 s
Elapsed time is 0.033847 seconds.
99600 / 300000 time steps completed. t = 4.979950 s
Elapsed time is 8.973751 seconds.
Data saved at t = 4.98 s
Elapsed time is 0.033244 seconds.
Data saved at t = 4.9899 s
Elapsed time is 0.033190 seconds.
Data saved at t = 5 s
Elapsed time is 0.033825 seconds.
Data saved at t = 5.0099 s
Elapsed time is 0.033910 seconds.
Data saved at t = 5.02 s
Elapsed time is 0.034026 seconds.
Data saved at t = 5.0299 s
Elapsed time is 0.033685 seconds.
100800 / 300000 time steps completed. t = 5.039950 s
Elapsed time is 8.973985 seconds.
Data saved at t = 5.04 s
Elapsed time is 0.033265 seconds.
Data saved at t = 5.0499 s
Elapsed time is 0.034001 seconds.
Data saved at t = 5.0599 s
Elapsed time is 0.033965 seconds.
Data saved at t = 5.0699 s
Elapsed time is 0.033028 seconds.
Data saved at t = 5.08 s
Elapsed time is 0.034993 seconds.
Data saved at t = 5.0899 s
Elapsed time is 0.033210 seconds.
102000 / 300000 time steps completed. t = 5.099950 s
Elapsed time is 8.967043 seconds.
Data saved at t = 5.0999 s
Elapsed time is 0.034282 seconds.
Data saved at t = 5.1099 s
Elapsed time is 0.032784 seconds.
Data saved at t = 5.12 s
Elapsed time is 0.033186 seconds.
Data saved at t = 5.13 s
Elapsed time is 0.032108 seconds.
Data saved at t = 5.1399 s
Elapsed time is 0.032183 seconds.
Data saved at t = 5.1499 s
Elapsed time is 0.032047 seconds.
103200 / 300000 time steps completed. t = 5.159950 s
Elapsed time is 8.435868 seconds.
Data saved at t = 5.16 s
Elapsed time is 0.032402 seconds.
Data saved at t = 5.17 s
Elapsed time is 0.032561 seconds.
Data saved at t = 5.1799 s
Elapsed time is 0.032869 seconds.
Data saved at t = 5.1899 s
Elapsed time is 0.033086 seconds.
Data saved at t = 5.2 s
Elapsed time is 0.033041 seconds.
Data saved at t = 5.21 s
Elapsed time is 0.096472 seconds.
104400 / 300000 time steps completed. t = 5.219950 s
Elapsed time is 8.602047 seconds.
Data saved at t = 5.2199 s
Elapsed time is 0.032747 seconds.
Data saved at t = 5.2299 s
Elapsed time is 0.035985 seconds.
Data saved at t = 5.24 s
Elapsed time is 0.033048 seconds.
Data saved at t = 5.25 s
Elapsed time is 0.032839 seconds.
Data saved at t = 5.2599 s
Elapsed time is 0.035137 seconds.
Data saved at t = 5.2699 s
Elapsed time is 0.033281 seconds.
105600 / 300000 time steps completed. t = 5.279950 s
Elapsed time is 8.430965 seconds.
Data saved at t = 5.28 s
Elapsed time is 0.032857 seconds.
Data saved at t = 5.2899 s
Elapsed time is 0.032903 seconds.
Data saved at t = 5.2999 s
Elapsed time is 0.032490 seconds.
Data saved at t = 5.3099 s
Elapsed time is 0.032955 seconds.
Data saved at t = 5.32 s
Elapsed time is 0.031862 seconds.
Data saved at t = 5.3299 s
Elapsed time is 0.032679 seconds.
106800 / 300000 time steps completed. t = 5.339950 s
Elapsed time is 8.447678 seconds.
Data saved at t = 5.3399 s
Elapsed time is 0.033305 seconds.
Data saved at t = 5.3499 s
Elapsed time is 0.032131 seconds.
Data saved at t = 5.36 s
Elapsed time is 0.032485 seconds.
Data saved at t = 5.3699 s
Elapsed time is 0.032723 seconds.
Data saved at t = 5.38 s
Elapsed time is 0.037008 seconds.
Data saved at t = 5.3899 s
Elapsed time is 0.032313 seconds.
108000 / 300000 time steps completed. t = 5.399950 s
Elapsed time is 8.440435 seconds.
Data saved at t = 5.4 s
Elapsed time is 0.032377 seconds.
Data saved at t = 5.4099 s
Elapsed time is 0.032532 seconds.
Data saved at t = 5.42 s
Elapsed time is 0.032179 seconds.
Data saved at t = 5.4299 s
Elapsed time is 0.031902 seconds.
Data saved at t = 5.44 s
Elapsed time is 0.033192 seconds.
Data saved at t = 5.4499 s
Elapsed time is 0.032350 seconds.
109200 / 300000 time steps completed. t = 5.459950 s
Elapsed time is 8.437104 seconds.
Data saved at t = 5.46 s
Elapsed time is 0.059092 seconds.
Data saved at t = 5.4699 s
Elapsed time is 0.032819 seconds.
Data saved at t = 5.4799 s
Elapsed time is 0.032680 seconds.
Data saved at t = 5.4899 s
Elapsed time is 0.031216 seconds.
Data saved at t = 5.5 s
Elapsed time is 0.031925 seconds.
Data saved at t = 5.5099 s
Elapsed time is 0.033456 seconds.
110400 / 300000 time steps completed. t = 5.519950 s
Elapsed time is 8.402163 seconds.
Data saved at t = 5.5199 s
Elapsed time is 0.032071 seconds.
Data saved at t = 5.5299 s
Elapsed time is 0.033333 seconds.
Data saved at t = 5.54 s
Elapsed time is 0.033580 seconds.
Data saved at t = 5.5499 s
Elapsed time is 0.031786 seconds.
Data saved at t = 5.5599 s
Elapsed time is 0.032862 seconds.
Data saved at t = 5.5699 s
Elapsed time is 0.032387 seconds.
111600 / 300000 time steps completed. t = 5.579950 s
Elapsed time is 8.429536 seconds.
Data saved at t = 5.58 s
Elapsed time is 0.031423 seconds.
Data saved at t = 5.5899 s
Elapsed time is 0.032978 seconds.
Data saved at t = 5.5999 s
Elapsed time is 0.032929 seconds.
Data saved at t = 5.6099 s
Elapsed time is 0.032888 seconds.
Data saved at t = 5.62 s
Elapsed time is 0.031975 seconds.
Data saved at t = 5.63 s
Elapsed time is 0.032282 seconds.
112800 / 300000 time steps completed. t = 5.639950 s
Elapsed time is 8.402164 seconds.
Data saved at t = 5.6399 s
Elapsed time is 0.032146 seconds.
Data saved at t = 5.6499 s
Elapsed time is 0.031137 seconds.
Data saved at t = 5.66 s
Elapsed time is 0.032080 seconds.
Data saved at t = 5.67 s
Elapsed time is 0.033029 seconds.
Data saved at t = 5.6799 s
Elapsed time is 0.032956 seconds.
Data saved at t = 5.6899 s
Elapsed time is 0.033126 seconds.
114000 / 300000 time steps completed. t = 5.699950 s
Elapsed time is 8.424586 seconds.
Data saved at t = 5.7 s
Elapsed time is 0.033995 seconds.
Data saved at t = 5.7099 s
Elapsed time is 0.032014 seconds.
Data saved at t = 5.7199 s
Elapsed time is 0.032420 seconds.
Data saved at t = 5.7299 s
Elapsed time is 0.031807 seconds.
Data saved at t = 5.74 s
Elapsed time is 0.031712 seconds.
Data saved at t = 5.7499 s
Elapsed time is 0.032211 seconds.
115200 / 300000 time steps completed. t = 5.759950 s
Elapsed time is 8.413754 seconds.
Data saved at t = 5.7599 s
Elapsed time is 0.031828 seconds.
Data saved at t = 5.7699 s
Elapsed time is 0.032116 seconds.
Data saved at t = 5.78 s
Elapsed time is 0.032319 seconds.
Data saved at t = 5.7899 s
Elapsed time is 0.032607 seconds.
Data saved at t = 5.7999 s
Elapsed time is 0.032036 seconds.
Data saved at t = 5.8099 s
Elapsed time is 0.031379 seconds.
116400 / 300000 time steps completed. t = 5.819950 s
Elapsed time is 8.441655 seconds.
Data saved at t = 5.82 s
Elapsed time is 0.032632 seconds.
Data saved at t = 5.8299 s
Elapsed time is 0.032938 seconds.
Data saved at t = 5.8399 s
Elapsed time is 0.033191 seconds.
Data saved at t = 5.8499 s
Elapsed time is 0.032386 seconds.
Data saved at t = 5.86 s
Elapsed time is 0.031668 seconds.
Data saved at t = 5.8699 s
Elapsed time is 0.032753 seconds.
117600 / 300000 time steps completed. t = 5.879950 s
Elapsed time is 8.424629 seconds.
Data saved at t = 5.88 s
Elapsed time is 0.032689 seconds.
Data saved at t = 5.8899 s
Elapsed time is 0.031515 seconds.
Data saved at t = 5.8999 s
Elapsed time is 0.032445 seconds.
Data saved at t = 5.9099 s
Elapsed time is 0.033144 seconds.
Data saved at t = 5.92 s
Elapsed time is 0.031748 seconds.
Data saved at t = 5.9299 s
Elapsed time is 0.030633 seconds.
118800 / 300000 time steps completed. t = 5.939950 s
Elapsed time is 8.415203 seconds.
Data saved at t = 5.9399 s
Elapsed time is 0.036609 seconds.
Data saved at t = 5.9499 s
Elapsed time is 0.032262 seconds.
Data saved at t = 5.96 s
Elapsed time is 0.032063 seconds.
Data saved at t = 5.9699 s
Elapsed time is 0.032412 seconds.
Data saved at t = 5.9799 s
Elapsed time is 0.033729 seconds.
Data saved at t = 5.9899 s
Elapsed time is 0.031857 seconds.
120000 / 300000 time steps completed. t = 5.999950 s
Elapsed time is 8.411260 seconds.
Data saved at t = 6 s
Elapsed time is 0.031851 seconds.
Data saved at t = 6.01 s
Elapsed time is 0.032313 seconds.
Data saved at t = 6.0199 s
Elapsed time is 0.032654 seconds.
Data saved at t = 6.0299 s
Elapsed time is 0.032183 seconds.
Data saved at t = 6.04 s
Elapsed time is 0.032165 seconds.
Data saved at t = 6.05 s
Elapsed time is 0.035881 seconds.
121200 / 300000 time steps completed. t = 6.059950 s
Elapsed time is 8.445297 seconds.
Data saved at t = 6.0599 s
Elapsed time is 0.032054 seconds.
Data saved at t = 6.0699 s
Elapsed time is 0.033552 seconds.
Data saved at t = 6.08 s
Elapsed time is 0.032218 seconds.
Data saved at t = 6.09 s
Elapsed time is 0.032937 seconds.
Data saved at t = 6.0999 s
Elapsed time is 0.033209 seconds.
Data saved at t = 6.1099 s
Elapsed time is 0.031867 seconds.
122400 / 300000 time steps completed. t = 6.119950 s
Elapsed time is 8.423930 seconds.
Data saved at t = 6.12 s
Elapsed time is 0.032100 seconds.
Data saved at t = 6.1299 s
Elapsed time is 0.031765 seconds.
Data saved at t = 6.1399 s
Elapsed time is 0.032214 seconds.
Data saved at t = 6.1499 s
Elapsed time is 0.032947 seconds.
Data saved at t = 6.16 s
Elapsed time is 0.032390 seconds.
Data saved at t = 6.1699 s
Elapsed time is 0.032919 seconds.
123600 / 300000 time steps completed. t = 6.179950 s
Elapsed time is 8.430203 seconds.
Data saved at t = 6.1799 s
Elapsed time is 0.041916 seconds.
Data saved at t = 6.1899 s
Elapsed time is 0.032633 seconds.
Data saved at t = 6.2 s
Elapsed time is 0.032101 seconds.
Data saved at t = 6.2099 s
Elapsed time is 0.032897 seconds.
Data saved at t = 6.2199 s
Elapsed time is 0.031999 seconds.
Data saved at t = 6.23 s
Elapsed time is 0.032499 seconds.
124800 / 300000 time steps completed. t = 6.239950 s
Elapsed time is 8.444345 seconds.
Data saved at t = 6.24 s
Elapsed time is 0.031632 seconds.
Data saved at t = 6.2499 s
Elapsed time is 0.032918 seconds.
Data saved at t = 6.2599 s
Elapsed time is 0.033035 seconds.
Data saved at t = 6.27 s
Elapsed time is 0.032271 seconds.
Data saved at t = 6.28 s
Elapsed time is 0.032331 seconds.
Data saved at t = 6.2899 s
Elapsed time is 0.032839 seconds.
126000 / 300000 time steps completed. t = 6.299950 s
Elapsed time is 8.428839 seconds.
Data saved at t = 6.2999 s
Elapsed time is 0.033055 seconds.
Data saved at t = 6.31 s
Elapsed time is 0.031949 seconds.
Data saved at t = 6.3199 s
Elapsed time is 0.032576 seconds.
Data saved at t = 6.3299 s
Elapsed time is 0.031230 seconds.
Data saved at t = 6.3399 s
Elapsed time is 0.032870 seconds.
Data saved at t = 6.35 s
Elapsed time is 0.034492 seconds.
127200 / 300000 time steps completed. t = 6.359950 s
Elapsed time is 8.490768 seconds.
Data saved at t = 6.3599 s
Elapsed time is 0.032703 seconds.
Data saved at t = 6.3699 s
Elapsed time is 0.033413 seconds.
Data saved at t = 6.38 s
Elapsed time is 0.032686 seconds.
Data saved at t = 6.39 s
Elapsed time is 0.032900 seconds.
Data saved at t = 6.3999 s
Elapsed time is 0.032833 seconds.
Data saved at t = 6.4099 s
Elapsed time is 0.032804 seconds.
128400 / 300000 time steps completed. t = 6.419950 s
Elapsed time is 8.437929 seconds.
Data saved at t = 6.42 s
Elapsed time is 0.032716 seconds.
Data saved at t = 6.43 s
Elapsed time is 0.033568 seconds.
Data saved at t = 6.4399 s
Elapsed time is 0.032608 seconds.
Data saved at t = 6.45 s
Elapsed time is 0.032199 seconds.
Data saved at t = 6.46 s
Elapsed time is 0.033106 seconds.
Data saved at t = 6.47 s
Elapsed time is 0.031628 seconds.
129600 / 300000 time steps completed. t = 6.479950 s
Elapsed time is 8.455662 seconds.
Data saved at t = 6.4799 s
Elapsed time is 0.032301 seconds.
Data saved at t = 6.49 s
Elapsed time is 0.032434 seconds.
Data saved at t = 6.5 s
Elapsed time is 0.032077 seconds.
Data saved at t = 6.51 s
Elapsed time is 0.032761 seconds.
Data saved at t = 6.5199 s
Elapsed time is 0.032924 seconds.
Data saved at t = 6.53 s
Elapsed time is 0.032565 seconds.
130800 / 300000 time steps completed. t = 6.539950 s
Elapsed time is 8.466637 seconds.
Data saved at t = 6.54 s
Elapsed time is 0.032671 seconds.
Data saved at t = 6.5499 s
Elapsed time is 0.032566 seconds.
Data saved at t = 6.5599 s
Elapsed time is 0.033279 seconds.
Data saved at t = 6.57 s
Elapsed time is 0.032238 seconds.
Data saved at t = 6.58 s
Elapsed time is 0.032403 seconds.
Data saved at t = 6.5899 s
Elapsed time is 0.032151 seconds.
132000 / 300000 time steps completed. t = 6.599950 s
Elapsed time is 8.447439 seconds.
Data saved at t = 6.5999 s
Elapsed time is 0.033026 seconds.
Data saved at t = 6.61 s
Elapsed time is 0.032528 seconds.
Data saved at t = 6.62 s
Elapsed time is 0.032140 seconds.
Data saved at t = 6.6299 s
Elapsed time is 0.031488 seconds.
Data saved at t = 6.6399 s
Elapsed time is 0.080804 seconds.
Data saved at t = 6.65 s
Elapsed time is 0.032502 seconds.
133200 / 300000 time steps completed. t = 6.659950 s
Elapsed time is 8.445740 seconds.
Data saved at t = 6.66 s
Elapsed time is 0.031064 seconds.
Data saved at t = 6.6699 s
Elapsed time is 0.032559 seconds.
Data saved at t = 6.6799 s
Elapsed time is 0.032186 seconds.
Data saved at t = 6.69 s
Elapsed time is 0.031787 seconds.
Data saved at t = 6.7 s
Elapsed time is 0.032738 seconds.
Data saved at t = 6.71 s
Elapsed time is 0.032263 seconds.
134400 / 300000 time steps completed. t = 6.719950 s
Elapsed time is 8.439042 seconds.
Data saved at t = 6.7199 s
Elapsed time is 0.032582 seconds.
Data saved at t = 6.73 s
Elapsed time is 0.032555 seconds.
Data saved at t = 6.7399 s
Elapsed time is 0.033293 seconds.
Data saved at t = 6.75 s
Elapsed time is 0.032847 seconds.
Data saved at t = 6.7599 s
Elapsed time is 0.037565 seconds.
Data saved at t = 6.77 s
Elapsed time is 0.032359 seconds.
135600 / 300000 time steps completed. t = 6.779950 s
Elapsed time is 8.437121 seconds.
Data saved at t = 6.7799 s
Elapsed time is 0.032192 seconds.
Data saved at t = 6.79 s
Elapsed time is 0.032531 seconds.
Data saved at t = 6.7999 s
Elapsed time is 0.032445 seconds.
Data saved at t = 6.81 s
Elapsed time is 0.032533 seconds.
Data saved at t = 6.8199 s
Elapsed time is 0.034686 seconds.
Data saved at t = 6.83 s
Elapsed time is 0.032208 seconds.
136800 / 300000 time steps completed. t = 6.839950 s
Elapsed time is 8.423103 seconds.
Data saved at t = 6.8399 s
Elapsed time is 0.032642 seconds.
Data saved at t = 6.85 s
Elapsed time is 0.032587 seconds.
Data saved at t = 6.8599 s
Elapsed time is 0.032424 seconds.
Data saved at t = 6.87 s
Elapsed time is 0.033192 seconds.
Data saved at t = 6.88 s
Elapsed time is 0.032771 seconds.
Data saved at t = 6.89 s
Elapsed time is 0.032490 seconds.
138000 / 300000 time steps completed. t = 6.899950 s
Elapsed time is 8.445042 seconds.
Data saved at t = 6.8999 s
Elapsed time is 0.033418 seconds.
Data saved at t = 6.91 s
Elapsed time is 0.032203 seconds.
Data saved at t = 6.92 s
Elapsed time is 0.032042 seconds.
Data saved at t = 6.93 s
Elapsed time is 0.032281 seconds.
Data saved at t = 6.9399 s
Elapsed time is 0.033705 seconds.
Data saved at t = 6.95 s
Elapsed time is 0.033541 seconds.
139200 / 300000 time steps completed. t = 6.959950 s
Elapsed time is 8.431483 seconds.
Data saved at t = 6.96 s
Elapsed time is 0.031914 seconds.
Data saved at t = 6.9699 s
Elapsed time is 0.031612 seconds.
Data saved at t = 6.9799 s
Elapsed time is 0.032523 seconds.
Data saved at t = 6.99 s
Elapsed time is 0.033084 seconds.
Data saved at t = 7 s
Elapsed time is 0.032787 seconds.
Data saved at t = 7.0099 s
Elapsed time is 0.032243 seconds.
140400 / 300000 time steps completed. t = 7.019950 s
Elapsed time is 8.442451 seconds.
Data saved at t = 7.0199 s
Elapsed time is 0.032266 seconds.
Data saved at t = 7.03 s
Elapsed time is 0.032193 seconds.
Data saved at t = 7.04 s
Elapsed time is 0.032914 seconds.
Data saved at t = 7.0499 s
Elapsed time is 0.032103 seconds.
Data saved at t = 7.0599 s
Elapsed time is 0.058534 seconds.
Data saved at t = 7.07 s
Elapsed time is 0.032295 seconds.
141600 / 300000 time steps completed. t = 7.079950 s
Elapsed time is 8.422732 seconds.
Data saved at t = 7.08 s
Elapsed time is 0.032123 seconds.
Data saved at t = 7.0899 s
Elapsed time is 0.032617 seconds.
Data saved at t = 7.0999 s
Elapsed time is 0.032987 seconds.
Data saved at t = 7.11 s
Elapsed time is 0.031953 seconds.
Data saved at t = 7.12 s
Elapsed time is 0.032428 seconds.
Data saved at t = 7.13 s
Elapsed time is 0.033164 seconds.
142800 / 300000 time steps completed. t = 7.139950 s
Elapsed time is 8.413469 seconds.
Data saved at t = 7.1399 s
Elapsed time is 0.032113 seconds.
Data saved at t = 7.15 s
Elapsed time is 0.031865 seconds.
Data saved at t = 7.1599 s
Elapsed time is 0.032605 seconds.
Data saved at t = 7.17 s
Elapsed time is 0.032453 seconds.
Data saved at t = 7.1799 s
Elapsed time is 0.033783 seconds.
Data saved at t = 7.19 s
Elapsed time is 0.032108 seconds.
144000 / 300000 time steps completed. t = 7.199950 s
Elapsed time is 8.417646 seconds.
Data saved at t = 7.1999 s
Elapsed time is 0.033388 seconds.
Data saved at t = 7.21 s
Elapsed time is 0.031688 seconds.
Data saved at t = 7.2199 s
Elapsed time is 0.032605 seconds.
Data saved at t = 7.23 s
Elapsed time is 0.032465 seconds.
Data saved at t = 7.2399 s
Elapsed time is 0.033232 seconds.
Data saved at t = 7.25 s
Elapsed time is 0.032793 seconds.
145200 / 300000 time steps completed. t = 7.259950 s
Elapsed time is 8.479590 seconds.
Data saved at t = 7.2599 s
Elapsed time is 0.032248 seconds.
Data saved at t = 7.27 s
Elapsed time is 0.034528 seconds.
Data saved at t = 7.2799 s
Elapsed time is 0.031939 seconds.
Data saved at t = 7.29 s
Elapsed time is 0.033188 seconds.
Data saved at t = 7.2999 s
Elapsed time is 0.031884 seconds.
Data saved at t = 7.31 s
Elapsed time is 0.031921 seconds.
146400 / 300000 time steps completed. t = 7.319950 s
Elapsed time is 8.376440 seconds.
Data saved at t = 7.3199 s
Elapsed time is 0.032192 seconds.
Data saved at t = 7.33 s
Elapsed time is 0.032440 seconds.
Data saved at t = 7.3399 s
Elapsed time is 0.032157 seconds.
Data saved at t = 7.35 s
Elapsed time is 0.031873 seconds.
Data saved at t = 7.3599 s
Elapsed time is 0.032585 seconds.
Data saved at t = 7.37 s
Elapsed time is 0.031921 seconds.
147600 / 300000 time steps completed. t = 7.379950 s
Elapsed time is 8.436297 seconds.
Data saved at t = 7.38 s
Elapsed time is 0.031914 seconds.
Data saved at t = 7.3899 s
Elapsed time is 0.032915 seconds.
Data saved at t = 7.3999 s
Elapsed time is 0.032260 seconds.
Data saved at t = 7.41 s
Elapsed time is 0.033570 seconds.
Data saved at t = 7.42 s
Elapsed time is 0.032793 seconds.
Data saved at t = 7.4299 s
Elapsed time is 0.032187 seconds.
148800 / 300000 time steps completed. t = 7.439950 s
Elapsed time is 8.386834 seconds.
Data saved at t = 7.4399 s
Elapsed time is 0.034126 seconds.
Data saved at t = 7.45 s
Elapsed time is 0.032379 seconds.
Data saved at t = 7.46 s
Elapsed time is 0.032449 seconds.
Data saved at t = 7.4699 s
Elapsed time is 0.036930 seconds.
Data saved at t = 7.4799 s
Elapsed time is 0.032513 seconds.
Data saved at t = 7.49 s
Elapsed time is 0.033050 seconds.
150000 / 300000 time steps completed. t = 7.499950 s
Elapsed time is 8.453815 seconds.
Data saved at t = 7.5 s
Elapsed time is 0.031365 seconds.
Data saved at t = 7.5099 s
Elapsed time is 0.032169 seconds.
Data saved at t = 7.5199 s
Elapsed time is 0.033112 seconds.
Data saved at t = 7.53 s
Elapsed time is 0.032785 seconds.
Data saved at t = 7.54 s
Elapsed time is 0.033084 seconds.
Data saved at t = 7.5499 s
Elapsed time is 0.032372 seconds.
151200 / 300000 time steps completed. t = 7.559950 s
Elapsed time is 8.435942 seconds.
Data saved at t = 7.5599 s
Elapsed time is 0.032579 seconds.
Data saved at t = 7.57 s
Elapsed time is 0.033196 seconds.
Data saved at t = 7.5799 s
Elapsed time is 0.033382 seconds.
Data saved at t = 7.5899 s
Elapsed time is 0.033062 seconds.
Data saved at t = 7.5999 s
Elapsed time is 0.032526 seconds.
Data saved at t = 7.61 s
Elapsed time is 0.033026 seconds.
152400 / 300000 time steps completed. t = 7.619950 s
Elapsed time is 8.432926 seconds.
Data saved at t = 7.6199 s
Elapsed time is 0.032685 seconds.
Data saved at t = 7.63 s
Elapsed time is 0.034579 seconds.
Data saved at t = 7.6399 s
Elapsed time is 0.033075 seconds.
Data saved at t = 7.65 s
Elapsed time is 0.032701 seconds.
Data saved at t = 7.6599 s
Elapsed time is 0.034187 seconds.
Data saved at t = 7.67 s
Elapsed time is 0.032242 seconds.
153600 / 300000 time steps completed. t = 7.679950 s
Elapsed time is 8.441309 seconds.
Data saved at t = 7.6799 s
Elapsed time is 0.032473 seconds.
Data saved at t = 7.69 s
Elapsed time is 0.032409 seconds.
Data saved at t = 7.6999 s
Elapsed time is 0.032015 seconds.
Data saved at t = 7.71 s
Elapsed time is 0.032296 seconds.
Data saved at t = 7.7199 s
Elapsed time is 0.032009 seconds.
Data saved at t = 7.73 s
Elapsed time is 0.031695 seconds.
154800 / 300000 time steps completed. t = 7.739950 s
Elapsed time is 8.496334 seconds.
Data saved at t = 7.7399 s
Elapsed time is 0.032333 seconds.
Data saved at t = 7.75 s
Elapsed time is 0.032905 seconds.
Data saved at t = 7.7599 s
Elapsed time is 0.033980 seconds.
Data saved at t = 7.77 s
Elapsed time is 0.035811 seconds.
Data saved at t = 7.7799 s
Elapsed time is 0.043506 seconds.
Data saved at t = 7.79 s
Elapsed time is 0.035620 seconds.
156000 / 300000 time steps completed. t = 7.799950 s
Elapsed time is 8.975823 seconds.
Data saved at t = 7.7999 s
Elapsed time is 0.033249 seconds.
Data saved at t = 7.8099 s
Elapsed time is 0.033276 seconds.
Data saved at t = 7.8199 s
Elapsed time is 0.037089 seconds.
Data saved at t = 7.83 s
Elapsed time is 0.033771 seconds.
Data saved at t = 7.8399 s
Elapsed time is 0.033342 seconds.
Data saved at t = 7.8499 s
Elapsed time is 0.033915 seconds.
157200 / 300000 time steps completed. t = 7.859950 s
Elapsed time is 8.947655 seconds.
Data saved at t = 7.8599 s
Elapsed time is 0.033163 seconds.
Data saved at t = 7.87 s
Elapsed time is 0.036177 seconds.
Data saved at t = 7.88 s
Elapsed time is 0.033737 seconds.
Data saved at t = 7.8899 s
Elapsed time is 0.033470 seconds.
Data saved at t = 7.8999 s
Elapsed time is 0.033504 seconds.
Data saved at t = 7.91 s
Elapsed time is 0.033557 seconds.
158400 / 300000 time steps completed. t = 7.919950 s
Elapsed time is 8.964116 seconds.
Data saved at t = 7.92 s
Elapsed time is 0.033304 seconds.
Data saved at t = 7.9299 s
Elapsed time is 0.033539 seconds.
Data saved at t = 7.9399 s
Elapsed time is 0.033911 seconds.
Data saved at t = 7.95 s
Elapsed time is 0.033416 seconds.
Data saved at t = 7.96 s
Elapsed time is 0.033618 seconds.
Data saved at t = 7.9699 s
Elapsed time is 0.034295 seconds.
159600 / 300000 time steps completed. t = 7.979950 s
Elapsed time is 8.973258 seconds.
Data saved at t = 7.9799 s
Elapsed time is 0.034127 seconds.
Data saved at t = 7.99 s
Elapsed time is 0.034378 seconds.
Data saved at t = 7.9999 s
Elapsed time is 0.036456 seconds.
Data saved at t = 8.0099 s
Elapsed time is 0.033400 seconds.
Data saved at t = 8.0199 s
Elapsed time is 0.033573 seconds.
Data saved at t = 8.0299 s
Elapsed time is 0.033856 seconds.
160800 / 300000 time steps completed. t = 8.039950 s
Elapsed time is 8.960931 seconds.
Data saved at t = 8.0399 s
Elapsed time is 0.033768 seconds.
Data saved at t = 8.0499 s
Elapsed time is 0.080954 seconds.
Data saved at t = 8.06 s
Elapsed time is 0.034203 seconds.
Data saved at t = 8.07 s
Elapsed time is 0.034027 seconds.
Data saved at t = 8.08 s
Elapsed time is 0.036495 seconds.
Data saved at t = 8.0899 s
Elapsed time is 0.033689 seconds.
162000 / 300000 time steps completed. t = 8.099950 s
Elapsed time is 8.970404 seconds.
Data saved at t = 8.0999 s
Elapsed time is 0.033316 seconds.
Data saved at t = 8.1099 s
Elapsed time is 0.033381 seconds.
Data saved at t = 8.1199 s
Elapsed time is 0.033376 seconds.
Data saved at t = 8.1299 s
Elapsed time is 0.034163 seconds.
Data saved at t = 8.14 s
Elapsed time is 0.033327 seconds.
Data saved at t = 8.15 s
Elapsed time is 0.033564 seconds.
163200 / 300000 time steps completed. t = 8.159950 s
Elapsed time is 8.977937 seconds.
Data saved at t = 8.16 s
Elapsed time is 0.033937 seconds.
Data saved at t = 8.17 s
Elapsed time is 0.035941 seconds.
Data saved at t = 8.1799 s
Elapsed time is 0.033404 seconds.
Data saved at t = 8.1899 s
Elapsed time is 0.033824 seconds.
Data saved at t = 8.1999 s
Elapsed time is 0.033719 seconds.
Data saved at t = 8.2099 s
Elapsed time is 0.034396 seconds.
164400 / 300000 time steps completed. t = 8.219950 s
Elapsed time is 8.966383 seconds.
Data saved at t = 8.22 s
Elapsed time is 0.033253 seconds.
Data saved at t = 8.2299 s
Elapsed time is 0.033783 seconds.
Data saved at t = 8.24 s
Elapsed time is 0.033381 seconds.
Data saved at t = 8.25 s
Elapsed time is 0.032898 seconds.
Data saved at t = 8.2599 s
Elapsed time is 0.034062 seconds.
Data saved at t = 8.2699 s
Elapsed time is 0.034202 seconds.
165600 / 300000 time steps completed. t = 8.279950 s
Elapsed time is 8.992269 seconds.
Data saved at t = 8.2799 s
Elapsed time is 0.033811 seconds.
Data saved at t = 8.2899 s
Elapsed time is 0.033406 seconds.
Data saved at t = 8.3 s
Elapsed time is 0.034430 seconds.
Data saved at t = 8.3099 s
Elapsed time is 0.033367 seconds.
Data saved at t = 8.32 s
Elapsed time is 0.033783 seconds.
Data saved at t = 8.33 s
Elapsed time is 0.033937 seconds.
166800 / 300000 time steps completed. t = 8.339950 s
Elapsed time is 8.974260 seconds.
Data saved at t = 8.3399 s
Elapsed time is 0.033743 seconds.
Data saved at t = 8.3499 s
Elapsed time is 0.033844 seconds.
Data saved at t = 8.3599 s
Elapsed time is 0.033231 seconds.
Data saved at t = 8.3699 s
Elapsed time is 0.033769 seconds.
Data saved at t = 8.38 s
Elapsed time is 0.033176 seconds.
Data saved at t = 8.3899 s
Elapsed time is 0.033299 seconds.
168000 / 300000 time steps completed. t = 8.399950 s
Elapsed time is 8.958426 seconds.
Data saved at t = 8.4 s
Elapsed time is 0.034496 seconds.
Data saved at t = 8.41 s
Elapsed time is 0.034297 seconds.
Data saved at t = 8.42 s
Elapsed time is 0.034199 seconds.
Data saved at t = 8.4299 s
Elapsed time is 0.036145 seconds.
Data saved at t = 8.4399 s
Elapsed time is 0.033640 seconds.
Data saved at t = 8.4499 s
Elapsed time is 0.066259 seconds.
169200 / 300000 time steps completed. t = 8.459950 s
Elapsed time is 9.003736 seconds.
Data saved at t = 8.4599 s
Elapsed time is 0.033453 seconds.
Data saved at t = 8.4699 s
Elapsed time is 0.034336 seconds.
Data saved at t = 8.48 s
Elapsed time is 0.033515 seconds.
Data saved at t = 8.49 s
Elapsed time is 0.033722 seconds.
Data saved at t = 8.5 s
Elapsed time is 0.055582 seconds.
Data saved at t = 8.5099 s
Elapsed time is 0.033786 seconds.
170400 / 300000 time steps completed. t = 8.519950 s
Elapsed time is 8.962342 seconds.
Data saved at t = 8.5199 s
Elapsed time is 0.033447 seconds.
Data saved at t = 8.5299 s
Elapsed time is 0.034090 seconds.
Data saved at t = 8.5399 s
Elapsed time is 0.033743 seconds.
Data saved at t = 8.5499 s
Elapsed time is 0.032873 seconds.
Data saved at t = 8.56 s
Elapsed time is 0.033532 seconds.
Data saved at t = 8.57 s
Elapsed time is 0.033874 seconds.
171600 / 300000 time steps completed. t = 8.579950 s
Elapsed time is 8.960912 seconds.
Data saved at t = 8.58 s
Elapsed time is 0.032971 seconds.
Data saved at t = 8.5899 s
Elapsed time is 0.032965 seconds.
Data saved at t = 8.5999 s
Elapsed time is 0.033480 seconds.
Data saved at t = 8.6099 s
Elapsed time is 0.033881 seconds.
Data saved at t = 8.6199 s
Elapsed time is 0.033277 seconds.
Data saved at t = 8.6299 s
Elapsed time is 0.036691 seconds.
172800 / 300000 time steps completed. t = 8.639950 s
Elapsed time is 8.973856 seconds.
Data saved at t = 8.64 s
Elapsed time is 0.033406 seconds.
Data saved at t = 8.6499 s
Elapsed time is 0.033737 seconds.
Data saved at t = 8.66 s
Elapsed time is 0.033322 seconds.
Data saved at t = 8.67 s
Elapsed time is 0.033480 seconds.
Data saved at t = 8.6799 s
Elapsed time is 0.034274 seconds.
Data saved at t = 8.6899 s
Elapsed time is 0.033512 seconds.
174000 / 300000 time steps completed. t = 8.699950 s
Elapsed time is 8.974770 seconds.
Data saved at t = 8.6999 s
Elapsed time is 0.033188 seconds.
Data saved at t = 8.7099 s
Elapsed time is 0.034321 seconds.
Data saved at t = 8.72 s
Elapsed time is 0.034035 seconds.
Data saved at t = 8.7299 s
Elapsed time is 0.037111 seconds.
Data saved at t = 8.74 s
Elapsed time is 0.036056 seconds.
Data saved at t = 8.75 s
Elapsed time is 0.034569 seconds.
175200 / 300000 time steps completed. t = 8.759950 s
Elapsed time is 8.976226 seconds.
Data saved at t = 8.7599 s
Elapsed time is 0.033282 seconds.
Data saved at t = 8.7699 s
Elapsed time is 0.033558 seconds.
Data saved at t = 8.7799 s
Elapsed time is 0.048074 seconds.
Data saved at t = 8.7899 s
Elapsed time is 0.033273 seconds.
Data saved at t = 8.8 s
Elapsed time is 0.032752 seconds.
Data saved at t = 8.8099 s
Elapsed time is 0.033762 seconds.
176400 / 300000 time steps completed. t = 8.819950 s
Elapsed time is 8.967045 seconds.
Data saved at t = 8.82 s
Elapsed time is 0.033299 seconds.
Data saved at t = 8.83 s
Elapsed time is 0.033393 seconds.
Data saved at t = 8.8399 s
Elapsed time is 0.033814 seconds.
Data saved at t = 8.8499 s
Elapsed time is 0.032322 seconds.
Data saved at t = 8.8599 s
Elapsed time is 0.033524 seconds.
Data saved at t = 8.87 s
Elapsed time is 0.033326 seconds.
177600 / 300000 time steps completed. t = 8.879950 s
Elapsed time is 8.944850 seconds.
Data saved at t = 8.8799 s
Elapsed time is 0.034331 seconds.
Data saved at t = 8.8899 s
Elapsed time is 0.034373 seconds.
Data saved at t = 8.9 s
Elapsed time is 0.034737 seconds.
Data saved at t = 8.91 s
Elapsed time is 0.034591 seconds.
Data saved at t = 8.92 s
Elapsed time is 0.033776 seconds.
Data saved at t = 8.9299 s
Elapsed time is 0.034220 seconds.
178800 / 300000 time steps completed. t = 8.939950 s
Elapsed time is 9.008790 seconds.
Data saved at t = 8.9399 s
Elapsed time is 0.033246 seconds.
Data saved at t = 8.95 s
Elapsed time is 0.033829 seconds.
Data saved at t = 8.9599 s
Elapsed time is 0.033382 seconds.
Data saved at t = 8.9699 s
Elapsed time is 0.034327 seconds.
Data saved at t = 8.98 s
Elapsed time is 0.032848 seconds.
Data saved at t = 8.99 s
Elapsed time is 0.034520 seconds.
180000 / 300000 time steps completed. t = 8.999950 s
Elapsed time is 9.224211 seconds.
Data saved at t = 9 s
Elapsed time is 0.033945 seconds.
Data saved at t = 9.0099 s
Elapsed time is 0.033037 seconds.
Data saved at t = 9.0199 s
Elapsed time is 0.035953 seconds.
Data saved at t = 9.03 s
Elapsed time is 0.033654 seconds.
Data saved at t = 9.0399 s
Elapsed time is 0.033173 seconds.
Data saved at t = 9.0499 s
Elapsed time is 0.033078 seconds.
181200 / 300000 time steps completed. t = 9.059950 s
Elapsed time is 8.978614 seconds.
Data saved at t = 9.06 s
Elapsed time is 0.033450 seconds.
Data saved at t = 9.0699 s
Elapsed time is 0.033249 seconds.
Data saved at t = 9.08 s
Elapsed time is 0.037347 seconds.
Data saved at t = 9.0899 s
Elapsed time is 0.034055 seconds.
Data saved at t = 9.0999 s
Elapsed time is 0.032846 seconds.
Data saved at t = 9.1099 s
Elapsed time is 0.033743 seconds.
182400 / 300000 time steps completed. t = 9.119950 s
Elapsed time is 8.954053 seconds.
Data saved at t = 9.1199 s
Elapsed time is 0.035074 seconds.
Data saved at t = 9.13 s
Elapsed time is 0.033469 seconds.
Data saved at t = 9.14 s
Elapsed time is 0.033397 seconds.
Data saved at t = 9.1499 s
Elapsed time is 0.034055 seconds.
Data saved at t = 9.16 s
Elapsed time is 0.033631 seconds.
Data saved at t = 9.17 s
Elapsed time is 0.034481 seconds.
183600 / 300000 time steps completed. t = 9.179950 s
Elapsed time is 8.931992 seconds.
Data saved at t = 9.1799 s
Elapsed time is 0.034076 seconds.
Data saved at t = 9.1899 s
Elapsed time is 0.034159 seconds.
Data saved at t = 9.1999 s
Elapsed time is 0.033432 seconds.
Data saved at t = 9.21 s
Elapsed time is 0.034382 seconds.
Data saved at t = 9.22 s
Elapsed time is 0.033669 seconds.
Data saved at t = 9.2299 s
Elapsed time is 0.033269 seconds.
184800 / 300000 time steps completed. t = 9.239950 s
Elapsed time is 8.973691 seconds.
Data saved at t = 9.24 s
Elapsed time is 0.034043 seconds.
Data saved at t = 9.25 s
Elapsed time is 0.034210 seconds.
Data saved at t = 9.2599 s
Elapsed time is 0.033374 seconds.
Data saved at t = 9.2699 s
Elapsed time is 0.033078 seconds.
Data saved at t = 9.2799 s
Elapsed time is 0.033441 seconds.
Data saved at t = 9.29 s
Elapsed time is 0.033206 seconds.
186000 / 300000 time steps completed. t = 9.299950 s
Elapsed time is 8.966098 seconds.
Data saved at t = 9.2999 s
Elapsed time is 0.033134 seconds.
Data saved at t = 9.3099 s
Elapsed time is 0.033504 seconds.
Data saved at t = 9.32 s
Elapsed time is 0.032908 seconds.
Data saved at t = 9.33 s
Elapsed time is 0.033332 seconds.
Data saved at t = 9.3399 s
Elapsed time is 0.035720 seconds.
Data saved at t = 9.3499 s
Elapsed time is 0.032745 seconds.
187200 / 300000 time steps completed. t = 9.359950 s
Elapsed time is 8.929216 seconds.
Data saved at t = 9.3599 s
Elapsed time is 0.033119 seconds.
Data saved at t = 9.37 s
Elapsed time is 0.033500 seconds.
Data saved at t = 9.3799 s
Elapsed time is 0.034159 seconds.
Data saved at t = 9.39 s
Elapsed time is 0.036208 seconds.
Data saved at t = 9.4 s
Elapsed time is 0.071597 seconds.
Data saved at t = 9.41 s
Elapsed time is 0.033875 seconds.
188400 / 300000 time steps completed. t = 9.419950 s
Elapsed time is 8.944218 seconds.
Data saved at t = 9.42 s
Elapsed time is 0.032872 seconds.
Data saved at t = 9.4299 s
Elapsed time is 0.033444 seconds.
Data saved at t = 9.4399 s
Elapsed time is 0.033296 seconds.
Data saved at t = 9.45 s
Elapsed time is 0.033415 seconds.
Data saved at t = 9.46 s
Elapsed time is 0.033676 seconds.
Data saved at t = 9.47 s
Elapsed time is 0.033762 seconds.
189600 / 300000 time steps completed. t = 9.479950 s
Elapsed time is 8.955141 seconds.
Data saved at t = 9.4799 s
Elapsed time is 0.033588 seconds.
Data saved at t = 9.49 s
Elapsed time is 0.032519 seconds.
Data saved at t = 9.5 s
Elapsed time is 0.033203 seconds.
Data saved at t = 9.5099 s
Elapsed time is 0.033414 seconds.
Data saved at t = 9.5199 s
Elapsed time is 0.033276 seconds.
Data saved at t = 9.5299 s
Elapsed time is 0.033356 seconds.
190800 / 300000 time steps completed. t = 9.539950 s
Elapsed time is 8.947568 seconds.
Data saved at t = 9.54 s
Elapsed time is 0.035579 seconds.
Data saved at t = 9.55 s
Elapsed time is 0.033251 seconds.
Data saved at t = 9.5599 s
Elapsed time is 0.033727 seconds.
Data saved at t = 9.57 s
Elapsed time is 0.033264 seconds.
Data saved at t = 9.58 s
Elapsed time is 0.034454 seconds.
Data saved at t = 9.5899 s
Elapsed time is 0.033357 seconds.
192000 / 300000 time steps completed. t = 9.599950 s
Elapsed time is 8.941912 seconds.
Data saved at t = 9.5999 s
Elapsed time is 0.034064 seconds.
Data saved at t = 9.6099 s
Elapsed time is 0.033753 seconds.
Data saved at t = 9.62 s
Elapsed time is 0.033498 seconds.
Data saved at t = 9.63 s
Elapsed time is 0.069895 seconds.
Data saved at t = 9.6399 s
Elapsed time is 0.033311 seconds.
Data saved at t = 9.65 s
Elapsed time is 0.033696 seconds.
193200 / 300000 time steps completed. t = 9.659950 s
Elapsed time is 8.954810 seconds.
Data saved at t = 9.66 s
Elapsed time is 0.033272 seconds.
Data saved at t = 9.6699 s
Elapsed time is 0.033806 seconds.
Data saved at t = 9.6799 s
Elapsed time is 0.033288 seconds.
Data saved at t = 9.6899 s
Elapsed time is 0.033330 seconds.
Data saved at t = 9.6999 s
Elapsed time is 0.033594 seconds.
Data saved at t = 9.71 s
Elapsed time is 0.033665 seconds.
194400 / 300000 time steps completed. t = 9.719950 s
Elapsed time is 8.945398 seconds.
Data saved at t = 9.7199 s
Elapsed time is 0.033154 seconds.
Data saved at t = 9.73 s
Elapsed time is 0.033233 seconds.
Data saved at t = 9.74 s
Elapsed time is 0.034081 seconds.
Data saved at t = 9.7499 s
Elapsed time is 0.033309 seconds.
Data saved at t = 9.7599 s
Elapsed time is 0.033784 seconds.
Data saved at t = 9.7699 s
Elapsed time is 0.033771 seconds.
195600 / 300000 time steps completed. t = 9.779950 s
Elapsed time is 8.956683 seconds.
Data saved at t = 9.7799 s
Elapsed time is 0.034685 seconds.
Data saved at t = 9.79 s
Elapsed time is 0.034089 seconds.
Data saved at t = 9.7999 s
Elapsed time is 0.034134 seconds.
Data saved at t = 9.81 s
Elapsed time is 0.033765 seconds.
Data saved at t = 9.82 s
Elapsed time is 0.034208 seconds.
Data saved at t = 9.83 s
Elapsed time is 0.033635 seconds.
196800 / 300000 time steps completed. t = 9.839950 s
Elapsed time is 8.962491 seconds.
Data saved at t = 9.8399 s
Elapsed time is 0.033830 seconds.
Data saved at t = 9.8499 s
Elapsed time is 0.033848 seconds.
Data saved at t = 9.8599 s
Elapsed time is 0.034041 seconds.
Data saved at t = 9.87 s
Elapsed time is 0.033764 seconds.
Data saved at t = 9.8799 s
Elapsed time is 0.037246 seconds.
Data saved at t = 9.8899 s
Elapsed time is 0.033056 seconds.
198000 / 300000 time steps completed. t = 9.899950 s
Elapsed time is 8.961245 seconds.
Data saved at t = 9.9 s
Elapsed time is 0.033954 seconds.
Data saved at t = 9.91 s
Elapsed time is 0.033209 seconds.
Data saved at t = 9.92 s
Elapsed time is 0.033391 seconds.
Data saved at t = 9.9299 s
Elapsed time is 0.033432 seconds.
Data saved at t = 9.9399 s
Elapsed time is 0.035144 seconds.
Data saved at t = 9.95 s
Elapsed time is 0.033924 seconds.
199200 / 300000 time steps completed. t = 9.959950 s
Elapsed time is 8.966809 seconds.
Data saved at t = 9.9599 s
Elapsed time is 0.033369 seconds.
Data saved at t = 9.9699 s
Elapsed time is 0.033477 seconds.
Data saved at t = 9.98 s
Elapsed time is 0.034154 seconds.
Data saved at t = 9.99 s
Elapsed time is 0.034077 seconds.
Data saved at t = 10 s
Elapsed time is 0.033555 seconds.
Data saved at t = 10.0099 s
Elapsed time is 0.037936 seconds.
200400 / 300000 time steps completed. t = 10.019950 s
Elapsed time is 8.970753 seconds.
Data saved at t = 10.0199 s
Elapsed time is 0.034405 seconds.
Data saved at t = 10.03 s
Elapsed time is 0.033998 seconds.
Data saved at t = 10.0399 s
Elapsed time is 0.116728 seconds.
Data saved at t = 10.0499 s
Elapsed time is 0.033897 seconds.
Data saved at t = 10.06 s
Elapsed time is 0.033738 seconds.
Data saved at t = 10.07 s
Elapsed time is 0.033671 seconds.
201600 / 300000 time steps completed. t = 10.079950 s
Elapsed time is 8.954883 seconds.
Data saved at t = 10.08 s
Elapsed time is 0.032876 seconds.
Data saved at t = 10.0899 s
Elapsed time is 0.033055 seconds.
Data saved at t = 10.0999 s
Elapsed time is 0.067087 seconds.
Data saved at t = 10.11 s
Elapsed time is 0.033817 seconds.
Data saved at t = 10.1199 s
Elapsed time is 0.040498 seconds.
Data saved at t = 10.1299 s
Elapsed time is 0.033443 seconds.
202800 / 300000 time steps completed. t = 10.139950 s
Elapsed time is 8.955017 seconds.
Data saved at t = 10.14 s
Elapsed time is 0.033637 seconds.
Data saved at t = 10.15 s
Elapsed time is 0.033521 seconds.
Data saved at t = 10.1599 s
Elapsed time is 0.033333 seconds.
Data saved at t = 10.17 s
Elapsed time is 0.033526 seconds.
Data saved at t = 10.1799 s
Elapsed time is 0.033618 seconds.
Data saved at t = 10.19 s
Elapsed time is 0.033839 seconds.
204000 / 300000 time steps completed. t = 10.199950 s
Elapsed time is 8.945513 seconds.
Data saved at t = 10.1999 s
Elapsed time is 0.034055 seconds.
Data saved at t = 10.2099 s
Elapsed time is 0.033482 seconds.
Data saved at t = 10.22 s
Elapsed time is 0.034103 seconds.
Data saved at t = 10.23 s
Elapsed time is 0.034984 seconds.
Data saved at t = 10.2399 s
Elapsed time is 0.034990 seconds.
Data saved at t = 10.25 s
Elapsed time is 0.034662 seconds.
205200 / 300000 time steps completed. t = 10.259950 s
Elapsed time is 9.527314 seconds.
Data saved at t = 10.2599 s
Elapsed time is 0.037872 seconds.
Data saved at t = 10.27 s
Elapsed time is 0.035682 seconds.
Data saved at t = 10.2799 s
Elapsed time is 0.033564 seconds.
Data saved at t = 10.2899 s
Elapsed time is 0.033740 seconds.
Data saved at t = 10.3 s
Elapsed time is 0.042805 seconds.
Data saved at t = 10.31 s
Elapsed time is 0.033574 seconds.
206400 / 300000 time steps completed. t = 10.319950 s
Elapsed time is 8.954087 seconds.
Data saved at t = 10.3199 s
Elapsed time is 0.033292 seconds.
Data saved at t = 10.33 s
Elapsed time is 0.034032 seconds.
Data saved at t = 10.3399 s
Elapsed time is 0.034280 seconds.
Data saved at t = 10.3499 s
Elapsed time is 0.034117 seconds.
Data saved at t = 10.3599 s
Elapsed time is 0.033657 seconds.
Data saved at t = 10.3699 s
Elapsed time is 0.033966 seconds.
207600 / 300000 time steps completed. t = 10.379950 s
Elapsed time is 8.944523 seconds.
Data saved at t = 10.38 s
Elapsed time is 0.033341 seconds.
Data saved at t = 10.39 s
Elapsed time is 0.033553 seconds.
Data saved at t = 10.3999 s
Elapsed time is 0.033085 seconds.
Data saved at t = 10.41 s
Elapsed time is 0.033568 seconds.
Data saved at t = 10.42 s
Elapsed time is 0.032311 seconds.
Data saved at t = 10.4299 s
Elapsed time is 0.033400 seconds.
208800 / 300000 time steps completed. t = 10.439950 s
Elapsed time is 8.960045 seconds.
Data saved at t = 10.4399 s
Elapsed time is 0.033775 seconds.
Data saved at t = 10.4499 s
Elapsed time is 0.034079 seconds.
Data saved at t = 10.46 s
Elapsed time is 0.033495 seconds.
Data saved at t = 10.47 s
Elapsed time is 0.035773 seconds.
Data saved at t = 10.4799 s
Elapsed time is 0.036873 seconds.
Data saved at t = 10.49 s
Elapsed time is 0.033644 seconds.
210000 / 300000 time steps completed. t = 10.499950 s
Elapsed time is 9.135654 seconds.
Data saved at t = 10.5 s
Elapsed time is 0.037665 seconds.
Data saved at t = 10.5099 s
Elapsed time is 0.034335 seconds.
Data saved at t = 10.5199 s
Elapsed time is 0.034185 seconds.
Data saved at t = 10.5299 s
Elapsed time is 0.034491 seconds.
Data saved at t = 10.5399 s
Elapsed time is 0.033049 seconds.
Data saved at t = 10.55 s
Elapsed time is 0.034601 seconds.
211200 / 300000 time steps completed. t = 10.559950 s
Elapsed time is 8.965474 seconds.
Data saved at t = 10.5599 s
Elapsed time is 0.033079 seconds.
Data saved at t = 10.57 s
Elapsed time is 0.033916 seconds.
Data saved at t = 10.58 s
Elapsed time is 0.075347 seconds.
Data saved at t = 10.5899 s
Elapsed time is 0.033610 seconds.
Data saved at t = 10.5999 s
Elapsed time is 0.034240 seconds.
Data saved at t = 10.6099 s
Elapsed time is 0.033592 seconds.
212400 / 300000 time steps completed. t = 10.619950 s
Elapsed time is 8.974084 seconds.
Data saved at t = 10.6199 s
Elapsed time is 0.033436 seconds.
Data saved at t = 10.63 s
Elapsed time is 0.033393 seconds.
Data saved at t = 10.6399 s
Elapsed time is 0.033468 seconds.
Data saved at t = 10.65 s
Elapsed time is 0.034128 seconds.
Data saved at t = 10.66 s
Elapsed time is 0.033618 seconds.
Data saved at t = 10.67 s
Elapsed time is 0.034066 seconds.
213600 / 300000 time steps completed. t = 10.679950 s
Elapsed time is 8.975457 seconds.
Data saved at t = 10.6799 s
Elapsed time is 0.033594 seconds.
Data saved at t = 10.6899 s
Elapsed time is 0.034094 seconds.
Data saved at t = 10.6999 s
Elapsed time is 0.033413 seconds.
Data saved at t = 10.71 s
Elapsed time is 0.033475 seconds.
Data saved at t = 10.7199 s
Elapsed time is 0.118398 seconds.
Data saved at t = 10.7299 s
Elapsed time is 0.033511 seconds.
214800 / 300000 time steps completed. t = 10.739950 s
Elapsed time is 8.964980 seconds.
Data saved at t = 10.74 s
Elapsed time is 0.033209 seconds.
Data saved at t = 10.75 s
Elapsed time is 0.036535 seconds.
Data saved at t = 10.7599 s
Elapsed time is 0.034326 seconds.
Data saved at t = 10.7699 s
Elapsed time is 0.033743 seconds.
Data saved at t = 10.7799 s
Elapsed time is 0.033731 seconds.
Data saved at t = 10.79 s
Elapsed time is 0.061178 seconds.
216000 / 300000 time steps completed. t = 10.799950 s
Elapsed time is 8.998663 seconds.
Data saved at t = 10.7999 s
Elapsed time is 0.084854 seconds.
Data saved at t = 10.8099 s
Elapsed time is 0.033610 seconds.
Data saved at t = 10.82 s
Elapsed time is 0.033517 seconds.
Data saved at t = 10.83 s
Elapsed time is 0.034021 seconds.
Data saved at t = 10.8399 s
Elapsed time is 0.033581 seconds.
Data saved at t = 10.8499 s
Elapsed time is 0.033632 seconds.
217200 / 300000 time steps completed. t = 10.859950 s
Elapsed time is 8.969150 seconds.
Data saved at t = 10.8599 s
Elapsed time is 0.036484 seconds.
Data saved at t = 10.87 s
Elapsed time is 0.034338 seconds.
Data saved at t = 10.8799 s
Elapsed time is 0.035200 seconds.
Data saved at t = 10.8899 s
Elapsed time is 0.033879 seconds.
Data saved at t = 10.9 s
Elapsed time is 0.033608 seconds.
Data saved at t = 10.91 s
Elapsed time is 0.033925 seconds.
218400 / 300000 time steps completed. t = 10.919950 s
Elapsed time is 8.973361 seconds.
Data saved at t = 10.92 s
Elapsed time is 0.033503 seconds.
Data saved at t = 10.9299 s
Elapsed time is 0.033595 seconds.
Data saved at t = 10.9399 s
Elapsed time is 0.033893 seconds.
Data saved at t = 10.95 s
Elapsed time is 0.033207 seconds.
Data saved at t = 10.9599 s
Elapsed time is 0.033703 seconds.
Data saved at t = 10.9699 s
Elapsed time is 0.047175 seconds.
219600 / 300000 time steps completed. t = 10.979950 s
Elapsed time is 8.976600 seconds.
Data saved at t = 10.98 s
Elapsed time is 0.033369 seconds.
Data saved at t = 10.99 s
Elapsed time is 0.033343 seconds.
Data saved at t = 10.9999 s
Elapsed time is 0.033400 seconds.
Data saved at t = 11.0099 s
Elapsed time is 0.033589 seconds.
Data saved at t = 11.0199 s
Elapsed time is 0.033653 seconds.
Data saved at t = 11.03 s
Elapsed time is 0.033756 seconds.
220800 / 300000 time steps completed. t = 11.039950 s
Elapsed time is 8.976468 seconds.
Data saved at t = 11.0399 s
Elapsed time is 0.033962 seconds.
Data saved at t = 11.0499 s
Elapsed time is 0.033185 seconds.
Data saved at t = 11.06 s
Elapsed time is 0.033358 seconds.
Data saved at t = 11.07 s
Elapsed time is 0.033603 seconds.
Data saved at t = 11.0799 s
Elapsed time is 0.035044 seconds.
Data saved at t = 11.0899 s
Elapsed time is 0.033843 seconds.
222000 / 300000 time steps completed. t = 11.099950 s
Elapsed time is 8.926786 seconds.
Data saved at t = 11.0999 s
Elapsed time is 0.034000 seconds.
Data saved at t = 11.11 s
Elapsed time is 0.034117 seconds.
Data saved at t = 11.1199 s
Elapsed time is 0.033599 seconds.
Data saved at t = 11.1299 s
Elapsed time is 0.032694 seconds.
Data saved at t = 11.14 s
Elapsed time is 0.033132 seconds.
Data saved at t = 11.15 s
Elapsed time is 0.032587 seconds.
223200 / 300000 time steps completed. t = 11.159950 s
Elapsed time is 8.442126 seconds.
Data saved at t = 11.1599 s
Elapsed time is 0.032421 seconds.
Data saved at t = 11.17 s
Elapsed time is 0.032599 seconds.
Data saved at t = 11.1799 s
Elapsed time is 0.032279 seconds.
Data saved at t = 11.1899 s
Elapsed time is 0.032730 seconds.
Data saved at t = 11.1999 s
Elapsed time is 0.032720 seconds.
Data saved at t = 11.2099 s
Elapsed time is 0.034311 seconds.
224400 / 300000 time steps completed. t = 11.219950 s
Elapsed time is 8.434046 seconds.
Data saved at t = 11.22 s
Elapsed time is 0.032122 seconds.
Data saved at t = 11.23 s
Elapsed time is 0.032875 seconds.
Data saved at t = 11.2399 s
Elapsed time is 0.033066 seconds.
Data saved at t = 11.25 s
Elapsed time is 0.032227 seconds.
Data saved at t = 11.2599 s
Elapsed time is 0.031832 seconds.
Data saved at t = 11.2699 s
Elapsed time is 0.033183 seconds.
225600 / 300000 time steps completed. t = 11.279950 s
Elapsed time is 8.448250 seconds.
Data saved at t = 11.2799 s
Elapsed time is 0.032746 seconds.
Data saved at t = 11.2899 s
Elapsed time is 0.032704 seconds.
Data saved at t = 11.3 s
Elapsed time is 0.031774 seconds.
Data saved at t = 11.31 s
Elapsed time is 0.032377 seconds.
Data saved at t = 11.3199 s
Elapsed time is 0.034350 seconds.
Data saved at t = 11.33 s
Elapsed time is 0.032204 seconds.
226800 / 300000 time steps completed. t = 11.339950 s
Elapsed time is 8.422778 seconds.
Data saved at t = 11.3399 s
Elapsed time is 0.032985 seconds.
Data saved at t = 11.3499 s
Elapsed time is 0.032840 seconds.
Data saved at t = 11.3599 s
Elapsed time is 0.031594 seconds.
Data saved at t = 11.3699 s
Elapsed time is 0.032986 seconds.
Data saved at t = 11.3799 s
Elapsed time is 0.031782 seconds.
Data saved at t = 11.39 s
Elapsed time is 0.032117 seconds.
228000 / 300000 time steps completed. t = 11.399950 s
Elapsed time is 8.410058 seconds.
Data saved at t = 11.3999 s
Elapsed time is 0.032294 seconds.
Data saved at t = 11.41 s
Elapsed time is 0.031011 seconds.
Data saved at t = 11.42 s
Elapsed time is 0.033208 seconds.
Data saved at t = 11.4299 s
Elapsed time is 0.032827 seconds.
Data saved at t = 11.44 s
Elapsed time is 0.031936 seconds.
Data saved at t = 11.4499 s
Elapsed time is 0.032807 seconds.
229200 / 300000 time steps completed. t = 11.459950 s
Elapsed time is 8.427115 seconds.
Data saved at t = 11.4599 s
Elapsed time is 0.032865 seconds.
Data saved at t = 11.47 s
Elapsed time is 0.033322 seconds.
Data saved at t = 11.4799 s
Elapsed time is 0.032267 seconds.
Data saved at t = 11.49 s
Elapsed time is 0.031885 seconds.
Data saved at t = 11.5 s
Elapsed time is 0.036188 seconds.
Data saved at t = 11.5099 s
Elapsed time is 0.033055 seconds.
230400 / 300000 time steps completed. t = 11.519950 s
Elapsed time is 8.449268 seconds.
Data saved at t = 11.52 s
Elapsed time is 0.032625 seconds.
Data saved at t = 11.5299 s
Elapsed time is 0.033138 seconds.
Data saved at t = 11.5399 s
Elapsed time is 0.032042 seconds.
Data saved at t = 11.55 s
Elapsed time is 0.032735 seconds.
Data saved at t = 11.5599 s
Elapsed time is 0.032393 seconds.
Data saved at t = 11.5699 s
Elapsed time is 0.031594 seconds.
231600 / 300000 time steps completed. t = 11.579950 s
Elapsed time is 8.435101 seconds.
Data saved at t = 11.58 s
Elapsed time is 0.032527 seconds.
Data saved at t = 11.5899 s
Elapsed time is 0.031998 seconds.
Data saved at t = 11.6 s
Elapsed time is 0.032543 seconds.
Data saved at t = 11.6099 s
Elapsed time is 0.031951 seconds.
Data saved at t = 11.6199 s
Elapsed time is 0.032258 seconds.
Data saved at t = 11.63 s
Elapsed time is 0.033264 seconds.
232800 / 300000 time steps completed. t = 11.639950 s
Elapsed time is 8.458437 seconds.
Data saved at t = 11.6399 s
Elapsed time is 0.032896 seconds.
Data saved at t = 11.6499 s
Elapsed time is 0.032644 seconds.
Data saved at t = 11.66 s
Elapsed time is 0.033030 seconds.
Data saved at t = 11.67 s
Elapsed time is 0.033385 seconds.
Data saved at t = 11.68 s
Elapsed time is 0.033011 seconds.
Data saved at t = 11.6899 s
Elapsed time is 0.032235 seconds.
234000 / 300000 time steps completed. t = 11.699950 s
Elapsed time is 8.416464 seconds.
Data saved at t = 11.6999 s
Elapsed time is 0.032017 seconds.
Data saved at t = 11.71 s
Elapsed time is 0.032060 seconds.
Data saved at t = 11.7199 s
Elapsed time is 0.033559 seconds.
Data saved at t = 11.7299 s
Elapsed time is 0.032808 seconds.
Data saved at t = 11.74 s
Elapsed time is 0.032917 seconds.
Data saved at t = 11.75 s
Elapsed time is 0.031895 seconds.
235200 / 300000 time steps completed. t = 11.759950 s
Elapsed time is 8.452852 seconds.
Data saved at t = 11.76 s
Elapsed time is 0.031936 seconds.
Data saved at t = 11.7699 s
Elapsed time is 0.032486 seconds.
Data saved at t = 11.7799 s
Elapsed time is 0.032350 seconds.
Data saved at t = 11.79 s
Elapsed time is 0.032531 seconds.
Data saved at t = 11.7999 s
Elapsed time is 0.032545 seconds.
Data saved at t = 11.8099 s
Elapsed time is 0.033214 seconds.
236400 / 300000 time steps completed. t = 11.819950 s
Elapsed time is 8.425343 seconds.
Data saved at t = 11.82 s
Elapsed time is 0.032065 seconds.
Data saved at t = 11.83 s
Elapsed time is 0.032456 seconds.
Data saved at t = 11.8399 s
Elapsed time is 0.032161 seconds.
Data saved at t = 11.8499 s
Elapsed time is 0.037779 seconds.
Data saved at t = 11.8599 s
Elapsed time is 0.032540 seconds.
Data saved at t = 11.87 s
Elapsed time is 0.032036 seconds.
237600 / 300000 time steps completed. t = 11.879950 s
Elapsed time is 8.451967 seconds.
Data saved at t = 11.88 s
Elapsed time is 0.032126 seconds.
Data saved at t = 11.8899 s
Elapsed time is 0.032837 seconds.
Data saved at t = 11.9 s
Elapsed time is 0.032813 seconds.
Data saved at t = 11.91 s
Elapsed time is 0.033106 seconds.
Data saved at t = 11.9199 s
Elapsed time is 0.032217 seconds.
Data saved at t = 11.9299 s
Elapsed time is 0.032895 seconds.
238800 / 300000 time steps completed. t = 11.939950 s
Elapsed time is 8.385100 seconds.
Data saved at t = 11.9399 s
Elapsed time is 0.031465 seconds.
Data saved at t = 11.95 s
Elapsed time is 0.033442 seconds.
Data saved at t = 11.96 s
Elapsed time is 0.032891 seconds.
Data saved at t = 11.9699 s
Elapsed time is 0.032931 seconds.
Data saved at t = 11.98 s
Elapsed time is 0.032170 seconds.
Data saved at t = 11.99 s
Elapsed time is 0.031667 seconds.
240000 / 300000 time steps completed. t = 11.999950 s
Elapsed time is 8.465590 seconds.
Data saved at t = 11.9999 s
Elapsed time is 0.031915 seconds.
Data saved at t = 12.0099 s
Elapsed time is 0.033055 seconds.
Data saved at t = 12.0199 s
Elapsed time is 0.031383 seconds.
Data saved at t = 12.0299 s
Elapsed time is 0.031846 seconds.
Data saved at t = 12.04 s
Elapsed time is 0.031947 seconds.
Data saved at t = 12.0499 s
Elapsed time is 0.033765 seconds.
241200 / 300000 time steps completed. t = 12.059950 s
Elapsed time is 8.501784 seconds.
Data saved at t = 12.06 s
Elapsed time is 0.031528 seconds.
Data saved at t = 12.07 s
Elapsed time is 0.032229 seconds.
Data saved at t = 12.0799 s
Elapsed time is 0.031921 seconds.
Data saved at t = 12.0899 s
Elapsed time is 0.031820 seconds.
Data saved at t = 12.0999 s
Elapsed time is 0.032149 seconds.
Data saved at t = 12.1099 s
Elapsed time is 0.031015 seconds.
242400 / 300000 time steps completed. t = 12.119950 s
Elapsed time is 8.447406 seconds.
Data saved at t = 12.12 s
Elapsed time is 0.032130 seconds.
Data saved at t = 12.1299 s
Elapsed time is 0.031466 seconds.
Data saved at t = 12.14 s
Elapsed time is 0.032512 seconds.
Data saved at t = 12.15 s
Elapsed time is 0.034164 seconds.
Data saved at t = 12.1599 s
Elapsed time is 0.092096 seconds.
Data saved at t = 12.17 s
Elapsed time is 0.034070 seconds.
243600 / 300000 time steps completed. t = 12.179950 s
Elapsed time is 8.426738 seconds.
Data saved at t = 12.1799 s
Elapsed time is 0.035368 seconds.
Data saved at t = 12.1899 s
Elapsed time is 0.033196 seconds.
Data saved at t = 12.2 s
Elapsed time is 0.031726 seconds.
Data saved at t = 12.2099 s
Elapsed time is 0.031997 seconds.
Data saved at t = 12.2199 s
Elapsed time is 0.033494 seconds.
Data saved at t = 12.23 s
Elapsed time is 0.032330 seconds.
244800 / 300000 time steps completed. t = 12.239950 s
Elapsed time is 8.465701 seconds.
Data saved at t = 12.2399 s
Elapsed time is 0.032419 seconds.
Data saved at t = 12.25 s
Elapsed time is 0.033491 seconds.
Data saved at t = 12.2599 s
Elapsed time is 0.032500 seconds.
Data saved at t = 12.2699 s
Elapsed time is 0.032378 seconds.
Data saved at t = 12.28 s
Elapsed time is 0.033407 seconds.
Data saved at t = 12.2899 s
Elapsed time is 0.031753 seconds.
246000 / 300000 time steps completed. t = 12.299950 s
Elapsed time is 8.422665 seconds.
Data saved at t = 12.2999 s
Elapsed time is 0.033095 seconds.
Data saved at t = 12.31 s
Elapsed time is 0.031692 seconds.
Data saved at t = 12.32 s
Elapsed time is 0.032948 seconds.
Data saved at t = 12.33 s
Elapsed time is 0.032180 seconds.
Data saved at t = 12.3399 s
Elapsed time is 0.031659 seconds.
Data saved at t = 12.3499 s
Elapsed time is 0.034250 seconds.
247200 / 300000 time steps completed. t = 12.359950 s
Elapsed time is 8.454968 seconds.
Data saved at t = 12.36 s
Elapsed time is 0.031869 seconds.
Data saved at t = 12.3699 s
Elapsed time is 0.031809 seconds.
Data saved at t = 12.3799 s
Elapsed time is 0.031491 seconds.
Data saved at t = 12.39 s
Elapsed time is 0.032370 seconds.
Data saved at t = 12.4 s
Elapsed time is 0.032387 seconds.
Data saved at t = 12.4099 s
Elapsed time is 0.033024 seconds.
248400 / 300000 time steps completed. t = 12.419950 s
Elapsed time is 8.504896 seconds.
Data saved at t = 12.42 s
Elapsed time is 0.032141 seconds.
Data saved at t = 12.4299 s
Elapsed time is 0.031607 seconds.
Data saved at t = 12.44 s
Elapsed time is 0.032070 seconds.
Data saved at t = 12.4499 s
Elapsed time is 0.031402 seconds.
Data saved at t = 12.4599 s
Elapsed time is 0.032540 seconds.
Data saved at t = 12.47 s
Elapsed time is 0.033301 seconds.
249600 / 300000 time steps completed. t = 12.479950 s
Elapsed time is 8.424224 seconds.
Data saved at t = 12.48 s
Elapsed time is 0.031723 seconds.
Data saved at t = 12.4899 s
Elapsed time is 0.032346 seconds.
Data saved at t = 12.5 s
Elapsed time is 0.031815 seconds.
Data saved at t = 12.5099 s
Elapsed time is 0.031940 seconds.
Data saved at t = 12.52 s
Elapsed time is 0.033203 seconds.
Data saved at t = 12.5299 s
Elapsed time is 0.032107 seconds.
250800 / 300000 time steps completed. t = 12.539950 s
Elapsed time is 8.385353 seconds.
Data saved at t = 12.5399 s
Elapsed time is 0.031544 seconds.
Data saved at t = 12.55 s
Elapsed time is 0.032353 seconds.
Data saved at t = 12.56 s
Elapsed time is 0.031887 seconds.
Data saved at t = 12.5699 s
Elapsed time is 0.032542 seconds.
Data saved at t = 12.58 s
Elapsed time is 0.032991 seconds.
Data saved at t = 12.5899 s
Elapsed time is 0.032319 seconds.
252000 / 300000 time steps completed. t = 12.599950 s
Elapsed time is 8.428184 seconds.
Data saved at t = 12.6 s
Elapsed time is 0.032693 seconds.
Data saved at t = 12.6099 s
Elapsed time is 0.031928 seconds.
Data saved at t = 12.6199 s
Elapsed time is 0.032387 seconds.
Data saved at t = 12.63 s
Elapsed time is 0.032854 seconds.
Data saved at t = 12.64 s
Elapsed time is 0.032280 seconds.
Data saved at t = 12.6499 s
Elapsed time is 0.032947 seconds.
253200 / 300000 time steps completed. t = 12.659950 s
Elapsed time is 8.423446 seconds.
Data saved at t = 12.66 s
Elapsed time is 0.032071 seconds.
Data saved at t = 12.67 s
Elapsed time is 0.032542 seconds.
Data saved at t = 12.6799 s
Elapsed time is 0.032880 seconds.
Data saved at t = 12.6899 s
Elapsed time is 0.032131 seconds.
Data saved at t = 12.6999 s
Elapsed time is 0.032816 seconds.
Data saved at t = 12.71 s
Elapsed time is 0.032862 seconds.
254400 / 300000 time steps completed. t = 12.719950 s
Elapsed time is 8.414094 seconds.
Data saved at t = 12.72 s
Elapsed time is 0.031944 seconds.
Data saved at t = 12.7299 s
Elapsed time is 0.036168 seconds.
Data saved at t = 12.74 s
Elapsed time is 0.032041 seconds.
Data saved at t = 12.75 s
Elapsed time is 0.032333 seconds.
Data saved at t = 12.7599 s
Elapsed time is 0.032238 seconds.
Data saved at t = 12.7699 s
Elapsed time is 0.032899 seconds.
255600 / 300000 time steps completed. t = 12.779950 s
Elapsed time is 8.428874 seconds.
Data saved at t = 12.7799 s
Elapsed time is 0.032482 seconds.
Data saved at t = 12.79 s
Elapsed time is 0.032154 seconds.
Data saved at t = 12.8 s
Elapsed time is 0.032776 seconds.
Data saved at t = 12.8099 s
Elapsed time is 0.033009 seconds.
Data saved at t = 12.82 s
Elapsed time is 0.034600 seconds.
Data saved at t = 12.83 s
Elapsed time is 0.031895 seconds.
256800 / 300000 time steps completed. t = 12.839950 s
Elapsed time is 8.410206 seconds.
Data saved at t = 12.8399 s
Elapsed time is 0.036499 seconds.
Data saved at t = 12.8499 s
Elapsed time is 0.032495 seconds.
Data saved at t = 12.8599 s
Elapsed time is 0.032483 seconds.
Data saved at t = 12.8699 s
Elapsed time is 0.032419 seconds.
Data saved at t = 12.88 s
Elapsed time is 0.030988 seconds.
Data saved at t = 12.8899 s
Elapsed time is 0.036731 seconds.
258000 / 300000 time steps completed. t = 12.899950 s
Elapsed time is 8.441621 seconds.
Data saved at t = 12.9 s
Elapsed time is 0.032995 seconds.
Data saved at t = 12.91 s
Elapsed time is 0.033470 seconds.
Data saved at t = 12.92 s
Elapsed time is 0.031937 seconds.
Data saved at t = 12.9299 s
Elapsed time is 0.033183 seconds.
Data saved at t = 12.9399 s
Elapsed time is 0.032254 seconds.
Data saved at t = 12.9499 s
Elapsed time is 0.032993 seconds.
259200 / 300000 time steps completed. t = 12.959950 s
Elapsed time is 8.432690 seconds.
Data saved at t = 12.96 s
Elapsed time is 0.031869 seconds.
Data saved at t = 12.9699 s
Elapsed time is 0.032208 seconds.
Data saved at t = 12.98 s
Elapsed time is 0.031780 seconds.
Data saved at t = 12.99 s
Elapsed time is 0.032682 seconds.
Data saved at t = 13 s
Elapsed time is 0.032096 seconds.
Data saved at t = 13.0099 s
Elapsed time is 0.031998 seconds.
260400 / 300000 time steps completed. t = 13.019950 s
Elapsed time is 8.426982 seconds.
Data saved at t = 13.0199 s
Elapsed time is 0.031556 seconds.
Data saved at t = 13.0299 s
Elapsed time is 0.031710 seconds.
Data saved at t = 13.04 s
Elapsed time is 0.032781 seconds.
Data saved at t = 13.0499 s
Elapsed time is 0.032029 seconds.
Data saved at t = 13.0599 s
Elapsed time is 0.032028 seconds.
Data saved at t = 13.07 s
Elapsed time is 0.034641 seconds.
261600 / 300000 time steps completed. t = 13.079950 s
Elapsed time is 8.398123 seconds.
Data saved at t = 13.08 s
Elapsed time is 0.031238 seconds.
Data saved at t = 13.0899 s
Elapsed time is 0.033215 seconds.
Data saved at t = 13.0999 s
Elapsed time is 0.061466 seconds.
Data saved at t = 13.1099 s
Elapsed time is 0.032142 seconds.
Data saved at t = 13.12 s
Elapsed time is 0.032826 seconds.
Data saved at t = 13.1299 s
Elapsed time is 0.032325 seconds.
262800 / 300000 time steps completed. t = 13.139950 s
Elapsed time is 8.458108 seconds.
Data saved at t = 13.1399 s
Elapsed time is 0.032869 seconds.
Data saved at t = 13.15 s
Elapsed time is 0.031891 seconds.
Data saved at t = 13.16 s
Elapsed time is 0.032314 seconds.
Data saved at t = 13.17 s
Elapsed time is 0.031521 seconds.
Data saved at t = 13.1799 s
Elapsed time is 0.032146 seconds.
Data saved at t = 13.1899 s
Elapsed time is 0.032549 seconds.
264000 / 300000 time steps completed. t = 13.199950 s
Elapsed time is 8.450615 seconds.
Data saved at t = 13.2 s
Elapsed time is 0.031589 seconds.
Data saved at t = 13.2099 s
Elapsed time is 0.032509 seconds.
Data saved at t = 13.2199 s
Elapsed time is 0.036014 seconds.
Data saved at t = 13.23 s
Elapsed time is 0.031379 seconds.
Data saved at t = 13.24 s
Elapsed time is 0.032020 seconds.
Data saved at t = 13.2499 s
Elapsed time is 0.033566 seconds.
265200 / 300000 time steps completed. t = 13.259950 s
Elapsed time is 8.457973 seconds.
Data saved at t = 13.2599 s
Elapsed time is 0.032179 seconds.
Data saved at t = 13.2699 s
Elapsed time is 0.032664 seconds.
Data saved at t = 13.28 s
Elapsed time is 0.032358 seconds.
Data saved at t = 13.2899 s
Elapsed time is 0.031832 seconds.
Data saved at t = 13.2999 s
Elapsed time is 0.033258 seconds.
Data saved at t = 13.31 s
Elapsed time is 0.032849 seconds.
266400 / 300000 time steps completed. t = 13.319950 s
Elapsed time is 8.427656 seconds.
Data saved at t = 13.32 s
Elapsed time is 0.031372 seconds.
Data saved at t = 13.3299 s
Elapsed time is 0.031586 seconds.
Data saved at t = 13.3399 s
Elapsed time is 0.034685 seconds.
Data saved at t = 13.3499 s
Elapsed time is 0.031751 seconds.
Data saved at t = 13.36 s
Elapsed time is 0.032466 seconds.
Data saved at t = 13.3699 s
Elapsed time is 0.032813 seconds.
267600 / 300000 time steps completed. t = 13.379950 s
Elapsed time is 8.402852 seconds.
Data saved at t = 13.3799 s
Elapsed time is 0.032638 seconds.
Data saved at t = 13.39 s
Elapsed time is 0.032710 seconds.
Data saved at t = 13.4 s
Elapsed time is 0.031714 seconds.
Data saved at t = 13.4099 s
Elapsed time is 0.031512 seconds.
Data saved at t = 13.42 s
Elapsed time is 0.031509 seconds.
Data saved at t = 13.4299 s
Elapsed time is 0.032584 seconds.
268800 / 300000 time steps completed. t = 13.439950 s
Elapsed time is 8.441841 seconds.
Data saved at t = 13.44 s
Elapsed time is 0.031922 seconds.
Data saved at t = 13.4499 s
Elapsed time is 0.031891 seconds.
Data saved at t = 13.4599 s
Elapsed time is 0.032596 seconds.
Data saved at t = 13.47 s
Elapsed time is 0.032792 seconds.
Data saved at t = 13.48 s
Elapsed time is 0.032192 seconds.
Data saved at t = 13.4899 s
Elapsed time is 0.032082 seconds.
270000 / 300000 time steps completed. t = 13.499950 s
Elapsed time is 8.444885 seconds.
Data saved at t = 13.5 s
Elapsed time is 0.031536 seconds.
Data saved at t = 13.5099 s
Elapsed time is 0.032843 seconds.
Data saved at t = 13.5199 s
Elapsed time is 0.032729 seconds.
Data saved at t = 13.5299 s
Elapsed time is 0.036168 seconds.
Data saved at t = 13.5399 s
Elapsed time is 0.033096 seconds.
Data saved at t = 13.55 s
Elapsed time is 0.035131 seconds.
271200 / 300000 time steps completed. t = 13.559950 s
Elapsed time is 8.468407 seconds.
Data saved at t = 13.56 s
Elapsed time is 0.031987 seconds.
Data saved at t = 13.5699 s
Elapsed time is 0.032174 seconds.
Data saved at t = 13.58 s
Elapsed time is 0.032956 seconds.
Data saved at t = 13.5899 s
Elapsed time is 0.032319 seconds.
Data saved at t = 13.5999 s
Elapsed time is 0.033573 seconds.
Data saved at t = 13.6099 s
Elapsed time is 0.033926 seconds.
272400 / 300000 time steps completed. t = 13.619950 s
Elapsed time is 8.442529 seconds.
Data saved at t = 13.6199 s
Elapsed time is 0.032174 seconds.
Data saved at t = 13.63 s
Elapsed time is 0.032791 seconds.
Data saved at t = 13.64 s
Elapsed time is 0.032958 seconds.
Data saved at t = 13.6499 s
Elapsed time is 0.031782 seconds.
Data saved at t = 13.66 s
Elapsed time is 0.032193 seconds.
Data saved at t = 13.67 s
Elapsed time is 0.032165 seconds.
273600 / 300000 time steps completed. t = 13.679950 s
Elapsed time is 8.418951 seconds.
Data saved at t = 13.6799 s
Elapsed time is 0.031491 seconds.
Data saved at t = 13.6899 s
Elapsed time is 0.032446 seconds.
Data saved at t = 13.6999 s
Elapsed time is 0.032864 seconds.
Data saved at t = 13.7099 s
Elapsed time is 0.032093 seconds.
Data saved at t = 13.72 s
Elapsed time is 0.031887 seconds.
Data saved at t = 13.7299 s
Elapsed time is 0.032084 seconds.
274800 / 300000 time steps completed. t = 13.739950 s
Elapsed time is 8.449386 seconds.
Data saved at t = 13.74 s
Elapsed time is 0.032443 seconds.
Data saved at t = 13.75 s
Elapsed time is 0.031825 seconds.
Data saved at t = 13.7599 s
Elapsed time is 0.032334 seconds.
Data saved at t = 13.7699 s
Elapsed time is 0.033425 seconds.
Data saved at t = 13.7799 s
Elapsed time is 0.031991 seconds.
Data saved at t = 13.7899 s
Elapsed time is 0.032006 seconds.
276000 / 300000 time steps completed. t = 13.799950 s
Elapsed time is 8.497236 seconds.
Data saved at t = 13.8 s
Elapsed time is 0.032037 seconds.
Data saved at t = 13.8099 s
Elapsed time is 0.057739 seconds.
Data saved at t = 13.82 s
Elapsed time is 0.032447 seconds.
Data saved at t = 13.83 s
Elapsed time is 0.032646 seconds.
Data saved at t = 13.8399 s
Elapsed time is 0.032371 seconds.
Data saved at t = 13.8499 s
Elapsed time is 0.032529 seconds.
277200 / 300000 time steps completed. t = 13.859950 s
Elapsed time is 8.449339 seconds.
Data saved at t = 13.8599 s
Elapsed time is 0.032000 seconds.
Data saved at t = 13.8699 s
Elapsed time is 0.031746 seconds.
Data saved at t = 13.88 s
Elapsed time is 0.032653 seconds.
Data saved at t = 13.8899 s
Elapsed time is 0.033328 seconds.
Data saved at t = 13.8999 s
Elapsed time is 0.032382 seconds.
Data saved at t = 13.91 s
Elapsed time is 0.032303 seconds.
278400 / 300000 time steps completed. t = 13.919950 s
Elapsed time is 8.448082 seconds.
Data saved at t = 13.92 s
Elapsed time is 0.032012 seconds.
Data saved at t = 13.93 s
Elapsed time is 0.031785 seconds.
Data saved at t = 13.9399 s
Elapsed time is 0.032031 seconds.
Data saved at t = 13.9499 s
Elapsed time is 0.031724 seconds.
Data saved at t = 13.96 s
Elapsed time is 0.032944 seconds.
Data saved at t = 13.9699 s
Elapsed time is 0.032444 seconds.
279600 / 300000 time steps completed. t = 13.979950 s
Elapsed time is 8.408318 seconds.
Data saved at t = 13.9799 s
Elapsed time is 0.032204 seconds.
Data saved at t = 13.99 s
Elapsed time is 0.032868 seconds.
Data saved at t = 14 s
Elapsed time is 0.033246 seconds.
Data saved at t = 14.01 s
Elapsed time is 0.033139 seconds.
Data saved at t = 14.0199 s
Elapsed time is 0.032628 seconds.
Data saved at t = 14.0299 s
Elapsed time is 0.031983 seconds.
280800 / 300000 time steps completed. t = 14.039950 s
Elapsed time is 8.446286 seconds.
Data saved at t = 14.04 s
Elapsed time is 0.032789 seconds.
Data saved at t = 14.0499 s
Elapsed time is 0.032388 seconds.
Data saved at t = 14.0599 s
Elapsed time is 0.032290 seconds.
Data saved at t = 14.07 s
Elapsed time is 0.032852 seconds.
Data saved at t = 14.08 s
Elapsed time is 0.030543 seconds.
Data saved at t = 14.0899 s
Elapsed time is 0.033490 seconds.
282000 / 300000 time steps completed. t = 14.099950 s
Elapsed time is 8.444025 seconds.
Data saved at t = 14.0999 s
Elapsed time is 0.033054 seconds.
Data saved at t = 14.1099 s
Elapsed time is 0.033241 seconds.
Data saved at t = 14.12 s
Elapsed time is 0.032445 seconds.
Data saved at t = 14.1299 s
Elapsed time is 0.032861 seconds.
Data saved at t = 14.1399 s
Elapsed time is 0.032172 seconds.
Data saved at t = 14.15 s
Elapsed time is 0.032779 seconds.
283200 / 300000 time steps completed. t = 14.159950 s
Elapsed time is 8.460581 seconds.
Data saved at t = 14.16 s
Elapsed time is 0.032677 seconds.
Data saved at t = 14.1699 s
Elapsed time is 0.032338 seconds.
Data saved at t = 14.1799 s
Elapsed time is 0.036514 seconds.
Data saved at t = 14.1899 s
Elapsed time is 0.032954 seconds.
Data saved at t = 14.2 s
Elapsed time is 0.032471 seconds.
Data saved at t = 14.2099 s
Elapsed time is 0.033428 seconds.
284400 / 300000 time steps completed. t = 14.219950 s
Elapsed time is 8.451828 seconds.
Data saved at t = 14.2199 s
Elapsed time is 0.032405 seconds.
Data saved at t = 14.23 s
Elapsed time is 0.032545 seconds.
Data saved at t = 14.24 s
Elapsed time is 0.033132 seconds.
Data saved at t = 14.2499 s
Elapsed time is 0.033271 seconds.
Data saved at t = 14.2599 s
Elapsed time is 0.032609 seconds.
Data saved at t = 14.2699 s
Elapsed time is 0.031339 seconds.
285600 / 300000 time steps completed. t = 14.279950 s
Elapsed time is 8.442584 seconds.
Data saved at t = 14.28 s
Elapsed time is 0.031823 seconds.
Data saved at t = 14.2899 s
Elapsed time is 0.034735 seconds.
Data saved at t = 14.2999 s
Elapsed time is 0.031871 seconds.
Data saved at t = 14.31 s
Elapsed time is 0.032068 seconds.
Data saved at t = 14.32 s
Elapsed time is 0.032921 seconds.
Data saved at t = 14.3299 s
Elapsed time is 0.032870 seconds.
286800 / 300000 time steps completed. t = 14.339950 s
Elapsed time is 8.461909 seconds.
Data saved at t = 14.3399 s
Elapsed time is 0.032114 seconds.
Data saved at t = 14.3499 s
Elapsed time is 0.033645 seconds.
Data saved at t = 14.3599 s
Elapsed time is 0.032105 seconds.
Data saved at t = 14.3699 s
Elapsed time is 0.032990 seconds.
Data saved at t = 14.3799 s
Elapsed time is 0.031960 seconds.
Data saved at t = 14.39 s
Elapsed time is 0.032073 seconds.
288000 / 300000 time steps completed. t = 14.399950 s
Elapsed time is 8.495990 seconds.
Data saved at t = 14.4 s
Elapsed time is 0.032196 seconds.
Data saved at t = 14.4099 s
Elapsed time is 0.031935 seconds.
Data saved at t = 14.42 s
Elapsed time is 0.032766 seconds.
Data saved at t = 14.4299 s
Elapsed time is 0.036545 seconds.
Data saved at t = 14.4399 s
Elapsed time is 0.033776 seconds.
Data saved at t = 14.45 s
Elapsed time is 0.034381 seconds.
289200 / 300000 time steps completed. t = 14.459950 s
Elapsed time is 8.964055 seconds.
Data saved at t = 14.4599 s
Elapsed time is 0.033804 seconds.
Data saved at t = 14.47 s
Elapsed time is 0.033929 seconds.
Data saved at t = 14.48 s
Elapsed time is 0.033323 seconds.
Data saved at t = 14.4899 s
Elapsed time is 0.034362 seconds.
Data saved at t = 14.5 s
Elapsed time is 0.033833 seconds.
Data saved at t = 14.5099 s
Elapsed time is 0.033732 seconds.
290400 / 300000 time steps completed. t = 14.519950 s
Elapsed time is 8.967686 seconds.
Data saved at t = 14.5199 s
Elapsed time is 0.042560 seconds.
Data saved at t = 14.53 s
Elapsed time is 0.032760 seconds.
Data saved at t = 14.5399 s
Elapsed time is 0.034000 seconds.
Data saved at t = 14.5499 s
Elapsed time is 0.033469 seconds.
Data saved at t = 14.56 s
Elapsed time is 0.033730 seconds.
Data saved at t = 14.5699 s
Elapsed time is 0.032902 seconds.
291600 / 300000 time steps completed. t = 14.579950 s
Elapsed time is 8.960586 seconds.
Data saved at t = 14.58 s
Elapsed time is 0.033107 seconds.
Data saved at t = 14.5899 s
Elapsed time is 0.033691 seconds.
Data saved at t = 14.5999 s
Elapsed time is 0.033792 seconds.
Data saved at t = 14.61 s
Elapsed time is 0.033133 seconds.
Data saved at t = 14.6199 s
Elapsed time is 0.033267 seconds.
Data saved at t = 14.6299 s
Elapsed time is 0.033248 seconds.
292800 / 300000 time steps completed. t = 14.639950 s
Elapsed time is 8.947193 seconds.
Data saved at t = 14.64 s
Elapsed time is 0.033437 seconds.
Data saved at t = 14.6499 s
Elapsed time is 0.033628 seconds.
Data saved at t = 14.66 s
Elapsed time is 0.033750 seconds.
Data saved at t = 14.67 s
Elapsed time is 0.033538 seconds.
Data saved at t = 14.6799 s
Elapsed time is 0.035616 seconds.
Data saved at t = 14.69 s
Elapsed time is 0.033081 seconds.
294000 / 300000 time steps completed. t = 14.699950 s
Elapsed time is 8.931487 seconds.
Data saved at t = 14.6999 s
Elapsed time is 0.033599 seconds.
Data saved at t = 14.7099 s
Elapsed time is 0.033681 seconds.
Data saved at t = 14.72 s
Elapsed time is 0.033120 seconds.
Data saved at t = 14.7299 s
Elapsed time is 0.034175 seconds.
Data saved at t = 14.7399 s
Elapsed time is 0.033583 seconds.
Data saved at t = 14.75 s
Elapsed time is 0.033398 seconds.
295200 / 300000 time steps completed. t = 14.759950 s
Elapsed time is 8.960890 seconds.
Data saved at t = 14.7599 s
Elapsed time is 0.033018 seconds.
Data saved at t = 14.77 s
Elapsed time is 0.033107 seconds.
Data saved at t = 14.7799 s
Elapsed time is 0.033836 seconds.
Data saved at t = 14.7899 s
Elapsed time is 0.033055 seconds.
Data saved at t = 14.8 s
Elapsed time is 0.033085 seconds.
Data saved at t = 14.8099 s
Elapsed time is 0.033082 seconds.
296400 / 300000 time steps completed. t = 14.819950 s
Elapsed time is 8.943596 seconds.
Data saved at t = 14.8199 s
Elapsed time is 0.033151 seconds.
Data saved at t = 14.83 s
Elapsed time is 0.033111 seconds.
Data saved at t = 14.8399 s
Elapsed time is 0.033784 seconds.
Data saved at t = 14.85 s
Elapsed time is 0.033752 seconds.
Data saved at t = 14.8599 s
Elapsed time is 0.033915 seconds.
Data saved at t = 14.8699 s
Elapsed time is 0.033468 seconds.
297600 / 300000 time steps completed. t = 14.879950 s
Elapsed time is 8.943177 seconds.
Data saved at t = 14.88 s
Elapsed time is 0.033513 seconds.
Data saved at t = 14.89 s
Elapsed time is 0.033283 seconds.
Data saved at t = 14.8999 s
Elapsed time is 0.033985 seconds.
Data saved at t = 14.91 s
Elapsed time is 0.034232 seconds.
Data saved at t = 14.92 s
Elapsed time is 0.032431 seconds.
Data saved at t = 14.9299 s
Elapsed time is 0.033730 seconds.
298800 / 300000 time steps completed. t = 14.939950 s
Elapsed time is 8.955083 seconds.
Data saved at t = 14.9399 s
Elapsed time is 0.033656 seconds.
Data saved at t = 14.9499 s
Elapsed time is 0.033254 seconds.
Data saved at t = 14.96 s
Elapsed time is 0.033773 seconds.
Data saved at t = 14.97 s
Elapsed time is 0.033490 seconds.
Data saved at t = 14.9799 s
Elapsed time is 0.032757 seconds.
Data saved at t = 14.99 s
Elapsed time is 0.033555 seconds.
300000 / 300000 time steps completed. t = 14.999950 s
Elapsed time is 8.944479 seconds.
Data saved at t = 15 s
Elapsed time is 0.034473 seconds.
[2026-07-07T16:46:43.680] error: *** JOB 36519061 ON c0704a-s20 CANCELLED AT 2026-07-07T16:46:43 DUE to SIGNAL Terminated ***
