Tue Jul  7 10:05:17 AM EDT 2026
c0704a-s19.ufhpc
Warning: X does not support locale en_US.UTF-8

fcut_dim =

    20


t_end_dim =

    15


Ldim =

     2


N =

        8000


MNOISE =

        1000


F0_noise =

    0.0250


Re_input =

    40


theta_deg =

    6.4000


rho =

        1072


mu =

    0.0067


Ca_input =

    0.0100


t_save =

    0.0100

hN = 1.6293e-03 m
uN = 1.5413e-01 m/s
TN = 1.0571e-02 s
mu = 0.0067, rho = 1072.0000, gamma = 0.1037, theta = 0.1117
F2 = 1.4863, We = 0.4000, Re = 40.0000, Ca = 0.0100
fcut_noise nondim = 2.1142e-01
dx = 1.5344e-01, dt = 4.7299e-03, nsteps = 300000
Fontconfig warning: "/usr/share/fontconfig/conf.avail/05-reset-dirs-sample.conf", line 6: unknown element "reset-dirs"
Fontconfig warning: "/usr/share/fontconfig/conf.avail/05-reset-dirs-sample.conf", line 6: unknown element "reset-dirs"
Initializing white noise phases...
1 / 300000 time steps completed. t = 0.000000 s
Elapsed time is 0.626148 seconds.
Data saved at t = 0.00995 s
Elapsed time is 0.824394 seconds.
Data saved at t = 0.01995 s
Elapsed time is 0.042761 seconds.
Data saved at t = 0.02995 s
Elapsed time is 0.039593 seconds.
Data saved at t = 0.03995 s
Elapsed time is 0.034498 seconds.
Data saved at t = 0.04995 s
Elapsed time is 0.055558 seconds.
1200 / 300000 time steps completed. t = 0.059950 s
Elapsed time is 6.100832 seconds.
Data saved at t = 0.05995 s
Elapsed time is 0.110462 seconds.
Data saved at t = 0.06995 s
Elapsed time is 0.031315 seconds.
Data saved at t = 0.07995 s
Elapsed time is 0.034489 seconds.
Data saved at t = 0.08995 s
Elapsed time is 0.123776 seconds.
Data saved at t = 0.09995 s
Elapsed time is 0.034832 seconds.
Data saved at t = 0.10995 s
Elapsed time is 0.031121 seconds.
2400 / 300000 time steps completed. t = 0.119950 s
Elapsed time is 6.163671 seconds.
Data saved at t = 0.11995 s
Elapsed time is 0.040635 seconds.
Data saved at t = 0.12995 s
Elapsed time is 0.040834 seconds.
Data saved at t = 0.13995 s
Elapsed time is 0.030468 seconds.
Data saved at t = 0.14995 s
Elapsed time is 0.030954 seconds.
Data saved at t = 0.15995 s
Elapsed time is 0.031007 seconds.
Data saved at t = 0.16995 s
Elapsed time is 0.031388 seconds.
3600 / 300000 time steps completed. t = 0.179950 s
Elapsed time is 6.342820 seconds.
Data saved at t = 0.17995 s
Elapsed time is 0.036031 seconds.
Data saved at t = 0.18995 s
Elapsed time is 0.030961 seconds.
Data saved at t = 0.19995 s
Elapsed time is 0.031302 seconds.
Data saved at t = 0.20995 s
Elapsed time is 0.060038 seconds.
Data saved at t = 0.21995 s
Elapsed time is 0.047423 seconds.
Data saved at t = 0.22995 s
Elapsed time is 0.031273 seconds.
4800 / 300000 time steps completed. t = 0.239950 s
Elapsed time is 6.406683 seconds.
Data saved at t = 0.23995 s
Elapsed time is 0.030414 seconds.
Data saved at t = 0.24995 s
Elapsed time is 0.034617 seconds.
Data saved at t = 0.25995 s
Elapsed time is 0.031554 seconds.
Data saved at t = 0.26995 s
Elapsed time is 0.031880 seconds.
Data saved at t = 0.27995 s
Elapsed time is 0.030464 seconds.
Data saved at t = 0.28995 s
Elapsed time is 0.032098 seconds.
6000 / 300000 time steps completed. t = 0.299950 s
Elapsed time is 6.513764 seconds.
Data saved at t = 0.29995 s
Elapsed time is 0.046264 seconds.
Data saved at t = 0.30995 s
Elapsed time is 0.030568 seconds.
Data saved at t = 0.31995 s
Elapsed time is 0.083236 seconds.
Data saved at t = 0.32995 s
Elapsed time is 0.031430 seconds.
Data saved at t = 0.33995 s
Elapsed time is 0.031944 seconds.
Data saved at t = 0.34995 s
Elapsed time is 0.034787 seconds.
7200 / 300000 time steps completed. t = 0.359950 s
Elapsed time is 6.682853 seconds.
Data saved at t = 0.35995 s
Elapsed time is 0.031457 seconds.
Data saved at t = 0.36995 s
Elapsed time is 0.035693 seconds.
Data saved at t = 0.37995 s
Elapsed time is 0.031593 seconds.
Data saved at t = 0.38995 s
Elapsed time is 0.031276 seconds.
Data saved at t = 0.39995 s
Elapsed time is 0.036930 seconds.
Data saved at t = 0.40995 s
Elapsed time is 0.031162 seconds.
8400 / 300000 time steps completed. t = 0.419950 s
Elapsed time is 6.779733 seconds.
Data saved at t = 0.41995 s
Elapsed time is 0.031421 seconds.
Data saved at t = 0.42995 s
Elapsed time is 0.031383 seconds.
Data saved at t = 0.43995 s
Elapsed time is 0.032377 seconds.
Data saved at t = 0.44995 s
Elapsed time is 0.031678 seconds.
Data saved at t = 0.45995 s
Elapsed time is 0.031057 seconds.
Data saved at t = 0.46995 s
Elapsed time is 0.037402 seconds.
9600 / 300000 time steps completed. t = 0.479950 s
Elapsed time is 6.854183 seconds.
Data saved at t = 0.47995 s
Elapsed time is 0.031579 seconds.
Data saved at t = 0.48995 s
Elapsed time is 0.031123 seconds.
Data saved at t = 0.49995 s
Elapsed time is 0.031504 seconds.
Data saved at t = 0.50995 s
Elapsed time is 0.030616 seconds.
Data saved at t = 0.51995 s
Elapsed time is 0.032466 seconds.
Data saved at t = 0.52995 s
Elapsed time is 0.032008 seconds.
10800 / 300000 time steps completed. t = 0.539950 s
Elapsed time is 6.935964 seconds.
Data saved at t = 0.53995 s
Elapsed time is 0.031134 seconds.
Data saved at t = 0.54995 s
Elapsed time is 0.030637 seconds.
Data saved at t = 0.55995 s
Elapsed time is 0.031323 seconds.
Data saved at t = 0.56995 s
Elapsed time is 0.030672 seconds.
Data saved at t = 0.57995 s
Elapsed time is 0.032367 seconds.
Data saved at t = 0.58995 s
Elapsed time is 0.035418 seconds.
12000 / 300000 time steps completed. t = 0.599950 s
Elapsed time is 7.040611 seconds.
Data saved at t = 0.59995 s
Elapsed time is 0.055953 seconds.
Data saved at t = 0.60995 s
Elapsed time is 0.098418 seconds.
Data saved at t = 0.61995 s
Elapsed time is 0.056963 seconds.
Data saved at t = 0.62995 s
Elapsed time is 0.107715 seconds.
Data saved at t = 0.63995 s
Elapsed time is 0.034903 seconds.
Data saved at t = 0.64995 s
Elapsed time is 0.032238 seconds.
13200 / 300000 time steps completed. t = 0.659950 s
Elapsed time is 7.111067 seconds.
Data saved at t = 0.65995 s
Elapsed time is 0.031877 seconds.
Data saved at t = 0.66995 s
Elapsed time is 0.034597 seconds.
Data saved at t = 0.67995 s
Elapsed time is 0.032994 seconds.
Data saved at t = 0.68995 s
Elapsed time is 0.034329 seconds.
Data saved at t = 0.69995 s
Elapsed time is 0.030777 seconds.
Data saved at t = 0.70995 s
Elapsed time is 0.031286 seconds.
14400 / 300000 time steps completed. t = 0.719950 s
Elapsed time is 7.194735 seconds.
Data saved at t = 0.71995 s
Elapsed time is 0.036028 seconds.
Data saved at t = 0.72995 s
Elapsed time is 0.030504 seconds.
Data saved at t = 0.73995 s
Elapsed time is 0.032569 seconds.
Data saved at t = 0.74995 s
Elapsed time is 0.030770 seconds.
Data saved at t = 0.75995 s
Elapsed time is 0.034761 seconds.
Data saved at t = 0.76995 s
Elapsed time is 0.030961 seconds.
15600 / 300000 time steps completed. t = 0.779950 s
Elapsed time is 7.262702 seconds.
Data saved at t = 0.77995 s
Elapsed time is 0.137703 seconds.
Data saved at t = 0.78995 s
Elapsed time is 0.031156 seconds.
Data saved at t = 0.79995 s
Elapsed time is 0.031841 seconds.
Data saved at t = 0.80995 s
Elapsed time is 0.031489 seconds.
Data saved at t = 0.81995 s
Elapsed time is 0.030924 seconds.
Data saved at t = 0.82995 s
Elapsed time is 0.030894 seconds.
16800 / 300000 time steps completed. t = 0.839950 s
Elapsed time is 7.051217 seconds.
Data saved at t = 0.83995 s
Elapsed time is 0.033255 seconds.
Data saved at t = 0.84995 s
Elapsed time is 0.030473 seconds.
Data saved at t = 0.85995 s
Elapsed time is 0.033362 seconds.
Data saved at t = 0.86995 s
Elapsed time is 0.030175 seconds.
Data saved at t = 0.87995 s
Elapsed time is 0.031963 seconds.
Data saved at t = 0.88995 s
Elapsed time is 0.035193 seconds.
18000 / 300000 time steps completed. t = 0.899950 s
Elapsed time is 7.395017 seconds.
Data saved at t = 0.89995 s
Elapsed time is 0.031163 seconds.
Data saved at t = 0.90995 s
Elapsed time is 0.035447 seconds.
Data saved at t = 0.91995 s
Elapsed time is 0.030590 seconds.
Data saved at t = 0.92995 s
Elapsed time is 0.031143 seconds.
Data saved at t = 0.93995 s
Elapsed time is 0.034569 seconds.
Data saved at t = 0.94995 s
Elapsed time is 0.031499 seconds.
19200 / 300000 time steps completed. t = 0.959950 s
Elapsed time is 7.470496 seconds.
Data saved at t = 0.95995 s
Elapsed time is 0.031778 seconds.
Data saved at t = 0.96995 s
Elapsed time is 0.031199 seconds.
Data saved at t = 0.97995 s
Elapsed time is 0.031395 seconds.
Data saved at t = 0.98995 s
Elapsed time is 0.035299 seconds.
Data saved at t = 0.99995 s
Elapsed time is 0.031058 seconds.
Data saved at t = 1.0099 s
Elapsed time is 0.031177 seconds.
20400 / 300000 time steps completed. t = 1.019950 s
Elapsed time is 7.516050 seconds.
Data saved at t = 1.0199 s
Elapsed time is 0.031678 seconds.
Data saved at t = 1.0299 s
Elapsed time is 0.031956 seconds.
Data saved at t = 1.0399 s
Elapsed time is 0.031050 seconds.
Data saved at t = 1.0499 s
Elapsed time is 0.030679 seconds.
Data saved at t = 1.0599 s
Elapsed time is 0.034090 seconds.
Data saved at t = 1.0699 s
Elapsed time is 0.031405 seconds.
21600 / 300000 time steps completed. t = 1.079950 s
Elapsed time is 7.600728 seconds.
Data saved at t = 1.0799 s
Elapsed time is 0.037311 seconds.
Data saved at t = 1.0899 s
Elapsed time is 0.031119 seconds.
Data saved at t = 1.0999 s
Elapsed time is 0.030960 seconds.
Data saved at t = 1.1099 s
Elapsed time is 0.036111 seconds.
Data saved at t = 1.1199 s
Elapsed time is 0.030533 seconds.
Data saved at t = 1.1299 s
Elapsed time is 0.035010 seconds.
22800 / 300000 time steps completed. t = 1.139950 s
Elapsed time is 7.582761 seconds.
Data saved at t = 1.1399 s
Elapsed time is 0.030924 seconds.
Data saved at t = 1.1499 s
Elapsed time is 0.030899 seconds.
Data saved at t = 1.1599 s
Elapsed time is 0.035331 seconds.
Data saved at t = 1.1699 s
Elapsed time is 0.030804 seconds.
Data saved at t = 1.1799 s
Elapsed time is 0.035153 seconds.
Data saved at t = 1.1899 s
Elapsed time is 0.031217 seconds.
24000 / 300000 time steps completed. t = 1.199950 s
Elapsed time is 7.590669 seconds.
Data saved at t = 1.1999 s
Elapsed time is 0.030738 seconds.
Data saved at t = 1.2099 s
Elapsed time is 0.030566 seconds.
Data saved at t = 1.2199 s
Elapsed time is 0.032348 seconds.
Data saved at t = 1.2299 s
Elapsed time is 0.031271 seconds.
Data saved at t = 1.2399 s
Elapsed time is 0.030826 seconds.
Data saved at t = 1.2499 s
Elapsed time is 0.035097 seconds.
25200 / 300000 time steps completed. t = 1.259950 s
Elapsed time is 7.656917 seconds.
Data saved at t = 1.2599 s
Elapsed time is 0.030910 seconds.
Data saved at t = 1.2699 s
Elapsed time is 0.030970 seconds.
Data saved at t = 1.2799 s
Elapsed time is 0.031148 seconds.
Data saved at t = 1.2899 s
Elapsed time is 0.031988 seconds.
Data saved at t = 1.2999 s
Elapsed time is 0.030608 seconds.
Data saved at t = 1.3099 s
Elapsed time is 0.033126 seconds.
26400 / 300000 time steps completed. t = 1.319950 s
Elapsed time is 7.760128 seconds.
Data saved at t = 1.3199 s
Elapsed time is 0.030967 seconds.
Data saved at t = 1.3299 s
Elapsed time is 0.035490 seconds.
Data saved at t = 1.3399 s
Elapsed time is 0.030600 seconds.
Data saved at t = 1.3499 s
Elapsed time is 0.031244 seconds.
Data saved at t = 1.3599 s
Elapsed time is 0.031069 seconds.
Data saved at t = 1.3699 s
Elapsed time is 0.031188 seconds.
27600 / 300000 time steps completed. t = 1.379950 s
Elapsed time is 7.757773 seconds.
Data saved at t = 1.3799 s
Elapsed time is 0.033904 seconds.
Data saved at t = 1.3899 s
Elapsed time is 0.030922 seconds.
Data saved at t = 1.3999 s
Elapsed time is 0.030707 seconds.
Data saved at t = 1.4099 s
Elapsed time is 0.030876 seconds.
Data saved at t = 1.4199 s
Elapsed time is 0.030703 seconds.
Data saved at t = 1.4299 s
Elapsed time is 0.031019 seconds.
28800 / 300000 time steps completed. t = 1.439950 s
Elapsed time is 7.809504 seconds.
Data saved at t = 1.4399 s
Elapsed time is 0.030603 seconds.
Data saved at t = 1.4499 s
Elapsed time is 0.030407 seconds.
Data saved at t = 1.4599 s
Elapsed time is 0.031294 seconds.
Data saved at t = 1.4699 s
Elapsed time is 0.036144 seconds.
Data saved at t = 1.4799 s
Elapsed time is 0.032310 seconds.
Data saved at t = 1.4899 s
Elapsed time is 0.031665 seconds.
30000 / 300000 time steps completed. t = 1.499950 s
Elapsed time is 7.855071 seconds.
Data saved at t = 1.4999 s
Elapsed time is 0.031252 seconds.
Data saved at t = 1.5099 s
Elapsed time is 0.031336 seconds.
Data saved at t = 1.5199 s
Elapsed time is 0.034302 seconds.
Data saved at t = 1.5299 s
Elapsed time is 0.031903 seconds.
Data saved at t = 1.5399 s
Elapsed time is 0.031145 seconds.
Data saved at t = 1.5499 s
Elapsed time is 0.031585 seconds.
31200 / 300000 time steps completed. t = 1.559950 s
Elapsed time is 7.922075 seconds.
Data saved at t = 1.5599 s
Elapsed time is 0.031783 seconds.
Data saved at t = 1.5699 s
Elapsed time is 0.036162 seconds.
Data saved at t = 1.5799 s
Elapsed time is 0.030469 seconds.
Data saved at t = 1.5899 s
Elapsed time is 0.031769 seconds.
Data saved at t = 1.5999 s
Elapsed time is 0.035339 seconds.
Data saved at t = 1.6099 s
Elapsed time is 0.032019 seconds.
32400 / 300000 time steps completed. t = 1.619950 s
Elapsed time is 7.959323 seconds.
Data saved at t = 1.6199 s
Elapsed time is 0.040818 seconds.
Data saved at t = 1.6299 s
Elapsed time is 0.031798 seconds.
Data saved at t = 1.6399 s
Elapsed time is 0.030958 seconds.
Data saved at t = 1.6499 s
Elapsed time is 0.030743 seconds.
Data saved at t = 1.6599 s
Elapsed time is 0.031229 seconds.
Data saved at t = 1.6699 s
Elapsed time is 0.035027 seconds.
33600 / 300000 time steps completed. t = 1.679950 s
Elapsed time is 8.025646 seconds.
Data saved at t = 1.6799 s
Elapsed time is 0.031094 seconds.
Data saved at t = 1.6899 s
Elapsed time is 0.030904 seconds.
Data saved at t = 1.6999 s
Elapsed time is 0.032167 seconds.
Data saved at t = 1.7099 s
Elapsed time is 0.030754 seconds.
Data saved at t = 1.7199 s
Elapsed time is 0.035158 seconds.
Data saved at t = 1.7299 s
Elapsed time is 0.032567 seconds.
34800 / 300000 time steps completed. t = 1.739950 s
Elapsed time is 8.124328 seconds.
Data saved at t = 1.7399 s
Elapsed time is 0.032151 seconds.
Data saved at t = 1.7499 s
Elapsed time is 0.031498 seconds.
Data saved at t = 1.7599 s
Elapsed time is 0.031743 seconds.
Data saved at t = 1.7699 s
Elapsed time is 0.034026 seconds.
Data saved at t = 1.7799 s
Elapsed time is 0.031083 seconds.
Data saved at t = 1.7899 s
Elapsed time is 0.036468 seconds.
36000 / 300000 time steps completed. t = 1.799950 s
Elapsed time is 8.202214 seconds.
Data saved at t = 1.7999 s
Elapsed time is 0.030801 seconds.
Data saved at t = 1.8099 s
Elapsed time is 0.030374 seconds.
Data saved at t = 1.8199 s
Elapsed time is 0.034555 seconds.
Data saved at t = 1.8299 s
Elapsed time is 0.030684 seconds.
Data saved at t = 1.8399 s
Elapsed time is 0.034907 seconds.
Data saved at t = 1.8499 s
Elapsed time is 0.031925 seconds.
37200 / 300000 time steps completed. t = 1.859950 s
Elapsed time is 8.230225 seconds.
Data saved at t = 1.8599 s
Elapsed time is 0.035964 seconds.
Data saved at t = 1.8699 s
Elapsed time is 0.031206 seconds.
Data saved at t = 1.8799 s
Elapsed time is 0.030668 seconds.
Data saved at t = 1.8899 s
Elapsed time is 0.031419 seconds.
Data saved at t = 1.8999 s
Elapsed time is 0.031709 seconds.
Data saved at t = 1.9099 s
Elapsed time is 0.034373 seconds.
38400 / 300000 time steps completed. t = 1.919950 s
Elapsed time is 8.335455 seconds.
Data saved at t = 1.9199 s
Elapsed time is 0.030733 seconds.
Data saved at t = 1.9299 s
Elapsed time is 0.031679 seconds.
Data saved at t = 1.9399 s
Elapsed time is 0.032225 seconds.
Data saved at t = 1.9499 s
Elapsed time is 0.031418 seconds.
Data saved at t = 1.9599 s
Elapsed time is 0.031624 seconds.
Data saved at t = 1.9699 s
Elapsed time is 0.031476 seconds.
39600 / 300000 time steps completed. t = 1.979950 s
Elapsed time is 8.393145 seconds.
Data saved at t = 1.9799 s
Elapsed time is 0.030759 seconds.
Data saved at t = 1.9899 s
Elapsed time is 0.030634 seconds.
Data saved at t = 1.9999 s
Elapsed time is 0.030899 seconds.
Data saved at t = 2.0099 s
Elapsed time is 0.035218 seconds.
Data saved at t = 2.0199 s
Elapsed time is 0.030884 seconds.
Data saved at t = 2.0299 s
Elapsed time is 0.031857 seconds.
40800 / 300000 time steps completed. t = 2.039950 s
Elapsed time is 8.440801 seconds.
Data saved at t = 2.0399 s
Elapsed time is 0.036140 seconds.
Data saved at t = 2.0499 s
Elapsed time is 0.031380 seconds.
Data saved at t = 2.0599 s
Elapsed time is 0.035106 seconds.
Data saved at t = 2.0699 s
Elapsed time is 0.031126 seconds.
Data saved at t = 2.0799 s
Elapsed time is 0.030927 seconds.
Data saved at t = 2.0899 s
Elapsed time is 0.031023 seconds.
42000 / 300000 time steps completed. t = 2.099950 s
Elapsed time is 8.472479 seconds.
Data saved at t = 2.0999 s
Elapsed time is 0.031369 seconds.
Data saved at t = 2.1099 s
Elapsed time is 0.035790 seconds.
Data saved at t = 2.1199 s
Elapsed time is 0.031512 seconds.
Data saved at t = 2.1299 s
Elapsed time is 0.036411 seconds.
Data saved at t = 2.1399 s
Elapsed time is 0.031276 seconds.
Data saved at t = 2.1499 s
Elapsed time is 0.031826 seconds.
43200 / 300000 time steps completed. t = 2.159950 s
Elapsed time is 8.525806 seconds.
Data saved at t = 2.1599 s
Elapsed time is 0.030900 seconds.
Data saved at t = 2.1699 s
Elapsed time is 0.031243 seconds.
Data saved at t = 2.1799 s
Elapsed time is 0.032084 seconds.
Data saved at t = 2.1899 s
Elapsed time is 0.031064 seconds.
Data saved at t = 2.1999 s
Elapsed time is 0.031032 seconds.
Data saved at t = 2.2099 s
Elapsed time is 0.031227 seconds.
44400 / 300000 time steps completed. t = 2.219950 s
Elapsed time is 8.587806 seconds.
Data saved at t = 2.2199 s
Elapsed time is 0.031741 seconds.
Data saved at t = 2.2299 s
Elapsed time is 0.035429 seconds.
Data saved at t = 2.2399 s
Elapsed time is 0.031345 seconds.
Data saved at t = 2.2499 s
Elapsed time is 0.035096 seconds.
Data saved at t = 2.2599 s
Elapsed time is 0.031630 seconds.
Data saved at t = 2.2699 s
Elapsed time is 0.031877 seconds.
45600 / 300000 time steps completed. t = 2.279950 s
Elapsed time is 8.638076 seconds.
Data saved at t = 2.2799 s
Elapsed time is 0.036074 seconds.
Data saved at t = 2.2899 s
Elapsed time is 0.031722 seconds.
Data saved at t = 2.2999 s
Elapsed time is 0.031479 seconds.
Data saved at t = 2.3099 s
Elapsed time is 0.031497 seconds.
Data saved at t = 2.3199 s
Elapsed time is 0.031866 seconds.
Data saved at t = 2.3299 s
Elapsed time is 0.031340 seconds.
46800 / 300000 time steps completed. t = 2.339950 s
Elapsed time is 8.592173 seconds.
Data saved at t = 2.3399 s
Elapsed time is 0.031087 seconds.
Data saved at t = 2.3499 s
Elapsed time is 0.041761 seconds.
Data saved at t = 2.3599 s
Elapsed time is 0.032343 seconds.
Data saved at t = 2.3699 s
Elapsed time is 0.031233 seconds.
Data saved at t = 2.38 s
Elapsed time is 0.032083 seconds.
Data saved at t = 2.3899 s
Elapsed time is 0.030913 seconds.
48000 / 300000 time steps completed. t = 2.399950 s
Elapsed time is 8.622529 seconds.
Data saved at t = 2.3999 s
Elapsed time is 0.036286 seconds.
Data saved at t = 2.4099 s
Elapsed time is 0.031462 seconds.
Data saved at t = 2.4199 s
Elapsed time is 0.030294 seconds.
Data saved at t = 2.4299 s
Elapsed time is 0.031973 seconds.
Data saved at t = 2.4399 s
Elapsed time is 0.031750 seconds.
Data saved at t = 2.4499 s
Elapsed time is 0.031711 seconds.
49200 / 300000 time steps completed. t = 2.459950 s
Elapsed time is 8.628047 seconds.
Data saved at t = 2.4599 s
Elapsed time is 0.030726 seconds.
Data saved at t = 2.4699 s
Elapsed time is 0.037112 seconds.
Data saved at t = 2.4799 s
Elapsed time is 0.030402 seconds.
Data saved at t = 2.4899 s
Elapsed time is 0.031360 seconds.
Data saved at t = 2.4999 s
Elapsed time is 0.034534 seconds.
Data saved at t = 2.5099 s
Elapsed time is 0.030688 seconds.
50400 / 300000 time steps completed. t = 2.519950 s
Elapsed time is 8.606890 seconds.
Data saved at t = 2.5199 s
Elapsed time is 0.031374 seconds.
Data saved at t = 2.5299 s
Elapsed time is 0.030904 seconds.
Data saved at t = 2.5399 s
Elapsed time is 0.032118 seconds.
Data saved at t = 2.5499 s
Elapsed time is 0.031163 seconds.
Data saved at t = 2.5599 s
Elapsed time is 0.032079 seconds.
Data saved at t = 2.5699 s
Elapsed time is 0.035455 seconds.
51600 / 300000 time steps completed. t = 2.579950 s
Elapsed time is 8.622643 seconds.
Data saved at t = 2.5799 s
Elapsed time is 0.030867 seconds.
Data saved at t = 2.5899 s
Elapsed time is 0.032830 seconds.
Data saved at t = 2.5999 s
Elapsed time is 0.031582 seconds.
Data saved at t = 2.6099 s
Elapsed time is 0.032104 seconds.
Data saved at t = 2.6199 s
Elapsed time is 0.035830 seconds.
Data saved at t = 2.6299 s
Elapsed time is 0.031349 seconds.
52800 / 300000 time steps completed. t = 2.639950 s
Elapsed time is 8.629628 seconds.
Data saved at t = 2.6399 s
Elapsed time is 0.030060 seconds.
Data saved at t = 2.6499 s
Elapsed time is 0.035083 seconds.
Data saved at t = 2.6599 s
Elapsed time is 0.030419 seconds.
Data saved at t = 2.6699 s
Elapsed time is 0.034944 seconds.
Data saved at t = 2.6799 s
Elapsed time is 0.032585 seconds.
Data saved at t = 2.6899 s
Elapsed time is 0.030862 seconds.
54000 / 300000 time steps completed. t = 2.699950 s
Elapsed time is 8.655390 seconds.
Data saved at t = 2.6999 s
Elapsed time is 0.031551 seconds.
Data saved at t = 2.7099 s
Elapsed time is 0.031673 seconds.
Data saved at t = 2.7199 s
Elapsed time is 0.036896 seconds.
Data saved at t = 2.7299 s
Elapsed time is 0.032109 seconds.
Data saved at t = 2.7399 s
Elapsed time is 0.031256 seconds.
Data saved at t = 2.7499 s
Elapsed time is 0.031395 seconds.
55200 / 300000 time steps completed. t = 2.759950 s
Elapsed time is 8.562321 seconds.
Data saved at t = 2.7599 s
Elapsed time is 0.030922 seconds.
Data saved at t = 2.7699 s
Elapsed time is 0.036000 seconds.
Data saved at t = 2.7799 s
Elapsed time is 0.031603 seconds.
Data saved at t = 2.7899 s
Elapsed time is 0.031886 seconds.
Data saved at t = 2.7999 s
Elapsed time is 0.031036 seconds.
Data saved at t = 2.8099 s
Elapsed time is 0.032212 seconds.
56400 / 300000 time steps completed. t = 2.819950 s
Elapsed time is 8.566900 seconds.
Data saved at t = 2.8199 s
Elapsed time is 0.031753 seconds.
Data saved at t = 2.8299 s
Elapsed time is 0.031149 seconds.
Data saved at t = 2.8399 s
Elapsed time is 0.036656 seconds.
Data saved at t = 2.8499 s
Elapsed time is 0.032023 seconds.
Data saved at t = 2.8599 s
Elapsed time is 0.036298 seconds.
Data saved at t = 2.8699 s
Elapsed time is 0.031271 seconds.
57600 / 300000 time steps completed. t = 2.879950 s
Elapsed time is 8.585121 seconds.
Data saved at t = 2.8799 s
Elapsed time is 0.032070 seconds.
Data saved at t = 2.8899 s
Elapsed time is 0.032295 seconds.
Data saved at t = 2.8999 s
Elapsed time is 0.031187 seconds.
Data saved at t = 2.9099 s
Elapsed time is 0.030747 seconds.
Data saved at t = 2.9199 s
Elapsed time is 0.030507 seconds.
Data saved at t = 2.9299 s
Elapsed time is 0.036138 seconds.
58800 / 300000 time steps completed. t = 2.939950 s
Elapsed time is 8.664673 seconds.
Data saved at t = 2.94 s
Elapsed time is 0.030628 seconds.
Data saved at t = 2.9499 s
Elapsed time is 0.031692 seconds.
Data saved at t = 2.9599 s
Elapsed time is 0.030422 seconds.
Data saved at t = 2.9699 s
Elapsed time is 0.031307 seconds.
Data saved at t = 2.9799 s
Elapsed time is 0.031466 seconds.
Data saved at t = 2.9899 s
Elapsed time is 0.031509 seconds.
60000 / 300000 time steps completed. t = 2.999950 s
Elapsed time is 8.569932 seconds.
Data saved at t = 2.9999 s
Elapsed time is 0.030542 seconds.
Data saved at t = 3.0099 s
Elapsed time is 0.031956 seconds.
Data saved at t = 3.0199 s
Elapsed time is 0.031655 seconds.
Data saved at t = 3.0299 s
Elapsed time is 0.031164 seconds.
Data saved at t = 3.0399 s
Elapsed time is 0.031521 seconds.
Data saved at t = 3.0499 s
Elapsed time is 0.032416 seconds.
61200 / 300000 time steps completed. t = 3.059950 s
Elapsed time is 8.554682 seconds.
Data saved at t = 3.0599 s
Elapsed time is 0.034996 seconds.
Data saved at t = 3.0699 s
Elapsed time is 0.034198 seconds.
Data saved at t = 3.0799 s
Elapsed time is 0.036522 seconds.
Data saved at t = 3.0899 s
Elapsed time is 0.031650 seconds.
Data saved at t = 3.0999 s
Elapsed time is 0.030836 seconds.
Data saved at t = 3.1099 s
Elapsed time is 0.037749 seconds.
62400 / 300000 time steps completed. t = 3.119950 s
Elapsed time is 8.583103 seconds.
Data saved at t = 3.1199 s
Elapsed time is 0.031789 seconds.
Data saved at t = 3.1299 s
Elapsed time is 0.031676 seconds.
Data saved at t = 3.1399 s
Elapsed time is 0.031037 seconds.
Data saved at t = 3.1499 s
Elapsed time is 0.036723 seconds.
Data saved at t = 3.1599 s
Elapsed time is 0.031117 seconds.
Data saved at t = 3.1699 s
Elapsed time is 0.032487 seconds.
63600 / 300000 time steps completed. t = 3.179950 s
Elapsed time is 8.565966 seconds.
Data saved at t = 3.1799 s
Elapsed time is 0.030799 seconds.
Data saved at t = 3.1899 s
Elapsed time is 0.031200 seconds.
Data saved at t = 3.1999 s
Elapsed time is 0.035509 seconds.
Data saved at t = 3.2099 s
Elapsed time is 0.030914 seconds.
Data saved at t = 3.2199 s
Elapsed time is 0.031310 seconds.
Data saved at t = 3.2299 s
Elapsed time is 0.031827 seconds.
64800 / 300000 time steps completed. t = 3.239950 s
Elapsed time is 8.583185 seconds.
Data saved at t = 3.2399 s
Elapsed time is 0.031810 seconds.
Data saved at t = 3.2499 s
Elapsed time is 0.031031 seconds.
Data saved at t = 3.2599 s
Elapsed time is 0.030674 seconds.
Data saved at t = 3.2699 s
Elapsed time is 0.031494 seconds.
Data saved at t = 3.2799 s
Elapsed time is 0.042542 seconds.
Data saved at t = 3.2899 s
Elapsed time is 0.031624 seconds.
66000 / 300000 time steps completed. t = 3.299950 s
Elapsed time is 8.578745 seconds.
Data saved at t = 3.2999 s
Elapsed time is 0.036017 seconds.
Data saved at t = 3.3099 s
Elapsed time is 0.031355 seconds.
Data saved at t = 3.3199 s
Elapsed time is 0.030706 seconds.
Data saved at t = 3.3299 s
Elapsed time is 0.035617 seconds.
Data saved at t = 3.3399 s
Elapsed time is 0.076423 seconds.
Data saved at t = 3.3499 s
Elapsed time is 0.137651 seconds.
67200 / 300000 time steps completed. t = 3.359950 s
Elapsed time is 8.838044 seconds.
Data saved at t = 3.3599 s
Elapsed time is 0.031621 seconds.
Data saved at t = 3.3699 s
Elapsed time is 0.031658 seconds.
Data saved at t = 3.38 s
Elapsed time is 0.031969 seconds.
Data saved at t = 3.3899 s
Elapsed time is 0.030714 seconds.
Data saved at t = 3.3999 s
Elapsed time is 0.035391 seconds.
Data saved at t = 3.4099 s
Elapsed time is 0.031042 seconds.
68400 / 300000 time steps completed. t = 3.419950 s
Elapsed time is 8.664195 seconds.
Data saved at t = 3.4199 s
Elapsed time is 0.030896 seconds.
Data saved at t = 3.4299 s
Elapsed time is 0.032248 seconds.
Data saved at t = 3.4399 s
Elapsed time is 0.031439 seconds.
Data saved at t = 3.4499 s
Elapsed time is 0.030580 seconds.
Data saved at t = 3.4599 s
Elapsed time is 0.030924 seconds.
Data saved at t = 3.4699 s
Elapsed time is 0.031591 seconds.
69600 / 300000 time steps completed. t = 3.479950 s
Elapsed time is 8.673136 seconds.
Data saved at t = 3.4799 s
Elapsed time is 0.031639 seconds.
Data saved at t = 3.4899 s
Elapsed time is 0.031068 seconds.
Data saved at t = 3.4999 s
Elapsed time is 0.036368 seconds.
Data saved at t = 3.5099 s
Elapsed time is 0.031647 seconds.
Data saved at t = 3.5199 s
Elapsed time is 0.035409 seconds.
Data saved at t = 3.5299 s
Elapsed time is 0.032011 seconds.
70800 / 300000 time steps completed. t = 3.539950 s
Elapsed time is 8.645314 seconds.
Data saved at t = 3.5399 s
Elapsed time is 0.036219 seconds.
Data saved at t = 3.5499 s
Elapsed time is 0.031092 seconds.
Data saved at t = 3.5599 s
Elapsed time is 0.031805 seconds.
Data saved at t = 3.5699 s
Elapsed time is 0.031112 seconds.
Data saved at t = 3.5799 s
Elapsed time is 0.031576 seconds.
Data saved at t = 3.5899 s
Elapsed time is 0.030664 seconds.
72000 / 300000 time steps completed. t = 3.599950 s
Elapsed time is 8.693814 seconds.
Data saved at t = 3.5999 s
Elapsed time is 0.031517 seconds.
Data saved at t = 3.6099 s
Elapsed time is 0.030577 seconds.
Data saved at t = 3.6199 s
Elapsed time is 0.031667 seconds.
Data saved at t = 3.6299 s
Elapsed time is 0.032637 seconds.
Data saved at t = 3.6399 s
Elapsed time is 0.035728 seconds.
Data saved at t = 3.6499 s
Elapsed time is 0.030436 seconds.
73200 / 300000 time steps completed. t = 3.659950 s
Elapsed time is 8.663488 seconds.
Data saved at t = 3.6599 s
Elapsed time is 0.033753 seconds.
Data saved at t = 3.6699 s
Elapsed time is 0.030663 seconds.
Data saved at t = 3.6799 s
Elapsed time is 0.030726 seconds.
Data saved at t = 3.6899 s
Elapsed time is 0.031995 seconds.
Data saved at t = 3.6999 s
Elapsed time is 0.030900 seconds.
Data saved at t = 3.7099 s
Elapsed time is 0.035521 seconds.
74400 / 300000 time steps completed. t = 3.719950 s
Elapsed time is 8.693261 seconds.
Data saved at t = 3.7199 s
Elapsed time is 0.031537 seconds.
Data saved at t = 3.7299 s
Elapsed time is 0.031424 seconds.
Data saved at t = 3.7399 s
Elapsed time is 0.031330 seconds.
Data saved at t = 3.7499 s
Elapsed time is 0.032367 seconds.
Data saved at t = 3.7599 s
Elapsed time is 0.035024 seconds.
Data saved at t = 3.7699 s
Elapsed time is 0.031099 seconds.
75600 / 300000 time steps completed. t = 3.779950 s
Elapsed time is 8.673882 seconds.
Data saved at t = 3.7799 s
Elapsed time is 0.031284 seconds.
Data saved at t = 3.7899 s
Elapsed time is 0.035610 seconds.
Data saved at t = 3.7999 s
Elapsed time is 0.031631 seconds.
Data saved at t = 3.8099 s
Elapsed time is 0.031626 seconds.
Data saved at t = 3.8199 s
Elapsed time is 0.030883 seconds.
Data saved at t = 3.8299 s
Elapsed time is 0.031567 seconds.
76800 / 300000 time steps completed. t = 3.839950 s
Elapsed time is 8.685230 seconds.
Data saved at t = 3.8399 s
Elapsed time is 0.030662 seconds.
Data saved at t = 3.8499 s
Elapsed time is 0.031356 seconds.
Data saved at t = 3.8599 s
Elapsed time is 0.034788 seconds.
Data saved at t = 3.8699 s
Elapsed time is 0.032558 seconds.
Data saved at t = 3.8799 s
Elapsed time is 0.034462 seconds.
Data saved at t = 3.8899 s
Elapsed time is 0.031701 seconds.
78000 / 300000 time steps completed. t = 3.899950 s
Elapsed time is 8.683846 seconds.
Data saved at t = 3.8999 s
Elapsed time is 0.031286 seconds.
Data saved at t = 3.9099 s
Elapsed time is 0.031309 seconds.
Data saved at t = 3.9199 s
Elapsed time is 0.031532 seconds.
Data saved at t = 3.9299 s
Elapsed time is 0.036577 seconds.
Data saved at t = 3.9399 s
Elapsed time is 0.030548 seconds.
Data saved at t = 3.9499 s
Elapsed time is 0.031805 seconds.
79200 / 300000 time steps completed. t = 3.959950 s
Elapsed time is 8.692813 seconds.
Data saved at t = 3.9599 s
Elapsed time is 0.031750 seconds.
Data saved at t = 3.9699 s
Elapsed time is 0.031034 seconds.
Data saved at t = 3.9799 s
Elapsed time is 0.031499 seconds.
Data saved at t = 3.9899 s
Elapsed time is 0.031537 seconds.
Data saved at t = 3.9999 s
Elapsed time is 0.032856 seconds.
Data saved at t = 4.0099 s
Elapsed time is 0.035253 seconds.
80400 / 300000 time steps completed. t = 4.019950 s
Elapsed time is 8.680756 seconds.
Data saved at t = 4.0199 s
Elapsed time is 0.031194 seconds.
Data saved at t = 4.0299 s
Elapsed time is 0.031204 seconds.
Data saved at t = 4.0399 s
Elapsed time is 0.031313 seconds.
Data saved at t = 4.0499 s
Elapsed time is 0.031378 seconds.
Data saved at t = 4.0599 s
Elapsed time is 0.035172 seconds.
Data saved at t = 4.0699 s
Elapsed time is 0.031652 seconds.
81600 / 300000 time steps completed. t = 4.079950 s
Elapsed time is 8.696558 seconds.
Data saved at t = 4.0799 s
Elapsed time is 0.034673 seconds.
Data saved at t = 4.0899 s
Elapsed time is 0.031524 seconds.
Data saved at t = 4.0999 s
Elapsed time is 0.031085 seconds.
Data saved at t = 4.1099 s
Elapsed time is 0.032192 seconds.
Data saved at t = 4.1199 s
Elapsed time is 0.030951 seconds.
Data saved at t = 4.1299 s
Elapsed time is 0.031503 seconds.
82800 / 300000 time steps completed. t = 4.139950 s
Elapsed time is 8.728110 seconds.
Data saved at t = 4.1399 s
Elapsed time is 0.031182 seconds.
Data saved at t = 4.1499 s
Elapsed time is 0.036475 seconds.
Data saved at t = 4.1599 s
Elapsed time is 0.030968 seconds.
Data saved at t = 4.1699 s
Elapsed time is 0.031443 seconds.
Data saved at t = 4.1799 s
Elapsed time is 0.031500 seconds.
Data saved at t = 4.1899 s
Elapsed time is 0.030708 seconds.
84000 / 300000 time steps completed. t = 4.199950 s
Elapsed time is 8.704049 seconds.
Data saved at t = 4.1999 s
Elapsed time is 0.036186 seconds.
Data saved at t = 4.2099 s
Elapsed time is 0.032048 seconds.
Data saved at t = 4.2199 s
Elapsed time is 0.031501 seconds.
Data saved at t = 4.2299 s
Elapsed time is 0.034601 seconds.
Data saved at t = 4.2399 s
Elapsed time is 0.030992 seconds.
Data saved at t = 4.2499 s
Elapsed time is 0.033987 seconds.
85200 / 300000 time steps completed. t = 4.259950 s
Elapsed time is 8.709062 seconds.
Data saved at t = 4.2599 s
Elapsed time is 0.030950 seconds.
Data saved at t = 4.2699 s
Elapsed time is 0.030859 seconds.
Data saved at t = 4.2799 s
Elapsed time is 0.031976 seconds.
Data saved at t = 4.2899 s
Elapsed time is 0.030935 seconds.
Data saved at t = 4.2999 s
Elapsed time is 0.035631 seconds.
Data saved at t = 4.3099 s
Elapsed time is 0.031260 seconds.
86400 / 300000 time steps completed. t = 4.319950 s
Elapsed time is 8.719276 seconds.
Data saved at t = 4.3199 s
Elapsed time is 0.031980 seconds.
Data saved at t = 4.3299 s
Elapsed time is 0.031120 seconds.
Data saved at t = 4.3399 s
Elapsed time is 0.031104 seconds.
Data saved at t = 4.3499 s
Elapsed time is 0.035731 seconds.
Data saved at t = 4.3599 s
Elapsed time is 0.031555 seconds.
Data saved at t = 4.3699 s
Elapsed time is 0.031494 seconds.
87600 / 300000 time steps completed. t = 4.379950 s
Elapsed time is 8.557566 seconds.
Data saved at t = 4.3799 s
Elapsed time is 0.029336 seconds.
Data saved at t = 4.3899 s
Elapsed time is 0.028822 seconds.
Data saved at t = 4.3999 s
Elapsed time is 0.028724 seconds.
Data saved at t = 4.4099 s
Elapsed time is 0.028939 seconds.
Data saved at t = 4.4199 s
Elapsed time is 0.036346 seconds.
Data saved at t = 4.4299 s
Elapsed time is 0.031204 seconds.
88800 / 300000 time steps completed. t = 4.439950 s
Elapsed time is 8.732656 seconds.
Data saved at t = 4.4399 s
Elapsed time is 0.031707 seconds.
Data saved at t = 4.4499 s
Elapsed time is 0.031839 seconds.
Data saved at t = 4.4599 s
Elapsed time is 0.031571 seconds.
Data saved at t = 4.4699 s
Elapsed time is 0.034693 seconds.
Data saved at t = 4.4799 s
Elapsed time is 0.031489 seconds.
Data saved at t = 4.4899 s
Elapsed time is 0.030995 seconds.
90000 / 300000 time steps completed. t = 4.499950 s
Elapsed time is 8.725978 seconds.
Data saved at t = 4.4999 s
Elapsed time is 0.031068 seconds.
Data saved at t = 4.5099 s
Elapsed time is 0.031579 seconds.
Data saved at t = 4.5199 s
Elapsed time is 0.031259 seconds.
Data saved at t = 4.5299 s
Elapsed time is 0.031482 seconds.
Data saved at t = 4.5399 s
Elapsed time is 0.035098 seconds.
Data saved at t = 4.5499 s
Elapsed time is 0.030837 seconds.
91200 / 300000 time steps completed. t = 4.559950 s
Elapsed time is 8.718199 seconds.
Data saved at t = 4.5599 s
Elapsed time is 0.031513 seconds.
Data saved at t = 4.5699 s
Elapsed time is 0.035243 seconds.
Data saved at t = 4.5799 s
Elapsed time is 0.029952 seconds.
Data saved at t = 4.5899 s
Elapsed time is 0.040792 seconds.
Data saved at t = 4.5999 s
Elapsed time is 0.031768 seconds.
Data saved at t = 4.6099 s
Elapsed time is 0.031843 seconds.
92400 / 300000 time steps completed. t = 4.619950 s
Elapsed time is 8.748488 seconds.
Data saved at t = 4.6199 s
Elapsed time is 0.034719 seconds.
Data saved at t = 4.6299 s
Elapsed time is 0.031002 seconds.
Data saved at t = 4.6399 s
Elapsed time is 0.031526 seconds.
Data saved at t = 4.6499 s
Elapsed time is 0.033493 seconds.
Data saved at t = 4.6599 s
Elapsed time is 0.034940 seconds.
Data saved at t = 4.6699 s
Elapsed time is 0.031765 seconds.
93600 / 300000 time steps completed. t = 4.679950 s
Elapsed time is 8.741723 seconds.
Data saved at t = 4.6799 s
Elapsed time is 0.032214 seconds.
Data saved at t = 4.6899 s
Elapsed time is 0.030843 seconds.
Data saved at t = 4.6999 s
Elapsed time is 0.031562 seconds.
Data saved at t = 4.71 s
Elapsed time is 0.031605 seconds.
Data saved at t = 4.7199 s
Elapsed time is 0.031085 seconds.
Data saved at t = 4.7299 s
Elapsed time is 0.031530 seconds.
94800 / 300000 time steps completed. t = 4.739950 s
Elapsed time is 8.712421 seconds.
Data saved at t = 4.7399 s
Elapsed time is 0.034987 seconds.
Data saved at t = 4.7499 s
Elapsed time is 0.031391 seconds.
Data saved at t = 4.7599 s
Elapsed time is 0.036010 seconds.
Data saved at t = 4.7699 s
Elapsed time is 0.030313 seconds.
Data saved at t = 4.7799 s
Elapsed time is 0.034662 seconds.
Data saved at t = 4.7899 s
Elapsed time is 0.030925 seconds.
96000 / 300000 time steps completed. t = 4.799950 s
Elapsed time is 8.734088 seconds.
Data saved at t = 4.7999 s
Elapsed time is 0.031277 seconds.
Data saved at t = 4.8099 s
Elapsed time is 0.034716 seconds.
Data saved at t = 4.8199 s
Elapsed time is 0.030875 seconds.
Data saved at t = 4.8299 s
Elapsed time is 0.032065 seconds.
Data saved at t = 4.8399 s
Elapsed time is 0.031315 seconds.
Data saved at t = 4.8499 s
Elapsed time is 0.030933 seconds.
97200 / 300000 time steps completed. t = 4.859950 s
Elapsed time is 8.734296 seconds.
Data saved at t = 4.8599 s
Elapsed time is 0.030779 seconds.
Data saved at t = 4.8699 s
Elapsed time is 0.031301 seconds.
Data saved at t = 4.8799 s
Elapsed time is 0.030843 seconds.
Data saved at t = 4.8899 s
Elapsed time is 0.031780 seconds.
Data saved at t = 4.8999 s
Elapsed time is 0.031638 seconds.
Data saved at t = 4.9099 s
Elapsed time is 0.031084 seconds.
98400 / 300000 time steps completed. t = 4.919950 s
Elapsed time is 8.735424 seconds.
Data saved at t = 4.9199 s
Elapsed time is 0.031908 seconds.
Data saved at t = 4.9299 s
Elapsed time is 0.031108 seconds.
Data saved at t = 4.9399 s
Elapsed time is 0.031215 seconds.
Data saved at t = 4.9499 s
Elapsed time is 0.035111 seconds.
Data saved at t = 4.9599 s
Elapsed time is 0.031225 seconds.
Data saved at t = 4.9699 s
Elapsed time is 0.030901 seconds.
99600 / 300000 time steps completed. t = 4.979950 s
Elapsed time is 8.764503 seconds.
Data saved at t = 4.9799 s
Elapsed time is 0.034520 seconds.
Data saved at t = 4.9899 s
Elapsed time is 0.030838 seconds.
Data saved at t = 4.9999 s
Elapsed time is 0.035122 seconds.
Data saved at t = 5.0099 s
Elapsed time is 0.031138 seconds.
Data saved at t = 5.0199 s
Elapsed time is 0.032396 seconds.
Data saved at t = 5.0299 s
Elapsed time is 0.034934 seconds.
100800 / 300000 time steps completed. t = 5.039950 s
Elapsed time is 8.738575 seconds.
Data saved at t = 5.0399 s
Elapsed time is 0.030521 seconds.
Data saved at t = 5.0499 s
Elapsed time is 0.030577 seconds.
Data saved at t = 5.0599 s
Elapsed time is 0.031604 seconds.
Data saved at t = 5.0699 s
Elapsed time is 0.031747 seconds.
Data saved at t = 5.0799 s
Elapsed time is 0.034049 seconds.
Data saved at t = 5.0899 s
Elapsed time is 0.031316 seconds.
102000 / 300000 time steps completed. t = 5.099950 s
Elapsed time is 8.746980 seconds.
Data saved at t = 5.0999 s
Elapsed time is 0.035721 seconds.
Data saved at t = 5.1099 s
Elapsed time is 0.031108 seconds.
Data saved at t = 5.1199 s
Elapsed time is 0.120073 seconds.
Data saved at t = 5.1299 s
Elapsed time is 0.034346 seconds.
Data saved at t = 5.1399 s
Elapsed time is 0.031600 seconds.
Data saved at t = 5.1499 s
Elapsed time is 0.034861 seconds.
103200 / 300000 time steps completed. t = 5.159950 s
Elapsed time is 8.727028 seconds.
Data saved at t = 5.1599 s
Elapsed time is 0.031574 seconds.
Data saved at t = 5.1699 s
Elapsed time is 0.051912 seconds.
Data saved at t = 5.1799 s
Elapsed time is 0.030911 seconds.
Data saved at t = 5.1899 s
Elapsed time is 0.031310 seconds.
Data saved at t = 5.1999 s
Elapsed time is 0.031811 seconds.
Data saved at t = 5.2099 s
Elapsed time is 0.031741 seconds.
104400 / 300000 time steps completed. t = 5.219950 s
Elapsed time is 8.744073 seconds.
Data saved at t = 5.2199 s
Elapsed time is 0.035771 seconds.
Data saved at t = 5.2299 s
Elapsed time is 0.031090 seconds.
Data saved at t = 5.2399 s
Elapsed time is 0.036563 seconds.
Data saved at t = 5.2499 s
Elapsed time is 0.030570 seconds.
Data saved at t = 5.2599 s
Elapsed time is 0.031131 seconds.
Data saved at t = 5.2699 s
Elapsed time is 0.037136 seconds.
105600 / 300000 time steps completed. t = 5.279950 s
Elapsed time is 8.767335 seconds.
Data saved at t = 5.2799 s
Elapsed time is 0.030903 seconds.
Data saved at t = 5.2899 s
Elapsed time is 0.031018 seconds.
Data saved at t = 5.2999 s
Elapsed time is 0.031804 seconds.
Data saved at t = 5.3099 s
Elapsed time is 0.031001 seconds.
Data saved at t = 5.3199 s
Elapsed time is 0.031246 seconds.
Data saved at t = 5.3299 s
Elapsed time is 0.032405 seconds.
106800 / 300000 time steps completed. t = 5.339950 s
Elapsed time is 8.753617 seconds.
Data saved at t = 5.3399 s
Elapsed time is 0.031045 seconds.
Data saved at t = 5.3499 s
Elapsed time is 0.031591 seconds.
Data saved at t = 5.3599 s
Elapsed time is 0.031295 seconds.
Data saved at t = 5.3699 s
Elapsed time is 0.035915 seconds.
Data saved at t = 5.3799 s
Elapsed time is 0.031619 seconds.
Data saved at t = 5.3899 s
Elapsed time is 0.035252 seconds.
108000 / 300000 time steps completed. t = 5.399950 s
Elapsed time is 8.720668 seconds.
Data saved at t = 5.3999 s
Elapsed time is 0.030827 seconds.
Data saved at t = 5.4099 s
Elapsed time is 0.030557 seconds.
Data saved at t = 5.4199 s
Elapsed time is 0.031222 seconds.
Data saved at t = 5.4299 s
Elapsed time is 0.031328 seconds.
Data saved at t = 5.4399 s
Elapsed time is 0.031348 seconds.
Data saved at t = 5.4499 s
Elapsed time is 0.031417 seconds.
109200 / 300000 time steps completed. t = 5.459950 s
Elapsed time is 8.699403 seconds.
Data saved at t = 5.4599 s
Elapsed time is 0.031261 seconds.
Data saved at t = 5.4699 s
Elapsed time is 0.030583 seconds.
Data saved at t = 5.4799 s
Elapsed time is 0.031525 seconds.
Data saved at t = 5.4899 s
Elapsed time is 0.031555 seconds.
Data saved at t = 5.5 s
Elapsed time is 0.035774 seconds.
Data saved at t = 5.5099 s
Elapsed time is 0.031057 seconds.
110400 / 300000 time steps completed. t = 5.519950 s
Elapsed time is 8.709387 seconds.
Data saved at t = 5.5199 s
Elapsed time is 0.031313 seconds.
Data saved at t = 5.5299 s
Elapsed time is 0.031192 seconds.
Data saved at t = 5.5399 s
Elapsed time is 0.032262 seconds.
Data saved at t = 5.5499 s
Elapsed time is 0.031637 seconds.
Data saved at t = 5.5599 s
Elapsed time is 0.040210 seconds.
Data saved at t = 5.5699 s
Elapsed time is 0.034205 seconds.
111600 / 300000 time steps completed. t = 5.579950 s
Elapsed time is 8.738208 seconds.
Data saved at t = 5.5799 s
Elapsed time is 0.031784 seconds.
Data saved at t = 5.5899 s
Elapsed time is 0.031197 seconds.
Data saved at t = 5.5999 s
Elapsed time is 0.031243 seconds.
Data saved at t = 5.6099 s
Elapsed time is 0.032034 seconds.
Data saved at t = 5.6199 s
Elapsed time is 0.032293 seconds.
Data saved at t = 5.63 s
Elapsed time is 0.035223 seconds.
112800 / 300000 time steps completed. t = 5.639950 s
Elapsed time is 8.717581 seconds.
Data saved at t = 5.6399 s
Elapsed time is 0.031279 seconds.
Data saved at t = 5.6499 s
Elapsed time is 0.032605 seconds.
Data saved at t = 5.6599 s
Elapsed time is 0.036151 seconds.
Data saved at t = 5.67 s
Elapsed time is 0.030798 seconds.
Data saved at t = 5.6799 s
Elapsed time is 0.030981 seconds.
Data saved at t = 5.6899 s
Elapsed time is 0.032641 seconds.
114000 / 300000 time steps completed. t = 5.699950 s
Elapsed time is 8.715028 seconds.
Data saved at t = 5.6999 s
Elapsed time is 0.030686 seconds.
Data saved at t = 5.7099 s
Elapsed time is 0.031411 seconds.
Data saved at t = 5.7199 s
Elapsed time is 0.030785 seconds.
Data saved at t = 5.7299 s
Elapsed time is 0.031393 seconds.
Data saved at t = 5.7399 s
Elapsed time is 0.032713 seconds.
Data saved at t = 5.7499 s
Elapsed time is 0.030698 seconds.
115200 / 300000 time steps completed. t = 5.759950 s
Elapsed time is 8.728347 seconds.
Data saved at t = 5.7599 s
Elapsed time is 0.031577 seconds.
Data saved at t = 5.7699 s
Elapsed time is 0.031198 seconds.
Data saved at t = 5.7799 s
Elapsed time is 0.035397 seconds.
Data saved at t = 5.7899 s
Elapsed time is 0.030909 seconds.
Data saved at t = 5.7999 s
Elapsed time is 0.036345 seconds.
Data saved at t = 5.8099 s
Elapsed time is 0.031810 seconds.
116400 / 300000 time steps completed. t = 5.819950 s
Elapsed time is 8.724471 seconds.
Data saved at t = 5.8199 s
Elapsed time is 0.031260 seconds.
Data saved at t = 5.8299 s
Elapsed time is 0.031092 seconds.
Data saved at t = 5.8399 s
Elapsed time is 0.031384 seconds.
Data saved at t = 5.8499 s
Elapsed time is 0.035781 seconds.
Data saved at t = 5.8599 s
Elapsed time is 0.030830 seconds.
Data saved at t = 5.8699 s
Elapsed time is 0.031232 seconds.
117600 / 300000 time steps completed. t = 5.879950 s
Elapsed time is 8.721953 seconds.
Data saved at t = 5.8799 s
Elapsed time is 0.031345 seconds.
Data saved at t = 5.8899 s
Elapsed time is 0.030590 seconds.
Data saved at t = 5.8999 s
Elapsed time is 0.034889 seconds.
Data saved at t = 5.9099 s
Elapsed time is 0.031202 seconds.
Data saved at t = 5.9199 s
Elapsed time is 0.031212 seconds.
Data saved at t = 5.9299 s
Elapsed time is 0.035711 seconds.
118800 / 300000 time steps completed. t = 5.939950 s
Elapsed time is 8.714485 seconds.
Data saved at t = 5.9399 s
Elapsed time is 0.030919 seconds.
Data saved at t = 5.9499 s
Elapsed time is 0.034325 seconds.
Data saved at t = 5.9599 s
Elapsed time is 0.030801 seconds.
Data saved at t = 5.9699 s
Elapsed time is 0.031940 seconds.
Data saved at t = 5.9799 s
Elapsed time is 0.033991 seconds.
Data saved at t = 5.9899 s
Elapsed time is 0.031238 seconds.
120000 / 300000 time steps completed. t = 5.999950 s
Elapsed time is 8.723335 seconds.
Data saved at t = 5.9999 s
Elapsed time is 0.035137 seconds.
Data saved at t = 6.0099 s
Elapsed time is 0.032177 seconds.
Data saved at t = 6.0199 s
Elapsed time is 0.031071 seconds.
Data saved at t = 6.0299 s
Elapsed time is 0.043145 seconds.
Data saved at t = 6.0399 s
Elapsed time is 0.031283 seconds.
Data saved at t = 6.0499 s
Elapsed time is 0.031158 seconds.
121200 / 300000 time steps completed. t = 6.059950 s
Elapsed time is 8.729441 seconds.
Data saved at t = 6.0599 s
Elapsed time is 0.045867 seconds.
Data saved at t = 6.0699 s
Elapsed time is 0.031242 seconds.
Data saved at t = 6.0799 s
Elapsed time is 0.032266 seconds.
Data saved at t = 6.0899 s
Elapsed time is 0.032064 seconds.
Data saved at t = 6.0999 s
Elapsed time is 0.031267 seconds.
Data saved at t = 6.1099 s
Elapsed time is 0.031606 seconds.
122400 / 300000 time steps completed. t = 6.119950 s
Elapsed time is 8.737444 seconds.
Data saved at t = 6.1199 s
Elapsed time is 0.034794 seconds.
Data saved at t = 6.1299 s
Elapsed time is 0.032016 seconds.
Data saved at t = 6.1399 s
Elapsed time is 0.031037 seconds.
Data saved at t = 6.1499 s
Elapsed time is 0.035030 seconds.
Data saved at t = 6.1599 s
Elapsed time is 0.030998 seconds.
Data saved at t = 6.1699 s
Elapsed time is 0.031090 seconds.
123600 / 300000 time steps completed. t = 6.179950 s
Elapsed time is 8.712357 seconds.
Data saved at t = 6.1799 s
Elapsed time is 0.031298 seconds.
Data saved at t = 6.1899 s
Elapsed time is 0.030932 seconds.
Data saved at t = 6.1999 s
Elapsed time is 0.030681 seconds.
Data saved at t = 6.2099 s
Elapsed time is 0.031080 seconds.
Data saved at t = 6.2199 s
Elapsed time is 0.037406 seconds.
Data saved at t = 6.2299 s
Elapsed time is 0.039104 seconds.
124800 / 300000 time steps completed. t = 6.239950 s
Elapsed time is 8.723498 seconds.
Data saved at t = 6.2399 s
Elapsed time is 0.030688 seconds.
Data saved at t = 6.25 s
Elapsed time is 0.031605 seconds.
Data saved at t = 6.2599 s
Elapsed time is 0.032535 seconds.
Data saved at t = 6.2699 s
Elapsed time is 0.035618 seconds.
Data saved at t = 6.2799 s
Elapsed time is 0.031186 seconds.
Data saved at t = 6.2899 s
Elapsed time is 0.035998 seconds.
126000 / 300000 time steps completed. t = 6.299950 s
Elapsed time is 8.719395 seconds.
Data saved at t = 6.2999 s
Elapsed time is 0.030177 seconds.
Data saved at t = 6.3099 s
Elapsed time is 0.031168 seconds.
Data saved at t = 6.3199 s
Elapsed time is 0.035142 seconds.
Data saved at t = 6.3299 s
Elapsed time is 0.030765 seconds.
Data saved at t = 6.3399 s
Elapsed time is 0.031550 seconds.
Data saved at t = 6.3499 s
Elapsed time is 0.031884 seconds.
127200 / 300000 time steps completed. t = 6.359950 s
Elapsed time is 8.695318 seconds.
Data saved at t = 6.3599 s
Elapsed time is 0.031163 seconds.
Data saved at t = 6.3699 s
Elapsed time is 0.031893 seconds.
Data saved at t = 6.38 s
Elapsed time is 0.030650 seconds.
Data saved at t = 6.3899 s
Elapsed time is 0.031205 seconds.
Data saved at t = 6.3999 s
Elapsed time is 0.032230 seconds.
Data saved at t = 6.4099 s
Elapsed time is 0.033787 seconds.
128400 / 300000 time steps completed. t = 6.419950 s
Elapsed time is 8.718071 seconds.
Data saved at t = 6.4199 s
Elapsed time is 0.030910 seconds.
Data saved at t = 6.4299 s
Elapsed time is 0.073971 seconds.
Data saved at t = 6.4399 s
Elapsed time is 0.032601 seconds.
Data saved at t = 6.4499 s
Elapsed time is 0.030703 seconds.
Data saved at t = 6.4599 s
Elapsed time is 0.040026 seconds.
Data saved at t = 6.4699 s
Elapsed time is 0.030744 seconds.
129600 / 300000 time steps completed. t = 6.479950 s
Elapsed time is 8.725522 seconds.
Data saved at t = 6.4799 s
Elapsed time is 0.032026 seconds.
Data saved at t = 6.4899 s
Elapsed time is 0.034417 seconds.
Data saved at t = 6.4999 s
Elapsed time is 0.031227 seconds.
Data saved at t = 6.5099 s
Elapsed time is 0.034251 seconds.
Data saved at t = 6.5199 s
Elapsed time is 0.030745 seconds.
Data saved at t = 6.5299 s
Elapsed time is 0.030946 seconds.
130800 / 300000 time steps completed. t = 6.539950 s
Elapsed time is 8.714571 seconds.
Data saved at t = 6.5399 s
Elapsed time is 0.030838 seconds.
Data saved at t = 6.5499 s
Elapsed time is 0.031196 seconds.
Data saved at t = 6.5599 s
Elapsed time is 0.031007 seconds.
Data saved at t = 6.5699 s
Elapsed time is 0.030593 seconds.
Data saved at t = 6.5799 s
Elapsed time is 0.035533 seconds.
Data saved at t = 6.5899 s
Elapsed time is 0.030785 seconds.
132000 / 300000 time steps completed. t = 6.599950 s
Elapsed time is 8.727391 seconds.
Data saved at t = 6.5999 s
Elapsed time is 0.030640 seconds.
Data saved at t = 6.6099 s
Elapsed time is 0.035943 seconds.
Data saved at t = 6.6199 s
Elapsed time is 0.030969 seconds.
Data saved at t = 6.6299 s
Elapsed time is 0.035176 seconds.
Data saved at t = 6.6399 s
Elapsed time is 0.030929 seconds.
Data saved at t = 6.6499 s
Elapsed time is 0.030617 seconds.
133200 / 300000 time steps completed. t = 6.659950 s
Elapsed time is 8.706910 seconds.
Data saved at t = 6.6599 s
Elapsed time is 0.031140 seconds.
Data saved at t = 6.6699 s
Elapsed time is 0.030488 seconds.
Data saved at t = 6.6799 s
Elapsed time is 0.036219 seconds.
Data saved at t = 6.6899 s
Elapsed time is 0.031616 seconds.
Data saved at t = 6.6999 s
Elapsed time is 0.030417 seconds.
Data saved at t = 6.7099 s
Elapsed time is 0.031491 seconds.
134400 / 300000 time steps completed. t = 6.719950 s
Elapsed time is 8.670826 seconds.
Data saved at t = 6.7199 s
Elapsed time is 0.030469 seconds.
Data saved at t = 6.7299 s
Elapsed time is 0.035407 seconds.
Data saved at t = 6.7399 s
Elapsed time is 0.030916 seconds.
Data saved at t = 6.7499 s
Elapsed time is 0.030471 seconds.
Data saved at t = 6.7599 s
Elapsed time is 0.030668 seconds.
Data saved at t = 6.7699 s
Elapsed time is 0.031483 seconds.
135600 / 300000 time steps completed. t = 6.779950 s
Elapsed time is 8.663919 seconds.
Data saved at t = 6.7799 s
Elapsed time is 0.031542 seconds.
Data saved at t = 6.7899 s
Elapsed time is 0.031750 seconds.
Data saved at t = 6.7999 s
Elapsed time is 0.031718 seconds.
Data saved at t = 6.8099 s
Elapsed time is 0.031253 seconds.
Data saved at t = 6.8199 s
Elapsed time is 0.030752 seconds.
Data saved at t = 6.8299 s
Elapsed time is 0.030894 seconds.
136800 / 300000 time steps completed. t = 6.839950 s
Elapsed time is 8.669270 seconds.
Data saved at t = 6.8399 s
Elapsed time is 0.030868 seconds.
Data saved at t = 6.8499 s
Elapsed time is 0.031332 seconds.
Data saved at t = 6.8599 s
Elapsed time is 0.031219 seconds.
Data saved at t = 6.8699 s
Elapsed time is 0.031713 seconds.
Data saved at t = 6.8799 s
Elapsed time is 0.033789 seconds.
Data saved at t = 6.8899 s
Elapsed time is 0.031743 seconds.
138000 / 300000 time steps completed. t = 6.899950 s
Elapsed time is 8.679722 seconds.
Data saved at t = 6.8999 s
Elapsed time is 0.033752 seconds.
Data saved at t = 6.9099 s
Elapsed time is 0.031477 seconds.
Data saved at t = 6.9199 s
Elapsed time is 0.031566 seconds.
Data saved at t = 6.9299 s
Elapsed time is 0.030176 seconds.
Data saved at t = 6.9399 s
Elapsed time is 0.031325 seconds.
Data saved at t = 6.9499 s
Elapsed time is 0.033889 seconds.
139200 / 300000 time steps completed. t = 6.959950 s
Elapsed time is 8.696918 seconds.
Data saved at t = 6.9599 s
Elapsed time is 0.030645 seconds.
Data saved at t = 6.9699 s
Elapsed time is 0.031011 seconds.
Data saved at t = 6.9799 s
Elapsed time is 0.031589 seconds.
Data saved at t = 6.9899 s
Elapsed time is 0.032640 seconds.
Data saved at t = 6.9999 s
Elapsed time is 0.030877 seconds.
Data saved at t = 7.0099 s
Elapsed time is 0.031263 seconds.
140400 / 300000 time steps completed. t = 7.019950 s
Elapsed time is 8.662998 seconds.
Data saved at t = 7.0199 s
Elapsed time is 0.039663 seconds.
Data saved at t = 7.0299 s
Elapsed time is 0.031102 seconds.
Data saved at t = 7.0399 s
Elapsed time is 0.031460 seconds.
Data saved at t = 7.0499 s
Elapsed time is 0.033471 seconds.
Data saved at t = 7.0599 s
Elapsed time is 0.031081 seconds.
Data saved at t = 7.0699 s
Elapsed time is 0.031112 seconds.
141600 / 300000 time steps completed. t = 7.079950 s
Elapsed time is 8.725083 seconds.
Data saved at t = 7.0799 s
Elapsed time is 0.030401 seconds.
Data saved at t = 7.0899 s
Elapsed time is 0.031223 seconds.
Data saved at t = 7.0999 s
Elapsed time is 0.030735 seconds.
Data saved at t = 7.1099 s
Elapsed time is 0.031327 seconds.
Data saved at t = 7.1199 s
Elapsed time is 0.039717 seconds.
Data saved at t = 7.1299 s
Elapsed time is 0.030542 seconds.
142800 / 300000 time steps completed. t = 7.139950 s
Elapsed time is 8.616244 seconds.
Data saved at t = 7.1399 s
Elapsed time is 0.033991 seconds.
Data saved at t = 7.1499 s
Elapsed time is 0.030522 seconds.
Data saved at t = 7.1599 s
Elapsed time is 0.032668 seconds.
Data saved at t = 7.1699 s
Elapsed time is 0.034946 seconds.
Data saved at t = 7.1799 s
Elapsed time is 0.030349 seconds.
Data saved at t = 7.1899 s
Elapsed time is 0.030408 seconds.
144000 / 300000 time steps completed. t = 7.199950 s
Elapsed time is 8.610427 seconds.
Data saved at t = 7.1999 s
Elapsed time is 0.031016 seconds.
Data saved at t = 7.2099 s
Elapsed time is 0.040192 seconds.
Data saved at t = 7.2199 s
Elapsed time is 0.033506 seconds.
Data saved at t = 7.2299 s
Elapsed time is 0.030805 seconds.
Data saved at t = 7.2399 s
Elapsed time is 0.030687 seconds.
Data saved at t = 7.2499 s
Elapsed time is 0.030750 seconds.
145200 / 300000 time steps completed. t = 7.259950 s
Elapsed time is 8.677851 seconds.
Data saved at t = 7.2599 s
Elapsed time is 0.030905 seconds.
Data saved at t = 7.2699 s
Elapsed time is 0.030440 seconds.
Data saved at t = 7.2799 s
Elapsed time is 0.031225 seconds.
Data saved at t = 7.2899 s
Elapsed time is 0.034296 seconds.
Data saved at t = 7.2999 s
Elapsed time is 0.030886 seconds.
Data saved at t = 7.3099 s
Elapsed time is 0.031072 seconds.
146400 / 300000 time steps completed. t = 7.319950 s
Elapsed time is 8.668823 seconds.
Data saved at t = 7.3199 s
Elapsed time is 0.030478 seconds.
Data saved at t = 7.3299 s
Elapsed time is 0.032332 seconds.
Data saved at t = 7.3399 s
Elapsed time is 0.034237 seconds.
Data saved at t = 7.3499 s
Elapsed time is 0.031012 seconds.
Data saved at t = 7.3599 s
Elapsed time is 0.031664 seconds.
Data saved at t = 7.3699 s
Elapsed time is 0.031482 seconds.
147600 / 300000 time steps completed. t = 7.379950 s
Elapsed time is 8.676819 seconds.
Data saved at t = 7.3799 s
Elapsed time is 0.034209 seconds.
Data saved at t = 7.3899 s
Elapsed time is 0.034459 seconds.
Data saved at t = 7.3999 s
Elapsed time is 0.031666 seconds.
Data saved at t = 7.4099 s
Elapsed time is 0.030600 seconds.
Data saved at t = 7.4199 s
Elapsed time is 0.032442 seconds.
Data saved at t = 7.4299 s
Elapsed time is 0.031280 seconds.
148800 / 300000 time steps completed. t = 7.439950 s
Elapsed time is 8.672399 seconds.
Data saved at t = 7.4399 s
Elapsed time is 0.030930 seconds.
Data saved at t = 7.4499 s
Elapsed time is 0.030945 seconds.
Data saved at t = 7.4599 s
Elapsed time is 0.035008 seconds.
Data saved at t = 7.4699 s
Elapsed time is 0.031781 seconds.
Data saved at t = 7.4799 s
Elapsed time is 0.030507 seconds.
Data saved at t = 7.4899 s
Elapsed time is 0.037250 seconds.
150000 / 300000 time steps completed. t = 7.499950 s
Elapsed time is 8.688578 seconds.
Data saved at t = 7.4999 s
Elapsed time is 0.030475 seconds.
Data saved at t = 7.5099 s
Elapsed time is 0.034235 seconds.
Data saved at t = 7.5199 s
Elapsed time is 0.031188 seconds.
Data saved at t = 7.5299 s
Elapsed time is 0.034922 seconds.
Data saved at t = 7.5399 s
Elapsed time is 0.030999 seconds.
Data saved at t = 7.5499 s
Elapsed time is 0.030131 seconds.
151200 / 300000 time steps completed. t = 7.559950 s
Elapsed time is 8.678873 seconds.
Data saved at t = 7.5599 s
Elapsed time is 0.034543 seconds.
Data saved at t = 7.5699 s
Elapsed time is 0.030363 seconds.
Data saved at t = 7.5799 s
Elapsed time is 0.036431 seconds.
Data saved at t = 7.5899 s
Elapsed time is 0.031150 seconds.
Data saved at t = 7.5999 s
Elapsed time is 0.030786 seconds.
Data saved at t = 7.6099 s
Elapsed time is 0.035650 seconds.
152400 / 300000 time steps completed. t = 7.619950 s
Elapsed time is 8.686603 seconds.
Data saved at t = 7.6199 s
Elapsed time is 0.031128 seconds.
Data saved at t = 7.6299 s
Elapsed time is 0.035218 seconds.
Data saved at t = 7.6399 s
Elapsed time is 0.030922 seconds.
Data saved at t = 7.6499 s
Elapsed time is 0.033198 seconds.
Data saved at t = 7.6599 s
Elapsed time is 0.034219 seconds.
Data saved at t = 7.6699 s
Elapsed time is 0.030429 seconds.
153600 / 300000 time steps completed. t = 7.679950 s
Elapsed time is 8.680873 seconds.
Data saved at t = 7.6799 s
Elapsed time is 0.034714 seconds.
Data saved at t = 7.6899 s
Elapsed time is 0.030247 seconds.
Data saved at t = 7.6999 s
Elapsed time is 0.030442 seconds.
Data saved at t = 7.7099 s
Elapsed time is 0.030632 seconds.
Data saved at t = 7.7199 s
Elapsed time is 0.030866 seconds.
Data saved at t = 7.7299 s
Elapsed time is 0.030833 seconds.
154800 / 300000 time steps completed. t = 7.739950 s
Elapsed time is 8.665041 seconds.
Data saved at t = 7.7399 s
Elapsed time is 0.031593 seconds.
Data saved at t = 7.7499 s
Elapsed time is 0.036295 seconds.
Data saved at t = 7.7599 s
Elapsed time is 0.031111 seconds.
Data saved at t = 7.7699 s
Elapsed time is 0.030648 seconds.
Data saved at t = 7.7799 s
Elapsed time is 0.034405 seconds.
Data saved at t = 7.7899 s
Elapsed time is 0.032394 seconds.
156000 / 300000 time steps completed. t = 7.799950 s
Elapsed time is 8.741527 seconds.
Data saved at t = 7.7999 s
Elapsed time is 0.035211 seconds.
Data saved at t = 7.8099 s
Elapsed time is 0.031071 seconds.
Data saved at t = 7.8199 s
Elapsed time is 0.030865 seconds.
Data saved at t = 7.8299 s
Elapsed time is 0.031702 seconds.
Data saved at t = 7.8399 s
Elapsed time is 0.030472 seconds.
Data saved at t = 7.8499 s
Elapsed time is 0.030909 seconds.
157200 / 300000 time steps completed. t = 7.859950 s
Elapsed time is 8.729921 seconds.
Data saved at t = 7.8599 s
Elapsed time is 0.031289 seconds.
Data saved at t = 7.8699 s
Elapsed time is 0.030865 seconds.
Data saved at t = 7.8799 s
Elapsed time is 0.034632 seconds.
Data saved at t = 7.8899 s
Elapsed time is 0.031040 seconds.
Data saved at t = 7.8999 s
Elapsed time is 0.034923 seconds.
Data saved at t = 7.9099 s
Elapsed time is 0.032971 seconds.
158400 / 300000 time steps completed. t = 7.919950 s
Elapsed time is 8.752934 seconds.
Data saved at t = 7.9199 s
Elapsed time is 0.033872 seconds.
Data saved at t = 7.9299 s
Elapsed time is 0.035465 seconds.
Data saved at t = 7.9399 s
Elapsed time is 0.031345 seconds.
Data saved at t = 7.9499 s
Elapsed time is 0.036091 seconds.
Data saved at t = 7.9599 s
Elapsed time is 0.031135 seconds.
Data saved at t = 7.9699 s
Elapsed time is 0.036301 seconds.
159600 / 300000 time steps completed. t = 7.979950 s
Elapsed time is 8.726002 seconds.
Data saved at t = 7.9799 s
Elapsed time is 0.030449 seconds.
Data saved at t = 7.9899 s
Elapsed time is 0.031018 seconds.
Data saved at t = 7.9999 s
Elapsed time is 0.034630 seconds.
Data saved at t = 8.0099 s
Elapsed time is 0.031115 seconds.
Data saved at t = 8.0199 s
Elapsed time is 0.031744 seconds.
Data saved at t = 8.0299 s
Elapsed time is 0.030635 seconds.
160800 / 300000 time steps completed. t = 8.039950 s
Elapsed time is 8.730155 seconds.
Data saved at t = 8.0399 s
Elapsed time is 0.031266 seconds.
Data saved at t = 8.0499 s
Elapsed time is 0.030655 seconds.
Data saved at t = 8.0599 s
Elapsed time is 0.031741 seconds.
Data saved at t = 8.0699 s
Elapsed time is 0.030902 seconds.
Data saved at t = 8.0799 s
Elapsed time is 0.031051 seconds.
Data saved at t = 8.0899 s
Elapsed time is 0.035054 seconds.
162000 / 300000 time steps completed. t = 8.099950 s
Elapsed time is 8.754704 seconds.
Data saved at t = 8.0999 s
Elapsed time is 0.030533 seconds.
Data saved at t = 8.1099 s
Elapsed time is 0.031504 seconds.
Data saved at t = 8.1199 s
Elapsed time is 0.031160 seconds.
Data saved at t = 8.1299 s
Elapsed time is 0.031753 seconds.
Data saved at t = 8.1399 s
Elapsed time is 0.038185 seconds.
Data saved at t = 8.1499 s
Elapsed time is 0.030898 seconds.
163200 / 300000 time steps completed. t = 8.159950 s
Elapsed time is 8.741346 seconds.
Data saved at t = 8.16 s
Elapsed time is 0.031631 seconds.
Data saved at t = 8.1699 s
Elapsed time is 0.035879 seconds.
Data saved at t = 8.1799 s
Elapsed time is 0.032033 seconds.
Data saved at t = 8.1899 s
Elapsed time is 0.030556 seconds.
Data saved at t = 8.1999 s
Elapsed time is 0.031854 seconds.
Data saved at t = 8.2099 s
Elapsed time is 0.030618 seconds.
164400 / 300000 time steps completed. t = 8.219950 s
Elapsed time is 8.670595 seconds.
Data saved at t = 8.2199 s
Elapsed time is 0.030634 seconds.
Data saved at t = 8.2299 s
Elapsed time is 0.031202 seconds.
Data saved at t = 8.2399 s
Elapsed time is 0.034236 seconds.
Data saved at t = 8.2499 s
Elapsed time is 0.031029 seconds.
Data saved at t = 8.2599 s
Elapsed time is 0.030698 seconds.
Data saved at t = 8.2699 s
Elapsed time is 0.031515 seconds.
165600 / 300000 time steps completed. t = 8.279950 s
Elapsed time is 8.670205 seconds.
Data saved at t = 8.2799 s
Elapsed time is 0.030029 seconds.
Data saved at t = 8.2899 s
Elapsed time is 0.035506 seconds.
Data saved at t = 8.2999 s
Elapsed time is 0.031255 seconds.
Data saved at t = 8.3099 s
Elapsed time is 0.035935 seconds.
Data saved at t = 8.3199 s
Elapsed time is 0.031543 seconds.
Data saved at t = 8.3299 s
Elapsed time is 0.030954 seconds.
166800 / 300000 time steps completed. t = 8.339950 s
Elapsed time is 8.659842 seconds.
Data saved at t = 8.3399 s
Elapsed time is 0.037756 seconds.
Data saved at t = 8.3499 s
Elapsed time is 0.031017 seconds.
Data saved at t = 8.3599 s
Elapsed time is 0.032027 seconds.
Data saved at t = 8.3699 s
Elapsed time is 0.031329 seconds.
Data saved at t = 8.3799 s
Elapsed time is 0.034666 seconds.
Data saved at t = 8.3899 s
Elapsed time is 0.031344 seconds.
168000 / 300000 time steps completed. t = 8.399950 s
Elapsed time is 8.666296 seconds.
Data saved at t = 8.3999 s
Elapsed time is 0.031489 seconds.
Data saved at t = 8.4099 s
Elapsed time is 0.035178 seconds.
Data saved at t = 8.42 s
Elapsed time is 0.032082 seconds.
Data saved at t = 8.4299 s
Elapsed time is 0.031176 seconds.
Data saved at t = 8.4399 s
Elapsed time is 0.030797 seconds.
Data saved at t = 8.4499 s
Elapsed time is 0.031015 seconds.
169200 / 300000 time steps completed. t = 8.459950 s
Elapsed time is 8.675040 seconds.
Data saved at t = 8.4599 s
Elapsed time is 0.035051 seconds.
Data saved at t = 8.4699 s
Elapsed time is 0.031914 seconds.
Data saved at t = 8.4799 s
Elapsed time is 0.042126 seconds.
Data saved at t = 8.4899 s
Elapsed time is 0.031125 seconds.
Data saved at t = 8.4999 s
Elapsed time is 0.032726 seconds.
Data saved at t = 8.5099 s
Elapsed time is 0.035532 seconds.
170400 / 300000 time steps completed. t = 8.519950 s
Elapsed time is 8.678097 seconds.
Data saved at t = 8.5199 s
Elapsed time is 0.031567 seconds.
Data saved at t = 8.5299 s
Elapsed time is 0.031433 seconds.
Data saved at t = 8.5399 s
Elapsed time is 0.031002 seconds.
Data saved at t = 8.5499 s
Elapsed time is 0.031399 seconds.
Data saved at t = 8.5599 s
Elapsed time is 0.031102 seconds.
Data saved at t = 8.5699 s
Elapsed time is 0.032120 seconds.
171600 / 300000 time steps completed. t = 8.579950 s
Elapsed time is 8.736254 seconds.
Data saved at t = 8.5799 s
Elapsed time is 0.035376 seconds.
Data saved at t = 8.5899 s
Elapsed time is 0.031422 seconds.
Data saved at t = 8.5999 s
Elapsed time is 0.041286 seconds.
Data saved at t = 8.6099 s
Elapsed time is 0.036073 seconds.
Data saved at t = 8.6199 s
Elapsed time is 0.031124 seconds.
Data saved at t = 8.6299 s
Elapsed time is 0.032253 seconds.
172800 / 300000 time steps completed. t = 8.639950 s
Elapsed time is 8.664182 seconds.
Data saved at t = 8.6399 s
Elapsed time is 0.031633 seconds.
Data saved at t = 8.6499 s
Elapsed time is 0.034428 seconds.
Data saved at t = 8.6599 s
Elapsed time is 0.031178 seconds.
Data saved at t = 8.6699 s
Elapsed time is 0.030082 seconds.
Data saved at t = 8.6799 s
Elapsed time is 0.032675 seconds.
Data saved at t = 8.6899 s
Elapsed time is 0.030346 seconds.
174000 / 300000 time steps completed. t = 8.699950 s
Elapsed time is 8.352693 seconds.
Data saved at t = 8.6999 s
Elapsed time is 0.031089 seconds.
Data saved at t = 8.7099 s
Elapsed time is 0.031743 seconds.
Data saved at t = 8.7199 s
Elapsed time is 0.030840 seconds.
Data saved at t = 8.7299 s
Elapsed time is 0.035903 seconds.
Data saved at t = 8.7399 s
Elapsed time is 0.032278 seconds.
Data saved at t = 8.7499 s
Elapsed time is 0.031193 seconds.
175200 / 300000 time steps completed. t = 8.759950 s
Elapsed time is 8.665500 seconds.
Data saved at t = 8.7599 s
Elapsed time is 0.030638 seconds.
Data saved at t = 8.7699 s
Elapsed time is 0.031256 seconds.
Data saved at t = 8.7799 s
Elapsed time is 0.031743 seconds.
Data saved at t = 8.7899 s
Elapsed time is 0.031411 seconds.
Data saved at t = 8.7999 s
Elapsed time is 0.034095 seconds.
Data saved at t = 8.8099 s
Elapsed time is 0.030681 seconds.
176400 / 300000 time steps completed. t = 8.819950 s
Elapsed time is 8.714334 seconds.
Data saved at t = 8.8199 s
Elapsed time is 0.031538 seconds.
Data saved at t = 8.8299 s
Elapsed time is 0.031873 seconds.
Data saved at t = 8.8399 s
Elapsed time is 0.031653 seconds.
Data saved at t = 8.8499 s
Elapsed time is 0.031218 seconds.
Data saved at t = 8.8599 s
Elapsed time is 0.032118 seconds.
Data saved at t = 8.8699 s
Elapsed time is 0.042203 seconds.
177600 / 300000 time steps completed. t = 8.879950 s
Elapsed time is 8.713516 seconds.
Data saved at t = 8.8799 s
Elapsed time is 0.031230 seconds.
Data saved at t = 8.8899 s
Elapsed time is 0.030953 seconds.
Data saved at t = 8.8999 s
Elapsed time is 0.034803 seconds.
Data saved at t = 8.9099 s
Elapsed time is 0.030973 seconds.
Data saved at t = 8.9199 s
Elapsed time is 0.031921 seconds.
Data saved at t = 8.9299 s
Elapsed time is 0.031056 seconds.
178800 / 300000 time steps completed. t = 8.939950 s
Elapsed time is 8.735026 seconds.
Data saved at t = 8.9399 s
Elapsed time is 0.035988 seconds.
Data saved at t = 8.9499 s
Elapsed time is 0.031836 seconds.
Data saved at t = 8.9599 s
Elapsed time is 0.030589 seconds.
Data saved at t = 8.9699 s
Elapsed time is 0.035474 seconds.
Data saved at t = 8.9799 s
Elapsed time is 0.031365 seconds.
Data saved at t = 8.9899 s
Elapsed time is 0.030597 seconds.
180000 / 300000 time steps completed. t = 8.999950 s
Elapsed time is 8.711521 seconds.
Data saved at t = 8.9999 s
Elapsed time is 0.030298 seconds.
Data saved at t = 9.0099 s
Elapsed time is 0.033131 seconds.
Data saved at t = 9.0199 s
Elapsed time is 0.033270 seconds.
Data saved at t = 9.0299 s
Elapsed time is 0.031355 seconds.
Data saved at t = 9.0399 s
Elapsed time is 0.034980 seconds.
Data saved at t = 9.0499 s
Elapsed time is 0.032236 seconds.
181200 / 300000 time steps completed. t = 9.059950 s
Elapsed time is 8.714998 seconds.
Data saved at t = 9.0599 s
Elapsed time is 0.031023 seconds.
Data saved at t = 9.0699 s
Elapsed time is 0.031008 seconds.
Data saved at t = 9.0799 s
Elapsed time is 0.032323 seconds.
Data saved at t = 9.0899 s
Elapsed time is 0.031024 seconds.
Data saved at t = 9.0999 s
Elapsed time is 0.031686 seconds.
Data saved at t = 9.1099 s
Elapsed time is 0.030723 seconds.
182400 / 300000 time steps completed. t = 9.119950 s
Elapsed time is 8.730321 seconds.
Data saved at t = 9.1199 s
Elapsed time is 0.031217 seconds.
Data saved at t = 9.1299 s
Elapsed time is 0.032049 seconds.
Data saved at t = 9.1399 s
Elapsed time is 0.035809 seconds.
Data saved at t = 9.1499 s
Elapsed time is 0.031325 seconds.
Data saved at t = 9.1599 s
Elapsed time is 0.030958 seconds.
Data saved at t = 9.17 s
Elapsed time is 0.040612 seconds.
183600 / 300000 time steps completed. t = 9.179950 s
Elapsed time is 8.744086 seconds.
Data saved at t = 9.1799 s
Elapsed time is 0.032104 seconds.
Data saved at t = 9.1899 s
Elapsed time is 0.031293 seconds.
Data saved at t = 9.1999 s
Elapsed time is 0.033077 seconds.
Data saved at t = 9.2099 s
Elapsed time is 0.034236 seconds.
Data saved at t = 9.2199 s
Elapsed time is 0.032574 seconds.
Data saved at t = 9.2299 s
Elapsed time is 0.031195 seconds.
184800 / 300000 time steps completed. t = 9.239950 s
Elapsed time is 8.685562 seconds.
Data saved at t = 9.2399 s
Elapsed time is 0.032082 seconds.
Data saved at t = 9.2499 s
Elapsed time is 0.028611 seconds.
Data saved at t = 9.2599 s
Elapsed time is 0.030109 seconds.
Data saved at t = 9.2699 s
Elapsed time is 0.031359 seconds.
Data saved at t = 9.2799 s
Elapsed time is 0.030903 seconds.
Data saved at t = 9.2899 s
Elapsed time is 0.030521 seconds.
186000 / 300000 time steps completed. t = 9.299950 s
Elapsed time is 8.711251 seconds.
Data saved at t = 9.2999 s
Elapsed time is 0.031276 seconds.
Data saved at t = 9.3099 s
Elapsed time is 0.031263 seconds.
Data saved at t = 9.3199 s
Elapsed time is 0.030804 seconds.
Data saved at t = 9.3299 s
Elapsed time is 0.035051 seconds.
Data saved at t = 9.3399 s
Elapsed time is 0.031491 seconds.
Data saved at t = 9.3499 s
Elapsed time is 0.031250 seconds.
187200 / 300000 time steps completed. t = 9.359950 s
Elapsed time is 8.731644 seconds.
Data saved at t = 9.3599 s
Elapsed time is 0.031094 seconds.
Data saved at t = 9.3699 s
Elapsed time is 0.030758 seconds.
Data saved at t = 9.3799 s
Elapsed time is 0.030670 seconds.
Data saved at t = 9.3899 s
Elapsed time is 0.031311 seconds.
Data saved at t = 9.3999 s
Elapsed time is 0.030738 seconds.
Data saved at t = 9.4099 s
Elapsed time is 0.035520 seconds.
188400 / 300000 time steps completed. t = 9.419950 s
Elapsed time is 8.725598 seconds.
Data saved at t = 9.4199 s
Elapsed time is 0.030733 seconds.
Data saved at t = 9.4299 s
Elapsed time is 0.034511 seconds.
Data saved at t = 9.4399 s
Elapsed time is 0.032377 seconds.
Data saved at t = 9.4499 s
Elapsed time is 0.030439 seconds.
Data saved at t = 9.4599 s
Elapsed time is 0.033778 seconds.
Data saved at t = 9.4699 s
Elapsed time is 0.030674 seconds.
189600 / 300000 time steps completed. t = 9.479950 s
Elapsed time is 8.722704 seconds.
Data saved at t = 9.4799 s
Elapsed time is 0.030810 seconds.
Data saved at t = 9.4899 s
Elapsed time is 0.031476 seconds.
Data saved at t = 9.4999 s
Elapsed time is 0.031153 seconds.
Data saved at t = 9.5099 s
Elapsed time is 0.034620 seconds.
Data saved at t = 9.5199 s
Elapsed time is 0.032269 seconds.
Data saved at t = 9.5299 s
Elapsed time is 0.031202 seconds.
190800 / 300000 time steps completed. t = 9.539950 s
Elapsed time is 8.690940 seconds.
Data saved at t = 9.5399 s
Elapsed time is 0.030632 seconds.
Data saved at t = 9.5499 s
Elapsed time is 0.030740 seconds.
Data saved at t = 9.5599 s
Elapsed time is 0.030920 seconds.
Data saved at t = 9.5699 s
Elapsed time is 0.032248 seconds.
Data saved at t = 9.5799 s
Elapsed time is 0.033319 seconds.
Data saved at t = 9.5899 s
Elapsed time is 0.031206 seconds.
192000 / 300000 time steps completed. t = 9.599950 s
Elapsed time is 8.731006 seconds.
Data saved at t = 9.5999 s
Elapsed time is 0.035118 seconds.
Data saved at t = 9.6099 s
Elapsed time is 0.031008 seconds.
Data saved at t = 9.6199 s
Elapsed time is 0.030495 seconds.
Data saved at t = 9.6299 s
Elapsed time is 0.031072 seconds.
Data saved at t = 9.6399 s
Elapsed time is 0.031716 seconds.
Data saved at t = 9.6499 s
Elapsed time is 0.036489 seconds.
193200 / 300000 time steps completed. t = 9.659950 s
Elapsed time is 8.726697 seconds.
Data saved at t = 9.6599 s
Elapsed time is 0.030388 seconds.
Data saved at t = 9.6699 s
Elapsed time is 0.031418 seconds.
Data saved at t = 9.6799 s
Elapsed time is 0.031047 seconds.
Data saved at t = 9.6899 s
Elapsed time is 0.030962 seconds.
Data saved at t = 9.6999 s
Elapsed time is 0.034467 seconds.
Data saved at t = 9.7099 s
Elapsed time is 0.030466 seconds.
194400 / 300000 time steps completed. t = 9.719950 s
Elapsed time is 8.698188 seconds.
Data saved at t = 9.7199 s
Elapsed time is 0.031818 seconds.
Data saved at t = 9.7299 s
Elapsed time is 0.030975 seconds.
Data saved at t = 9.7399 s
Elapsed time is 0.031059 seconds.
Data saved at t = 9.7499 s
Elapsed time is 0.031948 seconds.
Data saved at t = 9.7599 s
Elapsed time is 0.031123 seconds.
Data saved at t = 9.7699 s
Elapsed time is 0.035891 seconds.
195600 / 300000 time steps completed. t = 9.779950 s
Elapsed time is 8.729912 seconds.
Data saved at t = 9.7799 s
Elapsed time is 0.031279 seconds.
Data saved at t = 9.7899 s
Elapsed time is 0.030835 seconds.
Data saved at t = 9.7999 s
Elapsed time is 0.031279 seconds.
Data saved at t = 9.8099 s
Elapsed time is 0.032468 seconds.
Data saved at t = 9.8199 s
Elapsed time is 0.048933 seconds.
Data saved at t = 9.8299 s
Elapsed time is 0.031416 seconds.
196800 / 300000 time steps completed. t = 9.839950 s
Elapsed time is 8.670624 seconds.
Data saved at t = 9.8399 s
Elapsed time is 0.031236 seconds.
Data saved at t = 9.8499 s
Elapsed time is 0.030771 seconds.
Data saved at t = 9.8599 s
Elapsed time is 0.033065 seconds.
Data saved at t = 9.8699 s
Elapsed time is 0.032135 seconds.
Data saved at t = 9.8799 s
Elapsed time is 0.030423 seconds.
Data saved at t = 9.8899 s
Elapsed time is 0.031968 seconds.
198000 / 300000 time steps completed. t = 9.899950 s
Elapsed time is 8.669476 seconds.
Data saved at t = 9.8999 s
Elapsed time is 0.031039 seconds.
Data saved at t = 9.9099 s
Elapsed time is 0.032394 seconds.
Data saved at t = 9.9199 s
Elapsed time is 0.032222 seconds.
Data saved at t = 9.9299 s
Elapsed time is 0.031039 seconds.
Data saved at t = 9.9399 s
Elapsed time is 0.034994 seconds.
Data saved at t = 9.9499 s
Elapsed time is 0.030992 seconds.
199200 / 300000 time steps completed. t = 9.959950 s
Elapsed time is 8.678213 seconds.
Data saved at t = 9.9599 s
Elapsed time is 0.030987 seconds.
Data saved at t = 9.9699 s
Elapsed time is 0.035269 seconds.
Data saved at t = 9.9799 s
Elapsed time is 0.030792 seconds.
Data saved at t = 9.9899 s
Elapsed time is 0.141076 seconds.
Data saved at t = 9.9999 s
Elapsed time is 0.033407 seconds.
Data saved at t = 10.0099 s
Elapsed time is 0.031516 seconds.
200400 / 300000 time steps completed. t = 10.019950 s
Elapsed time is 8.598378 seconds.
Data saved at t = 10.0199 s
Elapsed time is 0.033596 seconds.
Data saved at t = 10.0299 s
Elapsed time is 0.031032 seconds.
Data saved at t = 10.0399 s
Elapsed time is 0.130788 seconds.
Data saved at t = 10.0499 s
Elapsed time is 0.030596 seconds.
Data saved at t = 10.0599 s
Elapsed time is 0.030551 seconds.
Data saved at t = 10.0699 s
Elapsed time is 0.030636 seconds.
201600 / 300000 time steps completed. t = 10.079950 s
Elapsed time is 8.622256 seconds.
Data saved at t = 10.0799 s
Elapsed time is 0.030446 seconds.
Data saved at t = 10.0899 s
Elapsed time is 0.030726 seconds.
Data saved at t = 10.0999 s
Elapsed time is 0.032578 seconds.
Data saved at t = 10.1099 s
Elapsed time is 0.031318 seconds.
Data saved at t = 10.1199 s
Elapsed time is 0.030210 seconds.
Data saved at t = 10.1299 s
Elapsed time is 0.030177 seconds.
202800 / 300000 time steps completed. t = 10.139950 s
Elapsed time is 8.599044 seconds.
Data saved at t = 10.1399 s
Elapsed time is 0.030829 seconds.
Data saved at t = 10.1499 s
Elapsed time is 0.031190 seconds.
Data saved at t = 10.1599 s
Elapsed time is 0.030703 seconds.
Data saved at t = 10.1699 s
Elapsed time is 0.033554 seconds.
Data saved at t = 10.1799 s
Elapsed time is 0.030843 seconds.
Data saved at t = 10.1899 s
Elapsed time is 0.030845 seconds.
204000 / 300000 time steps completed. t = 10.199950 s
Elapsed time is 8.655512 seconds.
Data saved at t = 10.1999 s
Elapsed time is 0.030792 seconds.
Data saved at t = 10.2099 s
Elapsed time is 0.030925 seconds.
Data saved at t = 10.2199 s
Elapsed time is 0.031209 seconds.
Data saved at t = 10.2299 s
Elapsed time is 0.032125 seconds.
Data saved at t = 10.2399 s
Elapsed time is 0.035196 seconds.
Data saved at t = 10.2499 s
Elapsed time is 0.031091 seconds.
205200 / 300000 time steps completed. t = 10.259950 s
Elapsed time is 8.595111 seconds.
Data saved at t = 10.2599 s
Elapsed time is 0.030888 seconds.
Data saved at t = 10.2699 s
Elapsed time is 0.030741 seconds.
Data saved at t = 10.2799 s
Elapsed time is 0.030993 seconds.
Data saved at t = 10.2899 s
Elapsed time is 0.030918 seconds.
Data saved at t = 10.2999 s
Elapsed time is 0.030445 seconds.
Data saved at t = 10.3099 s
Elapsed time is 0.030615 seconds.
206400 / 300000 time steps completed. t = 10.319950 s
Elapsed time is 8.601852 seconds.
Data saved at t = 10.3199 s
Elapsed time is 0.030993 seconds.
Data saved at t = 10.3299 s
Elapsed time is 0.030741 seconds.
Data saved at t = 10.3399 s
Elapsed time is 0.031996 seconds.
Data saved at t = 10.3499 s
Elapsed time is 0.031435 seconds.
Data saved at t = 10.3599 s
Elapsed time is 0.032034 seconds.
Data saved at t = 10.3699 s
Elapsed time is 0.030240 seconds.
207600 / 300000 time steps completed. t = 10.379950 s
Elapsed time is 8.612531 seconds.
Data saved at t = 10.3799 s
Elapsed time is 0.030643 seconds.
Data saved at t = 10.3899 s
Elapsed time is 0.030947 seconds.
Data saved at t = 10.3999 s
Elapsed time is 0.033023 seconds.
Data saved at t = 10.4099 s
Elapsed time is 0.031644 seconds.
Data saved at t = 10.4199 s
Elapsed time is 0.030184 seconds.
Data saved at t = 10.4299 s
Elapsed time is 0.035642 seconds.
208800 / 300000 time steps completed. t = 10.439950 s
Elapsed time is 8.608848 seconds.
Data saved at t = 10.4399 s
Elapsed time is 0.030146 seconds.
Data saved at t = 10.4499 s
Elapsed time is 0.030153 seconds.
Data saved at t = 10.4599 s
Elapsed time is 0.031735 seconds.
Data saved at t = 10.4699 s
Elapsed time is 0.031068 seconds.
Data saved at t = 10.4799 s
Elapsed time is 0.030767 seconds.
Data saved at t = 10.4899 s
Elapsed time is 0.031146 seconds.
210000 / 300000 time steps completed. t = 10.499950 s
Elapsed time is 8.534211 seconds.
Data saved at t = 10.4999 s
Elapsed time is 0.033505 seconds.
Data saved at t = 10.5099 s
Elapsed time is 0.030667 seconds.
Data saved at t = 10.5199 s
Elapsed time is 0.030864 seconds.
Data saved at t = 10.5299 s
Elapsed time is 0.032918 seconds.
Data saved at t = 10.5399 s
Elapsed time is 0.031280 seconds.
Data saved at t = 10.5499 s
Elapsed time is 0.035016 seconds.
211200 / 300000 time steps completed. t = 10.559950 s
Elapsed time is 8.556079 seconds.
Data saved at t = 10.5599 s
Elapsed time is 0.030374 seconds.
Data saved at t = 10.5699 s
Elapsed time is 0.032046 seconds.
Data saved at t = 10.5799 s
Elapsed time is 0.030572 seconds.
Data saved at t = 10.5899 s
Elapsed time is 0.030979 seconds.
Data saved at t = 10.5999 s
Elapsed time is 0.031484 seconds.
Data saved at t = 10.6099 s
Elapsed time is 0.030099 seconds.
212400 / 300000 time steps completed. t = 10.619950 s
Elapsed time is 8.585706 seconds.
Data saved at t = 10.6199 s
Elapsed time is 0.030362 seconds.
Data saved at t = 10.6299 s
Elapsed time is 0.030971 seconds.
Data saved at t = 10.6399 s
Elapsed time is 0.033874 seconds.
Data saved at t = 10.6499 s
Elapsed time is 0.033057 seconds.
Data saved at t = 10.6599 s
Elapsed time is 0.030413 seconds.
Data saved at t = 10.6699 s
Elapsed time is 0.035573 seconds.
213600 / 300000 time steps completed. t = 10.679950 s
Elapsed time is 8.559485 seconds.
Data saved at t = 10.6799 s
Elapsed time is 0.032433 seconds.
Data saved at t = 10.6899 s
Elapsed time is 0.085693 seconds.
Data saved at t = 10.6999 s
Elapsed time is 0.031186 seconds.
Data saved at t = 10.7099 s
Elapsed time is 0.030862 seconds.
Data saved at t = 10.7199 s
Elapsed time is 0.030201 seconds.
Data saved at t = 10.7299 s
Elapsed time is 0.030276 seconds.
214800 / 300000 time steps completed. t = 10.739950 s
Elapsed time is 8.586173 seconds.
Data saved at t = 10.7399 s
Elapsed time is 0.030486 seconds.
Data saved at t = 10.7499 s
Elapsed time is 0.035743 seconds.
Data saved at t = 10.7599 s
Elapsed time is 0.030137 seconds.
Data saved at t = 10.7699 s
Elapsed time is 0.029988 seconds.
Data saved at t = 10.7799 s
Elapsed time is 0.033341 seconds.
Data saved at t = 10.7899 s
Elapsed time is 0.030611 seconds.
216000 / 300000 time steps completed. t = 10.799950 s
Elapsed time is 8.600492 seconds.
Data saved at t = 10.7999 s
Elapsed time is 0.035474 seconds.
Data saved at t = 10.8099 s
Elapsed time is 0.031070 seconds.
Data saved at t = 10.8199 s
Elapsed time is 0.034626 seconds.
Data saved at t = 10.83 s
Elapsed time is 0.030743 seconds.
Data saved at t = 10.8399 s
Elapsed time is 0.032966 seconds.
Data saved at t = 10.8499 s
Elapsed time is 0.034786 seconds.
217200 / 300000 time steps completed. t = 10.859950 s
Elapsed time is 8.669058 seconds.
Data saved at t = 10.8599 s
Elapsed time is 0.030476 seconds.
Data saved at t = 10.8699 s
Elapsed time is 0.030868 seconds.
Data saved at t = 10.8799 s
Elapsed time is 0.031333 seconds.
Data saved at t = 10.8899 s
Elapsed time is 0.034170 seconds.
Data saved at t = 10.8999 s
Elapsed time is 0.030451 seconds.
Data saved at t = 10.9099 s
Elapsed time is 0.073202 seconds.
218400 / 300000 time steps completed. t = 10.919950 s
Elapsed time is 8.616301 seconds.
Data saved at t = 10.9199 s
Elapsed time is 0.030540 seconds.
Data saved at t = 10.9299 s
Elapsed time is 0.031868 seconds.
Data saved at t = 10.9399 s
Elapsed time is 0.041763 seconds.
Data saved at t = 10.9499 s
Elapsed time is 0.031032 seconds.
Data saved at t = 10.9599 s
Elapsed time is 0.033228 seconds.
Data saved at t = 10.9699 s
Elapsed time is 0.036327 seconds.
219600 / 300000 time steps completed. t = 10.979950 s
Elapsed time is 8.579726 seconds.
Data saved at t = 10.98 s
Elapsed time is 0.029866 seconds.
Data saved at t = 10.9899 s
Elapsed time is 0.030267 seconds.
Data saved at t = 10.9999 s
Elapsed time is 0.049081 seconds.
Data saved at t = 11.0099 s
Elapsed time is 0.035887 seconds.
Data saved at t = 11.0199 s
Elapsed time is 0.030659 seconds.
Data saved at t = 11.0299 s
Elapsed time is 0.031270 seconds.
220800 / 300000 time steps completed. t = 11.039950 s
Elapsed time is 8.663050 seconds.
Data saved at t = 11.0399 s
Elapsed time is 0.076272 seconds.
Data saved at t = 11.0499 s
Elapsed time is 0.030574 seconds.
Data saved at t = 11.0599 s
Elapsed time is 0.034652 seconds.
Data saved at t = 11.0699 s
Elapsed time is 0.031579 seconds.
Data saved at t = 11.0799 s
Elapsed time is 0.031219 seconds.
Data saved at t = 11.0899 s
Elapsed time is 0.031539 seconds.
222000 / 300000 time steps completed. t = 11.099950 s
Elapsed time is 8.649606 seconds.
Data saved at t = 11.0999 s
Elapsed time is 0.035208 seconds.
Data saved at t = 11.1099 s
Elapsed time is 0.032015 seconds.
Data saved at t = 11.1199 s
Elapsed time is 0.035437 seconds.
Data saved at t = 11.1299 s
Elapsed time is 0.031823 seconds.
Data saved at t = 11.1399 s
Elapsed time is 0.030887 seconds.
Data saved at t = 11.1499 s
Elapsed time is 0.037531 seconds.
223200 / 300000 time steps completed. t = 11.159950 s
Elapsed time is 8.657472 seconds.
Data saved at t = 11.1599 s
Elapsed time is 0.034223 seconds.
Data saved at t = 11.1699 s
Elapsed time is 0.031537 seconds.
Data saved at t = 11.1799 s
Elapsed time is 0.031105 seconds.
Data saved at t = 11.1899 s
Elapsed time is 0.030930 seconds.
Data saved at t = 11.1999 s
Elapsed time is 0.032118 seconds.
Data saved at t = 11.2099 s
Elapsed time is 0.034855 seconds.
224400 / 300000 time steps completed. t = 11.219950 s
Elapsed time is 8.661140 seconds.
Data saved at t = 11.2199 s
Elapsed time is 0.031136 seconds.
Data saved at t = 11.2299 s
Elapsed time is 0.035563 seconds.
Data saved at t = 11.24 s
Elapsed time is 0.031392 seconds.
Data saved at t = 11.2499 s
Elapsed time is 0.031066 seconds.
Data saved at t = 11.2599 s
Elapsed time is 0.034505 seconds.
Data saved at t = 11.2699 s
Elapsed time is 0.032072 seconds.
225600 / 300000 time steps completed. t = 11.279950 s
Elapsed time is 8.679009 seconds.
Data saved at t = 11.2799 s
Elapsed time is 0.034990 seconds.
Data saved at t = 11.2899 s
Elapsed time is 0.030755 seconds.
Data saved at t = 11.2999 s
Elapsed time is 0.056991 seconds.
Data saved at t = 11.3099 s
Elapsed time is 0.034691 seconds.
Data saved at t = 11.3199 s
Elapsed time is 0.031747 seconds.
Data saved at t = 11.3299 s
Elapsed time is 0.035218 seconds.
226800 / 300000 time steps completed. t = 11.339950 s
Elapsed time is 8.675450 seconds.
Data saved at t = 11.3399 s
Elapsed time is 0.030877 seconds.
Data saved at t = 11.3499 s
Elapsed time is 0.030975 seconds.
Data saved at t = 11.3599 s
Elapsed time is 0.039965 seconds.
Data saved at t = 11.3699 s
Elapsed time is 0.031649 seconds.
Data saved at t = 11.3799 s
Elapsed time is 0.034738 seconds.
Data saved at t = 11.3899 s
Elapsed time is 0.031139 seconds.
228000 / 300000 time steps completed. t = 11.399950 s
Elapsed time is 8.677347 seconds.
Data saved at t = 11.3999 s
Elapsed time is 0.030595 seconds.
Data saved at t = 11.4099 s
Elapsed time is 0.030908 seconds.
Data saved at t = 11.4199 s
Elapsed time is 0.032285 seconds.
Data saved at t = 11.4299 s
Elapsed time is 0.031006 seconds.
Data saved at t = 11.4399 s
Elapsed time is 0.031758 seconds.
Data saved at t = 11.4499 s
Elapsed time is 0.032104 seconds.
229200 / 300000 time steps completed. t = 11.459950 s
Elapsed time is 8.641002 seconds.
Data saved at t = 11.4599 s
Elapsed time is 0.030741 seconds.
Data saved at t = 11.4699 s
Elapsed time is 0.030486 seconds.
Data saved at t = 11.4799 s
Elapsed time is 0.035872 seconds.
Data saved at t = 11.4899 s
Elapsed time is 0.031969 seconds.
Data saved at t = 11.5 s
Elapsed time is 0.030895 seconds.
Data saved at t = 11.5099 s
Elapsed time is 0.030766 seconds.
230400 / 300000 time steps completed. t = 11.519950 s
Elapsed time is 8.660840 seconds.
Data saved at t = 11.5199 s
Elapsed time is 0.030389 seconds.
Data saved at t = 11.5299 s
Elapsed time is 0.036660 seconds.
Data saved at t = 11.5399 s
Elapsed time is 0.031769 seconds.
Data saved at t = 11.5499 s
Elapsed time is 0.031209 seconds.
Data saved at t = 11.5599 s
Elapsed time is 0.030652 seconds.
Data saved at t = 11.5699 s
Elapsed time is 0.030823 seconds.
231600 / 300000 time steps completed. t = 11.579950 s
Elapsed time is 8.668552 seconds.
Data saved at t = 11.5799 s
Elapsed time is 0.030888 seconds.
Data saved at t = 11.5899 s
Elapsed time is 0.033154 seconds.
Data saved at t = 11.5999 s
Elapsed time is 0.035190 seconds.
Data saved at t = 11.6099 s
Elapsed time is 0.031246 seconds.
Data saved at t = 11.6199 s
Elapsed time is 0.034196 seconds.
Data saved at t = 11.6299 s
Elapsed time is 0.031175 seconds.
232800 / 300000 time steps completed. t = 11.639950 s
Elapsed time is 8.617775 seconds.
Data saved at t = 11.6399 s
Elapsed time is 0.030591 seconds.
Data saved at t = 11.6499 s
Elapsed time is 0.031500 seconds.
Data saved at t = 11.6599 s
Elapsed time is 0.031011 seconds.
Data saved at t = 11.6699 s
Elapsed time is 0.034488 seconds.
Data saved at t = 11.6799 s
Elapsed time is 0.031224 seconds.
Data saved at t = 11.6899 s
Elapsed time is 0.030723 seconds.
234000 / 300000 time steps completed. t = 11.699950 s
Elapsed time is 8.613530 seconds.
Data saved at t = 11.6999 s
Elapsed time is 0.033801 seconds.
Data saved at t = 11.7099 s
Elapsed time is 0.030693 seconds.
Data saved at t = 11.7199 s
Elapsed time is 0.034504 seconds.
Data saved at t = 11.7299 s
Elapsed time is 0.030553 seconds.
Data saved at t = 11.7399 s
Elapsed time is 0.036422 seconds.
Data saved at t = 11.7499 s
Elapsed time is 0.035231 seconds.
235200 / 300000 time steps completed. t = 11.759950 s
Elapsed time is 8.600310 seconds.
Data saved at t = 11.7599 s
Elapsed time is 0.031028 seconds.
Data saved at t = 11.7699 s
Elapsed time is 0.034645 seconds.
Data saved at t = 11.7799 s
Elapsed time is 0.031361 seconds.
Data saved at t = 11.7899 s
Elapsed time is 0.030482 seconds.
Data saved at t = 11.7999 s
Elapsed time is 0.031068 seconds.
Data saved at t = 11.8099 s
Elapsed time is 0.031321 seconds.
236400 / 300000 time steps completed. t = 11.819950 s
Elapsed time is 8.663903 seconds.
Data saved at t = 11.8199 s
Elapsed time is 0.033612 seconds.
Data saved at t = 11.8299 s
Elapsed time is 0.031465 seconds.
Data saved at t = 11.8399 s
Elapsed time is 0.030555 seconds.
Data saved at t = 11.8499 s
Elapsed time is 0.031401 seconds.
Data saved at t = 11.8599 s
Elapsed time is 0.030996 seconds.
Data saved at t = 11.8699 s
Elapsed time is 0.033485 seconds.
237600 / 300000 time steps completed. t = 11.879950 s
Elapsed time is 8.631024 seconds.
Data saved at t = 11.8799 s
Elapsed time is 0.030462 seconds.
Data saved at t = 11.8899 s
Elapsed time is 0.034571 seconds.
Data saved at t = 11.8999 s
Elapsed time is 0.030780 seconds.
Data saved at t = 11.9099 s
Elapsed time is 0.030676 seconds.
Data saved at t = 11.9199 s
Elapsed time is 0.030666 seconds.
Data saved at t = 11.9299 s
Elapsed time is 0.032041 seconds.
238800 / 300000 time steps completed. t = 11.939950 s
Elapsed time is 8.597604 seconds.
Data saved at t = 11.9399 s
Elapsed time is 0.035273 seconds.
Data saved at t = 11.9499 s
Elapsed time is 0.031025 seconds.
Data saved at t = 11.9599 s
Elapsed time is 0.031064 seconds.
Data saved at t = 11.9699 s
Elapsed time is 0.029397 seconds.
Data saved at t = 11.9799 s
Elapsed time is 0.030886 seconds.
Data saved at t = 11.9899 s
Elapsed time is 0.030568 seconds.
240000 / 300000 time steps completed. t = 11.999950 s
Elapsed time is 8.596096 seconds.
Data saved at t = 11.9999 s
Elapsed time is 0.037312 seconds.
Data saved at t = 12.0099 s
Elapsed time is 0.030878 seconds.
Data saved at t = 12.0199 s
Elapsed time is 0.032283 seconds.
Data saved at t = 12.0299 s
Elapsed time is 0.031075 seconds.
Data saved at t = 12.0399 s
Elapsed time is 0.030913 seconds.
Data saved at t = 12.0499 s
Elapsed time is 0.031064 seconds.
241200 / 300000 time steps completed. t = 12.059950 s
Elapsed time is 8.615731 seconds.
Data saved at t = 12.0599 s
Elapsed time is 0.033674 seconds.
Data saved at t = 12.0699 s
Elapsed time is 0.031169 seconds.
Data saved at t = 12.0799 s
Elapsed time is 0.031616 seconds.
Data saved at t = 12.0899 s
Elapsed time is 0.030305 seconds.
Data saved at t = 12.0999 s
Elapsed time is 0.030605 seconds.
Data saved at t = 12.1099 s
Elapsed time is 0.034529 seconds.
242400 / 300000 time steps completed. t = 12.119950 s
Elapsed time is 8.615518 seconds.
Data saved at t = 12.1199 s
Elapsed time is 0.031482 seconds.
Data saved at t = 12.1299 s
Elapsed time is 0.030663 seconds.
Data saved at t = 12.1399 s
Elapsed time is 0.029964 seconds.
Data saved at t = 12.1499 s
Elapsed time is 0.030917 seconds.
Data saved at t = 12.1599 s
Elapsed time is 0.035304 seconds.
Data saved at t = 12.1699 s
Elapsed time is 0.030310 seconds.
243600 / 300000 time steps completed. t = 12.179950 s
Elapsed time is 8.640730 seconds.
Data saved at t = 12.1799 s
Elapsed time is 0.035072 seconds.
Data saved at t = 12.1899 s
Elapsed time is 0.032002 seconds.
Data saved at t = 12.1999 s
Elapsed time is 0.030239 seconds.
Data saved at t = 12.2099 s
Elapsed time is 0.033865 seconds.
Data saved at t = 12.2199 s
Elapsed time is 0.030647 seconds.
Data saved at t = 12.2299 s
Elapsed time is 0.032012 seconds.
244800 / 300000 time steps completed. t = 12.239950 s
Elapsed time is 9.022895 seconds.
Data saved at t = 12.2399 s
Elapsed time is 0.031095 seconds.
Data saved at t = 12.25 s
Elapsed time is 0.031841 seconds.
Data saved at t = 12.2599 s
Elapsed time is 0.037461 seconds.
Data saved at t = 12.2699 s
Elapsed time is 0.031967 seconds.
Data saved at t = 12.2799 s
Elapsed time is 0.035480 seconds.
Data saved at t = 12.2899 s
Elapsed time is 0.032315 seconds.
246000 / 300000 time steps completed. t = 12.299950 s
Elapsed time is 9.014552 seconds.
Data saved at t = 12.2999 s
Elapsed time is 0.032156 seconds.
Data saved at t = 12.3099 s
Elapsed time is 0.036232 seconds.
Data saved at t = 12.3199 s
Elapsed time is 0.057670 seconds.
Data saved at t = 12.3299 s
Elapsed time is 0.034839 seconds.
Data saved at t = 12.3399 s
Elapsed time is 0.031365 seconds.
Data saved at t = 12.3499 s
Elapsed time is 0.036967 seconds.
247200 / 300000 time steps completed. t = 12.359950 s
Elapsed time is 9.026174 seconds.
Data saved at t = 12.3599 s
Elapsed time is 0.031628 seconds.
Data saved at t = 12.3699 s
Elapsed time is 0.032553 seconds.
Data saved at t = 12.3799 s
Elapsed time is 0.037261 seconds.
Data saved at t = 12.3899 s
Elapsed time is 0.035285 seconds.
Data saved at t = 12.3999 s
Elapsed time is 0.032021 seconds.
Data saved at t = 12.4099 s
Elapsed time is 0.032700 seconds.
248400 / 300000 time steps completed. t = 12.419950 s
Elapsed time is 9.042028 seconds.
Data saved at t = 12.4199 s
Elapsed time is 0.031387 seconds.
Data saved at t = 12.4299 s
Elapsed time is 0.035264 seconds.
Data saved at t = 12.4399 s
Elapsed time is 0.033110 seconds.
Data saved at t = 12.4499 s
Elapsed time is 0.032114 seconds.
Data saved at t = 12.4599 s
Elapsed time is 0.032018 seconds.
Data saved at t = 12.4699 s
Elapsed time is 0.031704 seconds.
249600 / 300000 time steps completed. t = 12.479950 s
Elapsed time is 9.079838 seconds.
Data saved at t = 12.4799 s
Elapsed time is 0.036867 seconds.
Data saved at t = 12.4899 s
Elapsed time is 0.042495 seconds.
Data saved at t = 12.4999 s
Elapsed time is 0.037537 seconds.
Data saved at t = 12.5099 s
Elapsed time is 0.032163 seconds.
Data saved at t = 12.5199 s
Elapsed time is 0.036534 seconds.
Data saved at t = 12.5299 s
Elapsed time is 0.031780 seconds.
250800 / 300000 time steps completed. t = 12.539950 s
Elapsed time is 9.081644 seconds.
Data saved at t = 12.5399 s
Elapsed time is 0.033730 seconds.
Data saved at t = 12.5499 s
Elapsed time is 0.037017 seconds.
Data saved at t = 12.5599 s
Elapsed time is 0.032167 seconds.
Data saved at t = 12.5699 s
Elapsed time is 0.035359 seconds.
Data saved at t = 12.5799 s
Elapsed time is 0.032365 seconds.
Data saved at t = 12.5899 s
Elapsed time is 0.031752 seconds.
252000 / 300000 time steps completed. t = 12.599950 s
Elapsed time is 9.097901 seconds.
Data saved at t = 12.5999 s
Elapsed time is 0.035194 seconds.
Data saved at t = 12.6099 s
Elapsed time is 0.032122 seconds.
Data saved at t = 12.6199 s
Elapsed time is 0.036758 seconds.
Data saved at t = 12.6299 s
Elapsed time is 0.032171 seconds.
Data saved at t = 12.6399 s
Elapsed time is 0.031758 seconds.
Data saved at t = 12.6499 s
Elapsed time is 0.035714 seconds.
253200 / 300000 time steps completed. t = 12.659950 s
Elapsed time is 9.067262 seconds.
Data saved at t = 12.6599 s
Elapsed time is 0.031390 seconds.
Data saved at t = 12.6699 s
Elapsed time is 0.036354 seconds.
Data saved at t = 12.6799 s
Elapsed time is 0.031059 seconds.
Data saved at t = 12.6899 s
Elapsed time is 0.031630 seconds.
Data saved at t = 12.6999 s
Elapsed time is 0.031881 seconds.
Data saved at t = 12.7099 s
Elapsed time is 0.032560 seconds.
254400 / 300000 time steps completed. t = 12.719950 s
Elapsed time is 9.102835 seconds.
Data saved at t = 12.7199 s
Elapsed time is 0.035784 seconds.
Data saved at t = 12.7299 s
Elapsed time is 0.032301 seconds.
Data saved at t = 12.7399 s
Elapsed time is 0.032074 seconds.
Data saved at t = 12.7499 s
Elapsed time is 0.031909 seconds.
Data saved at t = 12.7599 s
Elapsed time is 0.032274 seconds.
Data saved at t = 12.7699 s
Elapsed time is 0.031675 seconds.
255600 / 300000 time steps completed. t = 12.779950 s
Elapsed time is 9.066289 seconds.
Data saved at t = 12.7799 s
Elapsed time is 0.031386 seconds.
Data saved at t = 12.7899 s
Elapsed time is 0.035199 seconds.
Data saved at t = 12.7999 s
Elapsed time is 0.031413 seconds.
Data saved at t = 12.8099 s
Elapsed time is 0.031679 seconds.
Data saved at t = 12.8199 s
Elapsed time is 0.036874 seconds.
Data saved at t = 12.8299 s
Elapsed time is 0.032832 seconds.
256800 / 300000 time steps completed. t = 12.839950 s
Elapsed time is 9.062331 seconds.
Data saved at t = 12.8399 s
Elapsed time is 0.035466 seconds.
Data saved at t = 12.8499 s
Elapsed time is 0.032482 seconds.
Data saved at t = 12.8599 s
Elapsed time is 0.032264 seconds.
Data saved at t = 12.8699 s
Elapsed time is 0.032332 seconds.
Data saved at t = 12.8799 s
Elapsed time is 0.032792 seconds.
Data saved at t = 12.8899 s
Elapsed time is 0.036901 seconds.
258000 / 300000 time steps completed. t = 12.899950 s
Elapsed time is 9.073776 seconds.
Data saved at t = 12.8999 s
Elapsed time is 0.035570 seconds.
Data saved at t = 12.9099 s
Elapsed time is 0.035197 seconds.
Data saved at t = 12.9199 s
Elapsed time is 0.031256 seconds.
Data saved at t = 12.9299 s
Elapsed time is 0.031670 seconds.
Data saved at t = 12.9399 s
Elapsed time is 0.035640 seconds.
Data saved at t = 12.9499 s
Elapsed time is 0.035887 seconds.
259200 / 300000 time steps completed. t = 12.959950 s
Elapsed time is 9.083901 seconds.
Data saved at t = 12.9599 s
Elapsed time is 0.036402 seconds.
Data saved at t = 12.9699 s
Elapsed time is 0.031566 seconds.
Data saved at t = 12.9799 s
Elapsed time is 0.032906 seconds.
Data saved at t = 12.9899 s
Elapsed time is 0.036345 seconds.
Data saved at t = 12.9999 s
Elapsed time is 0.031489 seconds.
Data saved at t = 13.0099 s
Elapsed time is 0.032441 seconds.
260400 / 300000 time steps completed. t = 13.019950 s
Elapsed time is 9.073414 seconds.
Data saved at t = 13.0199 s
Elapsed time is 0.032839 seconds.
Data saved at t = 13.0299 s
Elapsed time is 0.036158 seconds.
Data saved at t = 13.0399 s
Elapsed time is 0.031473 seconds.
Data saved at t = 13.0499 s
Elapsed time is 0.031666 seconds.
Data saved at t = 13.0599 s
Elapsed time is 0.035656 seconds.
Data saved at t = 13.0699 s
Elapsed time is 0.032291 seconds.
261600 / 300000 time steps completed. t = 13.079950 s
Elapsed time is 9.083800 seconds.
Data saved at t = 13.0799 s
Elapsed time is 0.037009 seconds.
Data saved at t = 13.0899 s
Elapsed time is 0.031581 seconds.
Data saved at t = 13.0999 s
Elapsed time is 0.031817 seconds.
Data saved at t = 13.1099 s
Elapsed time is 0.031891 seconds.
Data saved at t = 13.1199 s
Elapsed time is 0.032364 seconds.
Data saved at t = 13.1299 s
Elapsed time is 0.031432 seconds.
262800 / 300000 time steps completed. t = 13.139950 s
Elapsed time is 9.060570 seconds.
Data saved at t = 13.1399 s
Elapsed time is 0.031441 seconds.
Data saved at t = 13.1499 s
Elapsed time is 0.035072 seconds.
Data saved at t = 13.1599 s
Elapsed time is 0.031822 seconds.
Data saved at t = 13.1699 s
Elapsed time is 0.032720 seconds.
Data saved at t = 13.1799 s
Elapsed time is 0.031541 seconds.
Data saved at t = 13.1899 s
Elapsed time is 0.031692 seconds.
264000 / 300000 time steps completed. t = 13.199950 s
Elapsed time is 9.088541 seconds.
Data saved at t = 13.1999 s
Elapsed time is 0.031572 seconds.
Data saved at t = 13.2099 s
Elapsed time is 0.032191 seconds.
Data saved at t = 13.2199 s
Elapsed time is 0.035600 seconds.
Data saved at t = 13.2299 s
Elapsed time is 0.037988 seconds.
Data saved at t = 13.2399 s
Elapsed time is 0.032077 seconds.
Data saved at t = 13.2499 s
Elapsed time is 0.038280 seconds.
265200 / 300000 time steps completed. t = 13.259950 s
Elapsed time is 9.086442 seconds.
Data saved at t = 13.2599 s
Elapsed time is 0.032184 seconds.
Data saved at t = 13.2699 s
Elapsed time is 0.032756 seconds.
Data saved at t = 13.2799 s
Elapsed time is 0.036979 seconds.
Data saved at t = 13.2899 s
Elapsed time is 0.034874 seconds.
Data saved at t = 13.2999 s
Elapsed time is 0.032826 seconds.
Data saved at t = 13.3099 s
Elapsed time is 0.032426 seconds.
266400 / 300000 time steps completed. t = 13.319950 s
Elapsed time is 9.065932 seconds.
Data saved at t = 13.3199 s
Elapsed time is 0.031509 seconds.
Data saved at t = 13.3299 s
Elapsed time is 0.032263 seconds.
Data saved at t = 13.3399 s
Elapsed time is 0.032883 seconds.
Data saved at t = 13.3499 s
Elapsed time is 0.037223 seconds.
Data saved at t = 13.3599 s
Elapsed time is 0.033007 seconds.
Data saved at t = 13.3699 s
Elapsed time is 0.031852 seconds.
267600 / 300000 time steps completed. t = 13.379950 s
Elapsed time is 9.093683 seconds.
Data saved at t = 13.3799 s
Elapsed time is 0.035122 seconds.
Data saved at t = 13.3899 s
Elapsed time is 0.031614 seconds.
Data saved at t = 13.3999 s
Elapsed time is 0.031844 seconds.
Data saved at t = 13.4099 s
Elapsed time is 0.031865 seconds.
Data saved at t = 13.4199 s
Elapsed time is 0.036564 seconds.
Data saved at t = 13.4299 s
Elapsed time is 0.032465 seconds.
268800 / 300000 time steps completed. t = 13.439950 s
Elapsed time is 9.059559 seconds.
Data saved at t = 13.4399 s
Elapsed time is 0.031837 seconds.
Data saved at t = 13.4499 s
Elapsed time is 0.035575 seconds.
Data saved at t = 13.4599 s
Elapsed time is 0.031892 seconds.
Data saved at t = 13.4699 s
Elapsed time is 0.035152 seconds.
Data saved at t = 13.4799 s
Elapsed time is 0.033395 seconds.
Data saved at t = 13.4899 s
Elapsed time is 0.031684 seconds.
270000 / 300000 time steps completed. t = 13.499950 s
Elapsed time is 9.087868 seconds.
Data saved at t = 13.4999 s
Elapsed time is 0.037134 seconds.
Data saved at t = 13.5099 s
Elapsed time is 0.031997 seconds.
Data saved at t = 13.5199 s
Elapsed time is 0.035231 seconds.
Data saved at t = 13.5299 s
Elapsed time is 0.081551 seconds.
Data saved at t = 13.5399 s
Elapsed time is 0.031540 seconds.
Data saved at t = 13.5499 s
Elapsed time is 0.031938 seconds.
271200 / 300000 time steps completed. t = 13.559950 s
Elapsed time is 9.068548 seconds.
Data saved at t = 13.5599 s
Elapsed time is 0.032397 seconds.
Data saved at t = 13.5699 s
Elapsed time is 0.033206 seconds.
Data saved at t = 13.5799 s
Elapsed time is 0.031971 seconds.
Data saved at t = 13.5899 s
Elapsed time is 0.031840 seconds.
Data saved at t = 13.5999 s
Elapsed time is 0.031932 seconds.
Data saved at t = 13.6099 s
Elapsed time is 0.032396 seconds.
272400 / 300000 time steps completed. t = 13.619950 s
Elapsed time is 9.043911 seconds.
Data saved at t = 13.6199 s
Elapsed time is 0.035047 seconds.
Data saved at t = 13.6299 s
Elapsed time is 0.032136 seconds.
Data saved at t = 13.6399 s
Elapsed time is 0.036813 seconds.
Data saved at t = 13.6499 s
Elapsed time is 0.031636 seconds.
Data saved at t = 13.6599 s
Elapsed time is 0.031066 seconds.
Data saved at t = 13.6699 s
Elapsed time is 0.031859 seconds.
273600 / 300000 time steps completed. t = 13.679950 s
Elapsed time is 9.089367 seconds.
Data saved at t = 13.6799 s
Elapsed time is 0.031717 seconds.
Data saved at t = 13.6899 s
Elapsed time is 0.035928 seconds.
Data saved at t = 13.6999 s
Elapsed time is 0.031635 seconds.
Data saved at t = 13.7099 s
Elapsed time is 0.033724 seconds.
Data saved at t = 13.7199 s
Elapsed time is 0.036380 seconds.
Data saved at t = 13.7299 s
Elapsed time is 0.032209 seconds.
274800 / 300000 time steps completed. t = 13.739950 s
Elapsed time is 9.076901 seconds.
Data saved at t = 13.7399 s
Elapsed time is 0.036429 seconds.
Data saved at t = 13.7499 s
Elapsed time is 0.032148 seconds.
Data saved at t = 13.7599 s
Elapsed time is 0.032276 seconds.
Data saved at t = 13.7699 s
Elapsed time is 0.032762 seconds.
Data saved at t = 13.7799 s
Elapsed time is 0.031333 seconds.
Data saved at t = 13.7899 s
Elapsed time is 0.032055 seconds.
276000 / 300000 time steps completed. t = 13.799950 s
Elapsed time is 9.040330 seconds.
Data saved at t = 13.7999 s
Elapsed time is 0.033913 seconds.
Data saved at t = 13.8099 s
Elapsed time is 0.037315 seconds.
Data saved at t = 13.8199 s
Elapsed time is 0.031526 seconds.
Data saved at t = 13.8299 s
Elapsed time is 0.031933 seconds.
Data saved at t = 13.8399 s
Elapsed time is 0.031671 seconds.
Data saved at t = 13.8499 s
Elapsed time is 0.031312 seconds.
277200 / 300000 time steps completed. t = 13.859950 s
Elapsed time is 9.019066 seconds.
Data saved at t = 13.8599 s
Elapsed time is 0.036472 seconds.
Data saved at t = 13.8699 s
Elapsed time is 0.031603 seconds.
Data saved at t = 13.8799 s
Elapsed time is 0.032130 seconds.
Data saved at t = 13.8899 s
Elapsed time is 0.035728 seconds.
Data saved at t = 13.8999 s
Elapsed time is 0.031134 seconds.
Data saved at t = 13.9099 s
Elapsed time is 0.035798 seconds.
278400 / 300000 time steps completed. t = 13.919950 s
Elapsed time is 9.034676 seconds.
Data saved at t = 13.9199 s
Elapsed time is 0.031092 seconds.
Data saved at t = 13.9299 s
Elapsed time is 0.031473 seconds.
Data saved at t = 13.9399 s
Elapsed time is 0.036151 seconds.
Data saved at t = 13.9499 s
Elapsed time is 0.031844 seconds.
Data saved at t = 13.9599 s
Elapsed time is 0.034495 seconds.
Data saved at t = 13.9699 s
Elapsed time is 0.031517 seconds.
279600 / 300000 time steps completed. t = 13.979950 s
Elapsed time is 9.034143 seconds.
Data saved at t = 13.9799 s
Elapsed time is 0.035391 seconds.
Data saved at t = 13.9899 s
Elapsed time is 0.032148 seconds.
Data saved at t = 13.9999 s
Elapsed time is 0.031683 seconds.
Data saved at t = 14.0099 s
Elapsed time is 0.036299 seconds.
Data saved at t = 14.0199 s
Elapsed time is 0.032488 seconds.
Data saved at t = 14.0299 s
Elapsed time is 0.035916 seconds.
280800 / 300000 time steps completed. t = 14.039950 s
Elapsed time is 8.793011 seconds.
Data saved at t = 14.0399 s
Elapsed time is 0.029509 seconds.
Data saved at t = 14.0499 s
Elapsed time is 0.030089 seconds.
Data saved at t = 14.0599 s
Elapsed time is 0.032177 seconds.
Data saved at t = 14.0699 s
Elapsed time is 0.028529 seconds.
Data saved at t = 14.0799 s
Elapsed time is 0.038194 seconds.
Data saved at t = 14.0899 s
Elapsed time is 0.031358 seconds.
282000 / 300000 time steps completed. t = 14.099950 s
Elapsed time is 9.006748 seconds.
Data saved at t = 14.0999 s
Elapsed time is 0.031804 seconds.
Data saved at t = 14.1099 s
Elapsed time is 0.034726 seconds.
Data saved at t = 14.1199 s
Elapsed time is 0.031355 seconds.
Data saved at t = 14.1299 s
Elapsed time is 0.036013 seconds.
Data saved at t = 14.1399 s
Elapsed time is 0.031782 seconds.
Data saved at t = 14.1499 s
Elapsed time is 0.031803 seconds.
283200 / 300000 time steps completed. t = 14.159950 s
Elapsed time is 9.031981 seconds.
Data saved at t = 14.1599 s
Elapsed time is 0.031363 seconds.
Data saved at t = 14.1699 s
Elapsed time is 0.031871 seconds.
Data saved at t = 14.1799 s
Elapsed time is 0.036810 seconds.
Data saved at t = 14.1899 s
Elapsed time is 0.031784 seconds.
Data saved at t = 14.1999 s
Elapsed time is 0.031957 seconds.
Data saved at t = 14.2099 s
Elapsed time is 0.031541 seconds.
284400 / 300000 time steps completed. t = 14.219950 s
Elapsed time is 8.957378 seconds.
Data saved at t = 14.2199 s
Elapsed time is 0.035544 seconds.
Data saved at t = 14.2299 s
Elapsed time is 0.037264 seconds.
Data saved at t = 14.2399 s
Elapsed time is 0.031017 seconds.
Data saved at t = 14.2499 s
Elapsed time is 0.032306 seconds.
Data saved at t = 14.2599 s
Elapsed time is 0.031242 seconds.
Data saved at t = 14.2699 s
Elapsed time is 0.030881 seconds.
285600 / 300000 time steps completed. t = 14.279950 s
Elapsed time is 8.982829 seconds.
Data saved at t = 14.2799 s
Elapsed time is 0.036802 seconds.
Data saved at t = 14.2899 s
Elapsed time is 0.031495 seconds.
Data saved at t = 14.2999 s
Elapsed time is 0.030694 seconds.
Data saved at t = 14.3099 s
Elapsed time is 0.032880 seconds.
Data saved at t = 14.3199 s
Elapsed time is 0.038591 seconds.
Data saved at t = 14.3299 s
Elapsed time is 0.031231 seconds.
286800 / 300000 time steps completed. t = 14.339950 s
Elapsed time is 8.951026 seconds.
Data saved at t = 14.3399 s
Elapsed time is 0.031507 seconds.
Data saved at t = 14.3499 s
Elapsed time is 0.036973 seconds.
Data saved at t = 14.3599 s
Elapsed time is 0.032265 seconds.
Data saved at t = 14.3699 s
Elapsed time is 0.036560 seconds.
Data saved at t = 14.3799 s
Elapsed time is 0.031153 seconds.
Data saved at t = 14.3899 s
Elapsed time is 0.031837 seconds.
288000 / 300000 time steps completed. t = 14.399950 s
Elapsed time is 8.976753 seconds.
Data saved at t = 14.3999 s
Elapsed time is 0.036177 seconds.
Data saved at t = 14.4099 s
Elapsed time is 0.031811 seconds.
Data saved at t = 14.4199 s
Elapsed time is 0.032679 seconds.
Data saved at t = 14.4299 s
Elapsed time is 0.031112 seconds.
Data saved at t = 14.4399 s
Elapsed time is 0.036365 seconds.
Data saved at t = 14.4499 s
Elapsed time is 0.031398 seconds.
289200 / 300000 time steps completed. t = 14.459950 s
Elapsed time is 8.982135 seconds.
Data saved at t = 14.4599 s
Elapsed time is 0.031236 seconds.
Data saved at t = 14.4699 s
Elapsed time is 0.031287 seconds.
Data saved at t = 14.4799 s
Elapsed time is 0.031576 seconds.
Data saved at t = 14.4899 s
Elapsed time is 0.035879 seconds.
Data saved at t = 14.4999 s
Elapsed time is 0.034122 seconds.
Data saved at t = 14.5099 s
Elapsed time is 0.033683 seconds.
290400 / 300000 time steps completed. t = 14.519950 s
Elapsed time is 8.971104 seconds.
Data saved at t = 14.5199 s
Elapsed time is 0.035413 seconds.
Data saved at t = 14.5299 s
Elapsed time is 0.031909 seconds.
Data saved at t = 14.5399 s
Elapsed time is 0.031799 seconds.
Data saved at t = 14.5499 s
Elapsed time is 0.031486 seconds.
Data saved at t = 14.5599 s
Elapsed time is 0.031325 seconds.
Data saved at t = 14.5699 s
Elapsed time is 0.031790 seconds.
291600 / 300000 time steps completed. t = 14.579950 s
Elapsed time is 8.971336 seconds.
Data saved at t = 14.5799 s
Elapsed time is 0.031418 seconds.
Data saved at t = 14.5899 s
Elapsed time is 0.031916 seconds.
Data saved at t = 14.5999 s
Elapsed time is 0.032541 seconds.
Data saved at t = 14.6099 s
Elapsed time is 0.031098 seconds.
Data saved at t = 14.6199 s
Elapsed time is 0.036132 seconds.
Data saved at t = 14.6299 s
Elapsed time is 0.033844 seconds.
292800 / 300000 time steps completed. t = 14.639950 s
Elapsed time is 8.979375 seconds.
Data saved at t = 14.6399 s
Elapsed time is 0.037237 seconds.
Data saved at t = 14.6499 s
Elapsed time is 0.031262 seconds.
Data saved at t = 14.6599 s
Elapsed time is 0.031519 seconds.
Data saved at t = 14.6699 s
Elapsed time is 0.031547 seconds.
Data saved at t = 14.6799 s
Elapsed time is 0.031238 seconds.
Data saved at t = 14.6899 s
Elapsed time is 0.036177 seconds.
294000 / 300000 time steps completed. t = 14.699950 s
Elapsed time is 8.977492 seconds.
Data saved at t = 14.6999 s
Elapsed time is 0.031283 seconds.
Data saved at t = 14.7099 s
Elapsed time is 0.031621 seconds.
Data saved at t = 14.7199 s
Elapsed time is 0.032554 seconds.
Data saved at t = 14.7299 s
Elapsed time is 0.031235 seconds.
Data saved at t = 14.7399 s
Elapsed time is 0.036692 seconds.
Data saved at t = 14.7499 s
Elapsed time is 0.031643 seconds.
295200 / 300000 time steps completed. t = 14.759950 s
Elapsed time is 8.968396 seconds.
Data saved at t = 14.7599 s
Elapsed time is 0.110488 seconds.
Data saved at t = 14.7699 s
Elapsed time is 0.032228 seconds.
Data saved at t = 14.7799 s
Elapsed time is 0.032091 seconds.
Data saved at t = 14.7899 s
Elapsed time is 0.031762 seconds.
Data saved at t = 14.7999 s
Elapsed time is 0.031939 seconds.
Data saved at t = 14.8099 s
Elapsed time is 0.031563 seconds.
296400 / 300000 time steps completed. t = 14.819950 s
Elapsed time is 8.955493 seconds.
Data saved at t = 14.8199 s
Elapsed time is 0.031184 seconds.
Data saved at t = 14.8299 s
Elapsed time is 0.035784 seconds.
Data saved at t = 14.8399 s
Elapsed time is 0.032303 seconds.
Data saved at t = 14.8499 s
Elapsed time is 0.031724 seconds.
Data saved at t = 14.8599 s
Elapsed time is 0.036044 seconds.
Data saved at t = 14.8699 s
Elapsed time is 0.031745 seconds.
297600 / 300000 time steps completed. t = 14.879950 s
Elapsed time is 8.984770 seconds.
Data saved at t = 14.8799 s
Elapsed time is 0.031328 seconds.
Data saved at t = 14.8899 s
Elapsed time is 0.032496 seconds.
Data saved at t = 14.8999 s
Elapsed time is 0.035493 seconds.
Data saved at t = 14.9099 s
Elapsed time is 0.031270 seconds.
Data saved at t = 14.9199 s
Elapsed time is 0.032498 seconds.
Data saved at t = 14.9299 s
Elapsed time is 0.035408 seconds.
298800 / 300000 time steps completed. t = 14.939950 s
Elapsed time is 8.983868 seconds.
Data saved at t = 14.9399 s
Elapsed time is 0.030903 seconds.
Data saved at t = 14.9499 s
Elapsed time is 0.030524 seconds.
Data saved at t = 14.9599 s
Elapsed time is 0.031520 seconds.
Data saved at t = 14.9699 s
Elapsed time is 0.030638 seconds.
Data saved at t = 14.9799 s
Elapsed time is 0.031312 seconds.
Data saved at t = 14.9899 s
Elapsed time is 0.031395 seconds.
300000 / 300000 time steps completed. t = 14.999950 s
Elapsed time is 8.969351 seconds.
Data saved at t = 14.9999 s
Elapsed time is 0.031870 seconds.
[2026-07-07T16:46:43.686] error: *** JOB 36519059 ON c0704a-s19 CANCELLED AT 2026-07-07T16:46:43 DUE to SIGNAL Terminated ***
