Wed Jul 15 04:21:58 PM EDT 2026
c0711a-s30.ufhpc
LX: 256.00000000
MAXlevel: 12
Us: 1.27808525
Re: 260.38147774
Ca: 0.12838080
T0: 0.66666667
LY: 4.00000000
t dt mgp.i mgpf.i mgu.i grid->tn perf.t perf.speed
0 4.54545e-06 0 0 0 262144 0 0

Pressure Residuals 
Velocity Residuals 
N: 262144
Delta: 0.0625 , 0.0625
Domain: 
x : 0 -> 255.969. 
y : 0 -> 3.96875
4.54545e-06 4.54545e-06 2 0 2 262144 1.90556 137568

Pressure Residuals  	 - 	 2 5411.42 105.985 7.14552 4 
Velocity Residuals  	 - 	 2 1.18837e-06 8.49279e-16 37406.8 4 
1.32226e-05 8.67715e-06 2 0 2 262144 1.94139 270057

Pressure Residuals  	 - 	 2 3823.43 66.9694 7.55594 4 
Velocity Residuals  	 - 	 2 2.26857e-06 8.88006e-16 50543.8 4 
2.56557e-05 1.24331e-05 2 0 2 262144 1.97744 397701

Pressure Residuals  	 - 	 2 929.535 12.5944 8.591 4 
Velocity Residuals  	 - 	 2 3.25068e-06 8.87577e-16 60517.9 4 
4.15045e-05 1.58488e-05 2 0 2 262144 2.01355 520760

Pressure Residuals  	 - 	 2 468.47 12.5852 6.10113 4 
Velocity Residuals  	 - 	 2 4.14402e-06 8.8775e-16 68322.8 4 
6.04576e-05 1.89531e-05 2 0 2 262144 2.04885 639735

Pressure Residuals  	 - 	 2 506.508 12.6806 6.32009 4 
Velocity Residuals  	 - 	 2 4.95618e-06 8.88071e-16 74705 4 
8.22309e-05 2.17733e-05 2 0 2 262144 2.08389 754774

Pressure Residuals  	 - 	 2 530.279 12.7967 6.43728 4 
Velocity Residuals  	 - 	 2 5.69442e-06 8.8759e-16 80097.5 4 
0.000106571 2.43405e-05 2 0 2 262144 2.11941 865810

Pressure Residuals  	 - 	 2 549.603 12.9246 6.52103 4 
Velocity Residuals  	 - 	 2 6.36698e-06 8.88152e-16 84668.7 4 
0.000133245 2.66738e-05 2 0 2 262144 2.15426 973493

Pressure Residuals  	 - 	 2 568.138 13.0625 6.59497 4 
Velocity Residuals  	 - 	 2 6.97899e-06 8.87991e-16 88652.7 4 
0.000162034 2.87883e-05 2 0 2 262144 2.18908 1.07776e+06

Pressure Residuals  	 - 	 2 586.986 13.1915 6.67063 4 
Velocity Residuals  	 - 	 2 7.53458e-06 8.88117e-16 92107.4 4 
0.000192753 3.07194e-05 2 0 2 262144 2.22323 1.17912e+06

Pressure Residuals  	 - 	 2 604.021 13.2999 6.7391 4 
Velocity Residuals  	 - 	 2 8.04313e-06 8.87738e-16 95185.3 4 
0.000225221 3.24682e-05 2 0 2 262144 2.25729 1.27745e+06

Pressure Residuals  	 - 	 2 624.494 13.4565 6.81238 4 
Velocity Residuals  	 - 	 2 8.50514e-06 8.88051e-16 97863.7 4 
0.000259286 3.40645e-05 2 0 2 262144 2.29219 1.37237e+06

Pressure Residuals  	 - 	 2 642.415 13.5789 6.87821 4 
Velocity Residuals  	 - 	 2 8.92844e-06 8.88059e-16 100269 4 
0.000294793 3.55076e-05 2 0 2 262144 2.32697 1.46451e+06

Pressure Residuals  	 - 	 2 662.303 13.7525 6.93965 4 
Velocity Residuals  	 - 	 2 9.31287e-06 8.88029e-16 102407 4 
0.000331625 3.68324e-05 2 0 2 262144 2.36169 1.55398e+06

Pressure Residuals  	 - 	 2 677.857 13.8679 6.99138 4 
Velocity Residuals  	 - 	 2 9.66733e-06 8.88098e-16 104333 4 
0.000369652 3.80269e-05 2 0 2 262144 2.39722 1.6403e+06

Pressure Residuals  	 - 	 2 697.361 14.0785 7.03802 4 
Velocity Residuals  	 - 	 2 9.99579e-06 8.87981e-16 106098 4 
0.000408769 3.91167e-05 2 0 2 262144 2.43242 1.72434e+06

Pressure Residuals  	 - 	 2 713.449 14.2685 7.07119 4 
Velocity Residuals  	 - 	 2 1.03056e-05 8.88108e-16 107722 4 
0.000448862 4.00931e-05 2 0 2 262144 2.46705 1.80639e+06

Pressure Residuals  	 - 	 2 733.174 14.4008 7.13526 4 
Velocity Residuals  	 - 	 2 1.05936e-05 8.87868e-16 109231 4 
0.000489863 4.10013e-05 2 0 2 262144 2.50166 1.88618e+06

Pressure Residuals  	 - 	 2 744.171 14.5032 7.16315 4 
Velocity Residuals  	 - 	 2 1.08725e-05 8.88037e-16 110650 4 
0.000531674 4.1811e-05 2 0 2 262144 2.53774 1.96267e+06

Pressure Residuals  	 - 	 2 763.821 14.5792 7.23817 4 
Velocity Residuals  	 - 	 2 1.11341e-05 8.88131e-16 111967 4 
0.000574237 4.25624e-05 2 0 2 262144 2.57243 2.0381e+06

Pressure Residuals  	 - 	 2 774.682 14.7459 7.24813 4 
Velocity Residuals  	 - 	 2 1.13871e-05 8.88103e-16 113234 4 
0.000617465 4.32286e-05 2 0 2 262144 2.60705 2.11159e+06

Pressure Residuals  	 - 	 2 794.173 14.9192 7.296 4 
Velocity Residuals  	 - 	 2 1.162e-05 8.88116e-16 114385 4 
0.000661304 4.38388e-05 2 0 2 262144 2.64248 2.18248e+06

Pressure Residuals  	 - 	 2 806.895 15.0081 7.33238 4 
Velocity Residuals  	 - 	 2 1.18368e-05 8.87763e-16 115470 4 
0.000705711 4.44071e-05 2 0 2 262144 2.67788 2.25152e+06

Pressure Residuals  	 - 	 2 816.665 15.1287 7.34718 4 
Velocity Residuals  	 - 	 2 1.21675e-05 8.8814e-16 117047 4 
0.000750621 4.49092e-05 2 0 2 262144 2.71263 2.31932e+06

Pressure Residuals  	 - 	 2 835.075 15.2012 7.41182 4 
Velocity Residuals  	 - 	 2 1.25326e-05 8.87335e-16 118844 4 
0.000796002 4.53815e-05 2 0 2 262144 2.74742 2.38537e+06

Pressure Residuals  	 - 	 2 842.826 15.3606 7.40737 4 
Velocity Residuals  	 - 	 2 1.29452e-05 8.88015e-16 120738 4 
0.000841803 4.58006e-05 2 0 2 262144 2.78329 2.44881e+06

Pressure Residuals  	 - 	 2 859.637 15.4659 7.45539 4 
Velocity Residuals  	 - 	 2 1.33881e-05 8.8813e-16 122778 4 
0.000887987 4.61845e-05 2 0 2 262144 2.81783 2.51182e+06

Pressure Residuals  	 - 	 2 870.85 15.6108 7.46894 4 
Velocity Residuals  	 - 	 2 1.38521e-05 8.87991e-16 124897 4 
0.000934519 4.65315e-05 2 0 2 262144 2.85222 2.57345e+06

Pressure Residuals  	 - 	 2 883.638 15.7459 7.49124 4 
Velocity Residuals  	 - 	 2 1.43141e-05 8.87613e-16 126990 4 
0.000981358 4.68395e-05 2 0 2 262144 2.88739 2.63289e+06

Pressure Residuals  	 - 	 2 897.936 15.7911 7.54079 4 
Velocity Residuals  	 - 	 2 1.47363e-05 8.88155e-16 128810 4 
0.00102849 4.71293e-05 2 0 2 262144 2.92237 2.69108e+06

Pressure Residuals  	 - 	 2 904.695 15.8761 7.54881 4 
Velocity Residuals  	 - 	 2 1.5078e-05 8.87786e-16 130322 4 
0.00107586 4.73775e-05 2 0 2 262144 2.95664 2.74855e+06

Pressure Residuals  	 - 	 2 922.334 15.9695 7.59973 4 
Velocity Residuals  	 - 	 2 1.53019e-05 8.88161e-16 131258 4 
0.00112349 4.76284e-05 2 0 2 262144 2.9908 2.8048e+06

Pressure Residuals  	 - 	 2 921.424 16.0659 7.57317 4 
Velocity Residuals  	 - 	 2 1.57701e-05 8.88123e-16 133254 4 
0.00117133 4.78358e-05 2 0 2 262144 3.02532 2.85945e+06

Pressure Residuals  	 - 	 2 942.432 16.1716 7.63393 4 
Velocity Residuals  	 - 	 2 1.62847e-05 8.88158e-16 135408 4 
0.00121935 4.80217e-05 2 0 2 262144 3.05916 2.91351e+06

Pressure Residuals  	 - 	 2 953.276 16.2662 7.65537 4 
Velocity Residuals  	 - 	 2 1.66879e-05 8.87816e-16 137101 4 
0.00126756 4.82092e-05 2 0 2 262144 3.09296 2.96642e+06

Pressure Residuals  	 - 	 2 952.89 16.2775 7.65117 4 
Velocity Residuals  	 - 	 2 1.69639e-05 8.87967e-16 138218 4 
0.00131593 4.83745e-05 2 0 2 262144 3.12772 3.01728e+06

Pressure Residuals  	 - 	 2 963.782 16.2597 7.69898 4 
Velocity Residuals  	 - 	 2 1.7106e-05 8.8771e-16 138816 4 
0.00136445 4.85172e-05 2 0 2 262144 3.16151 3.06794e+06

Pressure Residuals  	 - 	 2 974.068 16.441 7.69716 4 
Velocity Residuals  	 - 	 2 1.78133e-05 8.88136e-16 141622 4 
0.00141311 4.86609e-05 2 0 2 262144 3.1952 3.11763e+06

Pressure Residuals  	 - 	 2 970.255 16.652 7.63326 4 
Velocity Residuals  	 - 	 2 1.88344e-05 8.8814e-16 145625 4 
0.00146189 4.87812e-05 2 0 2 262144 3.22806 3.16711e+06

Pressure Residuals  	 - 	 2 978.162 16.7619 7.63914 4 
Velocity Residuals  	 - 	 2 1.98986e-05 8.87702e-16 149719 4 
0.00151077 4.8878e-05 2 0 2 262144 3.26083 3.21567e+06

Pressure Residuals  	 - 	 2 983.855 16.8225 7.64752 4 
Velocity Residuals  	 - 	 2 2.09934e-05 8.88168e-16 153742 4 
0.00155975 4.89753e-05 2 0 2 262144 3.294 3.26287e+06

Pressure Residuals  	 - 	 2 972.579 16.8523 7.59683 4 
Velocity Residuals  	 - 	 2 2.1993e-05 8.88118e-16 157365 4 
0.00160882 4.90729e-05 2 0 2 262144 3.3271 3.30921e+06

Pressure Residuals  	 - 	 2 957.086 16.8534 7.53584 4 
Velocity Residuals  	 - 	 2 2.28468e-05 8.88073e-16 160394 4 
0.00165797 4.91464e-05 2 0 2 262144 3.36012 3.3547e+06

Pressure Residuals  	 - 	 2 952.954 16.8738 7.51502 4 
Velocity Residuals  	 - 	 2 2.34735e-05 8.88103e-16 162576 4 
0.00170721 4.92449e-05 2 0 2 262144 3.3935 3.39895e+06

Pressure Residuals  	 - 	 2 911.341 16.891 7.34535 4 
Velocity Residuals  	 - 	 2 2.38916e-05 8.88092e-16 164019 4 
0.00175651 4.92943e-05 2 0 2 262144 3.42678 3.44244e+06

Pressure Residuals  	 - 	 2 913.904 17.0333 7.32488 4 
Velocity Residuals  	 - 	 2 2.4079e-05 8.88058e-16 164664 4 
0.00180587 4.93686e-05 2 0 2 262144 3.45946 3.48569e+06

Pressure Residuals  	 - 	 2 859.569 17.1011 7.08971 4 
Velocity Residuals  	 - 	 2 2.52702e-05 8.87921e-16 168701 4 
0.00185529 4.94183e-05 2 0 2 262144 3.49221 3.52808e+06

Pressure Residuals  	 - 	 2 835.023 17.2146 6.96468 4 
Velocity Residuals  	 - 	 2 2.63077e-05 8.88167e-16 172105 4 
0.00190476 4.94681e-05 2 0 2 262144 3.52555 3.56907e+06

Pressure Residuals  	 - 	 2 786.404 17.3014 6.7419 4 
Velocity Residuals  	 - 	 2 2.71439e-05 8.8778e-16 174857 4 
0.00195428 4.9518e-05 2 0 2 262144 3.55829 3.6099e+06

Pressure Residuals  	 - 	 2 732.419 17.2636 6.51349 4 
Velocity Residuals  	 - 	 2 2.77399e-05 8.88052e-16 176739 4 
0.00200385 4.95681e-05 2 0 2 262144 3.59102 3.65e+06

Pressure Residuals  	 - 	 2 694.324 17.2999 6.33519 4 
Velocity Residuals  	 - 	 2 2.808e-05 8.88092e-16 177815 4 
0.00205344 4.95932e-05 2 0 2 262144 3.62475 3.68835e+06

Pressure Residuals  	 - 	 2 678.937 17.3724 6.2515 4 
Velocity Residuals  	 - 	 2 2.816e-05 8.88127e-16 178065 4 
0.00210308 4.96435e-05 2 0 2 262144 3.65812 3.72637e+06

Pressure Residuals  	 - 	 2 633.051 17.4025 6.03133 4 
Velocity Residuals  	 - 	 2 2.88123e-05 8.87996e-16 180129 4 
0.00215275 4.96687e-05 2 0 2 262144 3.69097 3.76422e+06

Pressure Residuals  	 - 	 2 611.024 17.3763 5.92994 4 
Velocity Residuals  	 - 	 2 3.01652e-05 8.88147e-16 184294 4 
0.00220245 4.96939e-05 2 0 2 262144 3.72379 3.80144e+06

Pressure Residuals  	 - 	 2 572.419 17.4881 5.72118 4 
Velocity Residuals  	 - 	 2 3.15797e-05 8.87862e-16 188595 4 
0.00225217 4.97191e-05 2 0 2 262144 3.75724 3.83737e+06

Pressure Residuals  	 - 	 2 530.476 17.5327 5.50059 4 
Velocity Residuals  	 - 	 2 3.3056e-05 8.87951e-16 192944 4 
0.00230191 4.97444e-05 2 0 2 262144 3.79017 3.87319e+06

Pressure Residuals  	 - 	 2 508.081 17.5749 5.37675 4 
Velocity Residuals  	 - 	 2 3.45949e-05 8.88164e-16 197360 4 
0.00235168 4.97698e-05 2 0 2 262144 3.82295 3.90855e+06

Pressure Residuals  	 - 	 2 486.686 17.6284 5.25434 4 
Velocity Residuals  	 - 	 2 3.61967e-05 8.88148e-16 201879 4 
0.00240147 4.97952e-05 2 0 2 262144 3.85782 3.94117e+06

Pressure Residuals  	 - 	 2 462.559 17.7489 5.10503 4 
Velocity Residuals  	 - 	 2 3.78618e-05 8.87762e-16 206515 4 
0.00245127 4.97952e-05 2 0 2 262144 3.89071 3.97523e+06

Pressure Residuals  	 - 	 2 447.698 18.1949 4.96042 4 
Velocity Residuals  	 - 	 2 3.95697e-05 8.87853e-16 211111 4 
0.00250109 4.98206e-05 2 0 2 262144 3.92384 4.00848e+06

Pressure Residuals  	 - 	 2 408.363 18.2798 4.72647 4 
Velocity Residuals  	 - 	 2 4.13609e-05 8.8805e-16 215812 4 
0.00255094 4.98461e-05 2 0 2 262144 3.95789 4.04023e+06

Pressure Residuals  	 - 	 2 383.083 18.1532 4.59378 4 
Velocity Residuals  	 - 	 2 4.32167e-05 8.8786e-16 220624 4 
0.00260078 4.98461e-05 2 0 2 262144 3.99166 4.07172e+06

Pressure Residuals  	 - 	 2 374.965 17.8566 4.58244 4 
Velocity Residuals  	 - 	 2 4.51132e-05 8.88125e-16 225380 4 
0.00265065 4.98716e-05 2 0 2 262144 4.02496 4.10317e+06

Pressure Residuals  	 - 	 2 356.54 17.8964 4.46345 4 
Velocity Residuals  	 - 	 2 4.70969e-05 8.87871e-16 230315 4 
0.00270053 4.98716e-05 2 0 2 262144 4.05833 4.13402e+06

Pressure Residuals  	 - 	 2 354.05 17.8522 4.45335 4 
Velocity Residuals  	 - 	 2 4.91199e-05 8.88096e-16 235179 4 
0.00275042 4.98972e-05 2 0 2 262144 4.09296 4.16309e+06

Pressure Residuals  	 - 	 2 361.274 17.8746 4.49573 4 
Velocity Residuals  	 - 	 2 5.12326e-05 8.87948e-16 240204 4 
0.00280032 4.98972e-05 2 0 2 262144 4.1277 4.19156e+06

Pressure Residuals  	 - 	 2 399.456 17.9433 4.71828 4 
Velocity Residuals  	 - 	 2 5.33828e-05 8.86709e-16 245363 4 
0.00285022 4.98972e-05 2 0 2 262144 4.16141 4.2206e+06

Pressure Residuals  	 - 	 2 457.026 18.0154 5.03673 4 
Velocity Residuals  	 - 	 2 5.55957e-05 8.88078e-16 250204 4 
0.00290014 4.99228e-05 2 0 2 262144 4.19471 4.24959e+06

Pressure Residuals  	 - 	 2 529.994 18.0675 5.41609 4 
Velocity Residuals  	 - 	 2 5.79023e-05 8.88132e-16 255334 4 
0.00295006 4.99228e-05 2 0 2 262144 4.22721 4.27893e+06

Pressure Residuals  	 - 	 2 556.627 18.0675 5.55051 4 
Velocity Residuals  	 - 	 2 6.02434e-05 8.87907e-16 260478 4 
0.00299999 4.99228e-05 2 0 2 262144 4.25968 4.30785e+06

Pressure Residuals  	 - 	 2 597.261 18.1016 5.74413 4 
Velocity Residuals  	 - 	 2 6.26476e-05 8.87792e-16 265642 4 
0.00304991 4.99228e-05 2 0 2 262144 4.29334 4.33514e+06

Pressure Residuals  	 - 	 2 633.271 18.0899 5.91666 4 
Velocity Residuals  	 - 	 2 6.5115e-05 8.88146e-16 270769 4 
0.00309983 4.99228e-05 2 0 2 262144 4.32726 4.36173e+06

Pressure Residuals  	 - 	 2 666.939 18.2951 6.03775 4 
Velocity Residuals  	 - 	 2 6.76456e-05 8.87967e-16 276008 4 
0.00314978 4.99485e-05 2 0 2 262144 4.36049 4.38862e+06

Pressure Residuals  	 - 	 2 716.144 18.0675 6.29581 4 
Velocity Residuals  	 - 	 2 7.02771e-05 8.88168e-16 281293 4 
0.00319973 4.99485e-05 2 0 2 262144 4.39365 4.41515e+06

Pressure Residuals  	 - 	 2 726.272 18.0932 6.33565 4 
Velocity Residuals  	 - 	 2 7.2937e-05 8.87377e-16 286695 4 
0.00324968 4.99485e-05 2 0 2 262144 4.42743 4.44068e+06

Pressure Residuals  	 - 	 2 753.925 18.0974 6.45441 4 
Velocity Residuals  	 - 	 2 7.56605e-05 8.88033e-16 291891 4 
0.00329963 4.99485e-05 2 0 2 262144 4.46063 4.46639e+06

Pressure Residuals  	 - 	 2 779.372 18.074 6.56667 4 
Velocity Residuals  	 - 	 2 7.84474e-05 8.88077e-16 297210 4 
0.00334957 4.99485e-05 2 0 2 262144 4.49376 4.4918e+06

Pressure Residuals  	 - 	 2 803.474 18.0837 6.66565 4 
Velocity Residuals  	 - 	 2 8.12977e-05 8.88176e-16 302545 4 
0.00339952 4.99485e-05 2 0 2 262144 4.52796 4.51578e+06

Pressure Residuals  	 - 	 2 826.187 18.0826 6.7594 4 
Velocity Residuals  	 - 	 2 8.42116e-05 8.88065e-16 307938 4 
0.00344947 4.99485e-05 2 0 2 262144 4.56183 4.53971e+06

Pressure Residuals  	 - 	 2 847.267 17.9632 6.86782 4 
Velocity Residuals  	 - 	 2 8.7189e-05 8.8802e-16 313343 4 
0.00349945 4.99744e-05 2 0 2 262144 4.59511 4.56387e+06

Pressure Residuals  	 - 	 2 882.565 18.0307 6.99627 4 
Velocity Residuals  	 - 	 2 9.02781e-05 8.87747e-16 318894 4 
0.00354942 4.99744e-05 2 0 2 262144 4.62833 4.58776e+06

Pressure Residuals  	 - 	 2 885.572 18.1141 6.99204 4 
Velocity Residuals  	 - 	 2 9.33857e-05 8.88072e-16 324277 4 
0.00359939 4.99744e-05 2 0 2 262144 4.66231 4.61054e+06

Pressure Residuals  	 - 	 2 903.28 18.3376 7.01843 4 
Velocity Residuals  	 - 	 2 9.65569e-05 8.88152e-16 329722 4 
0.00364937 4.99744e-05 2 0 2 262144 4.69542 4.63386e+06

Pressure Residuals  	 - 	 2 919.87 18.3716 7.07602 4 
Velocity Residuals  	 - 	 2 9.97917e-05 8.88027e-16 335223 4 
0.00369934 4.99744e-05 2 0 2 262144 4.72863 4.65676e+06

Pressure Residuals  	 - 	 2 934.765 17.8997 7.2265 4 
Velocity Residuals  	 - 	 2 0.00010309 8.88145e-16 340695 4 
0.00374932 4.99744e-05 2 0 2 262144 4.76256 4.67863e+06

Pressure Residuals  	 - 	 2 946.507 17.5453 7.34483 4 
Velocity Residuals  	 - 	 2 0.000106452 8.8815e-16 346205 4 
0.00379929 4.99744e-05 2 0 2 262144 4.79592 4.70074e+06

Pressure Residuals  	 - 	 2 957.274 17.4726 7.40185 4 
Velocity Residuals  	 - 	 2 0.000109877 8.88058e-16 351749 4 
0.00384927 4.99744e-05 2 0 2 262144 4.8292 4.72263e+06

Pressure Residuals  	 - 	 2 968.455 17.3077 7.48032 4 
Velocity Residuals  	 - 	 2 0.000113366 8.88003e-16 357301 4 
0.00389924 4.99744e-05 2 0 2 262144 4.86313 4.74359e+06

Pressure Residuals  	 - 	 2 979.593 16.9253 7.60773 4 
Velocity Residuals  	 - 	 2 0.000116919 8.88168e-16 362823 4 
0.00394921 4.99744e-05 2 0 2 262144 4.89703 4.76427e+06

Pressure Residuals  	 - 	 2 991.086 16.6145 7.72347 4 
Velocity Residuals  	 - 	 2 0.000120534 8.87999e-16 368425 4 
0.00399919 4.99744e-05 2 0 2 262144 4.93043 4.78518e+06

Pressure Residuals  	 - 	 2 1003.56 16.2242 7.86484 4 
Velocity Residuals  	 - 	 2 0.000124214 8.87997e-16 374006 4 
0.00404916 4.99744e-05 2 0 2 262144 4.96374 4.80587e+06

Pressure Residuals  	 - 	 2 1018.62 15.8344 8.02059 4 
Velocity Residuals  	 - 	 2 0.000127956 8.88123e-16 379572 4 
0.00409914 4.99744e-05 2 0 2 262144 4.99747 4.8259e+06

Pressure Residuals  	 - 	 2 1032.65 15.3633 8.19852 4 
Velocity Residuals  	 - 	 2 0.000131762 8.87792e-16 385247 4 
0.00414911 4.99744e-05 2 0 2 262144 5.0307 4.84612e+06

Pressure Residuals  	 - 	 2 1044.41 14.7488 8.41507 4 
Velocity Residuals  	 - 	 2 0.000135631 8.88164e-16 390780 4 
0.00419909 4.99744e-05 2 0 2 262144 5.06398 4.86604e+06

Pressure Residuals  	 - 	 2 1055.04 14.0522 8.66485 4 
Velocity Residuals  	 - 	 2 0.000139563 8.88055e-16 396429 4 
0.00424906 4.99744e-05 2 0 2 262144 5.09854 4.88447e+06

Pressure Residuals  	 - 	 2 1066 13.3128 8.94839 4 
Velocity Residuals  	 - 	 2 0.000143558 8.88103e-16 402052 4 
0.00429904 4.99744e-05 2 0 2 262144 5.13241 4.90332e+06

Pressure Residuals  	 - 	 2 1077.36 12.4482 9.30308 4 
Velocity Residuals  	 - 	 2 0.000147616 8.8794e-16 407732 4 
0.00434901 4.99744e-05 2 0 2 262144 5.16571 4.92246e+06

Pressure Residuals  	 - 	 2 1088.96 12.5009 9.33332 4 
Velocity Residuals  	 - 	 2 0.000151737 8.88053e-16 413358 4 
0.00439898 4.99744e-05 2 0 2 262144 5.1989 4.94146e+06

Pressure Residuals  	 - 	 2 1100.14 17.9 7.83965 4 
Velocity Residuals  	 - 	 2 0.000155921 8.88056e-16 419018 4 
0.00444896 4.99744e-05 2 0 2 262144 5.23155 4.96072e+06

Pressure Residuals  	 - 	 2 1281.47 23.3117 7.41425 4 
Velocity Residuals  	 - 	 2 0.000160168 8.87929e-16 424716 4 
0.00449893 4.99744e-05 2 0 2 262144 5.26426 4.97969e+06

Pressure Residuals  	 - 	 2 1445.92 25.7415 7.49471 4 
Velocity Residuals  	 - 	 2 0.000164478 8.88166e-16 430335 4 
0.00454891 4.99744e-05 2 0 2 262144 5.29796 4.99749e+06

Pressure Residuals  	 - 	 2 1333.76 24.8827 7.32134 4 
Velocity Residuals  	 - 	 2 0.00016885 8.88092e-16 436035 4 
0.00459888 4.99744e-05 2 0 2 262144 5.33165 5.01508e+06

Pressure Residuals  	 - 	 2 1236.57 22.2024 7.46292 4 
Velocity Residuals  	 - 	 2 0.000173285 8.88175e-16 441703 4 
0.00464886 4.99744e-05 2 0 2 262144 5.36479 5.03297e+06

Pressure Residuals  	 - 	 2 1142.51 19.1136 7.73142 4 
Velocity Residuals  	 - 	 2 0.000177782 8.8805e-16 447430 4 
0.00469883 4.99744e-05 2 0 2 262144 5.398 5.05057e+06

Pressure Residuals  	 - 	 2 1150.47 16.3188 8.39641 4 
Velocity Residuals  	 - 	 2 0.000182342 8.88089e-16 453122 4 
0.00474881 4.99744e-05 2 0 2 262144 5.43244 5.06681e+06

Pressure Residuals  	 - 	 2 1158.53 13.7914 9.16536 4 
Velocity Residuals  	 - 	 2 0.000186964 8.87844e-16 458892 4 
0.00479878 4.99744e-05 2 0 2 262144 5.46616 5.08351e+06

Pressure Residuals  	 - 	 2 1166.27 13.0903 9.43899 4 
Velocity Residuals  	 - 	 2 0.000191649 8.87865e-16 464600 4 
0.00484875 4.99744e-05 2 0 2 262144 5.49935 5.10049e+06

Pressure Residuals  	 - 	 2 1173.82 13.1565 9.44562 4 
Velocity Residuals  	 - 	 2 0.000196395 8.87899e-16 470309 4 
0.00489873 4.99744e-05 2 0 2 262144 5.53253 5.11729e+06

Pressure Residuals  	 - 	 2 1181.24 13.2251 9.45081 4 
Velocity Residuals  	 - 	 2 0.000201204 8.87985e-16 476009 4 
0.0049487 4.99744e-05 2 0 2 262144 5.5663 5.13334e+06

Pressure Residuals  	 - 	 2 1188.15 13.2426 9.47214 4 
Velocity Residuals  	 - 	 2 0.000206075 8.87874e-16 481766 4 
0.00499868 4.99744e-05 2 0 2 262144 5.59938 5.14982e+06

Pressure Residuals  	 - 	 2 1193.2 13.2823 9.47806 4 
Velocity Residuals  	 - 	 2 0.000211007 8.88142e-16 487425 4 
0.00504865 4.99744e-05 2 0 2 262144 5.63254 5.16605e+06

Pressure Residuals  	 - 	 2 1198.9 13.3849 9.46419 4 
Velocity Residuals  	 - 	 2 0.000216002 8.88114e-16 493167 4 
0.00509863 4.99744e-05 2 0 2 262144 5.66686 5.18102e+06

Pressure Residuals  	 - 	 2 1205.72 13.493 9.45297 4 
Velocity Residuals  	 - 	 2 0.000221058 8.87865e-16 498976 4 
0.0051486 4.99744e-05 2 0 2 262144 5.70106 5.19592e+06

Pressure Residuals  	 - 	 2 1212.17 13.5888 9.44476 4 
Velocity Residuals  	 - 	 2 0.000226176 8.88101e-16 504652 4 
0.00519857 4.99744e-05 2 0 2 262144 5.73456 5.21128e+06

Pressure Residuals  	 - 	 2 1218.4 13.6842 9.43595 4 
Velocity Residuals  	 - 	 2 0.000231355 8.88076e-16 510404 4 
0.00524855 4.99744e-05 2 0 2 262144 5.76798 5.22654e+06

Pressure Residuals  	 - 	 2 1225.07 13.7992 9.42224 4 
Velocity Residuals  	 - 	 2 0.000236596 8.88134e-16 516136 4 
0.00529852 4.99744e-05 2 0 2 262144 5.80202 5.24105e+06

Pressure Residuals  	 - 	 2 1232.09 14.3341 9.2712 4 
Velocity Residuals  	 - 	 2 0.000241898 8.88175e-16 521875 4 
0.0053485 4.99744e-05 2 0 2 262144 5.8354 5.256e+06

Pressure Residuals  	 - 	 2 1237.06 14.7225 9.1665 4 
Velocity Residuals  	 - 	 2 0.000247228 8.87946e-16 527662 4 
0.00539847 4.99744e-05 2 0 2 262144 5.86881 5.27075e+06

Pressure Residuals  	 - 	 2 1240.16 14.6008 9.21617 4 
Velocity Residuals  	 - 	 2 0.000252561 8.88158e-16 533259 4 
0.00544845 4.99744e-05 2 0 2 262144 5.90267 5.28492e+06

Pressure Residuals  	 - 	 2 1241.93 14.7434 9.17805 4 
Velocity Residuals  	 - 	 2 0.000257894 8.87889e-16 538941 4 
0.00549842 4.99744e-05 2 0 2 262144 5.93594 5.29946e+06

Pressure Residuals  	 - 	 2 1251.16 15.5594 8.96728 4 
Velocity Residuals  	 - 	 2 0.000263224 8.8784e-16 544497 4 
0.0055484 4.99744e-05 2 0 2 262144 5.96931 5.31375e+06

Pressure Residuals  	 - 	 2 1262.09 16.8524 8.65393 4 
Velocity Residuals  	 - 	 2 0.000268551 8.88176e-16 549875 4 
0.00559837 4.99744e-05 2 0 2 262144 6.00364 5.32703e+06

Pressure Residuals  	 - 	 2 1270.04 18.2298 8.34675 4 
Velocity Residuals  	 - 	 2 0.000273872 8.87109e-16 555629 4 
0.00564834 4.99744e-05 2 0 2 262144 6.03756 5.34052e+06

Pressure Residuals  	 - 	 2 1967.4 19.8325 9.95995 4 
Velocity Residuals  	 - 	 2 0.000279133 8.87777e-16 560730 4 
0.00569832 4.99744e-05 2 0 2 262144 6.07081 5.35445e+06

Pressure Residuals  	 - 	 2 1813.54 19.5376 9.63448 4 
Velocity Residuals  	 - 	 2 0.000284329 8.8818e-16 565796 4 
0.00574829 4.99744e-05 2 0 2 262144 6.10419 5.36811e+06

Pressure Residuals  	 - 	 2 2470.64 20.5056 10.9766 4 
Velocity Residuals  	 - 	 2 0.000289417 8.87898e-16 570927 4 
0.00579827 4.99744e-05 2 0 2 262144 6.13819 5.38109e+06

Pressure Residuals  	 - 	 2 2231.72 20.0761 10.5434 4 
Velocity Residuals  	 - 	 2 0.000294437 8.88177e-16 575766 4 
0.00584824 4.99744e-05 2 0 2 262144 6.17154 5.39449e+06

Pressure Residuals  	 - 	 2 2765.1 21.3246 11.3872 4 
Velocity Residuals  	 - 	 2 0.00029935 8.87898e-16 580641 4 
0.00589822 4.99744e-05 2 0 2 262144 6.20467 5.40794e+06

Pressure Residuals  	 - 	 2 2451.85 20.5981 10.9102 4 
Velocity Residuals  	 - 	 2 0.000304195 8.8811e-16 585252 4 
0.00594819 4.99744e-05 2 0 2 262144 6.23736 5.42162e+06

Pressure Residuals  	 - 	 2 2840.07 20.9828 11.6341 4 
Velocity Residuals  	 - 	 2 0.000308938 8.87323e-16 590058 4 
0.00599816 4.99744e-05 2 0 2 262144 6.26999 5.43521e+06

Pressure Residuals  	 - 	 2 2474.78 20.3186 11.0362 4 
Velocity Residuals  	 - 	 2 0.000313615 8.87777e-16 594356 4 
0.00604814 4.99744e-05 2 0 2 262144 6.30415 5.44735e+06

Pressure Residuals  	 - 	 2 19054 23.1066 28.716 4 
Velocity Residuals  	 - 	 2 0.000318177 8.88158e-16 598535 4 
0.00609811 4.99744e-05 2 0 2 262144 6.33896 5.45879e+06

Pressure Residuals  	 - 	 2 1814.08 18.7508 9.83599 4 
Velocity Residuals  	 - 	 2 0.000322914 8.88156e-16 602974 4 
0.00614809 4.99744e-05 2 0 2 262144 6.37271 5.47101e+06

Pressure Residuals  	 - 	 2 2787.49 18.1282 12.4002 4 
Velocity Residuals  	 - 	 2 0.000327374 8.88098e-16 607144 4 
0.00619806 4.99744e-05 2 0 2 262144 6.40593 5.48356e+06

Pressure Residuals  	 - 	 2 2702.91 17.893 12.2906 4 
Velocity Residuals  	 - 	 2 0.000331767 8.87801e-16 611306 4 
0.00624804 4.99744e-05 2 0 2 262144 6.43916 5.49597e+06

Pressure Residuals  	 - 	 2 3426.04 17.7642 13.8875 4 
Velocity Residuals  	 - 	 2 0.000336017 8.88123e-16 615098 4 
0.00629801 4.99744e-05 2 0 2 262144 6.47299 5.50775e+06

Pressure Residuals  	 - 	 2 3188.43 17.8309 13.3722 4 
Velocity Residuals  	 - 	 2 0.000340176 8.87873e-16 618980 4 
0.00634799 4.99744e-05 2 0 2 262144 6.50603 5.52007e+06

Pressure Residuals  	 - 	 2 4152.88 18.165 15.1202 4 
Velocity Residuals  	 - 	 2 0.000344163 8.88104e-16 622516 4 
0.00639796 4.99744e-05 2 0 2 262144 6.53912 5.53223e+06

Pressure Residuals  	 - 	 2 3906.29 18.7773 14.4233 4 
Velocity Residuals  	 - 	 2 0.000348048 8.87854e-16 626108 4 
0.00644793 4.99744e-05 2 0 2 262144 6.57288 5.54369e+06

Pressure Residuals  	 - 	 2 5199.58 19.931 16.1517 4 
Velocity Residuals  	 - 	 2 0.000351725 8.87735e-16 629448 4 
0.00649791 4.99744e-05 2 0 2 262144 6.60579 5.55575e+06

Pressure Residuals  	 - 	 2 4955.38 21.1554 15.3048 4 
Velocity Residuals  	 - 	 2 0.000355285 8.88031e-16 632520 4 
0.00654788 4.99744e-05 2 0 2 262144 6.63913 5.56734e+06

Pressure Residuals  	 - 	 2 6652.37 23.006 17.0047 4 
Velocity Residuals  	 - 	 2 0.000358592 8.88007e-16 635465 4 
0.00659786 4.99744e-05 2 0 2 262144 6.67285 5.57849e+06

Pressure Residuals  	 - 	 2 6423.43 27.8678 15.1821 4 
Velocity Residuals  	 - 	 2 0.00036176 8.87951e-16 638286 4 
0.00664783 4.99744e-05 2 0 2 262144 6.70736 5.58887e+06

Pressure Residuals  	 - 	 2 8626.27 35.2227 15.6495 4 
Velocity Residuals  	 - 	 2 0.000364616 8.88163e-16 640725 4 
0.00669781 4.99744e-05 2 0 2 262144 6.7405 5.60029e+06

Pressure Residuals  	 - 	 2 8433.72 41.7858 14.2068 4 
Velocity Residuals  	 - 	 2 0.000367302 8.88004e-16 643138 4 
0.00674778 4.99744e-05 2 0 2 262144 6.77368 5.61156e+06

Pressure Residuals  	 - 	 2 11276.6 51.6283 14.779 4 
Velocity Residuals  	 - 	 2 0.0003696 8.881e-16 645112 4 
0.00679776 4.99744e-05 2 0 2 262144 6.80731 5.62234e+06

Pressure Residuals  	 - 	 2 11164.3 60.2741 13.6097 4 
Velocity Residuals  	 - 	 2 0.000371684 8.88022e-16 646956 4 
0.00684773 4.99744e-05 2 0 2 262144 6.84112 5.63288e+06

Pressure Residuals  	 - 	 2 14841.2 72.8005 14.278 4 
Velocity Residuals  	 - 	 2 0.000373278 8.87688e-16 648464 4 
0.0068977 4.99744e-05 2 0 2 262144 6.87432 5.64381e+06

Pressure Residuals  	 - 	 2 14870.3 84.5381 13.2627 4 
Velocity Residuals  	 - 	 2 0.000374596 8.88123e-16 649449 4 
0.00694768 4.99744e-05 2 0 2 262144 6.90757 5.65459e+06

Pressure Residuals  	 - 	 2 19629 101.247 13.9238 4 
Velocity Residuals  	 - 	 2 0.000375292 8.88066e-16 650073 4 
0.00699765 4.99744e-05 2 0 2 262144 6.94133 5.66485e+06

Pressure Residuals  	 - 	 2 19881.6 116.949 13.0385 4 
Velocity Residuals  	 - 	 2 0.000375624 8.87871e-16 650432 4 
0.00704763 4.99744e-05 2 0 2 262144 6.97448 5.67551e+06

Pressure Residuals  	 - 	 2 26039.9 138.178 13.7278 4 
Velocity Residuals  	 - 	 2 0.000375166 8.88148e-16 649934 4 
0.0070976 4.99744e-05 2 0 2 262144 7.00705 5.68654e+06

Pressure Residuals  	 - 	 2 26623.2 158.71 12.9517 4 
Velocity Residuals  	 - 	 2 0.000374226 8.87995e-16 649175 4 
0.00714758 4.99744e-05 2 0 2 262144 7.03953 5.69754e+06

Pressure Residuals  	 - 	 2 34574.5 188.109 13.5573 4 
Velocity Residuals  	 - 	 2 0.000372282 8.88174e-16 647422 4 
0.00719755 4.99744e-05 2 0 2 262144 7.07339 5.70733e+06

Pressure Residuals  	 - 	 2 35611.5 216.019 12.8395 4 
Velocity Residuals  	 - 	 2 0.000369703 8.88133e-16 645190 4 
0.00724752 4.99744e-05 2 0 2 262144 7.10665 5.7175e+06

Pressure Residuals  	 - 	 2 45805.5 253.126 13.4521 4 
Velocity Residuals  	 - 	 2 0.000365861 8.88016e-16 641871 4 
0.0072975 4.99744e-05 2 0 2 262144 7.13972 5.72774e+06

Pressure Residuals  	 - 	 2 47413.1 289.097 12.8064 4 
Velocity Residuals  	 - 	 2 0.0003612 8.88143e-16 637724 4 
0.00734747 4.99744e-05 2 0 2 262144 7.17376 5.7371e+06

Pressure Residuals  	 - 	 2 60314.3 337.106 13.376 4 
Velocity Residuals  	 - 	 2 0.000354986 8.88155e-16 632210 4 
0.00739745 4.99744e-05 2 0 2 262144 7.20709 5.74694e+06

Pressure Residuals  	 - 	 2 62559.3 384.341 12.7581 4 
Velocity Residuals  	 - 	 2 0.000347756 8.88128e-16 625748 4 
0.00744742 4.99744e-05 2 0 2 262144 7.23944 5.75748e+06

Pressure Residuals  	 - 	 2 78532.8 445.613 13.2754 4 
Velocity Residuals  	 - 	 2 0.000338688 8.88136e-16 617533 4 
0.0074974 4.99744e-05 2 0 2 262144 7.27175 5.76794e+06

Pressure Residuals  	 - 	 2 81335.6 505.343 12.6867 4 
Velocity Residuals  	 - 	 2 0.000328436 8.88076e-16 608135 4 
0.00754737 4.99744e-05 2 0 2 262144 7.30593 5.77684e+06

Pressure Residuals  	 - 	 2 100458 581.057 13.1487 4 
Velocity Residuals  	 - 	 2 0.000316138 8.87994e-16 596669 4 
0.00759735 4.99744e-05 2 0 2 262144 7.33963 5.78603e+06

Pressure Residuals  	 - 	 2 103470 653.724 12.5809 4 
Velocity Residuals  	 - 	 2 0.000302594 8.88145e-16 583698 4 
0.00764732 4.99744e-05 2 0 2 262144 7.37277 5.79558e+06

Pressure Residuals  	 - 	 2 125279 743.153 12.9837 4 
Velocity Residuals  	 - 	 2 0.00028698 8.87958e-16 568499 4 
0.00769729 4.99744e-05 2 0 2 262144 7.40596 5.805e+06

Pressure Residuals  	 - 	 2 127773 826.674 12.4323 4 
Velocity Residuals  	 - 	 2 0.000270259 8.8805e-16 551660 4 
0.00774727 4.99744e-05 2 0 2 262144 7.43992 5.81374e+06

Pressure Residuals  	 - 	 2 151061 925.392 12.7765 4 
Velocity Residuals  	 - 	 2 0.000251733 8.88059e-16 532414 4 
0.00779724 4.99744e-05 2 0 2 262144 7.47298 5.8231e+06

Pressure Residuals  	 - 	 2 151929 1014.94 12.2349 4 
Velocity Residuals  	 - 	 2 0.000232512 8.87948e-16 511716 4 
0.00784722 4.99744e-05 2 0 2 262144 7.50623 5.83223e+06

Pressure Residuals  	 - 	 2 174765 1116.07 12.5136 4 
Velocity Residuals  	 - 	 2 0.000212085 8.88075e-16 488686 4 
0.00789719 4.99744e-05 2 0 2 262144 7.54027 5.84067e+06

Pressure Residuals  	 - 	 2 172761 1203.71 11.9801 4 
Velocity Residuals  	 - 	 2 0.000191629 8.88104e-16 464514 4 
0.00794717 4.99744e-05 2 0 2 262144 7.57348 5.84967e+06

Pressure Residuals  	 - 	 2 192917 1296.54 12.1981 4 
Velocity Residuals  	 - 	 2 0.000170811 8.88116e-16 438554 4 
0.00799714 4.99744e-05 2 0 2 262144 7.60665 5.85862e+06

Pressure Residuals  	 - 	 2 187128 1372.05 11.6784 4 
Velocity Residuals  	 - 	 2 0.000150738 8.88173e-16 411967 4 
0.00804712 4.99744e-05 2 0 2 262144 7.64041 5.86704e+06

Pressure Residuals  	 - 	 2 202826 1445.89 11.8439 4 
Velocity Residuals  	 - 	 2 0.000131172 8.88128e-16 384310 4 
0.00809709 4.99744e-05 2 0 2 262144 7.6736 5.87583e+06

Pressure Residuals  	 - 	 2 193155 1499.81 11.3484 4 
Velocity Residuals  	 - 	 2 0.000113009 8.88138e-16 356710 4 
0.00814706 4.99744e-05 2 0 2 262144 7.70687 5.88448e+06

Pressure Residuals  	 - 	 2 203721 1545.94 11.4795 4 
Velocity Residuals  	 - 	 2 9.82345e-05 8.87624e-16 332673 4 
0.00819704 4.99744e-05 2 0 2 262144 7.7404 5.89285e+06

Pressure Residuals  	 - 	 2 192037 1572.67 11.0503 4 
Velocity Residuals  	 - 	 2 9.86129e-05 8.88046e-16 333234 4 
0.00824701 4.99744e-05 2 0 2 262144 7.77412 5.90101e+06

Pressure Residuals  	 - 	 2 196980 1587.58 11.1389 4 
Velocity Residuals  	 - 	 2 9.87546e-05 8.88102e-16 333463 4 
0.00829699 4.99744e-05 2 0 2 262144 7.80724 5.90956e+06

Pressure Residuals  	 - 	 2 198287 1585.83 11.182 4 
Velocity Residuals  	 - 	 2 9.86511e-05 8.87956e-16 333315 4 
0.00834696 4.99744e-05 2 0 2 262144 7.84055 5.91789e+06

Pressure Residuals  	 - 	 2 196616 1576.53 11.1676 4 
Velocity Residuals  	 - 	 2 9.83595e-05 8.8799e-16 332816 4 
0.00839694 4.99744e-05 2 0 2 262144 7.8745 5.92566e+06

Pressure Residuals  	 - 	 2 197248 1552.49 11.2717 4 
Velocity Residuals  	 - 	 2 9.78635e-05 8.88168e-16 331942 4 
0.00844691 4.99744e-05 2 0 2 262144 7.90774 5.93391e+06

Pressure Residuals  	 - 	 2 192297 1518.36 11.2538 4 
Velocity Residuals  	 - 	 2 9.72444e-05 8.88129e-16 330898 4 
0.00849688 4.99744e-05 2 0 2 262144 7.94114 5.94195e+06

Pressure Residuals  	 - 	 2 189643 1474.66 11.3402 4 
Velocity Residuals  	 - 	 2 9.79457e-05 8.88158e-16 332084 4 
0.00854686 4.99744e-05 2 0 2 262144 7.97538 5.94931e+06

Pressure Residuals  	 - 	 2 182181 1422.7 11.3161 4 
Velocity Residuals  	 - 	 2 0.000106643 8.88107e-16 346524 4 
0.00859683 4.99744e-05 2 0 2 262144 8.00999 5.95634e+06

Pressure Residuals  	 - 	 2 176982 1366.38 11.381 4 
Velocity Residuals  	 - 	 2 0.000115675 8.87973e-16 360928 4 
0.00864681 4.99744e-05 2 0 2 262144 8.04332 5.96425e+06

Pressure Residuals  	 - 	 2 167919 1305.1 11.343 4 
Velocity Residuals  	 - 	 2 0.000124835 8.88158e-16 374907 4 
0.00869678 4.99744e-05 2 0 2 262144 8.07638 5.97229e+06

Pressure Residuals  	 - 	 2 161120 1243.05 11.3849 4 
Velocity Residuals  	 - 	 2 0.000134266 8.88178e-16 388806 4 
0.00874676 4.99744e-05 2 0 2 262144 8.11015 5.97975e+06

Pressure Residuals  	 - 	 2 151331 1086.61 11.8012 4 
Velocity Residuals  	 - 	 2 0.00014267 8.88077e-16 400812 4 
0.00879673 4.99744e-05 2 0 2 262144 8.14387 5.98718e+06

Pressure Residuals  	 - 	 2 143656 1081.39 11.5258 4 
Velocity Residuals  	 - 	 2 0.00015126 8.8802e-16 412715 4 
0.00884671 4.99744e-05 2 0 2 262144 8.17714 5.99487e+06

Pressure Residuals  	 - 	 2 133715 762.91 13.239 4 
Velocity Residuals  	 - 	 2 0.000156223 8.88033e-16 419429 4 
0.00889668 4.99744e-05 2 0 2 262144 8.20989 6.00289e+06

Pressure Residuals  	 - 	 2 124237 882.728 11.8635 4 
Velocity Residuals  	 - 	 2 0.000161395 8.8794e-16 426338 4 
0.00894665 4.99744e-05 2 0 2 262144 8.24257 6.01089e+06

Pressure Residuals  	 - 	 2 142711 614.695 15.237 4 
Velocity Residuals  	 - 	 2 0.000162355 8.87907e-16 427611 4 
0.00899663 4.99744e-05 2 0 2 262144 8.27512 6.01893e+06

Pressure Residuals  	 - 	 2 108234 724.825 12.2198 4 
Velocity Residuals  	 - 	 2 0.000163656 8.88168e-16 429259 4 
0.0090466 4.99744e-05 2 0 2 262144 8.30871 6.02615e+06

Pressure Residuals  	 - 	 2 135882 501.579 16.4593 4 
Velocity Residuals  	 - 	 2 0.000160913 8.87956e-16 425695 4 
0.00909658 4.99744e-05 2 0 2 262144 8.34201 6.03352e+06

Pressure Residuals  	 - 	 2 95722.6 595.735 12.676 4 
Velocity Residuals  	 - 	 2 0.000158878 8.88123e-16 422956 4 
0.00914655 4.99744e-05 2 0 2 262144 8.37528 6.04084e+06

Pressure Residuals  	 - 	 2 116097 401.807 16.9982 4 
Velocity Residuals  	 - 	 2 0.000153468 8.88107e-16 415697 4 
0.00919653 4.99744e-05 2 0 2 262144 8.40891 6.04786e+06

Pressure Residuals  	 - 	 2 84096.9 494.023 13.0472 4 
Velocity Residuals  	 - 	 2 0.000149142 8.87899e-16 409844 4 
0.0092465 4.99744e-05 2 0 2 262144 8.44244 6.0549e+06

Pressure Residuals  	 - 	 2 89107.3 325.036 16.5574 4 
Velocity Residuals  	 - 	 2 0.000142273 9.44449e-16 388125 4 
0.00929647 4.99744e-05 2 0 2 262144 8.47507 6.06251e+06

Pressure Residuals  	 - 	 2 71951.1 409.921 13.2486 4 
Velocity Residuals  	 - 	 2 0.000136716 8.87326e-16 392526 4 
0.00934645 4.99744e-05 2 0 2 262144 8.50764 6.07011e+06

Pressure Residuals  	 - 	 2 65404.2 264.413 15.7276 4 
Velocity Residuals  	 - 	 2 0.000129367 9.08823e-16 377287 4 
0.00939642 4.99744e-05 2 0 2 262144 8.54041 6.07752e+06

Pressure Residuals  	 - 	 2 61489.2 339.721 13.4536 4 
Velocity Residuals  	 - 	 2 0.000123391 1.20885e-15 319488 4 
0.0094464 4.99744e-05 2 0 2 262144 8.5752 6.08344e+06

Pressure Residuals  	 - 	 2 58157.5 216.468 16.391 4 
Velocity Residuals  	 - 	 2 0.0001162 1.59698e-15 269745 4 
0.00949637 4.99744e-05 2 0 2 262144 8.60907 6.08995e+06

Pressure Residuals  	 - 	 2 55485 280.677 14.06 4 
Velocity Residuals  	 - 	 2 0.000110318 8.88033e-16 352459 4 
0.00954635 4.99744e-05 2 0 2 262144 8.64233 6.09684e+06

Pressure Residuals  	 - 	 2 53813.6 176.613 17.4556 4 
Velocity Residuals  	 - 	 2 0.000103634 1.16649e-15 298064 4 
0.00959632 4.99744e-05 2 0 2 262144 8.67558 6.1037e+06

Pressure Residuals  	 - 	 2 54156.6 231.387 15.2988 4 
Velocity Residuals  	 - 	 2 9.81274e-05 8.97946e-16 330575 4 
0.0096463 4.99744e-05 2 0 2 262144 8.7093 6.11016e+06

Pressure Residuals  	 - 	 2 55950 144.188 19.6986 4 
Velocity Residuals  	 - 	 2 9.20979e-05 8.88182e-16 322013 4 
0.00969627 4.99744e-05 2 0 2 262144 8.74256 6.1169e+06

Pressure Residuals  	 - 	 2 54722.9 190.634 16.9428 4 
Velocity Residuals  	 - 	 2 8.7092e-05 1.61383e-15 232305 4 
0.00974624 4.99744e-05 2 0 2 262144 8.77585 6.12357e+06

Pressure Residuals  	 - 	 2 428726 1576.59 16.4904 4 
Velocity Residuals  	 - 	 2 8.0456e-05 8.88172e-16 300975 4 
0.00979622 4.99744e-05 2 0 2 262144 8.80985 6.12969e+06

Pressure Residuals  	 - 	 2 224299 777.969 16.9798 4 
Velocity Residuals  	 - 	 2 7.54271e-05 1.47049e-15 226481 4 
0.00984619 4.99744e-05 2 0 2 262144 8.84314 6.13626e+06

Pressure Residuals  	 - 	 2 174944 645.947 16.457 4 
Velocity Residuals  	 - 	 2 7.20738e-05 1.62895e-15 210347 4 
0.00989617 4.99744e-05 2 0 2 262144 8.87649 6.14274e+06

Pressure Residuals  	 - 	 2 101452 472.457 14.6538 4 
Velocity Residuals  	 - 	 2 7.51037e-05 1.62819e-15 214772 4 
0.00994614 4.99744e-05 2 0 2 262144 8.91029 6.14885e+06

Pressure Residuals  	 - 	 2 86174.5 478.307 13.4226 4 
Velocity Residuals  	 - 	 2 7.81737e-05 1.69145e-15 214981 4 
0.00999612 4.99744e-05 2 0 2 262144 8.94356 6.1553e+06

Pressure Residuals  	 - 	 2 77127.3 384.583 14.1615 4 
Velocity Residuals  	 - 	 2 8.12702e-05 1.29399e-15 250611 4 
0.0100461 4.99744e-05 2 0 2 262144 8.97675 6.16174e+06

Pressure Residuals  	 - 	 2 80383.9 412.694 13.9563 4 
Velocity Residuals  	 - 	 2 8.44069e-05 1.25924e-15 258902 4 
0.0100961 4.99744e-05 2 0 2 262144 9.01103 6.16739e+06

Pressure Residuals  	 - 	 2 81298.6 350.581 15.2281 4 
Velocity Residuals  	 - 	 2 8.75712e-05 1.19786e-15 270382 4 
0.010146 4.99744e-05 2 0 2 262144 9.0449 6.17327e+06

Pressure Residuals  	 - 	 2 80987.2 378.174 14.634 4 
Velocity Residuals  	 - 	 2 9.07761e-05 8.932e-16 318795 4 
0.010196 4.99744e-05 2 0 2 262144 9.0781 6.17958e+06

Pressure Residuals  	 - 	 2 79577.6 323.218 15.6909 4 
Velocity Residuals  	 - 	 2 9.40102e-05 8.87863e-16 325398 4 
0.010246 4.99744e-05 2 0 2 262144 9.1113 6.18583e+06

Pressure Residuals  	 - 	 2 77586.9 346.351 14.967 4 
Velocity Residuals  	 - 	 2 9.7285e-05 1.61469e-15 245459 4 
0.010296 4.99744e-05 2 0 2 262144 9.14529 6.19151e+06

Pressure Residuals  	 - 	 2 75137.6 297.18 15.9008 4 
Velocity Residuals  	 - 	 2 0.00010059 8.8807e-16 336554 4 
0.0103459 4.99744e-05 2 0 2 262144 9.17863 6.19757e+06

Pressure Residuals  	 - 	 2 72361.6 317.126 15.1056 4 
Velocity Residuals  	 - 	 2 0.000103936 1.73154e-15 245001 4 
0.0103959 4.99744e-05 2 0 2 262144 9.2119 6.20365e+06

Pressure Residuals  	 - 	 2 69465.3 270.27 16.0319 4 
Velocity Residuals  	 - 	 2 0.000107315 9.02395e-16 344851 4 
0.0104459 4.99744e-05 2 0 2 262144 9.24604 6.20909e+06

Pressure Residuals  	 - 	 2 66361.3 285.177 15.2546 4 
Velocity Residuals  	 - 	 2 0.000110735 8.88019e-16 353127 4 
0.0104959 4.99744e-05 2 0 2 262144 9.27933 6.21507e+06

Pressure Residuals  	 - 	 2 63344.9 241.373 16.1999 4 
Velocity Residuals  	 - 	 2 0.000114188 1.58484e-15 268422 4 
0.0105458 4.99744e-05 2 0 2 262144 9.31268 6.22096e+06

Pressure Residuals  	 - 	 2 60149.8 254.233 15.3816 4 
Velocity Residuals  	 - 	 2 0.000117679 1.60261e-15 270979 4 
0.0105958 4.99744e-05 2 0 2 262144 9.34649 6.2265e+06

Pressure Residuals  	 - 	 2 57212.4 213.888 16.3551 4 
Velocity Residuals  	 - 	 2 0.000121204 8.88102e-16 369426 4 
0.0106458 4.99744e-05 2 0 2 262144 9.37972 6.2324e+06

Pressure Residuals  	 - 	 2 54051.3 229.58 15.3439 4 
Velocity Residuals  	 - 	 2 0.000124758 8.87866e-16 374852 4 
0.0106958 4.99744e-05 2 0 2 262144 9.413 6.23821e+06

Pressure Residuals  	 - 	 2 51373.7 309.417 12.8854 4 
Velocity Residuals  	 - 	 2 0.000128279 1.12896e-15 337084 4 
0.0107457 4.99744e-05 2 0 2 262144 9.44693 6.24355e+06

Pressure Residuals  	 - 	 2 48638.8 373.006 11.4191 4 
Velocity Residuals  	 - 	 2 0.000131776 9.35036e-16 375409 4 
0.0107957 4.99744e-05 2 0 2 262144 9.48074 6.24893e+06

Pressure Residuals  	 - 	 2 49100.8 387.105 11.2624 4 
Velocity Residuals  	 - 	 2 0.000135238 1.48959e-15 301312 4 
0.0108457 4.99744e-05 2 0 2 262144 9.51402 6.25463e+06

Pressure Residuals  	 - 	 2 53039.9 397.147 11.5565 4 
Velocity Residuals  	 - 	 2 0.000138669 1.35163e-15 320303 4 
0.0108957 4.99744e-05 2 0 2 262144 9.54737 6.26024e+06

Pressure Residuals  	 - 	 2 57033.2 389.116 12.1067 4 
Velocity Residuals  	 - 	 2 0.000142061 1.22361e-15 340735 4 
0.0109456 4.99744e-05 2 0 2 262144 9.58124 6.26547e+06

Pressure Residuals  	 - 	 2 59708.9 383.469 12.4783 4 
Velocity Residuals  	 - 	 2 0.00014542 9.70742e-16 387044 4 
0.0109956 4.99744e-05 2 0 2 262144 9.61463 6.27098e+06

Pressure Residuals  	 - 	 2 62347.6 372.032 12.9455 4 
Velocity Residuals  	 - 	 2 0.000148742 8.87989e-16 409274 4 
0.0110456 4.99744e-05 2 0 2 262144 9.64786 6.27655e+06

Pressure Residuals  	 - 	 2 63621.7 363.002 13.2388 4 
Velocity Residuals  	 - 	 2 0.000152033 1.48205e-15 320286 4 
0.0110956 4.99744e-05 2 0 2 262144 9.68182 6.28161e+06

Pressure Residuals  	 - 	 2 64875.2 354.569 13.5266 4 
Velocity Residuals  	 - 	 2 0.00015529 1.53849e-15 317705 4 
0.0111455 4.99744e-05 2 0 2 262144 9.71509 6.28708e+06

Pressure Residuals  	 - 	 2 64877.6 346.807 13.6774 4 
Velocity Residuals  	 - 	 2 0.000158516 1.73571e-15 302202 4 
0.0111955 4.99744e-05 2 0 2 262144 9.74832 6.29254e+06

Pressure Residuals  	 - 	 2 64974.4 342.666 13.77 4 
Velocity Residuals  	 - 	 2 0.000161712 8.8787e-16 426772 4 
0.0112455 4.99744e-05 2 0 2 262144 9.78262 6.29728e+06

Pressure Residuals  	 - 	 2 64013.9 337.105 13.7802 4 
Velocity Residuals  	 - 	 2 0.000164879 1.46567e-15 335402 4 
0.0112955 4.99744e-05 2 0 2 262144 9.81761 6.30153e+06

Pressure Residuals  	 - 	 2 63287 337.103 13.7018 4 
Velocity Residuals  	 - 	 2 0.000168018 1.53817e-15 330503 4 
0.0113454 4.99744e-05 2 0 2 262144 9.85146 6.30649e+06

Pressure Residuals  	 - 	 2 61708.5 333.316 13.6064 4 
Velocity Residuals  	 - 	 2 0.00017113 1.09772e-15 394837 4 
0.0113954 4.99744e-05 2 0 2 262144 9.88469 6.31181e+06

Pressure Residuals  	 - 	 2 60483.4 336.248 13.4118 4 
Velocity Residuals  	 - 	 2 0.000174216 1.53005e-15 337436 4 
0.0114454 4.99744e-05 2 0 2 262144 9.91817 6.31693e+06

Pressure Residuals  	 - 	 2 58574.5 333.857 13.2457 4 
Velocity Residuals  	 - 	 2 0.000177276 1.29014e-15 370687 4 
0.0114953 4.99744e-05 2 0 2 262144 9.952 6.3218e+06

Pressure Residuals  	 - 	 2 57079.4 338.767 12.9804 4 
Velocity Residuals  	 - 	 2 0.000180312 1.71067e-15 324660 4 
0.0115453 4.99744e-05 2 0 2 262144 9.98536 6.32693e+06

Pressure Residuals  	 - 	 2 55022.2 335.347 12.8092 4 
Velocity Residuals  	 - 	 2 0.000183322 1.58316e-15 340288 4 
0.0115953 4.99744e-05 2 0 2 262144 10.0186 6.33209e+06

Pressure Residuals  	 - 	 2 53440.5 341.706 12.5057 4 
Velocity Residuals  	 - 	 2 0.000186309 1.54551e-15 347201 4 
0.0116453 4.99744e-05 2 0 2 262144 10.0526 6.33675e+06

Pressure Residuals  	 - 	 2 51400.2 339.379 12.3067 4 
Velocity Residuals  	 - 	 2 0.000189271 1.48473e-15 357042 4 
0.0116952 4.99744e-05 2 0 2 262144 10.086 6.3418e+06

Pressure Residuals  	 - 	 2 49819.3 346.992 11.9823 4 
Velocity Residuals  	 - 	 2 0.000192211 8.8804e-16 465236 4 
0.0117452 4.99744e-05 2 0 2 262144 10.1192 6.3469e+06

Pressure Residuals  	 - 	 2 47843.5 344.78 11.7799 4 
Velocity Residuals  	 - 	 2 0.000195128 1.49854e-15 360849 4 
0.0117952 4.99744e-05 2 0 2 262144 10.154 6.35094e+06

Pressure Residuals  	 - 	 2 46306 353.092 11.4518 4 
Velocity Residuals  	 - 	 2 0.000198023 1.74107e-15 337248 4 
0.0118452 4.99744e-05 2 0 2 262144 10.1865 6.3564e+06

Pressure Residuals  	 - 	 2 44430.4 350.786 11.2543 4 
Velocity Residuals  	 - 	 2 0.000200895 1.60923e-15 353326 4 
0.0118951 4.99744e-05 2 0 2 262144 10.219 6.36184e+06

Pressure Residuals  	 - 	 2 42964.1 359.331 10.9347 4 
Velocity Residuals  	 - 	 2 0.000203747 1.15146e-15 420651 4 
0.0119451 4.99744e-05 2 0 2 262144 10.2517 6.36714e+06

Pressure Residuals  	 - 	 2 41209.9 356.629 10.7496 4 
Velocity Residuals  	 - 	 2 0.000206577 1.0406e-15 445552 4 
0.0119951 4.99744e-05 2 0 2 262144 10.2855 6.37167e+06

Pressure Residuals  	 - 	 2 39831.2 365.151 10.4442 4 
Velocity Residuals  	 - 	 2 0.000209387 1.41338e-15 384898 4 
0.0120451 4.99744e-05 2 0 2 262144 10.3186 6.37664e+06

Pressure Residuals  	 - 	 2 38208.5 361.962 10.2742 4 
Velocity Residuals  	 - 	 2 0.000212177 1.02336e-15 455338 4 
0.012095 4.99744e-05 2 0 2 262144 10.3517 6.38158e+06

Pressure Residuals  	 - 	 2 36923.1 370.304 9.98549 4 
Velocity Residuals  	 - 	 2 0.000214946 1.12086e-15 437914 4 
0.012145 4.99744e-05 2 0 2 262144 10.3856 6.38599e+06

Pressure Residuals  	 - 	 2 35432.8 366.522 9.83224 4 
Velocity Residuals  	 - 	 2 0.000217696 1.64948e-15 363288 4 
0.012195 4.99744e-05 2 0 2 262144 10.4189 6.39077e+06

Pressure Residuals  	 - 	 2 34239.9 374.491 9.56192 4 
Velocity Residuals  	 - 	 2 0.000220426 1.69028e-15 361121 4 
0.012245 4.99744e-05 2 0 2 262144 10.452 6.39557e+06

Pressure Residuals  	 - 	 2 32879.4 370.196 9.42424 4 
Velocity Residuals  	 - 	 2 0.000223137 1.36003e-15 405052 4 
0.0122949 4.99744e-05 2 0 2 262144 10.4863 6.39969e+06

Pressure Residuals  	 - 	 2 31783 381.08 9.13249 4 
Velocity Residuals  	 - 	 2 0.000225829 1.60684e-15 374890 4 
0.0123449 4.99744e-05 2 0 2 262144 10.5203 6.40393e+06

Pressure Residuals  	 - 	 2 30570.2 384.221 8.91988 4 
Velocity Residuals  	 - 	 2 0.000228502 1.47883e-15 393084 4 
0.0123949 4.99744e-05 2 0 2 262144 10.5536 6.40855e+06

Pressure Residuals  	 - 	 2 29575.2 396.118 8.64076 4 
Velocity Residuals  	 - 	 2 0.000231159 1.74883e-15 363564 4 
0.0124449 4.99744e-05 2 0 2 262144 10.5868 6.41322e+06

Pressure Residuals  	 - 	 2 28476.8 393.974 8.50181 4 
Velocity Residuals  	 - 	 2 0.000233796 1.41763e-15 406103 4 
0.0124948 4.99744e-05 2 0 2 262144 10.6208 6.41737e+06

Pressure Residuals  	 - 	 2 27545.9 402.569 8.27196 4 
Velocity Residuals  	 - 	 2 0.000236416 1.23316e-15 437853 4 
0.0125448 4.99744e-05 2 0 2 262144 10.654 6.42198e+06

Pressure Residuals  	 - 	 2 26542.6 398.499 8.16127 4 
Velocity Residuals  	 - 	 2 0.000239016 1.41935e-15 410364 4 
0.0125948 4.99744e-05 2 0 2 262144 10.6872 6.42657e+06

Pressure Residuals  	 - 	 2 25668.2 406.048 7.95077 4 
Velocity Residuals  	 - 	 2 0.000241601 1.64734e-15 382963 4 
0.0126448 4.99744e-05 2 0 2 262144 10.7215 6.43044e+06

Pressure Residuals  	 - 	 2 24752.7 401.451 7.85227 4 
Velocity Residuals  	 - 	 2 0.000244166 1.50727e-15 402483 4 
0.0126947 4.99744e-05 2 0 2 262144 10.7553 6.43458e+06

Pressure Residuals  	 - 	 2 23929.7 407.248 7.66548 4 
Velocity Residuals  	 - 	 2 0.000246716 1.52565e-15 402135 4 
0.0127447 4.99744e-05 2 0 2 262144 10.7884 6.43913e+06

Pressure Residuals  	 - 	 2 23101.3 400.957 7.59048 4 
Velocity Residuals  	 - 	 2 0.000249248 1.70037e-15 382863 4 
0.0127947 4.99744e-05 2 0 2 262144 10.8217 6.44358e+06

Pressure Residuals  	 - 	 2 22324.7 405.706 7.41801 4 
Velocity Residuals  	 - 	 2 0.000251764 1.76619e-15 377553 4 
0.0128447 4.99744e-05 2 0 2 262144 10.8555 6.44762e+06

Pressure Residuals  	 - 	 2 21554.5 399.022 7.34971 4 
Velocity Residuals  	 - 	 2 0.00025426 1.61854e-15 396349 4 
0.0128946 4.99744e-05 2 0 2 262144 10.8887 6.45208e+06

Pressure Residuals  	 - 	 2 20821.4 403.336 7.18491 4 
Velocity Residuals  	 - 	 2 0.000256738 1.40986e-15 426734 4 
0.0129446 4.99744e-05 2 0 2 262144 10.9219 6.45646e+06

Pressure Residuals  	 - 	 2 20149 396.591 7.1278 4 
Velocity Residuals  	 - 	 2 0.000259196 1.41195e-15 428455 4 
0.0129946 4.99744e-05 2 0 2 262144 10.956 6.46026e+06

Pressure Residuals  	 - 	 2 19468.3 400.237 6.97438 4 
Velocity Residuals  	 - 	 2 0.000261638 1.71306e-15 390809 4 
0.0130446 4.99744e-05 2 0 2 262144 10.9893 6.46458e+06

Pressure Residuals  	 - 	 2 18870.6 393.042 6.92905 4 
Velocity Residuals  	 - 	 2 0.000264061 1.59872e-15 406411 4 
0.0130945 4.99744e-05 2 0 2 262144 11.0225 6.46887e+06

Pressure Residuals  	 - 	 2 18230.8 395.893 6.786 4 
Velocity Residuals  	 - 	 2 0.000266468 1.6742e-15 398950 4 
0.0131445 4.99744e-05 2 0 2 262144 11.0563 6.47278e+06

Pressure Residuals  	 - 	 2 15768.6 347.445 6.7368 4 
Velocity Residuals  	 - 	 2 0.000268856 1.66886e-15 401375 4 
0.0131945 4.99744e-05 2 0 2 262144 11.0902 6.47668e+06

Pressure Residuals  	 - 	 2 15786.4 381.246 6.43485 4 
Velocity Residuals  	 - 	 2 0.000271225 1.21082e-15 473287 4 
0.0132445 4.99744e-05 2 0 2 262144 11.1234 6.48091e+06

Pressure Residuals  	 - 	 2 47148.2 467.036 10.0475 4 
Velocity Residuals  	 - 	 2 0.000273576 1.64775e-15 407468 4 
0.0132944 4.99744e-05 2 0 2 262144 11.1565 6.48514e+06

Pressure Residuals  	 - 	 2 31045 222.862 11.8026 4 
Velocity Residuals  	 - 	 2 0.000275844 1.082e-15 504915 4 
0.0133444 4.99744e-05 2 0 2 262144 11.1906 6.48885e+06

Pressure Residuals  	 - 	 2 64626.3 544.893 10.8905 4 
Velocity Residuals  	 - 	 2 0.000278115 1.66711e-15 408442 4 
0.0133944 4.99744e-05 2 0 2 262144 11.2231 6.49337e+06

Pressure Residuals  	 - 	 2 43404.7 250.675 13.1587 4 
Velocity Residuals  	 - 	 2 0.000280311 1.68489e-15 407882 4 
0.0134443 4.99744e-05 2 0 2 262144 11.2557 6.49786e+06

Pressure Residuals  	 - 	 2 70959.8 528.525 11.5871 4 
Velocity Residuals  	 - 	 2 0.000282513 1.37766e-15 452844 4 
0.0134943 4.99744e-05 2 0 2 262144 11.2891 6.5019e+06

Pressure Residuals  	 - 	 2 46386.2 268.327 13.1481 4 
Velocity Residuals  	 - 	 2 0.000284647 1.49758e-15 435971 4 
0.0135443 4.99744e-05 2 0 2 262144 11.3229 6.50561e+06

Pressure Residuals  	 - 	 2 69214.2 478.833 12.0228 4 
Velocity Residuals  	 - 	 2 0.000286786 1.53427e-15 432342 4 
0.0135943 4.99744e-05 2 0 2 262144 11.3561 6.50965e+06

Pressure Residuals  	 - 	 2 44269.7 265.409 12.915 4 
Velocity Residuals  	 - 	 2 0.000288865 1.45845e-15 445043 4 
0.0136442 4.99744e-05 2 0 2 262144 11.3894 6.51368e+06

Pressure Residuals  	 - 	 2 63712.7 426.003 12.2294 4 
Velocity Residuals  	 - 	 2 0.000290948 1.64273e-15 420847 4 
0.0136942 4.99744e-05 2 0 2 262144 11.4234 6.51723e+06

Pressure Residuals  	 - 	 2 40034.1 246.54 12.743 4 
Velocity Residuals  	 - 	 2 0.000292976 1.72362e-15 412283 4 
0.0137442 4.99744e-05 2 0 2 262144 11.4567 6.52115e+06

Pressure Residuals  	 - 	 2 57068.9 383.827 12.1936 4 
Velocity Residuals  	 - 	 2 0.000295006 1.41601e-15 456438 4 
0.0137942 4.99744e-05 2 0 2 262144 11.49 6.52511e+06

Pressure Residuals  	 - 	 2 36296.2 223.474 12.7443 4 
Velocity Residuals  	 - 	 2 0.000296984 1.56787e-15 435222 4 
0.0138441 4.99744e-05 2 0 2 262144 11.5242 6.52844e+06

Pressure Residuals  	 - 	 2 50586.8 351.92 11.9894 4 
Velocity Residuals  	 - 	 2 0.000298961 1.45387e-15 453465 4 
0.0138941 4.99744e-05 2 0 2 262144 11.5581 6.53199e+06

Pressure Residuals  	 - 	 2 36919.2 206.158 13.3822 4 
Velocity Residuals  	 - 	 2 0.000300889 1.53434e-15 442836 4 
0.0139441 4.99744e-05 2 0 2 262144 11.5914 6.53584e+06

Pressure Residuals  	 - 	 2 44650.8 326.025 11.7028 4 
Velocity Residuals  	 - 	 2 0.000302814 1.58959e-15 436461 4 
0.0139941 4.99744e-05 2 0 2 262144 11.6247 6.5397e+06

Pressure Residuals  	 - 	 2 36812.3 187.647 14.0064 4 
Velocity Residuals  	 - 	 2 0.000304692 1.69175e-15 424387 4 
0.014044 4.99744e-05 2 0 2 262144 11.6587 6.54308e+06

Pressure Residuals  	 - 	 2 39351 304.402 11.3698 4 
Velocity Residuals  	 - 	 2 0.000306563 8.87982e-16 587568 4 
0.014094 4.99744e-05 2 0 2 262144 11.692 6.54685e+06

Pressure Residuals  	 - 	 2 36237.2 170.918 14.5607 4 
Velocity Residuals  	 - 	 2 0.000308389 1.13895e-15 520351 4 
0.014144 4.99744e-05 2 0 2 262144 11.7253 6.55065e+06

Pressure Residuals  	 - 	 2 626900 17812.6 5.93246 4 
Velocity Residuals  	 - 	 2 0.000310208 1.76372e-15 419383 4 
0.014194 4.99744e-05 2 0 2 262144 11.7597 6.55377e+06

Pressure Residuals  	 - 	 2 330679 4470.66 8.60037 4 
Velocity Residuals  	 - 	 2 0.000312947 1.76873e-15 420635 4 
0.0142439 4.99744e-05 2 0 2 262144 11.7935 6.55719e+06

Pressure Residuals  	 - 	 2 226939 1553.88 12.085 4 
Velocity Residuals  	 - 	 2 0.000315405 1.28936e-15 494592 4 
0.0142939 4.99744e-05 2 0 2 262144 11.8267 6.56097e+06

Pressure Residuals  	 - 	 2 129231 838.531 12.4144 4 
Velocity Residuals  	 - 	 2 0.000317822 1.74516e-15 426751 4 
0.0143439 4.99744e-05 2 0 2 262144 11.8599 6.56468e+06

Pressure Residuals  	 - 	 2 101175 284.548 18.8564 4 
Velocity Residuals  	 - 	 2 0.000320247 1.48968e-15 463656 4 
0.0143939 4.99744e-05 2 0 2 262144 11.8939 6.56799e+06

Pressure Residuals  	 - 	 2 73205.9 637.088 10.7195 4 
Velocity Residuals  	 - 	 2 0.000322719 1.42346e-15 476146 4 
0.0144438 4.99744e-05 2 0 2 262144 11.9272 6.57165e+06

Pressure Residuals  	 - 	 2 56894.2 136.936 20.3833 4 
Velocity Residuals  	 - 	 2 0.000325181 1.72345e-15 434373 4 
0.0144938 4.99744e-05 2 0 2 262144 11.9604 6.57528e+06

Pressure Residuals  	 - 	 2 44208.7 625.11 8.40961 4 
Velocity Residuals  	 - 	 2 0.000327673 1.76512e-15 430858 4 
0.0145438 4.99744e-05 2 0 2 262144 11.9947 6.57835e+06

Pressure Residuals  	 - 	 2 46719.3 1026.59 6.74606 4 
Velocity Residuals  	 - 	 2 0.000330138 1.64102e-15 448529 4 
0.0145938 4.99744e-05 2 0 2 262144 12.0285 6.58165e+06

Pressure Residuals  	 - 	 2 91059.8 1786.76 7.13888 4 
Velocity Residuals  	 - 	 2 0.000332535 1.72165e-15 439487 4 
0.0146437 4.99744e-05 2 0 2 262144 12.0617 6.5853e+06

Pressure Residuals  	 - 	 2 99384.4 1434.66 8.3231 4 
Velocity Residuals  	 - 	 2 0.000334837 1.52614e-15 468403 4 
0.0146937 4.99744e-05 2 0 2 262144 12.095 6.58881e+06

Pressure Residuals  	 - 	 2 116431 1606.08 8.51436 4 
Velocity Residuals  	 - 	 2 0.000337095 1.75297e-15 438519 4 
0.0147437 4.99744e-05 2 0 2 262144 12.1287 6.59214e+06

Pressure Residuals  	 - 	 2 108576 1136.69 9.77341 4 
Velocity Residuals  	 - 	 2 0.000339284 1.46458e-15 481309 4 
0.0147937 4.99744e-05 2 0 2 262144 12.1619 6.59567e+06

Pressure Residuals  	 - 	 2 96953.4 1168.93 9.10725 4 
Velocity Residuals  	 - 	 2 0.000341438 1.77108e-15 439073 4 
0.0148436 4.99744e-05 2 0 2 262144 12.1951 6.59925e+06

Pressure Residuals  	 - 	 2 78953.6 862.373 9.56838 4 
Velocity Residuals  	 - 	 2 0.000343534 1.51531e-15 476138 4 
0.0148936 4.99744e-05 2 0 2 262144 12.2276 6.60314e+06

Pressure Residuals  	 - 	 2 134292 1278.36 10.2494 4 
Velocity Residuals  	 - 	 2 0.000345596 1.70952e-15 449622 4 
0.0149436 4.99744e-05 2 0 2 262144 12.26 6.60706e+06

Pressure Residuals  	 - 	 2 150692 1315.82 10.7015 4 
Velocity Residuals  	 - 	 2 0.000347574 1.71375e-15 450349 4 
0.0149936 4.99744e-05 2 0 2 262144 12.2931 6.61061e+06

Pressure Residuals  	 - 	 2 172912 1330.53 11.3999 4 
Velocity Residuals  	 - 	 2 0.000349481 1.63532e-15 462286 4 
0.0150435 4.99744e-05 2 0 2 262144 12.3261 6.61417e+06

Pressure Residuals  	 - 	 2 166458 1122.65 12.1767 4 
Velocity Residuals  	 - 	 2 0.000351303 1.76744e-15 445829 4 
0.0150935 4.99744e-05 2 0 2 262144 12.3591 6.61769e+06

Pressure Residuals  	 - 	 2 168262 972.019 13.157 4 
Velocity Residuals  	 - 	 2 0.000353061 1.73023e-15 451723 4 
0.0151435 4.99744e-05 2 0 2 262144 12.3927 6.62093e+06

Pressure Residuals  	 - 	 2 152284 721.566 14.5274 4 
Velocity Residuals  	 - 	 2 0.000354745 1.71357e-15 454996 4 
0.0151935 4.99744e-05 2 0 2 262144 12.4264 6.62403e+06

Pressure Residuals  	 - 	 2 144654 561.393 16.0521 4 
Velocity Residuals  	 - 	 2 0.000356375 1.23265e-15 537692 4 
0.0152434 4.99744e-05 2 0 2 262144 12.4596 6.62744e+06

Pressure Residuals  	 - 	 2 127205 377.78 18.3499 4 
Velocity Residuals  	 - 	 2 0.000357941 1.74027e-15 453522 4 
0.0152934 4.99744e-05 2 0 2 262144 12.4928 6.63083e+06

Pressure Residuals  	 - 	 2 117039 326.186 18.9423 4 
Velocity Residuals  	 - 	 2 0.000359461 1.75975e-15 451960 4 
0.0153434 4.99744e-05 2 0 2 262144 12.5276 6.63332e+06

Pressure Residuals  	 - 	 2 101897 310.004 18.13 4 
Velocity Residuals  	 - 	 2 0.000360925 1.53283e-15 485246 4 
0.0153934 4.99744e-05 2 0 2 262144 12.5616 6.63625e+06

Pressure Residuals  	 - 	 2 92452.9 292.169 17.7887 4 
Velocity Residuals  	 - 	 2 0.000362348 1.54081e-15 484940 4 
0.0154433 4.99744e-05 2 0 2 262144 12.5949 6.63952e+06

Pressure Residuals  	 - 	 2 80610.3 270.052 17.2771 4 
Velocity Residuals  	 - 	 2 0.000363719 1.64517e-15 470195 4 
0.0154933 4.99744e-05 2 0 2 262144 12.6281 6.6428e+06

Pressure Residuals  	 - 	 2 72890.8 245.966 17.2147 4 
Velocity Residuals  	 - 	 2 0.000365052 1.66745e-15 467898 4 
0.0155433 4.99744e-05 2 0 2 262144 12.6628 6.6453e+06

Pressure Residuals  	 - 	 2 64076.1 225.35 16.8624 4 
Velocity Residuals  	 - 	 2 0.000366335 1.69486e-15 464914 4 
0.0155932 4.99744e-05 2 0 2 262144 12.6967 6.64822e+06

Pressure Residuals  	 - 	 2 58102.1 201.956 16.9616 4 
Velocity Residuals  	 - 	 2 0.000367584 1.61627e-15 476893 4 
0.0156432 4.99744e-05 2 0 2 262144 12.73 6.65142e+06

Pressure Residuals  	 - 	 2 51692.6 197.557 16.1759 4 
Velocity Residuals  	 - 	 2 0.000368789 1.75856e-15 457942 4 
0.0156932 4.99744e-05 2 0 2 262144 12.7632 6.65466e+06

Pressure Residuals  	 - 	 2 47172.1 173.515 16.4882 4 
Velocity Residuals  	 - 	 2 0.000369963 1.48223e-15 499598 4 
0.0157432 4.99744e-05 2 0 2 262144 12.7971 6.65749e+06

Pressure Residuals  	 - 	 2 42548.7 179.862 15.3806 4 
Velocity Residuals  	 - 	 2 0.000371097 1.48971e-15 499107 4 
0.0157931 4.99744e-05 2 0 2 262144 12.8303 6.66069e+06

Pressure Residuals  	 - 	 2 39120.9 158.571 15.707 4 
Velocity Residuals  	 - 	 2 0.000372203 1.75268e-15 460828 4 
0.0158431 4.99744e-05 2 0 2 262144 12.8636 6.66385e+06

Pressure Residuals  	 - 	 2 35770.7 164.43 14.7494 4 
Velocity Residuals  	 - 	 2 0.000373274 1.73848e-15 463370 4 
0.0158931 4.99744e-05 2 0 2 262144 12.8979 6.66644e+06

Pressure Residuals  	 - 	 2 33136.2 147.237 15.0018 4 
Velocity Residuals  	 - 	 2 0.000374318 1.58681e-15 485688 4 
0.0159431 4.99744e-05 2 0 2 262144 12.9322 6.66904e+06

Pressure Residuals  	 - 	 2 30686.9 152.237 14.1976 4 
Velocity Residuals  	 - 	 2 0.000375329 1.68165e-15 472432 4 
0.015993 4.99744e-05 2 0 2 262144 12.9654 6.67218e+06

Pressure Residuals  	 - 	 2 28630.8 138.049 14.4013 4 
Velocity Residuals  	 - 	 2 0.000376318 1.68539e-15 472528 4 
0.016043 4.99744e-05 2 0 2 262144 12.9985 6.67535e+06

Pressure Residuals  	 - 	 2 26825.6 142.943 13.6992 4 
Velocity Residuals  	 - 	 2 0.000377276 1.72267e-15 467981 4 
0.016093 4.99744e-05 2 0 2 262144 13.0322 6.67822e+06

Pressure Residuals  	 - 	 2 25185.7 131.927 13.8169 4 
Velocity Residuals  	 - 	 2 0.000378215 1.44404e-15 511776 4 
0.016143 4.99744e-05 2 0 2 262144 13.0655 6.68127e+06

Pressure Residuals  	 - 	 2 23837.9 136.403 13.2197 4 
Velocity Residuals  	 - 	 2 0.000379126 1.69788e-15 472540 4 
0.0161929 4.99744e-05 2 0 2 262144 13.0987 6.68433e+06

Pressure Residuals  	 - 	 2 22498.8 127.108 13.3043 4 
Velocity Residuals  	 - 	 2 0.000380021 1.70716e-15 471809 4 
0.0162429 4.99744e-05 2 0 2 262144 13.1326 6.68704e+06

Pressure Residuals  	 - 	 2 21479 130.429 12.8328 4 
Velocity Residuals  	 - 	 2 0.000380891 1.7748e-15 463261 4 
0.0162929 4.99744e-05 2 0 2 262144 13.1658 6.69009e+06

Pressure Residuals  	 - 	 2 20358.4 122.72 12.88 4 
Velocity Residuals  	 - 	 2 0.000381746 1.64148e-15 482247 4 
0.0163429 4.99744e-05 2 0 2 262144 13.1989 6.6932e+06

Pressure Residuals  	 - 	 2 19572.3 124.67 12.5297 4 
Velocity Residuals  	 - 	 2 0.000382579 1.76693e-15 465319 4 
0.0163928 4.99744e-05 2 0 2 262144 13.2314 6.69656e+06

Pressure Residuals  	 - 	 2 18717.8 118.421 12.5722 4 
Velocity Residuals  	 - 	 2 0.000383398 1.73607e-15 469938 4 
0.0164428 4.99744e-05 2 0 2 262144 13.264 6.69987e+06

Pressure Residuals  	 - 	 2 18271.6 117.4 12.4754 4 
Velocity Residuals  	 - 	 2 0.000384196 1.69828e-15 475633 4 
0.0164928 4.99744e-05 2 0 2 262144 13.2976 6.70264e+06

Pressure Residuals  	 - 	 2 17520.2 112.385 12.4857 4 
Velocity Residuals  	 - 	 2 0.000384983 1.26441e-15 551794 4 
0.0165428 4.99744e-05 2 0 2 262144 13.331 6.70553e+06

Pressure Residuals  	 - 	 2 17073.3 111.728 12.3617 4 
Velocity Residuals  	 - 	 2 0.000385751 1.7724e-15 466522 4 
0.0165927 4.99744e-05 2 0 2 262144 13.3642 6.70847e+06

Pressure Residuals  	 - 	 2 16347 108.999 12.2464 4 
Velocity Residuals  	 - 	 2 0.000386507 1.59864e-15 491703 4 
0.0166427 4.99744e-05 2 0 2 262144 13.398 6.71108e+06

Pressure Residuals  	 - 	 2 15957.5 107.917 12.1601 4 
Velocity Residuals  	 - 	 2 0.000387247 1.62631e-15 487969 4 
0.0166927 4.99744e-05 2 0 2 262144 13.4318 6.71371e+06

Pressure Residuals  	 - 	 2 15279 106.165 11.9965 4 
Velocity Residuals  	 - 	 2 0.000387977 1.71666e-15 475402 4 
0.0167427 4.99744e-05 2 0 2 262144 13.465 6.71665e+06

Pressure Residuals  	 - 	 2 14948.2 104.314 11.9708 4 
Velocity Residuals  	 - 	 2 0.000388691 1.69687e-15 478606 4 
0.0167926 4.99744e-05 2 0 2 262144 13.4981 6.71959e+06

Pressure Residuals  	 - 	 2 14829.9 103.283 11.9827 4 
Velocity Residuals  	 - 	 2 0.000389396 1.75271e-15 471347 4 
0.0168426 4.99744e-05 2 0 2 262144 13.5321 6.72207e+06

Pressure Residuals  	 - 	 2 14626 100.595 12.058 4 
Velocity Residuals  	 - 	 2 0.000390086 1.64124e-15 487522 4 
0.0168926 4.99744e-05 2 0 2 262144 13.5655 6.72489e+06

Pressure Residuals  	 - 	 2 14546.2 100.236 12.0466 4 
Velocity Residuals  	 - 	 2 0.000390767 1.40416e-15 527535 4 
0.0169426 4.99744e-05 2 0 2 262144 13.5988 6.72769e+06

Pressure Residuals  	 - 	 2 14332.7 96.7236 12.173 4 
Velocity Residuals  	 - 	 2 0.000391435 1.41369e-15 526202 4 
0.0169925 4.99744e-05 2 0 2 262144 13.6331 6.72997e+06

Pressure Residuals  	 - 	 2 14241.4 97.0043 12.1166 4 
Velocity Residuals  	 - 	 2 0.000392095 1.68479e-15 482417 4 
0.0170425 4.99744e-05 2 0 2 262144 13.667 6.73245e+06

Pressure Residuals  	 - 	 2 14018.8 92.781 12.2921 4 
Velocity Residuals  	 - 	 2 0.000392743 1.62713e-15 491295 4 
0.0170925 4.99744e-05 2 0 2 262144 13.7002 6.73527e+06

Pressure Residuals  	 - 	 2 13917.6 93.8055 12.1806 4 
Velocity Residuals  	 - 	 2 0.000393383 1.56616e-15 501175 4 
0.0171425 4.99744e-05 2 0 2 262144 13.7334 6.73807e+06

Pressure Residuals  	 - 	 2 13691.7 88.9532 12.4065 4 
Velocity Residuals  	 - 	 2 0.000394012 1.74174e-15 475623 4 
0.0171924 4.99744e-05 2 0 2 262144 13.7674 6.74048e+06

Pressure Residuals  	 - 	 2 13584.7 90.6803 12.2397 4 
Velocity Residuals  	 - 	 2 0.000394634 1.77108e-15 472039 4 
0.0172424 4.99744e-05 2 0 2 262144 13.8007 6.74322e+06

Pressure Residuals  	 - 	 2 13358.6 85.1972 12.5218 4 
Velocity Residuals  	 - 	 2 0.000395246 1.73297e-15 477571 4 
0.0172924 4.99744e-05 2 0 2 262144 13.8339 6.74597e+06

Pressure Residuals  	 - 	 2 13248.6 87.6156 12.2969 4 
Velocity Residuals  	 - 	 2 0.000395852 1.6818e-15 485154 4 
0.0173424 4.99744e-05 2 0 2 262144 13.8681 6.74824e+06

Pressure Residuals  	 - 	 2 13025.6 81.5374 12.6392 4 
Velocity Residuals  	 - 	 2 0.000396447 1.75375e-15 475455 4 
0.0173923 4.99744e-05 2 0 2 262144 13.9019 6.75068e+06

Pressure Residuals  	 - 	 2 12914 84.6534 12.3512 4 
Velocity Residuals  	 - 	 2 0.000397038 1.10718e-15 598834 4 
0.0174423 4.99744e-05 2 0 2 262144 13.9351 6.75341e+06

Pressure Residuals  	 - 	 2 12695.8 78.0046 12.7576 4 
Velocity Residuals  	 - 	 2 0.000397619 1.65233e-15 490552 4 
0.0174923 4.99744e-05 2 0 2 262144 13.9683 6.75614e+06

Pressure Residuals  	 - 	 2 12583.6 81.8083 12.4023 4 
Velocity Residuals  	 - 	 2 0.000398196 1.60098e-15 498718 4 
0.0175422 4.99744e-05 2 0 2 262144 14.0023 6.75846e+06

Pressure Residuals  	 - 	 2 12681.4 74.6285 13.0356 4 
Velocity Residuals  	 - 	 2 0.000398765 1.75079e-15 477245 4 
0.0175922 4.99744e-05 2 0 2 262144 14.0355 6.76113e+06

Pressure Residuals  	 - 	 2 17258.2 108.966 12.585 4 
Velocity Residuals  	 - 	 2 0.00039933 1.50183e-15 515651 4 
0.0176422 4.99744e-05 2 0 2 262144 14.0687 6.7638e+06

Pressure Residuals  	 - 	 2 20247.5 130.629 12.4499 4 
Velocity Residuals  	 - 	 2 0.000399888 1.70074e-15 484898 4 
0.0176922 4.99744e-05 2 0 2 262144 14.104 6.7655e+06

Pressure Residuals  	 - 	 2 19289.9 78.8291 15.6431 4 
Velocity Residuals  	 - 	 2 0.000400443 1.76562e-15 476235 4 
0.0177421 4.99744e-05 2 0 2 262144 14.1375 6.76802e+06

Pressure Residuals  	 - 	 2 20463.6 67.85 17.3666 4 
Velocity Residuals  	 - 	 2 0.000400992 9.0818e-16 664480 4 
0.0177921 4.99744e-05 2 0 2 262144 14.171 6.77051e+06

Pressure Residuals  	 - 	 2 18447.4 72.0454 16.0016 4 
Velocity Residuals  	 - 	 2 0.000401539 1.66957e-15 490412 4 
0.0178421 4.99744e-05 2 0 2 262144 14.204 6.77321e+06

Pressure Residuals  	 - 	 2 11300.2 63.3339 13.3575 4 
Velocity Residuals  	 - 	 2 0.00040208 1.6819e-15 488941 4 
0.0178921 4.99744e-05 2 0 2 262144 14.2367 6.77609e+06

Pressure Residuals  	 - 	 2 11154.9 69.3461 12.683 4 
Velocity Residuals  	 - 	 2 0.000402619 1.76838e-15 477156 4 
0.017942 4.99744e-05 2 0 2 262144 14.2693 6.77896e+06

Pressure Residuals  	 - 	 2 10948.5 59.7159 13.5404 4 
Velocity Residuals  	 - 	 2 0.000403153 1.51632e-15 515632 4 
0.017992 4.99744e-05 2 0 2 262144 14.3028 6.7814e+06

Pressure Residuals  	 - 	 2 10821.1 66.5438 12.7521 4 
Velocity Residuals  	 - 	 2 0.000403685 1.58374e-15 504870 4 
0.018042 4.99744e-05 2 0 2 262144 14.3361 6.78396e+06

Pressure Residuals  	 - 	 2 10630 56.4553 13.7219 4 
Velocity Residuals  	 - 	 2 0.000404212 1.56751e-15 507808 4 
0.018092 4.99744e-05 2 0 2 262144 14.3692 6.78657e+06

Pressure Residuals  	 - 	 2 10506 63.9143 12.8209 4 
Velocity Residuals  	 - 	 2 0.000404738 1.38297e-15 540979 4 
0.0181419 4.99744e-05 2 0 2 262144 14.4034 6.78864e+06

Pressure Residuals  	 - 	 2 198701 531.251 19.3397 4 
Velocity Residuals  	 - 	 2 0.000405259 1.45814e-15 527190 4 
0.0181919 4.99744e-05 2 0 2 262144 14.4373 6.79088e+06

Pressure Residuals  	 - 	 2 524084 1477.62 18.833 4 
Velocity Residuals  	 - 	 2 0.000405686 1.74469e-15 482209 4 
0.0182419 4.99744e-05 2 0 2 262144 14.4706 6.79336e+06

Pressure Residuals  	 - 	 2 475914 3005.7 12.5832 4 
Velocity Residuals  	 - 	 2 0.000405893 1.51824e-15 517053 4 
0.0182919 4.99744e-05 2 0 2 262144 14.5039 6.79586e+06

Pressure Residuals  	 - 	 2 391095 2701.58 12.0319 4 
Velocity Residuals  	 - 	 2 0.000405969 1.71852e-15 486037 4 
0.0183418 4.99744e-05 2 0 2 262144 14.5378 6.79803e+06

Pressure Residuals  	 - 	 2 215534 1922.99 10.5869 4 
Velocity Residuals  	 - 	 2 0.000405969 1.66515e-15 493764 4 
0.0183918 4.99744e-05 2 0 2 262144 14.571 6.80053e+06

Pressure Residuals  	 - 	 2 153610 476.657 17.9518 4 
Velocity Residuals  	 - 	 2 0.000405989 1.58021e-15 506873 4 
0.0184418 4.99744e-05 2 0 2 262144 14.6042 6.80299e+06

Pressure Residuals  	 - 	 2 149371 644.678 15.2217 4 
Velocity Residuals  	 - 	 2 0.00040602 1.76461e-15 479677 4 
0.0184918 4.99744e-05 2 0 2 262144 14.6386 6.80495e+06

Pressure Residuals  	 - 	 2 141572 1042.26 11.6547 4 
Velocity Residuals  	 - 	 2 0.000406082 1.6806e-15 491558 4 
0.0185417 4.99744e-05 2 0 2 262144 14.6724 6.80714e+06

Pressure Residuals  	 - 	 2 127842 1024.88 11.1686 4 
Velocity Residuals  	 - 	 2 0.000406147 1.73155e-15 484310 4 
0.0185917 4.99744e-05 2 0 2 262144 14.7056 6.80959e+06

Pressure Residuals  	 - 	 2 116280 1044.72 10.55 4 
Velocity Residuals  	 - 	 2 0.000406226 1.63801e-15 497995 4 
0.0186417 4.99744e-05 2 0 2 262144 14.7388 6.81201e+06

Pressure Residuals  	 - 	 2 103219 894.422 10.7426 4 
Velocity Residuals  	 - 	 2 0.000406303 1.75332e-15 481388 4 
0.0186917 4.99744e-05 2 0 2 262144 14.7728 6.81408e+06

Pressure Residuals  	 - 	 2 93508.7 860.385 10.4251 4 
Velocity Residuals  	 - 	 2 0.000406391 1.77374e-15 478659 4 
0.0187416 4.99744e-05 2 0 2 262144 14.8061 6.81649e+06

Pressure Residuals  	 - 	 2 83413.1 728.958 10.6971 4 
Velocity Residuals  	 - 	 2 0.000406479 1.76863e-15 479404 4 
0.0187916 4.99744e-05 2 0 2 262144 14.8394 6.81884e+06

Pressure Residuals  	 - 	 2 76279.2 714.26 10.3342 4 
Velocity Residuals  	 - 	 2 0.000406581 1.71564e-15 486811 4 
0.0188416 4.99744e-05 2 0 2 262144 14.8735 6.82086e+06

Pressure Residuals  	 - 	 2 86205.2 747.589 10.7383 4 
Velocity Residuals  	 - 	 2 0.000406688 1.73827e-15 483695 4 
0.0188916 4.99744e-05 2 0 2 262144 14.9067 6.82322e+06

Pressure Residuals  	 - 	 2 76865.4 706.511 10.4305 4 
Velocity Residuals  	 - 	 2 0.000406851 1.45161e-15 529410 4 
0.0189415 4.99744e-05 2 0 2 262144 14.94 6.82558e+06

Pressure Residuals  	 - 	 2 68092 564.762 10.9803 4 
Velocity Residuals  	 - 	 2 0.000407015 1.76644e-15 480016 4 
0.0189915 4.99744e-05 2 0 2 262144 14.9739 6.8276e+06

Pressure Residuals  	 - 	 2 62281.8 552.109 10.6211 4 
Velocity Residuals  	 - 	 2 0.000407198 1.77166e-15 479416 4 
0.0190415 4.99744e-05 2 0 2 262144 15.0079 6.82962e+06

Pressure Residuals  	 - 	 2 56426.5 485.85 10.7768 4 
Velocity Residuals  	 - 	 2 0.000407391 1.74446e-15 483254 4 
0.0190915 4.99744e-05 2 0 2 262144 15.0412 6.83194e+06

Pressure Residuals  	 - 	 2 52640.2 512.179 10.1379 4 
Velocity Residuals  	 - 	 2 0.000407604 1.4913e-15 522801 4 
0.0191414 4.99744e-05 2 0 2 262144 15.0744 6.83427e+06

Pressure Residuals  	 - 	 2 48401.5 463.003 10.2244 4 
Velocity Residuals  	 - 	 2 0.000407828 1.51775e-15 518368 4 
0.0191914 4.99744e-05 2 0 2 262144 15.1083 6.8363e+06

Pressure Residuals  	 - 	 2 45763.2 496.59 9.59973 4 
Velocity Residuals  	 - 	 2 0.000408073 1.75828e-15 481753 4 
0.0192414 4.99744e-05 2 0 2 262144 15.1415 6.83863e+06

Pressure Residuals  	 - 	 2 42484.7 450.107 9.71535 4 
Velocity Residuals  	 - 	 2 0.00040833 1.63382e-15 499923 4 
0.0192914 4.99744e-05 2 0 2 262144 15.1747 6.84092e+06

Pressure Residuals  	 - 	 2 40539.6 485.776 9.13528 4 
Velocity Residuals  	 - 	 2 0.000408607 1.71192e-15 488552 4 
0.0193413 4.99744e-05 2 0 2 262144 15.2077 6.84332e+06

Pressure Residuals  	 - 	 2 37877.7 441.738 9.25997 4 
Velocity Residuals  	 - 	 2 0.000408896 1.65425e-15 497171 4 
0.0193913 4.99744e-05 2 0 2 262144 15.2402 6.84592e+06

Pressure Residuals  	 - 	 2 36383.7 524.418 8.32942 4 
Velocity Residuals  	 - 	 2 0.000409204 1.64473e-15 498795 4 
0.0194413 4.99744e-05 2 0 2 262144 15.2727 6.84851e+06

Pressure Residuals  	 - 	 2 34146.3 472.906 8.49737 4 
Velocity Residuals  	 - 	 2 0.000409521 1.71126e-15 489192 4 
0.0194913 4.99744e-05 2 0 2 262144 15.3063 6.85061e+06

Pressure Residuals  	 - 	 2 32962.2 559.261 7.67717 4 
Velocity Residuals  	 - 	 2 0.000409857 1.65748e-15 497269 4 
0.0195412 4.99744e-05 2 0 2 262144 15.3395 6.85289e+06

Pressure Residuals  	 - 	 2 31028.8 502.22 7.86023 4 
Velocity Residuals  	 - 	 2 0.000410201 1.6023e-15 505972 4 
0.0195912 4.99744e-05 2 0 2 262144 15.3728 6.85508e+06

Pressure Residuals  	 - 	 2 37635.2 853.776 6.63934 4 
Velocity Residuals  	 - 	 2 0.000410563 1.77212e-15 481331 4 
0.0196412 4.99744e-05 2 0 2 262144 15.407 6.85686e+06

Pressure Residuals  	 - 	 2 528893 15303.9 5.87873 4 
Velocity Residuals  	 - 	 2 0.000410963 1.64478e-15 499859 4 
0.0196911 4.99744e-05 2 0 2 262144 15.4409 6.85879e+06

Pressure Residuals  	 - 	 2 490660 5508.23 9.43809 4 
Velocity Residuals  	 - 	 2 0.000411717 1.66154e-15 497788 4 
0.0197411 4.99744e-05 2 0 2 262144 15.4743 6.86096e+06

Pressure Residuals  	 - 	 2 227188 2161.17 10.2529 4 
Velocity Residuals  	 - 	 2 0.000412238 1.60796e-15 506332 4 
0.0197911 4.99744e-05 2 0 2 262144 15.5075 6.86317e+06

Pressure Residuals  	 - 	 2 150014 4710.39 5.64337 4 
Velocity Residuals  	 - 	 2 0.000412862 1.66679e-15 497694 4 
0.0198411 4.99744e-05 2 0 2 262144 15.542 6.8648e+06

Pressure Residuals  	 - 	 2 93798.8 2531.01 6.08768 5 
Velocity Residuals  	 - 	 2 0.00041352 1.67967e-15 496177 4 
0.019891 4.99744e-05 2 0 2 262144 15.5767 6.86635e+06

Pressure Residuals  	 - 	 2 128867 1472.41 9.35529 5 
Velocity Residuals  	 - 	 2 0.000414207 1.72459e-15 490079 4 
0.019941 4.99744e-05 2 0 2 262144 15.6115 6.86783e+06

Pressure Residuals  	 - 	 2 129525 1203.76 10.373 5 
Velocity Residuals  	 - 	 2 0.000414838 1.75825e-15 485734 4 
0.019991 4.99744e-05 2 0 2 262144 15.6471 6.86895e+06

Pressure Residuals  	 - 	 2 120914 1034.86 10.8093 5 
Velocity Residuals  	 - 	 2 0.000415463 1.74356e-15 488144 4 
0.020041 4.99744e-05 2 0 2 262144 15.6819 6.8704e+06

Pressure Residuals  	 - 	 2 104597 829.961 11.2262 5 
Velocity Residuals  	 - 	 2 0.000416076 1.64618e-15 502744 4 
0.0200909 4.99744e-05 2 0 2 262144 15.7167 6.87189e+06

Pressure Residuals  	 - 	 2 89661.5 701.708 11.3038 5 
Velocity Residuals  	 - 	 2 0.00041668 1.74999e-15 487959 4 
0.0201409 4.99744e-05 2 0 2 262144 15.752 6.87312e+06

Pressure Residuals  	 - 	 2 74384.8 560.613 11.5189 5 
Velocity Residuals  	 - 	 2 0.000417266 1.75008e-15 488290 4 
0.0201909 4.99744e-05 2 0 2 262144 15.787 6.87451e+06

Pressure Residuals  	 - 	 2 62154.7 482.393 11.3511 5 
Velocity Residuals  	 - 	 2 0.00041784 1.71351e-15 493811 4 
0.0202409 4.99744e-05 2 0 2 262144 15.8216 6.87601e+06

Pressure Residuals  	 - 	 2 50765.9 397.163 11.3058 5 
Velocity Residuals  	 - 	 2 0.000418394 1.75362e-15 488456 4 
0.0202908 4.99744e-05 2 0 2 262144 15.8568 6.87728e+06

Pressure Residuals  	 - 	 2 42050.8 356.31 10.8636 5 
Velocity Residuals  	 - 	 2 0.000418933 1.70228e-15 496086 4 
0.0203408 4.99744e-05 2 0 2 262144 15.8915 6.87877e+06

Pressure Residuals  	 - 	 2 34051.2 305.535 10.5569 5 
Velocity Residuals  	 - 	 2 0.000419455 1.63901e-15 505884 4 
0.0203908 4.99744e-05 2 0 2 262144 15.9264 6.88017e+06

Pressure Residuals  	 - 	 2 28101.2 286.777 9.89897 5 
Velocity Residuals  	 - 	 2 0.000419962 1.69585e-15 497636 4 
0.0204408 4.99744e-05 2 0 2 262144 15.9619 6.88129e+06

Pressure Residuals  	 - 	 2 22548 257.431 9.35886 5 
Velocity Residuals  	 - 	 2 0.000420454 1.65132e-15 504596 4 
0.0204907 4.99744e-05 2 0 2 262144 15.9964 6.88281e+06

Pressure Residuals  	 - 	 2 19060.5 250.594 8.72132 5 
Velocity Residuals  	 - 	 2 0.000420934 1.52525e-15 525335 4 
0.0205407 4.99744e-05 2 0 2 262144 16.0309 6.88437e+06

Pressure Residuals  	 - 	 2 18307.5 230.81 8.9061 5 
Velocity Residuals  	 - 	 2 0.000421401 1.61744e-15 510428 4 
0.0205907 4.99744e-05 2 0 2 262144 16.0659 6.88569e+06

Pressure Residuals  	 - 	 2 17859.6 229.463 8.82225 5 
Velocity Residuals  	 - 	 2 0.000421858 1.58187e-15 516414 4 
0.0206407 4.99744e-05 2 0 2 262144 16.1005 6.88718e+06

Pressure Residuals  	 - 	 2 17058.4 215.979 8.88718 5 
Velocity Residuals  	 - 	 2 0.000422305 1.74907e-15 491371 4 
0.0206906 4.99744e-05 2 0 2 262144 16.1351 6.88864e+06

Pressure Residuals  	 - 	 2 16669.3 217.679 8.75086 5 
Velocity Residuals  	 - 	 2 0.000422743 1.77402e-15 488156 4 
0.0207406 4.99744e-05 2 0 2 262144 16.1703 6.88988e+06

Pressure Residuals  	 - 	 2 15853.3 210.835 8.67139 5 
Velocity Residuals  	 - 	 2 0.000423173 1.62149e-15 510860 4 
0.0207906 4.99744e-05 2 0 2 262144 16.2047 6.89141e+06

Pressure Residuals  	 - 	 2 15538.3 213.805 8.52498 5 
Velocity Residuals  	 - 	 2 0.000423597 1.71005e-15 497705 4 
0.0208406 4.99744e-05 2 0 2 262144 16.2387 6.89313e+06

Pressure Residuals  	 - 	 2 14724.2 208.285 8.4079 5 
Velocity Residuals  	 - 	 2 0.000424015 1.75255e-15 491875 4 
0.0208905 4.99744e-05 2 0 2 262144 16.2728 6.89479e+06

Pressure Residuals  	 - 	 2 14484.7 210.978 8.28584 5 
Velocity Residuals  	 - 	 2 0.000424427 1.72783e-15 495623 4 
0.0209405 4.99744e-05 2 0 2 262144 16.3081 6.89594e+06

Pressure Residuals  	 - 	 2 13679.1 205.957 8.14967 5 
Velocity Residuals  	 - 	 2 0.000424835 1.64023e-15 508930 4 
0.0209905 4.99744e-05 2 0 2 262144 16.3428 6.89734e+06

Pressure Residuals  	 - 	 2 13513.7 208.126 8.05794 5 
Velocity Residuals  	 - 	 2 0.000425239 1.48354e-15 535386 4 
0.0210405 4.99744e-05 2 0 2 262144 16.3776 6.89871e+06

Pressure Residuals  	 - 	 2 13353 203.378 8.10285 5 
Velocity Residuals  	 - 	 2 0.00042564 1.7545e-15 492544 4 
0.0210904 4.99744e-05 2 0 2 262144 16.4129 6.89983e+06

Pressure Residuals  	 - 	 2 13423.1 205.14 8.08913 5 
Velocity Residuals  	 - 	 2 0.000426037 1.67081e-15 504963 4 
0.0211404 4.99744e-05 2 0 2 262144 16.4477 6.90117e+06

Pressure Residuals  	 - 	 2 19577.2 200.793 9.87418 5 
Velocity Residuals  	 - 	 2 0.000426433 1.68791e-15 502632 4 
0.0211904 4.99744e-05 2 0 2 262144 16.4825 6.90252e+06

Pressure Residuals  	 - 	 2 17283.2 201.52 9.2609 5 
Velocity Residuals  	 - 	 2 0.000426827 1.75747e-15 492812 4 
0.0212404 4.99744e-05 2 0 2 262144 16.5178 6.90363e+06

Pressure Residuals  	 - 	 2 19069.4 196.909 9.8409 5 
Velocity Residuals  	 - 	 2 0.000427221 1.74111e-15 495351 4 
0.0212903 4.99744e-05 2 0 2 262144 16.5525 6.90501e+06

Pressure Residuals  	 - 	 2 18683.3 198.11 9.71123 5 
Velocity Residuals  	 - 	 2 0.000427613 1.45615e-15 541904 4 
0.0213403 4.99744e-05 2 0 2 262144 16.5871 6.90639e+06

Pressure Residuals  	 - 	 2 14119.4 194.974 8.5098 5 
Velocity Residuals  	 - 	 2 0.000428005 1.53093e-15 528746 4 
0.0213903 4.99744e-05 2 0 2 262144 16.6225 6.90746e+06

Pressure Residuals  	 - 	 2 12930.5 196.488 8.11222 5 
Velocity Residuals  	 - 	 2 0.000428396 1.76383e-15 492827 4 
0.0214403 4.99744e-05 2 0 2 262144 16.6571 6.90885e+06

Pressure Residuals  	 - 	 2 12737.4 194.526 8.09194 5 
Velocity Residuals  	 - 	 2 0.000428787 1.7753e-15 491456 4 
0.0214902 4.99744e-05 2 0 2 262144 16.6917 6.91022e+06

Pressure Residuals  	 - 	 2 12674.9 194.985 8.06252 5 
Velocity Residuals  	 - 	 2 0.000429178 1.64595e-15 510635 4 
0.0215402 4.99744e-05 2 0 2 262144 16.727 6.91131e+06

Pressure Residuals  	 - 	 2 12466.8 192.622 8.04495 5 
Velocity Residuals  	 - 	 2 0.000429568 1.77245e-15 492299 4 
0.0215902 4.99744e-05 2 0 2 262144 16.762 6.91252e+06

Pressure Residuals  	 - 	 2 12394.7 192.598 8.02218 5 
Velocity Residuals  	 - 	 2 0.000429958 1.74954e-15 495736 4 
0.0216402 4.99744e-05 2 0 2 262144 16.7967 6.91386e+06

Pressure Residuals  	 - 	 2 12201 190.685 7.99907 5 
Velocity Residuals  	 - 	 2 0.000430348 1.55415e-15 526215 4 
0.0216901 4.99744e-05 2 0 2 262144 16.832 6.91493e+06

Pressure Residuals  	 - 	 2 12135 190.323 7.98501 5 
Velocity Residuals  	 - 	 2 0.000430737 1.77179e-15 493060 4 
0.0217401 4.99744e-05 2 0 2 262144 16.8666 6.91626e+06

Pressure Residuals  	 - 	 2 11945.9 188.723 7.95605 5 
Velocity Residuals  	 - 	 2 0.000431127 1.66515e-15 508834 4 
0.0217901 4.99744e-05 2 0 2 262144 16.9012 6.91763e+06

Pressure Residuals  	 - 	 2 11884.3 187.961 7.95155 5 
Velocity Residuals  	 - 	 2 0.000431517 1.60346e-15 518764 4 
0.02184 4.99744e-05 2 0 2 262144 16.9365 6.9187e+06

Pressure Residuals  	 - 	 2 11712.8 186.683 7.92094 5 
Velocity Residuals  	 - 	 2 0.000431907 1.65812e-15 510373 4 
0.02189 4.99744e-05 2 0 2 262144 16.9712 6.92e+06

Pressure Residuals  	 - 	 2 11643.7 185.488 7.92294 5 
Velocity Residuals  	 - 	 2 0.000432297 1.55999e-15 526417 4 
0.02194 4.99744e-05 2 0 2 262144 17.0058 6.92131e+06

Pressure Residuals  	 - 	 2 11456.1 184.629 7.87714 5 
Velocity Residuals  	 - 	 2 0.000432687 1.77489e-15 493743 4 
0.02199 4.99744e-05 2 0 2 262144 17.0411 6.92239e+06

Pressure Residuals  	 - 	 2 12796.9 196.629 8.06729 5 
Velocity Residuals  	 - 	 2 0.000433077 1.75152e-15 497250 4 
0.0220399 4.99744e-05 2 0 2 262144 17.0758 6.92364e+06

Pressure Residuals  	 - 	 2 98094.2 916.461 10.3458 5 
Velocity Residuals  	 - 	 2 0.000433466 1.71446e-15 502822 4 
0.0220899 4.99744e-05 2 0 2 262144 17.1108 6.92482e+06

Pressure Residuals  	 - 	 2 155508 1260.91 11.1054 5 
Velocity Residuals  	 - 	 2 0.000433818 1.68265e-15 507757 4 
0.0221399 4.99744e-05 2 0 2 262144 17.1469 6.92552e+06

Pressure Residuals  	 - 	 2 142331 236.974 24.5075 5 
Velocity Residuals  	 - 	 2 0.000434117 1.4923e-15 539356 4 
0.0221899 4.99744e-05 2 0 2 262144 17.1816 6.92678e+06

Pressure Residuals  	 - 	 2 98025.5 445.957 14.826 5 
Velocity Residuals  	 - 	 2 0.000434399 1.65562e-15 512229 4 
0.0222398 4.99744e-05 2 0 2 262144 17.216 6.9282e+06

Pressure Residuals  	 - 	 2 90375.8 424.103 14.5979 5 
Velocity Residuals  	 - 	 2 0.000434685 1.67684e-15 509146 4 
0.0222898 4.99744e-05 2 0 2 262144 17.25 6.92971e+06

Pressure Residuals  	 - 	 2 93223 262.22 18.8551 5 
Velocity Residuals  	 - 	 2 0.000434988 1.74413e-15 499400 4 
0.0223398 4.99744e-05 2 0 2 262144 17.2841 6.93123e+06

Pressure Residuals  	 - 	 2 92971.3 531.554 13.2252 5 
Velocity Residuals  	 - 	 2 0.000435304 1.46721e-15 544691 4 
0.0223898 4.99744e-05 2 0 2 262144 17.3192 6.93231e+06

Pressure Residuals  	 - 	 2 87465.1 292.709 17.2862 5 
Velocity Residuals  	 - 	 2 0.000435638 1.67421e-15 510102 4 
0.0224397 4.99744e-05 2 0 2 262144 17.3537 6.93361e+06

Pressure Residuals  	 - 	 2 82661.4 492.121 12.9603 5 
Velocity Residuals  	 - 	 2 0.000435987 1.52324e-15 534998 4 
0.0224897 4.99744e-05 2 0 2 262144 17.3883 6.93492e+06

Pressure Residuals  	 - 	 2 75498.4 282.108 16.3592 5 
Velocity Residuals  	 - 	 2 0.000436353 1.71827e-15 503934 4 
0.0225397 4.99744e-05 2 0 2 262144 17.4234 6.93598e+06

Pressure Residuals  	 - 	 2 70314.5 405.757 13.1641 5 
Velocity Residuals  	 - 	 2 0.000436732 1.66103e-15 512765 4 
0.0225897 4.99744e-05 2 0 2 262144 17.4581 6.9372e+06

Pressure Residuals  	 - 	 2 63709.4 227.414 16.7376 5 
Velocity Residuals  	 - 	 2 0.000437123 1.74345e-15 500723 4 
0.0226396 4.99744e-05 2 0 2 262144 17.4928 6.93844e+06

Pressure Residuals  	 - 	 2 59253.2 317.529 13.6604 5 
Velocity Residuals  	 - 	 2 0.000437524 1.60134e-15 522708 4 
0.0226896 4.99744e-05 2 0 2 262144 17.528 6.93947e+06

Pressure Residuals  	 - 	 2 53537.9 169.481 17.7734 5 
Velocity Residuals  	 - 	 2 0.000437934 1.61297e-15 521065 4 
0.0227396 4.99744e-05 2 0 2 262144 17.5626 6.9407e+06

Pressure Residuals  	 - 	 2 49941.8 245.998 14.2484 5 
Velocity Residuals  	 - 	 2 0.000438352 1.69233e-15 508942 4 
0.0227896 4.99744e-05 2 0 2 262144 17.5973 6.94192e+06

Pressure Residuals  	 - 	 2 45276.5 121.066 19.3386 5 
Velocity Residuals  	 - 	 2 0.000438775 1.77542e-15 497130 4 
0.0228395 4.99744e-05 2 0 2 262144 17.6338 6.94242e+06

Pressure Residuals  	 - 	 2 42665.2 184.859 15.192 5 
Velocity Residuals  	 - 	 2 0.000439204 1.68052e-15 511224 4 
0.0228895 4.99744e-05 2 0 2 262144 17.669 6.94341e+06

Pressure Residuals  	 - 	 2 38892.5 142.973 16.4932 5 
Velocity Residuals  	 - 	 2 0.000439636 1.69831e-15 508790 4 
0.0229395 4.99744e-05 2 0 2 262144 17.7037 6.94463e+06

Pressure Residuals  	 - 	 2 36887.7 140.841 16.1837 5 
Velocity Residuals  	 - 	 2 0.000440071 1.7737e-15 498106 4 
0.0229895 4.99744e-05 2 0 2 262144 17.7384 6.94583e+06

Pressure Residuals  	 - 	 2 33710.8 61.2898 23.4526 5 
Velocity Residuals  	 - 	 2 0.000440508 1.67332e-15 513083 4 
0.0230394 4.99744e-05 2 0 2 262144 17.7737 6.94678e+06

Pressure Residuals  	 - 	 2 32197.6 108.857 17.1982 5 
Velocity Residuals  	 - 	 2 0.000440945 1.45905e-15 549739 4 
0.0230894 4.99744e-05 2 0 2 262144 17.8084 6.94796e+06

Pressure Residuals  	 - 	 2 29494.1 35.4787 28.8326 5 
Velocity Residuals  	 - 	 2 0.000441383 1.72721e-15 505517 4 
0.0231394 4.99744e-05 2 0 2 262144 17.8431 6.94912e+06

Pressure Residuals  	 - 	 2 28368 85.5673 18.2079 5 
Velocity Residuals  	 - 	 2 0.000441821 1.76173e-15 500788 4 
0.0231894 4.99744e-05 2 0 2 262144 17.8786 6.95002e+06

Pressure Residuals  	 - 	 2 26034.3 32.7909 28.1771 5 
Velocity Residuals  	 - 	 2 0.000442259 1.64212e-15 518963 4 
0.0232393 4.99744e-05 2 0 2 262144 17.9134 6.95112e+06

Pressure Residuals  	 - 	 2 25214.1 68.3268 19.2099 5 
Velocity Residuals  	 - 	 2 0.000442697 1.69622e-15 510872 4 
0.0232893 4.99744e-05 2 0 2 262144 17.9481 6.95229e+06

Pressure Residuals  	 - 	 2 23169.6 38.5223 24.5247 5 
Velocity Residuals  	 - 	 2 0.000443133 1.74445e-15 504008 4 
0.0233393 4.99744e-05 2 0 2 262144 17.9837 6.95311e+06

Pressure Residuals  	 - 	 2 22590.1 56.2929 20.0323 5 
Velocity Residuals  	 - 	 2 0.000443569 1.70823e-15 509574 4 
0.0233893 4.99744e-05 2 0 2 262144 18.0184 6.95427e+06

Pressure Residuals  	 - 	 2 20770.8 39.5093 22.9285 5 
Velocity Residuals  	 - 	 2 0.000444003 1.66742e-15 516024 4 
0.0234392 4.99744e-05 2 0 2 262144 18.0538 6.95516e+06

Pressure Residuals  	 - 	 2 43675.5 971.273 6.70577 6 
Velocity Residuals  	 - 	 2 0.000444435 1.65285e-15 518546 4 
0.0234892 4.99744e-05 2 0 2 262144 18.0907 6.95544e+06

Pressure Residuals  	 - 	 2 23608.8 279.287 9.19416 6 
Velocity Residuals  	 - 	 2 0.000444876 1.66277e-15 517253 4 
0.0235392 4.99744e-05 2 0 2 262144 18.1269 6.95604e+06

Pressure Residuals  	 - 	 2 15260.3 160.953 9.73714 6 
Velocity Residuals  	 - 	 2 0.000445281 1.67144e-15 516146 4 
0.0235892 4.99744e-05 2 0 2 262144 18.163 6.95664e+06

Pressure Residuals  	 - 	 2 13456 82.4332 12.7764 6 
Velocity Residuals  	 - 	 2 0.0004457 1.74014e-15 506092 4 
0.0236391 4.99744e-05 2 0 2 262144 18.1995 6.95707e+06

Pressure Residuals  	 - 	 2 13501.1 56.029 15.5231 6 
Velocity Residuals  	 - 	 2 0.000446124 1.72092e-15 509152 4 
0.0236891 4.99744e-05 2 0 2 262144 18.2349 6.95795e+06

Pressure Residuals  	 - 	 2 12142.6 35.1705 18.5809 6 
Velocity Residuals  	 - 	 2 0.000446549 1.76105e-15 503557 4 
0.0237391 4.99744e-05 2 0 2 262144 18.2704 6.9588e+06

Pressure Residuals  	 - 	 2 12493.2 27.8297 21.1877 6 
Velocity Residuals  	 - 	 2 0.000446975 1.76502e-15 503231 4 
0.023789 4.99744e-05 2 0 2 262144 18.3071 6.95914e+06

Pressure Residuals  	 - 	 2 11283.1 28.3267 19.9579 6 
Velocity Residuals  	 - 	 2 0.000447402 1.75346e-15 505128 4 
0.023839 4.99744e-05 2 0 2 262144 18.3433 6.95973e+06

Pressure Residuals  	 - 	 2 11735 24.3415 21.9567 6 
Velocity Residuals  	 - 	 2 0.000447829 1.68296e-15 515845 4 
0.023889 4.99744e-05 2 0 2 262144 18.3797 6.9602e+06

Pressure Residuals  	 - 	 2 10558.1 25.0193 20.5426 6 
Velocity Residuals  	 - 	 2 0.000448256 1.74727e-15 506504 4 
0.023939 4.99744e-05 2 0 2 262144 18.4164 6.96057e+06

Pressure Residuals  	 - 	 2 11056.4 22.5632 22.1363 6 
Velocity Residuals  	 - 	 2 0.000448683 1.71989e-15 510763 4 
0.0239889 4.99744e-05 2 0 2 262144 18.4524 6.96117e+06

Pressure Residuals  	 - 	 2 9886.64 25.3115 19.7636 6 
Velocity Residuals  	 - 	 2 0.000449109 1.73226e-15 509178 4 
0.0240389 4.99744e-05 2 0 2 262144 18.4886 6.96172e+06

Pressure Residuals  	 - 	 2 10420.4 24.9163 20.4503 6 
Velocity Residuals  	 - 	 2 0.000449534 1.49157e-15 548983 4 
0.0240889 4.99744e-05 2 0 2 262144 18.5255 6.96201e+06

Pressure Residuals  	 - 	 2 9252.77 23.5016 19.8421 6 
Velocity Residuals  	 - 	 2 0.000449959 1.55497e-15 537930 4 
0.0241389 4.99744e-05 2 0 2 262144 18.5617 6.96256e+06

Pressure Residuals  	 - 	 2 9822.01 22.5992 20.8475 6 
Velocity Residuals  	 - 	 2 0.000450382 1.6493e-15 522565 4 
0.0241888 4.99744e-05 2 0 2 262144 18.5978 6.96315e+06

Pressure Residuals  	 - 	 2 8656.64 21.9605 19.8542 6 
Velocity Residuals  	 - 	 2 0.000450804 1.73283e-15 510053 4 
0.0242388 4.99744e-05 2 0 2 262144 18.6346 6.96345e+06

Pressure Residuals  	 - 	 2 9263.1 21.8298 20.5993 6 
Velocity Residuals  	 - 	 2 0.000451223 1.60292e-15 530566 4 
0.0242888 4.99744e-05 2 0 2 262144 18.6708 6.96401e+06

Pressure Residuals  	 - 	 2 8099.7 21.0075 19.6358 6 
Velocity Residuals  	 - 	 2 0.000451641 1.74442e-15 508829 4 
0.0243388 4.99744e-05 2 0 2 262144 18.7069 6.96456e+06

Pressure Residuals  	 - 	 2 8744.89 22.2174 19.8395 6 
Velocity Residuals  	 - 	 2 0.000452056 1.71354e-15 513628 4 
0.0243887 4.99744e-05 2 0 2 262144 18.7437 6.96488e+06

Pressure Residuals  	 - 	 2 7583.17 20.5172 19.225 6 
Velocity Residuals  	 - 	 2 0.00045247 1.72915e-15 511539 4 
0.0244387 4.99744e-05 2 0 2 262144 18.7799 6.96544e+06

Pressure Residuals  	 - 	 2 8267.48 22.7312 19.0711 6 
Velocity Residuals  	 - 	 2 0.00045288 1.6837e-15 518631 4 
0.0244887 4.99744e-05 2 0 2 262144 18.816 6.966e+06

Pressure Residuals  	 - 	 2 46489.2 389.12 10.9303 6 
Velocity Residuals  	 - 	 2 0.000453289 1.77337e-15 505578 4 
0.0245387 4.99744e-05 2 0 2 262144 18.8527 6.96632e+06

Pressure Residuals  	 - 	 2 419178 3307.37 11.2579 6 
Velocity Residuals  	 - 	 2 0.000453673 1.7159e-15 514193 4 
0.0245886 4.99744e-05 2 0 2 262144 18.8887 6.96692e+06

Pressure Residuals  	 - 	 2 549597 2357.25 15.2693 6 
Velocity Residuals  	 - 	 2 0.000453881 1.744e-15 510149 4 
0.0246386 4.99744e-05 2 0 2 262144 18.925 6.96743e+06

Pressure Residuals  	 - 	 2 447719 2621.35 13.0689 6 
Velocity Residuals  	 - 	 2 0.000454077 1.77468e-15 505831 4 
0.0246886 4.99744e-05 2 0 2 262144 18.9617 6.96775e+06

Pressure Residuals  	 - 	 2 365801 1677.55 14.7668 6 
Velocity Residuals  	 - 	 2 0.000454317 1.68545e-15 519184 4 
0.0247386 4.99744e-05 2 0 2 262144 18.9979 6.96827e+06

Pressure Residuals  	 - 	 2 275079 1039.27 16.2692 6 
Velocity Residuals  	 - 	 2 0.000454532 1.58862e-15 534900 4 
0.0247885 4.99744e-05 2 0 2 262144 19.034 6.96883e+06

Pressure Residuals  	 - 	 2 216340 439.737 22.1806 6 
Velocity Residuals  	 - 	 2 0.000454736 1.77622e-15 505977 4 
0.0248385 4.99744e-05 2 0 2 262144 19.0707 6.96917e+06

Pressure Residuals  	 - 	 2 166382 613.157 16.4728 6 
Velocity Residuals  	 - 	 2 0.000454918 1.52007e-15 547060 4 
0.0248885 4.99744e-05 2 0 2 262144 19.1068 6.96972e+06

Pressure Residuals  	 - 	 2 133429 648.795 14.3407 6 
Velocity Residuals  	 - 	 2 0.000455095 1.68939e-15 519023 4 
0.0249385 4.99744e-05 2 0 2 262144 19.143 6.97024e+06

Pressure Residuals  	 - 	 2 106788 622.453 13.0981 6 
Velocity Residuals  	 - 	 2 0.000455271 1.77139e-15 506966 4 
0.0249884 4.99744e-05 2 0 2 262144 19.18 6.97047e+06

Pressure Residuals  	 - 	 2 88215.9 554.244 12.616 6 
Velocity Residuals  	 - 	 2 0.000455452 1.70079e-15 517484 4 
0.0250384 4.99744e-05 2 0 2 262144 19.2155 6.97121e+06

Pressure Residuals  	 - 	 2 73395.1 473.919 12.4446 6 
Velocity Residuals  	 - 	 2 0.000455638 1.76043e-15 508745 4 
0.0250884 4.99744e-05 2 0 2 262144 19.2509 6.97202e+06

Pressure Residuals  	 - 	 2 62371.7 393.422 12.5911 6 
Velocity Residuals  	 - 	 2 0.000455827 1.75948e-15 508989 4 
0.0251384 4.99744e-05 2 0 2 262144 19.2865 6.97275e+06

Pressure Residuals  	 - 	 2 53689.1 324.6 12.8608 6 
Velocity Residuals  	 - 	 2 0.000456019 1.66814e-15 522847 4 
0.0251883 4.99744e-05 2 0 2 262144 19.3239 6.97282e+06

Pressure Residuals  	 - 	 2 46749.6 263.4 13.3224 6 
Velocity Residuals  	 - 	 2 0.000456212 1.59939e-15 534079 4 
0.0252383 4.99744e-05 2 0 2 262144 19.36 6.97335e+06

Pressure Residuals  	 - 	 2 41415.2 215.828 13.8524 6 
Velocity Residuals  	 - 	 2 0.000456402 1.76495e-15 508519 4 
0.0252883 4.99744e-05 2 0 2 262144 19.3961 6.9739e+06

Pressure Residuals  	 - 	 2 36786.3 175.35 14.4841 6 
Velocity Residuals  	 - 	 2 0.00045659 1.76083e-15 509219 4 
0.0253383 4.99744e-05 2 0 2 262144 19.433 6.97415e+06

Pressure Residuals  	 - 	 2 33369.2 145.182 15.1606 6 
Velocity Residuals  	 - 	 2 0.000456774 1.62858e-15 529597 4 
0.0253882 4.99744e-05 2 0 2 262144 19.4691 6.97468e+06

Pressure Residuals  	 - 	 2 30106.8 119.074 15.901 6 
Velocity Residuals  	 - 	 2 0.000456951 1.7393e-15 512564 4 
0.0254382 4.99744e-05 2 0 2 262144 19.5052 6.9752e+06

Pressure Residuals  	 - 	 2 27839 100.275 16.6621 6 
Velocity Residuals  	 - 	 2 0.000457123 1.62337e-15 530650 4 
0.0254882 4.99744e-05 2 0 2 262144 19.5417 6.97558e+06

Pressure Residuals  	 - 	 2 25421.8 84.0159 17.3949 6 
Velocity Residuals  	 - 	 2 0.000457288 1.69913e-15 518778 4 
0.0255382 4.99744e-05 2 0 2 262144 19.578 6.97606e+06

Pressure Residuals  	 - 	 2 23873.3 72.5492 18.1401 6 
Velocity Residuals  	 - 	 2 0.000457446 1.73129e-15 514026 4 
0.0255881 4.99744e-05 2 0 2 262144 19.6141 6.97658e+06

Pressure Residuals  	 - 	 2 21999.7 62.398 18.7769 6 
Velocity Residuals  	 - 	 2 0.000457597 1.7384e-15 513058 4 
0.0256381 4.99744e-05 2 0 2 262144 19.6508 6.97687e+06

Pressure Residuals  	 - 	 2 20920.1 55.1191 19.4819 6 
Velocity Residuals  	 - 	 2 0.00045774 1.58832e-15 536835 4 
0.0256881 4.99744e-05 2 0 2 262144 19.6869 6.97741e+06

Pressure Residuals  	 - 	 2 19410.7 48.8834 19.9269 6 
Velocity Residuals  	 - 	 2 0.000457875 1.77357e-15 508100 4 
0.0257381 4.99744e-05 2 0 2 262144 19.7231 6.9779e+06

Pressure Residuals  	 - 	 2 39922.2 100.498 19.931 6 
Velocity Residuals  	 - 	 2 0.000458004 1.69435e-15 519916 4 
0.025788 4.99744e-05 2 0 2 262144 19.7606 6.97791e+06

Pressure Residuals  	 - 	 2 340212 669.568 22.5412 6 
Velocity Residuals  	 - 	 2 0.000458091 1.54941e-15 543742 4 
0.025838 4.99744e-05 2 0 2 262144 19.7967 6.97842e+06

Pressure Residuals  	 - 	 2 423405 1147.64 19.2077 6 
Velocity Residuals  	 - 	 2 0.000457914 1.7515e-15 511313 4 
0.025888 4.99744e-05 2 0 2 262144 19.8328 6.97895e+06

Pressure Residuals  	 - 	 2 348098 1422.5 15.6431 6 
Velocity Residuals  	 - 	 2 0.000457629 1.62445e-15 530767 4 
0.0259379 4.99744e-05 2 0 2 262144 19.8694 6.97927e+06

Pressure Residuals  	 - 	 2 204035 1084.45 13.7166 6 
Velocity Residuals  	 - 	 2 0.000457312 1.76532e-15 508972 4 
0.0259879 4.99744e-05 2 0 2 262144 19.9056 6.97975e+06

Pressure Residuals  	 - 	 2 102104 523.211 13.9696 6 
Velocity Residuals  	 - 	 2 0.000457013 1.75471e-15 510342 4 
0.0260379 4.99744e-05 2 0 2 262144 19.9418 6.98023e+06

Pressure Residuals  	 - 	 2 97513.1 116.314 28.9545 6 
Velocity Residuals  	 - 	 2 0.000456721 1.62369e-15 530364 4 
0.0260879 4.99744e-05 2 0 2 262144 19.9786 6.9805e+06

Pressure Residuals  	 - 	 2 91578.2 174.25 22.925 6 
Velocity Residuals  	 - 	 2 0.000456446 1.66702e-15 523268 4 
0.0261378 4.99744e-05 2 0 2 262144 20.0147 6.98101e+06

Pressure Residuals  	 - 	 2 82729.8 290.76 16.868 6 
Velocity Residuals  	 - 	 2 0.000456183 1.66539e-15 523374 4 
0.0261878 4.99744e-05 2 0 2 262144 20.0508 6.98151e+06

Pressure Residuals  	 - 	 2 74691.7 361.917 14.3659 6 
Velocity Residuals  	 - 	 2 0.000455939 1.69472e-15 518685 4 
0.0262378 4.99744e-05 2 0 2 262144 20.0877 6.98173e+06

Pressure Residuals  	 - 	 2 66571.3 379.7 13.2411 6 
Velocity Residuals  	 - 	 2 0.000455708 1.66297e-15 523482 4 
0.0262878 4.99744e-05 2 0 2 262144 20.1239 6.98219e+06

Pressure Residuals  	 - 	 2 60418.7 380.666 12.5984 6 
Velocity Residuals  	 - 	 2 0.000455492 1.71333e-15 515608 4 
0.0263377 4.99744e-05 2 0 2 262144 20.1601 6.98266e+06

Pressure Residuals  	 - 	 2 56689.2 363.823 12.4826 6 
Velocity Residuals  	 - 	 2 0.000455286 1.55683e-15 540781 4 
0.0263877 4.99744e-05 2 0 2 262144 20.1969 6.98293e+06

Pressure Residuals  	 - 	 2 53252.1 345.568 12.4137 6 
Velocity Residuals  	 - 	 2 0.00045509 1.63344e-15 527834 4 
0.0264377 4.99744e-05 2 0 2 262144 20.2323 6.98365e+06

Pressure Residuals  	 - 	 2 49297.7 321.84 12.3764 6 
Velocity Residuals  	 - 	 2 0.000454901 1.77278e-15 506560 4 
0.0264877 4.99744e-05 2 0 2 262144 20.2677 6.9844e+06

Pressure Residuals  	 - 	 2 46145.5 301.62 12.369 6 
Velocity Residuals  	 - 	 2 0.000454717 1.72449e-15 513500 4 
0.0265376 4.99744e-05 2 0 2 262144 20.3046 6.98463e+06

Pressure Residuals  	 - 	 2 42714.4 280.055 12.35 6 
Velocity Residuals  	 - 	 2 0.000454536 1.6927e-15 518196 4 
0.0265876 4.99744e-05 2 0 2 262144 20.3406 6.98515e+06

Pressure Residuals  	 - 	 2 40119.2 265.378 12.2954 6 
Velocity Residuals  	 - 	 2 0.000454359 1.66068e-15 523066 4 
0.0266376 4.99744e-05 2 0 2 262144 20.3767 6.98563e+06

Pressure Residuals  	 - 	 2 37313.9 251.153 12.1889 6 
Velocity Residuals  	 - 	 2 0.000454183 1.65254e-15 524251 4 
0.0266876 4.99744e-05 2 0 2 262144 20.4133 6.98594e+06

Pressure Residuals  	 - 	 2 35232.2 240.379 12.1066 6 
Velocity Residuals  	 - 	 2 0.000454009 1.73448e-15 511620 4 
0.0267375 4.99744e-05 2 0 2 262144 20.4495 6.98642e+06

Pressure Residuals  	 - 	 2 33003.6 228.965 12.0059 6 
Velocity Residuals  	 - 	 2 0.000453836 1.6322e-15 527307 4 
0.0267875 4.99744e-05 2 0 2 262144 20.4855 6.98691e+06

Pressure Residuals  	 - 	 2 31493.4 220.231 11.9583 6 
Velocity Residuals  	 - 	 2 0.000453665 1.70488e-15 515846 4 
0.0268375 4.99744e-05 2 0 2 262144 20.5222 6.98719e+06

Pressure Residuals  	 - 	 2 36129.7 183.293 14.0398 6 
Velocity Residuals  	 - 	 2 0.000453495 1.77493e-15 505470 4 
0.0268875 4.99744e-05 2 0 2 262144 20.5583 6.98768e+06

Pressure Residuals  	 - 	 2 31991.1 149.33 14.6366 6 
Velocity Residuals  	 - 	 2 0.000453314 1.75377e-15 508409 4 
0.0269374 4.99744e-05 2 0 2 262144 20.5944 6.98816e+06

Pressure Residuals  	 - 	 2 27122.6 159.111 13.0562 6 
Velocity Residuals  	 - 	 2 0.000453146 1.66275e-15 522042 4 
0.0269874 4.99744e-05 2 0 2 262144 20.6312 6.98841e+06

Pressure Residuals  	 - 	 2 25419.2 179.627 11.8958 6 
Velocity Residuals  	 - 	 2 0.000452973 1.76852e-15 506094 4 
0.0270374 4.99744e-05 2 0 2 262144 20.6674 6.98886e+06

Pressure Residuals  	 - 	 2 23525.3 187.437 11.2031 6 
Velocity Residuals  	 - 	 2 0.0004528 1.58956e-15 533722 4 
0.0270874 4.99744e-05 2 0 2 262144 20.7035 6.98934e+06

Pressure Residuals  	 - 	 2 22811.4 209.195 10.4424 6 
Velocity Residuals  	 - 	 2 0.000452628 1.76651e-15 506189 4 
0.0271373 4.99744e-05 2 0 2 262144 20.7402 6.98958e+06

Pressure Residuals  	 - 	 2 21463.8 211.292 10.0789 6 
Velocity Residuals  	 - 	 2 0.000452455 1.69162e-15 517173 4 
0.0271873 4.99744e-05 2 0 2 262144 20.7764 6.99005e+06

Pressure Residuals  	 - 	 2 21024.8 229.731 9.56655 6 
Velocity Residuals  	 - 	 2 0.000452283 1.57189e-15 536407 4 
0.0272373 4.99744e-05 2 0 2 262144 20.8125 6.99051e+06

Pressure Residuals  	 - 	 2 20059.9 223.194 9.48033 6 
Velocity Residuals  	 - 	 2 0.000453057 1.74349e-15 509761 4 
0.0272873 4.99744e-05 2 0 2 262144 20.8492 6.99079e+06

Pressure Residuals  	 - 	 2 19987.2 237.538 9.17296 6 
Velocity Residuals  	 - 	 2 0.000455998 1.73521e-15 512632 4 
0.0273372 4.99744e-05 2 0 2 262144 20.8854 6.99122e+06

Pressure Residuals  	 - 	 2 19431.8 234.174 9.10935 6 
Velocity Residuals  	 - 	 2 0.000458839 1.75983e-15 510616 4 
0.0273872 4.99744e-05 2 0 2 262144 20.9216 6.99163e+06

Pressure Residuals  	 - 	 2 19209.3 249.742 8.77022 6 
Velocity Residuals  	 - 	 2 0.000461553 1.71971e-15 518064 4 
0.0274372 4.99744e-05 2 0 2 262144 20.9584 6.99189e+06

Pressure Residuals  	 - 	 2 18588.5 245.966 8.69331 6 
Velocity Residuals  	 - 	 2 0.000464167 1.63957e-15 532074 4 
0.0274872 4.99744e-05 2 0 2 262144 20.9944 6.99236e+06

Pressure Residuals  	 - 	 2 18311.8 261.003 8.3761 6 
Velocity Residuals  	 - 	 2 0.000466656 1.7678e-15 513785 4 
0.0275371 4.99744e-05 2 0 2 262144 21.0306 6.99281e+06

Pressure Residuals  	 - 	 2 17680.8 256.499 8.30248 6 
Velocity Residuals  	 - 	 2 0.000469048 1.60679e-15 540292 4 
0.0275871 4.99744e-05 2 0 2 262144 21.0671 6.99311e+06

Pressure Residuals  	 - 	 2 17387.9 271.019 8.00983 6 
Velocity Residuals  	 - 	 2 0.000471316 1.71217e-15 524665 4 
0.0276371 4.99744e-05 2 0 2 262144 21.1031 6.9936e+06

Pressure Residuals  	 - 	 2 16770.5 266.459 7.93337 6 
Velocity Residuals  	 - 	 2 0.000473487 1.72031e-15 524627 4 
0.0276871 4.99744e-05 2 0 2 262144 21.1392 6.99409e+06

Pressure Residuals  	 - 	 2 16479.7 279.598 7.67728 6 
Velocity Residuals  	 - 	 2 0.000475536 1.77548e-15 517528 4 
0.027737 4.99744e-05 2 0 2 262144 21.1769 6.99401e+06

Pressure Residuals  	 - 	 2 15886.2 273.996 7.61443 6 
Velocity Residuals  	 - 	 2 0.00047749 1.71876e-15 527079 4 
0.027787 4.99744e-05 2 0 2 262144 21.2128 6.99452e+06

Pressure Residuals  	 - 	 2 15605.2 286.227 7.38381 6 
Velocity Residuals  	 - 	 2 0.000479325 1.74463e-15 524160 4 
0.027837 4.99744e-05 2 0 2 262144 21.2483 6.99517e+06

Pressure Residuals  	 - 	 2 15043.5 279.757 7.33303 6 
Velocity Residuals  	 - 	 2 0.000481065 1.68496e-15 534327 4 
0.0278869 4.99744e-05 2 0 2 262144 21.2838 6.99584e+06

Pressure Residuals  	 - 	 2 14787.1 291.286 7.12495 6 
Velocity Residuals  	 - 	 2 0.000482687 1.72802e-15 528516 4 
0.0279369 4.99744e-05 2 0 2 262144 21.3205 6.99607e+06

Pressure Residuals  	 - 	 2 14264.9 284.066 7.0864 6 
Velocity Residuals  	 - 	 2 0.000484218 1.74166e-15 527277 4 
0.0279869 4.99744e-05 2 0 2 262144 21.3568 6.99648e+06

Pressure Residuals  	 - 	 2 14028.7 294.804 6.89829 6 
Velocity Residuals  	 - 	 2 0.000485631 1.68189e-15 537346 4 
0.0280369 4.99744e-05 2 0 2 262144 21.393 6.99688e+06

Pressure Residuals  	 - 	 2 13536.7 286.806 6.87009 6 
Velocity Residuals  	 - 	 2 0.000486954 1.74298e-15 528564 4 
0.0280868 4.99744e-05 2 0 2 262144 21.4299 6.99708e+06

Pressure Residuals  	 - 	 2 13315.5 296.748 6.69862 6 
Velocity Residuals  	 - 	 2 0.000488161 1.75018e-15 528129 4 
0.0281368 4.99744e-05 2 0 2 262144 21.466 6.9975e+06

Pressure Residuals  	 - 	 2 12849.9 288.092 6.67859 6 
Velocity Residuals  	 - 	 2 0.000489281 1.75879e-15 527438 4 
0.0281868 4.99744e-05 2 0 2 262144 21.5024 6.99785e+06

Pressure Residuals  	 - 	 2 14747 297.233 7.04374 6 
Velocity Residuals  	 - 	 2 0.000490287 1.75176e-15 529039 4 
0.0282368 4.99744e-05 2 0 2 262144 21.5395 6.99796e+06

Pressure Residuals  	 - 	 2 20412.9 132.33 12.42 6 
Velocity Residuals  	 - 	 2 0.000491175 1.77041e-15 526721 4 
0.0282867 4.99744e-05 2 0 2 262144 21.5758 6.99835e+06

Pressure Residuals  	 - 	 2 18474.6 248.213 8.62732 6 
Velocity Residuals  	 - 	 2 0.000491947 1.7202e-15 534774 4 
0.0283367 4.99744e-05 2 0 2 262144 21.6119 6.9988e+06

Pressure Residuals  	 - 	 2 16385 279.297 7.65931 6 
Velocity Residuals  	 - 	 2 0.000492616 1.76642e-15 528090 4 
0.0283867 4.99744e-05 2 0 2 262144 21.6487 6.99901e+06

Pressure Residuals  	 - 	 2 15113.9 302.265 7.07122 6 
Velocity Residuals  	 - 	 2 0.000493207 1.75768e-15 529718 4 
0.0284367 4.99744e-05 2 0 2 262144 21.6847 6.99947e+06

Pressure Residuals  	 - 	 2 13787.1 289.384 6.9024 6 
Velocity Residuals  	 - 	 2 0.00049372 1.75582e-15 530274 4 
0.0284866 4.99744e-05 2 0 2 262144 21.7207 6.99992e+06

Pressure Residuals  	 - 	 2 13045 302.081 6.57144 6 
Velocity Residuals  	 - 	 2 0.000494129 1.66481e-15 544800 4 
0.0285366 4.99744e-05 2 0 2 262144 21.7574 7.00019e+06

Pressure Residuals  	 - 	 2 12129.8 286.365 6.5083 6 
Velocity Residuals  	 - 	 2 0.00049446 1.77519e-15 527769 4 
0.0285866 4.99744e-05 2 0 2 262144 21.7934 7.00063e+06

Pressure Residuals  	 - 	 2 11673.2 297.237 6.26677 6 
Velocity Residuals  	 - 	 2 0.00049469 1.72672e-15 535249 4 
0.0286366 4.99744e-05 2 0 2 262144 21.8296 7.00105e+06

Pressure Residuals  	 - 	 2 10977.7 280.904 6.25138 6 
Velocity Residuals  	 - 	 2 0.000494842 1.72268e-15 535958 4 
0.0286865 4.99744e-05 2 0 2 262144 21.8663 7.00127e+06

Pressure Residuals  	 - 	 2 10675.4 291.8 6.04851 6 
Velocity Residuals  	 - 	 2 0.000494893 1.66758e-15 544769 4 
0.0287365 4.99744e-05 2 0 2 262144 21.9026 7.00165e+06

Pressure Residuals  	 - 	 2 10107.8 275.335 6.05896 6 
Velocity Residuals  	 - 	 2 0.000494869 1.68609e-15 541757 4 
0.0287865 4.99744e-05 2 0 2 262144 21.9387 7.00207e+06

Pressure Residuals  	 - 	 2 9895.24 286.264 5.87935 6 
Velocity Residuals  	 - 	 2 0.000494745 1.75665e-15 530698 4 
0.0288365 4.99744e-05 2 0 2 262144 21.9753 7.00233e+06

Pressure Residuals  	 - 	 2 9409.09 269.786 5.9056 6 
Velocity Residuals  	 - 	 2 0.000494546 1.76961e-15 528646 4 
0.0288864 4.99744e-05 2 0 2 262144 22.0113 7.0028e+06

Pressure Residuals  	 - 	 2 9251.96 280.744 5.74066 6 
Velocity Residuals  	 - 	 2 0.000494249 1.75638e-15 530474 4 
0.0289364 4.99744e-05 2 0 2 262144 22.0473 7.00325e+06

Pressure Residuals  	 - 	 2 8821.04 264.257 5.77759 6 
Velocity Residuals  	 - 	 2 0.000493879 1.77035e-15 528178 4 
0.0289864 4.99744e-05 2 0 2 262144 22.084 7.00349e+06

Pressure Residuals  	 - 	 2 8700.29 275.202 5.62265 6 
Velocity Residuals  	 - 	 2 0.000493413 1.73476e-15 533318 4 
0.0290364 4.99744e-05 2 0 2 262144 22.12 7.00393e+06

Pressure Residuals  	 - 	 2 8309.78 258.77 5.6668 6 
Velocity Residuals  	 - 	 2 0.000492875 1.67645e-15 542216 4 
0.0290863 4.99744e-05 2 0 2 262144 22.1561 7.00436e+06

Pressure Residuals  	 - 	 2 8214.32 269.639 5.51944 6 
Velocity Residuals  	 - 	 2 0.000492243 1.61506e-15 552071 4 
0.0291363 4.99744e-05 2 0 2 262144 22.193 7.00453e+06

Pressure Residuals  	 - 	 2 10632.3 253.231 6.47972 6 
Velocity Residuals  	 - 	 2 0.00049154 1.66725e-15 542974 4 
0.0291863 4.99744e-05 2 0 2 262144 22.2284 7.00515e+06

Pressure Residuals  	 - 	 2 8690.52 264.192 5.73539 6 
Velocity Residuals  	 - 	 2 0.000490744 1.73129e-15 532405 4 
0.0292363 4.99744e-05 2 0 2 262144 22.2638 7.00578e+06

Pressure Residuals  	 - 	 2 7666.15 248.038 5.55942 6 
Velocity Residuals  	 - 	 2 0.00048988 1.64178e-15 546245 4 
0.0292862 4.99744e-05 2 0 2 262144 22.3004 7.00606e+06

Pressure Residuals  	 - 	 2 7873.7 258.727 5.51656 6 
Velocity Residuals  	 - 	 2 0.000488925 1.7365e-15 530621 4 
0.0293362 4.99744e-05 2 0 2 262144 22.3365 7.00647e+06

Pressure Residuals  	 - 	 2 7067.01 242.663 5.39654 6 
Velocity Residuals  	 - 	 2 0.000487903 1.75561e-15 527172 4 
0.0293862 4.99744e-05 2 0 2 262144 22.3727 7.00685e+06

Pressure Residuals  	 - 	 2 7014.68 253.133 5.26416 6 
Velocity Residuals  	 - 	 2 0.000486793 1.75855e-15 526132 4 
0.0294362 4.99744e-05 2 0 2 262144 22.4094 7.00708e+06

Pressure Residuals  	 - 	 2 6719.53 237.302 5.32131 6 
Velocity Residuals  	 - 	 2 0.000485617 1.73095e-15 529670 4 
0.0294861 4.99744e-05 2 0 2 262144 22.4456 7.00744e+06

Pressure Residuals  	 - 	 2 6675.36 247.5 5.19338 6 
Velocity Residuals  	 - 	 2 0.000484354 1.75296e-15 525648 4 
0.0295361 4.99744e-05 2 0 2 262144 22.4817 7.00786e+06

Pressure Residuals  	 - 	 2 6395.37 220.402 5.38673 6 
Velocity Residuals  	 - 	 2 0.000483029 1.67952e-15 536282 4 
0.0295861 4.99744e-05 2 0 2 262144 22.5192 7.00783e+06

Pressure Residuals  	 - 	 2 308514 11569.2 5.16399 7 
Velocity Residuals  	 - 	 2 0.000481618 1.70227e-15 531909 4 
0.0296361 4.99744e-05 2 0 2 262144 22.5567 7.00781e+06

Pressure Residuals  	 - 	 2 449481 8069.36 7.46339 7 
Velocity Residuals  	 - 	 2 0.000480139 1.71161e-15 529640 4 
0.029686 4.99744e-05 2 0 2 262144 22.5942 7.00777e+06

Pressure Residuals  	 - 	 2 347575 1929.83 13.4204 7 
Velocity Residuals  	 - 	 2 0.000476888 1.66601e-15 535020 4 
0.029736 4.99744e-05 2 0 2 262144 22.6325 7.00751e+06

Pressure Residuals  	 - 	 2 280367 4955.55 7.52173 7 
Velocity Residuals  	 - 	 2 0.000474379 1.67209e-15 532638 4 
0.029786 4.99744e-05 2 0 2 262144 22.67 7.00748e+06

Pressure Residuals  	 - 	 2 229083 2905.68 8.87918 7 
Velocity Residuals  	 - 	 2 0.000473141 1.77351e-15 516510 4 
0.029836 4.99744e-05 2 0 2 262144 22.7078 7.00735e+06

Pressure Residuals  	 - 	 2 184139 1232.73 12.2219 7 
Velocity Residuals  	 - 	 2 0.000472179 1.76027e-15 517921 4 
0.0298859 4.99744e-05 2 0 2 262144 22.7467 7.0069e+06

Pressure Residuals  	 - 	 2 161966 295.912 23.3954 7 
Velocity Residuals  	 - 	 2 0.000470921 1.77566e-15 514985 4 
0.0299359 4.99744e-05 2 0 2 262144 22.7842 7.00686e+06

Pressure Residuals  	 - 	 2 154072 236.557 25.5208 7 
Velocity Residuals  	 - 	 2 0.000469251 1.68716e-15 527382 4 
0.0299859 4.99744e-05 2 0 2 262144 22.8218 7.0068e+06

Pressure Residuals  	 - 	 2 142756 248.261 23.9797 7 
Velocity Residuals  	 - 	 2 0.000467446 1.70198e-15 524068 4 
0.0300358 4.99744e-05 2 0 2 262144 22.86 7.00655e+06

Pressure Residuals  	 - 	 2 124586 224.114 23.5776 7 
Velocity Residuals  	 - 	 2 0.000465525 1.76186e-15 514027 4 
0.0300858 4.99744e-05 2 0 2 262144 22.8976 7.0065e+06

Pressure Residuals  	 - 	 2 106718 207.226 22.6932 7 
Velocity Residuals  	 - 	 2 0.000463455 1.73437e-15 516932 4 
0.0301358 4.99744e-05 2 0 2 262144 22.9354 7.0064e+06

Pressure Residuals  	 - 	 2 89974.1 183.943 22.1166 7 
Velocity Residuals  	 - 	 2 0.000461273 1.76899e-15 510642 4 
0.0301858 4.99744e-05 2 0 2 262144 22.9733 7.00623e+06

Pressure Residuals  	 - 	 2 76128.2 145.199 22.8976 7 
Velocity Residuals  	 - 	 2 0.000458962 1.57277e-15 540202 4 
0.0302357 4.99744e-05 2 0 2 262144 23.0107 7.00624e+06

Pressure Residuals  	 - 	 2 164600 1808.47 9.54024 7 
Velocity Residuals  	 - 	 2 0.000457031 1.57164e-15 539258 4 
0.0302857 4.99744e-05 2 0 2 262144 23.0481 7.00624e+06

Pressure Residuals  	 - 	 2 106089 472.999 14.9763 7 
Velocity Residuals  	 - 	 2 0.000454357 1.68398e-15 519433 4 
0.0303357 4.99744e-05 2 0 2 262144 23.0862 7.00603e+06

Pressure Residuals  	 - 	 2 69255.2 181.622 19.5273 7 
Velocity Residuals  	 - 	 2 0.000451731 1.72168e-15 512228 4 
0.0303857 4.99744e-05 2 0 2 262144 23.1237 7.00603e+06

Pressure Residuals  	 - 	 2 56046.8 79.6977 26.5187 7 
Velocity Residuals  	 - 	 2 0.000449085 1.75981e-15 505163 4 
0.0304356 4.99744e-05 2 0 2 262144 23.1611 7.00601e+06

Pressure Residuals  	 - 	 2 50549.2 37.4713 36.7289 7 
Velocity Residuals  	 - 	 2 0.000446401 1.72284e-15 509026 4 
0.0304856 4.99744e-05 2 0 2 262144 23.199 7.00586e+06

Pressure Residuals  	 - 	 2 45105.4 19.8656 47.6501 7 
Velocity Residuals  	 - 	 2 0.000445274 1.74863e-15 504620 4 
0.0305356 4.99744e-05 2 0 2 262144 23.2358 7.00605e+06

Pressure Residuals  	 - 	 2 40410.3 27.3179 38.4612 7 
Velocity Residuals  	 - 	 2 0.00044527 1.75045e-15 504355 4 
0.0305856 4.99744e-05 2 0 2 262144 23.2726 7.00623e+06

Pressure Residuals  	 - 	 2 36041.4 27.4624 36.2269 7 
Velocity Residuals  	 - 	 2 0.000445266 1.74094e-15 505729 4 
0.0306355 4.99744e-05 2 0 2 262144 23.3111 7.00593e+06

Pressure Residuals  	 - 	 2 32548.1 34.6159 30.6637 7 
Velocity Residuals  	 - 	 2 0.000445263 1.57134e-15 532320 4 
0.0306855 4.99744e-05 2 0 2 262144 23.3486 7.00588e+06

Pressure Residuals  	 - 	 2 29227 31.0137 30.6984 7 
Velocity Residuals  	 - 	 2 0.00044526 1.74783e-15 504728 4 
0.0307355 4.99744e-05 2 0 2 262144 23.3863 7.0058e+06

Pressure Residuals  	 - 	 2 26712.7 34.8131 27.7005 7 
Velocity Residuals  	 - 	 2 0.000445259 1.76906e-15 501689 4 
0.0307855 4.99744e-05 2 0 2 262144 23.4247 7.00551e+06

Pressure Residuals  	 - 	 2 24177.1 30.6928 28.0662 7 
Velocity Residuals  	 - 	 2 0.000445257 1.75045e-15 504348 4 
0.0308354 4.99744e-05 2 0 2 262144 23.4624 7.00543e+06

Pressure Residuals  	 - 	 2 22371.8 33.3786 25.8891 7 
Velocity Residuals  	 - 	 2 0.000445256 1.69645e-15 512311 4 
0.0308854 4.99744e-05 2 0 2 262144 23.5 7.00538e+06

Pressure Residuals  	 - 	 2 20390.8 29.7221 26.1925 7 
Velocity Residuals  	 - 	 2 0.000445255 1.73492e-15 506600 4 
0.0309354 4.99744e-05 2 0 2 262144 23.5383 7.00511e+06

Pressure Residuals  	 - 	 2 19094.1 31.1949 24.7404 7 
Velocity Residuals  	 - 	 2 0.000445255 1.51004e-15 543013 4 
0.0309854 4.99744e-05 2 0 2 262144 23.5759 7.00508e+06

Pressure Residuals  	 - 	 2 17504.2 28.35 24.8482 7 
Velocity Residuals  	 - 	 2 0.000445255 1.77007e-15 501544 4 
0.0310353 4.99744e-05 2 0 2 262144 23.6136 7.00497e+06

Pressure Residuals  	 - 	 2 16589.8 25.9625 25.2783 7 
Velocity Residuals  	 - 	 2 0.000445254 1.75137e-15 504215 4 
0.0310853 4.99744e-05 2 0 2 262144 23.6517 7.00477e+06

Pressure Residuals  	 - 	 2 15277.7 25.8034 24.3327 7 
Velocity Residuals  	 - 	 2 0.000445254 1.7016e-15 511534 4 
0.0311353 4.99744e-05 2 0 2 262144 23.6893 7.00474e+06

Pressure Residuals  	 - 	 2 14618.8 23.5505 24.9147 7 
Velocity Residuals  	 - 	 2 0.000445254 1.73691e-15 506309 4 
0.0311853 4.99744e-05 2 0 2 262144 23.7267 7.00473e+06

Pressure Residuals  	 - 	 2 13643.7 21.9288 24.9436 7 
Velocity Residuals  	 - 	 2 0.000445265 1.73076e-15 507213 4 
0.0312352 4.99744e-05 2 0 2 262144 23.765 7.00448e+06

Pressure Residuals  	 - 	 2 55497.6 799.901 8.3295 7 
Velocity Residuals  	 - 	 2 0.000445263 1.71313e-15 509815 4 
0.0312852 4.99744e-05 2 0 2 262144 23.8024 7.00449e+06

Pressure Residuals  	 - 	 2 32984.4 281.173 10.831 7 
Velocity Residuals  	 - 	 2 0.000445262 1.71834e-15 509042 4 
0.0313352 4.99744e-05 2 0 2 262144 23.8399 7.00446e+06

Pressure Residuals  	 - 	 2 20804.3 132.232 12.5432 7 
Velocity Residuals  	 - 	 2 0.000445273 1.70468e-15 511083 4 
0.0313852 4.99744e-05 2 0 2 262144 23.8783 7.00418e+06

Pressure Residuals  	 - 	 2 13606.1 76.7718 13.3127 7 
Velocity Residuals  	 - 	 2 0.000445274 1.69667e-15 512289 4 
0.0314351 4.99744e-05 2 0 2 262144 23.9158 7.00417e+06

Pressure Residuals  	 - 	 2 9589.16 42.6586 14.9929 7 
Velocity Residuals  	 - 	 2 0.000445277 1.75538e-15 503651 4 
0.0314851 4.99744e-05 2 0 2 262144 23.9532 7.00416e+06

Pressure Residuals  	 - 	 2 8962.57 25.8909 18.6055 7 
Velocity Residuals  	 - 	 2 0.000445283 1.74457e-15 505212 4 
0.0315351 4.99744e-05 2 0 2 262144 23.9914 7.00395e+06

Pressure Residuals  	 - 	 2 8503.75 16.6555 22.5957 7 
Velocity Residuals  	 - 	 2 0.000445291 1.60918e-15 526042 4 
0.0315851 4.99744e-05 2 0 2 262144 24.0288 7.00394e+06

Pressure Residuals  	 - 	 2 7851.08 11.0094 26.7045 7 
Velocity Residuals  	 - 	 2 0.000445301 1.75479e-15 503749 4 
0.031635 4.99744e-05 2 0 2 262144 24.0662 7.00397e+06

Pressure Residuals  	 - 	 2 7896.22 11.8125 25.8546 7 
Velocity Residuals  	 - 	 2 0.000445312 1.77247e-15 501236 4 
0.031685 4.99744e-05 2 0 2 262144 24.1043 7.00375e+06

Pressure Residuals  	 - 	 2 8610.81 12.1364 26.6365 7 
Velocity Residuals  	 - 	 2 0.000445325 1.72451e-15 508166 4 
0.031735 4.99744e-05 2 0 2 262144 24.1419 7.00371e+06

Pressure Residuals  	 - 	 2 12550.2 13.601 30.3767 7 
Velocity Residuals  	 - 	 2 0.000445338 1.7478e-15 504776 4 
0.031785 4.99744e-05 2 0 2 262144 24.1796 7.00363e+06

Pressure Residuals  	 - 	 2 11103.1 13.1449 29.0633 7 
Velocity Residuals  	 - 	 2 0.000445351 1.72622e-15 507929 4 
0.0318349 4.99744e-05 2 0 2 262144 24.2167 7.00372e+06

Pressure Residuals  	 - 	 2 12548.3 10.7288 34.1992 7 
Velocity Residuals  	 - 	 2 0.000445365 1.70201e-15 511537 4 
0.0318849 4.99744e-05 2 0 2 262144 24.2536 7.00388e+06

Pressure Residuals  	 - 	 2 12921.2 11.6968 33.2366 7 
Velocity Residuals  	 - 	 2 0.00044538 1.76667e-15 502097 4 
0.0319349 4.99744e-05 2 0 2 262144 24.291 7.00389e+06

Pressure Residuals  	 - 	 2 10755.6 15.4442 26.3897 7 
Velocity Residuals  	 - 	 2 0.000445394 1.75881e-15 503226 4 
0.0319848 4.99744e-05 2 0 2 262144 24.3299 7.00346e+06

Pressure Residuals  	 - 	 2 6237.08 14.1497 20.995 7 
Velocity Residuals  	 - 	 2 0.000445408 1.76942e-15 501722 4 
0.0320348 4.99744e-05 2 0 2 262144 24.3675 7.00342e+06

Pressure Residuals  	 - 	 2 6448.91 15.3175 20.5186 7 
Velocity Residuals  	 - 	 2 0.000445422 1.67089e-15 516311 4 
0.0320848 4.99744e-05 2 0 2 262144 24.4056 7.00321e+06

Pressure Residuals  	 - 	 2 5947.74 15.5467 19.5595 7 
Velocity Residuals  	 - 	 2 0.000445436 1.77327e-15 501193 4 
0.0321348 4.99744e-05 2 0 2 262144 24.4432 7.00316e+06

Pressure Residuals  	 - 	 2 34056.4 78.6087 20.8144 7 
Velocity Residuals  	 - 	 2 0.000445449 1.75354e-15 504012 4 
0.0321847 4.99744e-05 2 0 2 262144 24.4809 7.0031e+06

Pressure Residuals  	 - 	 2 37435.2 89.4387 20.4587 7 
Velocity Residuals  	 - 	 2 0.000445462 1.74861e-15 504730 4 
0.0322347 4.99744e-05 2 0 2 262144 24.5192 7.00285e+06

Pressure Residuals  	 - 	 2 23199.6 70.2425 18.1736 7 
Velocity Residuals  	 - 	 2 0.000445473 1.76875e-15 501854 4 
0.0322847 4.99744e-05 2 0 2 262144 24.5567 7.00284e+06

Pressure Residuals  	 - 	 2 10578.1 49.7081 14.5878 7 
Velocity Residuals  	 - 	 2 0.000445484 1.77145e-15 501477 4 
0.0323347 4.99744e-05 2 0 2 262144 24.5945 7.00274e+06

Pressure Residuals  	 - 	 2 5550.99 35.9585 12.4246 7 
Velocity Residuals  	 - 	 2 0.000445495 1.7344e-15 506811 4 
0.0323846 4.99744e-05 2 0 2 262144 24.6327 7.00252e+06

Pressure Residuals  	 - 	 2 5017.87 29.1644 13.117 7 
Velocity Residuals  	 - 	 2 0.000445504 1.75206e-15 504256 4 
0.0324346 4.99744e-05 2 0 2 262144 24.6702 7.0025e+06

Pressure Residuals  	 - 	 2 5283.25 25.7527 14.3232 7 
Velocity Residuals  	 - 	 2 0.000445512 1.77455e-15 501055 4 
0.0324846 4.99744e-05 2 0 2 262144 24.708 7.0024e+06

Pressure Residuals  	 - 	 2 4752.88 23.381 14.2576 7 
Velocity Residuals  	 - 	 2 0.00044552 1.72721e-15 507879 4 
0.0325346 4.99744e-05 2 0 2 262144 24.7466 7.00207e+06

Pressure Residuals  	 - 	 2 5031.97 21.498 15.2993 7 
Velocity Residuals  	 - 	 2 0.000445526 1.66596e-15 517135 4 
0.0325845 4.99744e-05 2 0 2 262144 24.7842 7.00203e+06

Pressure Residuals  	 - 	 2 4504.04 19.8402 15.0671 7 
Velocity Residuals  	 - 	 2 0.000445531 1.75553e-15 503772 4 
0.0326345 4.99744e-05 2 0 2 262144 24.8221 7.00188e+06

Pressure Residuals  	 - 	 2 4796.59 18.5598 16.076 7 
Velocity Residuals  	 - 	 2 0.000445534 1.73853e-15 506232 4 
0.0326845 4.99744e-05 2 0 2 262144 24.8604 7.00165e+06

Pressure Residuals  	 - 	 2 4490.99 17.7658 15.8993 7 
Velocity Residuals  	 - 	 2 0.000445537 1.67644e-15 515523 4 
0.0327345 4.99744e-05 2 0 2 262144 24.8981 7.00156e+06

Pressure Residuals  	 - 	 2 10714.9 24.6378 20.8542 7 
Velocity Residuals  	 - 	 2 0.000445538 1.53873e-15 538098 4 
0.0327844 4.99744e-05 2 0 2 262144 24.9357 7.00152e+06

Pressure Residuals  	 - 	 2 9662.08 18.052 23.1352 7 
Velocity Residuals  	 - 	 2 0.000445537 1.76706e-15 502130 4 
0.0328344 4.99744e-05 2 0 2 262144 24.9741 7.00125e+06

Pressure Residuals  	 - 	 2 7751.37 16.9806 21.3655 7 
Velocity Residuals  	 - 	 2 0.000445535 1.54438e-15 537111 4 
0.0328844 4.99744e-05 2 0 2 262144 25.0116 7.00125e+06

Pressure Residuals  	 - 	 2 7826.4 16.8842 21.5298 7 
Velocity Residuals  	 - 	 2 0.000445531 1.67759e-15 515343 4 
0.0329344 4.99744e-05 2 0 2 262144 25.0493 7.00115e+06

Pressure Residuals  	 - 	 2 9798.48 79.9964 11.0674 7 
Velocity Residuals  	 - 	 2 0.000445525 1.64871e-15 519833 4 
0.0329843 4.99744e-05 2 0 2 262144 25.0874 7.00097e+06

Pressure Residuals  	 - 	 2 21076.6 72.0239 17.1065 7 
Velocity Residuals  	 - 	 2 0.000445528 1.75477e-15 503880 4 
0.0330343 4.99744e-05 2 0 2 262144 25.1251 7.00092e+06

Pressure Residuals  	 - 	 2 13171.4 53.0626 15.7551 7 
Velocity Residuals  	 - 	 2 0.000445524 1.67536e-15 515681 4 
0.0330843 4.99744e-05 2 0 2 262144 25.1627 7.00088e+06

Pressure Residuals  	 - 	 2 9080.3 37.9956 15.4591 7 
Velocity Residuals  	 - 	 2 0.000445521 1.71238e-15 510075 4 
0.0331343 4.99744e-05 2 0 2 262144 25.2007 7.0007e+06

Pressure Residuals  	 - 	 2 7275.63 36.5428 14.1102 7 
Velocity Residuals  	 - 	 2 0.000445516 1.7398e-15 506036 4 
0.0331842 4.99744e-05 2 0 2 262144 25.2376 7.00087e+06

Pressure Residuals  	 - 	 2 5437.7 27.2912 14.1155 7 
Velocity Residuals  	 - 	 2 0.000445511 1.73344e-15 506962 4 
0.0332342 4.99744e-05 2 0 2 262144 25.2744 7.00105e+06

Pressure Residuals  	 - 	 2 5039.32 29.4743 13.0757 7 
Velocity Residuals  	 - 	 2 0.000445504 1.7709e-15 501567 4 
0.0332842 4.99744e-05 2 0 2 262144 25.3125 7.00086e+06

Pressure Residuals  	 - 	 2 5616.23 21.9455 15.9974 7 
Velocity Residuals  	 - 	 2 0.000445496 1.67417e-15 515848 4 
0.0333342 4.99744e-05 2 0 2 262144 25.3501 7.00083e+06

Pressure Residuals  	 - 	 2 6293.55 25.4133 15.7368 7 
Velocity Residuals  	 - 	 2 0.000445487 1.74567e-15 505168 4 
0.0333841 4.99744e-05 2 0 2 262144 25.3879 7.00071e+06

Pressure Residuals  	 - 	 2 7091.41 18.4642 19.5975 7 
Velocity Residuals  	 - 	 2 0.000445477 1.73292e-15 507018 4 
0.0334341 4.99744e-05 2 0 2 262144 25.4261 7.00052e+06

Pressure Residuals  	 - 	 2 8015.67 22.7012 18.7908 7 
Velocity Residuals  	 - 	 2 0.000445466 1.7719e-15 501403 4 
0.0334841 4.99744e-05 2 0 2 262144 25.4637 7.00046e+06

Pressure Residuals  	 - 	 2 15538.8 35.7579 20.846 7 
Velocity Residuals  	 - 	 2 0.000445454 1.77376e-15 501134 4 
0.0335341 4.99744e-05 2 0 2 262144 25.5013 7.00042e+06

Pressure Residuals  	 - 	 2 282237 207.39 36.8903 7 
Velocity Residuals  	 - 	 2 0.00044544 1.71371e-15 509831 4 
0.033584 4.99744e-05 2 0 2 262144 25.5396 7.00019e+06

Pressure Residuals  	 - 	 2 175862 396.121 21.0704 7 
Velocity Residuals  	 - 	 2 0.000445204 1.66882e-15 516505 4 
0.033634 4.99744e-05 2 0 2 262144 25.5772 7.00016e+06

Pressure Residuals  	 - 	 2 570195 541.697 32.4439 7 
Velocity Residuals  	 - 	 2 0.000444965 1.76304e-15 502379 4 
0.033684 4.99744e-05 2 0 2 262144 25.6147 7.00013e+06

Pressure Residuals  	 - 	 2 319772 1146.88 16.6979 7 
Velocity Residuals  	 - 	 2 0.000444335 1.49194e-15 545732 4 
0.033734 4.99744e-05 2 0 2 262144 25.653 6.99991e+06

Pressure Residuals  	 - 	 2 459883 1380.12 18.2543 7 
Velocity Residuals  	 - 	 2 0.000443697 1.66023e-15 516963 4 
0.0337839 4.99744e-05 2 0 2 262144 25.6906 6.99988e+06

Pressure Residuals  	 - 	 2 486664 2325.24 14.4671 7 
Velocity Residuals  	 - 	 2 0.000442618 1.711e-15 508615 4 
0.0338339 4.99744e-05 2 0 2 262144 25.7285 6.99975e+06

Pressure Residuals  	 - 	 2 242583 2394.4 10.0654 7 
Velocity Residuals  	 - 	 2 0.00044147 1.76425e-15 500231 4 
0.0338839 4.99744e-05 2 0 2 262144 25.7668 6.99952e+06

Pressure Residuals  	 - 	 2 237193 1708.01 11.7843 7 
Velocity Residuals  	 - 	 2 0.000440229 1.54378e-15 534007 4 
0.0339339 4.99744e-05 2 0 2 262144 25.8044 6.99947e+06

Pressure Residuals  	 - 	 2 224015 949.128 15.363 7 
Velocity Residuals  	 - 	 2 0.000439029 1.75424e-15 500268 4 
0.0339838 4.99744e-05 2 0 2 262144 25.8421 6.99942e+06

Pressure Residuals  	 - 	 2 212212 663.698 17.8813 7 
Velocity Residuals  	 - 	 2 0.000437756 1.69576e-15 508082 4 
0.0340338 4.99744e-05 2 0 2 262144 25.8804 6.99917e+06

Pressure Residuals  	 - 	 2 184065 475.12 19.6827 7 
Velocity Residuals  	 - 	 2 0.000436505 1.76732e-15 496979 4 
0.0340838 4.99744e-05 2 0 2 262144 25.9181 6.99912e+06

Pressure Residuals  	 - 	 2 169114 407.817 20.3637 7 
Velocity Residuals  	 - 	 2 0.000435169 1.75701e-15 497670 4 
0.0341337 4.99744e-05 2 0 2 262144 25.9559 6.99902e+06

Pressure Residuals  	 - 	 2 146239 315.984 21.5129 7 
Velocity Residuals  	 - 	 2 0.000433835 1.72968e-15 500818 4 
0.0341837 4.99744e-05 2 0 2 262144 25.9941 6.99881e+06

Pressure Residuals  	 - 	 2 134409 252.98 23.0501 7 
Velocity Residuals  	 - 	 2 0.000432423 1.67308e-15 508389 4 
0.0342337 4.99744e-05 2 0 2 262144 26.0316 6.9988e+06

Pressure Residuals  	 - 	 2 116973 233.039 22.4042 7 
Velocity Residuals  	 - 	 2 0.000431007 1.70063e-15 503428 4 
0.0342837 4.99744e-05 2 0 2 262144 26.0691 6.99879e+06

Pressure Residuals  	 - 	 2 108050 228.72 21.7351 7 
Velocity Residuals  	 - 	 2 0.000429528 1.62805e-15 513643 4 
0.0343336 4.99744e-05 2 0 2 262144 26.1074 6.99857e+06

Pressure Residuals  	 - 	 2 94745.8 211.864 21.1471 7 
Velocity Residuals  	 - 	 2 0.000428044 1.69614e-15 502358 4 
0.0343836 4.99744e-05 2 0 2 262144 26.145 6.99852e+06

Pressure Residuals  	 - 	 2 87879.2 204.88 20.7106 7 
Velocity Residuals  	 - 	 2 0.000426509 1.67488e-15 504629 4 
0.0344336 4.99744e-05 2 0 2 262144 26.1826 6.99848e+06

Pressure Residuals  	 - 	 2 77534.9 185.935 20.4206 7 
Velocity Residuals  	 - 	 2 0.00042497 1.77583e-15 489191 4 
0.0344836 4.99744e-05 2 0 2 262144 26.2196 6.99861e+06

Pressure Residuals  	 - 	 2 72054.1 176.559 20.2015 7 
Velocity Residuals  	 - 	 2 0.000430992 1.75118e-15 496099 4 
0.0345335 4.99744e-05 2 0 2 262144 26.2562 6.99883e+06

Pressure Residuals  	 - 	 2 63864.5 156.921 20.1739 7 
Velocity Residuals  	 - 	 2 0.000440488 1.64007e-15 518245 4 
0.0345835 4.99744e-05 2 0 2 262144 26.2939 6.99878e+06

Pressure Residuals  	 - 	 2 59325.2 144.854 20.2374 7 
Velocity Residuals  	 - 	 2 0.000450019 1.73222e-15 509699 4 
0.0346335 4.99744e-05 2 0 2 262144 26.3319 6.99864e+06

Pressure Residuals  	 - 	 2 52784.9 125.552 20.5042 7 
Velocity Residuals  	 - 	 2 0.00045956 1.77379e-15 509003 4 
0.0346835 4.99744e-05 2 0 2 262144 26.3694 6.99863e+06

Pressure Residuals  	 - 	 2 49838.1 112.406 21.0565 7 
Velocity Residuals  	 - 	 2 0.000469128 1.75772e-15 516620 4 
0.0347334 4.99744e-05 2 0 2 262144 26.407 6.99857e+06

Pressure Residuals  	 - 	 2 43703.8 129.348 18.3815 7 
Velocity Residuals  	 - 	 2 0.000478702 1.76479e-15 520818 4 
0.0347834 4.99744e-05 2 0 2 262144 26.4455 6.9983e+06

Pressure Residuals  	 - 	 2 46169.8 116.845 19.8781 7 
Velocity Residuals  	 - 	 2 0.000488296 1.74742e-15 528619 4 
0.0348334 4.99744e-05 2 0 2 262144 26.4832 6.99825e+06

Pressure Residuals  	 - 	 2 36364.6 128.041 16.8525 7 
Velocity Residuals  	 - 	 2 0.000497891 1.76887e-15 530541 4 
0.0348834 4.99744e-05 2 0 2 262144 26.521 6.99814e+06

Pressure Residuals  	 - 	 2 445174 3622.66 11.0854 7 
Velocity Residuals  	 - 	 2 0.000449747 1.69864e-15 514557 4 
0.0349333 4.99744e-05 2 0 2 262144 26.5591 6.99798e+06

Pressure Residuals  	 - 	 2 734987 3130.86 15.3217 7 
Velocity Residuals  	 - 	 2 0.000408485 1.77496e-15 479726 4 
0.0349833 4.99744e-05 2 0 2 262144 26.5966 6.99796e+06

Pressure Residuals  	 - 	 2 552538 2218.38 15.782 7 
Velocity Residuals  	 - 	 2 0.000406557 1.70928e-15 487701 4 
0.0350333 4.99744e-05 2 0 2 262144 26.6344 6.99789e+06

Pressure Residuals  	 - 	 2 333540 1809.05 13.5784 7 
Velocity Residuals  	 - 	 2 0.000404793 1.72172e-15 484880 4 
0.0350833 4.99744e-05 2 0 2 262144 26.6723 6.99776e+06

Pressure Residuals  	 - 	 2 185105 1100.85 12.9671 7 
Velocity Residuals  	 - 	 2 0.000403027 1.6631e-15 492276 4 
0.0351332 4.99744e-05 2 0 2 262144 26.7098 6.99775e+06

Pressure Residuals  	 - 	 2 128380 801.905 12.6528 7 
Velocity Residuals  	 - 	 2 0.000401301 1.68828e-15 487543 4 
0.0351832 4.99744e-05 2 0 2 262144 26.7472 6.99777e+06

Pressure Residuals  	 - 	 2 100157 921.817 10.4236 7 
Velocity Residuals  	 - 	 2 0.000399604 1.72286e-15 481604 4 
0.0352332 4.99744e-05 2 0 2 262144 26.7855 6.99755e+06

Pressure Residuals  	 - 	 2 77398.5 913.438 9.20506 7 
Velocity Residuals  	 - 	 2 0.000397946 1.71422e-15 481814 4 
0.0352832 4.99744e-05 2 0 2 262144 26.823 6.99753e+06

Pressure Residuals  	 - 	 2 70965.5 848.154 9.14716 7 
Velocity Residuals  	 - 	 2 0.000396314 1.68358e-15 485179 4 
0.0353331 4.99744e-05 2 0 2 262144 26.8607 6.99747e+06

Pressure Residuals  	 - 	 2 61124.2 785.457 8.82156 7 
Velocity Residuals  	 - 	 2 0.000394715 1.55674e-15 503540 4 
0.0353831 4.99744e-05 2 0 2 262144 26.8989 6.99728e+06

Pressure Residuals  	 - 	 2 56798.9 708.151 8.95586 7 
Velocity Residuals  	 - 	 2 0.000393146 1.68654e-15 482812 4 
0.0354331 4.99744e-05 2 0 2 262144 26.9364 6.99727e+06

Pressure Residuals  	 - 	 2 50231.7 641.634 8.84801 7 
Velocity Residuals  	 - 	 2 0.000391612 1.69834e-15 480193 4 
0.0354831 4.99744e-05 2 0 2 262144 26.9741 6.99723e+06

Pressure Residuals  	 - 	 2 46343 577.506 8.95806 7 
Velocity Residuals  	 - 	 2 0.000390111 1.74961e-15 472198 4 
0.035533 4.99744e-05 2 0 2 262144 27.0124 6.997e+06

Pressure Residuals  	 - 	 2 42504.8 523.038 9.01472 7 
Velocity Residuals  	 - 	 2 0.000388645 1.63149e-15 488072 4 
0.035583 4.99744e-05 2 0 2 262144 27.0499 6.99698e+06

Pressure Residuals  	 - 	 2 38753.9 478.202 9.00226 7 
Velocity Residuals  	 - 	 2 0.000387215 1.70796e-15 476143 4 
0.035633 4.99744e-05 2 0 2 262144 27.0875 6.99696e+06

Pressure Residuals  	 - 	 2 36985.6 437.49 9.19459 7 
Velocity Residuals  	 - 	 2 0.000385819 1.70231e-15 476072 4 
0.035683 4.99744e-05 2 0 2 262144 27.1258 6.99674e+06

Pressure Residuals  	 - 	 2 33423.8 409.205 9.03769 7 
Velocity Residuals  	 - 	 2 0.000384458 1.77028e-15 466018 4 
0.0357329 4.99744e-05 2 0 2 262144 27.1634 6.99671e+06

Pressure Residuals  	 - 	 2 33263 380.627 9.34827 7 
Velocity Residuals  	 - 	 2 0.000383129 1.7726e-15 464908 4 
0.0357829 4.99744e-05 2 0 2 262144 27.2009 6.99671e+06

Pressure Residuals  	 - 	 2 29556.3 360.389 9.05606 7 
Velocity Residuals  	 - 	 2 0.000381835 1.73251e-15 469461 4 
0.0358329 4.99744e-05 2 0 2 262144 27.2376 6.99691e+06

Pressure Residuals  	 - 	 2 30653.7 337.776 9.52636 7 
Velocity Residuals  	 - 	 2 0.000380572 1.74808e-15 466593 4 
0.0358829 4.99744e-05 2 0 2 262144 27.2744 6.99708e+06

Pressure Residuals  	 - 	 2 26671.1 323.724 9.07681 7 
Velocity Residuals  	 - 	 2 0.000379343 1.55522e-15 493878 4 
0.0359328 4.99744e-05 2 0 2 262144 27.3124 6.99694e+06

Pressure Residuals  	 - 	 2 24948.3 485.752 7.1666 7 
Velocity Residuals  	 - 	 2 0.000378144 1.75684e-15 463941 4 
0.0359828 4.99744e-05 2 0 2 262144 27.3499 6.99692e+06

Pressure Residuals  	 - 	 2 19480.3 358.16 7.37496 7 
Velocity Residuals  	 - 	 2 0.000376988 1.73421e-15 466244 4 
0.0360328 4.99744e-05 2 0 2 262144 27.3878 6.9968e+06

Pressure Residuals  	 - 	 2 20238 323.743 7.90649 7 
Velocity Residuals  	 - 	 2 0.000375845 1.69915e-15 470314 4 
0.0360828 4.99744e-05 2 0 2 262144 27.426 6.99662e+06

Pressure Residuals  	 - 	 2 17417.8 299.344 7.62801 7 
Velocity Residuals  	 - 	 2 0.000374739 1.7568e-15 461852 4 
0.0361327 4.99744e-05 2 0 2 262144 27.4634 6.99664e+06

Pressure Residuals  	 - 	 2 210926 2979.9 8.41326 7 
Velocity Residuals  	 - 	 2 0.000373655 1.76981e-15 459486 4 
0.0361827 4.99744e-05 2 0 2 262144 27.5007 6.99668e+06

Pressure Residuals  	 - 	 2 110154 939.709 10.8269 7 
Velocity Residuals  	 - 	 2 0.000372448 1.72426e-15 464763 4 
0.0362327 4.99744e-05 2 0 2 262144 27.5392 6.99641e+06

Pressure Residuals  	 - 	 2 323241 4261.61 8.70916 7 
Velocity Residuals  	 - 	 2 0.000371245 1.74047e-15 461846 4 
0.0362826 4.99744e-05 2 0 2 262144 27.5767 6.99641e+06

Pressure Residuals  	 - 	 2 131150 773.802 13.0187 7 
Velocity Residuals  	 - 	 2 0.000369894 1.77288e-15 456771 4 
0.0363326 4.99744e-05 2 0 2 262144 27.6142 6.99641e+06

Pressure Residuals  	 - 	 2 226514 2752.62 9.07142 7 
Velocity Residuals  	 - 	 2 0.000368566 1.76032e-15 457574 4 
0.0363826 4.99744e-05 2 0 2 262144 27.6526 6.99618e+06

Pressure Residuals  	 - 	 2 90298 277.194 18.0487 7 
Velocity Residuals  	 - 	 2 0.000367172 1.76311e-15 456347 4 
0.0364326 4.99744e-05 2 0 2 262144 27.6901 6.99615e+06

Pressure Residuals  	 - 	 2 119980 1499.28 8.94568 7 
Velocity Residuals  	 - 	 2 0.000365823 1.68111e-15 466485 4 
0.0364825 4.99744e-05 2 0 2 262144 27.7277 6.99614e+06

Pressure Residuals  	 - 	 2 71487.8 440.511 12.7391 7 
Velocity Residuals  	 - 	 2 0.000364454 1.77247e-15 453453 4 
0.0365325 4.99744e-05 2 0 2 262144 27.766 6.99592e+06

Pressure Residuals  	 - 	 2 61756.5 886.867 8.34473 7 
Velocity Residuals  	 - 	 2 0.000363137 1.68007e-15 464912 4 
0.0365825 4.99744e-05 2 0 2 262144 27.8036 6.9959e+06

Pressure Residuals  	 - 	 2 54304.6 446.793 11.0247 7 
Velocity Residuals  	 - 	 2 0.000361827 1.77052e-15 452064 4 
0.0366325 4.99744e-05 2 0 2 262144 27.841 6.9959e+06

Pressure Residuals  	 - 	 2 46439.4 640.75 8.51332 7 
Velocity Residuals  	 - 	 2 0.00036057 1.75151e-15 453721 4 
0.0366824 4.99744e-05 2 0 2 262144 27.8791 6.99575e+06

Pressure Residuals  	 - 	 2 68409.2 452.585 12.2944 7 
Velocity Residuals  	 - 	 2 0.000359336 1.76799e-15 450827 4 
0.0367324 4.99744e-05 2 0 2 262144 27.9167 6.99571e+06

Pressure Residuals  	 - 	 2 41749.6 545.733 8.74653 7 
Velocity Residuals  	 - 	 2 0.000358156 1.75128e-15 452229 4 
0.0367824 4.99744e-05 2 0 2 262144 27.9539 6.99577e+06

Pressure Residuals  	 - 	 2 38396.9 892.191 6.56023 7 
Velocity Residuals  	 - 	 2 0.000357007 1.76551e-15 449679 4 
0.0368324 4.99744e-05 2 0 2 262144 27.993 6.99538e+06

Pressure Residuals  	 - 	 2 42133.8 1289.19 5.71684 8 
Velocity Residuals  	 - 	 2 0.0003559 1.77575e-15 447685 4 
0.0368823 4.99744e-05 2 0 2 262144 28.032 6.99499e+06

Pressure Residuals  	 - 	 2 57894.5 416.207 11.7941 8 
Velocity Residuals  	 - 	 2 0.000354814 1.72406e-15 453653 4 
0.0369323 4.99744e-05 2 0 2 262144 28.0713 6.99453e+06

Pressure Residuals  	 - 	 2 48084.2 569.184 9.19126 8 
Velocity Residuals  	 - 	 2 0.000353781 1.75006e-15 449615 4 
0.0369823 4.99744e-05 2 0 2 262144 28.1109 6.99401e+06

Pressure Residuals  	 - 	 2 69989.5 165.419 20.5695 8 
Velocity Residuals  	 - 	 2 0.000352784 1.75784e-15 447987 4 
0.0370323 4.99744e-05 2 0 2 262144 28.1498 6.99365e+06

Pressure Residuals  	 - 	 2 59366.3 162.709 19.1013 8 
Velocity Residuals  	 - 	 2 0.000351839 1.72233e-15 451974 4 
0.0370822 4.99744e-05 2 0 2 262144 28.189 6.99323e+06

Pressure Residuals  	 - 	 2 70565.2 250.425 16.7864 8 
Velocity Residuals  	 - 	 2 0.000350931 1.67588e-15 457603 4 
0.0371322 4.99744e-05 2 0 2 262144 28.2272 6.99306e+06

Pressure Residuals  	 - 	 2 57530.3 207.403 16.6548 8 
Velocity Residuals  	 - 	 2 0.000350073 1.76751e-15 445039 4 
0.0371822 4.99744e-05 2 0 2 262144 28.2655 6.99287e+06

Pressure Residuals  	 - 	 2 66795.1 864.062 8.79224 8 
Velocity Residuals  	 - 	 2 0.000349257 1.66792e-15 457598 4 
0.0372322 4.99744e-05 2 0 2 262144 28.305 6.99237e+06

Pressure Residuals  	 - 	 2 59173 513.113 10.7388 8 
Velocity Residuals  	 - 	 2 0.000348478 1.62169e-15 463558 4 
0.0372821 4.99744e-05 2 0 2 262144 28.344 6.99199e+06

Pressure Residuals  	 - 	 2 61447 468.9 11.4475 8 
Velocity Residuals  	 - 	 2 0.00034774 1.7346e-15 447741 4 
0.0373321 4.99744e-05 2 0 2 262144 28.383 6.9916e+06

Pressure Residuals  	 - 	 2 52398.6 382.98 11.6969 8 
Velocity Residuals  	 - 	 2 0.000347043 1.75693e-15 444442 4 
0.0373821 4.99744e-05 2 0 2 262144 28.4226 6.99111e+06

Pressure Residuals  	 - 	 2 53001.1 376.937 11.8579 8 
Velocity Residuals  	 - 	 2 0.00034638 1.77015e-15 442356 4 
0.0374321 4.99744e-05 2 0 2 262144 28.4615 6.99074e+06

Pressure Residuals  	 - 	 2 45182.9 322.672 11.8333 8 
Velocity Residuals  	 - 	 2 0.000345756 1.71024e-15 449631 4 
0.037482 4.99744e-05 2 0 2 262144 28.5009 6.99029e+06

Pressure Residuals  	 - 	 2 45185.8 313.209 12.0111 8 
Velocity Residuals  	 - 	 2 0.000345164 1.63261e-15 459803 4 
0.037532 4.99744e-05 2 0 2 262144 28.5406 6.98974e+06

Pressure Residuals  	 - 	 2 39014.1 270.7 12.0051 8 
Velocity Residuals  	 - 	 2 0.000344608 1.77313e-15 440851 4 
0.037582 4.99744e-05 2 0 2 262144 28.5796 6.98938e+06

Pressure Residuals  	 - 	 2 38525.7 255.523 12.2789 8 
Velocity Residuals  	 - 	 2 0.000344083 1.73349e-15 445524 4 
0.037632 4.99744e-05 2 0 2 262144 28.6189 6.98894e+06

Pressure Residuals  	 - 	 2 35382.4 222.235 12.6179 8 
Velocity Residuals  	 - 	 2 0.00034359 1.74119e-15 444219 4 
0.0376819 4.99744e-05 2 0 2 262144 28.6586 6.98841e+06

Pressure Residuals  	 - 	 2 34850.6 203.148 13.0978 8 
Velocity Residuals  	 - 	 2 0.000343127 1.7658e-15 440816 4 
0.0377319 4.99744e-05 2 0 2 262144 28.6982 6.98789e+06

Pressure Residuals  	 - 	 2 172803 4830.49 5.98108 9 
Velocity Residuals  	 - 	 2 0.000342695 1.77535e-15 439351 4 
0.0377819 4.99744e-05 2 0 2 262144 28.739 6.98711e+06

Pressure Residuals  	 - 	 2 231206 3343.9 8.31519 9 
Velocity Residuals  	 - 	 2 0.000342231 1.61718e-15 460024 4 
0.0378319 4.99744e-05 2 0 2 262144 28.78 6.98626e+06

Pressure Residuals  	 - 	 2 116970 1389.97 9.1735 9 
Velocity Residuals  	 - 	 2 0.000341774 1.71752e-15 446086 4 
0.0378818 4.99744e-05 2 0 2 262144 28.821 6.9854e+06

Pressure Residuals  	 - 	 2 52447.7 1538.24 5.83916 10 
Velocity Residuals  	 - 	 2 0.000341355 1.63993e-15 456237 4 
0.0379318 4.99744e-05 2 0 2 262144 28.8635 6.98422e+06

Pressure Residuals  	 - 	 2 118011 166.498 26.623 10 
Velocity Residuals  	 - 	 2 0.000341005 1.76455e-15 439606 4 
0.0379818 4.99744e-05 2 0 2 262144 28.9053 6.98317e+06

Pressure Residuals  	 - 	 2 59468 965.73 7.84719 10 
Velocity Residuals  	 - 	 2 0.00034067 1.73399e-15 443245 4 
0.0380318 4.99744e-05 2 0 2 262144 28.9475 6.98207e+06

Pressure Residuals  	 - 	 2 102586 421.642 15.5981 10 
Velocity Residuals  	 - 	 2 0.00034039 1.76236e-15 439482 4 
0.0380817 4.99744e-05 2 0 2 262144 28.9907 6.98069e+06

Pressure Residuals  	 - 	 2 44316.8 528.294 9.15896 10 
Velocity Residuals  	 - 	 2 0.000340118 1.76618e-15 438832 4 
0.0381317 4.99744e-05 2 0 2 262144 29.0326 6.97965e+06

Pressure Residuals  	 - 	 2 90306.6 539.37 12.9395 10 
Velocity Residuals  	 - 	 2 0.000339892 1.72061e-15 444457 4 
0.0381817 4.99744e-05 2 0 2 262144 29.0747 6.97855e+06

Pressure Residuals  	 - 	 2 32302.6 470.945 8.28197 10 
Velocity Residuals  	 - 	 2 0.000339659 1.77226e-15 437782 4 
0.0382316 4.99744e-05 2 0 2 262144 29.1172 6.97738e+06

Pressure Residuals  	 - 	 2 75349.6 459.921 12.7997 10 
Velocity Residuals  	 - 	 2 0.000339467 1.75429e-15 439894 4 
0.0382816 4.99744e-05 2 0 2 262144 29.159 6.97637e+06

Pressure Residuals  	 - 	 2 32502.3 248.423 11.4383 10 
Velocity Residuals  	 - 	 2 0.00033928 1.73056e-15 442778 4 
0.0383316 4.99744e-05 2 0 2 262144 29.2006 6.97539e+06

Pressure Residuals  	 - 	 2 66084 419.129 12.5567 10 
Velocity Residuals  	 - 	 2 0.000339132 1.69254e-15 447625 4 
0.0383816 4.99744e-05 2 0 2 262144 29.2417 6.97457e+06

Pressure Residuals  	 - 	 2 31249.7 144.506 14.7055 10 
Velocity Residuals  	 - 	 2 0.000338991 1.7611e-15 438735 4 
0.0384315 4.99744e-05 2 0 2 262144 29.2827 6.97374e+06

Pressure Residuals  	 - 	 2 57996 353.441 12.8098 10 
Velocity Residuals  	 - 	 2 0.000338883 1.76897e-15 437687 4 
0.0384815 4.99744e-05 2 0 2 262144 29.3252 6.97257e+06

Pressure Residuals  	 - 	 2 23486 98.3013 15.457 10 
Velocity Residuals  	 - 	 2 0.000338777 1.67527e-15 449692 4 
0.0385315 4.99744e-05 2 0 2 262144 29.3671 6.97157e+06

Pressure Residuals  	 - 	 2 50621.4 273.096 13.6147 10 
Velocity Residuals  	 - 	 2 0.000338699 1.77069e-15 437356 4 
0.0385815 4.99744e-05 2 0 2 262144 29.4097 6.97038e+06

Pressure Residuals  	 - 	 2 18446.8 73.7611 15.8142 10 
Velocity Residuals  	 - 	 2 0.000338623 1.7136e-15 444532 4 
0.0386314 4.99744e-05 2 0 2 262144 29.4515 6.96938e+06

Pressure Residuals  	 - 	 2 43505.6 203.007 14.6392 10 
Velocity Residuals  	 - 	 2 0.000338572 1.75926e-15 438693 4 
0.0386814 4.99744e-05 2 0 2 262144 29.4934 6.96837e+06

Pressure Residuals  	 - 	 2 14622.3 58.68 15.7857 10 
Velocity Residuals  	 - 	 2 0.000338523 1.73545e-15 441660 4 
0.0387314 4.99744e-05 2 0 2 262144 29.5358 6.96724e+06

Pressure Residuals  	 - 	 2 36547 145.486 15.8495 10 
Velocity Residuals  	 - 	 2 0.000338496 1.72821e-15 442566 4 
0.0387814 4.99744e-05 2 0 2 262144 29.5776 6.96626e+06

Pressure Residuals  	 - 	 2 12281.3 46.9205 16.1786 10 
Velocity Residuals  	 - 	 2 0.000338471 1.77163e-15 437094 4 
0.0388313 4.99744e-05 2 0 2 262144 29.6203 6.96507e+06

Pressure Residuals  	 - 	 2 29778.7 102.852 17.0156 10 
Velocity Residuals  	 - 	 2 0.000338466 1.69695e-15 446604 4 
0.0388813 4.99744e-05 2 0 2 262144 29.6622 6.96407e+06

Pressure Residuals  	 - 	 2 12060.3 35.5426 18.4206 10 
Velocity Residuals  	 - 	 2 0.000338463 1.61167e-15 458267 4 
0.0389313 4.99744e-05 2 0 2 262144 29.704 6.96309e+06

Pressure Residuals  	 - 	 2 23358.5 73.0544 17.8813 10 
Velocity Residuals  	 - 	 2 0.000338479 1.77213e-15 437037 4 
0.0389813 4.99744e-05 2 0 2 262144 29.7464 6.96198e+06

Pressure Residuals  	 - 	 2 13082.9 24.5675 23.0766 10 
Velocity Residuals  	 - 	 2 0.000338497 1.62808e-15 455973 4 
0.0390312 4.99744e-05 2 0 2 262144 29.7882 6.961e+06

Pressure Residuals  	 - 	 2 17470.6 54.058 17.9773 10 
Velocity Residuals  	 - 	 2 0.000338532 1.66768e-15 450550 4 
0.0390812 4.99744e-05 2 0 2 262144 29.8309 6.95983e+06

Pressure Residuals  	 - 	 2 16114.9 25.1284 25.324 10 
Velocity Residuals  	 - 	 2 0.000338568 1.76426e-15 438068 4 
0.0391312 4.99744e-05 2 0 2 262144 29.8726 6.95889e+06

Pressure Residuals  	 - 	 2 12365.7 42.8291 16.9918 10 
Velocity Residuals  	 - 	 2 0.000338621 1.74193e-15 440901 4 
0.0391812 4.99744e-05 2 0 2 262144 29.9144 6.95792e+06

Pressure Residuals  	 - 	 2 18471.4 30.0223 24.8043 10 
Velocity Residuals  	 - 	 2 0.000338675 1.76026e-15 438635 4 
0.0392311 4.99744e-05 2 0 2 262144 29.9569 6.9568e+06

Pressure Residuals  	 - 	 2 14399.7 36.5841 19.8395 10 
Velocity Residuals  	 - 	 2 0.000338744 1.69189e-15 447455 4 
0.0392811 4.99744e-05 2 0 2 262144 29.9987 6.95585e+06

Pressure Residuals  	 - 	 2 20153.1 34.2332 24.2632 10 
Velocity Residuals  	 - 	 2 0.000338815 1.7558e-15 439282 4 
0.0393311 4.99744e-05 2 0 2 262144 30.0412 6.95474e+06

Pressure Residuals  	 - 	 2 58553.2 42.3716 37.1739 10 
Velocity Residuals  	 - 	 2 0.0003389 1.70678e-15 445601 4 
0.0393811 4.99744e-05 2 0 2 262144 30.083 6.95379e+06

Pressure Residuals  	 - 	 2 23431.1 47.4778 22.2152 10 
Velocity Residuals  	 - 	 2 0.000338945 1.76567e-15 438137 4 
0.039431 4.99744e-05 2 0 2 262144 30.1247 6.95287e+06

Pressure Residuals  	 - 	 2 93215.3 44.4286 45.8049 10 
Velocity Residuals  	 - 	 2 0.000339011 1.72844e-15 442874 4 
0.039481 4.99744e-05 2 0 2 262144 30.167 6.9518e+06

Pressure Residuals  	 - 	 2 33324.4 58.1386 23.9414 10 
Velocity Residuals  	 - 	 2 0.000339023 1.76385e-15 438414 4 
0.039531 4.99744e-05 2 0 2 262144 30.2085 6.95093e+06

Pressure Residuals  	 - 	 2 72495.7 42.3829 41.3581 10 
Velocity Residuals  	 - 	 2 0.00033906 1.74611e-15 440659 4 
0.039581 4.99744e-05 2 0 2 262144 30.2494 6.95019e+06

Pressure Residuals  	 - 	 2 19750.5 60.0327 18.1382 10 
Velocity Residuals  	 - 	 2 0.00033906 1.55784e-15 466527 4 
0.0396309 4.99744e-05 2 0 2 262144 30.291 6.94932e+06

Pressure Residuals  	 - 	 2 34882.4 40.8637 29.2169 10 
Velocity Residuals  	 - 	 2 0.000339086 1.64841e-15 453548 4 
0.0396809 4.99744e-05 2 0 2 262144 30.3335 6.94822e+06

Pressure Residuals  	 - 	 2 45221.9 56.4666 28.2995 10 
Velocity Residuals  	 - 	 2 0.000339093 1.71374e-15 444823 4 
0.0397309 4.99744e-05 2 0 2 262144 30.3754 6.94725e+06

Pressure Residuals  	 - 	 2 35880.4 39.0825 30.2996 10 
Velocity Residuals  	 - 	 2 0.000339127 1.77621e-15 436952 4 
0.0397809 4.99744e-05 2 0 2 262144 30.418 6.94615e+06

Pressure Residuals  	 - 	 2 70995.9 49.2808 37.9558 10 
Velocity Residuals  	 - 	 2 0.000339155 1.70391e-15 446144 4 
0.0398308 4.99744e-05 2 0 2 262144 30.4598 6.94523e+06

Pressure Residuals  	 - 	 2 68711.1 36.067 43.6474 10 
Velocity Residuals  	 - 	 2 0.00033921 1.76361e-15 438565 4 
0.0398808 4.99744e-05 2 0 2 262144 30.5016 6.9443e+06

Pressure Residuals  	 - 	 2 90234.5 40.0748 47.4516 10 
Velocity Residuals  	 - 	 2 0.00033927 1.70196e-15 446476 4 
0.0399308 4.99744e-05 2 0 2 262144 30.5441 6.94323e+06

Pressure Residuals  	 - 	 2 93077.2 31.9375 53.9848 10 
Velocity Residuals  	 - 	 2 0.000339357 1.7211e-15 444043 4 
0.0399808 4.99744e-05 2 0 2 262144 30.5859 6.94231e+06

Pressure Residuals  	 - 	 2 102992 31.0606 57.5833 10 
Velocity Residuals  	 - 	 2 0.000339456 1.76136e-15 439003 4 
0.0400307 4.99744e-05 2 0 2 262144 30.6283 6.94126e+06

Pressure Residuals  	 - 	 2 95030.8 29.0687 57.1767 10 
Velocity Residuals  	 - 	 2 0.00033958 1.66749e-15 451273 4 
0.0400807 4.99744e-05 2 0 2 262144 30.67 6.94036e+06

Pressure Residuals  	 - 	 2 77821.5 28.8777 51.912 10 
Velocity Residuals  	 - 	 2 0.000339713 1.76846e-15 438286 4 
0.0401307 4.99744e-05 2 0 2 262144 30.7118 6.93946e+06

Pressure Residuals  	 - 	 2 72737.3 28.9512 50.124 10 
Velocity Residuals  	 - 	 2 0.000339854 1.76974e-15 438219 4 
0.0401807 4.99744e-05 2 0 2 262144 30.7543 6.9384e+06

Pressure Residuals  	 - 	 2 66670.6 28.7821 48.1289 10 
Velocity Residuals  	 - 	 2 0.000339998 1.76855e-15 438459 4 
0.0402306 4.99744e-05 2 0 2 262144 30.7961 6.93747e+06

Pressure Residuals  	 - 	 2 68186.6 28.2558 49.1242 10 
Velocity Residuals  	 - 	 2 0.000340148 1.72977e-15 443445 4 
0.0402806 4.99744e-05 2 0 2 262144 30.8389 6.93635e+06

Pressure Residuals  	 - 	 2 90054.9 388.851 15.2182 10 
Velocity Residuals  	 - 	 2 0.0003403 1.69982e-15 447435 4 
0.0403306 4.99744e-05 2 0 2 262144 30.8814 6.93529e+06

Pressure Residuals  	 - 	 2 459921 2134.47 14.679 10 
Velocity Residuals  	 - 	 2 0.000340485 1.76196e-15 439593 4 
0.0403805 4.99744e-05 2 0 2 262144 30.9234 6.93436e+06

Pressure Residuals  	 - 	 2 560256 1985.49 16.7981 10 
Velocity Residuals  	 - 	 2 0.000340809 1.69807e-15 448000 4 
0.0404305 4.99744e-05 2 0 2 262144 30.966 6.93328e+06

Pressure Residuals  	 - 	 2 431566 890.16 22.0186 10 
Velocity Residuals  	 - 	 2 0.000341196 1.71799e-15 445647 4 
0.0404805 4.99744e-05 2 0 2 262144 31.0079 6.93236e+06

Pressure Residuals  	 - 	 2 304754 283.529 32.7851 10 
Velocity Residuals  	 - 	 2 0.000341605 1.76541e-15 439885 4 
0.0405305 4.99744e-05 2 0 2 262144 31.0498 6.93145e+06

Pressure Residuals  	 - 	 2 176782 333.316 23.0298 10 
Velocity Residuals  	 - 	 2 0.000342032 1.7566e-15 441262 4 
0.0405804 4.99744e-05 2 0 2 262144 31.0922 6.93043e+06

Pressure Residuals  	 - 	 2 90974.5 499.939 13.4897 10 
Velocity Residuals  	 - 	 2 0.000342452 1.74807e-15 442610 4 
0.0406304 4.99744e-05 2 0 2 262144 31.134 6.92955e+06

Pressure Residuals  	 - 	 2 65955.8 250.984 16.2108 10 
Velocity Residuals  	 - 	 2 0.000342871 1.67752e-15 452098 4 
0.0406804 4.99744e-05 2 0 2 262144 31.1766 6.92848e+06

Pressure Residuals  	 - 	 2 66250.8 397.659 12.9075 10 
Velocity Residuals  	 - 	 2 0.000343298 1.73681e-15 444589 4 
0.0407304 4.99744e-05 2 0 2 262144 31.2179 6.92771e+06

Pressure Residuals  	 - 	 2 76741.8 433.997 13.2976 10 
Velocity Residuals  	 - 	 2 0.000343716 1.70902e-15 448463 4 
0.0407803 4.99744e-05 2 0 2 262144 31.259 6.92699e+06

Pressure Residuals  	 - 	 2 93139 502.535 13.6139 10 
Velocity Residuals  	 - 	 2 0.000344135 1.70686e-15 449020 4 
0.0408303 4.99744e-05 2 0 2 262144 31.3011 6.92606e+06

Pressure Residuals  	 - 	 2 90475.3 418.59 14.7018 10 
Velocity Residuals  	 - 	 2 0.000344544 1.71927e-15 447662 4 
0.0408803 4.99744e-05 2 0 2 262144 31.3428 6.9252e+06

Pressure Residuals  	 - 	 2 91871.8 397.225 15.208 10 
Velocity Residuals  	 - 	 2 0.000344949 1.7363e-15 445723 4 
0.0409303 4.99744e-05 2 0 2 262144 31.3846 6.92434e+06

Pressure Residuals  	 - 	 2 76061.7 261.969 17.0396 10 
Velocity Residuals  	 - 	 2 0.000345337 1.7526e-15 443895 4 
0.0409802 4.99744e-05 2 0 2 262144 31.427 6.92333e+06

Pressure Residuals  	 - 	 2 63807.4 193.442 18.1618 10 
Velocity Residuals  	 - 	 2 0.000345726 1.76377e-15 442736 4 
0.0410302 4.99744e-05 2 0 2 262144 31.4688 6.92246e+06

Pressure Residuals  	 - 	 2 54899.5 154.109 18.8743 10 
Velocity Residuals  	 - 	 2 0.00034611 1.75375e-15 444246 4 
0.0410802 4.99744e-05 2 0 2 262144 31.5117 6.92137e+06

Pressure Residuals  	 - 	 2 46150.7 120.991 19.5305 10 
Velocity Residuals  	 - 	 2 0.000346494 1.69478e-15 452159 4 
0.0411302 4.99744e-05 2 0 2 262144 31.5535 6.92049e+06

Pressure Residuals  	 - 	 2 40096.8 100.998 19.925 10 
Velocity Residuals  	 - 	 2 0.000346875 1.74489e-15 445864 4 
0.0411801 4.99744e-05 2 0 2 262144 31.5954 6.91963e+06

Pressure Residuals  	 - 	 2 33820.7 80.0514 20.5545 10 
Velocity Residuals  	 - 	 2 0.000347256 1.75164e-15 445248 4 
0.0412301 4.99744e-05 2 0 2 262144 31.6377 6.91865e+06

Pressure Residuals  	 - 	 2 29758.8 68.7348 20.8075 10 
Velocity Residuals  	 - 	 2 0.000347637 1.77012e-15 443162 4 
0.0412801 4.99744e-05 2 0 2 262144 31.6796 6.91778e+06

Pressure Residuals  	 - 	 2 25202 54.6633 21.4719 10 
Velocity Residuals  	 - 	 2 0.000348016 1.7567e-15 445094 4 
0.0413301 4.99744e-05 2 0 2 262144 31.7221 6.91678e+06

Pressure Residuals  	 - 	 2 22484.3 48.1719 21.6044 10 
Velocity Residuals  	 - 	 2 0.000348396 1.64111e-15 460752 4 
0.04138 4.99744e-05 2 0 2 262144 31.7637 6.91596e+06

Pressure Residuals  	 - 	 2 19099.5 38.4007 22.3019 10 
Velocity Residuals  	 - 	 2 0.000348774 1.74166e-15 447497 4 
0.04143 4.99744e-05 2 0 2 262144 31.8054 6.91514e+06

Pressure Residuals  	 - 	 2 17288.9 35.1313 22.1839 10 
Velocity Residuals  	 - 	 2 0.000349151 1.75138e-15 446495 4 
0.04148 4.99744e-05 2 0 2 262144 31.8477 6.9142e+06

Pressure Residuals  	 - 	 2 14706.1 28.1608 22.8521 10 
Velocity Residuals  	 - 	 2 0.000349528 1.72443e-15 450214 4 
0.04153 4.99744e-05 2 0 2 262144 31.8893 6.91339e+06

Pressure Residuals  	 - 	 2 13507.4 26.5112 22.572 10 
Velocity Residuals  	 - 	 2 0.000349903 1.74753e-15 447467 4 
0.0415799 4.99744e-05 2 0 2 262144 31.9319 6.91238e+06

Pressure Residuals  	 - 	 2 11490.4 21.2541 23.2513 10 
Velocity Residuals  	 - 	 2 0.000350276 1.77214e-15 444587 4 
0.0416299 4.99744e-05 2 0 2 262144 31.9736 6.91156e+06

Pressure Residuals  	 - 	 2 308504 89.9001 58.5801 10 
Velocity Residuals  	 - 	 2 0.000350648 1.75666e-15 446778 4 
0.0416799 4.99744e-05 2 0 2 262144 32.0153 6.91073e+06

Pressure Residuals  	 - 	 2 669796 323.231 45.5213 10 
Velocity Residuals  	 - 	 2 0.000350899 1.69314e-15 455244 4 
0.0417299 4.99744e-05 2 0 2 262144 32.0576 6.90979e+06

Pressure Residuals  	 - 	 2 366117 675.137 23.287 10 
Velocity Residuals  	 - 	 2 0.000350989 1.76298e-15 446193 4 
0.0417798 4.99744e-05 2 0 2 262144 32.0994 6.90898e+06

Pressure Residuals  	 - 	 2 142674 545.42 16.1736 10 
Velocity Residuals  	 - 	 2 0.0003511 1.77629e-15 444589 4 
0.0418298 4.99744e-05 2 0 2 262144 32.1421 6.90796e+06

Pressure Residuals  	 - 	 2 152318 219.428 26.347 10 
Velocity Residuals  	 - 	 2 0.000351246 1.75213e-15 447736 4 
0.0418798 4.99744e-05 2 0 2 262144 32.1839 6.90711e+06

Pressure Residuals  	 - 	 2 133974 169.813 28.0883 10 
Velocity Residuals  	 - 	 2 0.000351392 1.69077e-15 455883 4 
0.0419298 4.99744e-05 2 0 2 262144 32.2247 6.90652e+06

Pressure Residuals  	 - 	 2 166558 62.346 51.6867 10 
Velocity Residuals  	 - 	 2 0.000351563 1.75233e-15 447912 4 
0.0419797 4.99744e-05 2 0 2 262144 32.2656 6.90589e+06

Pressure Residuals  	 - 	 2 115574 101.014 33.8251 10 
Velocity Residuals  	 - 	 2 0.000351719 1.76259e-15 446706 4 
0.0420297 4.99744e-05 2 0 2 262144 32.3082 6.90489e+06

Pressure Residuals  	 - 	 2 143331 51.5162 52.747 10 
Velocity Residuals  	 - 	 2 0.000351895 1.73484e-15 450378 4 
0.0420797 4.99744e-05 2 0 2 262144 32.35 6.90407e+06

Pressure Residuals  	 - 	 2 99762.8 81.6098 34.9634 10 
Velocity Residuals  	 - 	 2 0.000352054 1.77421e-15 445454 4 
0.0421297 4.99744e-05 2 0 2 262144 32.3919 6.90324e+06

Pressure Residuals  	 - 	 2 118162 66.1458 42.2656 10 
Velocity Residuals  	 - 	 2 0.000352232 1.769e-15 446222 4 
0.0421796 4.99744e-05 2 0 2 262144 32.4344 6.90227e+06

Pressure Residuals  	 - 	 2 97606.7 56.1133 41.7068 10 
Velocity Residuals  	 - 	 2 0.000352392 1.74807e-15 448987 4 
0.0422296 4.99744e-05 2 0 2 262144 32.4764 6.90142e+06

Pressure Residuals  	 - 	 2 114482 75.6041 38.9131 10 
Velocity Residuals  	 - 	 2 0.000352568 1.74164e-15 449927 4 
0.0422796 4.99744e-05 2 0 2 262144 32.5181 6.90062e+06

Pressure Residuals  	 - 	 2 91789.6 47.311 44.047 10 
Velocity Residuals  	 - 	 2 0.000352726 1.77117e-15 446260 4 
0.0423295 4.99744e-05 2 0 2 262144 32.559 6.9e+06

Pressure Residuals  	 - 	 2 105788 97.749 32.8974 10 
Velocity Residuals  	 - 	 2 0.0003529 1.7482e-15 449294 4 
0.0423795 4.99744e-05 2 0 2 262144 32.5999 6.89939e+06

Pressure Residuals  	 - 	 2 82983.8 43.4106 43.7219 10 
Velocity Residuals  	 - 	 2 0.000353058 1.73854e-15 450641 4 
0.0424295 4.99744e-05 2 0 2 262144 32.6424 6.89845e+06

Pressure Residuals  	 - 	 2 94975.5 92.0831 32.1156 10 
Velocity Residuals  	 - 	 2 0.000353231 1.59005e-15 471329 4 
0.0424795 4.99744e-05 2 0 2 262144 32.6842 6.89765e+06

Pressure Residuals  	 - 	 2 72851.8 45.496 40.016 10 
Velocity Residuals  	 - 	 2 0.000353389 1.72216e-15 452992 4 
0.0425294 4.99744e-05 2 0 2 262144 32.727 6.89664e+06

Pressure Residuals  	 - 	 2 82751.2 102.037 28.4779 10 
Velocity Residuals  	 - 	 2 0.000353561 1.74768e-15 449781 4 
0.0425794 4.99744e-05 2 0 2 262144 32.7694 6.89572e+06

Pressure Residuals  	 - 	 2 61696.5 40.905 38.8367 10 
Velocity Residuals  	 - 	 2 0.000353719 1.77339e-15 446609 4 
0.0426294 4.99744e-05 2 0 2 262144 32.8112 6.89491e+06

Pressure Residuals  	 - 	 2 64267.1 67.5577 30.843 10 
Velocity Residuals  	 - 	 2 0.000353891 1.77246e-15 446834 4 
0.0426794 4.99744e-05 2 0 2 262144 32.8538 6.89394e+06

Pressure Residuals  	 - 	 2 47339.9 51.1924 30.4096 10 
Velocity Residuals  	 - 	 2 0.000354053 1.77488e-15 446632 4 
0.0427293 4.99744e-05 2 0 2 262144 32.8964 6.89299e+06

Pressure Residuals  	 - 	 2 55879.7 102.675 23.3289 10 
Velocity Residuals  	 - 	 2 0.000354225 1.75299e-15 449521 4 
0.0427793 4.99744e-05 2 0 2 262144 32.9381 6.89222e+06

Pressure Residuals  	 - 	 2 40599.2 58.6634 26.3072 10 
Velocity Residuals  	 - 	 2 0.000354387 1.73727e-15 451653 4 
0.0428293 4.99744e-05 2 0 2 262144 32.9809 6.89122e+06

Pressure Residuals  	 - 	 2 47787.1 99.5801 21.9063 10 
Velocity Residuals  	 - 	 2 0.000354558 1.75186e-15 449877 4 
0.0428793 4.99744e-05 2 0 2 262144 33.0234 6.8903e+06

Pressure Residuals  	 - 	 2 34477.2 58.5331 24.2697 10 
Velocity Residuals  	 - 	 2 0.000354721 1.75196e-15 449968 4 
0.0429292 4.99744e-05 2 0 2 262144 33.0652 6.88951e+06

Pressure Residuals  	 - 	 2 40557.5 92.2387 20.9691 10 
Velocity Residuals  	 - 	 2 0.000354893 1.73044e-15 452866 4 
0.0429792 4.99744e-05 2 0 2 262144 33.1079 6.88855e+06

Pressure Residuals  	 - 	 2 29104 55.0283 22.9976 10 
Velocity Residuals  	 - 	 2 0.000355057 1.75945e-15 449221 4 
0.0430292 4.99744e-05 2 0 2 262144 33.1496 6.88779e+06

Pressure Residuals  	 - 	 2 34316.4 83.7325 20.2444 10 
Velocity Residuals  	 - 	 2 0.000355229 1.74555e-15 451116 4 
0.0430792 4.99744e-05 2 0 2 262144 33.1915 6.887e+06

Pressure Residuals  	 - 	 2 24486.1 50.1967 22.0863 10 
Velocity Residuals  	 - 	 2 0.000355394 1.77402e-15 447585 4 
0.0431291 4.99744e-05 2 0 2 262144 33.2324 6.8864e+06

Pressure Residuals  	 - 	 2 28809.5 75.1947 19.5737 10 
Velocity Residuals  	 - 	 2 0.000355566 1.77015e-15 448183 4 
0.0431791 4.99744e-05 2 0 2 262144 33.2733 6.88583e+06

Pressure Residuals  	 - 	 2 20426.4 44.9665 21.3134 10 
Velocity Residuals  	 - 	 2 0.000355732 1.77372e-15 447836 4 
0.0432291 4.99744e-05 2 0 2 262144 33.3158 6.8849e+06

Pressure Residuals  	 - 	 2 24233.6 67.0239 19.0149 10 
Velocity Residuals  	 - 	 2 0.000355905 1.72386e-15 454376 4 
0.0432791 4.99744e-05 2 0 2 262144 33.3576 6.88413e+06

Pressure Residuals  	 - 	 2 17372.5 39.814 20.8888 10 
Velocity Residuals  	 - 	 2 0.000356072 1.77164e-15 448312 4 
0.043329 4.99744e-05 2 0 2 262144 33.3999 6.88326e+06

Pressure Residuals  	 - 	 2 20510 59.4448 18.5749 10 
Velocity Residuals  	 - 	 2 0.000356245 1.70421e-15 457207 4 
0.043379 4.99744e-05 2 0 2 262144 33.4418 6.88248e+06

Pressure Residuals  	 - 	 2 15810.1 34.8328 21.3046 10 
Velocity Residuals  	 - 	 2 0.000356414 1.75527e-15 450615 4 
0.043429 4.99744e-05 2 0 2 262144 33.4836 6.88171e+06

Pressure Residuals  	 - 	 2 17418.6 52.5399 18.208 10 
Velocity Residuals  	 - 	 2 0.000356588 1.66092e-15 463350 4 
0.043479 4.99744e-05 2 0 2 262144 33.526 6.88083e+06

Pressure Residuals  	 - 	 2 14306.2 30.3182 21.7225 10 
Velocity Residuals  	 - 	 2 0.000356758 1.7387e-15 452975 4 
0.0435289 4.99744e-05 2 0 2 262144 33.5679 6.88005e+06

Pressure Residuals  	 - 	 2 14822.3 46.4046 17.8722 10 
Velocity Residuals  	 - 	 2 0.000356933 1.60602e-15 471431 4 
0.0435789 4.99744e-05 2 0 2 262144 33.6105 6.87913e+06

Pressure Residuals  	 - 	 2 12908.2 26.2622 22.1701 10 
Velocity Residuals  	 - 	 2 0.000357105 1.72027e-15 455616 4 
0.0436289 4.99744e-05 2 0 2 262144 33.6523 6.87838e+06

Pressure Residuals  	 - 	 2 12627.4 40.9946 17.5507 10 
Velocity Residuals  	 - 	 2 0.000357281 1.75699e-15 450942 4 
0.0436789 4.99744e-05 2 0 2 262144 33.6942 6.87761e+06

Pressure Residuals  	 - 	 2 11632.6 22.725 22.6249 10 
Velocity Residuals  	 - 	 2 0.000357454 1.74268e-15 452899 4 
0.0437288 4.99744e-05 2 0 2 262144 33.7365 6.87674e+06

Pressure Residuals  	 - 	 2 10757.6 35.3318 17.4492 10 
Velocity Residuals  	 - 	 2 0.000357632 1.77448e-15 448934 4 
0.0437788 4.99744e-05 2 0 2 262144 33.7783 6.87599e+06

Pressure Residuals  	 - 	 2 10580.7 18.5861 23.8596 10 
Velocity Residuals  	 - 	 2 0.000357808 1.75795e-15 451150 4 
0.0438288 4.99744e-05 2 0 2 262144 33.821 6.87506e+06

Pressure Residuals  	 - 	 2 8998.16 31.2896 16.9581 10 
Velocity Residuals  	 - 	 2 0.000357987 1.76375e-15 450521 4 
0.0438788 4.99744e-05 2 0 2 262144 33.8635 6.87417e+06

Pressure Residuals  	 - 	 2 9628.65 16.1975 24.3814 10 
Velocity Residuals  	 - 	 2 0.000358165 1.76063e-15 451032 4 
0.0439287 4.99744e-05 2 0 2 262144 33.9054 6.87342e+06

Pressure Residuals  	 - 	 2 7511.56 29.8207 15.8711 10 
Velocity Residuals  	 - 	 2 0.000358346 1.7708e-15 449848 4 
0.0439787 4.99744e-05 2 0 2 262144 33.9483 6.87246e+06

Pressure Residuals  	 - 	 2 9175.36 14.0203 25.5819 10 
Velocity Residuals  	 - 	 2 0.000358526 1.77258e-15 449735 4 
0.0440287 4.99744e-05 2 0 2 262144 33.9896 6.87182e+06

Pressure Residuals  	 - 	 2 7421.82 28.7725 16.0608 10 
Velocity Residuals  	 - 	 2 0.00035871 1.68881e-15 460873 4 
0.0440787 4.99744e-05 2 0 2 262144 34.0304 6.87129e+06

Pressure Residuals  	 - 	 2 9002.49 12.0162 27.3714 10 
Velocity Residuals  	 - 	 2 0.000358892 1.75508e-15 452203 4 
0.0441286 4.99744e-05 2 0 2 262144 34.0726 6.87046e+06

Pressure Residuals  	 - 	 2 7475.85 28.0335 16.3302 10 
Velocity Residuals  	 - 	 2 0.000359078 1.70689e-15 458661 4 
0.0441786 4.99744e-05 2 0 2 262144 34.1144 6.86973e+06

Pressure Residuals  	 - 	 2 20298.4 16.0362 35.5779 10 
Velocity Residuals  	 - 	 2 0.000359263 1.75404e-15 452570 4 
0.0442286 4.99744e-05 2 0 2 262144 34.1562 6.869e+06

Pressure Residuals  	 - 	 2 15854.3 27.7736 23.8922 10 
Velocity Residuals  	 - 	 2 0.000359451 1.69987e-15 459846 4 
0.0442786 4.99744e-05 2 0 2 262144 34.1985 6.86816e+06

Pressure Residuals  	 - 	 2 10636.9 22.6116 21.6892 10 
Velocity Residuals  	 - 	 2 0.000359638 1.7334e-15 455495 4 
0.0443285 4.99744e-05 2 0 2 262144 34.2394 6.86761e+06

Pressure Residuals  	 - 	 2 8588.53 27.3485 17.7212 10 
Velocity Residuals  	 - 	 2 0.000359829 1.72112e-15 457238 4 
0.0443785 4.99744e-05 2 0 2 262144 34.2804 6.86705e+06

Pressure Residuals  	 - 	 2 8203.61 15.8864 22.7242 10 
Velocity Residuals  	 - 	 2 0.000360019 1.76225e-15 451990 4 
0.0444285 4.99744e-05 2 0 2 262144 34.323 6.86618e+06

Pressure Residuals  	 - 	 2 7208.36 27.1395 16.2974 10 
Velocity Residuals  	 - 	 2 0.000360213 1.72267e-15 457277 4 
0.0444784 4.99744e-05 2 0 2 262144 34.3648 6.86544e+06

Pressure Residuals  	 - 	 2 7891.82 12.1179 25.5197 10 
Velocity Residuals  	 - 	 2 0.000360405 1.7672e-15 451598 4 
0.0445284 4.99744e-05 2 0 2 262144 34.4075 6.86453e+06

Pressure Residuals  	 - 	 2 7033.02 27.0787 16.116 10 
Velocity Residuals  	 - 	 2 0.000360601 1.6922e-15 461623 4 
0.0445784 4.99744e-05 2 0 2 262144 34.4499 6.86369e+06

Pressure Residuals  	 - 	 2 79679.6 325.877 15.6368 10 
Velocity Residuals  	 - 	 2 0.000360796 1.7153e-15 458629 4 
0.0446284 4.99744e-05 2 0 2 262144 34.4918 6.86296e+06

Pressure Residuals  	 - 	 2 229648 1029.47 14.9357 10 
Velocity Residuals  	 - 	 2 0.000361031 1.70432e-15 460253 4 
0.0446783 4.99744e-05 2 0 2 262144 34.5344 6.86208e+06

Pressure Residuals  	 - 	 2 261095 1211.29 14.6817 10 
Velocity Residuals  	 - 	 2 0.000361335 1.77323e-15 451411 4 
0.0447283 4.99744e-05 2 0 2 262144 34.5788 6.86086e+06

Pressure Residuals  	 - 	 2 192415 941.988 14.2921 10 
Velocity Residuals  	 - 	 2 0.000361659 1.72835e-15 457439 4 
0.0447783 4.99744e-05 2 0 2 262144 34.6206 6.86015e+06

Pressure Residuals  	 - 	 2 137479 725.174 13.7688 10 
Velocity Residuals  	 - 	 2 0.000361982 1.77519e-15 451566 4 
0.0448283 4.99744e-05 2 0 2 262144 34.6627 6.85937e+06

Pressure Residuals  	 - 	 2 76375.3 436.109 13.2336 10 
Velocity Residuals  	 - 	 2 0.00036232 1.7573e-15 454071 4 
0.0448782 4.99744e-05 2 0 2 262144 34.7044 6.85869e+06

Pressure Residuals  	 - 	 2 45603.4 237.188 13.866 10 
Velocity Residuals  	 - 	 2 0.000362659 1.75357e-15 454766 4 
0.0449282 4.99744e-05 2 0 2 262144 34.7463 6.85797e+06

Pressure Residuals  	 - 	 2 29248.7 60.2831 22.027 10 
Velocity Residuals  	 - 	 2 0.000363005 1.72369e-15 458909 4 
0.0449782 4.99744e-05 2 0 2 262144 34.7887 6.85715e+06

Pressure Residuals  	 - 	 2 54672.2 318.923 13.093 10 
Velocity Residuals  	 - 	 2 0.000363351 1.77629e-15 452279 4 
0.0450282 4.99744e-05 2 0 2 262144 34.8303 6.85648e+06

Pressure Residuals  	 - 	 2 62403.2 438.597 11.9281 10 
Velocity Residuals  	 - 	 2 0.000363683 1.76911e-15 453403 4 
0.0450781 4.99744e-05 2 0 2 262144 34.8727 6.85566e+06

Pressure Residuals  	 - 	 2 60335 463.088 11.4144 10 
Velocity Residuals  	 - 	 2 0.000364018 1.76213e-15 454510 4 
0.0451281 4.99744e-05 2 0 2 262144 34.9145 6.85496e+06

Pressure Residuals  	 - 	 2 72253.5 398.679 13.4623 10 
Velocity Residuals  	 - 	 2 0.000364353 1.7272e-15 459294 4 
0.0451781 4.99744e-05 2 0 2 262144 34.9564 6.85424e+06

Pressure Residuals  	 - 	 2 63580.6 458.108 11.7809 10 
Velocity Residuals  	 - 	 2 0.000364688 1.76256e-15 454871 4 
0.0452281 4.99744e-05 2 0 2 262144 34.9987 6.85344e+06

Pressure Residuals  	 - 	 2 55703.6 447.305 11.1594 10 
Velocity Residuals  	 - 	 2 0.000365016 1.74547e-15 457298 4 
0.045278 4.99744e-05 2 0 2 262144 35.0404 6.85277e+06

Pressure Residuals  	 - 	 2 47317.4 418.855 10.6287 10 
Velocity Residuals  	 - 	 2 0.000365345 1.76681e-15 454734 4 
0.045328 4.99744e-05 2 0 2 262144 35.083 6.85192e+06

Pressure Residuals  	 - 	 2 41720.1 394.574 10.2827 10 
Velocity Residuals  	 - 	 2 0.000365673 1.70533e-15 463065 4 
0.045378 4.99744e-05 2 0 2 262144 35.1256 6.85108e+06

Pressure Residuals  	 - 	 2 35487.6 362.56 9.89347 10 
Velocity Residuals  	 - 	 2 0.000365997 1.73092e-15 459833 4 
0.045428 4.99744e-05 2 0 2 262144 35.1674 6.85038e+06

Pressure Residuals  	 - 	 2 31728.4 340.647 9.65099 10 
Velocity Residuals  	 - 	 2 0.000366318 1.7554e-15 456815 4 
0.0454779 4.99744e-05 2 0 2 262144 35.2089 6.84975e+06

Pressure Residuals  	 - 	 2 27040.7 310.69 9.32921 10 
Velocity Residuals  	 - 	 2 0.000366636 1.7761e-15 454344 4 
0.0455279 4.99744e-05 2 0 2 262144 35.25 6.84922e+06

Pressure Residuals  	 - 	 2 24532.5 292.688 9.1552 10 
Velocity Residuals  	 - 	 2 0.000366951 1.72622e-15 461059 4 
0.0455779 4.99744e-05 2 0 2 262144 35.2916 6.84857e+06

Pressure Residuals  	 - 	 2 20910.2 266.153 8.86368 10 
Velocity Residuals  	 - 	 2 0.000367262 1.73673e-15 459856 4 
0.0456279 4.99744e-05 2 0 2 262144 35.3334 6.84788e+06

Pressure Residuals  	 - 	 2 19248.9 251.98 8.74015 10 
Velocity Residuals  	 - 	 2 0.00036757 1.7747e-15 455101 4 
0.0456778 4.99744e-05 2 0 2 262144 35.3751 6.84721e+06

Pressure Residuals  	 - 	 2 16374.3 228.148 8.47174 10 
Velocity Residuals  	 - 	 2 0.000367874 1.75413e-15 457950 4 
0.0457278 4.99744e-05 2 0 2 262144 35.4178 6.84637e+06

Pressure Residuals  	 - 	 2 39243.4 402.021 9.88005 10 
Velocity Residuals  	 - 	 2 0.000368175 1.73688e-15 460407 4 
0.0457778 4.99744e-05 2 0 2 262144 35.4596 6.84568e+06

Pressure Residuals  	 - 	 2 505550 3206.85 12.5558 10 
Velocity Residuals  	 - 	 2 0.000368461 1.75844e-15 457754 4 
0.0458278 4.99744e-05 2 0 2 262144 35.5019 6.84491e+06

Pressure Residuals  	 - 	 2 643516 3988.04 12.7028 10 
Velocity Residuals  	 - 	 2 0.000368578 1.75418e-15 458382 4 
0.0458777 4.99744e-05 2 0 2 262144 35.5438 6.84422e+06

Pressure Residuals  	 - 	 2 353744 1233.32 16.9358 10 
Velocity Residuals  	 - 	 2 0.000368672 1.75421e-15 458436 4 
0.0459277 4.99744e-05 2 0 2 262144 35.5855 6.84356e+06

Pressure Residuals  	 - 	 2 236709 509.185 21.5611 10 
Velocity Residuals  	 - 	 2 0.000368837 1.72009e-15 463064 4 
0.0459777 4.99744e-05 2 0 2 262144 35.6277 6.84281e+06

Pressure Residuals  	 - 	 2 111025 571.731 13.9352 10 
Velocity Residuals  	 - 	 2 0.00036895 1.77467e-15 455958 4 
0.0460277 4.99744e-05 2 0 2 262144 35.6693 6.84219e+06

Pressure Residuals  	 - 	 2 186892 87.0426 46.3372 10 
Velocity Residuals  	 - 	 2 0.000369087 1.75262e-15 458903 4 
0.0460776 4.99744e-05 2 0 2 262144 35.7116 6.84143e+06

Pressure Residuals  	 - 	 2 134923 472.89 16.8913 10 
Velocity Residuals  	 - 	 2 0.000369194 1.76699e-15 457099 4 
0.0461276 4.99744e-05 2 0 2 262144 35.7533 6.84078e+06

Pressure Residuals  	 - 	 2 206752 45.0411 67.7518 10 
Velocity Residuals  	 - 	 2 0.000369329 1.75418e-15 458849 4 
0.0461776 4.99744e-05 2 0 2 262144 35.7951 6.84012e+06

Pressure Residuals  	 - 	 2 143927 238.913 24.5444 10 
Velocity Residuals  	 - 	 2 0.000369445 1.76252e-15 457834 4 
0.0462276 4.99744e-05 2 0 2 262144 35.8375 6.83933e+06

Pressure Residuals  	 - 	 2 189444 63.3165 54.6993 10 
Velocity Residuals  	 - 	 2 0.000369582 1.77529e-15 456269 4 
0.0462775 4.99744e-05 2 0 2 262144 35.8793 6.83868e+06

Pressure Residuals  	 - 	 2 126179 98.5669 35.779 10 
Velocity Residuals  	 - 	 2 0.000369705 1.74476e-15 460321 4 
0.0463275 4.99744e-05 2 0 2 262144 35.922 6.83783e+06

Pressure Residuals  	 - 	 2 154936 95.9298 40.1883 10 
Velocity Residuals  	 - 	 2 0.000369844 1.72144e-15 463515 4 
0.0463775 4.99744e-05 2 0 2 262144 35.9648 6.83699e+06

Pressure Residuals  	 - 	 2 107808 114.105 30.7378 10 
Velocity Residuals  	 - 	 2 0.000369975 1.72672e-15 462886 4 
0.0464274 4.99744e-05 2 0 2 262144 36.0067 6.83633e+06

Pressure Residuals  	 - 	 2 124149 158.746 27.9653 10 
Velocity Residuals  	 - 	 2 0.000370121 1.77538e-15 456590 4 
0.0464774 4.99744e-05 2 0 2 262144 36.0489 6.83559e+06

Pressure Residuals  	 - 	 2 85572 78.1797 33.0841 10 
Velocity Residuals  	 - 	 2 0.000370258 1.77002e-15 457365 4 
0.0465274 4.99744e-05 2 0 2 262144 36.0907 6.83493e+06

Pressure Residuals  	 - 	 2 96832.5 113.305 29.2339 10 
Velocity Residuals  	 - 	 2 0.000370405 1.75567e-15 459322 4 
0.0465774 4.99744e-05 2 0 2 262144 36.1324 6.83429e+06

Pressure Residuals  	 - 	 2 70787.3 60.4316 34.2252 10 
Velocity Residuals  	 - 	 2 0.000370549 1.75223e-15 459862 4 
0.0466273 4.99744e-05 2 0 2 262144 36.1748 6.83353e+06

Pressure Residuals  	 - 	 2 74745.6 84.8609 29.6783 10 
Velocity Residuals  	 - 	 2 0.000370699 1.75126e-15 460082 4 
0.0466773 4.99744e-05 2 0 2 262144 36.2161 6.83298e+06

Pressure Residuals  	 - 	 2 56924.5 47.8036 34.5079 10 
Velocity Residuals  	 - 	 2 0.000370847 1.77496e-15 457091 4 
0.0467273 4.99744e-05 2 0 2 262144 36.257 6.83251e+06

Pressure Residuals  	 - 	 2 57357.9 64.1857 29.8936 10 
Velocity Residuals  	 - 	 2 0.000371 1.76078e-15 459023 4 
0.0467773 4.99744e-05 2 0 2 262144 36.299 6.83182e+06

Pressure Residuals  	 - 	 2 44285.7 37.2779 34.4672 10 
Velocity Residuals  	 - 	 2 0.000371151 1.76385e-15 458716 4 
0.0468272 4.99744e-05 2 0 2 262144 36.3413 6.83107e+06

Pressure Residuals  	 - 	 2 43883.1 51.1147 29.3005 10 
Velocity Residuals  	 - 	 2 0.000371306 1.74788e-15 460904 4 
0.0468772 4.99744e-05 2 0 2 262144 36.3833 6.8304e+06

Pressure Residuals  	 - 	 2 34441.9 28.3755 34.8395 10 
Velocity Residuals  	 - 	 2 0.00037146 1.76834e-15 458325 4 
0.0469272 4.99744e-05 2 0 2 262144 36.4259 6.82961e+06

Pressure Residuals  	 - 	 2 33516.1 47.6429 26.5233 10 
Velocity Residuals  	 - 	 2 0.000371618 1.71877e-15 464986 4 
0.0469772 4.99744e-05 2 0 2 262144 36.4677 6.82897e+06

Pressure Residuals  	 - 	 2 27359 23.1401 34.3849 10 
Velocity Residuals  	 - 	 2 0.000371774 1.77474e-15 457691 4 
0.0470271 4.99744e-05 2 0 2 262144 36.5095 6.82833e+06

Pressure Residuals  	 - 	 2 25556.1 45.1739 23.785 10 
Velocity Residuals  	 - 	 2 0.000371933 1.7312e-15 463510 4 
0.0470771 4.99744e-05 2 0 2 262144 36.5519 6.82758e+06

Pressure Residuals  	 - 	 2 21752 20.8061 32.3336 10 
Velocity Residuals  	 - 	 2 0.000372091 1.71962e-15 465167 4 
0.0471271 4.99744e-05 2 0 2 262144 36.5937 6.82694e+06

Pressure Residuals  	 - 	 2 19438 42.1225 21.4817 10 
Velocity Residuals  	 - 	 2 0.000372252 1.77519e-15 457927 4 
0.0471771 4.99744e-05 2 0 2 262144 36.6364 6.82615e+06

Pressure Residuals  	 - 	 2 17296.6 18.7424 30.3786 10 
Velocity Residuals  	 - 	 2 0.000372412 1.68112e-15 470666 4 
0.047227 4.99744e-05 2 0 2 262144 36.6782 6.82551e+06

Pressure Residuals  	 - 	 2 14723.1 38.8072 19.4779 10 
Velocity Residuals  	 - 	 2 0.000372574 1.75633e-15 460577 4 
0.047277 4.99744e-05 2 0 2 262144 36.7201 6.82487e+06

Pressure Residuals  	 - 	 2 13738.8 16.666 28.7116 10 
Velocity Residuals  	 - 	 2 0.000372734 1.70926e-15 466977 4 
0.047327 4.99744e-05 2 0 2 262144 36.7625 6.82412e+06

Pressure Residuals  	 - 	 2 11505 35.6862 17.9553 10 
Velocity Residuals  	 - 	 2 0.000372897 1.73606e-15 463459 4 
0.047377 4.99744e-05 2 0 2 262144 36.8043 6.8235e+06

Pressure Residuals  	 - 	 2 10882.2 14.7773 27.137 10 
Velocity Residuals  	 - 	 2 0.000373058 1.77287e-15 458723 4 
0.0474269 4.99744e-05 2 0 2 262144 36.8468 6.82274e+06

Pressure Residuals  	 - 	 2 10824.3 32.7023 18.1933 10 
Velocity Residuals  	 - 	 2 0.000373221 1.73625e-15 463636 4 
0.0474769 4.99744e-05 2 0 2 262144 36.8886 6.82212e+06

Pressure Residuals  	 - 	 2 10396.1 12.8454 28.4486 10 
Velocity Residuals  	 - 	 2 0.000373382 1.77175e-15 459067 4 
0.0475269 4.99744e-05 2 0 2 262144 36.9307 6.82144e+06

Pressure Residuals  	 - 	 2 10287.1 29.8022 18.579 10 
Velocity Residuals  	 - 	 2 0.000373545 1.75376e-15 461515 4 
0.0475769 4.99744e-05 2 0 2 262144 36.9731 6.82071e+06

Pressure Residuals  	 - 	 2 9820.97 10.9439 29.9565 10 
Velocity Residuals  	 - 	 2 0.000373706 1.7731e-15 459090 4 
0.0476268 4.99744e-05 2 0 2 262144 37.0148 6.8201e+06

Pressure Residuals  	 - 	 2 9677.03 24.9775 19.6832 10 
Velocity Residuals  	 - 	 2 0.000373868 1.77611e-15 458801 4 
0.0476768 4.99744e-05 2 0 2 262144 37.0575 6.81931e+06

Pressure Residuals  	 - 	 2 9177.07 9.91919 30.4168 10 
Velocity Residuals  	 - 	 2 0.000374029 1.77466e-15 459087 4 
0.0477268 4.99744e-05 2 0 2 262144 37.1 6.81857e+06

Pressure Residuals  	 - 	 2 9001.57 20.5912 20.9083 10 
Velocity Residuals  	 - 	 2 0.000374189 1.72469e-15 465790 4 
0.0477768 4.99744e-05 2 0 2 262144 37.1417 6.81797e+06

Pressure Residuals  	 - 	 2 14179.1 11.5672 35.0114 10 
Velocity Residuals  	 - 	 2 0.000374349 1.75676e-15 461617 4 
0.0478267 4.99744e-05 2 0 2 262144 37.1843 6.81721e+06

Pressure Residuals  	 - 	 2 12627 18.1408 26.3829 10 
Velocity Residuals  	 - 	 2 0.000374509 1.77253e-15 459657 4 
0.0478767 4.99744e-05 2 0 2 262144 37.2253 6.81674e+06

Pressure Residuals  	 - 	 2 7857.56 10.7409 27.0473 10 
Velocity Residuals  	 - 	 2 0.000374667 1.7483e-15 462930 4 
0.0479267 4.99744e-05 2 0 2 262144 37.2661 6.81632e+06

Pressure Residuals  	 - 	 2 7708.88 15.9797 21.964 10 
Velocity Residuals  	 - 	 2 0.000374824 1.76329e-15 461054 4 
0.0479767 4.99744e-05 2 0 2 262144 37.3082 6.81565e+06

Pressure Residuals  	 - 	 2 7243.27 10.8903 25.7898 10 
Velocity Residuals  	 - 	 2 0.00037498 1.77129e-15 460107 4 
0.0480266 4.99744e-05 2 0 2 262144 37.3499 6.81506e+06

Pressure Residuals  	 - 	 2 32430.3 223.635 12.0422 10 
Velocity Residuals  	 - 	 2 0.000375136 1.75284e-15 462619 4 
0.0480766 4.99744e-05 2 0 2 262144 37.3915 6.81448e+06

Pressure Residuals  	 - 	 2 203039 1362.05 12.2094 10 
Velocity Residuals  	 - 	 2 0.000375298 1.7411e-15 464276 4 
0.0481266 4.99744e-05 2 0 2 262144 37.4342 6.81372e+06

Pressure Residuals  	 - 	 2 209826 1036.41 14.2287 10 
Velocity Residuals  	 - 	 2 0.000375504 1.7724e-15 460285 4 
0.0481766 4.99744e-05 2 0 2 262144 37.4761 6.8131e+06

Pressure Residuals  	 - 	 2 196396 793.886 15.7285 10 
Velocity Residuals  	 - 	 2 0.000375728 1.77228e-15 460437 4 
0.0482265 4.99744e-05 2 0 2 262144 37.5188 6.81234e+06

Pressure Residuals  	 - 	 2 136287 351.18 19.6999 10 
Velocity Residuals  	 - 	 2 0.000375975 1.76325e-15 461767 4 
0.0482765 4.99744e-05 2 0 2 262144 37.5612 6.81162e+06

Pressure Residuals  	 - 	 2 96006.6 183.674 22.8627 10 
Velocity Residuals  	 - 	 2 0.00037623 1.72139e-15 467505 4 
0.0483265 4.99744e-05 2 0 2 262144 37.603 6.81101e+06

Pressure Residuals  	 - 	 2 50457.3 65.684 27.7161 10 
Velocity Residuals  	 - 	 2 0.000376494 1.73417e-15 465944 4 
0.0483765 4.99744e-05 2 0 2 262144 37.6457 6.81025e+06

Pressure Residuals  	 - 	 2 34654.3 101.691 18.4602 10 
Velocity Residuals  	 - 	 2 0.00037676 1.76313e-15 462264 4 
0.0484264 4.99744e-05 2 0 2 262144 37.6881 6.80954e+06

Pressure Residuals  	 - 	 2 28466.6 157.606 13.4394 10 
Velocity Residuals  	 - 	 2 0.00037703 1.76752e-15 461855 4 
0.0484764 4.99744e-05 2 0 2 262144 37.7299 6.80894e+06

Pressure Residuals  	 - 	 2 23924.6 152.374 12.5305 10 
Velocity Residuals  	 - 	 2 0.000377299 1.77571e-15 460953 4 
0.0485264 4.99744e-05 2 0 2 262144 37.7727 6.80818e+06

Pressure Residuals  	 - 	 2 30130.4 157.224 13.8434 10 
Velocity Residuals  	 - 	 2 0.00037757 1.76303e-15 462773 4 
0.0485763 4.99744e-05 2 0 2 262144 37.8152 6.80747e+06

Pressure Residuals  	 - 	 2 34688.8 142.65 15.594 10 
Velocity Residuals  	 - 	 2 0.000377839 1.77554e-15 461305 4 
0.0486263 4.99744e-05 2 0 2 262144 37.8569 6.80689e+06

Pressure Residuals  	 - 	 2 48218.4 201.058 15.4862 10 
Velocity Residuals  	 - 	 2 0.000378108 1.76216e-15 463217 4 
0.0486763 4.99744e-05 2 0 2 262144 37.8997 6.80612e+06

Pressure Residuals  	 - 	 2 50969.1 186.617 16.5264 10 
Velocity Residuals  	 - 	 2 0.000378372 1.77467e-15 461744 4 
0.0487263 4.99744e-05 2 0 2 262144 37.9415 6.80552e+06

Pressure Residuals  	 - 	 2 49064.7 154.261 17.8343 10 
Velocity Residuals  	 - 	 2 0.000378632 1.75992e-15 463833 4 
0.0487762 4.99744e-05 2 0 2 262144 37.9832 6.80496e+06

Pressure Residuals  	 - 	 2 43479.1 114.689 19.4706 10 
Velocity Residuals  	 - 	 2 0.000378888 1.7649e-15 463335 4 
0.0488262 4.99744e-05 2 0 2 262144 38.0256 6.80426e+06

Pressure Residuals  	 - 	 2 39330.1 93.7162 20.4859 10 
Velocity Residuals  	 - 	 2 0.00037914 1.73176e-15 467904 4 
0.0488762 4.99744e-05 2 0 2 262144 38.0675 6.80367e+06

Pressure Residuals  	 - 	 2 33682.8 68.4422 22.1841 10 
Velocity Residuals  	 - 	 2 0.000379389 1.7727e-15 462620 4 
0.0489262 4.99744e-05 2 0 2 262144 38.1102 6.80292e+06

Pressure Residuals  	 - 	 2 31016.9 58.139 23.0975 10 
Velocity Residuals  	 - 	 2 0.000379634 1.7266e-15 468907 4 
0.0489761 4.99744e-05 2 0 2 262144 38.1527 6.80222e+06

Pressure Residuals  	 - 	 2 27081.6 40.9671 25.711 10 
Velocity Residuals  	 - 	 2 0.000379877 1.72384e-15 469432 4 
0.0490261 4.99744e-05 2 0 2 262144 38.1944 6.80164e+06

Pressure Residuals  	 - 	 2 25035 36.4571 26.2049 10 
Velocity Residuals  	 - 	 2 0.000380116 1.74415e-15 466838 4 
0.0490761 4.99744e-05 2 0 2 262144 38.2352 6.80124e+06

Pressure Residuals  	 - 	 2 21767.6 24.232 29.9716 10 
Velocity Residuals  	 - 	 2 0.000380353 1.73887e-15 467692 4 
0.0491261 4.99744e-05 2 0 2 262144 38.2762 6.80081e+06

Pressure Residuals  	 - 	 2 50200 299.933 12.9372 10 
Velocity Residuals  	 - 	 2 0.000380587 1.77422e-15 463152 4 
0.049176 4.99744e-05 2 0 2 262144 38.3185 6.80013e+06

Pressure Residuals  	 - 	 2 28888.2 105.81 16.5233 10 
Velocity Residuals  	 - 	 2 0.000380828 1.77226e-15 463554 4 
0.049226 4.99744e-05 2 0 2 262144 38.3603 6.79956e+06

Pressure Residuals  	 - 	 2 24807.5 46.7428 23.0375 10 
Velocity Residuals  	 - 	 2 0.000381063 1.76919e-15 464100 4 
0.049276 4.99744e-05 2 0 2 262144 38.4028 6.79886e+06

Pressure Residuals  	 - 	 2 20831.8 32.0069 25.5118 10 
Velocity Residuals  	 - 	 2 0.000381299 1.72206e-15 470554 4 
0.049326 4.99744e-05 2 0 2 262144 38.4446 6.79829e+06

Pressure Residuals  	 - 	 2 18411.4 21.9586 28.9561 10 
Velocity Residuals  	 - 	 2 0.000381533 1.76254e-15 465261 4 
0.0493759 4.99744e-05 2 0 2 262144 38.4863 6.79773e+06

Pressure Residuals  	 - 	 2 14942 20.299 27.1311 10 
Velocity Residuals  	 - 	 2 0.000381764 1.77394e-15 463904 4 
0.0494259 4.99744e-05 2 0 2 262144 38.5286 6.79708e+06

Pressure Residuals  	 - 	 2 13340.2 15.4078 29.4246 10 
Velocity Residuals  	 - 	 2 0.000381994 1.76193e-15 465622 4 
0.0494759 4.99744e-05 2 0 2 262144 38.5702 6.79654e+06

Pressure Residuals  	 - 	 2 10728.5 15.3627 26.4263 10 
Velocity Residuals  	 - 	 2 0.000382221 1.77573e-15 463947 4 
0.0495259 4.99744e-05 2 0 2 262144 38.6129 6.79582e+06

Pressure Residuals  	 - 	 2 35223.5 111.781 17.7514 10 
Velocity Residuals  	 - 	 2 0.000382445 1.74082e-15 468714 4 
0.0495758 4.99744e-05 2 0 2 262144 38.6553 6.79515e+06

Pressure Residuals  	 - 	 2 25103.9 43.9827 23.8907 10 
Velocity Residuals  	 - 	 2 0.000382658 1.76384e-15 465774 4 
0.0496258 4.99744e-05 2 0 2 262144 38.697 6.79459e+06

Pressure Residuals  	 - 	 2 20355.7 31.0563 25.6017 10 
Velocity Residuals  	 - 	 2 0.000382869 1.76953e-15 465153 4 
0.0496758 4.99744e-05 2 0 2 262144 38.7398 6.79386e+06

Pressure Residuals  	 - 	 2 17119.5 22.216 27.7595 10 
Velocity Residuals  	 - 	 2 0.000383076 1.77629e-15 464393 4 
0.0497258 4.99744e-05 2 0 2 262144 38.7821 6.7932e+06

Pressure Residuals  	 - 	 2 15182.8 20.5015 27.2134 10 
Velocity Residuals  	 - 	 2 0.00038328 1.7394e-15 469416 4 
0.0497757 4.99744e-05 2 0 2 262144 38.8238 6.79266e+06

Pressure Residuals  	 - 	 2 21273.8 39.3962 23.2378 10 
Velocity Residuals  	 - 	 2 0.00038348 1.74875e-15 468281 4 
0.0498257 4.99744e-05 2 0 2 262144 38.8662 6.792e+06

Pressure Residuals  	 - 	 2 13984.8 39.7148 18.7651 10 
Velocity Residuals  	 - 	 2 0.000383679 1.76889e-15 465729 4 
0.0498757 4.99744e-05 2 0 2 262144 38.9077 6.79148e+06

Pressure Residuals  	 - 	 2 11323.2 24.5464 21.4778 10 
Velocity Residuals  	 - 	 2 0.000383872 1.77044e-15 465642 4 
0.0499257 4.99744e-05 2 0 2 262144 38.9492 6.79099e+06

Pressure Residuals  	 - 	 2 9450.53 19.0139 22.2942 10 
Velocity Residuals  	 - 	 2 0.000384062 1.74078e-15 469708 4 
0.0499756 4.99744e-05 2 0 2 262144 38.9915 6.79033e+06

Pressure Residuals  	 - 	 2 217702 75.4865 53.7027 10 
Velocity Residuals  	 - 	 2 0.000384249 1.74659e-15 469042 4 
0.0500256 4.99744e-05 2 0 2 262144 39.033 6.78983e+06

Pressure Residuals  	 - 	 2 699326 316.642 46.9954 10 
Velocity Residuals  	 - 	 2 0.000384374 1.73974e-15 470039 4 
0.0500756 4.99744e-05 2 0 2 262144 39.0745 6.78933e+06

Pressure Residuals  	 - 	 2 548257 866.804 25.1496 9 
Velocity Residuals  	 - 	 2 0.000384339 1.73244e-15 471007 4 
0.0501256 4.99744e-05 2 0 2 262144 39.1149 6.78903e+06

Pressure Residuals  	 - 	 2 267564 714.084 19.3571 9 
Velocity Residuals  	 - 	 2 0.000384307 1.7378e-15 470261 4 
0.0501755 4.99744e-05 2 0 2 262144 39.1552 6.78872e+06

Pressure Residuals  	 - 	 2 169132 394 20.7188 9 
Velocity Residuals  	 - 	 2 0.000384281 1.75787e-15 467553 4 
0.0502255 4.99744e-05 2 0 2 262144 39.1963 6.7883e+06

Pressure Residuals  	 - 	 2 249054 114.921 46.553 9 
Velocity Residuals  	 - 	 2 0.000384282 1.77505e-15 465286 4 
0.0502755 4.99744e-05 2 0 2 262144 39.2358 6.78815e+06

Pressure Residuals  	 - 	 2 178593 39.8247 66.9663 9 
Velocity Residuals  	 - 	 2 0.000384274 1.76756e-15 466266 4 
0.0503255 4.99744e-05 2 0 2 262144 39.2753 6.788e+06

Pressure Residuals  	 - 	 2 232061 196.353 34.3781 9 
Velocity Residuals  	 - 	 2 0.000384283 1.7622e-15 466980 4 
0.0503754 4.99744e-05 2 0 2 262144 39.3159 6.78764e+06

Pressure Residuals  	 - 	 2 163331 96.3514 41.1723 9 
Velocity Residuals  	 - 	 2 0.000384283 1.74326e-15 469510 4 
0.0504254 4.99744e-05 2 0 2 262144 39.3563 6.78735e+06

Pressure Residuals  	 - 	 2 199810 139.399 37.8599 9 
Velocity Residuals  	 - 	 2 0.000384296 1.7629e-15 466896 4 
0.0504754 4.99744e-05 2 0 2 262144 39.3973 6.78694e+06

Pressure Residuals  	 - 	 2 136207 97.3607 37.4032 9 
Velocity Residuals  	 - 	 2 0.000384303 1.72197e-15 472416 4 
0.0505253 4.99744e-05 2 0 2 262144 39.4383 6.78652e+06

Pressure Residuals  	 - 	 2 157787 118.23 36.5319 9 
Velocity Residuals  	 - 	 2 0.000384321 1.75596e-15 467831 4 
0.0505753 4.99744e-05 2 0 2 262144 39.4786 6.78623e+06

Pressure Residuals  	 - 	 2 105205 91.4936 33.9096 9 
Velocity Residuals  	 - 	 2 0.000384335 1.76249e-15 466973 4 
0.0506253 4.99744e-05 2 0 2 262144 39.5197 6.78582e+06

Pressure Residuals  	 - 	 2 119283 104.033 33.8612 9 
Velocity Residuals  	 - 	 2 0.000384357 1.77508e-15 465327 4 
0.0506753 4.99744e-05 2 0 2 262144 39.5607 6.78541e+06

Pressure Residuals  	 - 	 2 84687.9 81.2646 32.282 9 
Velocity Residuals  	 - 	 2 0.000384376 1.76686e-15 466419 4 
0.0507252 4.99744e-05 2 0 2 262144 39.601 6.78512e+06

Pressure Residuals  	 - 	 2 88779.4 90.2914 31.3569 9 
Velocity Residuals  	 - 	 2 0.000384402 1.74346e-15 469555 4 
0.0507752 4.99744e-05 2 0 2 262144 39.6422 6.78469e+06

Pressure Residuals  	 - 	 2 68387 70.8611 31.0658 9 
Velocity Residuals  	 - 	 2 0.000384426 1.77429e-15 465472 4 
0.0508252 4.99744e-05 2 0 2 262144 39.6831 6.78429e+06

Pressure Residuals  	 - 	 2 66195.8 77.6216 29.2028 9 
Velocity Residuals  	 - 	 2 0.000384456 1.76616e-15 466560 4 
0.0508752 4.99744e-05 2 0 2 262144 39.7234 6.784e+06

Pressure Residuals  	 - 	 2 55114.2 61.1247 30.0278 9 
Velocity Residuals  	 - 	 2 0.000384484 1.77312e-15 465662 4 
0.0509251 4.99744e-05 2 0 2 262144 39.7645 6.78359e+06

Pressure Residuals  	 - 	 2 49921 66.7266 27.3522 9 
Velocity Residuals  	 - 	 2 0.000384518 1.76673e-15 466523 4 
0.0509751 4.99744e-05 2 0 2 262144 39.8055 6.78319e+06

Pressure Residuals  	 - 	 2 44570.9 51.9249 29.298 9 
Velocity Residuals  	 - 	 2 0.000384551 1.77223e-15 465819 4 
0.0510251 4.99744e-05 2 0 2 262144 39.8459 6.78289e+06

Pressure Residuals  	 - 	 2 39345.5 57.0033 26.2723 9 
Velocity Residuals  	 - 	 2 0.000384588 1.77228e-15 465834 4 
0.0510751 4.99744e-05 2 0 2 262144 39.8869 6.78249e+06

Pressure Residuals  	 - 	 2 36247.2 43.7966 28.7685 9 
Velocity Residuals  	 - 	 2 0.000384625 1.76551e-15 466750 4 
0.051125 4.99744e-05 2 0 2 262144 39.9274 6.78218e+06

Pressure Residuals  	 - 	 2 32043.3 48.7606 25.6351 9 
Velocity Residuals  	 - 	 2 0.000384666 1.76622e-15 466681 4 
0.051175 4.99744e-05 2 0 2 262144 39.9678 6.78189e+06

Pressure Residuals  	 - 	 2 29641.5 35.8364 28.7599 9 
Velocity Residuals  	 - 	 2 0.000384706 1.76001e-15 467528 4 
0.051225 4.99744e-05 2 0 2 262144 40.009 6.78145e+06

Pressure Residuals  	 - 	 2 176658 394.992 21.1482 9 
Velocity Residuals  	 - 	 2 0.000384751 1.77012e-15 466218 4 
0.051275 4.99744e-05 2 0 2 262144 40.0493 6.78118e+06

Pressure Residuals  	 - 	 2 299877 427.099 26.4977 9 
Velocity Residuals  	 - 	 2 0.000384855 1.77414e-15 465751 4 
0.0513249 4.99744e-05 2 0 2 262144 40.09 6.78083e+06

Pressure Residuals  	 - 	 2 216029 368.209 24.2219 9 
Velocity Residuals  	 - 	 2 0.000384996 1.75665e-15 468151 4 
0.0513749 4.99744e-05 2 0 2 262144 40.131 6.78043e+06

Pressure Residuals  	 - 	 2 136923 310.749 20.991 9 
Velocity Residuals  	 - 	 2 0.000385121 1.76097e-15 467652 4 
0.0514249 4.99744e-05 2 0 2 262144 40.1714 6.78014e+06

Pressure Residuals  	 - 	 2 60464.6 258.642 15.2898 9 
Velocity Residuals  	 - 	 2 0.00038525 1.76265e-15 467507 4 
0.0514749 4.99744e-05 2 0 2 262144 40.2114 6.77991e+06

Pressure Residuals  	 - 	 2 39517.7 132.237 17.287 9 
Velocity Residuals  	 - 	 2 0.000385375 1.76484e-15 467292 4 
0.0515248 4.99744e-05 2 0 2 262144 40.2509 6.77977e+06

Pressure Residuals  	 - 	 2 35637.3 85.1521 20.4576 9 
Velocity Residuals  	 - 	 2 0.000385505 1.76735e-15 467039 4 
0.0515748 4.99744e-05 2 0 2 262144 40.291 6.77953e+06

Pressure Residuals  	 - 	 2 48126.2 68.2323 26.558 9 
Velocity Residuals  	 - 	 2 0.000385635 1.76717e-15 467142 4 
0.0516248 4.99744e-05 2 0 2 262144 40.3321 6.77913e+06

Pressure Residuals  	 - 	 2 59549.2 119.074 22.363 9 
Velocity Residuals  	 - 	 2 0.00038577 1.76669e-15 467287 4 
0.0516748 4.99744e-05 2 0 2 262144 40.3725 6.77882e+06

Pressure Residuals  	 - 	 2 58500.7 146.228 20.0016 9 
Velocity Residuals  	 - 	 2 0.000385906 1.77062e-15 466850 4 
0.0517247 4.99744e-05 2 0 2 262144 40.4138 6.77839e+06

Pressure Residuals  	 - 	 2 59583.6 172.754 18.5716 9 
Velocity Residuals  	 - 	 2 0.000386044 1.76902e-15 467145 4 
0.0517747 4.99744e-05 2 0 2 262144 40.4548 6.778e+06

Pressure Residuals  	 - 	 2 54319.3 187.676 17.0127 9 
Velocity Residuals  	 - 	 2 0.000386184 1.76159e-15 468214 4 
0.0518247 4.99744e-05 2 0 2 262144 40.4953 6.7777e+06

Pressure Residuals  	 - 	 2 52025.7 197.806 16.2177 9 
Velocity Residuals  	 - 	 2 0.000386326 1.7719e-15 466936 4 
0.0518747 4.99744e-05 2 0 2 262144 40.5364 6.77729e+06

Pressure Residuals  	 - 	 2 46130.6 205.777 14.9726 9 
Velocity Residuals  	 - 	 2 0.00038647 1.77194e-15 467018 4 
0.0519246 4.99744e-05 2 0 2 262144 40.5775 6.77689e+06

Pressure Residuals  	 - 	 2 43126.5 205.858 14.474 9 
Velocity Residuals  	 - 	 2 0.000386614 1.76134e-15 468508 4 
0.0519746 4.99744e-05 2 0 2 262144 40.6178 6.77662e+06

Pressure Residuals  	 - 	 2 38005.3 212.002 13.3891 9 
Velocity Residuals  	 - 	 2 0.000386761 1.77304e-15 467049 4 
0.0520246 4.99744e-05 2 0 2 262144 40.6587 6.77624e+06

Pressure Residuals  	 - 	 2 38182.1 230.921 12.8587 9 
Velocity Residuals  	 - 	 2 0.000386907 1.7447e-15 470915 4 
0.0520746 4.99744e-05 2 0 2 262144 40.6997 6.77586e+06

Pressure Residuals  	 - 	 2 34605.7 246.107 11.858 9 
Velocity Residuals  	 - 	 2 0.000387054 1.76839e-15 467839 4 
0.0521245 4.99744e-05 2 0 2 262144 40.7401 6.77558e+06

Pressure Residuals  	 - 	 2 31649 235.54 11.5917 9 
Velocity Residuals  	 - 	 2 0.0003872 1.77144e-15 467525 4 
0.0521745 4.99744e-05 2 0 2 262144 40.7813 6.77516e+06

Pressure Residuals  	 - 	 2 26767.2 231.884 10.744 9 
Velocity Residuals  	 - 	 2 0.000387347 1.76786e-15 468086 4 
0.0522245 4.99744e-05 2 0 2 262144 40.8223 6.77477e+06

Pressure Residuals  	 - 	 2 24136.6 214.897 10.598 9 
Velocity Residuals  	 - 	 2 0.000387494 1.76376e-15 468719 4 
0.0522745 4.99744e-05 2 0 2 262144 40.8627 6.7745e+06

Pressure Residuals  	 - 	 2 20166.9 210.563 9.78652 9 
Velocity Residuals  	 - 	 2 0.000387641 1.7741e-15 467440 4 
0.0523244 4.99744e-05 2 0 2 262144 40.9038 6.77409e+06

Pressure Residuals  	 - 	 2 18382.1 193.788 9.73945 9 
Velocity Residuals  	 - 	 2 0.000387788 1.72584e-15 474021 4 
0.0523744 4.99744e-05 2 0 2 262144 40.9447 6.77372e+06

Pressure Residuals  	 - 	 2 15298.9 191.288 8.94305 9 
Velocity Residuals  	 - 	 2 0.000387935 1.76163e-15 469269 4 
0.0524244 4.99744e-05 2 0 2 262144 40.9851 6.77346e+06

Pressure Residuals  	 - 	 2 14195 175.8 8.98582 9 
Velocity Residuals  	 - 	 2 0.000388082 1.77505e-15 467580 4 
0.0524744 4.99744e-05 2 0 2 262144 41.0261 6.77308e+06

Pressure Residuals  	 - 	 2 11777.9 175.258 8.19775 9 
Velocity Residuals  	 - 	 2 0.000388229 1.7644e-15 469079 4 
0.0525243 4.99744e-05 2 0 2 262144 41.0664 6.77281e+06

Pressure Residuals  	 - 	 2 11157.6 160.922 8.3268 9 
Velocity Residuals  	 - 	 2 0.000388375 1.76275e-15 469386 4 
0.0525743 4.99744e-05 2 0 2 262144 41.1066 6.77257e+06

Pressure Residuals  	 - 	 2 9475.63 162.266 7.64169 9 
Velocity Residuals  	 - 	 2 0.000388522 1.77618e-15 467696 4 
0.0526243 4.99744e-05 2 0 2 262144 41.148 6.77212e+06

Pressure Residuals  	 - 	 2 9064.27 149.129 7.79625 9 
Velocity Residuals  	 - 	 2 0.000388668 1.74925e-15 471372 4 
0.0526742 4.99744e-05 2 0 2 262144 41.1884 6.77185e+06

Pressure Residuals  	 - 	 2 8973.68 151.985 7.68396 9 
Velocity Residuals  	 - 	 2 0.000388814 1.76299e-15 469620 4 
0.0527242 4.99744e-05 2 0 2 262144 41.2287 6.77158e+06

Pressure Residuals  	 - 	 2 39791.3 644.452 7.85776 10 
Velocity Residuals  	 - 	 2 0.00038896 1.74346e-15 472331 4 
0.0527742 4.99744e-05 2 0 2 262144 41.2699 6.77118e+06

Pressure Residuals  	 - 	 2 23339.9 342.881 8.25046 10 
Velocity Residuals  	 - 	 2 0.000389078 1.76037e-15 470128 4 
0.0528242 4.99744e-05 2 0 2 262144 41.3121 6.77059e+06

Pressure Residuals  	 - 	 2 14747.5 231.6 7.97975 10 
Velocity Residuals  	 - 	 2 0.000389247 1.77325e-15 468520 4 
0.0528741 4.99744e-05 2 0 2 262144 41.3539 6.7701e+06

Pressure Residuals  	 - 	 2 12303.4 188.647 8.07585 10 
Velocity Residuals  	 - 	 2 0.000389403 1.76598e-15 469577 4 
0.0529241 4.99744e-05 2 0 2 262144 41.3962 6.7695e+06

Pressure Residuals  	 - 	 2 11255.2 149.966 8.66324 10 
Velocity Residuals  	 - 	 2 0.000389557 1.77634e-15 468299 4 
0.0529741 4.99744e-05 2 0 2 262144 41.4381 6.76899e+06

Pressure Residuals  	 - 	 2 8882.66 134.611 8.12328 10 
Velocity Residuals  	 - 	 2 0.000389713 1.76741e-15 469574 4 
0.0530241 4.99744e-05 2 0 2 262144 41.4799 6.76849e+06

Pressure Residuals  	 - 	 2 8247.83 111.675 8.59394 10 
Velocity Residuals  	 - 	 2 0.000389867 1.75225e-15 471694 4 
0.053074 4.99744e-05 2 0 2 262144 41.5224 6.76788e+06

Pressure Residuals  	 - 	 2 8073.16 105.614 8.74301 10 
Velocity Residuals  	 - 	 2 0.000390023 1.74365e-15 472950 4 
0.053124 4.99744e-05 2 0 2 262144 41.5641 6.76738e+06

Pressure Residuals  	 - 	 2 7357.73 89.915 9.04598 10 
Velocity Residuals  	 - 	 2 0.000390178 1.73881e-15 473703 4 
0.053174 4.99744e-05 2 0 2 262144 41.6067 6.76676e+06

Pressure Residuals  	 - 	 2 7351.35 87.9105 9.14457 10 
Velocity Residuals  	 - 	 2 0.000390334 1.73548e-15 474252 4 
0.053224 4.99744e-05 2 0 2 262144 41.6491 6.76617e+06

Pressure Residuals  	 - 	 2 30644.7 17.6778 41.6354 10 
Velocity Residuals  	 - 	 2 0.00039049 1.76173e-15 470798 4 
0.0532739 4.99744e-05 2 0 2 262144 41.6909 6.76567e+06

Pressure Residuals  	 - 	 2 16061.6 121.189 11.5123 10 
Velocity Residuals  	 - 	 2 0.000390652 1.74246e-15 473493 4 
0.0533239 4.99744e-05 2 0 2 262144 41.7336 6.76503e+06

Pressure Residuals  	 - 	 2 10741 103.999 10.1627 10 
Velocity Residuals  	 - 	 2 0.000390803 1.77306e-15 469481 4 
0.0533739 4.99744e-05 2 0 2 262144 41.7759 6.76445e+06

Pressure Residuals  	 - 	 2 7284.57 89.7391 9.00972 10 
Velocity Residuals  	 - 	 2 0.000390962 1.77523e-15 469289 4 
0.0534239 4.99744e-05 2 0 2 262144 41.8177 6.76396e+06

Pressure Residuals  	 - 	 2 6696.34 70.6645 9.7346 10 
Velocity Residuals  	 - 	 2 0.00039112 1.74685e-15 473181 4 
0.0534738 4.99744e-05 2 0 2 262144 41.8603 6.76335e+06

Pressure Residuals  	 - 	 2 6485.89 65.4027 9.95834 10 
Velocity Residuals  	 - 	 2 0.000391279 1.77125e-15 470006 4 
0.0535238 4.99744e-05 2 0 2 262144 41.902 6.76286e+06

Pressure Residuals  	 - 	 2 6134.48 54.1061 10.6479 10 
Velocity Residuals  	 - 	 2 0.000391437 1.77317e-15 469847 4 
0.0535738 4.99744e-05 2 0 2 262144 41.9438 6.76238e+06

Pressure Residuals  	 - 	 2 7653.52 53.0568 12.0105 10 
Velocity Residuals  	 - 	 2 0.000392377 1.7612e-15 472005 4 
0.0536238 4.99744e-05 2 0 2 262144 41.9861 6.76181e+06

Pressure Residuals  	 - 	 2 6038.65 45.4055 11.5323 10 
Velocity Residuals  	 - 	 2 0.000401637 1.76963e-15 476404 4 
0.0536737 4.99744e-05 2 0 2 262144 42.0279 6.76133e+06

Pressure Residuals  	 - 	 2 4897.08 45.8233 10.3377 10 
Velocity Residuals  	 - 	 2 0.000410905 1.77023e-15 481788 4 
0.0537237 4.99744e-05 2 0 2 262144 42.0705 6.76071e+06

Pressure Residuals  	 - 	 2 27551.8 25.0379 33.1723 10 
Velocity Residuals  	 - 	 2 0.000420315 1.773e-15 486892 4 
0.0537737 4.99744e-05 2 0 2 262144 42.1129 6.76013e+06

Pressure Residuals  	 - 	 2 18028.8 17.8602 31.7717 10 
Velocity Residuals  	 - 	 2 0.000429856 1.74027e-15 496997 4 
0.0538237 4.99744e-05 2 0 2 262144 42.1548 6.75962e+06

Pressure Residuals  	 - 	 2 13057.9 27.1515 21.9301 10 
Velocity Residuals  	 - 	 2 0.000439386 1.76062e-15 499564 4 
0.0538736 4.99744e-05 2 0 2 262144 42.1966 6.75914e+06

Pressure Residuals  	 - 	 2 299638 3842.94 8.83012 10 
Velocity Residuals  	 - 	 2 0.000451932 1.77261e-15 504928 4 
0.0539236 4.99744e-05 2 0 2 262144 42.2375 6.7588e+06

Pressure Residuals  	 - 	 2 387024 3958.28 9.88816 10 
Velocity Residuals  	 - 	 2 0.000444474 1.77272e-15 500729 4 
0.0539736 4.99744e-05 2 0 2 262144 42.2785 6.75844e+06

Pressure Residuals  	 - 	 2 266868 1033.17 16.0717 10 
Velocity Residuals  	 - 	 2 0.0004399 1.76248e-15 499592 4 
0.0540236 4.99744e-05 2 0 2 262144 42.321 6.75786e+06

Pressure Residuals  	 - 	 2 179043 690.232 16.1058 10 
Velocity Residuals  	 - 	 2 0.000410892 1.76516e-15 482471 4 
0.0540735 4.99744e-05 2 0 2 262144 42.3627 6.75739e+06

Pressure Residuals  	 - 	 2 110527 1106.96 9.99236 10 
Velocity Residuals  	 - 	 2 0.000392689 1.77552e-15 470286 4 
0.0541235 4.99744e-05 2 0 2 262144 42.4053 6.75678e+06

Pressure Residuals  	 - 	 2 137502 790.563 13.1882 10 
Velocity Residuals  	 - 	 2 0.000392754 1.77478e-15 470422 4 
0.0541735 4.99744e-05 2 0 2 262144 42.4471 6.7563e+06

Pressure Residuals  	 - 	 2 103709 619.237 12.9414 10 
Velocity Residuals  	 - 	 2 0.000392799 1.76115e-15 472267 4 
0.0542235 4.99744e-05 2 0 2 262144 42.4891 6.7558e+06

Pressure Residuals  	 - 	 2 127543 364.524 18.7053 10 
Velocity Residuals  	 - 	 2 0.000392855 1.76914e-15 471232 4 
0.0542734 4.99744e-05 2 0 2 262144 42.5316 6.75521e+06

Pressure Residuals  	 - 	 2 82231.2 224.943 19.1197 10 
Velocity Residuals  	 - 	 2 0.000392908 1.75314e-15 473409 4 
0.0543234 4.99744e-05 2 0 2 262144 42.5734 6.75473e+06

Pressure Residuals  	 - 	 2 113238 159.59 26.6375 10 
Velocity Residuals  	 - 	 2 0.000392966 1.76147e-15 472323 4 
0.0543734 4.99744e-05 2 0 2 262144 42.616 6.75414e+06

Pressure Residuals  	 - 	 2 68893.5 100.985 26.1192 10 
Velocity Residuals  	 - 	 2 0.000393026 1.74763e-15 474227 4 
0.0544234 4.99744e-05 2 0 2 262144 42.6578 6.75366e+06

Pressure Residuals  	 - 	 2 94268 103.722 30.1472 10 
Velocity Residuals  	 - 	 2 0.000393086 1.77159e-15 471045 4 
0.0544733 4.99744e-05 2 0 2 262144 42.6996 6.75319e+06

Pressure Residuals  	 - 	 2 58676.8 53.5165 33.1123 10 
Velocity Residuals  	 - 	 2 0.00039315 1.77525e-15 470597 4 
0.0545233 4.99744e-05 2 0 2 262144 42.7421 6.7526e+06

Pressure Residuals  	 - 	 2 421957 1901.25 14.8975 10 
Velocity Residuals  	 - 	 2 0.000393214 1.77574e-15 470570 4 
0.0545733 4.99744e-05 2 0 2 262144 42.7861 6.75178e+06

Pressure Residuals  	 - 	 2 599911 2058.64 17.0708 10 
Velocity Residuals  	 - 	 2 0.000393417 1.75892e-15 472938 4 
0.0546233 4.99744e-05 2 0 2 262144 42.829 6.75115e+06

Pressure Residuals  	 - 	 2 338872 226.327 38.6945 10 
Velocity Residuals  	 - 	 2 0.000393577 1.7726e-15 471204 4 
0.0546732 4.99744e-05 2 0 2 262144 42.8707 6.75069e+06

Pressure Residuals  	 - 	 2 143049 482.512 17.2182 10 
Velocity Residuals  	 - 	 2 0.000393662 1.77174e-15 471370 4 
0.0547232 4.99744e-05 2 0 2 262144 42.9126 6.75021e+06

Pressure Residuals  	 - 	 2 71661.9 597.71 10.9496 10 
Velocity Residuals  	 - 	 2 0.000393795 1.77582e-15 470908 4 
0.0547732 4.99744e-05 2 0 2 262144 42.9551 6.74963e+06

Pressure Residuals  	 - 	 2 60426.7 454.938 11.5249 10 
Velocity Residuals  	 - 	 2 0.000393939 1.71629e-15 479093 4 
0.0548231 4.99744e-05 2 0 2 262144 42.997 6.74915e+06

Pressure Residuals  	 - 	 2 66543.3 352.65 13.7366 10 
Velocity Residuals  	 - 	 2 0.000394089 1.75358e-15 474061 4 
0.0548731 4.99744e-05 2 0 2 262144 43.0399 6.74852e+06

Pressure Residuals  	 - 	 2 70292.6 236.678 17.2336 10 
Velocity Residuals  	 - 	 2 0.000394237 1.77064e-15 471860 4 
0.0549231 4.99744e-05 2 0 2 262144 43.0825 6.74793e+06

Pressure Residuals  	 - 	 2 71419.2 172.324 20.358 10 
Velocity Residuals  	 - 	 2 0.000394385 1.73462e-15 476824 4 
0.0549731 4.99744e-05 2 0 2 262144 43.1243 6.74746e+06

Pressure Residuals  	 - 	 2 64206.5 114.004 23.7318 10 
Velocity Residuals  	 - 	 2 0.000394533 1.77351e-15 471656 4 
0.055023 4.99744e-05 2 0 2 262144 43.1671 6.74684e+06

Pressure Residuals  	 - 	 2 59081.1 81.3709 26.9457 10 
Velocity Residuals  	 - 	 2 0.000394681 1.76385e-15 473034 4 
0.055073 4.99744e-05 2 0 2 262144 43.2092 6.74635e+06

Pressure Residuals  	 - 	 2 50897.1 56.5065 30.0122 10 
Velocity Residuals  	 - 	 2 0.000394829 1.77269e-15 471941 4 
0.055123 4.99744e-05 2 0 2 262144 43.2502 6.74601e+06

Pressure Residuals  	 - 	 2 45339.6 41.2786 33.1418 10 
Velocity Residuals  	 - 	 2 0.000394976 1.74995e-15 475087 4 
0.055173 4.99744e-05 2 0 2 262144 43.2918 6.74559e+06

Pressure Residuals  	 - 	 2 38501.9 29.4232 36.174 10 
Velocity Residuals  	 - 	 2 0.000395123 1.77449e-15 471878 4 
0.0552229 4.99744e-05 2 0 2 262144 43.3336 6.74513e+06

Pressure Residuals  	 - 	 2 33895.8 23.5438 37.9432 10 
Velocity Residuals  	 - 	 2 0.000395269 1.74402e-15 476070 4 
0.0552729 4.99744e-05 2 0 2 262144 43.3754 6.74467e+06

Pressure Residuals  	 - 	 2 28661.3 19.4999 38.3383 10 
Velocity Residuals  	 - 	 2 0.000395415 1.7635e-15 473520 4 
0.0553229 4.99744e-05 2 0 2 262144 43.4186 6.74399e+06

Pressure Residuals  	 - 	 2 25145.6 16.7371 38.7607 10 
Velocity Residuals  	 - 	 2 0.000395559 1.77143e-15 472545 4 
0.0553729 4.99744e-05 2 0 2 262144 43.4604 6.74354e+06

Pressure Residuals  	 - 	 2 21266.4 13.8143 39.2358 10 
Velocity Residuals  	 - 	 2 0.000395703 1.77116e-15 472668 4 
0.0554228 4.99744e-05 2 0 2 262144 43.5022 6.74309e+06

Pressure Residuals  	 - 	 2 18666.1 12.2364 39.0571 10 
Velocity Residuals  	 - 	 2 0.000395846 1.76884e-15 473064 4 
0.0554728 4.99744e-05 2 0 2 262144 43.5447 6.74253e+06

Pressure Residuals  	 - 	 2 15827 9.82612 40.1336 10 
Velocity Residuals  	 - 	 2 0.000395989 1.763e-15 473931 4 
0.0555228 4.99744e-05 2 0 2 262144 43.5865 6.74207e+06

Pressure Residuals  	 - 	 2 14799.3 9.16143 40.1919 10 
Velocity Residuals  	 - 	 2 0.00039613 1.77607e-15 472269 4 
0.0555728 4.99744e-05 2 0 2 262144 43.6291 6.7415e+06

Pressure Residuals  	 - 	 2 14145.4 16.4472 29.3266 10 
Velocity Residuals  	 - 	 2 0.00039627 1.77268e-15 472803 4 
0.0556227 4.99744e-05 2 0 2 262144 43.6709 6.74105e+06

Pressure Residuals  	 - 	 2 13058.2 14.3903 30.1235 10 
Velocity Residuals  	 - 	 2 0.000396408 1.76624e-15 473747 4 
0.0556727 4.99744e-05 2 0 2 262144 43.7127 6.7406e+06

Pressure Residuals  	 - 	 2 12125.8 13.2755 30.2225 10 
Velocity Residuals  	 - 	 2 0.000396546 1.76208e-15 474388 4 
0.0557227 4.99744e-05 2 0 2 262144 43.7551 6.74007e+06

Pressure Residuals  	 - 	 2 11274.2 10.3587 32.9906 10 
Velocity Residuals  	 - 	 2 0.000396681 1.76729e-15 473769 4 
0.0557727 4.99744e-05 2 0 2 262144 43.7969 6.73961e+06

Pressure Residuals  	 - 	 2 10261.5 9.63518 32.6344 10 
Velocity Residuals  	 - 	 2 0.000396816 1.76344e-15 474366 4 
0.0558226 4.99744e-05 2 0 2 262144 43.8396 6.73902e+06

Pressure Residuals  	 - 	 2 9464.45 8.9877 32.4507 10 
Velocity Residuals  	 - 	 2 0.000396948 1.7721e-15 473285 4 
0.0558726 4.99744e-05 2 0 2 262144 43.8821 6.73848e+06

Pressure Residuals  	 - 	 2 8583.59 9.00335 30.8768 10 
Velocity Residuals  	 - 	 2 0.00039708 1.75085e-15 476227 4 
0.0559226 4.99744e-05 2 0 2 262144 43.9239 6.73803e+06

Pressure Residuals  	 - 	 2 7963.43 9.13975 29.5177 10 
Velocity Residuals  	 - 	 2 0.000397209 1.76029e-15 475026 4 
0.0559726 4.99744e-05 2 0 2 262144 43.9666 6.73745e+06

Pressure Residuals  	 - 	 2 8535.88 13.8887 24.7909 10 
Velocity Residuals  	 - 	 2 0.000397337 1.76808e-15 474055 4 
0.0560225 4.99744e-05 2 0 2 262144 44.009 6.73691e+06

Pressure Residuals  	 - 	 2 6683.07 13.9099 21.9192 10 
Velocity Residuals  	 - 	 2 0.000397464 1.76882e-15 474031 4 
0.0560725 4.99744e-05 2 0 2 262144 44.0509 6.73645e+06

Pressure Residuals  	 - 	 2 6303.32 12.7406 22.2429 10 
Velocity Residuals  	 - 	 2 0.000397589 1.77363e-15 473463 4 
0.0561225 4.99744e-05 2 0 2 262144 44.0935 6.73589e+06

Pressure Residuals  	 - 	 2 47669.9 93.9875 22.521 10 
Velocity Residuals  	 - 	 2 0.000397712 1.76596e-15 474563 4 
0.0561725 4.99744e-05 2 0 2 262144 44.1354 6.73545e+06

Pressure Residuals  	 - 	 2 28579.7 21.2193 36.6998 10 
Velocity Residuals  	 - 	 2 0.000397835 1.77551e-15 473358 4 
0.0562224 4.99744e-05 2 0 2 262144 44.1771 6.73501e+06

Pressure Residuals  	 - 	 2 17455.9 8.85277 44.405 10 
Velocity Residuals  	 - 	 2 0.000397961 1.77319e-15 473742 4 
0.0562724 4.99744e-05 2 0 2 262144 44.2181 6.7347e+06

Pressure Residuals  	 - 	 2 11305.9 7.85344 37.9422 10 
Velocity Residuals  	 - 	 2 0.000398084 1.75845e-15 475797 4 
0.0563224 4.99744e-05 2 0 2 262144 44.2591 6.73439e+06

Pressure Residuals  	 - 	 2 7831.37 7.01247 33.4182 10 
Velocity Residuals  	 - 	 2 0.000398206 1.75735e-15 476020 4 
0.0563724 4.99744e-05 2 0 2 262144 44.3009 6.73395e+06

Pressure Residuals  	 - 	 2 6244.52 6.8961 30.0918 10 
Velocity Residuals  	 - 	 2 0.000398327 1.77477e-15 473750 4 
0.0564223 4.99744e-05 2 0 2 262144 44.3427 6.73352e+06

Pressure Residuals  	 - 	 2 5557.93 8.36239 25.7805 10 
Velocity Residuals  	 - 	 2 0.000398446 1.7724e-15 474137 4 
0.0564723 4.99744e-05 2 0 2 262144 44.3843 6.73311e+06

Pressure Residuals  	 - 	 2 5362.46 8.93618 24.4966 10 
Velocity Residuals  	 - 	 2 0.000398564 1.77602e-15 473724 4 
0.0565223 4.99744e-05 2 0 2 262144 44.4266 6.7326e+06

Pressure Residuals  	 - 	 2 6904.26 9.35282 27.1699 10 
Velocity Residuals  	 - 	 2 0.00039868 1.76806e-15 474858 4 
0.0565723 4.99744e-05 2 0 2 262144 44.4682 6.73219e+06

Pressure Residuals  	 - 	 2 5163.43 9.37251 23.4715 10 
Velocity Residuals  	 - 	 2 0.000398794 1.76725e-15 475035 4 
0.0566222 4.99744e-05 2 0 2 262144 44.5105 6.73168e+06

Pressure Residuals  	 - 	 2 6316.02 9.29677 26.0649 10 
Velocity Residuals  	 - 	 2 0.000398907 1.76106e-15 475936 4 
0.0566722 4.99744e-05 2 0 2 262144 44.5521 6.73128e+06

Pressure Residuals  	 - 	 2 5360.85 9.17276 24.175 10 
Velocity Residuals  	 - 	 2 0.000399019 1.77054e-15 474727 4 
0.0567222 4.99744e-05 2 0 2 262144 44.5941 6.73083e+06

Pressure Residuals  	 - 	 2 16188.5 3.06882 72.6302 10 
Velocity Residuals  	 - 	 2 0.000399129 1.77014e-15 474845 4 
0.0567721 4.99744e-05 2 0 2 262144 44.6374 6.73016e+06

Pressure Residuals  	 - 	 2 9205.28 5.83611 39.7152 10 
Velocity Residuals  	 - 	 2 0.000399239 1.7679e-15 475212 4 
0.0568221 4.99744e-05 2 0 2 262144 44.6793 6.72973e+06

Pressure Residuals  	 - 	 2 5971.56 4.12587 38.044 10 
Velocity Residuals  	 - 	 2 0.000399346 1.73093e-15 480324 4 
0.0568721 4.99744e-05 2 0 2 262144 44.7211 6.72929e+06

Pressure Residuals  	 - 	 2 5325.52 6.35099 28.9575 10 
Velocity Residuals  	 - 	 2 0.000399453 1.776e-15 474254 4 
0.0569221 4.99744e-05 2 0 2 262144 44.7645 6.72863e+06

Pressure Residuals  	 - 	 2 5157.33 6.92162 27.2966 10 
Velocity Residuals  	 - 	 2 0.000399558 1.76918e-15 475229 4 
0.056972 4.99744e-05 2 0 2 262144 44.8077 6.72798e+06

Pressure Residuals  	 - 	 2 7281.46 7.66689 30.8177 10 
Velocity Residuals  	 - 	 2 0.000399661 1.75392e-15 477355 4 
0.057022 4.99744e-05 2 0 2 262144 44.8497 6.72753e+06

Pressure Residuals  	 - 	 2 5936.69 7.0224 29.0756 10 
Velocity Residuals  	 - 	 2 0.000399764 1.76672e-15 475683 4 
0.057072 4.99744e-05 2 0 2 262144 44.8922 6.727e+06

Pressure Residuals  	 - 	 2 5606.18 7.51342 27.3158 10 
Velocity Residuals  	 - 	 2 0.000399865 1.77388e-15 474782 4 
0.057122 4.99744e-05 2 0 2 262144 44.9349 6.72645e+06

Pressure Residuals  	 - 	 2 5138.93 6.57825 27.95 10 
Velocity Residuals  	 - 	 2 0.000399964 1.76868e-15 475539 4 
0.0571719 4.99744e-05 2 0 2 262144 44.9777 6.72587e+06

Pressure Residuals  	 - 	 2 4128.49 7.09263 24.1264 10 
Velocity Residuals  	 - 	 2 0.000401276 1.76396e-15 476955 4 
0.0572219 4.99744e-05 2 0 2 262144 45.0204 6.72532e+06

Pressure Residuals  	 - 	 2 4493.37 6.09211 27.1583 10 
Velocity Residuals  	 - 	 2 0.000410301 1.76687e-15 481891 4 
0.0572719 4.99744e-05 2 0 2 262144 45.0622 6.7249e+06

Pressure Residuals  	 - 	 2 7398.23 6.67749 33.2857 10 
Velocity Residuals  	 - 	 2 0.000419333 1.77141e-15 486542 4 
0.0573219 4.99744e-05 2 0 2 262144 45.1044 6.72441e+06

Pressure Residuals  	 - 	 2 5980.52 5.65662 32.5155 10 
Velocity Residuals  	 - 	 2 0.000428403 1.77486e-15 491298 4 
0.0573718 4.99744e-05 2 0 2 262144 45.1461 6.72401e+06

Pressure Residuals  	 - 	 2 8564.98 6.31453 36.8292 10 
Velocity Residuals  	 - 	 2 0.00043748 1.77301e-15 496734 4 
0.0574218 4.99744e-05 2 0 2 262144 45.188 6.72357e+06

Pressure Residuals  	 - 	 2 7197.79 5.26203 36.9848 10 
Velocity Residuals  	 - 	 2 0.000446597 1.75199e-15 504885 4 
0.0574718 4.99744e-05 2 0 2 262144 45.2288 6.72331e+06

Pressure Residuals  	 - 	 2 5468.02 5.99528 30.2002 10 
Velocity Residuals  	 - 	 2 0.000455722 1.75465e-15 509631 4 
0.0575218 4.99744e-05 2 0 2 262144 45.2697 6.72302e+06

Pressure Residuals  	 - 	 2 127449 57.3277 47.1505 10 
Velocity Residuals  	 - 	 2 0.000462233 1.73343e-15 516390 4 
0.0575717 4.99744e-05 2 0 2 262144 45.3118 6.72256e+06

Pressure Residuals  	 - 	 2 592249 281.641 45.8569 10 
Velocity Residuals  	 - 	 2 0.000473781 1.76105e-15 518684 4 
0.0576217 4.99744e-05 2 0 2 262144 45.3536 6.72215e+06

Pressure Residuals  	 - 	 2 379337 416.679 30.1726 10 
Velocity Residuals  	 - 	 2 0.000470048 1.77376e-15 514781 4 
0.0576717 4.99744e-05 2 0 2 262144 45.3958 6.72167e+06

Pressure Residuals  	 - 	 2 172091 368.576 21.608 10 
Velocity Residuals  	 - 	 2 0.000465403 1.75721e-15 514638 4 
0.0577217 4.99744e-05 2 0 2 262144 45.4381 6.72118e+06

Pressure Residuals  	 - 	 2 103181 118.853 29.4641 10 
Velocity Residuals  	 - 	 2 0.000444845 1.6993e-15 511646 4 
0.0577716 4.99744e-05 2 0 2 262144 45.4799 6.72077e+06

Pressure Residuals  	 - 	 2 98651.3 44.5342 47.0657 10 
Velocity Residuals  	 - 	 2 0.000425885 1.77529e-15 489792 4 
0.0578216 4.99744e-05 2 0 2 262144 45.5225 6.72023e+06

Pressure Residuals  	 - 	 2 120398 91.2096 36.3319 10 
Velocity Residuals  	 - 	 2 0.000400714 1.77349e-15 475338 4 
0.0578716 4.99744e-05 2 0 2 262144 45.5644 6.71981e+06

Pressure Residuals  	 - 	 2 109735 45.9395 48.8742 10 
Velocity Residuals  	 - 	 2 0.000400701 1.7393e-15 479979 4 
0.0579216 4.99744e-05 2 0 2 262144 45.6063 6.71939e+06

Pressure Residuals  	 - 	 2 100268 64.9123 39.3022 10 
Velocity Residuals  	 - 	 2 0.000400697 1.75402e-15 477959 4 
0.0579715 4.99744e-05 2 0 2 262144 45.6489 6.71886e+06

Pressure Residuals  	 - 	 2 359276 216.116 40.7728 10 
Velocity Residuals  	 - 	 2 0.000400696 1.74903e-15 478639 4 
0.0580215 4.99744e-05 2 0 2 262144 45.6907 6.71845e+06

Pressure Residuals  	 - 	 2 222504 417.772 23.0781 10 
Velocity Residuals  	 - 	 2 0.000400747 1.76293e-15 476780 4 
0.0580715 4.99744e-05 2 0 2 262144 45.7333 6.71792e+06

Pressure Residuals  	 - 	 2 96299.7 327.592 17.1453 10 
Velocity Residuals  	 - 	 2 0.000400771 1.77622e-15 475007 4 
0.0581215 4.99744e-05 2 0 2 262144 45.7752 6.7175e+06

Pressure Residuals  	 - 	 2 44576.4 171.167 16.1377 10 
Velocity Residuals  	 - 	 2 0.000400803 1.75831e-15 477439 4 
0.0581714 4.99744e-05 2 0 2 262144 45.8172 6.71707e+06

Pressure Residuals  	 - 	 2 41177.8 53.9792 27.6196 10 
Velocity Residuals  	 - 	 2 0.000400835 1.77106e-15 475737 4 
0.0582214 4.99744e-05 2 0 2 262144 45.8597 6.71656e+06

Pressure Residuals  	 - 	 2 38433.2 22.0095 41.7877 10 
Velocity Residuals  	 - 	 2 0.00040087 1.76181e-15 477004 4 
0.0582714 4.99744e-05 2 0 2 262144 45.9018 6.7161e+06

Pressure Residuals  	 - 	 2 34189.3 13.3595 50.5883 10 
Velocity Residuals  	 - 	 2 0.000400905 1.77493e-15 475259 4 
0.0583214 4.99744e-05 2 0 2 262144 45.9429 6.71581e+06

Pressure Residuals  	 - 	 2 35850 9.34506 61.9375 10 
Velocity Residuals  	 - 	 2 0.000400942 1.73604e-15 480575 4 
0.0583713 4.99744e-05 2 0 2 262144 45.9838 6.71552e+06

Pressure Residuals  	 - 	 2 31350.1 14.0574 47.2244 10 
Velocity Residuals  	 - 	 2 0.000400981 1.7553e-15 477954 4 
0.0584213 4.99744e-05 2 0 2 262144 46.0269 6.71493e+06

Pressure Residuals  	 - 	 2 29661.3 19.642 38.86 10 
Velocity Residuals  	 - 	 2 0.000401021 1.7686e-15 476177 4 
0.0584713 4.99744e-05 2 0 2 262144 46.0689 6.71451e+06

Pressure Residuals  	 - 	 2 25191.3 20.443 35.1037 10 
Velocity Residuals  	 - 	 2 0.000401063 1.76526e-15 476652 4 
0.0585213 4.99744e-05 2 0 2 262144 46.1106 6.71411e+06

Pressure Residuals  	 - 	 2 23169.4 23.9536 31.1009 10 
Velocity Residuals  	 - 	 2 0.000401106 1.71715e-15 483310 4 
0.0585712 4.99744e-05 2 0 2 262144 46.1532 6.71361e+06

Pressure Residuals  	 - 	 2 19576.2 27.3587 26.7495 10 
Velocity Residuals  	 - 	 2 0.000401151 1.74717e-15 479166 4 
0.0586212 4.99744e-05 2 0 2 262144 46.195 6.7132e+06

Pressure Residuals  	 - 	 2 17899.6 29.9289 24.4555 10 
Velocity Residuals  	 - 	 2 0.000401197 1.76971e-15 476133 4 
0.0586712 4.99744e-05 2 0 2 262144 46.2359 6.71294e+06

Pressure Residuals  	 - 	 2 15164 33.398 21.3082 10 
Velocity Residuals  	 - 	 2 0.000401246 1.77309e-15 475707 4 
0.0587212 4.99744e-05 2 0 2 262144 46.2768 6.71266e+06

Pressure Residuals  	 - 	 2 16757.4 30.8211 23.3174 10 
Velocity Residuals  	 - 	 2 0.000401295 1.77392e-15 475625 4 
0.0587711 4.99744e-05 2 0 2 262144 46.3191 6.7122e+06

Pressure Residuals  	 - 	 2 19955.4 32.2197 24.8868 10 
Velocity Residuals  	 - 	 2 0.000401345 1.76407e-15 476982 4 
0.0588211 4.99744e-05 2 0 2 262144 46.3608 6.71181e+06

Pressure Residuals  	 - 	 2 20831.4 34.44 24.5939 10 
Velocity Residuals  	 - 	 2 0.000401396 1.75891e-15 477710 4 
0.0588711 4.99744e-05 2 0 2 262144 46.4032 6.71132e+06

Pressure Residuals  	 - 	 2 21510 39.7154 23.2723 10 
Velocity Residuals  	 - 	 2 0.000401447 1.77509e-15 475559 4 
0.058921 4.99744e-05 2 0 2 262144 46.4451 6.71092e+06

Pressure Residuals  	 - 	 2 19681.4 44.3183 21.0735 10 
Velocity Residuals  	 - 	 2 0.000401499 1.77559e-15 475522 4 
0.058971 4.99744e-05 2 0 2 262144 46.4869 6.71052e+06

Pressure Residuals  	 - 	 2 20143.3 48.7267 20.3321 10 
Velocity Residuals  	 - 	 2 0.000401551 1.7678e-15 476600 4 
0.059021 4.99744e-05 2 0 2 262144 46.5308 6.70982e+06

Pressure Residuals  	 - 	 2 15713.6 56.0417 16.7449 10 
Velocity Residuals  	 - 	 2 0.000401604 1.76303e-15 477275 4 
0.059071 4.99744e-05 2 0 2 262144 46.5732 6.70935e+06

Pressure Residuals  	 - 	 2 17010.9 57.3288 17.2257 10 
Velocity Residuals  	 - 	 2 0.000401658 1.7666e-15 476825 4 
0.0591209 4.99744e-05 2 0 2 262144 46.6149 6.70897e+06

Pressure Residuals  	 - 	 2 12643.8 70.1126 13.4289 10 
Velocity Residuals  	 - 	 2 0.000401713 1.75348e-15 478638 4 
0.0591709 4.99744e-05 2 0 2 262144 46.6575 6.70847e+06

Pressure Residuals  	 - 	 2 12342.5 67.5932 13.5129 10 
Velocity Residuals  	 - 	 2 0.00040177 1.77552e-15 475692 4 
0.0592209 4.99744e-05 2 0 2 262144 46.6999 6.70798e+06

Pressure Residuals  	 - 	 2 11758.9 110.949 10.2949 10 
Velocity Residuals  	 - 	 2 0.000401827 1.77572e-15 475699 4 
0.0592709 4.99744e-05 2 0 2 262144 46.7417 6.70759e+06

Pressure Residuals  	 - 	 2 59081.6 615.463 9.79772 10 
Velocity Residuals  	 - 	 2 0.000401887 1.77366e-15 476011 4 
0.0593208 4.99744e-05 2 0 2 262144 46.7845 6.70706e+06

Pressure Residuals  	 - 	 2 38282.2 356.463 10.3631 10 
Velocity Residuals  	 - 	 2 0.00040193 1.77393e-15 475999 4 
0.0593708 4.99744e-05 2 0 2 262144 46.8276 6.70648e+06

Pressure Residuals  	 - 	 2 24409.2 231.014 10.2792 10 
Velocity Residuals  	 - 	 2 0.000402005 1.77475e-15 475935 4 
0.0594208 4.99744e-05 2 0 2 262144 46.8694 6.7061e+06

Pressure Residuals  	 - 	 2 15353.2 171.091 9.47297 10 
Velocity Residuals  	 - 	 2 0.000402075 1.7558e-15 478538 4 
0.0594708 4.99744e-05 2 0 2 262144 46.9115 6.70567e+06

Pressure Residuals  	 - 	 2 9807.28 137.42 8.44791 10 
Velocity Residuals  	 - 	 2 0.000402146 1.77329e-15 476213 4 
0.0595207 4.99744e-05 2 0 2 262144 46.9541 6.70516e+06

Pressure Residuals  	 - 	 2 7269.16 107.005 8.24215 10 
Velocity Residuals  	 - 	 2 0.000402217 1.75367e-15 478913 4 
0.0595707 4.99744e-05 2 0 2 262144 46.9958 6.70479e+06

Pressure Residuals  	 - 	 2 7465.61 96.143 8.81199 10 
Velocity Residuals  	 - 	 2 0.000402292 1.74382e-15 480308 4 
0.0596207 4.99744e-05 2 0 2 262144 47.0385 6.70428e+06

Pressure Residuals  	 - 	 2 7159 78.0422 9.57771 10 
Velocity Residuals  	 - 	 2 0.000402367 1.76701e-15 477190 4 
0.0596707 4.99744e-05 2 0 2 262144 47.0808 6.70382e+06

Pressure Residuals  	 - 	 2 7538.38 74.5517 10.0557 10 
Velocity Residuals  	 - 	 2 0.000402444 1.76696e-15 477242 4 
0.0597206 4.99744e-05 2 0 2 262144 47.1226 6.70344e+06

Pressure Residuals  	 - 	 2 6884.1 61.5427 10.5763 10 
Velocity Residuals  	 - 	 2 0.000402522 1.77606e-15 476065 4 
0.0597706 4.99744e-05 2 0 2 262144 47.1653 6.70293e+06

Pressure Residuals  	 - 	 2 9166.2 61.7911 12.1796 10 
Velocity Residuals  	 - 	 2 0.000402602 1.75445e-15 479035 4 
0.0598206 4.99744e-05 2 0 2 262144 47.2074 6.7025e+06

Pressure Residuals  	 - 	 2 6935.07 51.4673 11.6081 10 
Velocity Residuals  	 - 	 2 0.000402682 1.76827e-15 477207 4 
0.0598706 4.99744e-05 2 0 2 262144 47.2485 6.70223e+06

Pressure Residuals  	 - 	 2 6585.66 53.805 11.0634 10 
Velocity Residuals  	 - 	 2 0.000402765 1.76557e-15 477621 4 
0.0599205 4.99744e-05 2 0 2 262144 47.2899 6.70189e+06

Pressure Residuals  	 - 	 2 6184.65 45.0007 11.7232 10 
Velocity Residuals  	 - 	 2 0.000402849 1.77558e-15 476323 4 
0.0599705 4.99744e-05 2 0 2 262144 47.3322 6.70144e+06

Pressure Residuals  	 - 	 2 6224.87 48.5446 11.3239 10 
Velocity Residuals  	 - 	 2 0.000402934 1.77632e-15 476274 4 
0.0600205 4.99744e-05 2 0 2 262144 47.3741 6.70105e+06

Pressure Residuals  	 - 	 2 5825.28 40.6256 11.9745 10 
Velocity Residuals  	 - 	 2 0.00040302 1.76444e-15 477925 4 
0.0600705 4.99744e-05 2 0 2 262144 47.417 6.70051e+06

Pressure Residuals  	 - 	 2 5869.1 44.8979 11.4333 10 
Velocity Residuals  	 - 	 2 0.000403109 1.73326e-15 482258 4 
0.0601204 4.99744e-05 2 0 2 262144 47.4596 6.70003e+06

Pressure Residuals  	 - 	 2 5474.41 37.3987 12.0987 10 
Velocity Residuals  	 - 	 2 0.000403197 1.77419e-15 476715 4 
0.0601704 4.99744e-05 2 0 2 262144 47.5015 6.69964e+06

Pressure Residuals  	 - 	 2 5527.78 41.995 11.473 10 
Velocity Residuals  	 - 	 2 0.000403288 1.75474e-15 479403 4 
0.0602204 4.99744e-05 2 0 2 262144 47.5441 6.69915e+06

Pressure Residuals  	 - 	 2 5773.53 41.2713 11.8276 10 
Velocity Residuals  	 - 	 2 0.000403379 1.76951e-15 477452 4 
0.0602704 4.99744e-05 2 0 2 262144 47.5865 6.69869e+06

Pressure Residuals  	 - 	 2 11538.7 44.5209 16.0989 10 
Velocity Residuals  	 - 	 2 0.000403472 1.76538e-15 478065 4 
0.0603203 4.99744e-05 2 0 2 262144 47.6282 6.69832e+06

Pressure Residuals  	 - 	 2 7993.89 34.6023 15.1994 10 
Velocity Residuals  	 - 	 2 0.00040357 1.75835e-15 479079 4 
0.0603703 4.99744e-05 2 0 2 262144 47.6706 6.69787e+06

Pressure Residuals  	 - 	 2 5961.72 50.293 10.8876 10 
Velocity Residuals  	 - 	 2 0.000403663 1.71692e-15 484881 4 
0.0604203 4.99744e-05 2 0 2 262144 47.7125 6.69748e+06

Pressure Residuals  	 - 	 2 5656.44 38.8512 12.0662 10 
Velocity Residuals  	 - 	 2 0.000403759 1.77078e-15 477506 4 
0.0604703 4.99744e-05 2 0 2 262144 47.7542 6.69712e+06

Pressure Residuals  	 - 	 2 5439.37 42.2739 11.3433 10 
Velocity Residuals  	 - 	 2 0.000403858 1.75619e-15 479545 4 
0.0605202 4.99744e-05 2 0 2 262144 47.7981 6.69646e+06

Pressure Residuals  	 - 	 2 5634.3 31.3986 13.3957 10 
Velocity Residuals  	 - 	 2 0.000403957 1.77121e-15 477566 4 
0.0605702 4.99744e-05 2 0 2 262144 47.8419 6.6958e+06

Pressure Residuals  	 - 	 2 9532.52 11.2742 29.0778 10 
Velocity Residuals  	 - 	 2 0.000404058 1.77e-15 477788 4 
0.0606202 4.99744e-05 2 0 2 262144 47.8844 6.69534e+06

Pressure Residuals  	 - 	 2 7722.58 5.10592 38.8906 10 
Velocity Residuals  	 - 	 2 0.00040416 1.77007e-15 477839 4 
0.0606702 4.99744e-05 2 0 2 262144 47.9261 6.69497e+06

Pressure Residuals  	 - 	 2 4741.39 43.3449 10.4588 10 
Velocity Residuals  	 - 	 2 0.00040591 1.77362e-15 478392 4 
0.0607201 4.99744e-05 2 0 2 262144 47.9689 6.69447e+06

Pressure Residuals  	 - 	 2 4669.45 40.0912 10.7922 10 
Velocity Residuals  	 - 	 2 0.000415849 1.76939e-15 484793 4 
0.0607701 4.99744e-05 2 0 2 262144 48.0107 6.6941e+06

Pressure Residuals  	 - 	 2 4560.22 40.156 10.6566 10 
Velocity Residuals  	 - 	 2 0.000425813 1.76117e-15 491709 4 
0.0608201 4.99744e-05 2 0 2 262144 48.0525 6.69373e+06

Pressure Residuals  	 - 	 2 5231.27 26.9349 13.9362 10 
Velocity Residuals  	 - 	 2 0.000435837 1.72326e-15 502906 4 
0.06087 4.99744e-05 2 0 2 262144 48.0951 6.69326e+06

Pressure Residuals  	 - 	 2 8722.19 31.8617 16.5454 10 
Velocity Residuals  	 - 	 2 0.00044589 1.77294e-15 501495 4 
0.06092 4.99744e-05 2 0 2 262144 48.1369 6.69289e+06

Pressure Residuals  	 - 	 2 17665.8 23.2089 27.5892 10 
Velocity Residuals  	 - 	 2 0.000456002 1.77263e-15 507194 4 
0.06097 4.99744e-05 2 0 2 262144 48.1794 6.69242e+06

Pressure Residuals  	 - 	 2 27937.7 29.1895 30.9373 10 
Velocity Residuals  	 - 	 2 0.000466142 1.7719e-15 512907 4 
0.06102 4.99744e-05 2 0 2 262144 48.2212 6.69206e+06

Pressure Residuals  	 - 	 2 16506.2 22.6892 26.972 10 
Velocity Residuals  	 - 	 2 0.000476341 1.76728e-15 519166 4 
0.0610699 4.99744e-05 2 0 2 262144 48.263 6.69169e+06

Pressure Residuals  	 - 	 2 21401.5 296.763 8.49213 10 
Velocity Residuals  	 - 	 2 0.00048677 1.74462e-15 528216 4 
0.0611199 4.99744e-05 2 0 2 262144 48.3056 6.69122e+06

Pressure Residuals  	 - 	 2 361498 5618.05 8.02158 10 
Velocity Residuals  	 - 	 2 0.000492724 1.74255e-15 531751 4 
0.0611699 4.99744e-05 2 0 2 262144 48.3475 6.69084e+06

Pressure Residuals  	 - 	 2 350084 3534.71 9.95197 10 
Velocity Residuals  	 - 	 2 0.000500778 1.74229e-15 536120 4 
0.0612199 4.99744e-05 2 0 2 262144 48.3904 6.69034e+06

Pressure Residuals  	 - 	 2 168065 1401.63 10.9502 10 
Velocity Residuals  	 - 	 2 0.000493853 1.77163e-15 527974 4 
0.0612698 4.99744e-05 2 0 2 262144 48.4335 6.68979e+06

Pressure Residuals  	 - 	 2 205994 3845.02 7.31945 10 
Velocity Residuals  	 - 	 2 0.000483823 1.76582e-15 523444 4 
0.0613198 4.99744e-05 2 0 2 262144 48.4754 6.68942e+06

Pressure Residuals  	 - 	 2 141636 1062.31 11.5468 10 
Velocity Residuals  	 - 	 2 0.000460443 1.7643e-15 510861 4 
0.0613698 4.99744e-05 2 0 2 262144 48.5172 6.68906e+06

Pressure Residuals  	 - 	 2 323750 3342.21 9.84211 10 
Velocity Residuals  	 - 	 2 0.000405411 1.76459e-15 479320 4 
0.0614198 4.99744e-05 2 0 2 262144 48.5598 6.68859e+06

Pressure Residuals  	 - 	 2 583289 2760.66 14.5357 10 
Velocity Residuals  	 - 	 2 0.000405599 1.76787e-15 478986 4 
0.0614697 4.99744e-05 2 0 2 262144 48.6017 6.68822e+06

Pressure Residuals  	 - 	 2 315613 112.001 53.0844 10 
Velocity Residuals  	 - 	 2 0.000405744 1.76104e-15 480000 4 
0.0615197 4.99744e-05 2 0 2 262144 48.6444 6.68773e+06

Pressure Residuals  	 - 	 2 127342 542.078 15.3269 10 
Velocity Residuals  	 - 	 2 0.000405706 1.76675e-15 479202 4 
0.0615697 4.99744e-05 2 0 2 262144 48.6868 6.6873e+06

Pressure Residuals  	 - 	 2 84669.2 367.055 15.1879 10 
Velocity Residuals  	 - 	 2 0.00040577 1.76928e-15 478896 4 
0.0616197 4.99744e-05 2 0 2 262144 48.7286 6.68693e+06

Pressure Residuals  	 - 	 2 64209.5 227.586 16.7968 10 
Velocity Residuals  	 - 	 2 0.000405869 1.76818e-15 479104 4 
0.0616696 4.99744e-05 2 0 2 262144 48.7714 6.68644e+06

Pressure Residuals  	 - 	 2 56434.8 112.433 22.404 10 
Velocity Residuals  	 - 	 2 0.000405965 1.77076e-15 478811 4 
0.0617196 4.99744e-05 2 0 2 262144 48.8139 6.68599e+06

Pressure Residuals  	 - 	 2 48899.1 61.6598 28.1611 10 
Velocity Residuals  	 - 	 2 0.000406062 1.76949e-15 479041 4 
0.0617696 4.99744e-05 2 0 2 262144 48.8549 6.68574e+06

Pressure Residuals  	 - 	 2 40858.1 23.5358 41.6653 10 
Velocity Residuals  	 - 	 2 0.000406159 1.77058e-15 478951 4 
0.0618196 4.99744e-05 2 0 2 262144 48.8962 6.68546e+06

Pressure Residuals  	 - 	 2 34217.8 13.3418 50.6428 10 
Velocity Residuals  	 - 	 2 0.000406258 1.7723e-15 478775 4 
0.0618695 4.99744e-05 2 0 2 262144 48.9391 6.68496e+06

Pressure Residuals  	 - 	 2 28069.6 12.0529 48.2584 10 
Velocity Residuals  	 - 	 2 0.000406357 1.74476e-15 482599 4 
0.0619195 4.99744e-05 2 0 2 262144 48.9809 6.6846e+06

Pressure Residuals  	 - 	 2 23253.6 11.7612 44.4651 10 
Velocity Residuals  	 - 	 2 0.000406458 1.74678e-15 482379 4 
0.0619695 4.99744e-05 2 0 2 262144 49.0234 6.68416e+06

Pressure Residuals  	 - 	 2 18973.1 12.2148 39.4119 10 
Velocity Residuals  	 - 	 2 0.000406559 1.77093e-15 479138 4 
0.0620195 4.99744e-05 2 0 2 262144 49.0651 6.68382e+06

Pressure Residuals  	 - 	 2 15659.2 13.8538 33.6202 10 
Velocity Residuals  	 - 	 2 0.000406661 1.76476e-15 480036 4 
0.0620694 4.99744e-05 2 0 2 262144 49.1069 6.68347e+06

Pressure Residuals  	 - 	 2 14190.1 13.8044 32.0616 10 
Velocity Residuals  	 - 	 2 0.000406763 1.76407e-15 480189 4 
0.0621194 4.99744e-05 2 0 2 262144 49.1507 6.68284e+06

Pressure Residuals  	 - 	 2 12681.7 14.2219 29.8614 10 
Velocity Residuals  	 - 	 2 0.000406866 1.76474e-15 480160 4 
0.0621694 4.99744e-05 2 0 2 262144 49.1931 6.68241e+06

Pressure Residuals  	 - 	 2 11558.5 13.932 28.8035 10 
Velocity Residuals  	 - 	 2 0.00040697 1.7517e-15 482004 4 
0.0622194 4.99744e-05 2 0 2 262144 49.2341 6.68218e+06

Pressure Residuals  	 - 	 2 10324.4 13.8546 27.2982 10 
Velocity Residuals  	 - 	 2 0.000407073 1.7635e-15 480450 4 
0.0622693 4.99744e-05 2 0 2 262144 49.275 6.68195e+06

Pressure Residuals  	 - 	 2 9452.96 13.4382 26.5225 10 
Velocity Residuals  	 - 	 2 0.000407177 1.75769e-15 481305 4 
0.0623193 4.99744e-05 2 0 2 262144 49.3188 6.68133e+06

Pressure Residuals  	 - 	 2 8453.9 13.1872 25.3193 10 
Velocity Residuals  	 - 	 2 0.00040728 1.77242e-15 479362 4 
0.0623693 4.99744e-05 2 0 2 262144 49.3613 6.68089e+06

Pressure Residuals  	 - 	 2 67338.2 329.836 14.2883 10 
Velocity Residuals  	 - 	 2 0.000407384 1.75987e-15 481129 4 
0.0624193 4.99744e-05 2 0 2 262144 49.4032 6.68052e+06

Pressure Residuals  	 - 	 2 44475.2 96.3441 21.4855 10 
Velocity Residuals  	 - 	 2 0.000407463 1.76446e-15 480550 4 
0.0624692 4.99744e-05 2 0 2 262144 49.4457 6.68009e+06

Pressure Residuals  	 - 	 2 27442.7 41.7345 25.6428 10 
Velocity Residuals  	 - 	 2 0.000407578 1.7683e-15 480095 4 
0.0625192 4.99744e-05 2 0 2 262144 49.4872 6.67978e+06

Pressure Residuals  	 - 	 2 15900.8 15.6295 31.8961 10 
Velocity Residuals  	 - 	 2 0.000407682 1.76926e-15 480027 4 
0.0625692 4.99744e-05 2 0 2 262144 49.5287 6.67947e+06

Pressure Residuals  	 - 	 2 9539.33 11.4344 28.8836 10 
Velocity Residuals  	 - 	 2 0.000407786 1.76792e-15 480270 4 
0.0626192 4.99744e-05 2 0 2 262144 49.5716 6.67898e+06

Pressure Residuals  	 - 	 2 6574.59 11.2207 24.2061 10 
Velocity Residuals  	 - 	 2 0.000407889 1.70601e-15 488967 4 
0.0626691 4.99744e-05 2 0 2 262144 49.6132 6.67867e+06

Pressure Residuals  	 - 	 2 5832.3 10.8108 23.2269 10 
Velocity Residuals  	 - 	 2 0.000407991 1.76589e-15 480667 4 
0.0627191 4.99744e-05 2 0 2 262144 49.6547 6.67836e+06

Pressure Residuals  	 - 	 2 5973.53 10.7419 23.5816 10 
Velocity Residuals  	 - 	 2 0.000408093 1.77433e-15 479581 4 
0.0627691 4.99744e-05 2 0 2 262144 49.6972 6.67792e+06

Pressure Residuals  	 - 	 2 5066.54 10.7144 21.7456 10 
Velocity Residuals  	 - 	 2 0.000408195 1.74515e-15 483635 4 
0.0628191 4.99744e-05 2 0 2 262144 49.7391 6.67757e+06

Pressure Residuals  	 - 	 2 4662.35 10.9755 20.6106 10 
Velocity Residuals  	 - 	 2 0.000408296 1.77239e-15 479963 4 
0.062869 4.99744e-05 2 0 2 262144 49.7818 6.67711e+06

Pressure Residuals  	 - 	 2 7407.05 10.7575 26.2402 10 
Velocity Residuals  	 - 	 2 0.000408396 1.7739e-15 479817 4 
0.062919 4.99744e-05 2 0 2 262144 49.8243 6.67668e+06

Pressure Residuals  	 - 	 2 10030.3 12.32 28.5332 10 
Velocity Residuals  	 - 	 2 0.000408496 1.77614e-15 479573 4 
0.062969 4.99744e-05 2 0 2 262144 49.8661 6.67634e+06

Pressure Residuals  	 - 	 2 7628.97 11.5221 25.7317 10 
Velocity Residuals  	 - 	 2 0.000408595 1.77486e-15 479805 4 
0.0630189 4.99744e-05 2 0 2 262144 49.907 6.67612e+06

Pressure Residuals  	 - 	 2 4552.51 12.5566 19.041 10 
Velocity Residuals  	 - 	 2 0.000408693 1.77428e-15 479940 4 
0.0630689 4.99744e-05 2 0 2 262144 49.9485 6.67582e+06

Pressure Residuals  	 - 	 2 3906.14 11.5075 18.4239 10 
Velocity Residuals  	 - 	 2 0.000408791 1.77223e-15 480276 4 
0.0631189 4.99744e-05 2 0 2 262144 49.9915 6.67531e+06

Pressure Residuals  	 - 	 2 4234.18 12.2704 18.5761 10 
Velocity Residuals  	 - 	 2 0.000408888 1.7752e-15 479930 4 
0.0631689 4.99744e-05 2 0 2 262144 50.0333 6.67499e+06

Pressure Residuals  	 - 	 2 6158.06 11.1441 23.5071 10 
Velocity Residuals  	 - 	 2 0.000408984 1.77476e-15 480046 4 
0.0632188 4.99744e-05 2 0 2 262144 50.0751 6.67465e+06

Pressure Residuals  	 - 	 2 7344.28 11.7569 24.9936 10 
Velocity Residuals  	 - 	 2 0.000409079 1.76782e-15 481044 4 
0.0632688 4.99744e-05 2 0 2 262144 50.1177 6.67421e+06

Pressure Residuals  	 - 	 2 6313.56 10.6378 24.3619 10 
Velocity Residuals  	 - 	 2 0.000409174 1.77561e-15 480042 4 
0.0633188 4.99744e-05 2 0 2 262144 50.1594 6.67388e+06

Pressure Residuals  	 - 	 2 5521.07 11.167 22.2353 10 
Velocity Residuals  	 - 	 2 0.000409267 1.77265e-15 480498 4 
0.0633688 4.99744e-05 2 0 2 262144 50.201 6.67358e+06

Pressure Residuals  	 - 	 2 9112.25 10.0956 30.0433 10 
Velocity Residuals  	 - 	 2 0.00040936 1.77258e-15 480562 4 
0.0634187 4.99744e-05 2 0 2 262144 50.2419 6.67336e+06

Pressure Residuals  	 - 	 2 8418.9 10.5652 28.2286 10 
Velocity Residuals  	 - 	 2 0.000409451 1.75757e-15 482664 4 
0.0634687 4.99744e-05 2 0 2 262144 50.2828 6.67314e+06

Pressure Residuals  	 - 	 2 5513.78 9.55351 24.0239 10 
Velocity Residuals  	 - 	 2 0.000409543 1.77243e-15 480690 4 
0.0635187 4.99744e-05 2 0 2 262144 50.3262 6.67259e+06

Pressure Residuals  	 - 	 2 5104.5 9.9761 22.6202 10 
Velocity Residuals  	 - 	 2 0.000409632 1.7671e-15 481467 4 
0.0635687 4.99744e-05 2 0 2 262144 50.368 6.67226e+06

Pressure Residuals  	 - 	 2 18855.2 9.03064 45.6937 10 
Velocity Residuals  	 - 	 2 0.000409722 1.77079e-15 481017 4 
0.0636186 4.99744e-05 2 0 2 262144 50.4098 6.67194e+06

Pressure Residuals  	 - 	 2 91224.6 26.7986 58.3445 10 
Velocity Residuals  	 - 	 2 0.00040981 1.77035e-15 481129 4 
0.0636686 4.99744e-05 2 0 2 262144 50.4523 6.67151e+06

Pressure Residuals  	 - 	 2 76633.1 36.4101 45.8773 10 
Velocity Residuals  	 - 	 2 0.000409897 1.76038e-15 482542 4 
0.0637186 4.99744e-05 2 0 2 262144 50.494 6.67119e+06

Pressure Residuals  	 - 	 2 38778 28.6325 36.8013 10 
Velocity Residuals  	 - 	 2 0.000409984 1.75665e-15 483103 4 
0.0637686 4.99744e-05 2 0 2 262144 50.5354 6.67091e+06

Pressure Residuals  	 - 	 2 12773.6 18.0348 26.6134 10 
Velocity Residuals  	 - 	 2 0.00041007 1.7744e-15 480732 4 
0.0638185 4.99744e-05 2 0 2 262144 50.5764 6.67068e+06

Pressure Residuals  	 - 	 2 10195.7 11.1694 30.213 10 
Velocity Residuals  	 - 	 2 0.000410155 1.74654e-15 484602 4 
0.0638685 4.99744e-05 2 0 2 262144 50.6183 6.67035e+06

Pressure Residuals  	 - 	 2 15082.2 7.8563 43.8151 10 
Velocity Residuals  	 - 	 2 0.00041024 1.77182e-15 481181 4 
0.0639185 4.99744e-05 2 0 2 262144 50.66 6.67003e+06

Pressure Residuals  	 - 	 2 15733.7 7.07629 47.1533 10 
Velocity Residuals  	 - 	 2 0.000410324 1.77532e-15 480757 4 
0.0639685 4.99744e-05 2 0 2 262144 50.7016 6.66972e+06

Pressure Residuals  	 - 	 2 14532.8 6.56227 47.0596 10 
Velocity Residuals  	 - 	 2 0.000410407 1.75794e-15 483176 4 
0.0640184 4.99744e-05 2 0 2 262144 50.7447 6.66922e+06

Pressure Residuals  	 - 	 2 12712 7.0265 42.5342 10 
Velocity Residuals  	 - 	 2 0.00041049 1.73336e-15 486638 4 
0.0640684 4.99744e-05 2 0 2 262144 50.7865 6.6689e+06

Pressure Residuals  	 - 	 2 11112.7 6.40687 41.6473 10 
Velocity Residuals  	 - 	 2 0.000410571 1.76152e-15 482781 4 
0.0641184 4.99744e-05 2 0 2 262144 50.8282 6.66858e+06

Pressure Residuals  	 - 	 2 9801.51 6.72088 38.1885 10 
Velocity Residuals  	 - 	 2 0.000410652 1.74699e-15 484833 4 
0.0641684 4.99744e-05 2 0 2 262144 50.8707 6.66816e+06

Pressure Residuals  	 - 	 2 8552.83 6.16412 37.2494 10 
Velocity Residuals  	 - 	 2 0.000417063 1.76311e-15 486364 4 
0.0642183 4.99744e-05 2 0 2 262144 50.9125 6.66784e+06

Pressure Residuals  	 - 	 2 7425.3 6.3632 34.1601 10 
Velocity Residuals  	 - 	 2 0.000427041 1.77585e-15 490379 4 
0.0642683 4.99744e-05 2 0 2 262144 50.9552 6.66739e+06

Pressure Residuals  	 - 	 2 6433.63 5.91035 32.993 10 
Velocity Residuals  	 - 	 2 0.000437036 1.77317e-15 496459 4 
0.0643183 4.99744e-05 2 0 2 262144 50.9968 6.66709e+06

Pressure Residuals  	 - 	 2 5576.03 5.99845 30.489 10 
Velocity Residuals  	 - 	 2 0.000447073 1.75423e-15 504832 4 
0.0643683 4.99744e-05 2 0 2 262144 51.0385 6.66679e+06

Pressure Residuals  	 - 	 2 4841.3 5.66507 29.2333 10 
Velocity Residuals  	 - 	 2 0.000457129 1.75088e-15 510965 4 
0.0644182 4.99744e-05 2 0 2 262144 51.0808 6.6664e+06

Pressure Residuals  	 - 	 2 5848.36 5.65902 32.1474 10 
Velocity Residuals  	 - 	 2 0.000467227 1.76603e-15 514358 4 
0.0644682 4.99744e-05 2 0 2 262144 51.1225 6.66609e+06

Pressure Residuals  	 - 	 2 7968 5.42905 38.3101 10 
Velocity Residuals  	 - 	 2 0.000477343 1.7097e-15 528391 4 
0.0645182 4.99744e-05 2 0 2 262144 51.165 6.66567e+06

Pressure Residuals  	 - 	 2 9472.63 6.2325 38.9856 10 
Velocity Residuals  	 - 	 2 0.000487501 1.77496e-15 524075 4 
0.0645682 4.99744e-05 2 0 2 262144 51.2065 6.66539e+06

Pressure Residuals  	 - 	 2 102679 41.0173 50.0331 10 
Velocity Residuals  	 - 	 2 0.000498795 1.77581e-15 529985 4 
0.0646181 4.99744e-05 2 0 2 262144 51.2475 6.66518e+06

Pressure Residuals  	 - 	 2 460582 193.003 48.8507 10 
Velocity Residuals  	 - 	 2 0.000510619 1.76232e-15 538277 4 
0.0646681 4.99744e-05 2 0 2 262144 51.2887 6.66493e+06

Pressure Residuals  	 - 	 2 353748 352.718 31.6689 10 
Velocity Residuals  	 - 	 2 0.000523725 1.77403e-15 543339 4 
0.0647181 4.99744e-05 2 0 2 262144 51.3321 6.6644e+06

Pressure Residuals  	 - 	 2 150957 282.944 23.0981 10 
Velocity Residuals  	 - 	 2 0.000527131 1.76803e-15 546027 4 
0.0647681 4.99744e-05 2 0 2 262144 51.3739 6.66409e+06

Pressure Residuals  	 - 	 2 89977.3 191.377 21.6831 10 
Velocity Residuals  	 - 	 2 0.000436269 1.72104e-15 503479 4 
0.064818 4.99744e-05 2 0 2 262144 51.4156 6.66378e+06

Pressure Residuals  	 - 	 2 95311.5 56.1594 41.1966 10 
Velocity Residuals  	 - 	 2 0.000411428 1.77497e-15 481450 4 
0.064868 4.99744e-05 2 0 2 262144 51.458 6.66339e+06

Pressure Residuals  	 - 	 2 85974.5 43.9073 44.2503 10 
Velocity Residuals  	 - 	 2 0.000411428 1.77517e-15 481423 4 
0.064918 4.99744e-05 2 0 2 262144 51.4996 6.6631e+06

Pressure Residuals  	 - 	 2 202454 88.2738 47.8902 10 
Velocity Residuals  	 - 	 2 0.000411435 1.76042e-15 483440 4 
0.0649679 4.99744e-05 2 0 2 262144 51.5421 6.66268e+06

Pressure Residuals  	 - 	 2 134385 139.424 31.0461 10 
Velocity Residuals  	 - 	 2 0.000411453 1.76892e-15 482287 4 
0.0650179 4.99744e-05 2 0 2 262144 51.5838 6.66238e+06

Pressure Residuals  	 - 	 2 95860.3 91.2498 32.4118 10 
Velocity Residuals  	 - 	 2 0.000411473 1.77278e-15 481774 4 
0.0650679 4.99744e-05 2 0 2 262144 51.6256 6.66207e+06

Pressure Residuals  	 - 	 2 69870.4 57.3272 34.9113 10 
Velocity Residuals  	 - 	 2 0.000411499 1.77058e-15 482088 4 
0.0651179 4.99744e-05 2 0 2 262144 51.6688 6.66157e+06

Pressure Residuals  	 - 	 2 52938.6 40.9459 35.9568 10 
Velocity Residuals  	 - 	 2 0.000411526 1.7744e-15 481584 4 
0.0651678 4.99744e-05 2 0 2 262144 51.7107 6.66124e+06

Pressure Residuals  	 - 	 2 40075.9 29.4973 36.8596 10 
Velocity Residuals  	 - 	 2 0.000411554 1.7763e-15 481344 4 
0.0652178 4.99744e-05 2 0 2 262144 51.7525 6.66092e+06

Pressure Residuals  	 - 	 2 32937.1 23.3461 37.5609 10 
Velocity Residuals  	 - 	 2 0.000411584 1.77497e-15 481541 4 
0.0652678 4.99744e-05 2 0 2 262144 51.7934 6.66072e+06

Pressure Residuals  	 - 	 2 29920.5 18.8934 39.7951 10 
Velocity Residuals  	 - 	 2 0.000411615 1.75925e-15 483707 4 
0.0653178 4.99744e-05 2 0 2 262144 51.8344 6.66051e+06

Pressure Residuals  	 - 	 2 28060.3 15.9912 41.8896 10 
Velocity Residuals  	 - 	 2 0.000411648 1.76885e-15 482412 4 
0.0653677 4.99744e-05 2 0 2 262144 51.8769 6.66011e+06

Pressure Residuals  	 - 	 2 25496 13.7364 43.0824 10 
Velocity Residuals  	 - 	 2 0.000411683 1.76933e-15 482367 4 
0.0654177 4.99744e-05 2 0 2 262144 51.9188 6.65978e+06

Pressure Residuals  	 - 	 2 64355.5 131.849 22.093 10 
Velocity Residuals  	 - 	 2 0.000411719 1.74709e-15 485448 4 
0.0654677 4.99744e-05 2 0 2 262144 51.9614 6.65937e+06

Pressure Residuals  	 - 	 2 34166.9 61.4887 23.5725 10 
Velocity Residuals  	 - 	 2 0.000411755 1.77495e-15 481644 4 
0.0655177 4.99744e-05 2 0 2 262144 52.0032 6.65905e+06

Pressure Residuals  	 - 	 2 28456 41.052 26.3281 10 
Velocity Residuals  	 - 	 2 0.000411792 1.75456e-15 484456 4 
0.0655676 4.99744e-05 2 0 2 262144 52.045 6.65874e+06

Pressure Residuals  	 - 	 2 24225.2 31.6918 27.6478 10 
Velocity Residuals  	 - 	 2 0.000411829 1.75626e-15 484244 4 
0.0656176 4.99744e-05 2 0 2 262144 52.0875 6.65835e+06

Pressure Residuals  	 - 	 2 20987.1 25.2344 28.839 10 
Velocity Residuals  	 - 	 2 0.000411868 1.76568e-15 482973 4 
0.0656676 4.99744e-05 2 0 2 262144 52.1292 6.65804e+06

Pressure Residuals  	 - 	 2 18293.1 21.7314 29.0135 10 
Velocity Residuals  	 - 	 2 0.000411909 1.7713e-15 482231 4 
0.0657176 4.99744e-05 2 0 2 262144 52.1719 6.65762e+06

Pressure Residuals  	 - 	 2 16143.2 18.5531 29.4976 10 
Velocity Residuals  	 - 	 2 0.000411951 1.76414e-15 483233 4 
0.0657675 4.99744e-05 2 0 2 262144 52.2138 6.6573e+06

Pressure Residuals  	 - 	 2 14350.5 17.4729 28.6583 10 
Velocity Residuals  	 - 	 2 0.000411995 1.76215e-15 483531 4 
0.0658175 4.99744e-05 2 0 2 262144 52.2547 6.65711e+06

Pressure Residuals  	 - 	 2 12865.9 15.8336 28.5057 10 
Velocity Residuals  	 - 	 2 0.000412041 1.76813e-15 482740 4 
0.0658675 4.99744e-05 2 0 2 262144 52.2966 6.65678e+06

Pressure Residuals  	 - 	 2 11654.8 16.2171 26.8081 10 
Velocity Residuals  	 - 	 2 0.000412088 1.77282e-15 482129 4 
0.0659175 4.99744e-05 2 0 2 262144 52.34 6.65627e+06

Pressure Residuals  	 - 	 2 10596.9 15.3474 26.2768 10 
Velocity Residuals  	 - 	 2 0.000412137 1.77522e-15 481831 4 
0.0659674 4.99744e-05 2 0 2 262144 52.3819 6.65595e+06

Pressure Residuals  	 - 	 2 9763.44 16.5321 24.3017 10 
Velocity Residuals  	 - 	 2 0.000412188 1.76037e-15 483889 4 
0.0660174 4.99744e-05 2 0 2 262144 52.4237 6.65564e+06

Pressure Residuals  	 - 	 2 8978.41 16.0018 23.6873 10 
Velocity Residuals  	 - 	 2 0.00041224 1.75761e-15 484299 4 
0.0660674 4.99744e-05 2 0 2 262144 52.467 6.65515e+06

Pressure Residuals  	 - 	 2 8393.8 17.7078 21.772 10 
Velocity Residuals  	 - 	 2 0.000412293 1.77106e-15 482487 4 
0.0661174 4.99744e-05 2 0 2 262144 52.5087 6.65486e+06

Pressure Residuals  	 - 	 2 8227.89 17.264 21.831 10 
Velocity Residuals  	 - 	 2 0.000412349 1.76224e-15 483727 4 
0.0661673 4.99744e-05 2 0 2 262144 52.5504 6.65456e+06

Pressure Residuals  	 - 	 2 10575.4 19.3909 23.3533 10 
Velocity Residuals  	 - 	 2 0.000412406 1.77455e-15 482079 4 
0.0662173 4.99744e-05 2 0 2 262144 52.5929 6.65417e+06

Pressure Residuals  	 - 	 2 7852.78 19.8371 19.8963 10 
Velocity Residuals  	 - 	 2 0.000412464 1.71782e-15 490010 4 
0.0662673 4.99744e-05 2 0 2 262144 52.6347 6.65388e+06

Pressure Residuals  	 - 	 2 6680.9 22.3814 17.2772 10 
Velocity Residuals  	 - 	 2 0.000412524 1.7721e-15 482481 4 
0.0663173 4.99744e-05 2 0 2 262144 52.6774 6.65345e+06

Pressure Residuals  	 - 	 2 6403.89 21.482 17.2657 10 
Velocity Residuals  	 - 	 2 0.000412586 1.75463e-15 484914 4 
0.0663672 4.99744e-05 2 0 2 262144 52.7199 6.65306e+06

Pressure Residuals  	 - 	 2 6339.79 23.5 16.4249 10 
Velocity Residuals  	 - 	 2 0.000412649 1.75986e-15 484230 4 
0.0664172 4.99744e-05 2 0 2 262144 52.7617 6.65276e+06

Pressure Residuals  	 - 	 2 6589.96 22.1601 17.2447 10 
Velocity Residuals  	 - 	 2 0.000412714 1.76899e-15 483016 4 
0.0664672 4.99744e-05 2 0 2 262144 52.8043 6.65236e+06

Pressure Residuals  	 - 	 2 6967.75 24.1874 16.9727 10 
Velocity Residuals  	 - 	 2 0.00041278 1.77232e-15 482601 4 
0.0665172 4.99744e-05 2 0 2 262144 52.846 6.65207e+06

Pressure Residuals  	 - 	 2 7925.02 22.5833 18.733 10 
Velocity Residuals  	 - 	 2 0.000412848 1.7718e-15 482711 4 
0.0665671 4.99744e-05 2 0 2 262144 52.8876 6.65179e+06

Pressure Residuals  	 - 	 2 7833.72 24.6775 17.8169 10 
Velocity Residuals  	 - 	 2 0.000412918 1.77325e-15 482554 4 
0.0666171 4.99744e-05 2 0 2 262144 52.9302 6.65139e+06

Pressure Residuals  	 - 	 2 5357.78 22.8423 15.3152 10 
Velocity Residuals  	 - 	 2 0.000412988 1.77413e-15 482476 4 
0.0666671 4.99744e-05 2 0 2 262144 52.9721 6.65108e+06

Pressure Residuals  	 - 	 2 5300.51 25.0133 14.557 10 
Velocity Residuals  	 - 	 2 0.000413061 1.76198e-15 484180 4 
0.0667171 4.99744e-05 2 0 2 262144 53.0147 6.65068e+06

Pressure Residuals  	 - 	 2 7794.75 22.9581 18.4261 10 
Velocity Residuals  	 - 	 2 0.000413135 1.75282e-15 485486 4 
0.066767 4.99744e-05 2 0 2 262144 53.0568 6.65034e+06

Pressure Residuals  	 - 	 2 6925.14 25.2053 16.5756 10 
Velocity Residuals  	 - 	 2 0.00041321 1.76879e-15 483334 4 
0.066817 4.99744e-05 2 0 2 262144 53.0983 6.65008e+06

Pressure Residuals  	 - 	 2 4683.52 22.9414 14.2882 10 
Velocity Residuals  	 - 	 2 0.000413287 1.75823e-15 484828 4 
0.066867 4.99744e-05 2 0 2 262144 53.1406 6.64971e+06

Pressure Residuals  	 - 	 2 4637.42 25.2608 13.5492 10 
Velocity Residuals  	 - 	 2 0.000413365 1.76911e-15 483381 4 
0.066917 4.99744e-05 2 0 2 262144 53.1828 6.64937e+06

Pressure Residuals  	 - 	 2 6922.15 22.8019 17.4235 10 
Velocity Residuals  	 - 	 2 0.000413445 1.77059e-15 483225 4 
0.0669669 4.99744e-05 2 0 2 262144 53.2236 6.6492e+06

Pressure Residuals  	 - 	 2 9633.51 25.1956 19.5538 10 
Velocity Residuals  	 - 	 2 0.000413526 1.76198e-15 484452 4 
0.0670169 4.99744e-05 2 0 2 262144 53.2644 6.64903e+06

Pressure Residuals  	 - 	 2 8580.44 22.5366 19.5124 10 
Velocity Residuals  	 - 	 2 0.000413608 1.77336e-15 482943 4 
0.0670669 4.99744e-05 2 0 2 262144 53.3074 6.64859e+06

Pressure Residuals  	 - 	 2 8171.59 24.994 18.0815 10 
Velocity Residuals  	 - 	 2 0.000413693 1.77548e-15 482704 4 
0.0671168 4.99744e-05 2 0 2 262144 53.3499 6.64819e+06

Pressure Residuals  	 - 	 2 9391.77 4.61351 45.1189 10 
Velocity Residuals  	 - 	 2 0.000413778 1.76594e-15 484056 4 
0.0671668 4.99744e-05 2 0 2 262144 53.3918 6.64789e+06

Pressure Residuals  	 - 	 2 6869.25 32.2493 14.5947 10 
Velocity Residuals  	 - 	 2 0.000413865 1.7552e-15 485587 4 
0.0672168 4.99744e-05 2 0 2 262144 53.4343 6.64751e+06

Pressure Residuals  	 - 	 2 4540.17 27.849 12.7682 10 
Velocity Residuals  	 - 	 2 0.000413953 1.77034e-15 483556 4 
0.0672668 4.99744e-05 2 0 2 262144 53.4761 6.64721e+06

Pressure Residuals  	 - 	 2 6084.33 30.065 14.2258 10 
Velocity Residuals  	 - 	 2 0.000414043 1.76468e-15 484384 4 
0.0673167 4.99744e-05 2 0 2 262144 53.5179 6.64692e+06

Pressure Residuals  	 - 	 2 6485.37 23.6477 16.5605 10 
Velocity Residuals  	 - 	 2 0.000414134 1.7376e-15 488197 4 
0.0673667 4.99744e-05 2 0 2 262144 53.5602 6.64656e+06

Pressure Residuals  	 - 	 2 9418.36 26.9044 18.7101 10 
Velocity Residuals  	 - 	 2 0.000414227 1.7711e-15 483612 4 
0.0674167 4.99744e-05 2 0 2 262144 53.602 6.64628e+06

Pressure Residuals  	 - 	 2 7277.84 21.2799 18.4934 10 
Velocity Residuals  	 - 	 2 0.00041432 1.73623e-15 488500 4 
0.0674667 4.99744e-05 2 0 2 262144 53.6446 6.64589e+06

Pressure Residuals  	 - 	 2 5365.11 25.284 14.5669 10 
Velocity Residuals  	 - 	 2 0.000414415 1.77405e-15 483320 4 
0.0675166 4.99744e-05 2 0 2 262144 53.687 6.64553e+06

Pressure Residuals  	 - 	 2 3941.41 19.995 14.0399 10 
Velocity Residuals  	 - 	 2 0.000422543 1.76565e-15 489196 4 
0.0675666 4.99744e-05 2 0 2 262144 53.7287 6.64524e+06

Pressure Residuals  	 - 	 2 8695.38 24.3001 18.9165 10 
Velocity Residuals  	 - 	 2 0.000433566 1.77555e-15 494153 4 
0.0676166 4.99744e-05 2 0 2 262144 53.7714 6.64484e+06

Pressure Residuals  	 - 	 2 10395.1 19.0229 23.3762 10 
Velocity Residuals  	 - 	 2 0.000444654 1.77206e-15 500924 4 
0.0676666 4.99744e-05 2 0 2 262144 53.8138 6.64447e+06

Pressure Residuals  	 - 	 2 9455.45 23.368 20.1155 10 
Velocity Residuals  	 - 	 2 0.000455775 1.77417e-15 506848 4 
0.0677165 4.99744e-05 2 0 2 262144 53.8557 6.64417e+06

Pressure Residuals  	 - 	 2 7356.42 18.029 20.1998 10 
Velocity Residuals  	 - 	 2 0.00046696 1.75295e-15 516125 4 
0.0677665 4.99744e-05 2 0 2 262144 53.8984 6.64377e+06

Pressure Residuals  	 - 	 2 5052.04 22.3852 15.0229 10 
Velocity Residuals  	 - 	 2 0.00047818 1.77055e-15 519686 4 
0.0678165 4.99744e-05 2 0 2 262144 53.9407 6.64342e+06

Pressure Residuals  	 - 	 2 5282.67 17.0614 17.5963 10 
Velocity Residuals  	 - 	 2 0.000489464 1.75971e-15 527399 4 
0.0678665 4.99744e-05 2 0 2 262144 53.9827 6.64311e+06

Pressure Residuals  	 - 	 2 4213.99 21.3483 14.0496 10 
Velocity Residuals  	 - 	 2 0.000500781 1.74068e-15 536370 4 
0.0679164 4.99744e-05 2 0 2 262144 54.0254 6.64271e+06

Pressure Residuals  	 - 	 2 4826.56 16.0604 17.3357 10 
Velocity Residuals  	 - 	 2 0.000512164 1.76755e-15 538293 4 
0.0679664 4.99744e-05 2 0 2 262144 54.0678 6.64235e+06

Pressure Residuals  	 - 	 2 6382.03 36.4431 13.2334 10 
Velocity Residuals  	 - 	 2 0.00052359 1.77077e-15 543769 4 
0.0680164 4.99744e-05 2 0 2 262144 54.1095 6.64208e+06

Pressure Residuals  	 - 	 2 63378.6 547.857 10.7557 10 
Velocity Residuals  	 - 	 2 0.00053464 1.77588e-15 548687 4 
0.0680664 4.99744e-05 2 0 2 262144 54.152 6.64171e+06

Pressure Residuals  	 - 	 2 371864 1806.5 14.3474 10 
Velocity Residuals  	 - 	 2 0.000489191 1.76459e-15 526523 4 
0.0681163 4.99744e-05 2 0 2 262144 54.1937 6.64143e+06

Pressure Residuals  	 - 	 2 372797 106.144 59.2637 10 
Velocity Residuals  	 - 	 2 0.00041568 1.77461e-15 483981 4 
0.0681663 4.99744e-05 2 0 2 262144 54.2344 6.64128e+06

Pressure Residuals  	 - 	 2 245831 176.517 37.3185 10 
Velocity Residuals  	 - 	 2 0.000415766 1.77102e-15 484520 4 
0.0682163 4.99744e-05 2 0 2 262144 54.2751 6.64114e+06

Pressure Residuals  	 - 	 2 207593 120.871 41.4424 10 
Velocity Residuals  	 - 	 2 0.000415828 1.76242e-15 485738 4 
0.0682663 4.99744e-05 2 0 2 262144 54.317 6.64084e+06

Pressure Residuals  	 - 	 2 149441 64.2707 48.2202 10 
Velocity Residuals  	 - 	 2 0.000415897 1.76744e-15 485088 4 
0.0683162 4.99744e-05 2 0 2 262144 54.3586 6.64058e+06

Pressure Residuals  	 - 	 2 107999 98.0089 33.1953 10 
Velocity Residuals  	 - 	 2 0.000415973 1.77578e-15 483992 4 
0.0683662 4.99744e-05 2 0 2 262144 54.4011 6.64021e+06

Pressure Residuals  	 - 	 2 91540.9 126.223 26.9301 10 
Velocity Residuals  	 - 	 2 0.000416051 1.76941e-15 484908 4 
0.0684162 4.99744e-05 2 0 2 262144 54.4436 6.63984e+06

Pressure Residuals  	 - 	 2 79642.1 112.418 26.6167 10 
Velocity Residuals  	 - 	 2 0.000416131 1.77196e-15 484606 4 
0.0684662 4.99744e-05 2 0 2 262144 54.4853 6.63956e+06

Pressure Residuals  	 - 	 2 68149 103.334 25.6808 10 
Velocity Residuals  	 - 	 2 0.000416213 1.76987e-15 484939 4 
0.0685161 4.99744e-05 2 0 2 262144 54.5274 6.63925e+06

Pressure Residuals  	 - 	 2 56384.6 87.1354 25.438 10 
Velocity Residuals  	 - 	 2 0.000416297 1.77517e-15 484263 4 
0.0685661 4.99744e-05 2 0 2 262144 54.5683 6.63907e+06

Pressure Residuals  	 - 	 2 47270.1 75.6385 24.9989 10 
Velocity Residuals  	 - 	 2 0.000416383 1.7618e-15 486147 4 
0.0686161 4.99744e-05 2 0 2 262144 54.6091 6.63891e+06

Pressure Residuals  	 - 	 2 38445.8 63.5883 24.5887 10 
Velocity Residuals  	 - 	 2 0.00041647 1.77192e-15 484809 4 
0.0686661 4.99744e-05 2 0 2 262144 54.6515 6.63856e+06

Pressure Residuals  	 - 	 2 30519 45.9097 25.783 10 
Velocity Residuals  	 - 	 2 0.00041656 1.76864e-15 485309 4 
0.068716 4.99744e-05 2 0 2 262144 54.6931 6.6383e+06

Pressure Residuals  	 - 	 2 26282.8 33.5298 27.9976 10 
Velocity Residuals  	 - 	 2 0.000416651 1.74951e-15 488009 4 
0.068766 4.99744e-05 2 0 2 262144 54.7353 6.63797e+06

Pressure Residuals  	 - 	 2 22443.2 29.4144 27.6225 10 
Velocity Residuals  	 - 	 2 0.000416744 1.74488e-15 488710 4 
0.068816 4.99744e-05 2 0 2 262144 54.7769 6.63773e+06

Pressure Residuals  	 - 	 2 19392.6 27.6637 26.4766 10 
Velocity Residuals  	 - 	 2 0.000416838 1.75497e-15 487359 4 
0.068866 4.99744e-05 2 0 2 262144 54.8185 6.63747e+06

Pressure Residuals  	 - 	 2 16547.7 24.1796 26.1604 10 
Velocity Residuals  	 - 	 2 0.000416934 1.76982e-15 485366 4 
0.0689159 4.99744e-05 2 0 2 262144 54.8617 6.63702e+06

Pressure Residuals  	 - 	 2 14240.8 23.016 24.8744 10 
Velocity Residuals  	 - 	 2 0.00041703 1.77166e-15 485169 4 
0.0689659 4.99744e-05 2 0 2 262144 54.9036 6.63673e+06

Pressure Residuals  	 - 	 2 12210.9 19.7224 24.8825 10 
Velocity Residuals  	 - 	 2 0.000417128 1.77226e-15 485144 4 
0.0690159 4.99744e-05 2 0 2 262144 54.9453 6.63646e+06

Pressure Residuals  	 - 	 2 10500.2 19.1756 23.4004 10 
Velocity Residuals  	 - 	 2 0.000417226 1.76591e-15 486073 4 
0.0690659 4.99744e-05 2 0 2 262144 54.9879 6.63609e+06

Pressure Residuals  	 - 	 2 9248.18 16.1959 23.896 10 
Velocity Residuals  	 - 	 2 0.000417326 1.77584e-15 484770 4 
0.0691158 4.99744e-05 2 0 2 262144 55.0296 6.63582e+06

Pressure Residuals  	 - 	 2 8631.86 16.182 23.096 10 
Velocity Residuals  	 - 	 2 0.000417426 1.76615e-15 486157 4 
0.0691658 4.99744e-05 2 0 2 262144 55.0739 6.63524e+06

Pressure Residuals  	 - 	 2 8706.87 13.4932 25.4023 10 
Velocity Residuals  	 - 	 2 0.000417527 1.77328e-15 485236 4 
0.0692158 4.99744e-05 2 0 2 262144 55.1179 6.6347e+06

Pressure Residuals  	 - 	 2 7259.55 13.8778 22.8715 10 
Velocity Residuals  	 - 	 2 0.000417628 1.7745e-15 485129 4 
0.0692657 4.99744e-05 2 0 2 262144 55.1612 6.63425e+06

Pressure Residuals  	 - 	 2 6560.09 11.3907 23.9983 10 
Velocity Residuals  	 - 	 2 0.00041773 1.72853e-15 491598 4 
0.0693157 4.99744e-05 2 0 2 262144 55.2027 6.63401e+06

Pressure Residuals  	 - 	 2 6189.24 12.1089 22.6082 10 
Velocity Residuals  	 - 	 2 0.000417832 1.77472e-15 485217 4 
0.0693657 4.99744e-05 2 0 2 262144 55.2436 6.63384e+06

Pressure Residuals  	 - 	 2 9495.62 9.8789 31.0033 10 
Velocity Residuals  	 - 	 2 0.000417935 1.74599e-15 489254 4 
0.0694157 4.99744e-05 2 0 2 262144 55.2846 6.63367e+06

Pressure Residuals  	 - 	 2 8640.49 10.9668 28.0692 10 
Velocity Residuals  	 - 	 2 0.000418038 1.76353e-15 486873 4 
0.0694656 4.99744e-05 2 0 2 262144 55.3272 6.63329e+06

Pressure Residuals  	 - 	 2 8795.71 8.76641 31.6756 10 
Velocity Residuals  	 - 	 2 0.000418141 1.77333e-15 485587 4 
0.0695156 4.99744e-05 2 0 2 262144 55.369 6.63302e+06

Pressure Residuals  	 - 	 2 6652.66 9.70904 26.1764 10 
Velocity Residuals  	 - 	 2 0.000418243 1.77258e-15 485748 4 
0.0695656 4.99744e-05 2 0 2 262144 55.4118 6.63263e+06

Pressure Residuals  	 - 	 2 6850.04 7.85693 29.527 10 
Velocity Residuals  	 - 	 2 0.000418347 1.76889e-15 486316 4 
0.0696156 4.99744e-05 2 0 2 262144 55.4542 6.63229e+06

Pressure Residuals  	 - 	 2 9222.94 8.40484 33.1261 10 
Velocity Residuals  	 - 	 2 0.000418449 1.7628e-15 487215 4 
0.0696655 4.99744e-05 2 0 2 262144 55.496 6.63201e+06

Pressure Residuals  	 - 	 2 7059.74 8.6909 28.5011 10 
Velocity Residuals  	 - 	 2 0.000418552 1.75995e-15 487668 4 
0.0697155 4.99744e-05 2 0 2 262144 55.5386 6.63165e+06

Pressure Residuals  	 - 	 2 5924.76 8.81067 25.9317 10 
Velocity Residuals  	 - 	 2 0.000418655 1.76514e-15 487010 4 
0.0697655 4.99744e-05 2 0 2 262144 55.5825 6.63112e+06

Pressure Residuals  	 - 	 2 4970.65 8.8327 23.7225 10 
Velocity Residuals  	 - 	 2 0.000418757 1.77358e-15 485911 4 
0.0698155 4.99744e-05 2 0 2 262144 55.625 6.63077e+06

Pressure Residuals  	 - 	 2 5789.98 8.82831 25.6094 10 
Velocity Residuals  	 - 	 2 0.000418859 1.75275e-15 488848 4 
0.0698654 4.99744e-05 2 0 2 262144 55.6669 6.63049e+06

Pressure Residuals  	 - 	 2 4211.43 8.82135 21.8498 10 
Velocity Residuals  	 - 	 2 0.000418961 1.7612e-15 487733 4 
0.0699154 4.99744e-05 2 0 2 262144 55.7094 6.63013e+06

Pressure Residuals  	 - 	 2 9548.48 8.77166 32.9933 10 
Velocity Residuals  	 - 	 2 0.000419062 1.7637e-15 487447 4 
0.0699654 4.99744e-05 2 0 2 262144 55.7511 6.62987e+06

Pressure Residuals  	 - 	 2 10423.7 8.7377 34.5392 10 
Velocity Residuals  	 - 	 2 0.000419163 1.76633e-15 487141 4 
0.0700154 4.99744e-05 2 0 2 262144 55.7929 6.62961e+06

Pressure Residuals  	 - 	 2 7737.51 8.66943 29.8748 10 
Velocity Residuals  	 - 	 2 0.000419263 1.77242e-15 486363 4 
0.0700653 4.99744e-05 2 0 2 262144 55.8353 6.62927e+06

Pressure Residuals  	 - 	 2 5362.98 8.57501 25.0084 10 
Velocity Residuals  	 - 	 2 0.000419363 1.7628e-15 487745 4 
0.0701153 4.99744e-05 2 0 2 262144 55.877 6.62901e+06

Pressure Residuals  	 - 	 2 4230.32 8.43198 22.3986 10 
Velocity Residuals  	 - 	 2 0.000419462 1.72736e-15 492782 4 
0.0701653 4.99744e-05 2 0 2 262144 55.9198 6.62863e+06

Pressure Residuals  	 - 	 2 3451.22 8.26469 20.4349 10 
Velocity Residuals  	 - 	 2 0.000419561 1.76246e-15 487908 4 
0.0702153 4.99744e-05 2 0 2 262144 55.9623 6.62828e+06

Pressure Residuals  	 - 	 2 5881.27 8.12751 26.9003 10 
Velocity Residuals  	 - 	 2 0.000419658 1.76775e-15 487233 4 
0.0702652 4.99744e-05 2 0 2 262144 56.004 6.62803e+06

Pressure Residuals  	 - 	 2 10111 7.98941 35.5746 10 
Velocity Residuals  	 - 	 2 0.000419755 1.77115e-15 486822 4 
0.0703152 4.99744e-05 2 0 2 262144 56.0466 6.62766e+06

Pressure Residuals  	 - 	 2 8409.13 7.78111 32.8742 10 
Velocity Residuals  	 - 	 2 0.000419852 1.763e-15 488003 4 
0.0703652 4.99744e-05 2 0 2 262144 56.0898 6.62723e+06

Pressure Residuals  	 - 	 2 7377.45 7.51527 31.3315 10 
Velocity Residuals  	 - 	 2 0.000419947 1.76935e-15 487181 4 
0.0704152 4.99744e-05 2 0 2 262144 56.1317 6.62696e+06

Pressure Residuals  	 - 	 2 6755.8 7.22335 30.5822 10 
Velocity Residuals  	 - 	 2 0.000420042 1.7684e-15 487367 4 
0.0704651 4.99744e-05 2 0 2 262144 56.1735 6.62669e+06

Pressure Residuals  	 - 	 2 5864.93 6.94007 29.0703 10 
Velocity Residuals  	 - 	 2 0.000420136 1.76437e-15 487978 4 
0.0705151 4.99744e-05 2 0 2 262144 56.2152 6.62644e+06

Pressure Residuals  	 - 	 2 6473.84 6.64052 31.2234 10 
Velocity Residuals  	 - 	 2 0.00042023 1.74832e-15 490268 4 
0.0705651 4.99744e-05 2 0 2 262144 56.2561 6.62628e+06

Pressure Residuals  	 - 	 2 5744.89 6.34716 30.0851 10 
Velocity Residuals  	 - 	 2 0.000420323 1.7763e-15 486444 4 
0.0706151 4.99744e-05 2 0 2 262144 56.2987 6.62593e+06

Pressure Residuals  	 - 	 2 3735.56 6.06663 24.8144 10 
Velocity Residuals  	 - 	 2 0.000420414 1.75021e-15 490110 4 
0.070665 4.99744e-05 2 0 2 262144 56.3406 6.62565e+06

Pressure Residuals  	 - 	 2 2403.03 5.7737 20.4011 10 
Velocity Residuals  	 - 	 2 0.000420505 1.76873e-15 487590 4 
0.070715 4.99744e-05 2 0 2 262144 56.3823 6.6254e+06

Pressure Residuals  	 - 	 2 2944.93 5.49348 23.1534 10 
Velocity Residuals  	 - 	 2 0.000420595 1.75843e-15 489068 4 
0.070765 4.99744e-05 2 0 2 262144 56.4256 6.62496e+06

Pressure Residuals  	 - 	 2 6606.52 5.5992 34.3497 10 
Velocity Residuals  	 - 	 2 0.000420685 1.77632e-15 486652 4 
0.070815 4.99744e-05 2 0 2 262144 56.4672 6.62472e+06

Pressure Residuals  	 - 	 2 7666.52 4.9352 39.4137 10 
Velocity Residuals  	 - 	 2 0.000425159 1.76067e-15 491401 4 
0.0708649 4.99744e-05 2 0 2 262144 56.5091 6.62445e+06

Pressure Residuals  	 - 	 2 9298.17 7.00731 36.427 10 
Velocity Residuals  	 - 	 2 0.000436302 1.76579e-15 497078 4 
0.0709149 4.99744e-05 2 0 2 262144 56.5517 6.62409e+06

Pressure Residuals  	 - 	 2 8297.63 5.36281 39.3351 10 
Velocity Residuals  	 - 	 2 0.00044749 1.7641e-15 503651 4 
0.0709649 4.99744e-05 2 0 2 262144 56.5934 6.62384e+06

Pressure Residuals  	 - 	 2 5349.43 4.31342 35.2162 10 
Velocity Residuals  	 - 	 2 0.000458701 1.77008e-15 509060 4 
0.0710149 4.99744e-05 2 0 2 262144 56.636 6.62349e+06

Pressure Residuals  	 - 	 2 19035.7 32.2354 24.3006 10 
Velocity Residuals  	 - 	 2 0.000469957 1.76087e-15 516613 4 
0.0710648 4.99744e-05 2 0 2 262144 56.6777 6.62325e+06

Pressure Residuals  	 - 	 2 16343 24.4306 25.8642 10 
Velocity Residuals  	 - 	 2 0.000481236 1.75603e-15 523496 4 
0.0711148 4.99744e-05 2 0 2 262144 56.7195 6.62299e+06

Pressure Residuals  	 - 	 2 11402.5 11.7879 31.1016 10 
Velocity Residuals  	 - 	 2 0.00049256 1.77435e-15 526877 4 
0.0711648 4.99744e-05 2 0 2 262144 56.7618 6.62266e+06

Pressure Residuals  	 - 	 2 11720.4 5.95788 44.3533 10 
Velocity Residuals  	 - 	 2 0.000503981 1.77155e-15 533373 4 
0.0712147 4.99744e-05 2 0 2 262144 56.8036 6.62241e+06

Pressure Residuals  	 - 	 2 8297.72 9.75881 29.1596 10 
Velocity Residuals  	 - 	 2 0.000515514 1.77233e-15 539322 4 
0.0712647 4.99744e-05 2 0 2 262144 56.846 6.62208e+06

Pressure Residuals  	 - 	 2 6881.06 8.45181 28.5333 10 
Velocity Residuals  	 - 	 2 0.000527047 1.77225e-15 545334 4 
0.0713147 4.99744e-05 2 0 2 262144 56.8877 6.62183e+06

Pressure Residuals  	 - 	 2 126072 16.7186 86.838 10 
Velocity Residuals  	 - 	 2 0.000448026 1.75637e-15 505060 4 
0.0713647 4.99744e-05 2 0 2 262144 56.9295 6.62157e+06

Pressure Residuals  	 - 	 2 211025 63.3953 57.6951 10 
Velocity Residuals  	 - 	 2 0.000421687 1.75215e-15 490580 4 
0.0714146 4.99744e-05 2 0 2 262144 56.9727 6.62116e+06

Pressure Residuals  	 - 	 2 143838 104.243 37.146 10 
Velocity Residuals  	 - 	 2 0.00042176 1.75428e-15 490323 4 
0.0714646 4.99744e-05 2 0 2 262144 57.0144 6.62091e+06

Pressure Residuals  	 - 	 2 350262 96.0332 60.3929 10 
Velocity Residuals  	 - 	 2 0.000421833 1.75799e-15 489849 4 
0.0715146 4.99744e-05 2 0 2 262144 57.0562 6.62066e+06

Pressure Residuals  	 - 	 2 408862 128.925 56.3144 10 
Velocity Residuals  	 - 	 2 0.00042187 1.77267e-15 487838 4 
0.0715646 4.99744e-05 2 0 2 262144 57.0991 6.62028e+06

Pressure Residuals  	 - 	 2 231996 143.217 40.2479 10 
Velocity Residuals  	 - 	 2 0.000421893 1.77342e-15 487747 4 
0.0716145 4.99744e-05 2 0 2 262144 57.1409 6.62001e+06

Pressure Residuals  	 - 	 2 165129 90.0571 42.8206 10 
Velocity Residuals  	 - 	 2 0.000421918 1.77116e-15 488074 4 
0.0716645 4.99744e-05 2 0 2 262144 57.1834 6.61968e+06

Pressure Residuals  	 - 	 2 136723 42.7142 56.5763 10 
Velocity Residuals  	 - 	 2 0.000421941 1.77026e-15 488211 4 
0.0717145 4.99744e-05 2 0 2 262144 57.2247 6.61948e+06

Pressure Residuals  	 - 	 2 101931 30.7875 57.5394 10 
Velocity Residuals  	 - 	 2 0.000421966 1.75674e-15 490100 4 
0.0717645 4.99744e-05 2 0 2 262144 57.2656 6.61933e+06

Pressure Residuals  	 - 	 2 73409.5 30.8765 48.7598 10 
Velocity Residuals  	 - 	 2 0.000421991 1.7728e-15 487891 4 
0.0718144 4.99744e-05 2 0 2 262144 57.3074 6.61909e+06

Pressure Residuals  	 - 	 2 62692.8 29.0708 46.4387 10 
Velocity Residuals  	 - 	 2 0.000422018 1.7697e-15 488332 4 
0.0718644 4.99744e-05 2 0 2 262144 57.3488 6.61887e+06

Pressure Residuals  	 - 	 2 66142.7 26.2629 50.1845 10 
Velocity Residuals  	 - 	 2 0.000422046 1.77132e-15 488126 4 
0.0719144 4.99744e-05 2 0 2 262144 57.3903 6.61865e+06

Pressure Residuals  	 - 	 2 63065.2 23.5884 51.7066 10 
Velocity Residuals  	 - 	 2 0.000422075 1.76486e-15 489034 4 
0.0719644 4.99744e-05 2 0 2 262144 57.4327 6.61834e+06

Pressure Residuals  	 - 	 2 60117.9 20.3211 54.3911 10 
Velocity Residuals  	 - 	 2 0.000422105 1.76186e-15 489468 4 
0.0720143 4.99744e-05 2 0 2 262144 57.4742 6.61811e+06

Pressure Residuals  	 - 	 2 54843.6 18.389 54.6115 10 
Velocity Residuals  	 - 	 2 0.000422137 1.77607e-15 487524 4 
0.0720643 4.99744e-05 2 0 2 262144 57.5169 6.61776e+06

Pressure Residuals  	 - 	 2 50740.4 17.928 53.2 10 
Velocity Residuals  	 - 	 2 0.00042217 1.76261e-15 489402 4 
0.0721143 4.99744e-05 2 0 2 262144 57.5594 6.61743e+06

Pressure Residuals  	 - 	 2 45716.7 16.1469 53.2099 10 
Velocity Residuals  	 - 	 2 0.000422204 1.76372e-15 489267 4 
0.0721643 4.99744e-05 2 0 2 262144 57.6012 6.61718e+06

Pressure Residuals  	 - 	 2 41972.4 15.6479 51.791 10 
Velocity Residuals  	 - 	 2 0.000422239 1.77452e-15 487797 4 
0.0722142 4.99744e-05 2 0 2 262144 57.6438 6.61683e+06

Pressure Residuals  	 - 	 2 37766.6 13.818 52.2795 10 
Velocity Residuals  	 - 	 2 0.000422275 1.76512e-15 489114 4 
0.0722642 4.99744e-05 2 0 2 262144 57.6855 6.61659e+06

Pressure Residuals  	 - 	 2 34705.9 13.5439 50.6209 10 
Velocity Residuals  	 - 	 2 0.000422312 1.7754e-15 487718 4 
0.0723142 4.99744e-05 2 0 2 262144 57.7274 6.61634e+06

Pressure Residuals  	 - 	 2 31318.9 11.8631 51.3813 10 
Velocity Residuals  	 - 	 2 0.000422351 1.76281e-15 489478 4 
0.0723642 4.99744e-05 2 0 2 262144 57.7697 6.61603e+06

Pressure Residuals  	 - 	 2 28909.2 11.825 49.4443 10 
Velocity Residuals  	 - 	 2 0.00042239 1.76595e-15 489067 4 
0.0724141 4.99744e-05 2 0 2 262144 57.8114 6.61579e+06

Pressure Residuals  	 - 	 2 26200.2 10.3259 50.3718 10 
Velocity Residuals  	 - 	 2 0.000422431 1.76358e-15 489418 4 
0.0724641 4.99744e-05 2 0 2 262144 57.8541 6.61544e+06

Pressure Residuals  	 - 	 2 24323.7 10.4974 48.1363 10 
Velocity Residuals  	 - 	 2 0.000422472 1.75479e-15 490666 4 
0.0725141 4.99744e-05 2 0 2 262144 57.8965 6.61512e+06

Pressure Residuals  	 - 	 2 22142.3 9.15147 49.1888 10 
Velocity Residuals  	 - 	 2 0.000422515 1.75338e-15 490889 4 
0.0725641 4.99744e-05 2 0 2 262144 57.9384 6.61486e+06

Pressure Residuals  	 - 	 2 20679.6 9.94117 45.6092 10 
Velocity Residuals  	 - 	 2 0.000422558 1.7662e-15 489130 4 
0.072614 4.99744e-05 2 0 2 262144 57.981 6.61453e+06

Pressure Residuals  	 - 	 2 18650.9 9.50934 44.2868 10 
Velocity Residuals  	 - 	 2 0.000422603 1.7717e-15 488395 4 
0.072664 4.99744e-05 2 0 2 262144 58.0233 6.61422e+06

Pressure Residuals  	 - 	 2 59355.9 19.8015 54.7499 10 
Velocity Residuals  	 - 	 2 0.000422648 1.76663e-15 489122 4 
0.072714 4.99744e-05 2 0 2 262144 58.0651 6.61397e+06

Pressure Residuals  	 - 	 2 66410.9 25.0106 51.5297 10 
Velocity Residuals  	 - 	 2 0.000422694 1.76036e-15 490019 4 
0.072764 4.99744e-05 2 0 2 262144 58.1076 6.61364e+06

Pressure Residuals  	 - 	 2 39487.5 18.6893 45.9656 10 
Velocity Residuals  	 - 	 2 0.000422742 1.7757e-15 487925 4 
0.0728139 4.99744e-05 2 0 2 262144 58.1493 6.61341e+06

Pressure Residuals  	 - 	 2 15014.7 13.2941 33.607 10 
Velocity Residuals  	 - 	 2 0.000422791 1.7602e-15 490097 4 
0.0728639 4.99744e-05 2 0 2 262144 58.1911 6.61317e+06

Pressure Residuals  	 - 	 2 10605 10.1874 32.2643 10 
Velocity Residuals  	 - 	 2 0.000422841 1.76948e-15 488839 4 
0.0729139 4.99744e-05 2 0 2 262144 58.2319 6.61303e+06

Pressure Residuals  	 - 	 2 10375.2 8.69266 34.5479 10 
Velocity Residuals  	 - 	 2 0.000422892 1.77036e-15 488747 4 
0.0729639 4.99744e-05 2 0 2 262144 58.2728 6.61289e+06

Pressure Residuals  	 - 	 2 11701.6 11.6027 31.7573 10 
Velocity Residuals  	 - 	 2 0.000422944 1.77466e-15 488184 4 
0.0730138 4.99744e-05 2 0 2 262144 58.3154 6.61256e+06

Pressure Residuals  	 - 	 2 11143.8 12.3917 29.9882 10 
Velocity Residuals  	 - 	 2 0.000422996 1.77417e-15 488282 4 
0.0730638 4.99744e-05 2 0 2 262144 58.3571 6.61232e+06

Pressure Residuals  	 - 	 2 10100.6 15.6856 25.3759 10 
Velocity Residuals  	 - 	 2 0.00042305 1.76353e-15 489784 4 
0.0731138 4.99744e-05 2 0 2 262144 58.3979 6.61219e+06

Pressure Residuals  	 - 	 2 9080.61 15.6268 24.1059 10 
Velocity Residuals  	 - 	 2 0.000423105 1.7748e-15 488258 4 
0.0731638 4.99744e-05 2 0 2 262144 58.439 6.61203e+06

Pressure Residuals  	 - 	 2 8559.17 17.4951 22.1186 10 
Velocity Residuals  	 - 	 2 0.000423161 1.75657e-15 490817 4 
0.0732137 4.99744e-05 2 0 2 262144 58.4811 6.61175e+06

Pressure Residuals  	 - 	 2 7283.18 16.6549 20.9117 10 
Velocity Residuals  	 - 	 2 0.000423217 1.77476e-15 488328 4 
0.0732637 4.99744e-05 2 0 2 262144 58.5229 6.61151e+06

Pressure Residuals  	 - 	 2 6551.48 18.3372 18.9018 10 
Velocity Residuals  	 - 	 2 0.000423275 1.76491e-15 489722 4 
0.0733137 4.99744e-05 2 0 2 262144 58.5656 6.61117e+06

Pressure Residuals  	 - 	 2 6011.99 17.1703 18.712 10 
Velocity Residuals  	 - 	 2 0.000423334 1.7643e-15 489842 4 
0.0733636 4.99744e-05 2 0 2 262144 58.6087 6.61078e+06

Pressure Residuals  	 - 	 2 5652.85 18.8192 17.3314 10 
Velocity Residuals  	 - 	 2 0.000423393 1.76724e-15 489468 4 
0.0734136 4.99744e-05 2 0 2 262144 58.6502 6.61057e+06

Pressure Residuals  	 - 	 2 5373.86 17.3947 17.5766 10 
Velocity Residuals  	 - 	 2 0.000423454 1.77401e-15 488568 4 
0.0734636 4.99744e-05 2 0 2 262144 58.6917 6.61035e+06

Pressure Residuals  	 - 	 2 6841.14 19.0633 18.9437 10 
Velocity Residuals  	 - 	 2 0.000423515 1.77608e-15 488319 4 
0.0735136 4.99744e-05 2 0 2 262144 58.7356 6.60988e+06

Pressure Residuals  	 - 	 2 9422.55 17.4157 23.2602 10 
Velocity Residuals  	 - 	 2 0.000423577 1.7754e-15 488447 4 
0.0735635 4.99744e-05 2 0 2 262144 58.7776 6.60961e+06

Pressure Residuals  	 - 	 2 15492.3 93.9553 12.841 10 
Velocity Residuals  	 - 	 2 0.000423641 1.74998e-15 492019 4 
0.0736135 4.99744e-05 2 0 2 262144 58.8191 6.60941e+06

Pressure Residuals  	 - 	 2 10772.8 58.3935 13.5826 10 
Velocity Residuals  	 - 	 2 0.000423705 1.7662e-15 489792 4 
0.0736635 4.99744e-05 2 0 2 262144 58.8618 6.60907e+06

Pressure Residuals  	 - 	 2 12560.7 44.908 16.7242 10 
Velocity Residuals  	 - 	 2 0.00042377 1.74462e-15 492850 4 
0.0737135 4.99744e-05 2 0 2 262144 58.9057 6.60859e+06

Pressure Residuals  	 - 	 2 9018.22 58.6889 12.396 10 
Velocity Residuals  	 - 	 2 0.000423836 1.7696e-15 489397 4 
0.0737634 4.99744e-05 2 0 2 262144 58.9482 6.60828e+06

Pressure Residuals  	 - 	 2 7310.22 46.5887 12.5264 10 
Velocity Residuals  	 - 	 2 0.000423903 1.7617e-15 490532 4 
0.0738134 4.99744e-05 2 0 2 262144 58.99 6.60804e+06

Pressure Residuals  	 - 	 2 7550.67 35.2351 14.6388 10 
Velocity Residuals  	 - 	 2 0.000423971 1.76659e-15 489892 4 
0.0738634 4.99744e-05 2 0 2 262144 59.0326 6.60771e+06

Pressure Residuals  	 - 	 2 6036.02 32.4221 13.6444 10 
Velocity Residuals  	 - 	 2 0.00042404 1.77297e-15 489050 4 
0.0739134 4.99744e-05 2 0 2 262144 59.0751 6.6074e+06

Pressure Residuals  	 - 	 2 7558.24 27.6439 16.5352 10 
Velocity Residuals  	 - 	 2 0.00042411 1.77248e-15 489157 4 
0.0739633 4.99744e-05 2 0 2 262144 59.1165 6.6072e+06

Pressure Residuals  	 - 	 2 7879.71 28.1645 16.7265 10 
Velocity Residuals  	 - 	 2 0.000424181 1.7759e-15 488727 4 
0.0740133 4.99744e-05 2 0 2 262144 59.1572 6.60709e+06

Pressure Residuals  	 - 	 2 7734.23 25.0628 17.5669 10 
Velocity Residuals  	 - 	 2 0.000429918 1.76524e-15 493504 4 
0.0740633 4.99744e-05 2 0 2 262144 59.1979 6.60697e+06

Pressure Residuals  	 - 	 2 9029.17 26.3922 18.4964 10 
Velocity Residuals  	 - 	 2 0.000442138 1.77588e-15 498967 4 
0.0741133 4.99744e-05 2 0 2 262144 59.2404 6.60666e+06

Pressure Residuals  	 - 	 2 7128.55 23.7553 17.3229 10 
Velocity Residuals  	 - 	 2 0.000454426 1.76168e-15 507888 4 
0.0741632 4.99744e-05 2 0 2 262144 59.2819 6.60645e+06

Pressure Residuals  	 - 	 2 5953.98 25.2644 15.3515 10 
Velocity Residuals  	 - 	 2 0.000466751 1.77306e-15 513075 4 
0.0742132 4.99744e-05 2 0 2 262144 59.3245 6.60613e+06

Pressure Residuals  	 - 	 2 5032.58 22.7852 14.8617 10 
Velocity Residuals  	 - 	 2 0.000479145 1.76098e-15 521622 4 
0.0742632 4.99744e-05 2 0 2 262144 59.3666 6.60586e+06

Pressure Residuals  	 - 	 2 7097.33 24.165 17.1378 10 
Velocity Residuals  	 - 	 2 0.000491573 1.77635e-15 526054 4 
0.0743132 4.99744e-05 2 0 2 262144 59.4085 6.60562e+06

Pressure Residuals  	 - 	 2 9575.52 21.6122 21.049 10 
Velocity Residuals  	 - 	 2 0.00050407 1.74674e-15 537195 4 
0.0743631 4.99744e-05 2 0 2 262144 59.4512 6.60528e+06

Pressure Residuals  	 - 	 2 8198.74 22.9274 18.9102 10 
Velocity Residuals  	 - 	 2 0.000516601 1.76689e-15 540721 4 
0.0744131 4.99744e-05 2 0 2 262144 59.4944 6.60489e+06

Pressure Residuals  	 - 	 2 7408.63 20.573 18.9767 10 
Velocity Residuals  	 - 	 2 0.0005292 1.7711e-15 546624 4 
0.0744631 4.99744e-05 2 0 2 262144 59.5361 6.60466e+06

Pressure Residuals  	 - 	 2 84036.6 233.974 18.9518 10 
Velocity Residuals  	 - 	 2 0.000460154 1.74492e-15 513527 4 
0.0745131 4.99744e-05 2 0 2 262144 59.5778 6.60444e+06

Pressure Residuals  	 - 	 2 150280 251.788 24.4306 10 
Velocity Residuals  	 - 	 2 0.000425024 1.76037e-15 491366 4 
0.074563 4.99744e-05 2 0 2 262144 59.6204 6.60412e+06

Pressure Residuals  	 - 	 2 84800.6 52.0527 40.3625 10 
Velocity Residuals  	 - 	 2 0.000425111 1.76652e-15 490560 4 
0.074613 4.99744e-05 2 0 2 262144 59.6623 6.60388e+06

Pressure Residuals  	 - 	 2 38103.3 96.7337 19.8469 10 
Velocity Residuals  	 - 	 2 0.000425198 1.75839e-15 491743 4 
0.074663 4.99744e-05 2 0 2 262144 59.7052 6.60352e+06

Pressure Residuals  	 - 	 2 36063.7 68.6761 22.9157 10 
Velocity Residuals  	 - 	 2 0.000425284 1.77622e-15 489317 4 
0.074713 4.99744e-05 2 0 2 262144 59.7475 6.60323e+06

Pressure Residuals  	 - 	 2 25581.8 34.4802 27.2384 10 
Velocity Residuals  	 - 	 2 0.000425369 1.76934e-15 490318 4 
0.0747629 4.99744e-05 2 0 2 262144 59.7891 6.60302e+06

Pressure Residuals  	 - 	 2 19633.9 19.9912 31.3389 10 
Velocity Residuals  	 - 	 2 0.000425456 1.77344e-15 489800 4 
0.0748129 4.99744e-05 2 0 2 262144 59.8316 6.60271e+06

Pressure Residuals  	 - 	 2 19549.5 7.93481 49.6363 10 
Velocity Residuals  	 - 	 2 0.000425543 1.7747e-15 489676 4 
0.0748629 4.99744e-05 2 0 2 262144 59.8748 6.60233e+06

Pressure Residuals  	 - 	 2 20465.8 5.85031 59.146 10 
Velocity Residuals  	 - 	 2 0.000425631 1.76815e-15 490633 4 
0.0749129 4.99744e-05 2 0 2 262144 59.9166 6.6021e+06

Pressure Residuals  	 - 	 2 18276.8 3.93329 68.1666 10 
Velocity Residuals  	 - 	 2 0.000425719 1.76894e-15 490575 4 
0.0749628 4.99744e-05 2 0 2 262144 59.9585 6.60186e+06

Pressure Residuals  	 - 	 2 49075.8 45.8458 32.7178 10 
Velocity Residuals  	 - 	 2 0.000425808 1.73383e-15 495568 4 
0.0750128 4.99744e-05 2 0 2 262144 60.001 6.60155e+06

Pressure Residuals  	 - 	 2 289067 331.52 29.5287 10 
Velocity Residuals  	 - 	 2 0.000425895 1.77429e-15 489936 4 
0.0750628 4.99744e-05 2 0 2 262144 60.0427 6.60133e+06

Pressure Residuals  	 - 	 2 297229 312.478 30.8415 10 
Velocity Residuals  	 - 	 2 0.000425966 1.75854e-15 492166 4 
0.0751128 4.99744e-05 2 0 2 262144 60.0853 6.60101e+06

Pressure Residuals  	 - 	 2 219668 177.576 35.1715 10 
Velocity Residuals  	 - 	 2 0.00042603 1.75008e-15 493391 4 
0.0751627 4.99744e-05 2 0 2 262144 60.1293 6.60054e+06

Pressure Residuals  	 - 	 2 115561 48.8571 48.6342 10 
Velocity Residuals  	 - 	 2 0.000426091 1.76624e-15 491164 4 
0.0752127 4.99744e-05 2 0 2 262144 60.1724 6.60017e+06

Pressure Residuals  	 - 	 2 90174.7 58.0781 39.4036 10 
Velocity Residuals  	 - 	 2 0.000426154 1.73894e-15 495040 4 
0.0752627 4.99744e-05 2 0 2 262144 60.2143 6.59993e+06

Pressure Residuals  	 - 	 2 65901.5 74.9952 29.6436 10 
Velocity Residuals  	 - 	 2 0.000426217 1.76866e-15 490901 4 
0.0753126 4.99744e-05 2 0 2 262144 60.2561 6.59971e+06

Pressure Residuals  	 - 	 2 44858 79.6104 23.7375 10 
Velocity Residuals  	 - 	 2 0.000426283 1.76071e-15 492045 4 
0.0753626 4.99744e-05 2 0 2 262144 60.2985 6.59941e+06

Pressure Residuals  	 - 	 2 44974.2 74.647 24.5457 10 
Velocity Residuals  	 - 	 2 0.000426351 1.77302e-15 490374 4 
0.0754126 4.99744e-05 2 0 2 262144 60.3401 6.5992e+06

Pressure Residuals  	 - 	 2 45015.9 67.6008 25.8052 10 
Velocity Residuals  	 - 	 2 0.000426419 1.77158e-15 490612 4 
0.0754626 4.99744e-05 2 0 2 262144 60.3826 6.5989e+06

Pressure Residuals  	 - 	 2 46740.6 57.2324 28.5776 10 
Velocity Residuals  	 - 	 2 0.00042649 1.77544e-15 490119 4 
0.0755125 4.99744e-05 2 0 2 262144 60.4244 6.59868e+06

Pressure Residuals  	 - 	 2 43112.4 50.3895 29.2504 10 
Velocity Residuals  	 - 	 2 0.000426562 1.76002e-15 492303 4 
0.0755625 4.99744e-05 2 0 2 262144 60.4662 6.59845e+06

Pressure Residuals  	 - 	 2 41432 41.1785 31.72 10 
Velocity Residuals  	 - 	 2 0.000426635 1.77154e-15 490741 4 
0.0756125 4.99744e-05 2 0 2 262144 60.5101 6.59799e+06

Pressure Residuals  	 - 	 2 37139.6 36.5221 31.889 10 
Velocity Residuals  	 - 	 2 0.00042671 1.77469e-15 490348 4 
0.0756625 4.99744e-05 2 0 2 262144 60.5533 6.59761e+06

Pressure Residuals  	 - 	 2 34792.3 29.1413 34.5531 10 
Velocity Residuals  	 - 	 2 0.000426786 1.77496e-15 490355 4 
0.0757124 4.99744e-05 2 0 2 262144 60.5951 6.59739e+06

Pressure Residuals  	 - 	 2 30933.7 26.4801 34.1788 10 
Velocity Residuals  	 - 	 2 0.000426862 1.76038e-15 492426 4 
0.0757624 4.99744e-05 2 0 2 262144 60.637 6.59716e+06

Pressure Residuals  	 - 	 2 28751.5 21.0536 36.9545 10 
Velocity Residuals  	 - 	 2 0.000426941 1.74808e-15 494200 4 
0.0758124 4.99744e-05 2 0 2 262144 60.68 6.5968e+06

Pressure Residuals  	 - 	 2 25554.8 19.818 35.9092 10 
Velocity Residuals  	 - 	 2 0.000427019 1.77052e-15 491103 4 
0.0758624 4.99744e-05 2 0 2 262144 60.7207 6.5967e+06

Pressure Residuals  	 - 	 2 23747.2 14.9299 39.8821 10 
Velocity Residuals  	 - 	 2 0.0004271 1.77099e-15 491084 4 
0.0759123 4.99744e-05 2 0 2 262144 60.7615 6.59658e+06

Pressure Residuals  	 - 	 2 21151.6 14.6077 38.0522 10 
Velocity Residuals  	 - 	 2 0.00042718 1.77429e-15 490674 4 
0.0759623 4.99744e-05 2 0 2 262144 60.8049 6.59618e+06

Pressure Residuals  	 - 	 2 19703.2 10.3957 43.5354 10 
Velocity Residuals  	 - 	 2 0.000427262 1.75171e-15 493873 4 
0.0760123 4.99744e-05 2 0 2 262144 60.8466 6.59597e+06

Pressure Residuals  	 - 	 2 17599.7 10.8255 40.3208 10 
Velocity Residuals  	 - 	 2 0.000427343 1.7662e-15 491890 4 
0.0760623 4.99744e-05 2 0 2 262144 60.8885 6.59574e+06

Pressure Residuals  	 - 	 2 16457.4 7.23168 47.7046 10 
Velocity Residuals  	 - 	 2 0.000427426 1.75641e-15 493307 4 
0.0761122 4.99744e-05 2 0 2 262144 60.9326 6.59526e+06

Pressure Residuals  	 - 	 2 14743.3 8.10842 42.6411 10 
Velocity Residuals  	 - 	 2 0.000427509 1.77361e-15 490957 4 
0.0761622 4.99744e-05 2 0 2 262144 60.9744 6.59505e+06

Pressure Residuals  	 - 	 2 13847.5 7.10716 44.1405 10 
Velocity Residuals  	 - 	 2 0.000427593 1.77261e-15 491143 4 
0.0762122 4.99744e-05 2 0 2 262144 61.0161 6.59483e+06

Pressure Residuals  	 - 	 2 12437.4 7.11495 41.8098 10 
Velocity Residuals  	 - 	 2 0.000427676 1.76915e-15 491672 4 
0.0762622 4.99744e-05 2 0 2 262144 61.0591 6.59448e+06

Pressure Residuals  	 - 	 2 11735.5 7.60147 39.2918 10 
Velocity Residuals  	 - 	 2 0.00042776 1.77548e-15 490843 4 
0.0763121 4.99744e-05 2 0 2 262144 61.1009 6.59427e+06

Pressure Residuals  	 - 	 2 10562.4 7.04009 38.7339 10 
Velocity Residuals  	 - 	 2 0.000427844 1.77626e-15 490783 4 
0.0763621 4.99744e-05 2 0 2 262144 61.1425 6.59406e+06

Pressure Residuals  	 - 	 2 10007.8 6.50338 39.2284 10 
Velocity Residuals  	 - 	 2 0.000427929 1.77541e-15 490948 4 
0.0764121 4.99744e-05 2 0 2 262144 61.1851 6.59375e+06

Pressure Residuals  	 - 	 2 8972.61 5.97386 38.7554 10 
Velocity Residuals  	 - 	 2 0.000428013 1.77472e-15 491093 4 
0.0764621 4.99744e-05 2 0 2 262144 61.2259 6.59364e+06

Pressure Residuals  	 - 	 2 8480.74 6.29428 36.7066 10 
Velocity Residuals  	 - 	 2 0.000428097 1.77427e-15 491203 4 
0.076512 4.99744e-05 2 0 2 262144 61.2668 6.59352e+06

Pressure Residuals  	 - 	 2 7590.17 7.19171 32.487 10 
Velocity Residuals  	 - 	 2 0.000428181 1.77168e-15 491611 4 
0.076562 4.99744e-05 2 0 2 262144 61.3088 6.59328e+06

Pressure Residuals  	 - 	 2 8626.33 7.75292 33.3565 10 
Velocity Residuals  	 - 	 2 0.000428265 1.75507e-15 493980 4 
0.076612 4.99744e-05 2 0 2 262144 61.3511 6.593e+06

Pressure Residuals  	 - 	 2 7351.19 8.0181 30.2791 10 
Velocity Residuals  	 - 	 2 0.000428349 1.76322e-15 492884 4 
0.076662 4.99744e-05 2 0 2 262144 61.3932 6.59276e+06

Pressure Residuals  	 - 	 2 6193.4 8.07063 27.702 10 
Velocity Residuals  	 - 	 2 0.000428432 1.77098e-15 491852 4 
0.0767119 4.99744e-05 2 0 2 262144 61.4351 6.59252e+06

Pressure Residuals  	 - 	 2 9662.5 8.70197 33.3224 10 
Velocity Residuals  	 - 	 2 0.000428515 1.76876e-15 492208 4 
0.0767619 4.99744e-05 2 0 2 262144 61.4776 6.59223e+06

Pressure Residuals  	 - 	 2 9508.78 7.99363 34.4898 10 
Velocity Residuals  	 - 	 2 0.000428598 1.73914e-15 496429 4 
0.0768119 4.99744e-05 2 0 2 262144 61.5194 6.59201e+06

Pressure Residuals  	 - 	 2 7913.65 7.92888 31.5924 10 
Velocity Residuals  	 - 	 2 0.00042868 1.76456e-15 492888 4 
0.0768619 4.99744e-05 2 0 2 262144 61.562 6.59171e+06

Pressure Residuals  	 - 	 2 8349.07 7.88231 32.5456 10 
Velocity Residuals  	 - 	 2 0.000428761 1.77443e-15 491562 4 
0.0769118 4.99744e-05 2 0 2 262144 61.6059 6.59127e+06

Pressure Residuals  	 - 	 2 10192.6 7.81932 36.1042 10 
Velocity Residuals  	 - 	 2 0.000428842 1.76623e-15 492748 4 
0.0769618 4.99744e-05 2 0 2 262144 61.6483 6.59099e+06

Pressure Residuals  	 - 	 2 6423.57 7.7497 28.7903 10 
Velocity Residuals  	 - 	 2 0.000428922 1.7462e-15 495613 4 
0.0770118 4.99744e-05 2 0 2 262144 61.69 6.59078e+06

Pressure Residuals  	 - 	 2 10669.3 7.67307 37.2893 10 
Velocity Residuals  	 - 	 2 0.000429002 1.77561e-15 491536 4 
0.0770618 4.99744e-05 2 0 2 262144 61.7326 6.59048e+06

Pressure Residuals  	 - 	 2 10103.7 7.60599 36.4471 10 
Velocity Residuals  	 - 	 2 0.000429081 1.7623e-15 493435 4 
0.0771117 4.99744e-05 2 0 2 262144 61.7751 6.59019e+06

Pressure Residuals  	 - 	 2 6718.61 7.50157 29.927 10 
Velocity Residuals  	 - 	 2 0.000429159 1.77613e-15 491554 4 
0.0771617 4.99744e-05 2 0 2 262144 61.817 6.58996e+06

Pressure Residuals  	 - 	 2 6433.7 7.38931 29.5072 10 
Velocity Residuals  	 - 	 2 0.000429237 1.76057e-15 493766 4 
0.0772117 4.99744e-05 2 0 2 262144 61.8595 6.58967e+06

Pressure Residuals  	 - 	 2 10183.7 7.23596 37.515 10 
Velocity Residuals  	 - 	 2 0.000436514 1.76908e-15 496735 4 
0.0772617 4.99744e-05 2 0 2 262144 61.9014 6.58945e+06

Pressure Residuals  	 - 	 2 12013.7 7.08879 41.1672 10 
Velocity Residuals  	 - 	 2 0.00044879 1.76932e-15 503637 4 
0.0773116 4.99744e-05 2 0 2 262144 61.943 6.58925e+06

Pressure Residuals  	 - 	 2 8893.73 6.92657 35.833 10 
Velocity Residuals  	 - 	 2 0.000461115 1.76719e-15 510814 4 
0.0773616 4.99744e-05 2 0 2 262144 61.9861 6.5889e+06

Pressure Residuals  	 - 	 2 10912 6.759 40.1801 10 
Velocity Residuals  	 - 	 2 0.000473468 1.76939e-15 517289 4 
0.0774116 4.99744e-05 2 0 2 262144 62.0278 6.5887e+06

Pressure Residuals  	 - 	 2 10163.4 6.8998 38.3797 10 
Velocity Residuals  	 - 	 2 0.000485869 1.77632e-15 522997 4 
0.0774615 4.99744e-05 2 0 2 262144 62.0695 6.5885e+06

Pressure Residuals  	 - 	 2 10516.5 6.9133 39.0026 10 
Velocity Residuals  	 - 	 2 0.000498295 1.77265e-15 530190 4 
0.0775115 4.99744e-05 2 0 2 262144 62.112 6.58821e+06

Pressure Residuals  	 - 	 2 8186.52 6.53679 35.3889 10 
Velocity Residuals  	 - 	 2 0.000510769 1.7757e-15 536324 4 
0.0775615 4.99744e-05 2 0 2 262144 62.1537 6.58801e+06

Pressure Residuals  	 - 	 2 183469 8.84936 143.988 10 
Velocity Residuals  	 - 	 2 0.000429826 1.77163e-15 492561 4 
0.0776115 4.99744e-05 2 0 2 262144 62.1953 6.58781e+06

Pressure Residuals  	 - 	 2 233260 74.2811 56.0378 10 
Velocity Residuals  	 - 	 2 0.000429888 1.74795e-15 495922 4 
0.0776614 4.99744e-05 2 0 2 262144 62.2362 6.5877e+06

Pressure Residuals  	 - 	 2 152752 81.1595 43.3835 10 
Velocity Residuals  	 - 	 2 0.000429948 1.77223e-15 492547 4 
0.0777114 4.99744e-05 2 0 2 262144 62.2771 6.58758e+06

Pressure Residuals  	 - 	 2 98149.8 24.3898 63.4367 10 
Velocity Residuals  	 - 	 2 0.000430009 1.76761e-15 493226 4 
0.0777614 4.99744e-05 2 0 2 262144 62.3194 6.58731e+06

Pressure Residuals  	 - 	 2 59715 21.9285 52.184 10 
Velocity Residuals  	 - 	 2 0.000430069 1.77462e-15 492286 4 
0.0778114 4.99744e-05 2 0 2 262144 62.361 6.58712e+06

Pressure Residuals  	 - 	 2 39639.6 20.9986 43.448 10 
Velocity Residuals  	 - 	 2 0.000430129 1.75559e-15 494980 4 
0.0778613 4.99744e-05 2 0 2 262144 62.4034 6.58685e+06

Pressure Residuals  	 - 	 2 29162.1 20.7745 37.4666 10 
Velocity Residuals  	 - 	 2 0.000430187 1.77128e-15 492817 4 
0.0779113 4.99744e-05 2 0 2 262144 62.4452 6.58664e+06

Pressure Residuals  	 - 	 2 21375.7 17.1559 35.2982 10 
Velocity Residuals  	 - 	 2 0.000430245 1.76556e-15 493647 4 
0.0779613 4.99744e-05 2 0 2 262144 62.4869 6.58644e+06

Pressure Residuals  	 - 	 2 16552.1 13.6434 34.8309 10 
Velocity Residuals  	 - 	 2 0.000430302 1.77614e-15 492207 4 
0.0780113 4.99744e-05 2 0 2 262144 62.53 6.58609e+06

Pressure Residuals  	 - 	 2 14374.1 9.86059 38.1802 10 
Velocity Residuals  	 - 	 2 0.000430358 1.71518e-15 500910 4 
0.0780612 4.99744e-05 2 0 2 262144 62.5716 6.5859e+06

Pressure Residuals  	 - 	 2 26525.4 15.9357 40.7986 10 
Velocity Residuals  	 - 	 2 0.000430413 1.77488e-15 492445 4 
0.0781112 4.99744e-05 2 0 2 262144 62.6134 6.58569e+06

Pressure Residuals  	 - 	 2 17426.1 5.5322 56.1243 10 
Velocity Residuals  	 - 	 2 0.000430468 1.75898e-15 494698 4 
0.0781612 4.99744e-05 2 0 2 262144 62.6558 6.58542e+06

Pressure Residuals  	 - 	 2 11418.3 4.56461 50.0148 10 
Velocity Residuals  	 - 	 2 0.000430521 1.7604e-15 494529 4 
0.0782112 4.99744e-05 2 0 2 262144 62.6974 6.58523e+06

Pressure Residuals  	 - 	 2 10365.5 6.32744 40.4744 10 
Velocity Residuals  	 - 	 2 0.000430574 1.76447e-15 493988 4 
0.0782611 4.99744e-05 2 0 2 262144 62.7399 6.58495e+06

Pressure Residuals  	 - 	 2 9886.56 6.83475 38.0331 10 
Velocity Residuals  	 - 	 2 0.000430626 1.76118e-15 494479 4 
0.0783111 4.99744e-05 2 0 2 262144 62.7816 6.58475e+06

Pressure Residuals  	 - 	 2 10920.8 6.14692 42.1501 10 
Velocity Residuals  	 - 	 2 0.000430677 1.76343e-15 494193 4 
0.0783611 4.99744e-05 2 0 2 262144 62.8233 6.58455e+06

Pressure Residuals  	 - 	 2 9015.12 3.8962 48.1022 10 
Velocity Residuals  	 - 	 2 0.000430728 1.76742e-15 493664 4 
0.0784111 4.99744e-05 2 0 2 262144 62.8665 6.5842e+06

Pressure Residuals  	 - 	 2 7832.9 2.77987 53.0823 10 
Velocity Residuals  	 - 	 2 0.000430778 1.76295e-15 494319 4 
0.078461 4.99744e-05 2 0 2 262144 62.9082 6.584e+06

Pressure Residuals  	 - 	 2 6351.21 1.97297 56.7372 10 
Velocity Residuals  	 - 	 2 0.000430827 1.77303e-15 492939 4 
0.078511 4.99744e-05 2 0 2 262144 62.95 6.58379e+06

Pressure Residuals  	 - 	 2 5704.42 2.13818 51.6515 10 
Velocity Residuals  	 - 	 2 0.000430875 1.76225e-15 494472 4 
0.078561 4.99744e-05 2 0 2 262144 62.9925 6.58351e+06

Pressure Residuals  	 - 	 2 136365 36.8294 60.849 10 
Velocity Residuals  	 - 	 2 0.000430923 1.7679e-15 493709 4 
0.078611 4.99744e-05 2 0 2 262144 63.0342 6.58331e+06

Pressure Residuals  	 - 	 2 299907 70.2137 65.3556 10 
Velocity Residuals  	 - 	 2 0.00043096 1.76887e-15 493595 4 
0.0786609 4.99744e-05 2 0 2 262144 63.0768 6.58302e+06

Pressure Residuals  	 - 	 2 235675 38.5774 78.161 10 
Velocity Residuals  	 - 	 2 0.00043098 1.77124e-15 493276 4 
0.0787109 4.99744e-05 2 0 2 262144 63.1201 6.58266e+06

Pressure Residuals  	 - 	 2 150897 36.2215 64.5441 10 
Velocity Residuals  	 - 	 2 0.000430998 1.7647e-15 494199 4 
0.0787609 4.99744e-05 2 0 2 262144 63.1618 6.58246e+06

Pressure Residuals  	 - 	 2 81598.8 27.6695 54.3052 10 
Velocity Residuals  	 - 	 2 0.000431013 1.75778e-15 495179 4 
0.0788109 4.99744e-05 2 0 2 262144 63.2034 6.58228e+06

Pressure Residuals  	 - 	 2 57311.7 19.2458 54.57 10 
Velocity Residuals  	 - 	 2 0.000431028 1.74248e-15 497358 4 
0.0788608 4.99744e-05 2 0 2 262144 63.2444 6.58216e+06

Pressure Residuals  	 - 	 2 37020.4 18.8775 44.2841 10 
Velocity Residuals  	 - 	 2 0.000431043 1.76702e-15 493901 4 
0.0789108 4.99744e-05 2 0 2 262144 63.2856 6.58201e+06

Pressure Residuals  	 - 	 2 43843.4 16.4773 51.5833 10 
Velocity Residuals  	 - 	 2 0.000431059 1.7627e-15 494514 4 
0.0789608 4.99744e-05 2 0 2 262144 63.3279 6.58175e+06

Pressure Residuals  	 - 	 2 54066.6 13.9789 62.191 10 
Velocity Residuals  	 - 	 2 0.000431074 1.77172e-15 493263 4 
0.0790108 4.99744e-05 2 0 2 262144 63.3696 6.58156e+06

Pressure Residuals  	 - 	 2 53396.8 11.797 67.2778 10 
Velocity Residuals  	 - 	 2 0.000431091 1.77334e-15 493047 4 
0.0790607 4.99744e-05 2 0 2 262144 63.4123 6.58126e+06

Pressure Residuals  	 - 	 2 53879.9 9.24141 76.3562 10 
Velocity Residuals  	 - 	 2 0.000431107 1.74905e-15 496468 4 
0.0791107 4.99744e-05 2 0 2 262144 63.4564 6.58083e+06

Pressure Residuals  	 - 	 2 49748.5 7.64198 80.6839 10 
Velocity Residuals  	 - 	 2 0.000431124 1.73717e-15 498173 4 
0.0791607 4.99744e-05 2 0 2 262144 63.4988 6.58055e+06

Pressure Residuals  	 - 	 2 47446.1 5.23342 95.2155 10 
Velocity Residuals  	 - 	 2 0.000431142 1.77009e-15 493529 4 
0.0792107 4.99744e-05 2 0 2 262144 63.5406 6.58035e+06

Pressure Residuals  	 - 	 2 42953.9 3.93139 104.527 10 
Velocity Residuals  	 - 	 2 0.00043116 1.76034e-15 494904 4 
0.0792606 4.99744e-05 2 0 2 262144 63.5831 6.58008e+06

Pressure Residuals  	 - 	 2 40160.8 5.20358 87.8517 10 
Velocity Residuals  	 - 	 2 0.000431178 1.77234e-15 493236 4 
0.0793106 4.99744e-05 2 0 2 262144 63.6249 6.57988e+06

Pressure Residuals  	 - 	 2 36188.1 4.28156 91.9352 10 
Velocity Residuals  	 - 	 2 0.000431197 1.77051e-15 493501 4 
0.0793606 4.99744e-05 2 0 2 262144 63.6667 6.57968e+06

Pressure Residuals  	 - 	 2 33618.2 5.24551 80.0559 10 
Velocity Residuals  	 - 	 2 0.000431216 1.77058e-15 493502 4 
0.0794105 4.99744e-05 2 0 2 262144 63.7091 6.57941e+06

Pressure Residuals  	 - 	 2 30326.6 4.48563 82.2242 10 
Velocity Residuals  	 - 	 2 0.000431236 1.76795e-15 493881 4 
0.0794605 4.99744e-05 2 0 2 262144 63.751 6.5792e+06

Pressure Residuals  	 - 	 2 28154.3 5.74019 70.034 10 
Velocity Residuals  	 - 	 2 0.000431256 1.77204e-15 493323 4 
0.0795105 4.99744e-05 2 0 2 262144 63.7938 6.57889e+06

Pressure Residuals  	 - 	 2 25478 5.60175 67.4406 10 
Velocity Residuals  	 - 	 2 0.000431277 1.77552e-15 492850 4 
0.0795605 4.99744e-05 2 0 2 262144 63.8363 6.57862e+06

Pressure Residuals  	 - 	 2 23698.4 7.91126 54.7314 10 
Velocity Residuals  	 - 	 2 0.000431298 1.76863e-15 493822 4 
0.0796104 4.99744e-05 2 0 2 262144 63.8781 6.57842e+06

Pressure Residuals  	 - 	 2 21528.6 8.04028 51.7455 10 
Velocity Residuals  	 - 	 2 0.000431319 1.77249e-15 493295 4 
0.0796604 4.99744e-05 2 0 2 262144 63.9208 6.57813e+06

Pressure Residuals  	 - 	 2 20078.5 10.6754 43.3684 10 
Velocity Residuals  	 - 	 2 0.000431341 1.75709e-15 495466 4 
0.0797104 4.99744e-05 2 0 2 262144 63.9635 6.57783e+06

Pressure Residuals  	 - 	 2 42628.7 14.693 53.8637 10 
Velocity Residuals  	 - 	 2 0.000431363 1.75293e-15 496065 4 
0.0797604 4.99744e-05 2 0 2 262144 64.0054 6.57762e+06

Pressure Residuals  	 - 	 2 73012.5 24.3106 54.8026 10 
Velocity Residuals  	 - 	 2 0.000431385 1.76835e-15 493911 4 
0.0798103 4.99744e-05 2 0 2 262144 64.0481 6.57733e+06

Pressure Residuals  	 - 	 2 49740.4 20.5748 49.1685 10 
Velocity Residuals  	 - 	 2 0.000431408 1.76894e-15 493842 4 
0.0798603 4.99744e-05 2 0 2 262144 64.0905 6.57707e+06

Pressure Residuals  	 - 	 2 21232.5 14.2472 38.6043 10 
Velocity Residuals  	 - 	 2 0.000431432 1.76233e-15 494780 4 
0.0799103 4.99744e-05 2 0 2 262144 64.1322 6.57688e+06

Pressure Residuals  	 - 	 2 13344.2 12.5111 32.6586 10 
Velocity Residuals  	 - 	 2 0.000431455 1.77167e-15 493488 4 
0.0799603 4.99744e-05 2 0 2 262144 64.1747 6.57661e+06

Pressure Residuals  	 - 	 2 12559.6 14.3503 29.584 10 
Velocity Residuals  	 - 	 2 0.00043148 1.77277e-15 493349 4 
0.0800102 4.99744e-05 2 0 2 262144 64.2163 6.57643e+06

Pressure Residuals  	 - 	 2 13085.9 16.1886 28.4314 10 
Velocity Residuals  	 - 	 2 0.000431504 1.75819e-15 495404 4 
0.0800602 4.99744e-05 2 0 2 262144 64.2572 6.57632e+06

Pressure Residuals  	 - 	 2 14273.1 39.5928 18.9868 10 
Velocity Residuals  	 - 	 2 0.00043153 1.72861e-15 499640 4 
0.0801102 4.99744e-05 2 0 2 262144 64.299 6.57612e+06

Pressure Residuals  	 - 	 2 11803.8 19.604 24.538 10 
Velocity Residuals  	 - 	 2 0.000431556 1.77564e-15 492994 4 
0.0801602 4.99744e-05 2 0 2 262144 64.3408 6.57593e+06

Pressure Residuals  	 - 	 2 10780.7 16.5288 25.539 10 
Velocity Residuals  	 - 	 2 0.000431581 1.75177e-15 496356 4 
0.0802101 4.99744e-05 2 0 2 262144 64.3825 6.57574e+06

Pressure Residuals  	 - 	 2 9765.55 13.3983 26.9975 10 
Velocity Residuals  	 - 	 2 0.000431608 1.77001e-15 493806 4 
0.0802601 4.99744e-05 2 0 2 262144 64.4249 6.57548e+06

Pressure Residuals  	 - 	 2 8420.81 14.6686 23.9598 10 
Velocity Residuals  	 - 	 2 0.000431635 1.76419e-15 494636 4 
0.0803101 4.99744e-05 2 0 2 262144 64.4668 6.57527e+06

Pressure Residuals  	 - 	 2 7908.37 13.0704 24.598 10 
Velocity Residuals  	 - 	 2 0.000431662 1.74897e-15 496799 4 
0.0803601 4.99744e-05 2 0 2 262144 64.5096 6.57497e+06

Pressure Residuals  	 - 	 2 7494.3 14.5335 22.7081 10 
Velocity Residuals  	 - 	 2 0.000442742 1.77182e-15 499880 4 
0.08041 4.99744e-05 2 0 2 262144 64.5528 6.57463e+06

Pressure Residuals  	 - 	 2 7564.49 13.5379 23.6382 10 
Velocity Residuals  	 - 	 2 0.000455692 1.76764e-15 507737 4 
0.08046 4.99744e-05 2 0 2 262144 64.5945 6.57444e+06

Pressure Residuals  	 - 	 2 7567.69 14.6059 22.7624 10 
Velocity Residuals  	 - 	 2 0.000468685 1.76729e-15 514976 4 
0.08051 4.99744e-05 2 0 2 262144 64.6364 6.57424e+06

Pressure Residuals  	 - 	 2 6035.37 14.0619 20.7172 10 
Velocity Residuals  	 - 	 2 0.000481748 1.76367e-15 522639 4 
0.08056 4.99744e-05 2 0 2 262144 64.6788 6.57399e+06

Pressure Residuals  	 - 	 2 11445.3 22.7474 22.431 10 
Velocity Residuals  	 - 	 2 0.000492757 1.76918e-15 527753 4 
0.0806099 4.99744e-05 2 0 2 262144 64.7205 6.5738e+06

Pressure Residuals  	 - 	 2 196597 346.487 23.8201 10 
Velocity Residuals  	 - 	 2 0.000431838 1.77004e-15 493934 4 
0.0806599 4.99744e-05 2 0 2 262144 64.7632 6.57352e+06

Pressure Residuals  	 - 	 2 195831 63.2752 55.6319 10 
Velocity Residuals  	 - 	 2 0.000431872 1.73919e-15 498315 4 
0.0807099 4.99744e-05 2 0 2 262144 64.8071 6.57311e+06

Pressure Residuals  	 - 	 2 119302 105.924 33.5604 10 
Velocity Residuals  	 - 	 2 0.000431898 1.77028e-15 493935 4 
0.0807599 4.99744e-05 2 0 2 262144 64.8509 6.57271e+06

Pressure Residuals  	 - 	 2 65706.2 79.5154 28.746 10 
Velocity Residuals  	 - 	 2 0.000431925 1.75479e-15 496125 4 
0.0808098 4.99744e-05 2 0 2 262144 64.8934 6.57245e+06

Pressure Residuals  	 - 	 2 35258.5 41.4174 29.177 10 
Velocity Residuals  	 - 	 2 0.000431955 1.75901e-15 495548 4 
0.0808598 4.99744e-05 2 0 2 262144 64.9352 6.57225e+06

Pressure Residuals  	 - 	 2 25252 23.2485 32.9572 10 
Velocity Residuals  	 - 	 2 0.000431988 1.73278e-15 499303 4 
0.0809098 4.99744e-05 2 0 2 262144 64.9778 6.57198e+06

Pressure Residuals  	 - 	 2 22852.9 14.8893 39.1773 10 
Velocity Residuals  	 - 	 2 0.000432021 1.77288e-15 493643 4 
0.0809598 4.99744e-05 2 0 2 262144 65.0196 6.57178e+06

Pressure Residuals  	 - 	 2 25256.8 10.2852 49.5544 10 
Velocity Residuals  	 - 	 2 0.000432054 1.76785e-15 494364 4 
0.0810097 4.99744e-05 2 0 2 262144 65.0614 6.57159e+06

Pressure Residuals  	 - 	 2 23109.6 9.06559 50.4892 10 
Velocity Residuals  	 - 	 2 0.000432089 1.7488e-15 497068 4 
0.0810597 4.99744e-05 2 0 2 262144 65.1037 6.57135e+06

Pressure Residuals  	 - 	 2 22681.8 8.99452 50.2169 10 
Velocity Residuals  	 - 	 2 0.000432124 1.75988e-15 495521 4 
0.0811097 4.99744e-05 2 0 2 262144 65.1455 6.57115e+06

Pressure Residuals  	 - 	 2 19685.8 9.16286 46.3512 10 
Velocity Residuals  	 - 	 2 0.00043216 1.76703e-15 494538 4 
0.0811597 4.99744e-05 2 0 2 262144 65.1881 6.57088e+06

Pressure Residuals  	 - 	 2 18232.6 9.86778 42.9848 10 
Velocity Residuals  	 - 	 2 0.000432197 1.77377e-15 493620 4 
0.0812096 4.99744e-05 2 0 2 262144 65.2288 6.5708e+06

Pressure Residuals  	 - 	 2 15854.3 9.02441 41.9145 10 
Velocity Residuals  	 - 	 2 0.000432234 1.76882e-15 494331 4 
0.0812596 4.99744e-05 2 0 2 262144 65.2696 6.57071e+06

Pressure Residuals  	 - 	 2 15628.6 8.23183 43.5724 10 
Velocity Residuals  	 - 	 2 0.000432273 1.76924e-15 494294 4 
0.0813096 4.99744e-05 2 0 2 262144 65.3133 6.57033e+06

Pressure Residuals  	 - 	 2 13422 7.83902 41.3788 10 
Velocity Residuals  	 - 	 2 0.000432312 1.77494e-15 493523 4 
0.0813596 4.99744e-05 2 0 2 262144 65.355 6.57014e+06

Pressure Residuals  	 - 	 2 13333.4 7.19747 43.0408 10 
Velocity Residuals  	 - 	 2 0.000432353 1.76329e-15 495174 4 
0.0814095 4.99744e-05 2 0 2 262144 65.3975 6.56988e+06

Pressure Residuals  	 - 	 2 11750.9 6.96728 41.068 10 
Velocity Residuals  	 - 	 2 0.000432393 1.77041e-15 494200 4 
0.0814595 4.99744e-05 2 0 2 262144 65.4396 6.56967e+06

Pressure Residuals  	 - 	 2 11810.1 6.22912 43.5425 10 
Velocity Residuals  	 - 	 2 0.000432436 1.76339e-15 495207 4 
0.0815095 4.99744e-05 2 0 2 262144 65.4813 6.56948e+06

Pressure Residuals  	 - 	 2 11084.6 6.89039 40.1086 10 
Velocity Residuals  	 - 	 2 0.000432478 1.76981e-15 494332 4 
0.0815594 4.99744e-05 2 0 2 262144 65.5247 6.56913e+06

Pressure Residuals  	 - 	 2 11052 5.37824 45.3316 10 
Velocity Residuals  	 - 	 2 0.000432522 1.7695e-15 494401 4 
0.0816094 4.99744e-05 2 0 2 262144 65.5669 6.5689e+06

Pressure Residuals  	 - 	 2 11190.6 7.04421 39.8575 10 
Velocity Residuals  	 - 	 2 0.000432566 1.74461e-15 497940 4 
0.0816594 4.99744e-05 2 0 2 262144 65.6085 6.56873e+06

Pressure Residuals  	 - 	 2 10268.7 4.88974 45.8262 10 
Velocity Residuals  	 - 	 2 0.000432612 1.77499e-15 493687 4 
0.0817094 4.99744e-05 2 0 2 262144 65.6508 6.56849e+06

Pressure Residuals  	 - 	 2 9615.69 6.95544 37.1816 10 
Velocity Residuals  	 - 	 2 0.000432657 1.74745e-15 497587 4 
0.0817593 4.99744e-05 2 0 2 262144 65.6923 6.56833e+06

Pressure Residuals  	 - 	 2 11298.7 6.17804 42.765 10 
Velocity Residuals  	 - 	 2 0.000432705 1.74949e-15 497325 4 
0.0818093 4.99744e-05 2 0 2 262144 65.734 6.56816e+06

Pressure Residuals  	 - 	 2 9639.77 7.35603 36.2002 10 
Velocity Residuals  	 - 	 2 0.000432752 1.77487e-15 493783 4 
0.0818593 4.99744e-05 2 0 2 262144 65.778 6.56775e+06

Pressure Residuals  	 - 	 2 8928.07 5.13458 41.6991 10 
Velocity Residuals  	 - 	 2 0.000432802 1.76951e-15 494559 4 
0.0819093 4.99744e-05 2 0 2 262144 65.822 6.56734e+06

Pressure Residuals  	 - 	 2 13336 8.5015 39.6063 10 
Velocity Residuals  	 - 	 2 0.000432851 1.77464e-15 493872 4 
0.0819592 4.99744e-05 2 0 2 262144 65.8653 6.56701e+06

Pressure Residuals  	 - 	 2 14357.5 7.7081 43.1584 10 
Velocity Residuals  	 - 	 2 0.000432902 1.77585e-15 493732 4 
0.0820092 4.99744e-05 2 0 2 262144 65.907 6.56682e+06

Pressure Residuals  	 - 	 2 17670 10.2289 41.5628 10 
Velocity Residuals  	 - 	 2 0.000432953 1.76586e-15 495156 4 
0.0820592 4.99744e-05 2 0 2 262144 65.9488 6.56664e+06

Pressure Residuals  	 - 	 2 22252.6 12.4696 42.2439 10 
Velocity Residuals  	 - 	 2 0.000433005 1.75365e-15 496908 4 
0.0821092 4.99744e-05 2 0 2 262144 65.9915 6.56636e+06

Pressure Residuals  	 - 	 2 21857.8 11.9814 42.712 10 
Velocity Residuals  	 - 	 2 0.000433058 1.76689e-15 495072 4 
0.0821591 4.99744e-05 2 0 2 262144 66.0333 6.56618e+06

Pressure Residuals  	 - 	 2 32496.2 17.1623 43.514 10 
Velocity Residuals  	 - 	 2 0.000433112 1.77053e-15 494594 4 
0.0822091 4.99744e-05 2 0 2 262144 66.076 6.5659e+06

Pressure Residuals  	 - 	 2 73563.6 31.9498 47.9841 10 
Velocity Residuals  	 - 	 2 0.000433167 1.77141e-15 494503 4 
0.0822591 4.99744e-05 2 0 2 262144 66.1183 6.56566e+06

Pressure Residuals  	 - 	 2 224020 120.163 43.1776 10 
Velocity Residuals  	 - 	 2 0.00043322 1.76907e-15 494860 4 
0.0823091 4.99744e-05 2 0 2 262144 66.1601 6.56548e+06

Pressure Residuals  	 - 	 2 257346 103.604 49.8392 10 
Velocity Residuals  	 - 	 2 0.000433267 1.77416e-15 494176 4 
0.082359 4.99744e-05 2 0 2 262144 66.2016 6.56532e+06

Pressure Residuals  	 - 	 2 168746 83.254 45.021 10 
Velocity Residuals  	 - 	 2 0.000433307 1.76294e-15 495769 4 
0.082409 4.99744e-05 2 0 2 262144 66.2425 6.56522e+06

Pressure Residuals  	 - 	 2 98003.6 42.6319 47.9461 10 
Velocity Residuals  	 - 	 2 0.000433347 1.76941e-15 494884 4 
0.082459 4.99744e-05 2 0 2 262144 66.2834 6.56513e+06

Pressure Residuals  	 - 	 2 49577.2 40.4002 35.0307 10 
Velocity Residuals  	 - 	 2 0.000433384 1.72555e-15 501157 4 
0.082509 4.99744e-05 2 0 2 262144 66.3264 6.56482e+06

Pressure Residuals  	 - 	 2 33197.8 52.3251 25.1884 10 
Velocity Residuals  	 - 	 2 0.000433426 1.75534e-15 496908 4 
0.0825589 4.99744e-05 2 0 2 262144 66.3682 6.56464e+06

Pressure Residuals  	 - 	 2 40536.4 28.6053 37.6443 10 
Velocity Residuals  	 - 	 2 0.000433464 1.7641e-15 495696 4 
0.0826089 4.99744e-05 2 0 2 262144 66.4106 6.5644e+06

Pressure Residuals  	 - 	 2 28862 54.9415 22.9199 10 
Velocity Residuals  	 - 	 2 0.000433507 1.758e-15 496580 4 
0.0826589 4.99744e-05 2 0 2 262144 66.4524 6.56421e+06

Pressure Residuals  	 - 	 2 35577.8 19.7898 42.4002 10 
Velocity Residuals  	 - 	 2 0.000433548 1.75723e-15 496712 4 
0.0827089 4.99744e-05 2 0 2 262144 66.4941 6.56403e+06

Pressure Residuals  	 - 	 2 34578.3 47.1 27.0952 10 
Velocity Residuals  	 - 	 2 0.000433592 1.77154e-15 494727 4 
0.0827588 4.99744e-05 2 0 2 262144 66.5373 6.56372e+06

Pressure Residuals  	 - 	 2 36250.7 11.9453 55.0883 10 
Velocity Residuals  	 - 	 2 0.000433634 1.74559e-15 498414 4 
0.0828088 4.99744e-05 2 0 2 262144 66.5789 6.56355e+06

Pressure Residuals  	 - 	 2 34619.8 39.8003 29.493 10 
Velocity Residuals  	 - 	 2 0.00043368 1.76686e-15 495431 4 
0.0828588 4.99744e-05 2 0 2 262144 66.6206 6.56338e+06

Pressure Residuals  	 - 	 2 33992 4.36418 88.2546 10 
Velocity Residuals  	 - 	 2 0.000433723 1.7758e-15 494207 4 
0.0829088 4.99744e-05 2 0 2 262144 66.6632 6.56311e+06

Pressure Residuals  	 - 	 2 56153.6 41.3081 36.8698 10 
Velocity Residuals  	 - 	 2 0.00043377 1.77506e-15 494336 4 
0.0829587 4.99744e-05 2 0 2 262144 66.7049 6.56294e+06

Pressure Residuals  	 - 	 2 52048.7 12.9533 63.3891 10 
Velocity Residuals  	 - 	 2 0.000433814 1.76001e-15 496472 4 
0.0830087 4.99744e-05 2 0 2 262144 66.7474 6.56269e+06

Pressure Residuals  	 - 	 2 49431.6 34.022 38.1173 10 
Velocity Residuals  	 - 	 2 0.000433862 1.77442e-15 494479 4 
0.0830587 4.99744e-05 2 0 2 262144 66.7891 6.56252e+06

Pressure Residuals  	 - 	 2 37544 6.86541 73.9498 10 
Velocity Residuals  	 - 	 2 0.000433907 1.76762e-15 495454 4 
0.0831087 4.99744e-05 2 0 2 262144 66.8309 6.56234e+06

Pressure Residuals  	 - 	 2 37427 18.9364 44.4574 10 
Velocity Residuals  	 - 	 2 0.000433955 1.77424e-15 494557 4 
0.0831586 4.99744e-05 2 0 2 262144 66.8748 6.56195e+06

Pressure Residuals  	 - 	 2 26376.4 5.8179 67.3325 10 
Velocity Residuals  	 - 	 2 0.000434002 1.7708e-15 495063 4 
0.0832086 4.99744e-05 2 0 2 262144 66.9171 6.56172e+06

Pressure Residuals  	 - 	 2 28118.2 13.0386 46.4385 10 
Velocity Residuals  	 - 	 2 0.000434049 1.76858e-15 495402 4 
0.0832586 4.99744e-05 2 0 2 262144 66.9594 6.56149e+06

Pressure Residuals  	 - 	 2 16553.3 6.14105 51.9184 10 
Velocity Residuals  	 - 	 2 0.000434097 1.75764e-15 496968 4 
0.0833086 4.99744e-05 2 0 2 262144 67.0002 6.5614e+06

Pressure Residuals  	 - 	 2 20682.2 7.63692 52.0402 10 
Velocity Residuals  	 - 	 2 0.000434144 1.77501e-15 494558 4 
0.0833585 4.99744e-05 2 0 2 262144 67.041 6.56132e+06

Pressure Residuals  	 - 	 2 14730.3 6.33302 48.2282 10 
Velocity Residuals  	 - 	 2 0.000434192 1.74566e-15 498725 4 
0.0834085 4.99744e-05 2 0 2 262144 67.0833 6.5611e+06

Pressure Residuals  	 - 	 2 15109 6.38026 48.663 10 
Velocity Residuals  	 - 	 2 0.00043424 1.77527e-15 494576 4 
0.0834585 4.99744e-05 2 0 2 262144 67.125 6.56092e+06

Pressure Residuals  	 - 	 2 13201.4 6.43895 45.2796 10 
Velocity Residuals  	 - 	 2 0.000434287 1.76883e-15 495502 4 
0.0835084 4.99744e-05 2 0 2 262144 67.1674 6.56068e+06

Pressure Residuals  	 - 	 2 12107.1 6.45568 43.3061 10 
Velocity Residuals  	 - 	 2 0.000446629 1.75637e-15 504273 4 
0.0835584 4.99744e-05 2 0 2 262144 67.2089 6.56054e+06

Pressure Residuals  	 - 	 2 18091.6 6.437 53.0147 10 
Velocity Residuals  	 - 	 2 0.000456488 1.76235e-15 508942 4 
0.0836084 4.99744e-05 2 0 2 262144 67.2497 6.56045e+06

Pressure Residuals  	 - 	 2 390993 36.8041 103.071 10 
Velocity Residuals  	 - 	 2 0.000434429 1.77427e-15 494823 4 
0.0836584 4.99744e-05 2 0 2 262144 67.2912 6.5603e+06

Pressure Residuals  	 - 	 2 363363 66.453 73.9457 10 
Velocity Residuals  	 - 	 2 0.000434462 1.77334e-15 494970 4 
0.0837083 4.99744e-05 2 0 2 262144 67.3336 6.56006e+06

Pressure Residuals  	 - 	 2 247908 40.6905 78.0547 10 
Velocity Residuals  	 - 	 2 0.000434496 1.74368e-15 499182 4 
0.0837583 4.99744e-05 2 0 2 262144 67.3755 6.55988e+06

Pressure Residuals  	 - 	 2 156694 34.0442 67.8429 10 
Velocity Residuals  	 - 	 2 0.000434536 1.76624e-15 496008 4 
0.0838083 4.99744e-05 2 0 2 262144 67.4182 6.55961e+06

Pressure Residuals  	 - 	 2 97354.1 39.2798 49.7843 10 
Velocity Residuals  	 - 	 2 0.000434576 1.77556e-15 494727 4 
0.0838583 4.99744e-05 2 0 2 262144 67.46 6.55943e+06

Pressure Residuals  	 - 	 2 67125.7 35.6546 43.3897 10 
Velocity Residuals  	 - 	 2 0.000434616 1.77146e-15 495322 4 
0.0839082 4.99744e-05 2 0 2 262144 67.5018 6.55925e+06

Pressure Residuals  	 - 	 2 48478.8 28.0271 41.5898 10 
Velocity Residuals  	 - 	 2 0.000434654 1.77243e-15 495208 4 
0.0839582 4.99744e-05 2 0 2 262144 67.5442 6.55901e+06

Pressure Residuals  	 - 	 2 35167.5 21.929 40.0461 10 
Velocity Residuals  	 - 	 2 0.000434693 1.77007e-15 495560 4 
0.0840082 4.99744e-05 2 0 2 262144 67.586 6.55884e+06

Pressure Residuals  	 - 	 2 24587.3 16.3115 38.8247 10 
Velocity Residuals  	 - 	 2 0.000434731 1.77199e-15 495313 4 
0.0840582 4.99744e-05 2 0 2 262144 67.6283 6.55861e+06

Pressure Residuals  	 - 	 2 23641.7 12.484 43.5173 10 
Velocity Residuals  	 - 	 2 0.000434768 1.77282e-15 495218 4 
0.0841081 4.99744e-05 2 0 2 262144 67.6702 6.55842e+06

Pressure Residuals  	 - 	 2 21407.2 9.03681 48.6712 10 
Velocity Residuals  	 - 	 2 0.000434805 1.76851e-15 495842 4 
0.0841581 4.99744e-05 2 0 2 262144 67.7122 6.55823e+06

Pressure Residuals  	 - 	 2 19739 6.86515 53.6213 10 
Velocity Residuals  	 - 	 2 0.000434842 1.77451e-15 495024 4 
0.0842081 4.99744e-05 2 0 2 262144 67.7546 6.55799e+06

Pressure Residuals  	 - 	 2 17865.6 5.97587 54.6774 10 
Velocity Residuals  	 - 	 2 0.000434878 1.7751e-15 494962 4 
0.0842581 4.99744e-05 2 0 2 262144 67.7965 6.55781e+06

Pressure Residuals  	 - 	 2 16145.8 5.97645 51.9766 10 
Velocity Residuals  	 - 	 2 0.000434915 1.771e-15 495555 4 
0.084308 4.99744e-05 2 0 2 262144 67.8391 6.55755e+06

Pressure Residuals  	 - 	 2 14409.8 6.09257 48.6328 10 
Velocity Residuals  	 - 	 2 0.00043495 1.77522e-15 494987 4 
0.084358 4.99744e-05 2 0 2 262144 67.8809 6.55738e+06

Pressure Residuals  	 - 	 2 12965.4 5.93879 46.7244 10 
Velocity Residuals  	 - 	 2 0.000434985 1.77451e-15 495106 4 
0.084408 4.99744e-05 2 0 2 262144 67.9228 6.55719e+06

Pressure Residuals  	 - 	 2 11512.5 5.90679 44.1478 10 
Velocity Residuals  	 - 	 2 0.000435019 1.76051e-15 497090 4 
0.084458 4.99744e-05 2 0 2 262144 67.9661 6.55687e+06

Pressure Residuals  	 - 	 2 23080 22.0537 32.3502 10 
Velocity Residuals  	 - 	 2 0.000435053 1.75959e-15 497239 4 
0.0845079 4.99744e-05 2 0 2 262144 68.0079 6.55669e+06

Pressure Residuals  	 - 	 2 22317 12.2371 42.7049 10 
Velocity Residuals  	 - 	 2 0.000435085 1.77026e-15 495756 4 
0.0845579 4.99744e-05 2 0 2 262144 68.0497 6.55652e+06

Pressure Residuals  	 - 	 2 10047.1 5.60925 42.3221 10 
Velocity Residuals  	 - 	 2 0.000435118 1.76195e-15 496944 4 
0.0846079 4.99744e-05 2 0 2 262144 68.092 6.55629e+06

Pressure Residuals  	 - 	 2 9532.19 5.91617 40.1399 10 
Velocity Residuals  	 - 	 2 0.000435149 1.7732e-15 495382 4 
0.0846579 4.99744e-05 2 0 2 262144 68.1336 6.55614e+06

Pressure Residuals  	 - 	 2 9942.71 6.225 39.9653 10 
Velocity Residuals  	 - 	 2 0.00043518 1.76488e-15 496566 4 
0.0847078 4.99744e-05 2 0 2 262144 68.176 6.55591e+06

Pressure Residuals  	 - 	 2 11973.2 6.72371 42.1988 10 
Velocity Residuals  	 - 	 2 0.00043521 1.76482e-15 496592 4 
0.0847578 4.99744e-05 2 0 2 262144 68.2173 6.55578e+06

Pressure Residuals  	 - 	 2 11291.8 6.63102 41.2659 10 
Velocity Residuals  	 - 	 2 0.00043524 1.74618e-15 499252 4 
0.0848078 4.99744e-05 2 0 2 262144 68.2582 6.5557e+06

Pressure Residuals  	 - 	 2 11291.2 5.18782 46.6529 10 
Velocity Residuals  	 - 	 2 0.000435268 1.77563e-15 495110 4 
0.0848578 4.99744e-05 2 0 2 262144 68.3001 6.55551e+06

Pressure Residuals  	 - 	 2 12118.7 4.93629 49.5482 10 
Velocity Residuals  	 - 	 2 0.000435296 1.75175e-15 498490 4 
0.0849077 4.99744e-05 2 0 2 262144 68.3419 6.55533e+06

Pressure Residuals  	 - 	 2 12585.8 7.32287 41.4572 10 
Velocity Residuals  	 - 	 2 0.000435323 1.75121e-15 498582 4 
0.0849577 4.99744e-05 2 0 2 262144 68.3841 6.55512e+06

Pressure Residuals  	 - 	 2 12874.1 5.85612 46.8871 10 
Velocity Residuals  	 - 	 2 0.00043535 1.77426e-15 495349 4 
0.0850077 4.99744e-05 2 0 2 262144 68.4265 6.55489e+06

Pressure Residuals  	 - 	 2 11951.7 5.71789 45.719 10 
Velocity Residuals  	 - 	 2 0.000435375 1.77177e-15 495711 4 
0.0850577 4.99744e-05 2 0 2 262144 68.4681 6.55474e+06

Pressure Residuals  	 - 	 2 10073.4 5.93479 41.1989 10 
Velocity Residuals  	 - 	 2 0.000435401 1.75972e-15 497419 4 
0.0851076 4.99744e-05 2 0 2 262144 68.5104 6.55452e+06

Pressure Residuals  	 - 	 2 11969.3 7.81029 39.1471 10 
Velocity Residuals  	 - 	 2 0.000435424 1.77126e-15 495810 4 
0.0851576 4.99744e-05 2 0 2 262144 68.5522 6.55435e+06

Pressure Residuals  	 - 	 2 12128.2 6.37852 43.6052 10 
Velocity Residuals  	 - 	 2 0.000435448 1.77306e-15 495571 4 
0.0852076 4.99744e-05 2 0 2 262144 68.5938 6.5542e+06

Pressure Residuals  	 - 	 2 8273.87 4.12616 44.7797 10 
Velocity Residuals  	 - 	 2 0.00043547 1.76603e-15 496569 4 
0.0852576 4.99744e-05 2 0 2 262144 68.6359 6.55399e+06

Pressure Residuals  	 - 	 2 6853.65 4.23182 40.2437 10 
Velocity Residuals  	 - 	 2 0.000435491 1.75996e-15 497437 4 
0.0853075 4.99744e-05 2 0 2 262144 68.6774 6.55385e+06

Pressure Residuals  	 - 	 2 10026.3 6.30803 39.8679 10 
Velocity Residuals  	 - 	 2 0.000435511 1.76019e-15 497416 4 
0.0853575 4.99744e-05 2 0 2 262144 68.7201 6.55359e+06

Pressure Residuals  	 - 	 2 9513.31 5.93469 40.0375 10 
Velocity Residuals  	 - 	 2 0.000435531 1.77123e-15 495875 4 
0.0854075 4.99744e-05 2 0 2 262144 68.7623 6.55338e+06

Pressure Residuals  	 - 	 2 8926.34 6.15213 38.0911 10 
Velocity Residuals  	 - 	 2 0.00043555 1.73417e-15 501156 4 
0.0854575 4.99744e-05 2 0 2 262144 68.804 6.55322e+06

Pressure Residuals  	 - 	 2 9774.23 6.52159 38.7137 10 
Velocity Residuals  	 - 	 2 0.000435568 1.75837e-15 497706 4 
0.0855074 4.99744e-05 2 0 2 262144 68.8465 6.55298e+06

Pressure Residuals  	 - 	 2 23127.9 5.3109 65.9909 10 
Velocity Residuals  	 - 	 2 0.000435584 1.76008e-15 497474 4 
0.0855574 4.99744e-05 2 0 2 262144 68.8882 6.55282e+06

Pressure Residuals  	 - 	 2 14914 4.27623 59.0564 10 
Velocity Residuals  	 - 	 2 0.000435602 1.77524e-15 495355 4 
0.0856074 4.99744e-05 2 0 2 262144 68.93 6.55265e+06

Pressure Residuals  	 - 	 2 29127 4.67165 78.961 10 
Velocity Residuals  	 - 	 2 0.000435617 1.76892e-15 496247 4 
0.0856573 4.99744e-05 2 0 2 262144 68.9741 6.55226e+06

Pressure Residuals  	 - 	 2 18928.8 4.35438 65.9322 10 
Velocity Residuals  	 - 	 2 0.000435633 1.77051e-15 496034 4 
0.0857073 4.99744e-05 2 0 2 262144 69.0166 6.55202e+06

Pressure Residuals  	 - 	 2 30024.4 4.23988 84.1511 10 
Velocity Residuals  	 - 	 2 0.000435648 1.76117e-15 497356 4 
0.0857573 4.99744e-05 2 0 2 262144 69.0584 6.55186e+06

Pressure Residuals  	 - 	 2 19352.1 4.74224 63.8811 10 
Velocity Residuals  	 - 	 2 0.000435663 1.77482e-15 495448 4 
0.0858073 4.99744e-05 2 0 2 262144 69.101 6.55161e+06

Pressure Residuals  	 - 	 2 27986.2 5.50138 71.324 10 
Velocity Residuals  	 - 	 2 0.000435677 1.77455e-15 495494 4 
0.0858572 4.99744e-05 2 0 2 262144 69.1443 6.5513e+06

Pressure Residuals  	 - 	 2 17665.3 4.46893 62.8722 10 
Velocity Residuals  	 - 	 2 0.000435691 1.77432e-15 495534 4 
0.0859072 4.99744e-05 2 0 2 262144 69.1862 6.55111e+06

Pressure Residuals  	 - 	 2 24389.6 3.80283 80.0846 10 
Velocity Residuals  	 - 	 2 0.000435705 1.76316e-15 497108 4 
0.0859572 4.99744e-05 2 0 2 262144 69.2272 6.55102e+06

Pressure Residuals  	 - 	 2 14927.8 8.18742 42.6997 10 
Velocity Residuals  	 - 	 2 0.000435718 1.75705e-15 497978 4 
0.0860072 4.99744e-05 2 0 2 262144 69.2684 6.55091e+06

Pressure Residuals  	 - 	 2 14136.7 9.99472 37.6088 10 
Velocity Residuals  	 - 	 2 0.000435731 1.77356e-15 495662 4 
0.0860571 4.99744e-05 2 0 2 262144 69.3105 6.55072e+06

Pressure Residuals  	 - 	 2 107756 32.1612 57.8835 10 
Velocity Residuals  	 - 	 2 0.000435742 1.74939e-15 499081 4 
0.0861071 4.99744e-05 2 0 2 262144 69.3523 6.55055e+06

Pressure Residuals  	 - 	 2 153140 34.8183 66.3195 10 
Velocity Residuals  	 - 	 2 0.000435747 1.7725e-15 495820 4 
0.0861571 4.99744e-05 2 0 2 262144 69.3947 6.55033e+06

Pressure Residuals  	 - 	 2 127767 40.9953 55.8267 10 
Velocity Residuals  	 - 	 2 0.000435746 1.77347e-15 495684 4 
0.0862071 4.99744e-05 2 0 2 262144 69.4371 6.5501e+06

Pressure Residuals  	 - 	 2 421967 225.437 43.2641 10 
Velocity Residuals  	 - 	 2 0.000435746 1.76729e-15 496549 4 
0.086257 4.99744e-05 2 0 2 262144 69.4789 6.54993e+06

Pressure Residuals  	 - 	 2 119055 36.9467 56.7656 10 
Velocity Residuals  	 - 	 2 0.000435712 1.76455e-15 496915 4 
0.086307 4.99744e-05 2 0 2 262144 69.5216 6.54968e+06

Pressure Residuals  	 - 	 2 55539.2 38.2674 38.0965 10 
Velocity Residuals  	 - 	 2 0.000435698 1.77101e-15 496001 4 
0.086357 4.99744e-05 2 0 2 262144 69.5639 6.54946e+06

Pressure Residuals  	 - 	 2 80296.3 66.6858 34.7001 10 
Velocity Residuals  	 - 	 2 0.000435681 1.77369e-15 495617 4 
0.086407 4.99744e-05 2 0 2 262144 69.6056 6.54931e+06

Pressure Residuals  	 - 	 2 90995.2 73.9417 35.0804 10 
Velocity Residuals  	 - 	 2 0.000435668 1.72243e-15 502929 4 
0.0864569 4.99744e-05 2 0 2 262144 69.6482 6.54906e+06

Pressure Residuals  	 - 	 2 94769.3 73.9941 35.7878 10 
Velocity Residuals  	 - 	 2 0.000435653 1.75688e-15 497967 4 
0.0865069 4.99744e-05 2 0 2 262144 69.6914 6.54877e+06

Pressure Residuals  	 - 	 2 86085.2 72.4991 34.4586 10 
Velocity Residuals  	 - 	 2 0.000435641 1.76636e-15 496621 4 
0.0865569 4.99744e-05 2 0 2 262144 69.7331 6.54861e+06

Pressure Residuals  	 - 	 2 84774.3 43.8721 43.958 10 
Velocity Residuals  	 - 	 2 0.000435629 1.77104e-15 495957 4 
0.0866069 4.99744e-05 2 0 2 262144 69.7748 6.54846e+06

Pressure Residuals  	 - 	 2 419993 59.025 84.3535 10 
Velocity Residuals  	 - 	 2 0.000435616 1.77498e-15 495399 4 
0.0866568 4.99744e-05 2 0 2 262144 69.8173 6.54822e+06

Pressure Residuals  	 - 	 2 288064 122.974 48.3992 10 
Velocity Residuals  	 - 	 2 0.000435593 1.74428e-15 499726 4 
0.0867068 4.99744e-05 2 0 2 262144 69.859 6.54806e+06

Pressure Residuals  	 - 	 2 194587 121.398 40.036 10 
Velocity Residuals  	 - 	 2 0.000435574 1.77332e-15 495606 4 
0.0867568 4.99744e-05 2 0 2 262144 69.9018 6.54781e+06

Pressure Residuals  	 - 	 2 124175 72.1722 41.4794 10 
Velocity Residuals  	 - 	 2 0.000435557 1.77548e-15 495295 4 
0.0868068 4.99744e-05 2 0 2 262144 69.9435 6.54765e+06

Pressure Residuals  	 - 	 2 77329.3 33.4728 48.0647 10 
Velocity Residuals  	 - 	 2 0.000435541 1.76001e-15 497459 4 
0.0868567 4.99744e-05 2 0 2 262144 69.9852 6.54749e+06

Pressure Residuals  	 - 	 2 53450.1 14.9238 59.8459 10 
Velocity Residuals  	 - 	 2 0.000435525 1.76372e-15 496926 4 
0.0869067 4.99744e-05 2 0 2 262144 70.0276 6.54727e+06

Pressure Residuals  	 - 	 2 45497.8 9.17551 70.4174 10 
Velocity Residuals  	 - 	 2 0.00043551 1.77383e-15 495499 4 
0.0869567 4.99744e-05 2 0 2 262144 70.0693 6.54712e+06

Pressure Residuals  	 - 	 2 43713.3 8.2017 73.0054 10 
Velocity Residuals  	 - 	 2 0.000435496 1.77444e-15 495406 4 
0.0870067 4.99744e-05 2 0 2 262144 70.1118 6.54689e+06

Pressure Residuals  	 - 	 2 40060.2 11.4409 59.1734 10 
Velocity Residuals  	 - 	 2 0.000435482 1.77569e-15 495224 4 
0.0870566 4.99744e-05 2 0 2 262144 70.1535 6.54674e+06

Pressure Residuals  	 - 	 2 36627.5 12.2935 54.584 10 
Velocity Residuals  	 - 	 2 0.000435469 1.75919e-15 497533 4 
0.0871066 4.99744e-05 2 0 2 262144 70.1952 6.54658e+06

Pressure Residuals  	 - 	 2 32787.2 13.1737 49.8882 10 
Velocity Residuals  	 - 	 2 0.000435457 1.76735e-15 496376 4 
0.0871566 4.99744e-05 2 0 2 262144 70.236 6.5465e+06

Pressure Residuals  	 - 	 2 29666.8 12.7721 48.1953 10 
Velocity Residuals  	 - 	 2 0.000435445 1.7362e-15 500803 4 
0.0872066 4.99744e-05 2 0 2 262144 70.2769 6.54643e+06

Pressure Residuals  	 - 	 2 26523.1 13.0149 45.1432 10 
Velocity Residuals  	 - 	 2 0.000435433 1.77397e-15 495435 4 
0.0872565 4.99744e-05 2 0 2 262144 70.3193 6.54621e+06

Pressure Residuals  	 - 	 2 24107.3 12.3337 44.2106 10 
Velocity Residuals  	 - 	 2 0.000435423 1.7665e-15 496476 4 
0.0873065 4.99744e-05 2 0 2 262144 70.3612 6.54604e+06

Pressure Residuals  	 - 	 2 21741.8 12.4808 41.7376 10 
Velocity Residuals  	 - 	 2 0.000435412 1.77194e-15 495708 4 
0.0873565 4.99744e-05 2 0 2 262144 70.404 6.54578e+06

Pressure Residuals  	 - 	 2 20004.6 11.7394 41.2803 10 
Velocity Residuals  	 - 	 2 0.000435403 1.77224e-15 495660 4 
0.0874065 4.99744e-05 2 0 2 262144 70.4465 6.54555e+06

Pressure Residuals  	 - 	 2 18299.7 11.7583 39.4503 10 
Velocity Residuals  	 - 	 2 0.000435393 1.77626e-15 495094 4 
0.0874564 4.99744e-05 2 0 2 262144 70.4883 6.54539e+06

Pressure Residuals  	 - 	 2 18359.1 10.4718 41.8711 10 
Velocity Residuals  	 - 	 2 0.000435385 1.76319e-15 496920 4 
0.0875064 4.99744e-05 2 0 2 262144 70.5309 6.54515e+06

Pressure Residuals  	 - 	 2 17050.3 9.50489 42.3538 10 
Velocity Residuals  	 - 	 2 0.000435377 1.77504e-15 495255 4 
0.0875564 4.99744e-05 2 0 2 262144 70.5741 6.54486e+06

Pressure Residuals  	 - 	 2 14642.9 7.16038 45.2215 10 
Velocity Residuals  	 - 	 2 0.00043537 1.74254e-15 499847 4 
0.0876064 4.99744e-05 2 0 2 262144 70.6159 6.5447e+06

Pressure Residuals  	 - 	 2 13201.4 6.19374 46.1672 10 
Velocity Residuals  	 - 	 2 0.000435363 1.76228e-15 497037 4 
0.0876563 4.99744e-05 2 0 2 262144 70.6576 6.54455e+06

Pressure Residuals  	 - 	 2 11707.3 5.53477 45.9917 10 
Velocity Residuals  	 - 	 2 0.000435357 1.77452e-15 495316 4 
0.0877063 4.99744e-05 2 0 2 262144 70.7002 6.54431e+06

Pressure Residuals  	 - 	 2 12256.7 5.58069 46.8645 10 
Velocity Residuals  	 - 	 2 0.00043535 1.75466e-15 498107 4 
0.0877563 4.99744e-05 2 0 2 262144 70.742 6.54415e+06

Pressure Residuals  	 - 	 2 13235.9 5.60123 48.6111 10 
Velocity Residuals  	 - 	 2 0.000435345 1.75461e-15 498111 4 
0.0878062 4.99744e-05 2 0 2 262144 70.7846 6.54391e+06

Pressure Residuals  	 - 	 2 10497.2 5.65106 43.0994 10 
Velocity Residuals  	 - 	 2 0.00043534 1.7616e-15 497119 4 
0.0878562 4.99744e-05 2 0 2 262144 70.827 6.5437e+06

Pressure Residuals  	 - 	 2 9325.63 5.58673 40.8564 10 
Velocity Residuals  	 - 	 2 0.000435336 1.74444e-15 499556 4 
0.0879062 4.99744e-05 2 0 2 262144 70.8688 6.54354e+06

Pressure Residuals  	 - 	 2 10170.5 5.43164 43.272 10 
Velocity Residuals  	 - 	 2 0.000435332 1.76059e-15 497257 4 
0.0879562 4.99744e-05 2 0 2 262144 70.9115 6.5433e+06

Pressure Residuals  	 - 	 2 10903.4 5.29679 45.3706 10 
Velocity Residuals  	 - 	 2 0.000435329 1.77574e-15 495129 4 
0.0880061 4.99744e-05 2 0 2 262144 70.9532 6.54315e+06

Pressure Residuals  	 - 	 2 8055.46 5.15024 39.5486 10 
Velocity Residuals  	 - 	 2 0.000435325 1.76086e-15 497215 4 
0.0880561 4.99744e-05 2 0 2 262144 70.9949 6.54299e+06

Pressure Residuals  	 - 	 2 7707.15 4.43101 41.7057 10 
Velocity Residuals  	 - 	 2 0.000435323 1.76964e-15 495979 4 
0.0881061 4.99744e-05 2 0 2 262144 71.0375 6.54276e+06

Pressure Residuals  	 - 	 2 9512.28 5.34296 42.1941 10 
Velocity Residuals  	 - 	 2 0.000435321 1.77305e-15 495501 4 
0.0881561 4.99744e-05 2 0 2 262144 71.0792 6.54261e+06

Pressure Residuals  	 - 	 2 10124.9 5.28144 43.7844 10 
Velocity Residuals  	 - 	 2 0.000435321 1.76934e-15 496020 4 
0.088206 4.99744e-05 2 0 2 262144 71.122 6.54235e+06

Pressure Residuals  	 - 	 2 11201.7 5.02558 47.2117 10 
Velocity Residuals  	 - 	 2 0.00043532 1.77434e-15 495320 4 
0.088256 4.99744e-05 2 0 2 262144 71.1646 6.54213e+06

Pressure Residuals  	 - 	 2 7894.17 4.55812 41.616 10 
Velocity Residuals  	 - 	 2 0.00043532 1.77293e-15 495517 4 
0.088306 4.99744e-05 2 0 2 262144 71.2061 6.54199e+06

Pressure Residuals  	 - 	 2 6853.27 5.3037 35.9467 10 
Velocity Residuals  	 - 	 2 0.00043532 1.7431e-15 499740 4 
0.088356 4.99744e-05 2 0 2 262144 71.2471 6.54191e+06

Pressure Residuals  	 - 	 2 11757.9 5.80266 45.0145 10 
Velocity Residuals  	 - 	 2 0.000435322 1.77119e-15 495762 4 
0.0884059 4.99744e-05 2 0 2 262144 71.2885 6.54179e+06

Pressure Residuals  	 - 	 2 11677.1 5.70347 45.2478 10 
Velocity Residuals  	 - 	 2 0.000435324 1.73148e-15 501414 4 
0.0884559 4.99744e-05 2 0 2 262144 71.3306 6.5416e+06

Pressure Residuals  	 - 	 2 8552.6 5.49223 39.4616 10 
Velocity Residuals  	 - 	 2 0.000435326 1.77079e-15 495820 4 
0.0885059 4.99744e-05 2 0 2 262144 71.3722 6.54146e+06

Pressure Residuals  	 - 	 2 8446.15 5.32219 39.8368 10 
Velocity Residuals  	 - 	 2 0.000435329 1.746e-15 499328 4 
0.0885559 4.99744e-05 2 0 2 262144 71.4146 6.54125e+06

Pressure Residuals  	 - 	 2 9854.71 5.17879 43.6222 10 
Velocity Residuals  	 - 	 2 0.000435333 1.77217e-15 495631 4 
0.0886058 4.99744e-05 2 0 2 262144 71.4576 6.54098e+06

Pressure Residuals  	 - 	 2 18206.8 5.06842 59.9349 10 
Velocity Residuals  	 - 	 2 0.000435336 1.76879e-15 496106 4 
0.0886558 4.99744e-05 2 0 2 262144 71.4995 6.54082e+06

Pressure Residuals  	 - 	 2 12425.8 5.08914 49.4129 10 
Velocity Residuals  	 - 	 2 0.000435342 1.77186e-15 495679 4 
0.0887058 4.99744e-05 2 0 2 262144 71.5413 6.54066e+06

Pressure Residuals  	 - 	 2 27204.8 8.0379 58.177 10 
Velocity Residuals  	 - 	 2 0.000435347 1.77207e-15 495653 4 
0.0887558 4.99744e-05 2 0 2 262144 71.5837 6.54044e+06

Pressure Residuals  	 - 	 2 18331.3 7.92532 48.0938 10 
Velocity Residuals  	 - 	 2 0.000435353 1.77313e-15 495507 4 
0.0888057 4.99744e-05 2 0 2 262144 71.6256 6.54028e+06

Pressure Residuals  	 - 	 2 29883.5 4.96369 77.5913 10 
Velocity Residuals  	 - 	 2 0.00043536 1.77055e-15 495872 4 
0.0888557 4.99744e-05 2 0 2 262144 71.6681 6.54006e+06

Pressure Residuals  	 - 	 2 19917.8 4.95105 63.4268 10 
Velocity Residuals  	 - 	 2 0.000435368 1.74927e-15 498884 4 
0.0889057 4.99744e-05 2 0 2 262144 71.7098 6.53991e+06

Pressure Residuals  	 - 	 2 28544.5 5.06995 75.0343 10 
Velocity Residuals  	 - 	 2 0.000435377 1.73923e-15 500327 4 
0.0889557 4.99744e-05 2 0 2 262144 71.7515 6.53976e+06

Pressure Residuals  	 - 	 2 18604.8 6.70318 52.6832 10 
Velocity Residuals  	 - 	 2 0.000435386 1.76659e-15 496443 4 
0.0890056 4.99744e-05 2 0 2 262144 71.7939 6.53955e+06

Pressure Residuals  	 - 	 2 24944.9 5.78526 65.6643 10 
Velocity Residuals  	 - 	 2 0.000435397 1.77517e-15 495247 4 
0.0890556 4.99744e-05 2 0 2 262144 71.8358 6.53938e+06

Pressure Residuals  	 - 	 2 15805.3 8.00141 44.4446 10 
Velocity Residuals  	 - 	 2 0.000435408 1.77213e-15 495679 4 
0.0891056 4.99744e-05 2 0 2 262144 71.8783 6.53916e+06

Pressure Residuals  	 - 	 2 20522.2 7.0527 53.9429 10 
Velocity Residuals  	 - 	 2 0.00043542 1.74754e-15 499161 4 
0.0891556 4.99744e-05 2 0 2 262144 71.9202 6.539e+06

Pressure Residuals  	 - 	 2 12595.9 8.53765 38.4101 10 
Velocity Residuals  	 - 	 2 0.000435434 1.77552e-15 495220 4 
0.0892055 4.99744e-05 2 0 2 262144 71.962 6.53884e+06

Pressure Residuals  	 - 	 2 935923 247.726 61.466 10 
Velocity Residuals  	 - 	 2 0.000435447 1.76454e-15 496766 4 
0.0892555 4.99744e-05 2 0 2 262144 72.0044 6.53864e+06

Pressure Residuals  	 - 	 2 498572 173.841 53.5535 10 
Velocity Residuals  	 - 	 2 0.000435407 1.75588e-15 497967 4 
0.0893055 4.99744e-05 2 0 2 262144 72.0462 6.53849e+06

Pressure Residuals  	 - 	 2 378223 128.156 54.3255 10 
Velocity Residuals  	 - 	 2 0.000435376 1.74244e-15 499866 4 
0.0893555 4.99744e-05 2 0 2 262144 72.0886 6.53827e+06

Pressure Residuals  	 - 	 2 187965 67.941 52.5984 10 
Velocity Residuals  	 - 	 2 0.00043534 1.74365e-15 499672 4 
0.0894054 4.99744e-05 2 0 2 262144 72.1304 6.53812e+06

Pressure Residuals  	 - 	 2 165374 50.3225 57.3261 10 
Velocity Residuals  	 - 	 2 0.000435305 1.77337e-15 495447 4 
0.0894554 4.99744e-05 2 0 2 262144 72.1721 6.53797e+06

Pressure Residuals  	 - 	 2 67536.4 24.4795 52.5252 10 
Velocity Residuals  	 - 	 2 0.000435266 1.77242e-15 495558 4 
0.0895054 4.99744e-05 2 0 2 262144 72.2141 6.5378e+06

Pressure Residuals  	 - 	 2 70019.5 19.1963 60.3949 10 
Velocity Residuals  	 - 	 2 0.000435228 1.76799e-15 496156 4 
0.0895554 4.99744e-05 2 0 2 262144 72.2548 6.53774e+06

Pressure Residuals  	 - 	 2 77166.5 34.8689 47.0431 10 
Velocity Residuals  	 - 	 2 0.000435188 1.76662e-15 496326 4 
0.0896053 4.99744e-05 2 0 2 262144 72.2966 6.53759e+06

Pressure Residuals  	 - 	 2 547419 43.4343 112.265 10 
Velocity Residuals  	 - 	 2 0.000435148 1.77482e-15 495155 4 
0.0896553 4.99744e-05 2 0 2 262144 72.339 6.53738e+06

Pressure Residuals  	 - 	 2 432968 71.211 77.9748 10 
Velocity Residuals  	 - 	 2 0.000435093 1.76136e-15 497012 4 
0.0897053 4.99744e-05 2 0 2 262144 72.3808 6.53723e+06

Pressure Residuals  	 - 	 2 262153 66.0258 63.0116 10 
Velocity Residuals  	 - 	 2 0.000435052 1.75267e-15 498218 4 
0.0897552 4.99744e-05 2 0 2 262144 72.4235 6.53699e+06

Pressure Residuals  	 - 	 2 259350 53.5628 69.5844 10 
Velocity Residuals  	 - 	 2 0.000435021 1.7762e-15 494890 4 
0.0898052 4.99744e-05 2 0 2 262144 72.466 6.53678e+06

Pressure Residuals  	 - 	 2 216554 39.792 73.7709 10 
Velocity Residuals  	 - 	 2 0.000434996 1.77276e-15 495356 4 
0.0898552 4.99744e-05 2 0 2 262144 72.5078 6.53663e+06

Pressure Residuals  	 - 	 2 205617 37.5483 74.0004 10 
Velocity Residuals  	 - 	 2 0.000434974 1.76702e-15 496148 4 
0.0899052 4.99744e-05 2 0 2 262144 72.5503 6.53641e+06

Pressure Residuals  	 - 	 2 180604 35.2048 71.6246 10 
Velocity Residuals  	 - 	 2 0.000434956 1.74758e-15 498890 4 
0.0899551 4.99744e-05 2 0 2 262144 72.592 6.53627e+06

Pressure Residuals  	 - 	 2 171094 33.8406 71.1046 10 
Velocity Residuals  	 - 	 2 0.000434942 1.76672e-15 496171 4 
0.0900051 4.99744e-05 2 0 2 262144 72.6337 6.53613e+06

Pressure Residuals  	 - 	 2 162068 33.1638 69.9063 10 
Velocity Residuals  	 - 	 2 0.000434931 1.77577e-15 494900 4 
0.0900551 4.99744e-05 2 0 2 262144 72.6762 6.53591e+06

Pressure Residuals  	 - 	 2 157257 33.1085 68.9183 10 
Velocity Residuals  	 - 	 2 0.000434923 1.77294e-15 495290 4 
0.0901051 4.99744e-05 2 0 2 262144 72.7179 6.53576e+06

Pressure Residuals  	 - 	 2 154469 36.8632 64.7328 10 
Velocity Residuals  	 - 	 2 0.000434919 1.77164e-15 495469 4 
0.090155 4.99744e-05 2 0 2 262144 72.7601 6.53557e+06

Pressure Residuals  	 - 	 2 115141 19.9454 75.979 10 
Velocity Residuals  	 - 	 2 0.000434917 1.76355e-15 496603 4 
0.090205 4.99744e-05 2 0 2 262144 72.802 6.53542e+06

Pressure Residuals  	 - 	 2 114561 20.8435 74.1366 10 
Velocity Residuals  	 - 	 2 0.000434916 1.76757e-15 496037 4 
0.090255 4.99744e-05 2 0 2 262144 72.8436 6.53528e+06

Pressure Residuals  	 - 	 2 80290 9.75168 90.7384 10 
Velocity Residuals  	 - 	 2 0.000434918 1.76781e-15 496005 4 
0.090305 4.99744e-05 2 0 2 262144 72.886 6.53507e+06

Pressure Residuals  	 - 	 2 79455.3 9.72261 90.4003 10 
Velocity Residuals  	 - 	 2 0.00043492 1.76679e-15 496149 4 
0.0903549 4.99744e-05 2 0 2 262144 72.9279 6.53491e+06

Pressure Residuals  	 - 	 2 51051.5 7.75726 81.1241 10 
Velocity Residuals  	 - 	 2 0.000434925 1.77395e-15 495149 4 
0.0904049 4.99744e-05 2 0 2 262144 72.9703 6.53471e+06

Pressure Residuals  	 - 	 2 50850.8 7.6549 81.504 10 
Velocity Residuals  	 - 	 2 0.000434929 1.76468e-15 496450 4 
0.0904549 4.99744e-05 2 0 2 262144 73.012 6.53457e+06

Pressure Residuals  	 - 	 2 28583.5 8.21973 58.9697 10 
Velocity Residuals  	 - 	 2 0.000434935 1.77448e-15 495081 4 
0.0905049 4.99744e-05 2 0 2 262144 73.0537 6.53443e+06

Pressure Residuals  	 - 	 2 29690.1 7.03277 64.9744 10 
Velocity Residuals  	 - 	 2 0.000434941 1.77145e-15 495508 4 
0.0905548 4.99744e-05 2 0 2 262144 73.0976 6.53409e+06

Pressure Residuals  	 - 	 2 21202.5 10.5885 44.7483 10 
Velocity Residuals  	 - 	 2 0.000434948 1.73651e-15 500472 4 
0.0906048 4.99744e-05 2 0 2 262144 73.1413 6.53377e+06

Pressure Residuals  	 - 	 2 20154.2 8.91634 47.5433 10 
Velocity Residuals  	 - 	 2 0.000434955 1.7729e-15 495313 4 
0.0906548 4.99744e-05 2 0 2 262144 73.183 6.53363e+06

Pressure Residuals  	 - 	 2 20760.7 11.086 43.2746 10 
Velocity Residuals  	 - 	 2 0.000434963 1.7372e-15 500381 4 
0.0907048 4.99744e-05 2 0 2 262144 73.224 6.53355e+06

Pressure Residuals  	 - 	 2 18086.2 9.60206 43.4002 10 
Velocity Residuals  	 - 	 2 0.00043497 1.74534e-15 499218 4 
0.0907547 4.99744e-05 2 0 2 262144 73.2647 6.5335e+06

Pressure Residuals  	 - 	 2 29182.3 10.5225 52.6624 10 
Velocity Residuals  	 - 	 2 0.000434978 1.76929e-15 495832 4 
0.0908047 4.99744e-05 2 0 2 262144 73.3068 6.53332e+06

Pressure Residuals  	 - 	 2 24330.9 9.04934 51.8526 10 
Velocity Residuals  	 - 	 2 0.000434985 1.7666e-15 496213 4 
0.0908547 4.99744e-05 2 0 2 262144 73.3485 6.53318e+06

Pressure Residuals  	 - 	 2 32354.9 8.73579 60.8582 10 
Velocity Residuals  	 - 	 2 0.000434994 1.76715e-15 496141 4 
0.0909047 4.99744e-05 2 0 2 262144 73.3903 6.53303e+06

Pressure Residuals  	 - 	 2 24707.3 7.08304 59.0612 10 
Velocity Residuals  	 - 	 2 0.000435001 1.76201e-15 496868 4 
0.0909546 4.99744e-05 2 0 2 262144 73.4328 6.53282e+06

Pressure Residuals  	 - 	 2 32996.8 5.86596 75.0009 10 
Velocity Residuals  	 - 	 2 0.000435009 1.76799e-15 496031 4 
0.0910046 4.99744e-05 2 0 2 262144 73.4746 6.53267e+06

Pressure Residuals  	 - 	 2 25999.9 6.772 61.9622 10 
Velocity Residuals  	 - 	 2 0.000435016 1.7754e-15 494999 4 
0.0910546 4.99744e-05 2 0 2 262144 73.5171 6.53247e+06

Pressure Residuals  	 - 	 2 32000.8 6.04511 72.7576 10 
Velocity Residuals  	 - 	 2 0.000435024 1.76955e-15 495822 4 
0.0911046 4.99744e-05 2 0 2 262144 73.5589 6.53232e+06

Pressure Residuals  	 - 	 2 23668 4.94971 69.1498 10 
Velocity Residuals  	 - 	 2 0.00043503 1.75777e-15 497483 4 
0.0911545 4.99744e-05 2 0 2 262144 73.6006 6.53217e+06

Pressure Residuals  	 - 	 2 27611.3 5.04898 73.9505 10 
Velocity Residuals  	 - 	 2 0.000435036 1.73821e-15 500279 4 
0.0912045 4.99744e-05 2 0 2 262144 73.6439 6.5319e+06

Pressure Residuals  	 - 	 2 18495.3 6.91112 51.7316 10 
Velocity Residuals  	 - 	 2 0.000435041 1.76979e-15 495797 4 
0.0912545 4.99744e-05 2 0 2 262144 73.6857 6.53175e+06

Pressure Residuals  	 - 	 2 23776.9 7.03649 58.1299 10 
Velocity Residuals  	 - 	 2 0.000435046 1.74822e-15 498849 4 
0.0913045 4.99744e-05 2 0 2 262144 73.7276 6.53159e+06

Pressure Residuals  	 - 	 2 19947.9 5.96785 57.8149 10 
Velocity Residuals  	 - 	 2 0.000470079 1.77342e-15 514849 4 
0.0913544 4.99744e-05 2 0 2 262144 73.7709 6.53131e+06

Pressure Residuals  	 - 	 2 22506.3 7.79875 53.7204 10 
Velocity Residuals  	 - 	 2 0.000466506 1.75122e-15 516129 4 
0.0914044 4.99744e-05 2 0 2 262144 73.8126 6.53117e+06

Pressure Residuals  	 - 	 2 16421.8 6.98593 48.484 10 
Velocity Residuals  	 - 	 2 0.000460657 1.73822e-15 514798 4 
0.0914544 4.99744e-05 2 0 2 262144 73.8543 6.53103e+06

Pressure Residuals  	 - 	 2 10709 7.22637 38.4958 10 
Velocity Residuals  	 - 	 2 0.000454773 1.7684e-15 507116 4 
0.0915044 4.99744e-05 2 0 2 262144 73.8969 6.53082e+06

Pressure Residuals  	 - 	 2 31488.9 15.5934 44.9374 10 
Velocity Residuals  	 - 	 2 0.000448908 1.76299e-15 504607 4 
0.0915543 4.99744e-05 2 0 2 262144 73.9388 6.53067e+06

Pressure Residuals  	 - 	 2 22976.7 6.88891 57.7522 10 
Velocity Residuals  	 - 	 2 0.000443069 1.75144e-15 502966 4 
0.0916043 4.99744e-05 2 0 2 262144 73.9815 6.53044e+06

Pressure Residuals  	 - 	 2 9397.42 8.60415 33.0484 10 
Velocity Residuals  	 - 	 2 0.000437248 1.77479e-15 496352 4 
[2026-07-15T16:23:15.981] error: *** JOB 37234943 ON c0711a-s30 CANCELLED AT 2026-07-15T16:23:15 DUE to SIGNAL Terminated ***
