Tue Jul  7 10:05:17 AM EDT 2026
c0704a-s13.ufhpc
Warning: X does not support locale en_US.UTF-8

fcut_dim =

    20


t_end_dim =

    15


Ldim =

     2


N =

        8000


MNOISE =

        1000


F0_noise =

    0.0250


Re_input =

    40


theta_deg =

    45


rho =

        1072


mu =

    0.0067


Ca_input =

   1.0000e-03


t_save =

    0.0100

hN = 8.8015e-04 m
uN = 2.8531e-01 m/s
TN = 3.0848e-03 s
mu = 0.0067, rho = 1072.0000, gamma = 1.9202, theta = 0.7854
F2 = 9.4281, We = 0.0400, Re = 40.0000, Ca = 0.0010
fcut_noise nondim = 6.1697e-02
dx = 2.8404e-01, dt = 1.6208e-02, nsteps = 300000
Fontconfig warning: "/usr/share/fontconfig/conf.avail/05-reset-dirs-sample.conf", line 6: unknown element "reset-dirs"
Fontconfig warning: "/usr/share/fontconfig/conf.avail/05-reset-dirs-sample.conf", line 6: unknown element "reset-dirs"
Initializing white noise phases...
1 / 300000 time steps completed. t = 0.000000 s
Elapsed time is 0.555181 seconds.
Data saved at t = 0.00995 s
Elapsed time is 0.704841 seconds.
Data saved at t = 0.01995 s
Elapsed time is 0.038174 seconds.
Data saved at t = 0.02995 s
Elapsed time is 0.033770 seconds.
Data saved at t = 0.03995 s
Elapsed time is 0.031075 seconds.
Data saved at t = 0.04995 s
Elapsed time is 0.050628 seconds.
1200 / 300000 time steps completed. t = 0.059950 s
Elapsed time is 6.390320 seconds.
Data saved at t = 0.05995 s
Elapsed time is 0.083916 seconds.
Data saved at t = 0.06995 s
Elapsed time is 0.028594 seconds.
Data saved at t = 0.07995 s
Elapsed time is 0.028511 seconds.
Data saved at t = 0.08995 s
Elapsed time is 0.101039 seconds.
Data saved at t = 0.09995 s
Elapsed time is 0.032874 seconds.
Data saved at t = 0.10995 s
Elapsed time is 0.028206 seconds.
2400 / 300000 time steps completed. t = 0.119950 s
Elapsed time is 7.501921 seconds.
Data saved at t = 0.11995 s
Elapsed time is 0.034236 seconds.
Data saved at t = 0.12995 s
Elapsed time is 0.032228 seconds.
Data saved at t = 0.13995 s
Elapsed time is 0.029185 seconds.
Data saved at t = 0.14995 s
Elapsed time is 0.028222 seconds.
Data saved at t = 0.15995 s
Elapsed time is 0.028695 seconds.
Data saved at t = 0.16995 s
Elapsed time is 0.032482 seconds.
3600 / 300000 time steps completed. t = 0.179950 s
Elapsed time is 7.521953 seconds.
Data saved at t = 0.17995 s
Elapsed time is 0.030446 seconds.
Data saved at t = 0.18995 s
Elapsed time is 0.028426 seconds.
Data saved at t = 0.19995 s
Elapsed time is 0.028580 seconds.
Data saved at t = 0.20995 s
Elapsed time is 0.052674 seconds.
Data saved at t = 0.21995 s
Elapsed time is 0.043312 seconds.
Data saved at t = 0.22995 s
Elapsed time is 0.029817 seconds.
4800 / 300000 time steps completed. t = 0.239950 s
Elapsed time is 7.513264 seconds.
Data saved at t = 0.23995 s
Elapsed time is 0.028432 seconds.
Data saved at t = 0.24995 s
Elapsed time is 0.028468 seconds.
Data saved at t = 0.25995 s
Elapsed time is 0.034638 seconds.
Data saved at t = 0.26995 s
Elapsed time is 0.028110 seconds.
Data saved at t = 0.27995 s
Elapsed time is 0.028488 seconds.
Data saved at t = 0.28995 s
Elapsed time is 0.028201 seconds.
6000 / 300000 time steps completed. t = 0.299950 s
Elapsed time is 7.483289 seconds.
Data saved at t = 0.29995 s
Elapsed time is 0.037799 seconds.
Data saved at t = 0.30995 s
Elapsed time is 0.027731 seconds.
Data saved at t = 0.31995 s
Elapsed time is 0.069085 seconds.
Data saved at t = 0.32995 s
Elapsed time is 0.029006 seconds.
Data saved at t = 0.33995 s
Elapsed time is 0.032135 seconds.
Data saved at t = 0.34995 s
Elapsed time is 0.027977 seconds.
7200 / 300000 time steps completed. t = 0.359950 s
Elapsed time is 7.510947 seconds.
Data saved at t = 0.35995 s
Elapsed time is 0.028120 seconds.
Data saved at t = 0.36995 s
Elapsed time is 0.032570 seconds.
Data saved at t = 0.37995 s
Elapsed time is 0.027887 seconds.
Data saved at t = 0.38995 s
Elapsed time is 0.028126 seconds.
Data saved at t = 0.39995 s
Elapsed time is 0.029036 seconds.
Data saved at t = 0.40995 s
Elapsed time is 0.028705 seconds.
8400 / 300000 time steps completed. t = 0.419950 s
Elapsed time is 7.505159 seconds.
Data saved at t = 0.41995 s
Elapsed time is 0.032737 seconds.
Data saved at t = 0.42995 s
Elapsed time is 0.029174 seconds.
Data saved at t = 0.43995 s
Elapsed time is 0.033722 seconds.
Data saved at t = 0.44995 s
Elapsed time is 0.028350 seconds.
Data saved at t = 0.45995 s
Elapsed time is 0.028643 seconds.
Data saved at t = 0.46995 s
Elapsed time is 0.031644 seconds.
9600 / 300000 time steps completed. t = 0.479950 s
Elapsed time is 7.499657 seconds.
Data saved at t = 0.47995 s
Elapsed time is 0.029198 seconds.
Data saved at t = 0.48995 s
Elapsed time is 0.047246 seconds.
Data saved at t = 0.49995 s
Elapsed time is 0.028278 seconds.
Data saved at t = 0.50995 s
Elapsed time is 0.031864 seconds.
Data saved at t = 0.51995 s
Elapsed time is 0.028061 seconds.
Data saved at t = 0.52995 s
Elapsed time is 0.029874 seconds.
10800 / 300000 time steps completed. t = 0.539950 s
Elapsed time is 7.501917 seconds.
Data saved at t = 0.53995 s
Elapsed time is 0.027955 seconds.
Data saved at t = 0.54995 s
Elapsed time is 0.027804 seconds.
Data saved at t = 0.55995 s
Elapsed time is 0.032147 seconds.
Data saved at t = 0.56995 s
Elapsed time is 0.029113 seconds.
Data saved at t = 0.57995 s
Elapsed time is 0.027839 seconds.
Data saved at t = 0.58995 s
Elapsed time is 0.031663 seconds.
12000 / 300000 time steps completed. t = 0.599950 s
Elapsed time is 7.490772 seconds.
Data saved at t = 0.59995 s
Elapsed time is 0.048358 seconds.
Data saved at t = 0.60995 s
Elapsed time is 0.089554 seconds.
Data saved at t = 0.61995 s
Elapsed time is 0.048861 seconds.
Data saved at t = 0.62995 s
Elapsed time is 0.093185 seconds.
Data saved at t = 0.63995 s
Elapsed time is 0.031939 seconds.
Data saved at t = 0.64995 s
Elapsed time is 0.028721 seconds.
13200 / 300000 time steps completed. t = 0.659950 s
Elapsed time is 7.496722 seconds.
Data saved at t = 0.65995 s
Elapsed time is 0.027713 seconds.
Data saved at t = 0.66995 s
Elapsed time is 0.028071 seconds.
Data saved at t = 0.67995 s
Elapsed time is 0.028744 seconds.
Data saved at t = 0.68995 s
Elapsed time is 0.029346 seconds.
Data saved at t = 0.69995 s
Elapsed time is 0.028141 seconds.
Data saved at t = 0.70995 s
Elapsed time is 0.028282 seconds.
14400 / 300000 time steps completed. t = 0.719950 s
Elapsed time is 7.484574 seconds.
Data saved at t = 0.71995 s
Elapsed time is 0.027926 seconds.
Data saved at t = 0.72995 s
Elapsed time is 0.028197 seconds.
Data saved at t = 0.73995 s
Elapsed time is 0.028365 seconds.
Data saved at t = 0.74995 s
Elapsed time is 0.028260 seconds.
Data saved at t = 0.75995 s
Elapsed time is 0.031995 seconds.
Data saved at t = 0.76995 s
Elapsed time is 0.028751 seconds.
15600 / 300000 time steps completed. t = 0.779950 s
Elapsed time is 7.496741 seconds.
Data saved at t = 0.77995 s
Elapsed time is 0.123551 seconds.
Data saved at t = 0.78995 s
Elapsed time is 0.028717 seconds.
Data saved at t = 0.79995 s
Elapsed time is 0.028426 seconds.
Data saved at t = 0.80995 s
Elapsed time is 0.028312 seconds.
Data saved at t = 0.81995 s
Elapsed time is 0.028577 seconds.
Data saved at t = 0.82995 s
Elapsed time is 0.028600 seconds.
16800 / 300000 time steps completed. t = 0.839950 s
Elapsed time is 7.495230 seconds.
Data saved at t = 0.83995 s
Elapsed time is 0.028065 seconds.
Data saved at t = 0.84995 s
Elapsed time is 0.030564 seconds.
Data saved at t = 0.85995 s
Elapsed time is 0.032159 seconds.
Data saved at t = 0.86995 s
Elapsed time is 0.028140 seconds.
Data saved at t = 0.87995 s
Elapsed time is 0.032807 seconds.
Data saved at t = 0.88995 s
Elapsed time is 0.029047 seconds.
18000 / 300000 time steps completed. t = 0.899950 s
Elapsed time is 7.489443 seconds.
Data saved at t = 0.89995 s
Elapsed time is 0.028780 seconds.
Data saved at t = 0.90995 s
Elapsed time is 0.028264 seconds.
Data saved at t = 0.91995 s
Elapsed time is 0.028733 seconds.
Data saved at t = 0.92995 s
Elapsed time is 0.029053 seconds.
Data saved at t = 0.93995 s
Elapsed time is 0.028512 seconds.
Data saved at t = 0.94995 s
Elapsed time is 0.028380 seconds.
19200 / 300000 time steps completed. t = 0.959950 s
Elapsed time is 7.482384 seconds.
Data saved at t = 0.95995 s
Elapsed time is 0.028156 seconds.
Data saved at t = 0.96995 s
Elapsed time is 0.028606 seconds.
Data saved at t = 0.97995 s
Elapsed time is 0.027655 seconds.
Data saved at t = 0.98995 s
Elapsed time is 0.027992 seconds.
Data saved at t = 0.99995 s
Elapsed time is 0.031542 seconds.
Data saved at t = 1.01 s
Elapsed time is 0.028026 seconds.
20400 / 300000 time steps completed. t = 1.019950 s
Elapsed time is 7.493657 seconds.
Data saved at t = 1.02 s
Elapsed time is 0.028173 seconds.
Data saved at t = 1.03 s
Elapsed time is 0.027861 seconds.
Data saved at t = 1.0399 s
Elapsed time is 0.027896 seconds.
Data saved at t = 1.0499 s
Elapsed time is 0.028291 seconds.
Data saved at t = 1.0599 s
Elapsed time is 0.028350 seconds.
Data saved at t = 1.0699 s
Elapsed time is 0.027959 seconds.
21600 / 300000 time steps completed. t = 1.079950 s
Elapsed time is 7.443279 seconds.
Data saved at t = 1.08 s
Elapsed time is 0.027405 seconds.
Data saved at t = 1.09 s
Elapsed time is 0.028408 seconds.
Data saved at t = 1.1 s
Elapsed time is 0.031898 seconds.
Data saved at t = 1.11 s
Elapsed time is 0.028338 seconds.
Data saved at t = 1.12 s
Elapsed time is 0.027993 seconds.
Data saved at t = 1.13 s
Elapsed time is 0.027994 seconds.
22800 / 300000 time steps completed. t = 1.139950 s
Elapsed time is 7.487958 seconds.
Data saved at t = 1.14 s
Elapsed time is 0.028171 seconds.
Data saved at t = 1.15 s
Elapsed time is 0.027913 seconds.
Data saved at t = 1.16 s
Elapsed time is 0.027922 seconds.
Data saved at t = 1.17 s
Elapsed time is 0.032603 seconds.
Data saved at t = 1.18 s
Elapsed time is 0.027721 seconds.
Data saved at t = 1.19 s
Elapsed time is 0.030550 seconds.
24000 / 300000 time steps completed. t = 1.199950 s
Elapsed time is 7.492894 seconds.
Data saved at t = 1.2 s
Elapsed time is 0.032153 seconds.
Data saved at t = 1.21 s
Elapsed time is 0.028429 seconds.
Data saved at t = 1.22 s
Elapsed time is 0.033108 seconds.
Data saved at t = 1.23 s
Elapsed time is 0.028644 seconds.
Data saved at t = 1.24 s
Elapsed time is 0.032778 seconds.
Data saved at t = 1.25 s
Elapsed time is 0.028462 seconds.
25200 / 300000 time steps completed. t = 1.259950 s
Elapsed time is 7.462496 seconds.
Data saved at t = 1.26 s
Elapsed time is 0.031855 seconds.
Data saved at t = 1.27 s
Elapsed time is 0.028003 seconds.
Data saved at t = 1.28 s
Elapsed time is 0.028663 seconds.
Data saved at t = 1.29 s
Elapsed time is 0.029241 seconds.
Data saved at t = 1.3 s
Elapsed time is 0.028169 seconds.
Data saved at t = 1.31 s
Elapsed time is 0.032189 seconds.
26400 / 300000 time steps completed. t = 1.319950 s
Elapsed time is 7.482820 seconds.
Data saved at t = 1.3199 s
Elapsed time is 0.027904 seconds.
Data saved at t = 1.3299 s
Elapsed time is 0.028422 seconds.
Data saved at t = 1.34 s
Elapsed time is 0.028047 seconds.
Data saved at t = 1.35 s
Elapsed time is 0.028155 seconds.
Data saved at t = 1.36 s
Elapsed time is 0.038980 seconds.
Data saved at t = 1.37 s
Elapsed time is 0.028886 seconds.
27600 / 300000 time steps completed. t = 1.379950 s
Elapsed time is 7.497827 seconds.
Data saved at t = 1.38 s
Elapsed time is 0.028832 seconds.
Data saved at t = 1.39 s
Elapsed time is 0.027963 seconds.
Data saved at t = 1.4 s
Elapsed time is 0.029275 seconds.
Data saved at t = 1.41 s
Elapsed time is 0.028537 seconds.
Data saved at t = 1.42 s
Elapsed time is 0.028210 seconds.
Data saved at t = 1.43 s
Elapsed time is 0.028301 seconds.
28800 / 300000 time steps completed. t = 1.439950 s
Elapsed time is 7.476912 seconds.
Data saved at t = 1.44 s
Elapsed time is 0.032393 seconds.
Data saved at t = 1.45 s
Elapsed time is 0.028238 seconds.
Data saved at t = 1.46 s
Elapsed time is 0.031411 seconds.
Data saved at t = 1.47 s
Elapsed time is 0.028808 seconds.
Data saved at t = 1.48 s
Elapsed time is 0.028451 seconds.
Data saved at t = 1.49 s
Elapsed time is 0.033026 seconds.
30000 / 300000 time steps completed. t = 1.499950 s
Elapsed time is 7.469827 seconds.
Data saved at t = 1.5 s
Elapsed time is 0.028063 seconds.
Data saved at t = 1.51 s
Elapsed time is 0.028321 seconds.
Data saved at t = 1.52 s
Elapsed time is 0.028909 seconds.
Data saved at t = 1.53 s
Elapsed time is 0.032776 seconds.
Data saved at t = 1.54 s
Elapsed time is 0.028389 seconds.
Data saved at t = 1.55 s
Elapsed time is 0.031761 seconds.
31200 / 300000 time steps completed. t = 1.559950 s
Elapsed time is 7.481797 seconds.
Data saved at t = 1.56 s
Elapsed time is 0.028106 seconds.
Data saved at t = 1.57 s
Elapsed time is 0.029085 seconds.
Data saved at t = 1.58 s
Elapsed time is 0.028302 seconds.
Data saved at t = 1.59 s
Elapsed time is 0.031548 seconds.
Data saved at t = 1.6 s
Elapsed time is 0.028394 seconds.
Data saved at t = 1.61 s
Elapsed time is 0.027992 seconds.
32400 / 300000 time steps completed. t = 1.619950 s
Elapsed time is 7.428672 seconds.
Data saved at t = 1.62 s
Elapsed time is 0.032263 seconds.
Data saved at t = 1.63 s
Elapsed time is 0.027794 seconds.
Data saved at t = 1.64 s
Elapsed time is 0.031898 seconds.
Data saved at t = 1.65 s
Elapsed time is 0.028628 seconds.
Data saved at t = 1.66 s
Elapsed time is 0.028072 seconds.
Data saved at t = 1.67 s
Elapsed time is 0.028120 seconds.
33600 / 300000 time steps completed. t = 1.679950 s
Elapsed time is 7.435238 seconds.
Data saved at t = 1.68 s
Elapsed time is 0.028003 seconds.
Data saved at t = 1.69 s
Elapsed time is 0.031990 seconds.
Data saved at t = 1.7 s
Elapsed time is 0.028019 seconds.
Data saved at t = 1.71 s
Elapsed time is 0.028291 seconds.
Data saved at t = 1.72 s
Elapsed time is 0.028416 seconds.
Data saved at t = 1.73 s
Elapsed time is 0.030914 seconds.
34800 / 300000 time steps completed. t = 1.739950 s
Elapsed time is 7.461685 seconds.
Data saved at t = 1.74 s
Elapsed time is 0.028090 seconds.
Data saved at t = 1.75 s
Elapsed time is 0.031647 seconds.
Data saved at t = 1.76 s
Elapsed time is 0.028462 seconds.
Data saved at t = 1.77 s
Elapsed time is 0.028093 seconds.
Data saved at t = 1.78 s
Elapsed time is 0.031564 seconds.
Data saved at t = 1.79 s
Elapsed time is 0.028962 seconds.
36000 / 300000 time steps completed. t = 1.799950 s
Elapsed time is 7.479591 seconds.
Data saved at t = 1.8 s
Elapsed time is 0.032700 seconds.
Data saved at t = 1.81 s
Elapsed time is 0.028430 seconds.
Data saved at t = 1.82 s
Elapsed time is 0.032515 seconds.
Data saved at t = 1.83 s
Elapsed time is 0.028045 seconds.
Data saved at t = 1.84 s
Elapsed time is 0.031710 seconds.
Data saved at t = 1.85 s
Elapsed time is 0.028222 seconds.
37200 / 300000 time steps completed. t = 1.859950 s
Elapsed time is 7.473572 seconds.
Data saved at t = 1.86 s
Elapsed time is 0.028145 seconds.
Data saved at t = 1.87 s
Elapsed time is 0.028068 seconds.
Data saved at t = 1.88 s
Elapsed time is 0.028582 seconds.
Data saved at t = 1.89 s
Elapsed time is 0.029953 seconds.
Data saved at t = 1.9 s
Elapsed time is 0.029360 seconds.
Data saved at t = 1.91 s
Elapsed time is 0.028204 seconds.
38400 / 300000 time steps completed. t = 1.919950 s
Elapsed time is 7.461703 seconds.
Data saved at t = 1.92 s
Elapsed time is 0.028088 seconds.
Data saved at t = 1.93 s
Elapsed time is 0.028537 seconds.
Data saved at t = 1.94 s
Elapsed time is 0.030386 seconds.
Data saved at t = 1.95 s
Elapsed time is 0.028424 seconds.
Data saved at t = 1.96 s
Elapsed time is 0.028336 seconds.
Data saved at t = 1.97 s
Elapsed time is 0.032227 seconds.
39600 / 300000 time steps completed. t = 1.979950 s
Elapsed time is 7.487614 seconds.
Data saved at t = 1.98 s
Elapsed time is 0.028409 seconds.
Data saved at t = 1.99 s
Elapsed time is 0.028911 seconds.
Data saved at t = 2 s
Elapsed time is 0.029656 seconds.
Data saved at t = 2.01 s
Elapsed time is 0.028422 seconds.
Data saved at t = 2.02 s
Elapsed time is 0.028585 seconds.
Data saved at t = 2.03 s
Elapsed time is 0.028727 seconds.
40800 / 300000 time steps completed. t = 2.039950 s
Elapsed time is 7.480991 seconds.
Data saved at t = 2.04 s
Elapsed time is 0.028536 seconds.
Data saved at t = 2.05 s
Elapsed time is 0.028488 seconds.
Data saved at t = 2.06 s
Elapsed time is 0.028633 seconds.
Data saved at t = 2.07 s
Elapsed time is 0.028838 seconds.
Data saved at t = 2.08 s
Elapsed time is 0.028608 seconds.
Data saved at t = 2.09 s
Elapsed time is 0.032553 seconds.
42000 / 300000 time steps completed. t = 2.099950 s
Elapsed time is 7.487953 seconds.
Data saved at t = 2.1 s
Elapsed time is 0.028441 seconds.
Data saved at t = 2.11 s
Elapsed time is 0.029001 seconds.
Data saved at t = 2.12 s
Elapsed time is 0.028761 seconds.
Data saved at t = 2.13 s
Elapsed time is 0.031844 seconds.
Data saved at t = 2.14 s
Elapsed time is 0.029312 seconds.
Data saved at t = 2.15 s
Elapsed time is 0.033099 seconds.
43200 / 300000 time steps completed. t = 2.159950 s
Elapsed time is 7.453302 seconds.
Data saved at t = 2.16 s
Elapsed time is 0.028852 seconds.
Data saved at t = 2.17 s
Elapsed time is 0.028588 seconds.
Data saved at t = 2.18 s
Elapsed time is 0.033016 seconds.
Data saved at t = 2.19 s
Elapsed time is 0.028379 seconds.
Data saved at t = 2.2 s
Elapsed time is 0.029939 seconds.
Data saved at t = 2.21 s
Elapsed time is 0.029113 seconds.
44400 / 300000 time steps completed. t = 2.219950 s
Elapsed time is 7.480279 seconds.
Data saved at t = 2.2199 s
Elapsed time is 0.031715 seconds.
Data saved at t = 2.23 s
Elapsed time is 0.028271 seconds.
Data saved at t = 2.2399 s
Elapsed time is 0.028705 seconds.
Data saved at t = 2.25 s
Elapsed time is 0.028247 seconds.
Data saved at t = 2.26 s
Elapsed time is 0.028068 seconds.
Data saved at t = 2.27 s
Elapsed time is 0.028694 seconds.
45600 / 300000 time steps completed. t = 2.279950 s
Elapsed time is 7.484835 seconds.
Data saved at t = 2.28 s
Elapsed time is 0.028536 seconds.
Data saved at t = 2.29 s
Elapsed time is 0.033624 seconds.
Data saved at t = 2.3 s
Elapsed time is 0.028872 seconds.
Data saved at t = 2.31 s
Elapsed time is 0.028708 seconds.
Data saved at t = 2.32 s
Elapsed time is 0.028586 seconds.
Data saved at t = 2.33 s
Elapsed time is 0.028419 seconds.
46800 / 300000 time steps completed. t = 2.339950 s
Elapsed time is 7.487980 seconds.
Data saved at t = 2.34 s
Elapsed time is 0.028450 seconds.
Data saved at t = 2.35 s
Elapsed time is 0.028410 seconds.
Data saved at t = 2.36 s
Elapsed time is 0.028701 seconds.
Data saved at t = 2.37 s
Elapsed time is 0.030211 seconds.
Data saved at t = 2.38 s
Elapsed time is 0.028204 seconds.
Data saved at t = 2.39 s
Elapsed time is 0.028499 seconds.
48000 / 300000 time steps completed. t = 2.399950 s
Elapsed time is 7.419281 seconds.
Data saved at t = 2.4 s
Elapsed time is 0.031731 seconds.
Data saved at t = 2.41 s
Elapsed time is 0.028674 seconds.
Data saved at t = 2.42 s
Elapsed time is 0.028555 seconds.
Data saved at t = 2.43 s
Elapsed time is 0.028170 seconds.
Data saved at t = 2.44 s
Elapsed time is 0.028599 seconds.
Data saved at t = 2.45 s
Elapsed time is 0.028017 seconds.
49200 / 300000 time steps completed. t = 2.459950 s
Elapsed time is 7.481149 seconds.
Data saved at t = 2.46 s
Elapsed time is 0.028449 seconds.
Data saved at t = 2.47 s
Elapsed time is 0.028274 seconds.
Data saved at t = 2.48 s
Elapsed time is 0.028100 seconds.
Data saved at t = 2.4899 s
Elapsed time is 0.032387 seconds.
Data saved at t = 2.5 s
Elapsed time is 0.028387 seconds.
Data saved at t = 2.5099 s
Elapsed time is 0.028073 seconds.
50400 / 300000 time steps completed. t = 2.519950 s
Elapsed time is 7.478162 seconds.
Data saved at t = 2.52 s
Elapsed time is 0.028164 seconds.
Data saved at t = 2.53 s
Elapsed time is 0.033008 seconds.
Data saved at t = 2.54 s
Elapsed time is 0.028480 seconds.
Data saved at t = 2.55 s
Elapsed time is 0.033995 seconds.
Data saved at t = 2.56 s
Elapsed time is 0.028656 seconds.
Data saved at t = 2.57 s
Elapsed time is 0.028834 seconds.
51600 / 300000 time steps completed. t = 2.579950 s
Elapsed time is 7.503060 seconds.
Data saved at t = 2.58 s
Elapsed time is 0.028696 seconds.
Data saved at t = 2.59 s
Elapsed time is 0.028745 seconds.
Data saved at t = 2.6 s
Elapsed time is 0.028029 seconds.
Data saved at t = 2.61 s
Elapsed time is 0.028038 seconds.
Data saved at t = 2.62 s
Elapsed time is 0.028690 seconds.
Data saved at t = 2.63 s
Elapsed time is 0.028466 seconds.
52800 / 300000 time steps completed. t = 2.639950 s
Elapsed time is 7.467327 seconds.
Data saved at t = 2.64 s
Elapsed time is 0.033235 seconds.
Data saved at t = 2.65 s
Elapsed time is 0.028531 seconds.
Data saved at t = 2.66 s
Elapsed time is 0.032237 seconds.
Data saved at t = 2.67 s
Elapsed time is 0.028200 seconds.
Data saved at t = 2.68 s
Elapsed time is 0.026238 seconds.
Data saved at t = 2.69 s
Elapsed time is 0.026962 seconds.
54000 / 300000 time steps completed. t = 2.699950 s
Elapsed time is 6.710474 seconds.
Data saved at t = 2.7 s
Elapsed time is 0.026250 seconds.
Data saved at t = 2.71 s
Elapsed time is 0.027018 seconds.
Data saved at t = 2.72 s
Elapsed time is 0.027291 seconds.
Data saved at t = 2.73 s
Elapsed time is 0.026263 seconds.
Data saved at t = 2.74 s
Elapsed time is 0.027101 seconds.
Data saved at t = 2.75 s
Elapsed time is 0.030707 seconds.
55200 / 300000 time steps completed. t = 2.759950 s
Elapsed time is 6.715312 seconds.
Data saved at t = 2.7599 s
Elapsed time is 0.026634 seconds.
Data saved at t = 2.77 s
Elapsed time is 0.026874 seconds.
Data saved at t = 2.78 s
Elapsed time is 0.026731 seconds.
Data saved at t = 2.79 s
Elapsed time is 0.027688 seconds.
Data saved at t = 2.8 s
Elapsed time is 0.026959 seconds.
Data saved at t = 2.81 s
Elapsed time is 0.026803 seconds.
56400 / 300000 time steps completed. t = 2.819950 s
Elapsed time is 6.726702 seconds.
Data saved at t = 2.82 s
Elapsed time is 0.026924 seconds.
Data saved at t = 2.83 s
Elapsed time is 0.027838 seconds.
Data saved at t = 2.84 s
Elapsed time is 0.027077 seconds.
Data saved at t = 2.85 s
Elapsed time is 0.026876 seconds.
Data saved at t = 2.86 s
Elapsed time is 0.026471 seconds.
Data saved at t = 2.87 s
Elapsed time is 0.026860 seconds.
57600 / 300000 time steps completed. t = 2.879950 s
Elapsed time is 6.717486 seconds.
Data saved at t = 2.88 s
Elapsed time is 0.027065 seconds.
Data saved at t = 2.89 s
Elapsed time is 0.027032 seconds.
Data saved at t = 2.9 s
Elapsed time is 0.026757 seconds.
Data saved at t = 2.91 s
Elapsed time is 0.029751 seconds.
Data saved at t = 2.92 s
Elapsed time is 0.026948 seconds.
Data saved at t = 2.93 s
Elapsed time is 0.029413 seconds.
58800 / 300000 time steps completed. t = 2.939950 s
Elapsed time is 6.720383 seconds.
Data saved at t = 2.94 s
Elapsed time is 0.026917 seconds.
Data saved at t = 2.95 s
Elapsed time is 0.031599 seconds.
Data saved at t = 2.96 s
Elapsed time is 0.026888 seconds.
Data saved at t = 2.97 s
Elapsed time is 0.026917 seconds.
Data saved at t = 2.98 s
Elapsed time is 0.029742 seconds.
Data saved at t = 2.99 s
Elapsed time is 0.026626 seconds.
60000 / 300000 time steps completed. t = 2.999950 s
Elapsed time is 6.710784 seconds.
Data saved at t = 3 s
Elapsed time is 0.026075 seconds.
Data saved at t = 3.01 s
Elapsed time is 0.027312 seconds.
Data saved at t = 3.02 s
Elapsed time is 0.030257 seconds.
Data saved at t = 3.03 s
Elapsed time is 0.026622 seconds.
Data saved at t = 3.04 s
Elapsed time is 0.030200 seconds.
Data saved at t = 3.05 s
Elapsed time is 0.026562 seconds.
61200 / 300000 time steps completed. t = 3.059950 s
Elapsed time is 6.716624 seconds.
Data saved at t = 3.06 s
Elapsed time is 0.030351 seconds.
Data saved at t = 3.07 s
Elapsed time is 0.026430 seconds.
Data saved at t = 3.08 s
Elapsed time is 0.026164 seconds.
Data saved at t = 3.09 s
Elapsed time is 0.026378 seconds.
Data saved at t = 3.1 s
Elapsed time is 0.026303 seconds.
Data saved at t = 3.11 s
Elapsed time is 0.026262 seconds.
62400 / 300000 time steps completed. t = 3.119950 s
Elapsed time is 6.707544 seconds.
Data saved at t = 3.12 s
Elapsed time is 0.026151 seconds.
Data saved at t = 3.13 s
Elapsed time is 0.030241 seconds.
Data saved at t = 3.14 s
Elapsed time is 0.026288 seconds.
Data saved at t = 3.15 s
Elapsed time is 0.031842 seconds.
Data saved at t = 3.16 s
Elapsed time is 0.026595 seconds.
Data saved at t = 3.17 s
Elapsed time is 0.026713 seconds.
63600 / 300000 time steps completed. t = 3.179950 s
Elapsed time is 6.719900 seconds.
Data saved at t = 3.18 s
Elapsed time is 0.027007 seconds.
Data saved at t = 3.19 s
Elapsed time is 0.026473 seconds.
Data saved at t = 3.2 s
Elapsed time is 0.030843 seconds.
Data saved at t = 3.21 s
Elapsed time is 0.026465 seconds.
Data saved at t = 3.22 s
Elapsed time is 0.026431 seconds.
Data saved at t = 3.23 s
Elapsed time is 0.029086 seconds.
64800 / 300000 time steps completed. t = 3.239950 s
Elapsed time is 7.490248 seconds.
Data saved at t = 3.24 s
Elapsed time is 0.028313 seconds.
Data saved at t = 3.25 s
Elapsed time is 0.028019 seconds.
Data saved at t = 3.26 s
Elapsed time is 0.028507 seconds.
Data saved at t = 3.27 s
Elapsed time is 0.032615 seconds.
Data saved at t = 3.28 s
Elapsed time is 0.057656 seconds.
Data saved at t = 3.29 s
Elapsed time is 0.028606 seconds.
66000 / 300000 time steps completed. t = 3.299950 s
Elapsed time is 7.449049 seconds.
Data saved at t = 3.3 s
Elapsed time is 0.028676 seconds.
Data saved at t = 3.31 s
Elapsed time is 0.032065 seconds.
Data saved at t = 3.32 s
Elapsed time is 0.028682 seconds.
Data saved at t = 3.33 s
Elapsed time is 0.033155 seconds.
Data saved at t = 3.34 s
Elapsed time is 0.081045 seconds.
Data saved at t = 3.35 s
Elapsed time is 0.121762 seconds.
67200 / 300000 time steps completed. t = 3.359950 s
Elapsed time is 7.610948 seconds.
Data saved at t = 3.36 s
Elapsed time is 0.028523 seconds.
Data saved at t = 3.37 s
Elapsed time is 0.028481 seconds.
Data saved at t = 3.38 s
Elapsed time is 0.032443 seconds.
Data saved at t = 3.39 s
Elapsed time is 0.028284 seconds.
Data saved at t = 3.4 s
Elapsed time is 0.032335 seconds.
Data saved at t = 3.41 s
Elapsed time is 0.028606 seconds.
68400 / 300000 time steps completed. t = 3.419950 s
Elapsed time is 7.451043 seconds.
Data saved at t = 3.42 s
Elapsed time is 0.028419 seconds.
Data saved at t = 3.43 s
Elapsed time is 0.028177 seconds.
Data saved at t = 3.44 s
Elapsed time is 0.031192 seconds.
Data saved at t = 3.4499 s
Elapsed time is 0.028962 seconds.
Data saved at t = 3.46 s
Elapsed time is 0.028420 seconds.
Data saved at t = 3.4699 s
Elapsed time is 0.028869 seconds.
69600 / 300000 time steps completed. t = 3.479950 s
Elapsed time is 7.450646 seconds.
Data saved at t = 3.48 s
Elapsed time is 0.028722 seconds.
Data saved at t = 3.4899 s
Elapsed time is 0.029379 seconds.
Data saved at t = 3.5 s
Elapsed time is 0.028845 seconds.
Data saved at t = 3.5099 s
Elapsed time is 0.032289 seconds.
Data saved at t = 3.52 s
Elapsed time is 0.028502 seconds.
Data saved at t = 3.5299 s
Elapsed time is 0.028905 seconds.
70800 / 300000 time steps completed. t = 3.539950 s
Elapsed time is 7.497036 seconds.
Data saved at t = 3.54 s
Elapsed time is 0.029112 seconds.
Data saved at t = 3.5499 s
Elapsed time is 0.031845 seconds.
Data saved at t = 3.56 s
Elapsed time is 0.027545 seconds.
Data saved at t = 3.57 s
Elapsed time is 0.028960 seconds.
Data saved at t = 3.58 s
Elapsed time is 0.028506 seconds.
Data saved at t = 3.59 s
Elapsed time is 0.027908 seconds.
72000 / 300000 time steps completed. t = 3.599950 s
Elapsed time is 7.483996 seconds.
Data saved at t = 3.6 s
Elapsed time is 0.030040 seconds.
Data saved at t = 3.61 s
Elapsed time is 0.028346 seconds.
Data saved at t = 3.62 s
Elapsed time is 0.028648 seconds.
Data saved at t = 3.63 s
Elapsed time is 0.028400 seconds.
Data saved at t = 3.64 s
Elapsed time is 0.028815 seconds.
Data saved at t = 3.65 s
Elapsed time is 0.028097 seconds.
73200 / 300000 time steps completed. t = 3.659950 s
Elapsed time is 7.500164 seconds.
Data saved at t = 3.66 s
Elapsed time is 0.028196 seconds.
Data saved at t = 3.67 s
Elapsed time is 0.032595 seconds.
Data saved at t = 3.68 s
Elapsed time is 0.027778 seconds.
Data saved at t = 3.69 s
Elapsed time is 0.029296 seconds.
Data saved at t = 3.7 s
Elapsed time is 0.028994 seconds.
Data saved at t = 3.71 s
Elapsed time is 0.029371 seconds.
74400 / 300000 time steps completed. t = 3.719950 s
Elapsed time is 7.497469 seconds.
Data saved at t = 3.72 s
Elapsed time is 0.028336 seconds.
Data saved at t = 3.73 s
Elapsed time is 0.031693 seconds.
Data saved at t = 3.74 s
Elapsed time is 0.028447 seconds.
Data saved at t = 3.75 s
Elapsed time is 0.028706 seconds.
Data saved at t = 3.76 s
Elapsed time is 0.028716 seconds.
Data saved at t = 3.77 s
Elapsed time is 0.028255 seconds.
75600 / 300000 time steps completed. t = 3.779950 s
Elapsed time is 7.510640 seconds.
Data saved at t = 3.78 s
Elapsed time is 0.027990 seconds.
Data saved at t = 3.79 s
Elapsed time is 0.027983 seconds.
Data saved at t = 3.8 s
Elapsed time is 0.028581 seconds.
Data saved at t = 3.81 s
Elapsed time is 0.028491 seconds.
Data saved at t = 3.82 s
Elapsed time is 0.028790 seconds.
Data saved at t = 3.83 s
Elapsed time is 0.028916 seconds.
76800 / 300000 time steps completed. t = 3.839950 s
Elapsed time is 7.493598 seconds.
Data saved at t = 3.84 s
Elapsed time is 0.028782 seconds.
Data saved at t = 3.85 s
Elapsed time is 0.028795 seconds.
Data saved at t = 3.86 s
Elapsed time is 0.028102 seconds.
Data saved at t = 3.87 s
Elapsed time is 0.032431 seconds.
Data saved at t = 3.88 s
Elapsed time is 0.030546 seconds.
Data saved at t = 3.89 s
Elapsed time is 0.033512 seconds.
78000 / 300000 time steps completed. t = 3.899950 s
Elapsed time is 7.472294 seconds.
Data saved at t = 3.9 s
Elapsed time is 0.028000 seconds.
Data saved at t = 3.91 s
Elapsed time is 0.027790 seconds.
Data saved at t = 3.92 s
Elapsed time is 0.028579 seconds.
Data saved at t = 3.93 s
Elapsed time is 0.031798 seconds.
Data saved at t = 3.94 s
Elapsed time is 0.028876 seconds.
Data saved at t = 3.95 s
Elapsed time is 0.028256 seconds.
79200 / 300000 time steps completed. t = 3.959950 s
Elapsed time is 7.489117 seconds.
Data saved at t = 3.96 s
Elapsed time is 0.028397 seconds.
Data saved at t = 3.97 s
Elapsed time is 0.028387 seconds.
Data saved at t = 3.98 s
Elapsed time is 0.028376 seconds.
Data saved at t = 3.99 s
Elapsed time is 0.028307 seconds.
Data saved at t = 4 s
Elapsed time is 0.028895 seconds.
Data saved at t = 4.0099 s
Elapsed time is 0.028864 seconds.
80400 / 300000 time steps completed. t = 4.019950 s
Elapsed time is 7.493765 seconds.
Data saved at t = 4.0199 s
Elapsed time is 0.028663 seconds.
Data saved at t = 4.03 s
Elapsed time is 0.028274 seconds.
Data saved at t = 4.04 s
Elapsed time is 0.029106 seconds.
Data saved at t = 4.0499 s
Elapsed time is 0.028808 seconds.
Data saved at t = 4.0599 s
Elapsed time is 0.028603 seconds.
Data saved at t = 4.07 s
Elapsed time is 0.031808 seconds.
81600 / 300000 time steps completed. t = 4.079950 s
Elapsed time is 7.505914 seconds.
Data saved at t = 4.08 s
Elapsed time is 0.028739 seconds.
Data saved at t = 4.0899 s
Elapsed time is 0.032641 seconds.
Data saved at t = 4.1 s
Elapsed time is 0.029432 seconds.
Data saved at t = 4.11 s
Elapsed time is 0.032769 seconds.
Data saved at t = 4.12 s
Elapsed time is 0.028831 seconds.
Data saved at t = 4.13 s
Elapsed time is 0.028279 seconds.
82800 / 300000 time steps completed. t = 4.139950 s
Elapsed time is 7.501208 seconds.
Data saved at t = 4.14 s
Elapsed time is 0.028332 seconds.
Data saved at t = 4.15 s
Elapsed time is 0.032663 seconds.
Data saved at t = 4.16 s
Elapsed time is 0.029513 seconds.
Data saved at t = 4.17 s
Elapsed time is 0.027980 seconds.
Data saved at t = 4.18 s
Elapsed time is 0.032318 seconds.
Data saved at t = 4.19 s
Elapsed time is 0.027963 seconds.
84000 / 300000 time steps completed. t = 4.199950 s
Elapsed time is 7.496547 seconds.
Data saved at t = 4.2 s
Elapsed time is 0.032513 seconds.
Data saved at t = 4.21 s
Elapsed time is 0.030152 seconds.
Data saved at t = 4.22 s
Elapsed time is 0.028257 seconds.
Data saved at t = 4.23 s
Elapsed time is 0.028472 seconds.
Data saved at t = 4.24 s
Elapsed time is 0.033239 seconds.
Data saved at t = 4.25 s
Elapsed time is 0.028390 seconds.
85200 / 300000 time steps completed. t = 4.259950 s
Elapsed time is 7.494920 seconds.
Data saved at t = 4.26 s
Elapsed time is 0.031974 seconds.
Data saved at t = 4.27 s
Elapsed time is 0.030760 seconds.
Data saved at t = 4.28 s
Elapsed time is 0.028022 seconds.
Data saved at t = 4.29 s
Elapsed time is 0.033061 seconds.
Data saved at t = 4.3 s
Elapsed time is 0.028998 seconds.
Data saved at t = 4.31 s
Elapsed time is 0.028891 seconds.
86400 / 300000 time steps completed. t = 4.319950 s
Elapsed time is 7.491223 seconds.
Data saved at t = 4.32 s
Elapsed time is 0.027946 seconds.
Data saved at t = 4.33 s
Elapsed time is 0.029993 seconds.
Data saved at t = 4.34 s
Elapsed time is 0.029068 seconds.
Data saved at t = 4.35 s
Elapsed time is 0.040533 seconds.
Data saved at t = 4.36 s
Elapsed time is 0.028540 seconds.
Data saved at t = 4.37 s
Elapsed time is 0.028378 seconds.
87600 / 300000 time steps completed. t = 4.379950 s
Elapsed time is 7.500147 seconds.
Data saved at t = 4.38 s
Elapsed time is 0.027722 seconds.
Data saved at t = 4.39 s
Elapsed time is 0.028529 seconds.
Data saved at t = 4.4 s
Elapsed time is 0.028996 seconds.
Data saved at t = 4.41 s
Elapsed time is 0.028970 seconds.
Data saved at t = 4.42 s
Elapsed time is 0.029076 seconds.
Data saved at t = 4.43 s
Elapsed time is 0.028730 seconds.
88800 / 300000 time steps completed. t = 4.439950 s
Elapsed time is 7.495376 seconds.
Data saved at t = 4.44 s
Elapsed time is 0.032176 seconds.
Data saved at t = 4.45 s
Elapsed time is 0.028312 seconds.
Data saved at t = 4.46 s
Elapsed time is 0.032438 seconds.
Data saved at t = 4.47 s
Elapsed time is 0.028127 seconds.
Data saved at t = 4.48 s
Elapsed time is 0.028822 seconds.
Data saved at t = 4.49 s
Elapsed time is 0.033094 seconds.
90000 / 300000 time steps completed. t = 4.499950 s
Elapsed time is 7.505133 seconds.
Data saved at t = 4.5 s
Elapsed time is 0.028283 seconds.
Data saved at t = 4.51 s
Elapsed time is 0.028954 seconds.
Data saved at t = 4.52 s
Elapsed time is 0.028233 seconds.
Data saved at t = 4.53 s
Elapsed time is 0.028989 seconds.
Data saved at t = 4.54 s
Elapsed time is 0.028346 seconds.
Data saved at t = 4.5499 s
Elapsed time is 0.032386 seconds.
91200 / 300000 time steps completed. t = 4.559950 s
Elapsed time is 7.477005 seconds.
Data saved at t = 4.5599 s
Elapsed time is 0.028633 seconds.
Data saved at t = 4.57 s
Elapsed time is 0.029191 seconds.
Data saved at t = 4.58 s
Elapsed time is 0.032915 seconds.
Data saved at t = 4.5899 s
Elapsed time is 0.028953 seconds.
Data saved at t = 4.5999 s
Elapsed time is 0.028164 seconds.
Data saved at t = 4.61 s
Elapsed time is 0.028967 seconds.
92400 / 300000 time steps completed. t = 4.619950 s
Elapsed time is 7.497716 seconds.
Data saved at t = 4.62 s
Elapsed time is 0.028240 seconds.
Data saved at t = 4.63 s
Elapsed time is 0.028426 seconds.
Data saved at t = 4.64 s
Elapsed time is 0.028636 seconds.
Data saved at t = 4.65 s
Elapsed time is 0.028089 seconds.
Data saved at t = 4.66 s
Elapsed time is 0.028637 seconds.
Data saved at t = 4.67 s
Elapsed time is 0.027961 seconds.
93600 / 300000 time steps completed. t = 4.679950 s
Elapsed time is 7.497564 seconds.
Data saved at t = 4.68 s
Elapsed time is 0.030449 seconds.
Data saved at t = 4.69 s
Elapsed time is 0.031352 seconds.
Data saved at t = 4.7 s
Elapsed time is 0.028847 seconds.
Data saved at t = 4.71 s
Elapsed time is 0.032511 seconds.
Data saved at t = 4.72 s
Elapsed time is 0.028446 seconds.
Data saved at t = 4.73 s
Elapsed time is 0.032836 seconds.
94800 / 300000 time steps completed. t = 4.739950 s
Elapsed time is 7.502424 seconds.
Data saved at t = 4.74 s
Elapsed time is 0.028831 seconds.
Data saved at t = 4.75 s
Elapsed time is 0.032139 seconds.
Data saved at t = 4.76 s
Elapsed time is 0.027952 seconds.
Data saved at t = 4.77 s
Elapsed time is 0.032890 seconds.
Data saved at t = 4.78 s
Elapsed time is 0.028303 seconds.
Data saved at t = 4.79 s
Elapsed time is 0.028429 seconds.
96000 / 300000 time steps completed. t = 4.799950 s
Elapsed time is 7.483403 seconds.
Data saved at t = 4.8 s
Elapsed time is 0.028338 seconds.
Data saved at t = 4.81 s
Elapsed time is 0.028484 seconds.
Data saved at t = 4.82 s
Elapsed time is 0.029408 seconds.
Data saved at t = 4.83 s
Elapsed time is 0.028039 seconds.
Data saved at t = 4.84 s
Elapsed time is 0.029727 seconds.
Data saved at t = 4.85 s
Elapsed time is 0.028525 seconds.
97200 / 300000 time steps completed. t = 4.859950 s
Elapsed time is 7.503829 seconds.
Data saved at t = 4.86 s
Elapsed time is 0.027612 seconds.
Data saved at t = 4.87 s
Elapsed time is 0.028103 seconds.
Data saved at t = 4.88 s
Elapsed time is 0.028190 seconds.
Data saved at t = 4.89 s
Elapsed time is 0.028109 seconds.
Data saved at t = 4.9 s
Elapsed time is 0.027985 seconds.
Data saved at t = 4.91 s
Elapsed time is 0.031801 seconds.
98400 / 300000 time steps completed. t = 4.919950 s
Elapsed time is 7.492926 seconds.
Data saved at t = 4.92 s
Elapsed time is 0.028782 seconds.
Data saved at t = 4.93 s
Elapsed time is 0.032238 seconds.
Data saved at t = 4.94 s
Elapsed time is 0.028123 seconds.
Data saved at t = 4.95 s
Elapsed time is 0.032902 seconds.
Data saved at t = 4.96 s
Elapsed time is 0.028160 seconds.
Data saved at t = 4.97 s
Elapsed time is 0.028454 seconds.
99600 / 300000 time steps completed. t = 4.979950 s
Elapsed time is 7.508448 seconds.
Data saved at t = 4.98 s
Elapsed time is 0.028422 seconds.
Data saved at t = 4.99 s
Elapsed time is 0.028515 seconds.
Data saved at t = 5 s
Elapsed time is 0.028278 seconds.
Data saved at t = 5.01 s
Elapsed time is 0.029564 seconds.
Data saved at t = 5.02 s
Elapsed time is 0.032261 seconds.
Data saved at t = 5.03 s
Elapsed time is 0.028957 seconds.
100800 / 300000 time steps completed. t = 5.039950 s
Elapsed time is 7.484962 seconds.
Data saved at t = 5.04 s
Elapsed time is 0.028272 seconds.
Data saved at t = 5.05 s
Elapsed time is 0.028788 seconds.
Data saved at t = 5.06 s
Elapsed time is 0.031681 seconds.
Data saved at t = 5.07 s
Elapsed time is 0.028513 seconds.
Data saved at t = 5.08 s
Elapsed time is 0.029028 seconds.
Data saved at t = 5.09 s
Elapsed time is 0.032902 seconds.
102000 / 300000 time steps completed. t = 5.099950 s
Elapsed time is 7.503494 seconds.
Data saved at t = 5.0999 s
Elapsed time is 0.027976 seconds.
Data saved at t = 5.11 s
Elapsed time is 0.031133 seconds.
Data saved at t = 5.12 s
Elapsed time is 0.027938 seconds.
Data saved at t = 5.13 s
Elapsed time is 0.032864 seconds.
Data saved at t = 5.14 s
Elapsed time is 0.028349 seconds.
Data saved at t = 5.15 s
Elapsed time is 0.032663 seconds.
103200 / 300000 time steps completed. t = 5.159950 s
Elapsed time is 7.453447 seconds.
Data saved at t = 5.16 s
Elapsed time is 0.037025 seconds.
Data saved at t = 5.17 s
Elapsed time is 0.032008 seconds.
Data saved at t = 5.18 s
Elapsed time is 0.028193 seconds.
Data saved at t = 5.19 s
Elapsed time is 0.028055 seconds.
Data saved at t = 5.2 s
Elapsed time is 0.030240 seconds.
Data saved at t = 5.21 s
Elapsed time is 0.028130 seconds.
104400 / 300000 time steps completed. t = 5.219950 s
Elapsed time is 7.453371 seconds.
Data saved at t = 5.22 s
Elapsed time is 0.027825 seconds.
Data saved at t = 5.23 s
Elapsed time is 0.028237 seconds.
Data saved at t = 5.24 s
Elapsed time is 0.028241 seconds.
Data saved at t = 5.25 s
Elapsed time is 0.028057 seconds.
Data saved at t = 5.26 s
Elapsed time is 0.028009 seconds.
Data saved at t = 5.27 s
Elapsed time is 0.028334 seconds.
105600 / 300000 time steps completed. t = 5.279950 s
Elapsed time is 7.539939 seconds.
Data saved at t = 5.28 s
Elapsed time is 0.031648 seconds.
Data saved at t = 5.29 s
Elapsed time is 0.027909 seconds.
Data saved at t = 5.3 s
Elapsed time is 0.028189 seconds.
Data saved at t = 5.31 s
Elapsed time is 0.028770 seconds.
Data saved at t = 5.32 s
Elapsed time is 0.028720 seconds.
Data saved at t = 5.33 s
Elapsed time is 0.028385 seconds.
106800 / 300000 time steps completed. t = 5.339950 s
Elapsed time is 7.500187 seconds.
Data saved at t = 5.34 s
Elapsed time is 0.028544 seconds.
Data saved at t = 5.35 s
Elapsed time is 0.028147 seconds.
Data saved at t = 5.36 s
Elapsed time is 0.028186 seconds.
Data saved at t = 5.37 s
Elapsed time is 0.028868 seconds.
Data saved at t = 5.38 s
Elapsed time is 0.028412 seconds.
Data saved at t = 5.39 s
Elapsed time is 0.028377 seconds.
108000 / 300000 time steps completed. t = 5.399950 s
Elapsed time is 7.496758 seconds.
Data saved at t = 5.4 s
Elapsed time is 0.031755 seconds.
Data saved at t = 5.41 s
Elapsed time is 0.028862 seconds.
Data saved at t = 5.42 s
Elapsed time is 0.032780 seconds.
Data saved at t = 5.43 s
Elapsed time is 0.028996 seconds.
Data saved at t = 5.44 s
Elapsed time is 0.032599 seconds.
Data saved at t = 5.45 s
Elapsed time is 0.028265 seconds.
109200 / 300000 time steps completed. t = 5.459950 s
Elapsed time is 7.494272 seconds.
Data saved at t = 5.46 s
Elapsed time is 0.032073 seconds.
Data saved at t = 5.47 s
Elapsed time is 0.028036 seconds.
Data saved at t = 5.48 s
Elapsed time is 0.028695 seconds.
Data saved at t = 5.49 s
Elapsed time is 0.028883 seconds.
Data saved at t = 5.5 s
Elapsed time is 0.028754 seconds.
Data saved at t = 5.51 s
Elapsed time is 0.027923 seconds.
110400 / 300000 time steps completed. t = 5.519950 s
Elapsed time is 7.469277 seconds.
Data saved at t = 5.52 s
Elapsed time is 0.027737 seconds.
Data saved at t = 5.53 s
Elapsed time is 0.028893 seconds.
Data saved at t = 5.54 s
Elapsed time is 0.027961 seconds.
Data saved at t = 5.55 s
Elapsed time is 0.028211 seconds.
Data saved at t = 5.56 s
Elapsed time is 0.027957 seconds.
Data saved at t = 5.57 s
Elapsed time is 0.028363 seconds.
111600 / 300000 time steps completed. t = 5.579950 s
Elapsed time is 7.510700 seconds.
Data saved at t = 5.58 s
Elapsed time is 0.028542 seconds.
Data saved at t = 5.59 s
Elapsed time is 0.028471 seconds.
Data saved at t = 5.6 s
Elapsed time is 0.032676 seconds.
Data saved at t = 5.61 s
Elapsed time is 0.027901 seconds.
Data saved at t = 5.62 s
Elapsed time is 0.032163 seconds.
Data saved at t = 5.63 s
Elapsed time is 0.027611 seconds.
112800 / 300000 time steps completed. t = 5.639950 s
Elapsed time is 7.513525 seconds.
Data saved at t = 5.64 s
Elapsed time is 0.028772 seconds.
Data saved at t = 5.65 s
Elapsed time is 0.028609 seconds.
Data saved at t = 5.66 s
Elapsed time is 0.032098 seconds.
Data saved at t = 5.67 s
Elapsed time is 0.028374 seconds.
Data saved at t = 5.68 s
Elapsed time is 0.028319 seconds.
Data saved at t = 5.69 s
Elapsed time is 0.028110 seconds.
114000 / 300000 time steps completed. t = 5.699950 s
Elapsed time is 7.509874 seconds.
Data saved at t = 5.7 s
Elapsed time is 0.028852 seconds.
Data saved at t = 5.71 s
Elapsed time is 0.027916 seconds.
Data saved at t = 5.72 s
Elapsed time is 0.028327 seconds.
Data saved at t = 5.73 s
Elapsed time is 0.031714 seconds.
Data saved at t = 5.74 s
Elapsed time is 0.028327 seconds.
Data saved at t = 5.75 s
Elapsed time is 0.030383 seconds.
115200 / 300000 time steps completed. t = 5.759950 s
Elapsed time is 7.497787 seconds.
Data saved at t = 5.76 s
Elapsed time is 0.028096 seconds.
Data saved at t = 5.77 s
Elapsed time is 0.028738 seconds.
Data saved at t = 5.78 s
Elapsed time is 0.028602 seconds.
Data saved at t = 5.79 s
Elapsed time is 0.028079 seconds.
Data saved at t = 5.8 s
Elapsed time is 0.028171 seconds.
Data saved at t = 5.81 s
Elapsed time is 0.029473 seconds.
116400 / 300000 time steps completed. t = 5.819950 s
Elapsed time is 7.502287 seconds.
Data saved at t = 5.82 s
Elapsed time is 0.028252 seconds.
Data saved at t = 5.83 s
Elapsed time is 0.028395 seconds.
Data saved at t = 5.84 s
Elapsed time is 0.029078 seconds.
Data saved at t = 5.85 s
Elapsed time is 0.028359 seconds.
Data saved at t = 5.86 s
Elapsed time is 0.029063 seconds.
Data saved at t = 5.87 s
Elapsed time is 0.028799 seconds.
117600 / 300000 time steps completed. t = 5.879950 s
Elapsed time is 7.512026 seconds.
Data saved at t = 5.88 s
Elapsed time is 0.027922 seconds.
Data saved at t = 5.89 s
Elapsed time is 0.032330 seconds.
Data saved at t = 5.9 s
Elapsed time is 0.029135 seconds.
Data saved at t = 5.91 s
Elapsed time is 0.028459 seconds.
Data saved at t = 5.92 s
Elapsed time is 0.027943 seconds.
Data saved at t = 5.93 s
Elapsed time is 0.032034 seconds.
118800 / 300000 time steps completed. t = 5.939950 s
Elapsed time is 7.508611 seconds.
Data saved at t = 5.94 s
Elapsed time is 0.028312 seconds.
Data saved at t = 5.95 s
Elapsed time is 0.032011 seconds.
Data saved at t = 5.96 s
Elapsed time is 0.036743 seconds.
Data saved at t = 5.97 s
Elapsed time is 0.031630 seconds.
Data saved at t = 5.98 s
Elapsed time is 0.028561 seconds.
Data saved at t = 5.99 s
Elapsed time is 0.028420 seconds.
120000 / 300000 time steps completed. t = 5.999950 s
Elapsed time is 7.489336 seconds.
Data saved at t = 6 s
Elapsed time is 0.031503 seconds.
Data saved at t = 6.01 s
Elapsed time is 0.028376 seconds.
Data saved at t = 6.02 s
Elapsed time is 0.032465 seconds.
Data saved at t = 6.03 s
Elapsed time is 0.029114 seconds.
Data saved at t = 6.04 s
Elapsed time is 0.028303 seconds.
Data saved at t = 6.05 s
Elapsed time is 0.028624 seconds.
121200 / 300000 time steps completed. t = 6.059950 s
Elapsed time is 7.486807 seconds.
Data saved at t = 6.06 s
Elapsed time is 0.032404 seconds.
Data saved at t = 6.07 s
Elapsed time is 0.028166 seconds.
Data saved at t = 6.08 s
Elapsed time is 0.027983 seconds.
Data saved at t = 6.09 s
Elapsed time is 0.031081 seconds.
Data saved at t = 6.1 s
Elapsed time is 0.028221 seconds.
Data saved at t = 6.11 s
Elapsed time is 0.032198 seconds.
122400 / 300000 time steps completed. t = 6.119950 s
Elapsed time is 7.512876 seconds.
Data saved at t = 6.12 s
Elapsed time is 0.028271 seconds.
Data saved at t = 6.13 s
Elapsed time is 0.032278 seconds.
Data saved at t = 6.14 s
Elapsed time is 0.028595 seconds.
Data saved at t = 6.15 s
Elapsed time is 0.028277 seconds.
Data saved at t = 6.16 s
Elapsed time is 0.028282 seconds.
Data saved at t = 6.17 s
Elapsed time is 0.031110 seconds.
123600 / 300000 time steps completed. t = 6.179950 s
Elapsed time is 7.479082 seconds.
Data saved at t = 6.18 s
Elapsed time is 0.027796 seconds.
Data saved at t = 6.19 s
Elapsed time is 0.028676 seconds.
Data saved at t = 6.2 s
Elapsed time is 0.028457 seconds.
Data saved at t = 6.21 s
Elapsed time is 0.028259 seconds.
Data saved at t = 6.22 s
Elapsed time is 0.028121 seconds.
Data saved at t = 6.23 s
Elapsed time is 0.028204 seconds.
124800 / 300000 time steps completed. t = 6.239950 s
Elapsed time is 7.473244 seconds.
Data saved at t = 6.24 s
Elapsed time is 0.027965 seconds.
Data saved at t = 6.25 s
Elapsed time is 0.027961 seconds.
Data saved at t = 6.26 s
Elapsed time is 0.028246 seconds.
Data saved at t = 6.27 s
Elapsed time is 0.028279 seconds.
Data saved at t = 6.28 s
Elapsed time is 0.028175 seconds.
Data saved at t = 6.29 s
Elapsed time is 0.028233 seconds.
126000 / 300000 time steps completed. t = 6.299950 s
Elapsed time is 7.511172 seconds.
Data saved at t = 6.3 s
Elapsed time is 0.028090 seconds.
Data saved at t = 6.31 s
Elapsed time is 0.028292 seconds.
Data saved at t = 6.32 s
Elapsed time is 0.028470 seconds.
Data saved at t = 6.33 s
Elapsed time is 0.028721 seconds.
Data saved at t = 6.34 s
Elapsed time is 0.028272 seconds.
Data saved at t = 6.35 s
Elapsed time is 0.029204 seconds.
127200 / 300000 time steps completed. t = 6.359950 s
Elapsed time is 7.502015 seconds.
Data saved at t = 6.36 s
Elapsed time is 0.027740 seconds.
Data saved at t = 6.37 s
Elapsed time is 0.028152 seconds.
Data saved at t = 6.38 s
Elapsed time is 0.028562 seconds.
Data saved at t = 6.39 s
Elapsed time is 0.028128 seconds.
Data saved at t = 6.4 s
Elapsed time is 0.028120 seconds.
Data saved at t = 6.41 s
Elapsed time is 0.028632 seconds.
128400 / 300000 time steps completed. t = 6.419950 s
Elapsed time is 7.502917 seconds.
Data saved at t = 6.42 s
Elapsed time is 0.027960 seconds.
Data saved at t = 6.43 s
Elapsed time is 0.028467 seconds.
Data saved at t = 6.44 s
Elapsed time is 0.028690 seconds.
Data saved at t = 6.45 s
Elapsed time is 0.028912 seconds.
Data saved at t = 6.46 s
Elapsed time is 0.027940 seconds.
Data saved at t = 6.4699 s
Elapsed time is 0.028516 seconds.
129600 / 300000 time steps completed. t = 6.479950 s
Elapsed time is 7.512178 seconds.
Data saved at t = 6.48 s
Elapsed time is 0.028324 seconds.
Data saved at t = 6.49 s
Elapsed time is 0.028327 seconds.
Data saved at t = 6.5 s
Elapsed time is 0.027970 seconds.
Data saved at t = 6.5099 s
Elapsed time is 0.031782 seconds.
Data saved at t = 6.52 s
Elapsed time is 0.028466 seconds.
Data saved at t = 6.53 s
Elapsed time is 0.031702 seconds.
130800 / 300000 time steps completed. t = 6.539950 s
Elapsed time is 7.507565 seconds.
Data saved at t = 6.54 s
Elapsed time is 0.028514 seconds.
Data saved at t = 6.5499 s
Elapsed time is 0.028712 seconds.
Data saved at t = 6.56 s
Elapsed time is 0.027563 seconds.
Data saved at t = 6.57 s
Elapsed time is 0.028913 seconds.
Data saved at t = 6.58 s
Elapsed time is 0.028300 seconds.
Data saved at t = 6.5899 s
Elapsed time is 0.028236 seconds.
132000 / 300000 time steps completed. t = 6.599950 s
Elapsed time is 7.503271 seconds.
Data saved at t = 6.6 s
Elapsed time is 0.027894 seconds.
Data saved at t = 6.61 s
Elapsed time is 0.027873 seconds.
Data saved at t = 6.62 s
Elapsed time is 0.028612 seconds.
Data saved at t = 6.63 s
Elapsed time is 0.028426 seconds.
Data saved at t = 6.64 s
Elapsed time is 0.028951 seconds.
Data saved at t = 6.65 s
Elapsed time is 0.027995 seconds.
133200 / 300000 time steps completed. t = 6.659950 s
Elapsed time is 7.472474 seconds.
Data saved at t = 6.66 s
Elapsed time is 0.032249 seconds.
Data saved at t = 6.67 s
Elapsed time is 0.028134 seconds.
Data saved at t = 6.68 s
Elapsed time is 0.028473 seconds.
Data saved at t = 6.69 s
Elapsed time is 0.028653 seconds.
Data saved at t = 6.7 s
Elapsed time is 0.028257 seconds.
Data saved at t = 6.71 s
Elapsed time is 0.031494 seconds.
134400 / 300000 time steps completed. t = 6.719950 s
Elapsed time is 7.465032 seconds.
Data saved at t = 6.72 s
Elapsed time is 0.028503 seconds.
Data saved at t = 6.73 s
Elapsed time is 0.028259 seconds.
Data saved at t = 6.74 s
Elapsed time is 0.029034 seconds.
Data saved at t = 6.75 s
Elapsed time is 0.028471 seconds.
Data saved at t = 6.76 s
Elapsed time is 0.029329 seconds.
Data saved at t = 6.77 s
Elapsed time is 0.041224 seconds.
135600 / 300000 time steps completed. t = 6.779950 s
Elapsed time is 7.537338 seconds.
Data saved at t = 6.78 s
Elapsed time is 0.028649 seconds.
Data saved at t = 6.79 s
Elapsed time is 0.028202 seconds.
Data saved at t = 6.8 s
Elapsed time is 0.028940 seconds.
Data saved at t = 6.81 s
Elapsed time is 0.028317 seconds.
Data saved at t = 6.82 s
Elapsed time is 0.033250 seconds.
Data saved at t = 6.83 s
Elapsed time is 0.028611 seconds.
136800 / 300000 time steps completed. t = 6.839950 s
Elapsed time is 7.484458 seconds.
Data saved at t = 6.84 s
Elapsed time is 0.032204 seconds.
Data saved at t = 6.85 s
Elapsed time is 0.028860 seconds.
Data saved at t = 6.86 s
Elapsed time is 0.031533 seconds.
Data saved at t = 6.87 s
Elapsed time is 0.028890 seconds.
Data saved at t = 6.88 s
Elapsed time is 0.031713 seconds.
Data saved at t = 6.89 s
Elapsed time is 0.027850 seconds.
138000 / 300000 time steps completed. t = 6.899950 s
Elapsed time is 7.469125 seconds.
Data saved at t = 6.9 s
Elapsed time is 0.028585 seconds.
Data saved at t = 6.91 s
Elapsed time is 0.028155 seconds.
Data saved at t = 6.92 s
Elapsed time is 0.028997 seconds.
Data saved at t = 6.93 s
Elapsed time is 0.028564 seconds.
Data saved at t = 6.94 s
Elapsed time is 0.028309 seconds.
Data saved at t = 6.95 s
Elapsed time is 0.028358 seconds.
139200 / 300000 time steps completed. t = 6.959950 s
Elapsed time is 7.459917 seconds.
Data saved at t = 6.96 s
Elapsed time is 0.027954 seconds.
Data saved at t = 6.97 s
Elapsed time is 0.028242 seconds.
Data saved at t = 6.98 s
Elapsed time is 0.028238 seconds.
Data saved at t = 6.99 s
Elapsed time is 0.028285 seconds.
Data saved at t = 7 s
Elapsed time is 0.029624 seconds.
Data saved at t = 7.01 s
Elapsed time is 0.028373 seconds.
140400 / 300000 time steps completed. t = 7.019950 s
Elapsed time is 7.481727 seconds.
Data saved at t = 7.0199 s
Elapsed time is 0.032697 seconds.
Data saved at t = 7.03 s
Elapsed time is 0.028453 seconds.
Data saved at t = 7.04 s
Elapsed time is 0.028491 seconds.
Data saved at t = 7.05 s
Elapsed time is 0.028457 seconds.
Data saved at t = 7.0599 s
Elapsed time is 0.028257 seconds.
Data saved at t = 7.07 s
Elapsed time is 0.028099 seconds.
141600 / 300000 time steps completed. t = 7.079950 s
Elapsed time is 7.488414 seconds.
Data saved at t = 7.08 s
Elapsed time is 0.032070 seconds.
Data saved at t = 7.09 s
Elapsed time is 0.028984 seconds.
Data saved at t = 7.0999 s
Elapsed time is 0.031953 seconds.
Data saved at t = 7.11 s
Elapsed time is 0.028835 seconds.
Data saved at t = 7.12 s
Elapsed time is 0.028510 seconds.
Data saved at t = 7.13 s
Elapsed time is 0.028530 seconds.
142800 / 300000 time steps completed. t = 7.139950 s
Elapsed time is 7.477540 seconds.
Data saved at t = 7.1399 s
Elapsed time is 0.028709 seconds.
Data saved at t = 7.15 s
Elapsed time is 0.028682 seconds.
Data saved at t = 7.16 s
Elapsed time is 0.027994 seconds.
Data saved at t = 7.17 s
Elapsed time is 0.031675 seconds.
Data saved at t = 7.1799 s
Elapsed time is 0.028740 seconds.
Data saved at t = 7.19 s
Elapsed time is 0.031486 seconds.
144000 / 300000 time steps completed. t = 7.199950 s
Elapsed time is 7.465753 seconds.
Data saved at t = 7.2 s
Elapsed time is 0.027434 seconds.
Data saved at t = 7.21 s
Elapsed time is 0.027985 seconds.
Data saved at t = 7.22 s
Elapsed time is 0.028803 seconds.
Data saved at t = 7.23 s
Elapsed time is 0.028791 seconds.
Data saved at t = 7.24 s
Elapsed time is 0.028324 seconds.
Data saved at t = 7.25 s
Elapsed time is 0.028285 seconds.
145200 / 300000 time steps completed. t = 7.259950 s
Elapsed time is 7.506795 seconds.
Data saved at t = 7.26 s
Elapsed time is 0.032222 seconds.
Data saved at t = 7.27 s
Elapsed time is 0.028530 seconds.
Data saved at t = 7.28 s
Elapsed time is 0.031612 seconds.
Data saved at t = 7.29 s
Elapsed time is 0.028794 seconds.
Data saved at t = 7.3 s
Elapsed time is 0.034216 seconds.
Data saved at t = 7.31 s
Elapsed time is 0.028572 seconds.
146400 / 300000 time steps completed. t = 7.319950 s
Elapsed time is 7.524694 seconds.
Data saved at t = 7.32 s
Elapsed time is 0.028718 seconds.
Data saved at t = 7.33 s
Elapsed time is 0.028249 seconds.
Data saved at t = 7.34 s
Elapsed time is 0.028976 seconds.
Data saved at t = 7.35 s
Elapsed time is 0.032888 seconds.
Data saved at t = 7.36 s
Elapsed time is 0.028679 seconds.
Data saved at t = 7.37 s
Elapsed time is 0.028690 seconds.
147600 / 300000 time steps completed. t = 7.379950 s
Elapsed time is 7.428494 seconds.
Data saved at t = 7.38 s
Elapsed time is 0.030360 seconds.
Data saved at t = 7.39 s
Elapsed time is 0.027640 seconds.
Data saved at t = 7.4 s
Elapsed time is 0.027149 seconds.
Data saved at t = 7.41 s
Elapsed time is 0.027442 seconds.
Data saved at t = 7.42 s
Elapsed time is 0.032154 seconds.
Data saved at t = 7.43 s
Elapsed time is 0.026838 seconds.
148800 / 300000 time steps completed. t = 7.439950 s
Elapsed time is 6.739867 seconds.
Data saved at t = 7.44 s
Elapsed time is 0.030460 seconds.
Data saved at t = 7.45 s
Elapsed time is 0.026191 seconds.
Data saved at t = 7.46 s
Elapsed time is 0.029777 seconds.
Data saved at t = 7.47 s
Elapsed time is 0.026466 seconds.
Data saved at t = 7.48 s
Elapsed time is 0.027356 seconds.
Data saved at t = 7.49 s
Elapsed time is 0.026906 seconds.
150000 / 300000 time steps completed. t = 7.499950 s
Elapsed time is 6.726948 seconds.
Data saved at t = 7.5 s
Elapsed time is 0.027090 seconds.
Data saved at t = 7.51 s
Elapsed time is 0.027634 seconds.
Data saved at t = 7.52 s
Elapsed time is 0.027608 seconds.
Data saved at t = 7.53 s
Elapsed time is 0.026948 seconds.
Data saved at t = 7.54 s
Elapsed time is 0.026738 seconds.
Data saved at t = 7.55 s
Elapsed time is 0.029807 seconds.
151200 / 300000 time steps completed. t = 7.559950 s
Elapsed time is 6.741629 seconds.
Data saved at t = 7.56 s
Elapsed time is 0.026215 seconds.
Data saved at t = 7.57 s
Elapsed time is 0.026520 seconds.
Data saved at t = 7.58 s
Elapsed time is 0.026089 seconds.
Data saved at t = 7.5899 s
Elapsed time is 0.026354 seconds.
Data saved at t = 7.6 s
Elapsed time is 0.027901 seconds.
Data saved at t = 7.61 s
Elapsed time is 0.026929 seconds.
152400 / 300000 time steps completed. t = 7.619950 s
Elapsed time is 6.723183 seconds.
Data saved at t = 7.62 s
Elapsed time is 0.026842 seconds.
Data saved at t = 7.63 s
Elapsed time is 0.026754 seconds.
Data saved at t = 7.64 s
Elapsed time is 0.026856 seconds.
Data saved at t = 7.65 s
Elapsed time is 0.026542 seconds.
Data saved at t = 7.66 s
Elapsed time is 0.027441 seconds.
Data saved at t = 7.67 s
Elapsed time is 0.028249 seconds.
153600 / 300000 time steps completed. t = 7.679950 s
Elapsed time is 6.743969 seconds.
Data saved at t = 7.68 s
Elapsed time is 0.026153 seconds.
Data saved at t = 7.69 s
Elapsed time is 0.027061 seconds.
Data saved at t = 7.7 s
Elapsed time is 0.026106 seconds.
Data saved at t = 7.71 s
Elapsed time is 0.026747 seconds.
Data saved at t = 7.72 s
Elapsed time is 0.027143 seconds.
Data saved at t = 7.73 s
Elapsed time is 0.025941 seconds.
154800 / 300000 time steps completed. t = 7.739950 s
Elapsed time is 6.728762 seconds.
Data saved at t = 7.74 s
Elapsed time is 0.026717 seconds.
Data saved at t = 7.75 s
Elapsed time is 0.026971 seconds.
Data saved at t = 7.76 s
Elapsed time is 0.027585 seconds.
Data saved at t = 7.77 s
Elapsed time is 0.026027 seconds.
Data saved at t = 7.78 s
Elapsed time is 0.026600 seconds.
Data saved at t = 7.79 s
Elapsed time is 0.026908 seconds.
156000 / 300000 time steps completed. t = 7.799950 s
Elapsed time is 6.729315 seconds.
Data saved at t = 7.8 s
Elapsed time is 0.025895 seconds.
Data saved at t = 7.81 s
Elapsed time is 0.027263 seconds.
Data saved at t = 7.82 s
Elapsed time is 0.025769 seconds.
Data saved at t = 7.83 s
Elapsed time is 0.026083 seconds.
Data saved at t = 7.84 s
Elapsed time is 0.025926 seconds.
Data saved at t = 7.85 s
Elapsed time is 0.025926 seconds.
157200 / 300000 time steps completed. t = 7.859950 s
Elapsed time is 6.706474 seconds.
Data saved at t = 7.86 s
Elapsed time is 0.029596 seconds.
Data saved at t = 7.87 s
Elapsed time is 0.026351 seconds.
Data saved at t = 7.88 s
Elapsed time is 0.026129 seconds.
Data saved at t = 7.89 s
Elapsed time is 0.026004 seconds.
Data saved at t = 7.9 s
Elapsed time is 0.029575 seconds.
Data saved at t = 7.91 s
Elapsed time is 0.025855 seconds.
158400 / 300000 time steps completed. t = 7.919950 s
Elapsed time is 6.695543 seconds.
Data saved at t = 7.92 s
Elapsed time is 0.026385 seconds.
Data saved at t = 7.93 s
Elapsed time is 0.026289 seconds.
Data saved at t = 7.94 s
Elapsed time is 0.026376 seconds.
Data saved at t = 7.95 s
Elapsed time is 0.026171 seconds.
Data saved at t = 7.96 s
Elapsed time is 0.025507 seconds.
Data saved at t = 7.97 s
Elapsed time is 0.027087 seconds.
159600 / 300000 time steps completed. t = 7.979950 s
Elapsed time is 6.711617 seconds.
Data saved at t = 7.98 s
Elapsed time is 0.026553 seconds.
Data saved at t = 7.99 s
Elapsed time is 0.026117 seconds.
Data saved at t = 8 s
Elapsed time is 0.026342 seconds.
Data saved at t = 8.0099 s
Elapsed time is 0.025591 seconds.
Data saved at t = 8.02 s
Elapsed time is 0.025994 seconds.
Data saved at t = 8.03 s
Elapsed time is 0.025959 seconds.
160800 / 300000 time steps completed. t = 8.039950 s
Elapsed time is 6.716397 seconds.
Data saved at t = 8.04 s
Elapsed time is 0.025806 seconds.
Data saved at t = 8.05 s
Elapsed time is 0.025928 seconds.
Data saved at t = 8.06 s
Elapsed time is 0.026681 seconds.
Data saved at t = 8.07 s
Elapsed time is 0.026505 seconds.
Data saved at t = 8.08 s
Elapsed time is 0.027200 seconds.
Data saved at t = 8.0899 s
Elapsed time is 0.025901 seconds.
162000 / 300000 time steps completed. t = 8.099950 s
Elapsed time is 6.699836 seconds.
Data saved at t = 8.1 s
Elapsed time is 0.026364 seconds.
Data saved at t = 8.11 s
Elapsed time is 0.025959 seconds.
Data saved at t = 8.1199 s
Elapsed time is 0.026504 seconds.
Data saved at t = 8.13 s
Elapsed time is 0.026478 seconds.
Data saved at t = 8.14 s
Elapsed time is 0.025739 seconds.
Data saved at t = 8.15 s
Elapsed time is 0.026417 seconds.
163200 / 300000 time steps completed. t = 8.159950 s
Elapsed time is 6.686934 seconds.
Data saved at t = 8.16 s
Elapsed time is 0.148849 seconds.
Data saved at t = 8.17 s
Elapsed time is 0.028999 seconds.
Data saved at t = 8.1799 s
Elapsed time is 0.026264 seconds.
Data saved at t = 8.19 s
Elapsed time is 0.026198 seconds.
Data saved at t = 8.1999 s
Elapsed time is 0.026578 seconds.
Data saved at t = 8.21 s
Elapsed time is 0.026234 seconds.
164400 / 300000 time steps completed. t = 8.219950 s
Elapsed time is 6.700627 seconds.
Data saved at t = 8.22 s
Elapsed time is 0.026658 seconds.
Data saved at t = 8.23 s
Elapsed time is 0.026545 seconds.
Data saved at t = 8.24 s
Elapsed time is 0.026345 seconds.
Data saved at t = 8.25 s
Elapsed time is 0.026463 seconds.
Data saved at t = 8.2599 s
Elapsed time is 0.027970 seconds.
Data saved at t = 8.27 s
Elapsed time is 0.026125 seconds.
165600 / 300000 time steps completed. t = 8.279950 s
Elapsed time is 6.707613 seconds.
Data saved at t = 8.28 s
Elapsed time is 0.027154 seconds.
Data saved at t = 8.29 s
Elapsed time is 0.026469 seconds.
Data saved at t = 8.3 s
Elapsed time is 0.026563 seconds.
Data saved at t = 8.31 s
Elapsed time is 0.026501 seconds.
Data saved at t = 8.32 s
Elapsed time is 0.026551 seconds.
Data saved at t = 8.33 s
Elapsed time is 0.026344 seconds.
166800 / 300000 time steps completed. t = 8.339950 s
Elapsed time is 6.714252 seconds.
Data saved at t = 8.3399 s
Elapsed time is 0.026306 seconds.
Data saved at t = 8.35 s
Elapsed time is 0.028726 seconds.
Data saved at t = 8.36 s
Elapsed time is 0.025945 seconds.
Data saved at t = 8.37 s
Elapsed time is 0.025998 seconds.
Data saved at t = 8.38 s
Elapsed time is 0.025925 seconds.
Data saved at t = 8.39 s
Elapsed time is 0.026438 seconds.
168000 / 300000 time steps completed. t = 8.399950 s
Elapsed time is 6.702739 seconds.
Data saved at t = 8.4 s
Elapsed time is 0.025872 seconds.
Data saved at t = 8.41 s
Elapsed time is 0.026124 seconds.
Data saved at t = 8.42 s
Elapsed time is 0.026022 seconds.
Data saved at t = 8.43 s
Elapsed time is 0.028336 seconds.
Data saved at t = 8.44 s
Elapsed time is 0.027930 seconds.
Data saved at t = 8.45 s
Elapsed time is 0.028095 seconds.
169200 / 300000 time steps completed. t = 8.459950 s
Elapsed time is 7.466730 seconds.
Data saved at t = 8.46 s
Elapsed time is 0.028006 seconds.
Data saved at t = 8.47 s
Elapsed time is 0.027563 seconds.
Data saved at t = 8.48 s
Elapsed time is 0.027905 seconds.
Data saved at t = 8.49 s
Elapsed time is 0.031682 seconds.
Data saved at t = 8.5 s
Elapsed time is 0.027668 seconds.
Data saved at t = 8.51 s
Elapsed time is 0.034345 seconds.
170400 / 300000 time steps completed. t = 8.519950 s
Elapsed time is 7.473825 seconds.
Data saved at t = 8.52 s
Elapsed time is 0.028978 seconds.
Data saved at t = 8.53 s
Elapsed time is 0.028949 seconds.
Data saved at t = 8.54 s
Elapsed time is 0.027921 seconds.
Data saved at t = 8.55 s
Elapsed time is 0.032795 seconds.
Data saved at t = 8.56 s
Elapsed time is 0.028545 seconds.
Data saved at t = 8.57 s
Elapsed time is 0.028834 seconds.
171600 / 300000 time steps completed. t = 8.579950 s
Elapsed time is 7.479878 seconds.
Data saved at t = 8.58 s
Elapsed time is 0.028675 seconds.
Data saved at t = 8.59 s
Elapsed time is 0.028152 seconds.
Data saved at t = 8.6 s
Elapsed time is 0.028579 seconds.
Data saved at t = 8.61 s
Elapsed time is 0.027955 seconds.
Data saved at t = 8.62 s
Elapsed time is 0.027958 seconds.
Data saved at t = 8.63 s
Elapsed time is 0.029252 seconds.
172800 / 300000 time steps completed. t = 8.639950 s
Elapsed time is 7.455254 seconds.
Data saved at t = 8.64 s
Elapsed time is 0.032441 seconds.
Data saved at t = 8.65 s
Elapsed time is 0.028798 seconds.
Data saved at t = 8.66 s
Elapsed time is 0.032182 seconds.
Data saved at t = 8.67 s
Elapsed time is 0.028947 seconds.
Data saved at t = 8.68 s
Elapsed time is 0.028189 seconds.
Data saved at t = 8.6899 s
Elapsed time is 0.028245 seconds.
174000 / 300000 time steps completed. t = 8.699950 s
Elapsed time is 7.475804 seconds.
Data saved at t = 8.7 s
Elapsed time is 0.028414 seconds.
Data saved at t = 8.71 s
Elapsed time is 0.032398 seconds.
Data saved at t = 8.72 s
Elapsed time is 0.028729 seconds.
Data saved at t = 8.73 s
Elapsed time is 0.028296 seconds.
Data saved at t = 8.74 s
Elapsed time is 0.028042 seconds.
Data saved at t = 8.75 s
Elapsed time is 0.030829 seconds.
175200 / 300000 time steps completed. t = 8.759950 s
Elapsed time is 7.463941 seconds.
Data saved at t = 8.76 s
Elapsed time is 0.029017 seconds.
Data saved at t = 8.7699 s
Elapsed time is 0.028046 seconds.
Data saved at t = 8.78 s
Elapsed time is 0.028012 seconds.
Data saved at t = 8.79 s
Elapsed time is 0.028344 seconds.
Data saved at t = 8.8 s
Elapsed time is 0.028245 seconds.
Data saved at t = 8.81 s
Elapsed time is 0.028759 seconds.
176400 / 300000 time steps completed. t = 8.819950 s
Elapsed time is 7.477742 seconds.
Data saved at t = 8.82 s
Elapsed time is 0.027922 seconds.
Data saved at t = 8.83 s
Elapsed time is 0.028346 seconds.
Data saved at t = 8.84 s
Elapsed time is 0.028463 seconds.
Data saved at t = 8.8499 s
Elapsed time is 0.028213 seconds.
Data saved at t = 8.86 s
Elapsed time is 0.028059 seconds.
Data saved at t = 8.87 s
Elapsed time is 0.029258 seconds.
177600 / 300000 time steps completed. t = 8.879950 s
Elapsed time is 7.476606 seconds.
Data saved at t = 8.88 s
Elapsed time is 0.028139 seconds.
Data saved at t = 8.89 s
Elapsed time is 0.032523 seconds.
Data saved at t = 8.9 s
Elapsed time is 0.027682 seconds.
Data saved at t = 8.91 s
Elapsed time is 0.028309 seconds.
Data saved at t = 8.92 s
Elapsed time is 0.030242 seconds.
Data saved at t = 8.9299 s
Elapsed time is 0.033836 seconds.
178800 / 300000 time steps completed. t = 8.939950 s
Elapsed time is 7.480193 seconds.
Data saved at t = 8.94 s
Elapsed time is 0.029511 seconds.
Data saved at t = 8.95 s
Elapsed time is 0.033097 seconds.
Data saved at t = 8.96 s
Elapsed time is 0.028306 seconds.
Data saved at t = 8.97 s
Elapsed time is 0.028432 seconds.
Data saved at t = 8.98 s
Elapsed time is 0.028579 seconds.
Data saved at t = 8.99 s
Elapsed time is 0.028190 seconds.
180000 / 300000 time steps completed. t = 8.999950 s
Elapsed time is 7.475121 seconds.
Data saved at t = 9 s
Elapsed time is 0.029828 seconds.
Data saved at t = 9.0099 s
Elapsed time is 0.028111 seconds.
Data saved at t = 9.02 s
Elapsed time is 0.028735 seconds.
Data saved at t = 9.03 s
Elapsed time is 0.027862 seconds.
Data saved at t = 9.04 s
Elapsed time is 0.032636 seconds.
Data saved at t = 9.05 s
Elapsed time is 0.027961 seconds.
181200 / 300000 time steps completed. t = 9.059950 s
Elapsed time is 7.488211 seconds.
Data saved at t = 9.06 s
Elapsed time is 0.028311 seconds.
Data saved at t = 9.07 s
Elapsed time is 0.028302 seconds.
Data saved at t = 9.08 s
Elapsed time is 0.028251 seconds.
Data saved at t = 9.0899 s
Elapsed time is 0.027925 seconds.
Data saved at t = 9.1 s
Elapsed time is 0.028229 seconds.
Data saved at t = 9.11 s
Elapsed time is 0.028953 seconds.
182400 / 300000 time steps completed. t = 9.119950 s
Elapsed time is 7.461367 seconds.
Data saved at t = 9.12 s
Elapsed time is 0.027982 seconds.
Data saved at t = 9.13 s
Elapsed time is 0.027659 seconds.
Data saved at t = 9.14 s
Elapsed time is 0.028204 seconds.
Data saved at t = 9.15 s
Elapsed time is 0.028612 seconds.
Data saved at t = 9.16 s
Elapsed time is 0.028397 seconds.
Data saved at t = 9.17 s
Elapsed time is 0.028047 seconds.
183600 / 300000 time steps completed. t = 9.179950 s
Elapsed time is 7.485912 seconds.
Data saved at t = 9.18 s
Elapsed time is 0.032095 seconds.
Data saved at t = 9.19 s
Elapsed time is 0.027318 seconds.
Data saved at t = 9.2 s
Elapsed time is 0.032312 seconds.
Data saved at t = 9.21 s
Elapsed time is 0.028448 seconds.
Data saved at t = 9.22 s
Elapsed time is 0.028648 seconds.
Data saved at t = 9.23 s
Elapsed time is 0.028911 seconds.
184800 / 300000 time steps completed. t = 9.239950 s
Elapsed time is 7.475061 seconds.
Data saved at t = 9.24 s
Elapsed time is 0.031306 seconds.
Data saved at t = 9.25 s
Elapsed time is 0.027467 seconds.
Data saved at t = 9.2599 s
Elapsed time is 0.027841 seconds.
Data saved at t = 9.27 s
Elapsed time is 0.028926 seconds.
Data saved at t = 9.2799 s
Elapsed time is 0.029310 seconds.
Data saved at t = 9.29 s
Elapsed time is 0.028374 seconds.
186000 / 300000 time steps completed. t = 9.299950 s
Elapsed time is 7.477544 seconds.
Data saved at t = 9.3 s
Elapsed time is 0.028936 seconds.
Data saved at t = 9.31 s
Elapsed time is 0.027561 seconds.
Data saved at t = 9.32 s
Elapsed time is 0.028853 seconds.
Data saved at t = 9.33 s
Elapsed time is 0.032005 seconds.
Data saved at t = 9.3399 s
Elapsed time is 0.028837 seconds.
Data saved at t = 9.35 s
Elapsed time is 0.032163 seconds.
187200 / 300000 time steps completed. t = 9.359950 s
Elapsed time is 7.597867 seconds.
Data saved at t = 9.36 s
Elapsed time is 0.029542 seconds.
Data saved at t = 9.37 s
Elapsed time is 0.029196 seconds.
Data saved at t = 9.38 s
Elapsed time is 0.033898 seconds.
Data saved at t = 9.39 s
Elapsed time is 0.031476 seconds.
Data saved at t = 9.4 s
Elapsed time is 0.033689 seconds.
Data saved at t = 9.41 s
Elapsed time is 0.028811 seconds.
188400 / 300000 time steps completed. t = 9.419950 s
Elapsed time is 7.484200 seconds.
Data saved at t = 9.42 s
Elapsed time is 0.027886 seconds.
Data saved at t = 9.43 s
Elapsed time is 0.028229 seconds.
Data saved at t = 9.44 s
Elapsed time is 0.032337 seconds.
Data saved at t = 9.45 s
Elapsed time is 0.028045 seconds.
Data saved at t = 9.46 s
Elapsed time is 0.028688 seconds.
Data saved at t = 9.47 s
Elapsed time is 0.028174 seconds.
189600 / 300000 time steps completed. t = 9.479950 s
Elapsed time is 7.544064 seconds.
Data saved at t = 9.48 s
Elapsed time is 0.029228 seconds.
Data saved at t = 9.49 s
Elapsed time is 0.028511 seconds.
Data saved at t = 9.5 s
Elapsed time is 0.028203 seconds.
Data saved at t = 9.51 s
Elapsed time is 0.028145 seconds.
Data saved at t = 9.52 s
Elapsed time is 0.029553 seconds.
Data saved at t = 9.53 s
Elapsed time is 0.030568 seconds.
190800 / 300000 time steps completed. t = 9.539950 s
Elapsed time is 7.493365 seconds.
Data saved at t = 9.54 s
Elapsed time is 0.028464 seconds.
Data saved at t = 9.55 s
Elapsed time is 0.028710 seconds.
Data saved at t = 9.56 s
Elapsed time is 0.028146 seconds.
Data saved at t = 9.57 s
Elapsed time is 0.028755 seconds.
Data saved at t = 9.58 s
Elapsed time is 0.032479 seconds.
Data saved at t = 9.59 s
Elapsed time is 0.028908 seconds.
192000 / 300000 time steps completed. t = 9.599950 s
Elapsed time is 7.484604 seconds.
Data saved at t = 9.6 s
Elapsed time is 0.028584 seconds.
Data saved at t = 9.61 s
Elapsed time is 0.028098 seconds.
Data saved at t = 9.62 s
Elapsed time is 0.032867 seconds.
Data saved at t = 9.63 s
Elapsed time is 0.028130 seconds.
Data saved at t = 9.64 s
Elapsed time is 0.033133 seconds.
Data saved at t = 9.65 s
Elapsed time is 0.028512 seconds.
193200 / 300000 time steps completed. t = 9.659950 s
Elapsed time is 7.489746 seconds.
Data saved at t = 9.66 s
Elapsed time is 0.028892 seconds.
Data saved at t = 9.67 s
Elapsed time is 0.028532 seconds.
Data saved at t = 9.68 s
Elapsed time is 0.028222 seconds.
Data saved at t = 9.69 s
Elapsed time is 0.032753 seconds.
Data saved at t = 9.7 s
Elapsed time is 0.028891 seconds.
Data saved at t = 9.71 s
Elapsed time is 0.029560 seconds.
194400 / 300000 time steps completed. t = 9.719950 s
Elapsed time is 7.491823 seconds.
Data saved at t = 9.72 s
Elapsed time is 0.028661 seconds.
Data saved at t = 9.73 s
Elapsed time is 0.028193 seconds.
Data saved at t = 9.74 s
Elapsed time is 0.028821 seconds.
Data saved at t = 9.75 s
Elapsed time is 0.028841 seconds.
Data saved at t = 9.76 s
Elapsed time is 0.029027 seconds.
Data saved at t = 9.7699 s
Elapsed time is 0.029521 seconds.
195600 / 300000 time steps completed. t = 9.779950 s
Elapsed time is 7.502572 seconds.
Data saved at t = 9.78 s
Elapsed time is 0.031670 seconds.
Data saved at t = 9.79 s
Elapsed time is 0.028548 seconds.
Data saved at t = 9.8 s
Elapsed time is 0.032513 seconds.
Data saved at t = 9.81 s
Elapsed time is 0.028634 seconds.
Data saved at t = 9.82 s
Elapsed time is 0.028754 seconds.
Data saved at t = 9.83 s
Elapsed time is 0.028013 seconds.
196800 / 300000 time steps completed. t = 9.839950 s
Elapsed time is 7.485677 seconds.
Data saved at t = 9.84 s
Elapsed time is 0.032720 seconds.
Data saved at t = 9.8499 s
Elapsed time is 0.028286 seconds.
Data saved at t = 9.86 s
Elapsed time is 0.027816 seconds.
Data saved at t = 9.87 s
Elapsed time is 0.028252 seconds.
Data saved at t = 9.88 s
Elapsed time is 0.028341 seconds.
Data saved at t = 9.89 s
Elapsed time is 0.028095 seconds.
198000 / 300000 time steps completed. t = 9.899950 s
Elapsed time is 7.488138 seconds.
Data saved at t = 9.9 s
Elapsed time is 0.027970 seconds.
Data saved at t = 9.91 s
Elapsed time is 0.030814 seconds.
Data saved at t = 9.92 s
Elapsed time is 0.028443 seconds.
Data saved at t = 9.9299 s
Elapsed time is 0.028605 seconds.
Data saved at t = 9.94 s
Elapsed time is 0.028917 seconds.
Data saved at t = 9.95 s
Elapsed time is 0.029019 seconds.
199200 / 300000 time steps completed. t = 9.959950 s
Elapsed time is 7.478966 seconds.
Data saved at t = 9.96 s
Elapsed time is 0.028616 seconds.
Data saved at t = 9.97 s
Elapsed time is 0.029424 seconds.
Data saved at t = 9.98 s
Elapsed time is 0.028671 seconds.
Data saved at t = 9.99 s
Elapsed time is 0.028534 seconds.
Data saved at t = 10 s
Elapsed time is 0.032460 seconds.
Data saved at t = 10.0099 s
Elapsed time is 0.028669 seconds.
200400 / 300000 time steps completed. t = 10.019950 s
Elapsed time is 7.520247 seconds.
Data saved at t = 10.02 s
Elapsed time is 0.028699 seconds.
Data saved at t = 10.03 s
Elapsed time is 0.028582 seconds.
Data saved at t = 10.04 s
Elapsed time is 0.121663 seconds.
Data saved at t = 10.05 s
Elapsed time is 0.029725 seconds.
Data saved at t = 10.06 s
Elapsed time is 0.028975 seconds.
Data saved at t = 10.07 s
Elapsed time is 0.028237 seconds.
201600 / 300000 time steps completed. t = 10.079950 s
Elapsed time is 7.498561 seconds.
Data saved at t = 10.08 s
Elapsed time is 0.027980 seconds.
Data saved at t = 10.0899 s
Elapsed time is 0.029009 seconds.
Data saved at t = 10.1 s
Elapsed time is 0.029054 seconds.
Data saved at t = 10.11 s
Elapsed time is 0.034983 seconds.
Data saved at t = 10.12 s
Elapsed time is 0.056983 seconds.
Data saved at t = 10.13 s
Elapsed time is 0.033102 seconds.
202800 / 300000 time steps completed. t = 10.139950 s
Elapsed time is 7.504414 seconds.
Data saved at t = 10.14 s
Elapsed time is 0.028977 seconds.
Data saved at t = 10.15 s
Elapsed time is 0.032668 seconds.
Data saved at t = 10.16 s
Elapsed time is 0.028574 seconds.
Data saved at t = 10.17 s
Elapsed time is 0.029157 seconds.
Data saved at t = 10.18 s
Elapsed time is 0.033536 seconds.
Data saved at t = 10.19 s
Elapsed time is 0.028434 seconds.
204000 / 300000 time steps completed. t = 10.199950 s
Elapsed time is 7.492146 seconds.
Data saved at t = 10.2 s
Elapsed time is 0.033220 seconds.
Data saved at t = 10.21 s
Elapsed time is 0.028499 seconds.
Data saved at t = 10.22 s
Elapsed time is 0.032971 seconds.
Data saved at t = 10.23 s
Elapsed time is 0.028518 seconds.
Data saved at t = 10.24 s
Elapsed time is 0.033905 seconds.
Data saved at t = 10.25 s
Elapsed time is 0.030027 seconds.
205200 / 300000 time steps completed. t = 10.259950 s
Elapsed time is 7.499869 seconds.
Data saved at t = 10.26 s
Elapsed time is 0.028526 seconds.
Data saved at t = 10.27 s
Elapsed time is 0.028209 seconds.
Data saved at t = 10.28 s
Elapsed time is 0.029185 seconds.
Data saved at t = 10.29 s
Elapsed time is 0.031452 seconds.
Data saved at t = 10.3 s
Elapsed time is 0.028694 seconds.
Data saved at t = 10.31 s
Elapsed time is 0.032864 seconds.
206400 / 300000 time steps completed. t = 10.319950 s
Elapsed time is 7.503519 seconds.
Data saved at t = 10.32 s
Elapsed time is 0.029069 seconds.
Data saved at t = 10.33 s
Elapsed time is 0.029012 seconds.
Data saved at t = 10.3399 s
Elapsed time is 0.030357 seconds.
Data saved at t = 10.35 s
Elapsed time is 0.029684 seconds.
Data saved at t = 10.36 s
Elapsed time is 0.028944 seconds.
Data saved at t = 10.37 s
Elapsed time is 0.028409 seconds.
207600 / 300000 time steps completed. t = 10.379950 s
Elapsed time is 7.495944 seconds.
Data saved at t = 10.38 s
Elapsed time is 0.028286 seconds.
Data saved at t = 10.39 s
Elapsed time is 0.028864 seconds.
Data saved at t = 10.4 s
Elapsed time is 0.034599 seconds.
Data saved at t = 10.41 s
Elapsed time is 0.028952 seconds.
Data saved at t = 10.42 s
Elapsed time is 0.034797 seconds.
Data saved at t = 10.43 s
Elapsed time is 0.028149 seconds.
208800 / 300000 time steps completed. t = 10.439950 s
Elapsed time is 7.526968 seconds.
Data saved at t = 10.44 s
Elapsed time is 0.031834 seconds.
Data saved at t = 10.45 s
Elapsed time is 0.028913 seconds.
Data saved at t = 10.46 s
Elapsed time is 0.033810 seconds.
Data saved at t = 10.47 s
Elapsed time is 0.028822 seconds.
Data saved at t = 10.48 s
Elapsed time is 0.029369 seconds.
Data saved at t = 10.49 s
Elapsed time is 0.031667 seconds.
210000 / 300000 time steps completed. t = 10.499950 s
Elapsed time is 7.562400 seconds.
Data saved at t = 10.5 s
Elapsed time is 0.028425 seconds.
Data saved at t = 10.51 s
Elapsed time is 0.033714 seconds.
Data saved at t = 10.52 s
Elapsed time is 0.028499 seconds.
Data saved at t = 10.53 s
Elapsed time is 0.029282 seconds.
Data saved at t = 10.54 s
Elapsed time is 0.028929 seconds.
Data saved at t = 10.55 s
Elapsed time is 0.031962 seconds.
211200 / 300000 time steps completed. t = 10.559950 s
Elapsed time is 7.499926 seconds.
Data saved at t = 10.56 s
Elapsed time is 0.028823 seconds.
Data saved at t = 10.57 s
Elapsed time is 0.028504 seconds.
Data saved at t = 10.58 s
Elapsed time is 0.028246 seconds.
Data saved at t = 10.59 s
Elapsed time is 0.028784 seconds.
Data saved at t = 10.6 s
Elapsed time is 0.028000 seconds.
Data saved at t = 10.61 s
Elapsed time is 0.030665 seconds.
212400 / 300000 time steps completed. t = 10.619950 s
Elapsed time is 7.459461 seconds.
Data saved at t = 10.62 s
Elapsed time is 0.028226 seconds.
Data saved at t = 10.63 s
Elapsed time is 0.028548 seconds.
Data saved at t = 10.64 s
Elapsed time is 0.029042 seconds.
Data saved at t = 10.65 s
Elapsed time is 0.028265 seconds.
Data saved at t = 10.66 s
Elapsed time is 0.028234 seconds.
Data saved at t = 10.67 s
Elapsed time is 0.027878 seconds.
213600 / 300000 time steps completed. t = 10.679950 s
Elapsed time is 7.440494 seconds.
Data saved at t = 10.68 s
Elapsed time is 0.028130 seconds.
Data saved at t = 10.69 s
Elapsed time is 0.028358 seconds.
Data saved at t = 10.7 s
Elapsed time is 0.027811 seconds.
Data saved at t = 10.71 s
Elapsed time is 0.027784 seconds.
Data saved at t = 10.72 s
Elapsed time is 0.028876 seconds.
Data saved at t = 10.73 s
Elapsed time is 0.033139 seconds.
214800 / 300000 time steps completed. t = 10.739950 s
Elapsed time is 7.454778 seconds.
Data saved at t = 10.74 s
Elapsed time is 0.027766 seconds.
Data saved at t = 10.75 s
Elapsed time is 0.028330 seconds.
Data saved at t = 10.76 s
Elapsed time is 0.028888 seconds.
Data saved at t = 10.77 s
Elapsed time is 0.028422 seconds.
Data saved at t = 10.78 s
Elapsed time is 0.029233 seconds.
Data saved at t = 10.79 s
Elapsed time is 0.028403 seconds.
216000 / 300000 time steps completed. t = 10.799950 s
Elapsed time is 7.428504 seconds.
Data saved at t = 10.8 s
Elapsed time is 0.029767 seconds.
Data saved at t = 10.81 s
Elapsed time is 0.028763 seconds.
Data saved at t = 10.82 s
Elapsed time is 0.027979 seconds.
Data saved at t = 10.83 s
Elapsed time is 0.027567 seconds.
Data saved at t = 10.84 s
Elapsed time is 0.028932 seconds.
Data saved at t = 10.85 s
Elapsed time is 0.028156 seconds.
217200 / 300000 time steps completed. t = 10.859950 s
Elapsed time is 7.443798 seconds.
Data saved at t = 10.86 s
Elapsed time is 0.029140 seconds.
Data saved at t = 10.87 s
Elapsed time is 0.027879 seconds.
Data saved at t = 10.88 s
Elapsed time is 0.028282 seconds.
Data saved at t = 10.89 s
Elapsed time is 0.027941 seconds.
Data saved at t = 10.9 s
Elapsed time is 0.029308 seconds.
Data saved at t = 10.91 s
Elapsed time is 0.032142 seconds.
218400 / 300000 time steps completed. t = 10.919950 s
Elapsed time is 7.501098 seconds.
Data saved at t = 10.92 s
Elapsed time is 0.028264 seconds.
Data saved at t = 10.9299 s
Elapsed time is 0.032031 seconds.
Data saved at t = 10.94 s
Elapsed time is 0.028300 seconds.
Data saved at t = 10.95 s
Elapsed time is 0.032567 seconds.
Data saved at t = 10.96 s
Elapsed time is 0.029777 seconds.
Data saved at t = 10.97 s
Elapsed time is 0.031570 seconds.
219600 / 300000 time steps completed. t = 10.979950 s
Elapsed time is 7.466761 seconds.
Data saved at t = 10.98 s
Elapsed time is 0.029205 seconds.
Data saved at t = 10.99 s
Elapsed time is 0.032113 seconds.
Data saved at t = 11 s
Elapsed time is 0.027968 seconds.
Data saved at t = 11.0099 s
Elapsed time is 0.028398 seconds.
Data saved at t = 11.02 s
Elapsed time is 0.027926 seconds.
Data saved at t = 11.03 s
Elapsed time is 0.027616 seconds.
220800 / 300000 time steps completed. t = 11.039950 s
Elapsed time is 7.446115 seconds.
Data saved at t = 11.04 s
Elapsed time is 0.028538 seconds.
Data saved at t = 11.05 s
Elapsed time is 0.029421 seconds.
Data saved at t = 11.06 s
Elapsed time is 0.028438 seconds.
Data saved at t = 11.07 s
Elapsed time is 0.030551 seconds.
Data saved at t = 11.08 s
Elapsed time is 0.033197 seconds.
Data saved at t = 11.0899 s
Elapsed time is 0.031161 seconds.
222000 / 300000 time steps completed. t = 11.099950 s
Elapsed time is 7.533768 seconds.
Data saved at t = 11.1 s
Elapsed time is 0.028037 seconds.
Data saved at t = 11.11 s
Elapsed time is 0.032470 seconds.
Data saved at t = 11.12 s
Elapsed time is 0.028669 seconds.
Data saved at t = 11.13 s
Elapsed time is 0.028125 seconds.
Data saved at t = 11.14 s
Elapsed time is 0.028381 seconds.
Data saved at t = 11.15 s
Elapsed time is 0.032446 seconds.
223200 / 300000 time steps completed. t = 11.159950 s
Elapsed time is 7.499542 seconds.
Data saved at t = 11.16 s
Elapsed time is 0.028566 seconds.
Data saved at t = 11.17 s
Elapsed time is 0.029184 seconds.
Data saved at t = 11.18 s
Elapsed time is 0.028440 seconds.
Data saved at t = 11.19 s
Elapsed time is 0.032249 seconds.
Data saved at t = 11.2 s
Elapsed time is 0.027840 seconds.
Data saved at t = 11.21 s
Elapsed time is 0.028962 seconds.
224400 / 300000 time steps completed. t = 11.219950 s
Elapsed time is 7.505307 seconds.
Data saved at t = 11.22 s
Elapsed time is 0.028676 seconds.
Data saved at t = 11.23 s
Elapsed time is 0.028525 seconds.
Data saved at t = 11.24 s
Elapsed time is 0.035163 seconds.
Data saved at t = 11.25 s
Elapsed time is 0.028621 seconds.
Data saved at t = 11.26 s
Elapsed time is 0.032180 seconds.
Data saved at t = 11.27 s
Elapsed time is 0.027962 seconds.
225600 / 300000 time steps completed. t = 11.279950 s
Elapsed time is 7.449922 seconds.
Data saved at t = 11.28 s
Elapsed time is 0.028931 seconds.
Data saved at t = 11.29 s
Elapsed time is 0.028888 seconds.
Data saved at t = 11.3 s
Elapsed time is 0.028837 seconds.
Data saved at t = 11.31 s
Elapsed time is 0.032589 seconds.
Data saved at t = 11.32 s
Elapsed time is 0.030820 seconds.
Data saved at t = 11.33 s
Elapsed time is 0.028281 seconds.
226800 / 300000 time steps completed. t = 11.339950 s
Elapsed time is 7.455330 seconds.
Data saved at t = 11.34 s
Elapsed time is 0.028571 seconds.
Data saved at t = 11.35 s
Elapsed time is 0.028238 seconds.
Data saved at t = 11.36 s
Elapsed time is 0.028301 seconds.
Data saved at t = 11.37 s
Elapsed time is 0.028155 seconds.
Data saved at t = 11.38 s
Elapsed time is 0.028201 seconds.
Data saved at t = 11.39 s
Elapsed time is 0.031781 seconds.
228000 / 300000 time steps completed. t = 11.399950 s
Elapsed time is 7.485129 seconds.
Data saved at t = 11.4 s
Elapsed time is 0.028082 seconds.
Data saved at t = 11.41 s
Elapsed time is 0.028077 seconds.
Data saved at t = 11.42 s
Elapsed time is 0.034623 seconds.
Data saved at t = 11.43 s
Elapsed time is 0.028124 seconds.
Data saved at t = 11.44 s
Elapsed time is 0.035055 seconds.
Data saved at t = 11.45 s
Elapsed time is 0.028492 seconds.
229200 / 300000 time steps completed. t = 11.459950 s
Elapsed time is 7.503171 seconds.
Data saved at t = 11.46 s
Elapsed time is 0.028882 seconds.
Data saved at t = 11.47 s
Elapsed time is 0.027837 seconds.
Data saved at t = 11.48 s
Elapsed time is 0.034065 seconds.
Data saved at t = 11.49 s
Elapsed time is 0.028438 seconds.
Data saved at t = 11.5 s
Elapsed time is 0.028638 seconds.
Data saved at t = 11.51 s
Elapsed time is 0.032421 seconds.
230400 / 300000 time steps completed. t = 11.519950 s
Elapsed time is 7.443820 seconds.
Data saved at t = 11.52 s
Elapsed time is 0.031886 seconds.
Data saved at t = 11.53 s
Elapsed time is 0.028461 seconds.
Data saved at t = 11.54 s
Elapsed time is 0.028013 seconds.
Data saved at t = 11.55 s
Elapsed time is 0.028183 seconds.
Data saved at t = 11.56 s
Elapsed time is 0.029117 seconds.
Data saved at t = 11.57 s
Elapsed time is 0.032354 seconds.
231600 / 300000 time steps completed. t = 11.579950 s
Elapsed time is 7.461499 seconds.
Data saved at t = 11.58 s
Elapsed time is 0.028446 seconds.
Data saved at t = 11.59 s
Elapsed time is 0.032321 seconds.
Data saved at t = 11.6 s
Elapsed time is 0.027896 seconds.
Data saved at t = 11.61 s
Elapsed time is 0.029103 seconds.
Data saved at t = 11.62 s
Elapsed time is 0.033471 seconds.
Data saved at t = 11.63 s
Elapsed time is 0.028211 seconds.
232800 / 300000 time steps completed. t = 11.639950 s
Elapsed time is 7.433758 seconds.
Data saved at t = 11.64 s
Elapsed time is 0.029107 seconds.
Data saved at t = 11.65 s
Elapsed time is 0.028711 seconds.
Data saved at t = 11.66 s
Elapsed time is 0.032206 seconds.
Data saved at t = 11.67 s
Elapsed time is 0.028264 seconds.
Data saved at t = 11.68 s
Elapsed time is 0.029996 seconds.
Data saved at t = 11.69 s
Elapsed time is 0.028934 seconds.
234000 / 300000 time steps completed. t = 11.699950 s
Elapsed time is 7.510981 seconds.
Data saved at t = 11.7 s
Elapsed time is 0.031501 seconds.
Data saved at t = 11.71 s
Elapsed time is 0.032697 seconds.
Data saved at t = 11.72 s
Elapsed time is 0.028546 seconds.
Data saved at t = 11.73 s
Elapsed time is 0.033694 seconds.
Data saved at t = 11.74 s
Elapsed time is 0.028330 seconds.
Data saved at t = 11.75 s
Elapsed time is 0.028869 seconds.
235200 / 300000 time steps completed. t = 11.759950 s
Elapsed time is 7.508842 seconds.
Data saved at t = 11.76 s
Elapsed time is 0.028807 seconds.
Data saved at t = 11.77 s
Elapsed time is 0.032041 seconds.
Data saved at t = 11.78 s
Elapsed time is 0.028190 seconds.
Data saved at t = 11.79 s
Elapsed time is 0.030153 seconds.
Data saved at t = 11.8 s
Elapsed time is 0.032566 seconds.
Data saved at t = 11.81 s
Elapsed time is 0.028293 seconds.
236400 / 300000 time steps completed. t = 11.819950 s
Elapsed time is 7.515496 seconds.
Data saved at t = 11.82 s
Elapsed time is 0.035483 seconds.
Data saved at t = 11.83 s
Elapsed time is 0.028461 seconds.
Data saved at t = 11.84 s
Elapsed time is 0.028044 seconds.
Data saved at t = 11.85 s
Elapsed time is 0.028154 seconds.
Data saved at t = 11.86 s
Elapsed time is 0.028891 seconds.
Data saved at t = 11.87 s
Elapsed time is 0.028721 seconds.
237600 / 300000 time steps completed. t = 11.879950 s
Elapsed time is 7.548548 seconds.
Data saved at t = 11.88 s
Elapsed time is 0.030949 seconds.
Data saved at t = 11.89 s
Elapsed time is 0.028213 seconds.
Data saved at t = 11.9 s
Elapsed time is 0.028237 seconds.
Data saved at t = 11.91 s
Elapsed time is 0.032774 seconds.
Data saved at t = 11.92 s
Elapsed time is 0.028885 seconds.
Data saved at t = 11.93 s
Elapsed time is 0.034747 seconds.
238800 / 300000 time steps completed. t = 11.939950 s
Elapsed time is 7.605828 seconds.
Data saved at t = 11.94 s
Elapsed time is 0.028290 seconds.
Data saved at t = 11.95 s
Elapsed time is 0.032976 seconds.
Data saved at t = 11.96 s
Elapsed time is 0.032648 seconds.
Data saved at t = 11.97 s
Elapsed time is 0.032731 seconds.
Data saved at t = 11.98 s
Elapsed time is 0.029237 seconds.
Data saved at t = 11.99 s
Elapsed time is 0.028724 seconds.
240000 / 300000 time steps completed. t = 11.999950 s
Elapsed time is 7.495854 seconds.
Data saved at t = 12 s
Elapsed time is 0.033728 seconds.
Data saved at t = 12.0099 s
Elapsed time is 0.029851 seconds.
Data saved at t = 12.02 s
Elapsed time is 0.028679 seconds.
Data saved at t = 12.03 s
Elapsed time is 0.028580 seconds.
Data saved at t = 12.04 s
Elapsed time is 0.028800 seconds.
Data saved at t = 12.05 s
Elapsed time is 0.028593 seconds.
241200 / 300000 time steps completed. t = 12.059950 s
Elapsed time is 7.496365 seconds.
Data saved at t = 12.06 s
Elapsed time is 0.032921 seconds.
Data saved at t = 12.07 s
Elapsed time is 0.030096 seconds.
Data saved at t = 12.08 s
Elapsed time is 0.031770 seconds.
Data saved at t = 12.0899 s
Elapsed time is 0.028092 seconds.
Data saved at t = 12.1 s
Elapsed time is 0.028165 seconds.
Data saved at t = 12.11 s
Elapsed time is 0.028462 seconds.
242400 / 300000 time steps completed. t = 12.119950 s
Elapsed time is 7.515124 seconds.
Data saved at t = 12.12 s
Elapsed time is 0.028429 seconds.
Data saved at t = 12.13 s
Elapsed time is 0.031602 seconds.
Data saved at t = 12.14 s
Elapsed time is 0.029148 seconds.
Data saved at t = 12.15 s
Elapsed time is 0.031597 seconds.
Data saved at t = 12.16 s
Elapsed time is 0.028697 seconds.
Data saved at t = 12.17 s
Elapsed time is 0.028221 seconds.
243600 / 300000 time steps completed. t = 12.179950 s
Elapsed time is 7.523284 seconds.
Data saved at t = 12.18 s
Elapsed time is 0.028921 seconds.
Data saved at t = 12.19 s
Elapsed time is 0.029093 seconds.
Data saved at t = 12.2 s
Elapsed time is 0.033151 seconds.
Data saved at t = 12.21 s
Elapsed time is 0.029198 seconds.
Data saved at t = 12.22 s
Elapsed time is 0.031909 seconds.
Data saved at t = 12.23 s
Elapsed time is 0.029838 seconds.
244800 / 300000 time steps completed. t = 12.239950 s
Elapsed time is 7.538121 seconds.
Data saved at t = 12.24 s
Elapsed time is 0.028199 seconds.
Data saved at t = 12.25 s
Elapsed time is 0.030054 seconds.
Data saved at t = 12.26 s
Elapsed time is 0.031965 seconds.
Data saved at t = 12.27 s
Elapsed time is 0.028711 seconds.
Data saved at t = 12.28 s
Elapsed time is 0.029082 seconds.
Data saved at t = 12.29 s
Elapsed time is 0.035329 seconds.
246000 / 300000 time steps completed. t = 12.299950 s
Elapsed time is 7.531340 seconds.
Data saved at t = 12.3 s
Elapsed time is 0.028023 seconds.
Data saved at t = 12.31 s
Elapsed time is 0.033331 seconds.
Data saved at t = 12.32 s
Elapsed time is 0.028501 seconds.
Data saved at t = 12.33 s
Elapsed time is 0.028737 seconds.
Data saved at t = 12.34 s
Elapsed time is 0.028353 seconds.
Data saved at t = 12.35 s
Elapsed time is 0.029083 seconds.
247200 / 300000 time steps completed. t = 12.359950 s
Elapsed time is 7.503039 seconds.
Data saved at t = 12.36 s
Elapsed time is 0.029255 seconds.
Data saved at t = 12.37 s
Elapsed time is 0.028069 seconds.
Data saved at t = 12.38 s
Elapsed time is 0.028860 seconds.
Data saved at t = 12.39 s
Elapsed time is 0.028829 seconds.
Data saved at t = 12.4 s
Elapsed time is 0.031597 seconds.
Data saved at t = 12.41 s
Elapsed time is 0.028595 seconds.
248400 / 300000 time steps completed. t = 12.419950 s
Elapsed time is 7.505323 seconds.
Data saved at t = 12.42 s
Elapsed time is 0.032475 seconds.
Data saved at t = 12.43 s
Elapsed time is 0.028210 seconds.
Data saved at t = 12.44 s
Elapsed time is 0.037096 seconds.
Data saved at t = 12.45 s
Elapsed time is 0.030976 seconds.
Data saved at t = 12.46 s
Elapsed time is 0.029841 seconds.
Data saved at t = 12.47 s
Elapsed time is 0.030284 seconds.
249600 / 300000 time steps completed. t = 12.479950 s
Elapsed time is 7.688259 seconds.
Data saved at t = 12.48 s
Elapsed time is 0.029423 seconds.
Data saved at t = 12.49 s
Elapsed time is 0.030043 seconds.
Data saved at t = 12.5 s
Elapsed time is 0.029185 seconds.
Data saved at t = 12.51 s
Elapsed time is 0.032692 seconds.
Data saved at t = 12.52 s
Elapsed time is 0.028784 seconds.
Data saved at t = 12.53 s
Elapsed time is 0.028504 seconds.
250800 / 300000 time steps completed. t = 12.539950 s
Elapsed time is 7.524586 seconds.
Data saved at t = 12.54 s
Elapsed time is 0.028295 seconds.
Data saved at t = 12.55 s
Elapsed time is 0.032519 seconds.
Data saved at t = 12.56 s
Elapsed time is 0.029510 seconds.
Data saved at t = 12.57 s
Elapsed time is 0.031224 seconds.
Data saved at t = 12.58 s
Elapsed time is 0.047015 seconds.
Data saved at t = 12.59 s
Elapsed time is 0.026483 seconds.
252000 / 300000 time steps completed. t = 12.599950 s
Elapsed time is 6.754189 seconds.
Data saved at t = 12.6 s
Elapsed time is 0.026678 seconds.
Data saved at t = 12.61 s
Elapsed time is 0.026420 seconds.
Data saved at t = 12.62 s
Elapsed time is 0.027469 seconds.
Data saved at t = 12.63 s
Elapsed time is 0.026447 seconds.
Data saved at t = 12.64 s
Elapsed time is 0.026726 seconds.
Data saved at t = 12.65 s
Elapsed time is 0.027606 seconds.
253200 / 300000 time steps completed. t = 12.659950 s
Elapsed time is 6.758261 seconds.
Data saved at t = 12.66 s
Elapsed time is 0.027839 seconds.
Data saved at t = 12.67 s
Elapsed time is 0.026482 seconds.
Data saved at t = 12.68 s
Elapsed time is 0.026682 seconds.
Data saved at t = 12.6899 s
Elapsed time is 0.028476 seconds.
Data saved at t = 12.7 s
Elapsed time is 0.027199 seconds.
Data saved at t = 12.71 s
Elapsed time is 0.030820 seconds.
254400 / 300000 time steps completed. t = 12.719950 s
Elapsed time is 6.767572 seconds.
Data saved at t = 12.72 s
Elapsed time is 0.026487 seconds.
Data saved at t = 12.73 s
Elapsed time is 0.026105 seconds.
Data saved at t = 12.74 s
Elapsed time is 0.026602 seconds.
Data saved at t = 12.75 s
Elapsed time is 0.031312 seconds.
Data saved at t = 12.76 s
Elapsed time is 0.026805 seconds.
Data saved at t = 12.7699 s
Elapsed time is 0.030381 seconds.
255600 / 300000 time steps completed. t = 12.779950 s
Elapsed time is 6.765197 seconds.
Data saved at t = 12.78 s
Elapsed time is 0.026616 seconds.
Data saved at t = 12.79 s
Elapsed time is 0.026856 seconds.
Data saved at t = 12.8 s
Elapsed time is 0.026446 seconds.
Data saved at t = 12.81 s
Elapsed time is 0.027806 seconds.
Data saved at t = 12.82 s
Elapsed time is 0.026534 seconds.
Data saved at t = 12.83 s
Elapsed time is 0.026740 seconds.
256800 / 300000 time steps completed. t = 12.839950 s
Elapsed time is 6.757813 seconds.
Data saved at t = 12.84 s
Elapsed time is 0.034355 seconds.
Data saved at t = 12.8499 s
Elapsed time is 0.032342 seconds.
Data saved at t = 12.86 s
Elapsed time is 0.035915 seconds.
Data saved at t = 12.87 s
Elapsed time is 0.035348 seconds.
Data saved at t = 12.88 s
Elapsed time is 0.033161 seconds.
Data saved at t = 12.89 s
Elapsed time is 0.031679 seconds.
258000 / 300000 time steps completed. t = 12.899950 s
Elapsed time is 7.508233 seconds.
Data saved at t = 12.9 s
Elapsed time is 0.028663 seconds.
Data saved at t = 12.91 s
Elapsed time is 0.029680 seconds.
Data saved at t = 12.92 s
Elapsed time is 0.048473 seconds.
Data saved at t = 12.9299 s
Elapsed time is 0.037199 seconds.
Data saved at t = 12.94 s
Elapsed time is 0.035601 seconds.
Data saved at t = 12.95 s
Elapsed time is 0.035096 seconds.
259200 / 300000 time steps completed. t = 12.959950 s
Elapsed time is 7.505451 seconds.
Data saved at t = 12.96 s
Elapsed time is 0.035574 seconds.
Data saved at t = 12.97 s
Elapsed time is 0.035161 seconds.
Data saved at t = 12.98 s
Elapsed time is 0.032856 seconds.
Data saved at t = 12.99 s
Elapsed time is 0.034199 seconds.
Data saved at t = 13 s
Elapsed time is 0.029392 seconds.
Data saved at t = 13.0099 s
Elapsed time is 0.028725 seconds.
260400 / 300000 time steps completed. t = 13.019950 s
Elapsed time is 7.473873 seconds.
Data saved at t = 13.02 s
Elapsed time is 0.037875 seconds.
Data saved at t = 13.03 s
Elapsed time is 0.028860 seconds.
Data saved at t = 13.04 s
Elapsed time is 0.037233 seconds.
Data saved at t = 13.05 s
Elapsed time is 0.032014 seconds.
Data saved at t = 13.06 s
Elapsed time is 0.028745 seconds.
Data saved at t = 13.07 s
Elapsed time is 0.029958 seconds.
261600 / 300000 time steps completed. t = 13.079950 s
Elapsed time is 7.514555 seconds.
Data saved at t = 13.08 s
Elapsed time is 0.030276 seconds.
Data saved at t = 13.0899 s
Elapsed time is 0.028716 seconds.
Data saved at t = 13.1 s
Elapsed time is 0.028838 seconds.
Data saved at t = 13.11 s
Elapsed time is 0.033832 seconds.
Data saved at t = 13.1199 s
Elapsed time is 0.031393 seconds.
Data saved at t = 13.13 s
Elapsed time is 0.034463 seconds.
262800 / 300000 time steps completed. t = 13.139950 s
Elapsed time is 7.515384 seconds.
Data saved at t = 13.14 s
Elapsed time is 0.034145 seconds.
Data saved at t = 13.15 s
Elapsed time is 0.033325 seconds.
Data saved at t = 13.16 s
Elapsed time is 0.031205 seconds.
Data saved at t = 13.17 s
Elapsed time is 0.034784 seconds.
Data saved at t = 13.18 s
Elapsed time is 0.029747 seconds.
Data saved at t = 13.19 s
Elapsed time is 0.038424 seconds.
264000 / 300000 time steps completed. t = 13.199950 s
Elapsed time is 7.505057 seconds.
Data saved at t = 13.1999 s
Elapsed time is 0.032995 seconds.
Data saved at t = 13.21 s
Elapsed time is 0.028960 seconds.
Data saved at t = 13.22 s
Elapsed time is 0.032931 seconds.
Data saved at t = 13.23 s
Elapsed time is 0.028353 seconds.
Data saved at t = 13.24 s
Elapsed time is 0.028746 seconds.
Data saved at t = 13.25 s
Elapsed time is 0.028621 seconds.
265200 / 300000 time steps completed. t = 13.259950 s
Elapsed time is 7.515257 seconds.
Data saved at t = 13.26 s
Elapsed time is 0.029251 seconds.
Data saved at t = 13.27 s
Elapsed time is 0.051174 seconds.
Data saved at t = 13.2799 s
Elapsed time is 0.065208 seconds.
Data saved at t = 13.29 s
Elapsed time is 0.031641 seconds.
Data saved at t = 13.3 s
Elapsed time is 0.030430 seconds.
Data saved at t = 13.31 s
Elapsed time is 0.030703 seconds.
266400 / 300000 time steps completed. t = 13.319950 s
Elapsed time is 7.541609 seconds.
Data saved at t = 13.32 s
Elapsed time is 0.028685 seconds.
Data saved at t = 13.33 s
Elapsed time is 0.028911 seconds.
Data saved at t = 13.34 s
Elapsed time is 0.028639 seconds.
Data saved at t = 13.35 s
Elapsed time is 0.031415 seconds.
Data saved at t = 13.3599 s
Elapsed time is 0.031205 seconds.
Data saved at t = 13.37 s
Elapsed time is 0.035626 seconds.
267600 / 300000 time steps completed. t = 13.379950 s
Elapsed time is 7.500438 seconds.
Data saved at t = 13.38 s
Elapsed time is 0.028501 seconds.
Data saved at t = 13.39 s
Elapsed time is 0.032211 seconds.
Data saved at t = 13.4 s
Elapsed time is 0.044982 seconds.
Data saved at t = 13.41 s
Elapsed time is 0.035934 seconds.
Data saved at t = 13.42 s
Elapsed time is 0.030017 seconds.
Data saved at t = 13.43 s
Elapsed time is 0.029081 seconds.
268800 / 300000 time steps completed. t = 13.439950 s
Elapsed time is 7.485559 seconds.
Data saved at t = 13.4399 s
Elapsed time is 0.029160 seconds.
Data saved at t = 13.45 s
Elapsed time is 0.032072 seconds.
Data saved at t = 13.46 s
Elapsed time is 0.028959 seconds.
Data saved at t = 13.47 s
Elapsed time is 0.028387 seconds.
Data saved at t = 13.48 s
Elapsed time is 0.030874 seconds.
Data saved at t = 13.49 s
Elapsed time is 0.032899 seconds.
270000 / 300000 time steps completed. t = 13.499950 s
Elapsed time is 7.514117 seconds.
Data saved at t = 13.5 s
Elapsed time is 0.033668 seconds.
Data saved at t = 13.51 s
Elapsed time is 0.036225 seconds.
Data saved at t = 13.52 s
Elapsed time is 0.030257 seconds.
Data saved at t = 13.53 s
Elapsed time is 0.031494 seconds.
Data saved at t = 13.54 s
Elapsed time is 0.030989 seconds.
Data saved at t = 13.55 s
Elapsed time is 0.032273 seconds.
271200 / 300000 time steps completed. t = 13.559950 s
Elapsed time is 7.510500 seconds.
Data saved at t = 13.56 s
Elapsed time is 0.031576 seconds.
Data saved at t = 13.57 s
Elapsed time is 0.028311 seconds.
Data saved at t = 13.58 s
Elapsed time is 0.028688 seconds.
Data saved at t = 13.59 s
Elapsed time is 0.028438 seconds.
Data saved at t = 13.6 s
Elapsed time is 0.030928 seconds.
Data saved at t = 13.61 s
Elapsed time is 0.101345 seconds.
272400 / 300000 time steps completed. t = 13.619950 s
Elapsed time is 7.580326 seconds.
Data saved at t = 13.62 s
Elapsed time is 0.031644 seconds.
Data saved at t = 13.63 s
Elapsed time is 0.040080 seconds.
Data saved at t = 13.64 s
Elapsed time is 0.032733 seconds.
Data saved at t = 13.65 s
Elapsed time is 0.028150 seconds.
Data saved at t = 13.66 s
Elapsed time is 0.032891 seconds.
Data saved at t = 13.67 s
Elapsed time is 0.028258 seconds.
273600 / 300000 time steps completed. t = 13.679950 s
Elapsed time is 7.515752 seconds.
Data saved at t = 13.68 s
Elapsed time is 0.032474 seconds.
Data saved at t = 13.69 s
Elapsed time is 0.028229 seconds.
Data saved at t = 13.7 s
Elapsed time is 0.028161 seconds.
Data saved at t = 13.71 s
Elapsed time is 0.032718 seconds.
Data saved at t = 13.72 s
Elapsed time is 0.028167 seconds.
Data saved at t = 13.73 s
Elapsed time is 0.032614 seconds.
274800 / 300000 time steps completed. t = 13.739950 s
Elapsed time is 7.517746 seconds.
Data saved at t = 13.74 s
Elapsed time is 0.028624 seconds.
Data saved at t = 13.75 s
Elapsed time is 0.032541 seconds.
Data saved at t = 13.76 s
Elapsed time is 0.028539 seconds.
Data saved at t = 13.77 s
Elapsed time is 0.028114 seconds.
Data saved at t = 13.78 s
Elapsed time is 0.028358 seconds.
Data saved at t = 13.79 s
Elapsed time is 0.028369 seconds.
276000 / 300000 time steps completed. t = 13.799950 s
Elapsed time is 7.499454 seconds.
Data saved at t = 13.8 s
Elapsed time is 0.028051 seconds.
Data saved at t = 13.81 s
Elapsed time is 0.030765 seconds.
Data saved at t = 13.82 s
Elapsed time is 0.031819 seconds.
Data saved at t = 13.83 s
Elapsed time is 0.028456 seconds.
Data saved at t = 13.84 s
Elapsed time is 0.028769 seconds.
Data saved at t = 13.85 s
Elapsed time is 0.031866 seconds.
277200 / 300000 time steps completed. t = 13.859950 s
Elapsed time is 7.517358 seconds.
Data saved at t = 13.86 s
Elapsed time is 0.028249 seconds.
Data saved at t = 13.87 s
Elapsed time is 0.027942 seconds.
Data saved at t = 13.88 s
Elapsed time is 0.028086 seconds.
Data saved at t = 13.89 s
Elapsed time is 0.027901 seconds.
Data saved at t = 13.9 s
Elapsed time is 0.028266 seconds.
Data saved at t = 13.91 s
Elapsed time is 0.028142 seconds.
278400 / 300000 time steps completed. t = 13.919950 s
Elapsed time is 7.506026 seconds.
Data saved at t = 13.92 s
Elapsed time is 0.030081 seconds.
Data saved at t = 13.93 s
Elapsed time is 0.031277 seconds.
Data saved at t = 13.94 s
Elapsed time is 0.028538 seconds.
Data saved at t = 13.95 s
Elapsed time is 0.031667 seconds.
Data saved at t = 13.96 s
Elapsed time is 0.028493 seconds.
Data saved at t = 13.97 s
Elapsed time is 0.028428 seconds.
279600 / 300000 time steps completed. t = 13.979950 s
Elapsed time is 7.491741 seconds.
Data saved at t = 13.98 s
Elapsed time is 0.028398 seconds.
Data saved at t = 13.99 s
Elapsed time is 0.032007 seconds.
Data saved at t = 14 s
Elapsed time is 0.029184 seconds.
Data saved at t = 14.01 s
Elapsed time is 0.028777 seconds.
Data saved at t = 14.02 s
Elapsed time is 0.031575 seconds.
Data saved at t = 14.03 s
Elapsed time is 0.028344 seconds.
280800 / 300000 time steps completed. t = 14.039950 s
Elapsed time is 7.440361 seconds.
Data saved at t = 14.04 s
Elapsed time is 0.031420 seconds.
Data saved at t = 14.05 s
Elapsed time is 0.027980 seconds.
Data saved at t = 14.06 s
Elapsed time is 0.031242 seconds.
Data saved at t = 14.07 s
Elapsed time is 0.030116 seconds.
Data saved at t = 14.08 s
Elapsed time is 0.028654 seconds.
Data saved at t = 14.09 s
Elapsed time is 0.028580 seconds.
282000 / 300000 time steps completed. t = 14.099950 s
Elapsed time is 7.448051 seconds.
Data saved at t = 14.1 s
Elapsed time is 0.028259 seconds.
Data saved at t = 14.11 s
Elapsed time is 0.028119 seconds.
Data saved at t = 14.12 s
Elapsed time is 0.028008 seconds.
Data saved at t = 14.13 s
Elapsed time is 0.031494 seconds.
Data saved at t = 14.14 s
Elapsed time is 0.028080 seconds.
Data saved at t = 14.15 s
Elapsed time is 0.031926 seconds.
283200 / 300000 time steps completed. t = 14.159950 s
Elapsed time is 7.443609 seconds.
Data saved at t = 14.16 s
Elapsed time is 0.027811 seconds.
Data saved at t = 14.17 s
Elapsed time is 0.027884 seconds.
Data saved at t = 14.1799 s
Elapsed time is 0.027960 seconds.
Data saved at t = 14.19 s
Elapsed time is 0.027963 seconds.
Data saved at t = 14.2 s
Elapsed time is 0.028124 seconds.
Data saved at t = 14.21 s
Elapsed time is 0.028235 seconds.
284400 / 300000 time steps completed. t = 14.219950 s
Elapsed time is 7.479724 seconds.
Data saved at t = 14.22 s
Elapsed time is 0.030941 seconds.
Data saved at t = 14.23 s
Elapsed time is 0.028320 seconds.
Data saved at t = 14.24 s
Elapsed time is 0.032129 seconds.
Data saved at t = 14.25 s
Elapsed time is 0.028035 seconds.
Data saved at t = 14.2599 s
Elapsed time is 0.031794 seconds.
Data saved at t = 14.27 s
Elapsed time is 0.028857 seconds.
285600 / 300000 time steps completed. t = 14.279950 s
Elapsed time is 7.480699 seconds.
Data saved at t = 14.28 s
Elapsed time is 0.028317 seconds.
Data saved at t = 14.29 s
Elapsed time is 0.028647 seconds.
Data saved at t = 14.3 s
Elapsed time is 0.028061 seconds.
Data saved at t = 14.31 s
Elapsed time is 0.031856 seconds.
Data saved at t = 14.32 s
Elapsed time is 0.027660 seconds.
Data saved at t = 14.33 s
Elapsed time is 0.028561 seconds.
286800 / 300000 time steps completed. t = 14.339950 s
Elapsed time is 7.473904 seconds.
Data saved at t = 14.3399 s
Elapsed time is 0.028532 seconds.
Data saved at t = 14.35 s
Elapsed time is 0.031596 seconds.
Data saved at t = 14.36 s
Elapsed time is 0.028375 seconds.
Data saved at t = 14.37 s
Elapsed time is 0.031049 seconds.
Data saved at t = 14.38 s
Elapsed time is 0.028573 seconds.
Data saved at t = 14.39 s
Elapsed time is 0.031040 seconds.
288000 / 300000 time steps completed. t = 14.399950 s
Elapsed time is 7.422864 seconds.
Data saved at t = 14.4 s
Elapsed time is 0.028130 seconds.
Data saved at t = 14.41 s
Elapsed time is 0.028273 seconds.
Data saved at t = 14.42 s
Elapsed time is 0.028000 seconds.
Data saved at t = 14.43 s
Elapsed time is 0.028997 seconds.
Data saved at t = 14.44 s
Elapsed time is 0.028038 seconds.
Data saved at t = 14.45 s
Elapsed time is 0.029241 seconds.
289200 / 300000 time steps completed. t = 14.459950 s
Elapsed time is 7.462400 seconds.
Data saved at t = 14.46 s
Elapsed time is 0.031756 seconds.
Data saved at t = 14.47 s
Elapsed time is 0.027960 seconds.
Data saved at t = 14.48 s
Elapsed time is 0.028388 seconds.
Data saved at t = 14.49 s
Elapsed time is 0.028565 seconds.
Data saved at t = 14.5 s
Elapsed time is 0.029054 seconds.
Data saved at t = 14.51 s
Elapsed time is 0.028632 seconds.
290400 / 300000 time steps completed. t = 14.519950 s
Elapsed time is 7.432258 seconds.
Data saved at t = 14.52 s
Elapsed time is 0.027801 seconds.
Data saved at t = 14.53 s
Elapsed time is 0.028254 seconds.
Data saved at t = 14.54 s
Elapsed time is 0.028313 seconds.
Data saved at t = 14.55 s
Elapsed time is 0.031160 seconds.
Data saved at t = 14.56 s
Elapsed time is 0.027929 seconds.
Data saved at t = 14.57 s
Elapsed time is 0.031691 seconds.
291600 / 300000 time steps completed. t = 14.579950 s
Elapsed time is 7.455483 seconds.
Data saved at t = 14.58 s
Elapsed time is 0.027758 seconds.
Data saved at t = 14.59 s
Elapsed time is 0.028708 seconds.
Data saved at t = 14.6 s
Elapsed time is 0.027845 seconds.
Data saved at t = 14.61 s
Elapsed time is 0.027773 seconds.
Data saved at t = 14.62 s
Elapsed time is 0.031877 seconds.
Data saved at t = 14.63 s
Elapsed time is 0.028202 seconds.
292800 / 300000 time steps completed. t = 14.639950 s
Elapsed time is 7.425349 seconds.
Data saved at t = 14.64 s
Elapsed time is 0.032736 seconds.
Data saved at t = 14.65 s
Elapsed time is 0.028151 seconds.
Data saved at t = 14.66 s
Elapsed time is 0.031663 seconds.
Data saved at t = 14.67 s
Elapsed time is 0.028832 seconds.
Data saved at t = 14.68 s
Elapsed time is 0.033493 seconds.
Data saved at t = 14.69 s
Elapsed time is 0.028124 seconds.
294000 / 300000 time steps completed. t = 14.699950 s
Elapsed time is 7.432343 seconds.
Data saved at t = 14.7 s
Elapsed time is 0.027720 seconds.
Data saved at t = 14.71 s
Elapsed time is 0.032616 seconds.
Data saved at t = 14.72 s
Elapsed time is 0.028144 seconds.
Data saved at t = 14.73 s
Elapsed time is 0.028289 seconds.
Data saved at t = 14.74 s
Elapsed time is 0.028328 seconds.
Data saved at t = 14.75 s
Elapsed time is 0.033657 seconds.
295200 / 300000 time steps completed. t = 14.759950 s
Elapsed time is 7.526753 seconds.
Data saved at t = 14.76 s
Elapsed time is 0.030238 seconds.
Data saved at t = 14.7699 s
Elapsed time is 0.028747 seconds.
Data saved at t = 14.78 s
Elapsed time is 0.029903 seconds.
Data saved at t = 14.79 s
Elapsed time is 0.028181 seconds.
Data saved at t = 14.8 s
Elapsed time is 0.032221 seconds.
Data saved at t = 14.81 s
Elapsed time is 0.027958 seconds.
296400 / 300000 time steps completed. t = 14.819950 s
Elapsed time is 7.437685 seconds.
Data saved at t = 14.82 s
Elapsed time is 0.030758 seconds.
Data saved at t = 14.83 s
Elapsed time is 0.028653 seconds.
Data saved at t = 14.84 s
Elapsed time is 0.028239 seconds.
Data saved at t = 14.8499 s
Elapsed time is 0.028711 seconds.
Data saved at t = 14.86 s
Elapsed time is 0.028547 seconds.
Data saved at t = 14.87 s
Elapsed time is 0.027791 seconds.
297600 / 300000 time steps completed. t = 14.879950 s
Elapsed time is 7.439183 seconds.
Data saved at t = 14.88 s
Elapsed time is 0.027918 seconds.
Data saved at t = 14.89 s
Elapsed time is 0.032555 seconds.
Data saved at t = 14.9 s
Elapsed time is 0.028851 seconds.
Data saved at t = 14.91 s
Elapsed time is 0.032359 seconds.
Data saved at t = 14.92 s
Elapsed time is 0.028452 seconds.
Data saved at t = 14.9299 s
Elapsed time is 0.031171 seconds.
298800 / 300000 time steps completed. t = 14.939950 s
Elapsed time is 7.393436 seconds.
Data saved at t = 14.94 s
Elapsed time is 0.030427 seconds.
Data saved at t = 14.95 s
Elapsed time is 0.027933 seconds.
Data saved at t = 14.96 s
Elapsed time is 0.029358 seconds.
Data saved at t = 14.97 s
Elapsed time is 0.031609 seconds.
Data saved at t = 14.98 s
Elapsed time is 0.028583 seconds.
Data saved at t = 14.99 s
Elapsed time is 0.028094 seconds.
300000 / 300000 time steps completed. t = 14.999950 s
Elapsed time is 7.375331 seconds.
Data saved at t = 15 s
Elapsed time is 0.031515 seconds.
[2026-07-07T16:46:43.676] error: *** JOB 36519050 ON c0704a-s13 CANCELLED AT 2026-07-07T16:46:43 DUE to SIGNAL Terminated ***
