Tue Jul  7 10:05:17 AM EDT 2026
c0704a-s27.ufhpc
Warning: X does not support locale en_US.UTF-8

fcut_dim =

    20


t_end_dim =

    15


Ldim =

     2


N =

        8000


MNOISE =

        1000


F0_noise =

    0.0250


Re_input =

     5


theta_deg =

    6.4000


rho =

        1072


mu =

    0.0067


Ca_input =

    0.1000


t_save =

    0.0100

hN = 8.1465e-04 m
uN = 3.8532e-02 m/s
TN = 2.1142e-02 s
mu = 0.0067, rho = 1072.0000, gamma = 0.0026, theta = 0.1117
F2 = 0.1858, We = 0.5000, Re = 5.0000, Ca = 0.1000
fcut_noise nondim = 4.2284e-01
dx = 3.0688e-01, dt = 2.3649e-03, nsteps = 300000
Fontconfig warning: "/usr/share/fontconfig/conf.avail/05-reset-dirs-sample.conf", line 6: unknown element "reset-dirs"
Fontconfig warning: "/usr/share/fontconfig/conf.avail/05-reset-dirs-sample.conf", line 6: unknown element "reset-dirs"
Initializing white noise phases...
1 / 300000 time steps completed. t = 0.000000 s
Elapsed time is 0.615016 seconds.
Data saved at t = 0.00995 s
Elapsed time is 0.862149 seconds.
Data saved at t = 0.01995 s
Elapsed time is 0.043027 seconds.
Data saved at t = 0.02995 s
Elapsed time is 0.038846 seconds.
Data saved at t = 0.03995 s
Elapsed time is 0.033707 seconds.
Data saved at t = 0.04995 s
Elapsed time is 0.054292 seconds.
1200 / 300000 time steps completed. t = 0.059950 s
Elapsed time is 5.372490 seconds.
Data saved at t = 0.05995 s
Elapsed time is 0.097972 seconds.
Data saved at t = 0.06995 s
Elapsed time is 0.030548 seconds.
Data saved at t = 0.07995 s
Elapsed time is 0.030658 seconds.
Data saved at t = 0.08995 s
Elapsed time is 0.109053 seconds.
Data saved at t = 0.09995 s
Elapsed time is 0.034746 seconds.
Data saved at t = 0.10995 s
Elapsed time is 0.031267 seconds.
2400 / 300000 time steps completed. t = 0.119950 s
Elapsed time is 5.383582 seconds.
Data saved at t = 0.11995 s
Elapsed time is 0.037732 seconds.
Data saved at t = 0.12995 s
Elapsed time is 0.036086 seconds.
Data saved at t = 0.13995 s
Elapsed time is 0.031370 seconds.
Data saved at t = 0.14995 s
Elapsed time is 0.045565 seconds.
Data saved at t = 0.15995 s
Elapsed time is 0.033571 seconds.
Data saved at t = 0.16995 s
Elapsed time is 0.035600 seconds.
3600 / 300000 time steps completed. t = 0.179950 s
Elapsed time is 5.359685 seconds.
Data saved at t = 0.17995 s
Elapsed time is 0.031678 seconds.
Data saved at t = 0.18995 s
Elapsed time is 0.030102 seconds.
Data saved at t = 0.19995 s
Elapsed time is 0.029956 seconds.
Data saved at t = 0.20995 s
Elapsed time is 0.055057 seconds.
Data saved at t = 0.21995 s
Elapsed time is 0.047965 seconds.
Data saved at t = 0.22995 s
Elapsed time is 0.030031 seconds.
4800 / 300000 time steps completed. t = 0.239950 s
Elapsed time is 5.177643 seconds.
Data saved at t = 0.23995 s
Elapsed time is 0.036077 seconds.
Data saved at t = 0.24995 s
Elapsed time is 0.032121 seconds.
Data saved at t = 0.25995 s
Elapsed time is 0.035954 seconds.
Data saved at t = 0.26995 s
Elapsed time is 0.031546 seconds.
Data saved at t = 0.27995 s
Elapsed time is 0.035214 seconds.
Data saved at t = 0.28995 s
Elapsed time is 0.031927 seconds.
6000 / 300000 time steps completed. t = 0.299950 s
Elapsed time is 5.272484 seconds.
Data saved at t = 0.29995 s
Elapsed time is 0.040763 seconds.
Data saved at t = 0.30995 s
Elapsed time is 0.031052 seconds.
Data saved at t = 0.31995 s
Elapsed time is 0.076812 seconds.
Data saved at t = 0.32995 s
Elapsed time is 0.035764 seconds.
Data saved at t = 0.33995 s
Elapsed time is 0.030624 seconds.
Data saved at t = 0.34995 s
Elapsed time is 0.031367 seconds.
7200 / 300000 time steps completed. t = 0.359950 s
Elapsed time is 5.382489 seconds.
Data saved at t = 0.35995 s
Elapsed time is 0.031055 seconds.
Data saved at t = 0.36995 s
Elapsed time is 0.030908 seconds.
Data saved at t = 0.37995 s
Elapsed time is 0.035339 seconds.
Data saved at t = 0.38995 s
Elapsed time is 0.032131 seconds.
Data saved at t = 0.39995 s
Elapsed time is 0.031049 seconds.
Data saved at t = 0.40995 s
Elapsed time is 0.030608 seconds.
8400 / 300000 time steps completed. t = 0.419950 s
Elapsed time is 5.298673 seconds.
Data saved at t = 0.41995 s
Elapsed time is 0.031422 seconds.
Data saved at t = 0.42995 s
Elapsed time is 0.031079 seconds.
Data saved at t = 0.43995 s
Elapsed time is 0.032096 seconds.
Data saved at t = 0.44995 s
Elapsed time is 0.033549 seconds.
Data saved at t = 0.45995 s
Elapsed time is 0.033310 seconds.
Data saved at t = 0.46995 s
Elapsed time is 0.031837 seconds.
9600 / 300000 time steps completed. t = 0.479950 s
Elapsed time is 5.380202 seconds.
Data saved at t = 0.47995 s
Elapsed time is 0.035641 seconds.
Data saved at t = 0.48995 s
Elapsed time is 0.032139 seconds.
Data saved at t = 0.49995 s
Elapsed time is 0.036580 seconds.
Data saved at t = 0.50995 s
Elapsed time is 0.030593 seconds.
Data saved at t = 0.51995 s
Elapsed time is 0.030552 seconds.
Data saved at t = 0.52995 s
Elapsed time is 0.031007 seconds.
10800 / 300000 time steps completed. t = 0.539950 s
Elapsed time is 5.309949 seconds.
Data saved at t = 0.53995 s
Elapsed time is 0.030939 seconds.
Data saved at t = 0.54995 s
Elapsed time is 0.035575 seconds.
Data saved at t = 0.55995 s
Elapsed time is 0.029572 seconds.
Data saved at t = 0.56995 s
Elapsed time is 0.035560 seconds.
Data saved at t = 0.57995 s
Elapsed time is 0.030956 seconds.
Data saved at t = 0.58995 s
Elapsed time is 0.030151 seconds.
12000 / 300000 time steps completed. t = 0.599950 s
Elapsed time is 5.200112 seconds.
Data saved at t = 0.59995 s
Elapsed time is 0.052300 seconds.
Data saved at t = 0.60995 s
Elapsed time is 0.090807 seconds.
Data saved at t = 0.61995 s
Elapsed time is 0.056038 seconds.
Data saved at t = 0.62995 s
Elapsed time is 0.099635 seconds.
Data saved at t = 0.63995 s
Elapsed time is 0.030618 seconds.
Data saved at t = 0.64995 s
Elapsed time is 0.031092 seconds.
13200 / 300000 time steps completed. t = 0.659950 s
Elapsed time is 5.322152 seconds.
Data saved at t = 0.65995 s
Elapsed time is 0.034644 seconds.
Data saved at t = 0.66995 s
Elapsed time is 0.029978 seconds.
Data saved at t = 0.67995 s
Elapsed time is 0.030864 seconds.
Data saved at t = 0.68995 s
Elapsed time is 0.038045 seconds.
Data saved at t = 0.69995 s
Elapsed time is 0.030660 seconds.
Data saved at t = 0.70995 s
Elapsed time is 0.031471 seconds.
14400 / 300000 time steps completed. t = 0.719950 s
Elapsed time is 5.331493 seconds.
Data saved at t = 0.71995 s
Elapsed time is 0.030286 seconds.
Data saved at t = 0.72995 s
Elapsed time is 0.030212 seconds.
Data saved at t = 0.73995 s
Elapsed time is 0.029392 seconds.
Data saved at t = 0.74995 s
Elapsed time is 0.032037 seconds.
Data saved at t = 0.75995 s
Elapsed time is 0.030098 seconds.
Data saved at t = 0.76995 s
Elapsed time is 0.032467 seconds.
15600 / 300000 time steps completed. t = 0.779950 s
Elapsed time is 5.299228 seconds.
Data saved at t = 0.77995 s
Elapsed time is 0.122499 seconds.
Data saved at t = 0.78995 s
Elapsed time is 0.031176 seconds.
Data saved at t = 0.79995 s
Elapsed time is 0.030946 seconds.
Data saved at t = 0.80995 s
Elapsed time is 0.031199 seconds.
Data saved at t = 0.81995 s
Elapsed time is 0.033108 seconds.
Data saved at t = 0.82995 s
Elapsed time is 0.035678 seconds.
16800 / 300000 time steps completed. t = 0.839950 s
Elapsed time is 5.393910 seconds.
Data saved at t = 0.83995 s
Elapsed time is 0.030475 seconds.
Data saved at t = 0.84995 s
Elapsed time is 0.029664 seconds.
Data saved at t = 0.85995 s
Elapsed time is 0.030355 seconds.
Data saved at t = 0.86995 s
Elapsed time is 0.030428 seconds.
Data saved at t = 0.87995 s
Elapsed time is 0.034714 seconds.
Data saved at t = 0.88995 s
Elapsed time is 0.030326 seconds.
18000 / 300000 time steps completed. t = 0.899950 s
Elapsed time is 5.317805 seconds.
Data saved at t = 0.89995 s
Elapsed time is 0.030215 seconds.
Data saved at t = 0.90995 s
Elapsed time is 0.033669 seconds.
Data saved at t = 0.91995 s
Elapsed time is 0.029616 seconds.
Data saved at t = 0.92995 s
Elapsed time is 0.033711 seconds.
Data saved at t = 0.93995 s
Elapsed time is 0.029941 seconds.
Data saved at t = 0.94995 s
Elapsed time is 0.029850 seconds.
19200 / 300000 time steps completed. t = 0.959950 s
Elapsed time is 5.210288 seconds.
Data saved at t = 0.95995 s
Elapsed time is 0.033608 seconds.
Data saved at t = 0.96995 s
Elapsed time is 0.029807 seconds.
Data saved at t = 0.97995 s
Elapsed time is 0.029840 seconds.
Data saved at t = 0.98995 s
Elapsed time is 0.030271 seconds.
Data saved at t = 0.99995 s
Elapsed time is 0.030722 seconds.
Data saved at t = 1.0099 s
Elapsed time is 0.029812 seconds.
20400 / 300000 time steps completed. t = 1.019950 s
Elapsed time is 5.284111 seconds.
Data saved at t = 1.0199 s
Elapsed time is 0.029999 seconds.
Data saved at t = 1.0299 s
Elapsed time is 0.036034 seconds.
Data saved at t = 1.0399 s
Elapsed time is 0.031592 seconds.
Data saved at t = 1.0499 s
Elapsed time is 0.030074 seconds.
Data saved at t = 1.0599 s
Elapsed time is 0.030976 seconds.
Data saved at t = 1.0699 s
Elapsed time is 0.030281 seconds.
21600 / 300000 time steps completed. t = 1.079950 s
Elapsed time is 5.363462 seconds.
Data saved at t = 1.0799 s
Elapsed time is 0.034350 seconds.
Data saved at t = 1.0899 s
Elapsed time is 0.029859 seconds.
Data saved at t = 1.0999 s
Elapsed time is 0.030343 seconds.
Data saved at t = 1.1099 s
Elapsed time is 0.031310 seconds.
Data saved at t = 1.1199 s
Elapsed time is 0.030673 seconds.
Data saved at t = 1.1299 s
Elapsed time is 0.029681 seconds.
22800 / 300000 time steps completed. t = 1.139950 s
Elapsed time is 5.343241 seconds.
Data saved at t = 1.1399 s
Elapsed time is 0.030897 seconds.
Data saved at t = 1.1499 s
Elapsed time is 0.030554 seconds.
Data saved at t = 1.1599 s
Elapsed time is 0.034266 seconds.
Data saved at t = 1.1699 s
Elapsed time is 0.031562 seconds.
Data saved at t = 1.1799 s
Elapsed time is 0.034822 seconds.
Data saved at t = 1.1899 s
Elapsed time is 0.030475 seconds.
24000 / 300000 time steps completed. t = 1.199950 s
Elapsed time is 5.335850 seconds.
Data saved at t = 1.1999 s
Elapsed time is 0.031235 seconds.
Data saved at t = 1.2099 s
Elapsed time is 0.031117 seconds.
Data saved at t = 1.2199 s
Elapsed time is 0.030388 seconds.
Data saved at t = 1.2299 s
Elapsed time is 0.034257 seconds.
Data saved at t = 1.2399 s
Elapsed time is 0.029831 seconds.
Data saved at t = 1.2499 s
Elapsed time is 0.029205 seconds.
25200 / 300000 time steps completed. t = 1.259950 s
Elapsed time is 5.277343 seconds.
Data saved at t = 1.2599 s
Elapsed time is 0.029706 seconds.
Data saved at t = 1.2699 s
Elapsed time is 0.030425 seconds.
Data saved at t = 1.2799 s
Elapsed time is 0.041462 seconds.
Data saved at t = 1.2899 s
Elapsed time is 0.031362 seconds.
Data saved at t = 1.2999 s
Elapsed time is 0.035008 seconds.
Data saved at t = 1.3099 s
Elapsed time is 0.030204 seconds.
26400 / 300000 time steps completed. t = 1.319950 s
Elapsed time is 5.454367 seconds.
Data saved at t = 1.3199 s
Elapsed time is 0.030849 seconds.
Data saved at t = 1.3299 s
Elapsed time is 0.034283 seconds.
Data saved at t = 1.3399 s
Elapsed time is 0.028712 seconds.
Data saved at t = 1.3499 s
Elapsed time is 0.028587 seconds.
Data saved at t = 1.3599 s
Elapsed time is 0.027508 seconds.
Data saved at t = 1.3699 s
Elapsed time is 0.027518 seconds.
27600 / 300000 time steps completed. t = 1.379950 s
Elapsed time is 4.763521 seconds.
Data saved at t = 1.3799 s
Elapsed time is 0.030185 seconds.
Data saved at t = 1.3899 s
Elapsed time is 0.027652 seconds.
Data saved at t = 1.3999 s
Elapsed time is 0.028189 seconds.
Data saved at t = 1.4099 s
Elapsed time is 0.030777 seconds.
Data saved at t = 1.4199 s
Elapsed time is 0.032809 seconds.
Data saved at t = 1.4299 s
Elapsed time is 0.037584 seconds.
28800 / 300000 time steps completed. t = 1.439950 s
Elapsed time is 5.519320 seconds.
Data saved at t = 1.4399 s
Elapsed time is 0.030347 seconds.
Data saved at t = 1.4499 s
Elapsed time is 0.033591 seconds.
Data saved at t = 1.4599 s
Elapsed time is 0.031414 seconds.
Data saved at t = 1.4699 s
Elapsed time is 0.030730 seconds.
Data saved at t = 1.4799 s
Elapsed time is 0.035408 seconds.
Data saved at t = 1.4899 s
Elapsed time is 0.030426 seconds.
30000 / 300000 time steps completed. t = 1.499950 s
Elapsed time is 5.475438 seconds.
Data saved at t = 1.4999 s
Elapsed time is 0.029829 seconds.
Data saved at t = 1.5099 s
Elapsed time is 0.030671 seconds.
Data saved at t = 1.5199 s
Elapsed time is 0.031118 seconds.
Data saved at t = 1.5299 s
Elapsed time is 0.035291 seconds.
Data saved at t = 1.5399 s
Elapsed time is 0.030374 seconds.
Data saved at t = 1.5499 s
Elapsed time is 0.029960 seconds.
31200 / 300000 time steps completed. t = 1.559950 s
Elapsed time is 5.373525 seconds.
Data saved at t = 1.5599 s
Elapsed time is 0.029966 seconds.
Data saved at t = 1.5699 s
Elapsed time is 0.030112 seconds.
Data saved at t = 1.5799 s
Elapsed time is 0.034556 seconds.
Data saved at t = 1.5899 s
Elapsed time is 0.030098 seconds.
Data saved at t = 1.5999 s
Elapsed time is 0.030658 seconds.
Data saved at t = 1.6099 s
Elapsed time is 0.030178 seconds.
32400 / 300000 time steps completed. t = 1.619950 s
Elapsed time is 5.460424 seconds.
Data saved at t = 1.6199 s
Elapsed time is 0.030887 seconds.
Data saved at t = 1.6299 s
Elapsed time is 0.035704 seconds.
Data saved at t = 1.6399 s
Elapsed time is 0.030598 seconds.
Data saved at t = 1.6499 s
Elapsed time is 0.032599 seconds.
Data saved at t = 1.6599 s
Elapsed time is 0.030377 seconds.
Data saved at t = 1.6699 s
Elapsed time is 0.029869 seconds.
33600 / 300000 time steps completed. t = 1.679950 s
Elapsed time is 5.423849 seconds.
Data saved at t = 1.6799 s
Elapsed time is 0.029566 seconds.
Data saved at t = 1.6899 s
Elapsed time is 0.031295 seconds.
Data saved at t = 1.6999 s
Elapsed time is 0.031906 seconds.
Data saved at t = 1.7099 s
Elapsed time is 0.031050 seconds.
Data saved at t = 1.7199 s
Elapsed time is 0.030887 seconds.
Data saved at t = 1.7299 s
Elapsed time is 0.030062 seconds.
34800 / 300000 time steps completed. t = 1.739950 s
Elapsed time is 5.434350 seconds.
Data saved at t = 1.7399 s
Elapsed time is 0.030663 seconds.
Data saved at t = 1.7499 s
Elapsed time is 0.031142 seconds.
Data saved at t = 1.7599 s
Elapsed time is 0.030095 seconds.
Data saved at t = 1.7699 s
Elapsed time is 0.034255 seconds.
Data saved at t = 1.7799 s
Elapsed time is 0.030394 seconds.
Data saved at t = 1.7899 s
Elapsed time is 0.031341 seconds.
36000 / 300000 time steps completed. t = 1.799950 s
Elapsed time is 5.522654 seconds.
Data saved at t = 1.7999 s
Elapsed time is 0.030377 seconds.
Data saved at t = 1.8099 s
Elapsed time is 0.031660 seconds.
Data saved at t = 1.8199 s
Elapsed time is 0.033929 seconds.
Data saved at t = 1.8299 s
Elapsed time is 0.030707 seconds.
Data saved at t = 1.8399 s
Elapsed time is 0.031442 seconds.
Data saved at t = 1.8499 s
Elapsed time is 0.031297 seconds.
37200 / 300000 time steps completed. t = 1.859950 s
Elapsed time is 5.504625 seconds.
Data saved at t = 1.8599 s
Elapsed time is 0.029627 seconds.
Data saved at t = 1.8699 s
Elapsed time is 0.030820 seconds.
Data saved at t = 1.8799 s
Elapsed time is 0.031283 seconds.
Data saved at t = 1.8899 s
Elapsed time is 0.031551 seconds.
Data saved at t = 1.8999 s
Elapsed time is 0.030571 seconds.
Data saved at t = 1.9099 s
Elapsed time is 0.030279 seconds.
38400 / 300000 time steps completed. t = 1.919950 s
Elapsed time is 5.563535 seconds.
Data saved at t = 1.9199 s
Elapsed time is 0.033937 seconds.
Data saved at t = 1.9299 s
Elapsed time is 0.030815 seconds.
Data saved at t = 1.9399 s
Elapsed time is 0.030667 seconds.
Data saved at t = 1.9499 s
Elapsed time is 0.033113 seconds.
Data saved at t = 1.9599 s
Elapsed time is 0.031761 seconds.
Data saved at t = 1.9699 s
Elapsed time is 0.036494 seconds.
39600 / 300000 time steps completed. t = 1.979950 s
Elapsed time is 5.799406 seconds.
Data saved at t = 1.9799 s
Elapsed time is 0.032232 seconds.
Data saved at t = 1.9899 s
Elapsed time is 0.035632 seconds.
Data saved at t = 1.9999 s
Elapsed time is 0.032130 seconds.
Data saved at t = 2.0099 s
Elapsed time is 0.032417 seconds.
Data saved at t = 2.0199 s
Elapsed time is 0.035534 seconds.
Data saved at t = 2.0299 s
Elapsed time is 0.031764 seconds.
40800 / 300000 time steps completed. t = 2.039950 s
Elapsed time is 5.784111 seconds.
Data saved at t = 2.0399 s
Elapsed time is 0.038599 seconds.
Data saved at t = 2.0499 s
Elapsed time is 0.030460 seconds.
Data saved at t = 2.0599 s
Elapsed time is 0.034974 seconds.
Data saved at t = 2.0699 s
Elapsed time is 0.030882 seconds.
Data saved at t = 2.0799 s
Elapsed time is 0.030630 seconds.
Data saved at t = 2.0899 s
Elapsed time is 0.033354 seconds.
42000 / 300000 time steps completed. t = 2.099950 s
Elapsed time is 5.785068 seconds.
Data saved at t = 2.0999 s
Elapsed time is 0.030799 seconds.
Data saved at t = 2.1099 s
Elapsed time is 0.031555 seconds.
Data saved at t = 2.1199 s
Elapsed time is 0.031627 seconds.
Data saved at t = 2.1299 s
Elapsed time is 0.030369 seconds.
Data saved at t = 2.1399 s
Elapsed time is 0.030674 seconds.
Data saved at t = 2.1499 s
Elapsed time is 0.030774 seconds.
43200 / 300000 time steps completed. t = 2.159950 s
Elapsed time is 5.542533 seconds.
Data saved at t = 2.1599 s
Elapsed time is 0.035390 seconds.
Data saved at t = 2.1699 s
Elapsed time is 0.030723 seconds.
Data saved at t = 2.1799 s
Elapsed time is 0.035484 seconds.
Data saved at t = 2.1899 s
Elapsed time is 0.029840 seconds.
Data saved at t = 2.1999 s
Elapsed time is 0.029922 seconds.
Data saved at t = 2.2099 s
Elapsed time is 0.031154 seconds.
44400 / 300000 time steps completed. t = 2.219950 s
Elapsed time is 5.515211 seconds.
Data saved at t = 2.2199 s
Elapsed time is 0.029689 seconds.
Data saved at t = 2.2299 s
Elapsed time is 0.030510 seconds.
Data saved at t = 2.2399 s
Elapsed time is 0.030979 seconds.
Data saved at t = 2.2499 s
Elapsed time is 0.035476 seconds.
Data saved at t = 2.2599 s
Elapsed time is 0.030516 seconds.
Data saved at t = 2.2699 s
Elapsed time is 0.029768 seconds.
45600 / 300000 time steps completed. t = 2.279950 s
Elapsed time is 5.605733 seconds.
Data saved at t = 2.2799 s
Elapsed time is 0.030453 seconds.
Data saved at t = 2.2899 s
Elapsed time is 0.030283 seconds.
Data saved at t = 2.2999 s
Elapsed time is 0.035055 seconds.
Data saved at t = 2.3099 s
Elapsed time is 0.030454 seconds.
Data saved at t = 2.3199 s
Elapsed time is 0.031053 seconds.
Data saved at t = 2.3299 s
Elapsed time is 0.030105 seconds.
46800 / 300000 time steps completed. t = 2.339950 s
Elapsed time is 5.614775 seconds.
Data saved at t = 2.3399 s
Elapsed time is 0.030526 seconds.
Data saved at t = 2.3499 s
Elapsed time is 0.029978 seconds.
Data saved at t = 2.3599 s
Elapsed time is 0.030544 seconds.
Data saved at t = 2.3699 s
Elapsed time is 0.030701 seconds.
Data saved at t = 2.38 s
Elapsed time is 0.030543 seconds.
Data saved at t = 2.3899 s
Elapsed time is 0.034270 seconds.
48000 / 300000 time steps completed. t = 2.399950 s
Elapsed time is 5.587230 seconds.
Data saved at t = 2.3999 s
Elapsed time is 0.030721 seconds.
Data saved at t = 2.4099 s
Elapsed time is 0.030187 seconds.
Data saved at t = 2.4199 s
Elapsed time is 0.035078 seconds.
Data saved at t = 2.4299 s
Elapsed time is 0.030268 seconds.
Data saved at t = 2.4399 s
Elapsed time is 0.034085 seconds.
Data saved at t = 2.4499 s
Elapsed time is 0.042469 seconds.
49200 / 300000 time steps completed. t = 2.459950 s
Elapsed time is 5.654183 seconds.
Data saved at t = 2.4599 s
Elapsed time is 0.030420 seconds.
Data saved at t = 2.4699 s
Elapsed time is 0.034585 seconds.
Data saved at t = 2.4799 s
Elapsed time is 0.030918 seconds.
Data saved at t = 2.4899 s
Elapsed time is 0.030945 seconds.
Data saved at t = 2.4999 s
Elapsed time is 0.031746 seconds.
Data saved at t = 2.5099 s
Elapsed time is 0.031456 seconds.
50400 / 300000 time steps completed. t = 2.519950 s
Elapsed time is 5.708296 seconds.
Data saved at t = 2.5199 s
Elapsed time is 0.034439 seconds.
Data saved at t = 2.5299 s
Elapsed time is 0.030826 seconds.
Data saved at t = 2.5399 s
Elapsed time is 0.030760 seconds.
Data saved at t = 2.5499 s
Elapsed time is 0.030266 seconds.
Data saved at t = 2.5599 s
Elapsed time is 0.031379 seconds.
Data saved at t = 2.5699 s
Elapsed time is 0.034510 seconds.
51600 / 300000 time steps completed. t = 2.579950 s
Elapsed time is 5.841847 seconds.
Data saved at t = 2.5799 s
Elapsed time is 0.031574 seconds.
Data saved at t = 2.5899 s
Elapsed time is 0.030724 seconds.
Data saved at t = 2.5999 s
Elapsed time is 0.030956 seconds.
Data saved at t = 2.6099 s
Elapsed time is 0.032443 seconds.
Data saved at t = 2.6199 s
Elapsed time is 0.034248 seconds.
Data saved at t = 2.6299 s
Elapsed time is 0.030068 seconds.
52800 / 300000 time steps completed. t = 2.639950 s
Elapsed time is 5.840796 seconds.
Data saved at t = 2.6399 s
Elapsed time is 0.034437 seconds.
Data saved at t = 2.6499 s
Elapsed time is 0.030198 seconds.
Data saved at t = 2.6599 s
Elapsed time is 0.030545 seconds.
Data saved at t = 2.6699 s
Elapsed time is 0.034536 seconds.
Data saved at t = 2.6799 s
Elapsed time is 0.030105 seconds.
Data saved at t = 2.6899 s
Elapsed time is 0.035918 seconds.
54000 / 300000 time steps completed. t = 2.699950 s
Elapsed time is 5.723311 seconds.
Data saved at t = 2.6999 s
Elapsed time is 0.030334 seconds.
Data saved at t = 2.7099 s
Elapsed time is 0.030709 seconds.
Data saved at t = 2.7199 s
Elapsed time is 0.033918 seconds.
Data saved at t = 2.7299 s
Elapsed time is 0.031123 seconds.
Data saved at t = 2.7399 s
Elapsed time is 0.034919 seconds.
Data saved at t = 2.7499 s
Elapsed time is 0.030580 seconds.
55200 / 300000 time steps completed. t = 2.759950 s
Elapsed time is 5.686945 seconds.
Data saved at t = 2.7599 s
Elapsed time is 0.044455 seconds.
Data saved at t = 2.7699 s
Elapsed time is 0.030988 seconds.
Data saved at t = 2.7799 s
Elapsed time is 0.031023 seconds.
Data saved at t = 2.7899 s
Elapsed time is 0.030711 seconds.
Data saved at t = 2.7999 s
Elapsed time is 0.030850 seconds.
Data saved at t = 2.8099 s
Elapsed time is 0.034141 seconds.
56400 / 300000 time steps completed. t = 2.819950 s
Elapsed time is 5.628834 seconds.
Data saved at t = 2.8199 s
Elapsed time is 0.030257 seconds.
Data saved at t = 2.8299 s
Elapsed time is 0.034342 seconds.
Data saved at t = 2.8399 s
Elapsed time is 0.030177 seconds.
Data saved at t = 2.8499 s
Elapsed time is 0.030507 seconds.
Data saved at t = 2.8599 s
Elapsed time is 0.032216 seconds.
Data saved at t = 2.8699 s
Elapsed time is 0.030988 seconds.
57600 / 300000 time steps completed. t = 2.879950 s
Elapsed time is 5.766959 seconds.
Data saved at t = 2.8799 s
Elapsed time is 0.034645 seconds.
Data saved at t = 2.8899 s
Elapsed time is 0.030328 seconds.
Data saved at t = 2.8999 s
Elapsed time is 0.034567 seconds.
Data saved at t = 2.9099 s
Elapsed time is 0.030285 seconds.
Data saved at t = 2.9199 s
Elapsed time is 0.030250 seconds.
Data saved at t = 2.9299 s
Elapsed time is 0.034828 seconds.
58800 / 300000 time steps completed. t = 2.939950 s
Elapsed time is 5.736652 seconds.
Data saved at t = 2.94 s
Elapsed time is 0.029274 seconds.
Data saved at t = 2.9499 s
Elapsed time is 0.031501 seconds.
Data saved at t = 2.9599 s
Elapsed time is 0.030393 seconds.
Data saved at t = 2.9699 s
Elapsed time is 0.033602 seconds.
Data saved at t = 2.9799 s
Elapsed time is 0.030648 seconds.
Data saved at t = 2.9899 s
Elapsed time is 0.033584 seconds.
60000 / 300000 time steps completed. t = 2.999950 s
Elapsed time is 5.751502 seconds.
Data saved at t = 2.9999 s
Elapsed time is 0.030091 seconds.
Data saved at t = 3.0099 s
Elapsed time is 0.029824 seconds.
Data saved at t = 3.0199 s
Elapsed time is 0.029876 seconds.
Data saved at t = 3.0299 s
Elapsed time is 0.030062 seconds.
Data saved at t = 3.0399 s
Elapsed time is 0.035056 seconds.
Data saved at t = 3.0499 s
Elapsed time is 0.030321 seconds.
61200 / 300000 time steps completed. t = 3.059950 s
Elapsed time is 5.801751 seconds.
Data saved at t = 3.0599 s
Elapsed time is 0.034326 seconds.
Data saved at t = 3.0699 s
Elapsed time is 0.030392 seconds.
Data saved at t = 3.0799 s
Elapsed time is 0.031170 seconds.
Data saved at t = 3.0899 s
Elapsed time is 0.035386 seconds.
Data saved at t = 3.0999 s
Elapsed time is 0.030487 seconds.
Data saved at t = 3.1099 s
Elapsed time is 0.035294 seconds.
62400 / 300000 time steps completed. t = 3.119950 s
Elapsed time is 5.919271 seconds.
Data saved at t = 3.1199 s
Elapsed time is 0.030642 seconds.
Data saved at t = 3.1299 s
Elapsed time is 0.030134 seconds.
Data saved at t = 3.1399 s
Elapsed time is 0.032198 seconds.
Data saved at t = 3.1499 s
Elapsed time is 0.034697 seconds.
Data saved at t = 3.1599 s
Elapsed time is 0.030432 seconds.
Data saved at t = 3.1699 s
Elapsed time is 0.030507 seconds.
63600 / 300000 time steps completed. t = 3.179950 s
Elapsed time is 5.813353 seconds.
Data saved at t = 3.1799 s
Elapsed time is 0.030586 seconds.
Data saved at t = 3.1899 s
Elapsed time is 0.030548 seconds.
Data saved at t = 3.1999 s
Elapsed time is 0.034802 seconds.
Data saved at t = 3.2099 s
Elapsed time is 0.030704 seconds.
Data saved at t = 3.2199 s
Elapsed time is 0.034233 seconds.
Data saved at t = 3.2299 s
Elapsed time is 0.029893 seconds.
64800 / 300000 time steps completed. t = 3.239950 s
Elapsed time is 5.724106 seconds.
Data saved at t = 3.2399 s
Elapsed time is 0.029928 seconds.
Data saved at t = 3.2499 s
Elapsed time is 0.030434 seconds.
Data saved at t = 3.2599 s
Elapsed time is 0.030891 seconds.
Data saved at t = 3.2699 s
Elapsed time is 0.033404 seconds.
Data saved at t = 3.2799 s
Elapsed time is 0.041277 seconds.
Data saved at t = 3.2899 s
Elapsed time is 0.030907 seconds.
66000 / 300000 time steps completed. t = 3.299950 s
Elapsed time is 5.808440 seconds.
Data saved at t = 3.2999 s
Elapsed time is 0.031235 seconds.
Data saved at t = 3.3099 s
Elapsed time is 0.030785 seconds.
Data saved at t = 3.3199 s
Elapsed time is 0.031451 seconds.
Data saved at t = 3.3299 s
Elapsed time is 0.030913 seconds.
Data saved at t = 3.3399 s
Elapsed time is 0.090722 seconds.
Data saved at t = 3.3499 s
Elapsed time is 0.115397 seconds.
67200 / 300000 time steps completed. t = 3.359950 s
Elapsed time is 5.932216 seconds.
Data saved at t = 3.3599 s
Elapsed time is 0.035153 seconds.
Data saved at t = 3.3699 s
Elapsed time is 0.035096 seconds.
Data saved at t = 3.38 s
Elapsed time is 0.035124 seconds.
Data saved at t = 3.3899 s
Elapsed time is 0.030972 seconds.
Data saved at t = 3.3999 s
Elapsed time is 0.031050 seconds.
Data saved at t = 3.4099 s
Elapsed time is 0.030993 seconds.
68400 / 300000 time steps completed. t = 3.419950 s
Elapsed time is 5.887475 seconds.
Data saved at t = 3.4199 s
Elapsed time is 0.030702 seconds.
Data saved at t = 3.4299 s
Elapsed time is 0.031248 seconds.
Data saved at t = 3.4399 s
Elapsed time is 0.031083 seconds.
Data saved at t = 3.4499 s
Elapsed time is 0.034513 seconds.
Data saved at t = 3.4599 s
Elapsed time is 0.030991 seconds.
Data saved at t = 3.4699 s
Elapsed time is 0.035762 seconds.
69600 / 300000 time steps completed. t = 3.479950 s
Elapsed time is 5.885079 seconds.
Data saved at t = 3.4799 s
Elapsed time is 0.030527 seconds.
Data saved at t = 3.4899 s
Elapsed time is 0.030047 seconds.
Data saved at t = 3.4999 s
Elapsed time is 0.035345 seconds.
Data saved at t = 3.5099 s
Elapsed time is 0.030379 seconds.
Data saved at t = 3.5199 s
Elapsed time is 0.035931 seconds.
Data saved at t = 3.5299 s
Elapsed time is 0.030155 seconds.
70800 / 300000 time steps completed. t = 3.539950 s
Elapsed time is 5.565992 seconds.
Data saved at t = 3.5399 s
Elapsed time is 0.034805 seconds.
Data saved at t = 3.5499 s
Elapsed time is 0.031242 seconds.
Data saved at t = 3.5599 s
Elapsed time is 0.027923 seconds.
Data saved at t = 3.5699 s
Elapsed time is 0.027609 seconds.
Data saved at t = 3.5799 s
Elapsed time is 0.027559 seconds.
Data saved at t = 3.5899 s
Elapsed time is 0.027667 seconds.
72000 / 300000 time steps completed. t = 3.599950 s
Elapsed time is 5.201373 seconds.
Data saved at t = 3.5999 s
Elapsed time is 0.029574 seconds.
Data saved at t = 3.6099 s
Elapsed time is 0.030292 seconds.
Data saved at t = 3.6199 s
Elapsed time is 0.030095 seconds.
Data saved at t = 3.6299 s
Elapsed time is 0.034599 seconds.
Data saved at t = 3.6399 s
Elapsed time is 0.031514 seconds.
Data saved at t = 3.6499 s
Elapsed time is 0.029666 seconds.
73200 / 300000 time steps completed. t = 3.659950 s
Elapsed time is 5.804916 seconds.
Data saved at t = 3.6599 s
Elapsed time is 0.030548 seconds.
Data saved at t = 3.6699 s
Elapsed time is 0.030315 seconds.
Data saved at t = 3.6799 s
Elapsed time is 0.034595 seconds.
Data saved at t = 3.6899 s
Elapsed time is 0.031589 seconds.
Data saved at t = 3.6999 s
Elapsed time is 0.035973 seconds.
Data saved at t = 3.7099 s
Elapsed time is 0.030310 seconds.
74400 / 300000 time steps completed. t = 3.719950 s
Elapsed time is 5.857108 seconds.
Data saved at t = 3.7199 s
Elapsed time is 0.034477 seconds.
Data saved at t = 3.7299 s
Elapsed time is 0.031212 seconds.
Data saved at t = 3.7399 s
Elapsed time is 0.033565 seconds.
Data saved at t = 3.7499 s
Elapsed time is 0.032732 seconds.
Data saved at t = 3.7599 s
Elapsed time is 0.031068 seconds.
Data saved at t = 3.7699 s
Elapsed time is 0.034287 seconds.
75600 / 300000 time steps completed. t = 3.779950 s
Elapsed time is 5.929038 seconds.
Data saved at t = 3.7799 s
Elapsed time is 0.030224 seconds.
Data saved at t = 3.7899 s
Elapsed time is 0.030403 seconds.
Data saved at t = 3.7999 s
Elapsed time is 0.030195 seconds.
Data saved at t = 3.8099 s
Elapsed time is 0.035685 seconds.
Data saved at t = 3.8199 s
Elapsed time is 0.030735 seconds.
Data saved at t = 3.8299 s
Elapsed time is 0.035417 seconds.
76800 / 300000 time steps completed. t = 3.839950 s
Elapsed time is 5.999704 seconds.
Data saved at t = 3.8399 s
Elapsed time is 0.031551 seconds.
Data saved at t = 3.8499 s
Elapsed time is 0.031211 seconds.
Data saved at t = 3.8599 s
Elapsed time is 0.034094 seconds.
Data saved at t = 3.8699 s
Elapsed time is 0.030279 seconds.
Data saved at t = 3.8799 s
Elapsed time is 0.034671 seconds.
Data saved at t = 3.8899 s
Elapsed time is 0.032831 seconds.
78000 / 300000 time steps completed. t = 3.899950 s
Elapsed time is 5.867570 seconds.
Data saved at t = 3.8999 s
Elapsed time is 0.030332 seconds.
Data saved at t = 3.9099 s
Elapsed time is 0.030469 seconds.
Data saved at t = 3.9199 s
Elapsed time is 0.034442 seconds.
Data saved at t = 3.9299 s
Elapsed time is 0.030109 seconds.
Data saved at t = 3.9399 s
Elapsed time is 0.031146 seconds.
Data saved at t = 3.9499 s
Elapsed time is 0.034360 seconds.
79200 / 300000 time steps completed. t = 3.959950 s
Elapsed time is 5.881543 seconds.
Data saved at t = 3.9599 s
Elapsed time is 0.030159 seconds.
Data saved at t = 3.9699 s
Elapsed time is 0.031559 seconds.
Data saved at t = 3.9799 s
Elapsed time is 0.032945 seconds.
Data saved at t = 3.9899 s
Elapsed time is 0.036848 seconds.
Data saved at t = 3.9999 s
Elapsed time is 0.031115 seconds.
Data saved at t = 4.0099 s
Elapsed time is 0.030294 seconds.
80400 / 300000 time steps completed. t = 4.019950 s
Elapsed time is 5.865156 seconds.
Data saved at t = 4.0199 s
Elapsed time is 0.029877 seconds.
Data saved at t = 4.0299 s
Elapsed time is 0.030861 seconds.
Data saved at t = 4.0399 s
Elapsed time is 0.031295 seconds.
Data saved at t = 4.0499 s
Elapsed time is 0.030444 seconds.
Data saved at t = 4.0599 s
Elapsed time is 0.029730 seconds.
Data saved at t = 4.0699 s
Elapsed time is 0.031017 seconds.
81600 / 300000 time steps completed. t = 4.079950 s
Elapsed time is 5.905187 seconds.
Data saved at t = 4.0799 s
Elapsed time is 0.033009 seconds.
Data saved at t = 4.0899 s
Elapsed time is 0.031891 seconds.
Data saved at t = 4.0999 s
Elapsed time is 0.035034 seconds.
Data saved at t = 4.1099 s
Elapsed time is 0.035340 seconds.
Data saved at t = 4.1199 s
Elapsed time is 0.034764 seconds.
Data saved at t = 4.1299 s
Elapsed time is 0.031084 seconds.
82800 / 300000 time steps completed. t = 4.139950 s
Elapsed time is 5.981828 seconds.
Data saved at t = 4.1399 s
Elapsed time is 0.037331 seconds.
Data saved at t = 4.1499 s
Elapsed time is 0.030197 seconds.
Data saved at t = 4.1599 s
Elapsed time is 0.031283 seconds.
Data saved at t = 4.1699 s
Elapsed time is 0.033822 seconds.
Data saved at t = 4.1799 s
Elapsed time is 0.030040 seconds.
Data saved at t = 4.1899 s
Elapsed time is 0.035295 seconds.
84000 / 300000 time steps completed. t = 4.199950 s
Elapsed time is 5.891723 seconds.
Data saved at t = 4.1999 s
Elapsed time is 0.029508 seconds.
Data saved at t = 4.2099 s
Elapsed time is 0.029589 seconds.
Data saved at t = 4.2199 s
Elapsed time is 0.031395 seconds.
Data saved at t = 4.2299 s
Elapsed time is 0.030978 seconds.
Data saved at t = 4.2399 s
Elapsed time is 0.030145 seconds.
Data saved at t = 4.2499 s
Elapsed time is 0.030553 seconds.
85200 / 300000 time steps completed. t = 4.259950 s
Elapsed time is 6.022417 seconds.
Data saved at t = 4.2599 s
Elapsed time is 0.039791 seconds.
Data saved at t = 4.2699 s
Elapsed time is 0.030912 seconds.
Data saved at t = 4.2799 s
Elapsed time is 0.097864 seconds.
Data saved at t = 4.2899 s
Elapsed time is 0.031861 seconds.
Data saved at t = 4.2999 s
Elapsed time is 0.034590 seconds.
Data saved at t = 4.3099 s
Elapsed time is 0.031811 seconds.
86400 / 300000 time steps completed. t = 4.319950 s
Elapsed time is 6.058563 seconds.
Data saved at t = 4.3199 s
Elapsed time is 0.034210 seconds.
Data saved at t = 4.3299 s
Elapsed time is 0.030983 seconds.
Data saved at t = 4.3399 s
Elapsed time is 0.030854 seconds.
Data saved at t = 4.3499 s
Elapsed time is 0.031926 seconds.
Data saved at t = 4.3599 s
Elapsed time is 0.031422 seconds.
Data saved at t = 4.3699 s
Elapsed time is 0.040805 seconds.
87600 / 300000 time steps completed. t = 4.379950 s
Elapsed time is 5.996946 seconds.
Data saved at t = 4.3799 s
Elapsed time is 0.032674 seconds.
Data saved at t = 4.3899 s
Elapsed time is 0.035323 seconds.
Data saved at t = 4.3999 s
Elapsed time is 0.030858 seconds.
Data saved at t = 4.4099 s
Elapsed time is 0.030841 seconds.
Data saved at t = 4.4199 s
Elapsed time is 0.030233 seconds.
Data saved at t = 4.4299 s
Elapsed time is 0.034541 seconds.
88800 / 300000 time steps completed. t = 4.439950 s
Elapsed time is 6.004170 seconds.
Data saved at t = 4.4399 s
Elapsed time is 0.031299 seconds.
Data saved at t = 4.4499 s
Elapsed time is 0.030394 seconds.
Data saved at t = 4.4599 s
Elapsed time is 0.030928 seconds.
Data saved at t = 4.4699 s
Elapsed time is 0.031729 seconds.
Data saved at t = 4.4799 s
Elapsed time is 0.034962 seconds.
Data saved at t = 4.4899 s
Elapsed time is 0.030994 seconds.
90000 / 300000 time steps completed. t = 4.499950 s
Elapsed time is 5.980435 seconds.
Data saved at t = 4.4999 s
Elapsed time is 0.030070 seconds.
Data saved at t = 4.5099 s
Elapsed time is 0.031264 seconds.
Data saved at t = 4.5199 s
Elapsed time is 0.030622 seconds.
Data saved at t = 4.5299 s
Elapsed time is 0.031846 seconds.
Data saved at t = 4.5399 s
Elapsed time is 0.032921 seconds.
Data saved at t = 4.5499 s
Elapsed time is 0.031110 seconds.
91200 / 300000 time steps completed. t = 4.559950 s
Elapsed time is 6.078372 seconds.
Data saved at t = 4.5599 s
Elapsed time is 0.030750 seconds.
Data saved at t = 4.5699 s
Elapsed time is 0.031775 seconds.
Data saved at t = 4.5799 s
Elapsed time is 0.031157 seconds.
Data saved at t = 4.5899 s
Elapsed time is 0.036221 seconds.
Data saved at t = 4.5999 s
Elapsed time is 0.033033 seconds.
Data saved at t = 4.6099 s
Elapsed time is 0.035615 seconds.
92400 / 300000 time steps completed. t = 4.619950 s
Elapsed time is 6.027194 seconds.
Data saved at t = 4.6199 s
Elapsed time is 0.030489 seconds.
Data saved at t = 4.6299 s
Elapsed time is 0.034738 seconds.
Data saved at t = 4.6399 s
Elapsed time is 0.031395 seconds.
Data saved at t = 4.6499 s
Elapsed time is 0.035363 seconds.
Data saved at t = 4.6599 s
Elapsed time is 0.031307 seconds.
Data saved at t = 4.6699 s
Elapsed time is 0.030999 seconds.
93600 / 300000 time steps completed. t = 4.679950 s
Elapsed time is 6.025945 seconds.
Data saved at t = 4.6799 s
Elapsed time is 0.034413 seconds.
Data saved at t = 4.6899 s
Elapsed time is 0.030327 seconds.
Data saved at t = 4.6999 s
Elapsed time is 0.035012 seconds.
Data saved at t = 4.71 s
Elapsed time is 0.030886 seconds.
Data saved at t = 4.7199 s
Elapsed time is 0.033305 seconds.
Data saved at t = 4.7299 s
Elapsed time is 0.030699 seconds.
94800 / 300000 time steps completed. t = 4.739950 s
Elapsed time is 6.129308 seconds.
Data saved at t = 4.7399 s
Elapsed time is 0.034310 seconds.
Data saved at t = 4.7499 s
Elapsed time is 0.030538 seconds.
Data saved at t = 4.7599 s
Elapsed time is 0.030765 seconds.
Data saved at t = 4.7699 s
Elapsed time is 0.031291 seconds.
Data saved at t = 4.7799 s
Elapsed time is 0.031206 seconds.
Data saved at t = 4.7899 s
Elapsed time is 0.033759 seconds.
96000 / 300000 time steps completed. t = 4.799950 s
Elapsed time is 5.980603 seconds.
Data saved at t = 4.7999 s
Elapsed time is 0.031027 seconds.
Data saved at t = 4.8099 s
Elapsed time is 0.030261 seconds.
Data saved at t = 4.8199 s
Elapsed time is 0.032478 seconds.
Data saved at t = 4.8299 s
Elapsed time is 0.035845 seconds.
Data saved at t = 4.8399 s
Elapsed time is 0.031982 seconds.
Data saved at t = 4.8499 s
Elapsed time is 0.033169 seconds.
97200 / 300000 time steps completed. t = 4.859950 s
Elapsed time is 6.195856 seconds.
Data saved at t = 4.8599 s
Elapsed time is 0.034003 seconds.
Data saved at t = 4.8699 s
Elapsed time is 0.032366 seconds.
Data saved at t = 4.8799 s
Elapsed time is 0.034650 seconds.
Data saved at t = 4.8899 s
Elapsed time is 0.030532 seconds.
Data saved at t = 4.8999 s
Elapsed time is 0.033928 seconds.
Data saved at t = 4.9099 s
Elapsed time is 0.031192 seconds.
98400 / 300000 time steps completed. t = 4.919950 s
Elapsed time is 6.108761 seconds.
Data saved at t = 4.9199 s
Elapsed time is 0.033727 seconds.
Data saved at t = 4.9299 s
Elapsed time is 0.030477 seconds.
Data saved at t = 4.9399 s
Elapsed time is 0.031024 seconds.
Data saved at t = 4.9499 s
Elapsed time is 0.031960 seconds.
Data saved at t = 4.9599 s
Elapsed time is 0.030857 seconds.
Data saved at t = 4.9699 s
Elapsed time is 0.034196 seconds.
99600 / 300000 time steps completed. t = 4.979950 s
Elapsed time is 6.020178 seconds.
Data saved at t = 4.9799 s
Elapsed time is 0.030511 seconds.
Data saved at t = 4.9899 s
Elapsed time is 0.033377 seconds.
Data saved at t = 4.9999 s
Elapsed time is 0.030468 seconds.
Data saved at t = 5.0099 s
Elapsed time is 0.030539 seconds.
Data saved at t = 5.0199 s
Elapsed time is 0.030715 seconds.
Data saved at t = 5.0299 s
Elapsed time is 0.030063 seconds.
100800 / 300000 time steps completed. t = 5.039950 s
Elapsed time is 6.088119 seconds.
Data saved at t = 5.0399 s
Elapsed time is 0.030865 seconds.
Data saved at t = 5.0499 s
Elapsed time is 0.030568 seconds.
Data saved at t = 5.0599 s
Elapsed time is 0.033755 seconds.
Data saved at t = 5.0699 s
Elapsed time is 0.031682 seconds.
Data saved at t = 5.0799 s
Elapsed time is 0.034132 seconds.
Data saved at t = 5.0899 s
Elapsed time is 0.030073 seconds.
102000 / 300000 time steps completed. t = 5.099950 s
Elapsed time is 6.079814 seconds.
Data saved at t = 5.0999 s
Elapsed time is 0.030863 seconds.
Data saved at t = 5.1099 s
Elapsed time is 0.030707 seconds.
Data saved at t = 5.1199 s
Elapsed time is 0.031331 seconds.
Data saved at t = 5.1299 s
Elapsed time is 0.030644 seconds.
Data saved at t = 5.1399 s
Elapsed time is 0.032659 seconds.
Data saved at t = 5.1499 s
Elapsed time is 0.034441 seconds.
103200 / 300000 time steps completed. t = 5.159950 s
Elapsed time is 6.190192 seconds.
Data saved at t = 5.1599 s
Elapsed time is 0.030663 seconds.
Data saved at t = 5.1699 s
Elapsed time is 0.034887 seconds.
Data saved at t = 5.1799 s
Elapsed time is 0.031625 seconds.
Data saved at t = 5.1899 s
Elapsed time is 0.035787 seconds.
Data saved at t = 5.1999 s
Elapsed time is 0.033568 seconds.
Data saved at t = 5.2099 s
Elapsed time is 0.035043 seconds.
104400 / 300000 time steps completed. t = 5.219950 s
Elapsed time is 6.127505 seconds.
Data saved at t = 5.2199 s
Elapsed time is 0.033582 seconds.
Data saved at t = 5.2299 s
Elapsed time is 0.034642 seconds.
Data saved at t = 5.2399 s
Elapsed time is 0.031232 seconds.
Data saved at t = 5.2499 s
Elapsed time is 0.030930 seconds.
Data saved at t = 5.2599 s
Elapsed time is 0.035305 seconds.
Data saved at t = 5.2699 s
Elapsed time is 0.031600 seconds.
105600 / 300000 time steps completed. t = 5.279950 s
Elapsed time is 6.249415 seconds.
Data saved at t = 5.2799 s
Elapsed time is 0.035110 seconds.
Data saved at t = 5.2899 s
Elapsed time is 0.030540 seconds.
Data saved at t = 5.2999 s
Elapsed time is 0.030861 seconds.
Data saved at t = 5.3099 s
Elapsed time is 0.032432 seconds.
Data saved at t = 5.3199 s
Elapsed time is 0.029936 seconds.
Data saved at t = 5.3299 s
Elapsed time is 0.030821 seconds.
106800 / 300000 time steps completed. t = 5.339950 s
Elapsed time is 6.263608 seconds.
Data saved at t = 5.3399 s
Elapsed time is 0.030964 seconds.
Data saved at t = 5.3499 s
Elapsed time is 0.031927 seconds.
Data saved at t = 5.3599 s
Elapsed time is 0.030482 seconds.
Data saved at t = 5.3699 s
Elapsed time is 0.034300 seconds.
Data saved at t = 5.3799 s
Elapsed time is 0.030126 seconds.
Data saved at t = 5.3899 s
Elapsed time is 0.035252 seconds.
108000 / 300000 time steps completed. t = 5.399950 s
Elapsed time is 5.959531 seconds.
Data saved at t = 5.3999 s
Elapsed time is 0.029859 seconds.
Data saved at t = 5.4099 s
Elapsed time is 0.034658 seconds.
Data saved at t = 5.4199 s
Elapsed time is 0.031400 seconds.
Data saved at t = 5.4299 s
Elapsed time is 0.030559 seconds.
Data saved at t = 5.4399 s
Elapsed time is 0.031260 seconds.
Data saved at t = 5.4499 s
Elapsed time is 0.030546 seconds.
109200 / 300000 time steps completed. t = 5.459950 s
Elapsed time is 6.190914 seconds.
Data saved at t = 5.4599 s
Elapsed time is 0.034149 seconds.
Data saved at t = 5.4699 s
Elapsed time is 0.031414 seconds.
Data saved at t = 5.4799 s
Elapsed time is 0.054656 seconds.
Data saved at t = 5.4899 s
Elapsed time is 0.031821 seconds.
Data saved at t = 5.5 s
Elapsed time is 0.031347 seconds.
Data saved at t = 5.5099 s
Elapsed time is 0.031750 seconds.
110400 / 300000 time steps completed. t = 5.519950 s
Elapsed time is 6.185557 seconds.
Data saved at t = 5.5199 s
Elapsed time is 0.030287 seconds.
Data saved at t = 5.5299 s
Elapsed time is 0.030420 seconds.
Data saved at t = 5.5399 s
Elapsed time is 0.030855 seconds.
Data saved at t = 5.5499 s
Elapsed time is 0.033736 seconds.
Data saved at t = 5.5599 s
Elapsed time is 0.031800 seconds.
Data saved at t = 5.5699 s
Elapsed time is 0.031458 seconds.
111600 / 300000 time steps completed. t = 5.579950 s
Elapsed time is 6.158323 seconds.
Data saved at t = 5.5799 s
Elapsed time is 0.030052 seconds.
Data saved at t = 5.5899 s
Elapsed time is 0.031052 seconds.
Data saved at t = 5.5999 s
Elapsed time is 0.029487 seconds.
Data saved at t = 5.6099 s
Elapsed time is 0.030443 seconds.
Data saved at t = 5.6199 s
Elapsed time is 0.029064 seconds.
Data saved at t = 5.63 s
Elapsed time is 0.028762 seconds.
112800 / 300000 time steps completed. t = 5.639950 s
Elapsed time is 5.483948 seconds.
Data saved at t = 5.6399 s
Elapsed time is 0.028224 seconds.
Data saved at t = 5.6499 s
Elapsed time is 0.027449 seconds.
Data saved at t = 5.6599 s
Elapsed time is 0.035203 seconds.
Data saved at t = 5.67 s
Elapsed time is 0.031230 seconds.
Data saved at t = 5.6799 s
Elapsed time is 0.037563 seconds.
Data saved at t = 5.6899 s
Elapsed time is 0.030779 seconds.
114000 / 300000 time steps completed. t = 5.699950 s
Elapsed time is 6.115371 seconds.
Data saved at t = 5.6999 s
Elapsed time is 0.033694 seconds.
Data saved at t = 5.7099 s
Elapsed time is 0.030505 seconds.
Data saved at t = 5.7199 s
Elapsed time is 0.035438 seconds.
Data saved at t = 5.7299 s
Elapsed time is 0.030907 seconds.
Data saved at t = 5.7399 s
Elapsed time is 0.030956 seconds.
Data saved at t = 5.7499 s
Elapsed time is 0.030978 seconds.
115200 / 300000 time steps completed. t = 5.759950 s
Elapsed time is 6.310916 seconds.
Data saved at t = 5.7599 s
Elapsed time is 0.030481 seconds.
Data saved at t = 5.7699 s
Elapsed time is 0.036002 seconds.
Data saved at t = 5.7799 s
Elapsed time is 0.031976 seconds.
Data saved at t = 5.7899 s
Elapsed time is 0.031014 seconds.
Data saved at t = 5.7999 s
Elapsed time is 0.036002 seconds.
Data saved at t = 5.8099 s
Elapsed time is 0.034516 seconds.
116400 / 300000 time steps completed. t = 5.819950 s
Elapsed time is 6.236790 seconds.
Data saved at t = 5.8199 s
Elapsed time is 0.030999 seconds.
Data saved at t = 5.8299 s
Elapsed time is 0.034545 seconds.
Data saved at t = 5.8399 s
Elapsed time is 0.031392 seconds.
Data saved at t = 5.8499 s
Elapsed time is 0.029420 seconds.
Data saved at t = 5.8599 s
Elapsed time is 0.034209 seconds.
Data saved at t = 5.8699 s
Elapsed time is 0.030920 seconds.
117600 / 300000 time steps completed. t = 5.879950 s
Elapsed time is 6.297065 seconds.
Data saved at t = 5.8799 s
Elapsed time is 0.034367 seconds.
Data saved at t = 5.8899 s
Elapsed time is 0.033170 seconds.
Data saved at t = 5.8999 s
Elapsed time is 0.030452 seconds.
Data saved at t = 5.9099 s
Elapsed time is 0.030311 seconds.
Data saved at t = 5.9199 s
Elapsed time is 0.034436 seconds.
Data saved at t = 5.9299 s
Elapsed time is 0.030916 seconds.
118800 / 300000 time steps completed. t = 5.939950 s
Elapsed time is 6.255908 seconds.
Data saved at t = 5.9399 s
Elapsed time is 0.030362 seconds.
Data saved at t = 5.9499 s
Elapsed time is 0.034348 seconds.
Data saved at t = 5.9599 s
Elapsed time is 0.029885 seconds.
Data saved at t = 5.9699 s
Elapsed time is 0.034667 seconds.
Data saved at t = 5.9799 s
Elapsed time is 0.030342 seconds.
Data saved at t = 5.9899 s
Elapsed time is 0.034002 seconds.
120000 / 300000 time steps completed. t = 5.999950 s
Elapsed time is 6.172598 seconds.
Data saved at t = 5.9999 s
Elapsed time is 0.030898 seconds.
Data saved at t = 6.0099 s
Elapsed time is 0.034320 seconds.
Data saved at t = 6.0199 s
Elapsed time is 0.031971 seconds.
Data saved at t = 6.0299 s
Elapsed time is 0.030296 seconds.
Data saved at t = 6.0399 s
Elapsed time is 0.034587 seconds.
Data saved at t = 6.0499 s
Elapsed time is 0.030156 seconds.
121200 / 300000 time steps completed. t = 6.059950 s
Elapsed time is 6.307913 seconds.
Data saved at t = 6.0599 s
Elapsed time is 0.034995 seconds.
Data saved at t = 6.0699 s
Elapsed time is 0.031869 seconds.
Data saved at t = 6.0799 s
Elapsed time is 0.033912 seconds.
Data saved at t = 6.0899 s
Elapsed time is 0.030771 seconds.
Data saved at t = 6.0999 s
Elapsed time is 0.037029 seconds.
Data saved at t = 6.1099 s
Elapsed time is 0.032500 seconds.
122400 / 300000 time steps completed. t = 6.119950 s
Elapsed time is 6.320901 seconds.
Data saved at t = 6.1199 s
Elapsed time is 0.036973 seconds.
Data saved at t = 6.1299 s
Elapsed time is 0.031459 seconds.
Data saved at t = 6.1399 s
Elapsed time is 0.034477 seconds.
Data saved at t = 6.1499 s
Elapsed time is 0.034602 seconds.
Data saved at t = 6.1599 s
Elapsed time is 0.031672 seconds.
Data saved at t = 6.1699 s
Elapsed time is 0.034097 seconds.
123600 / 300000 time steps completed. t = 6.179950 s
Elapsed time is 6.467894 seconds.
Data saved at t = 6.1799 s
Elapsed time is 0.031640 seconds.
Data saved at t = 6.1899 s
Elapsed time is 0.033568 seconds.
Data saved at t = 6.1999 s
Elapsed time is 0.030781 seconds.
Data saved at t = 6.2099 s
Elapsed time is 0.033338 seconds.
Data saved at t = 6.2199 s
Elapsed time is 0.030248 seconds.
Data saved at t = 6.2299 s
Elapsed time is 0.032116 seconds.
124800 / 300000 time steps completed. t = 6.239950 s
Elapsed time is 6.341078 seconds.
Data saved at t = 6.2399 s
Elapsed time is 0.030616 seconds.
Data saved at t = 6.25 s
Elapsed time is 0.029778 seconds.
Data saved at t = 6.2599 s
Elapsed time is 0.033561 seconds.
Data saved at t = 6.2699 s
Elapsed time is 0.031055 seconds.
Data saved at t = 6.2799 s
Elapsed time is 0.030965 seconds.
Data saved at t = 6.2899 s
Elapsed time is 0.030481 seconds.
126000 / 300000 time steps completed. t = 6.299950 s
Elapsed time is 6.368890 seconds.
Data saved at t = 6.2999 s
Elapsed time is 0.034087 seconds.
Data saved at t = 6.3099 s
Elapsed time is 0.031351 seconds.
Data saved at t = 6.3199 s
Elapsed time is 0.034709 seconds.
Data saved at t = 6.3299 s
Elapsed time is 0.032132 seconds.
Data saved at t = 6.3399 s
Elapsed time is 0.031917 seconds.
Data saved at t = 6.3499 s
Elapsed time is 0.034493 seconds.
127200 / 300000 time steps completed. t = 6.359950 s
Elapsed time is 6.353509 seconds.
Data saved at t = 6.3599 s
Elapsed time is 0.031267 seconds.
Data saved at t = 6.3699 s
Elapsed time is 0.035427 seconds.
Data saved at t = 6.38 s
Elapsed time is 0.031468 seconds.
Data saved at t = 6.3899 s
Elapsed time is 0.030352 seconds.
Data saved at t = 6.3999 s
Elapsed time is 0.031432 seconds.
Data saved at t = 6.4099 s
Elapsed time is 0.033952 seconds.
128400 / 300000 time steps completed. t = 6.419950 s
Elapsed time is 6.287122 seconds.
Data saved at t = 6.4199 s
Elapsed time is 0.030870 seconds.
Data saved at t = 6.4299 s
Elapsed time is 0.034992 seconds.
Data saved at t = 6.4399 s
Elapsed time is 0.031543 seconds.
Data saved at t = 6.4499 s
Elapsed time is 0.030905 seconds.
Data saved at t = 6.4599 s
Elapsed time is 0.033751 seconds.
Data saved at t = 6.4699 s
Elapsed time is 0.030116 seconds.
129600 / 300000 time steps completed. t = 6.479950 s
Elapsed time is 6.311829 seconds.
Data saved at t = 6.4799 s
Elapsed time is 0.030265 seconds.
Data saved at t = 6.4899 s
Elapsed time is 0.030569 seconds.
Data saved at t = 6.4999 s
Elapsed time is 0.030366 seconds.
Data saved at t = 6.5099 s
Elapsed time is 0.029675 seconds.
Data saved at t = 6.5199 s
Elapsed time is 0.036849 seconds.
Data saved at t = 6.5299 s
Elapsed time is 0.030998 seconds.
130800 / 300000 time steps completed. t = 6.539950 s
Elapsed time is 6.352545 seconds.
Data saved at t = 6.5399 s
Elapsed time is 0.030693 seconds.
Data saved at t = 6.5499 s
Elapsed time is 0.037424 seconds.
Data saved at t = 6.5599 s
Elapsed time is 0.030792 seconds.
Data saved at t = 6.5699 s
Elapsed time is 0.057741 seconds.
Data saved at t = 6.5799 s
Elapsed time is 0.035840 seconds.
Data saved at t = 6.5899 s
Elapsed time is 0.034751 seconds.
132000 / 300000 time steps completed. t = 6.599950 s
Elapsed time is 6.153491 seconds.
Data saved at t = 6.5999 s
Elapsed time is 0.031510 seconds.
Data saved at t = 6.6099 s
Elapsed time is 0.036313 seconds.
Data saved at t = 6.6199 s
Elapsed time is 0.030638 seconds.
Data saved at t = 6.6299 s
Elapsed time is 0.030478 seconds.
Data saved at t = 6.6399 s
Elapsed time is 0.034998 seconds.
Data saved at t = 6.6499 s
Elapsed time is 0.030213 seconds.
133200 / 300000 time steps completed. t = 6.659950 s
Elapsed time is 6.432530 seconds.
Data saved at t = 6.6599 s
Elapsed time is 0.031243 seconds.
Data saved at t = 6.6699 s
Elapsed time is 0.031005 seconds.
Data saved at t = 6.6799 s
Elapsed time is 0.034950 seconds.
Data saved at t = 6.6899 s
Elapsed time is 0.031162 seconds.
Data saved at t = 6.6999 s
Elapsed time is 0.035112 seconds.
Data saved at t = 6.7099 s
Elapsed time is 0.031424 seconds.
134400 / 300000 time steps completed. t = 6.719950 s
Elapsed time is 6.337304 seconds.
Data saved at t = 6.7199 s
Elapsed time is 0.033463 seconds.
Data saved at t = 6.7299 s
Elapsed time is 0.030154 seconds.
Data saved at t = 6.7399 s
Elapsed time is 0.030932 seconds.
Data saved at t = 6.7499 s
Elapsed time is 0.058561 seconds.
Data saved at t = 6.7599 s
Elapsed time is 0.042465 seconds.
Data saved at t = 6.7699 s
Elapsed time is 0.030789 seconds.
135600 / 300000 time steps completed. t = 6.779950 s
Elapsed time is 6.392104 seconds.
Data saved at t = 6.7799 s
Elapsed time is 0.068737 seconds.
Data saved at t = 6.7899 s
Elapsed time is 0.030799 seconds.
Data saved at t = 6.7999 s
Elapsed time is 0.031459 seconds.
Data saved at t = 6.8099 s
Elapsed time is 0.035488 seconds.
Data saved at t = 6.8199 s
Elapsed time is 0.031066 seconds.
Data saved at t = 6.8299 s
Elapsed time is 0.030262 seconds.
136800 / 300000 time steps completed. t = 6.839950 s
Elapsed time is 6.539121 seconds.
Data saved at t = 6.8399 s
Elapsed time is 0.034429 seconds.
Data saved at t = 6.8499 s
Elapsed time is 0.030881 seconds.
Data saved at t = 6.8599 s
Elapsed time is 0.036021 seconds.
Data saved at t = 6.8699 s
Elapsed time is 0.031389 seconds.
Data saved at t = 6.8799 s
Elapsed time is 0.031739 seconds.
Data saved at t = 6.8899 s
Elapsed time is 0.032120 seconds.
138000 / 300000 time steps completed. t = 6.899950 s
Elapsed time is 6.551529 seconds.
Data saved at t = 6.8999 s
Elapsed time is 0.034965 seconds.
Data saved at t = 6.9099 s
Elapsed time is 0.031312 seconds.
Data saved at t = 6.9199 s
Elapsed time is 0.034758 seconds.
Data saved at t = 6.9299 s
Elapsed time is 0.030547 seconds.
Data saved at t = 6.9399 s
Elapsed time is 0.030428 seconds.
Data saved at t = 6.9499 s
Elapsed time is 0.035876 seconds.
139200 / 300000 time steps completed. t = 6.959950 s
Elapsed time is 6.382100 seconds.
Data saved at t = 6.9599 s
Elapsed time is 0.030769 seconds.
Data saved at t = 6.9699 s
Elapsed time is 0.031455 seconds.
Data saved at t = 6.9799 s
Elapsed time is 0.031094 seconds.
Data saved at t = 6.9899 s
Elapsed time is 0.035812 seconds.
Data saved at t = 6.9999 s
Elapsed time is 0.031206 seconds.
Data saved at t = 7.0099 s
Elapsed time is 0.032720 seconds.
140400 / 300000 time steps completed. t = 7.019950 s
Elapsed time is 6.629226 seconds.
Data saved at t = 7.0199 s
Elapsed time is 0.031986 seconds.
Data saved at t = 7.0299 s
Elapsed time is 0.035260 seconds.
Data saved at t = 7.0399 s
Elapsed time is 0.031553 seconds.
Data saved at t = 7.0499 s
Elapsed time is 0.031166 seconds.
Data saved at t = 7.0599 s
Elapsed time is 0.034546 seconds.
Data saved at t = 7.0699 s
Elapsed time is 0.032582 seconds.
141600 / 300000 time steps completed. t = 7.079950 s
Elapsed time is 6.554481 seconds.
Data saved at t = 7.0799 s
Elapsed time is 0.039546 seconds.
Data saved at t = 7.0899 s
Elapsed time is 0.031052 seconds.
Data saved at t = 7.0999 s
Elapsed time is 0.034300 seconds.
Data saved at t = 7.1099 s
Elapsed time is 0.030543 seconds.
Data saved at t = 7.1199 s
Elapsed time is 0.034247 seconds.
Data saved at t = 7.1299 s
Elapsed time is 0.031538 seconds.
142800 / 300000 time steps completed. t = 7.139950 s
Elapsed time is 6.568893 seconds.
Data saved at t = 7.1399 s
Elapsed time is 0.031742 seconds.
Data saved at t = 7.1499 s
Elapsed time is 0.033643 seconds.
Data saved at t = 7.1599 s
Elapsed time is 0.030172 seconds.
Data saved at t = 7.1699 s
Elapsed time is 0.046763 seconds.
Data saved at t = 7.1799 s
Elapsed time is 0.030029 seconds.
Data saved at t = 7.1899 s
Elapsed time is 0.031101 seconds.
144000 / 300000 time steps completed. t = 7.199950 s
Elapsed time is 6.472107 seconds.
Data saved at t = 7.1999 s
Elapsed time is 0.030020 seconds.
Data saved at t = 7.2099 s
Elapsed time is 0.035041 seconds.
Data saved at t = 7.2199 s
Elapsed time is 0.033154 seconds.
Data saved at t = 7.2299 s
Elapsed time is 0.033364 seconds.
Data saved at t = 7.2399 s
Elapsed time is 0.029946 seconds.
Data saved at t = 7.2499 s
Elapsed time is 0.030417 seconds.
145200 / 300000 time steps completed. t = 7.259950 s
Elapsed time is 6.628168 seconds.
Data saved at t = 7.2599 s
Elapsed time is 0.034483 seconds.
Data saved at t = 7.2699 s
Elapsed time is 0.030820 seconds.
Data saved at t = 7.2799 s
Elapsed time is 0.030322 seconds.
Data saved at t = 7.2899 s
Elapsed time is 0.031222 seconds.
Data saved at t = 7.2999 s
Elapsed time is 0.031303 seconds.
Data saved at t = 7.3099 s
Elapsed time is 0.030840 seconds.
146400 / 300000 time steps completed. t = 7.319950 s
Elapsed time is 6.463951 seconds.
Data saved at t = 7.3199 s
Elapsed time is 0.033759 seconds.
Data saved at t = 7.3299 s
Elapsed time is 0.030604 seconds.
Data saved at t = 7.3399 s
Elapsed time is 0.030832 seconds.
Data saved at t = 7.3499 s
Elapsed time is 0.030212 seconds.
Data saved at t = 7.3599 s
Elapsed time is 0.030117 seconds.
Data saved at t = 7.3699 s
Elapsed time is 0.033969 seconds.
147600 / 300000 time steps completed. t = 7.379950 s
Elapsed time is 6.542564 seconds.
Data saved at t = 7.3799 s
Elapsed time is 0.031424 seconds.
Data saved at t = 7.3899 s
Elapsed time is 0.034700 seconds.
Data saved at t = 7.3999 s
Elapsed time is 0.030797 seconds.
Data saved at t = 7.4099 s
Elapsed time is 0.034511 seconds.
Data saved at t = 7.4199 s
Elapsed time is 0.030880 seconds.
Data saved at t = 7.4299 s
Elapsed time is 0.033584 seconds.
148800 / 300000 time steps completed. t = 7.439950 s
Elapsed time is 6.509755 seconds.
Data saved at t = 7.4399 s
Elapsed time is 0.030024 seconds.
Data saved at t = 7.4499 s
Elapsed time is 0.030219 seconds.
Data saved at t = 7.4599 s
Elapsed time is 0.030734 seconds.
Data saved at t = 7.4699 s
Elapsed time is 0.029526 seconds.
Data saved at t = 7.4799 s
Elapsed time is 0.035220 seconds.
Data saved at t = 7.4899 s
Elapsed time is 0.030504 seconds.
150000 / 300000 time steps completed. t = 7.499950 s
Elapsed time is 6.585965 seconds.
Data saved at t = 7.4999 s
Elapsed time is 0.034014 seconds.
Data saved at t = 7.5099 s
Elapsed time is 0.034752 seconds.
Data saved at t = 7.5199 s
Elapsed time is 0.033713 seconds.
Data saved at t = 7.5299 s
Elapsed time is 0.030953 seconds.
Data saved at t = 7.5399 s
Elapsed time is 0.035270 seconds.
Data saved at t = 7.5499 s
Elapsed time is 0.027275 seconds.
151200 / 300000 time steps completed. t = 7.559950 s
Elapsed time is 5.789005 seconds.
Data saved at t = 7.5599 s
Elapsed time is 0.027470 seconds.
Data saved at t = 7.5699 s
Elapsed time is 0.027295 seconds.
Data saved at t = 7.5799 s
Elapsed time is 0.028230 seconds.
Data saved at t = 7.5899 s
Elapsed time is 0.027657 seconds.
Data saved at t = 7.5999 s
Elapsed time is 0.031073 seconds.
Data saved at t = 7.6099 s
Elapsed time is 0.038084 seconds.
152400 / 300000 time steps completed. t = 7.619950 s
Elapsed time is 6.597099 seconds.
Data saved at t = 7.6199 s
Elapsed time is 0.031095 seconds.
Data saved at t = 7.6299 s
Elapsed time is 0.034728 seconds.
Data saved at t = 7.6399 s
Elapsed time is 0.030672 seconds.
Data saved at t = 7.6499 s
Elapsed time is 0.034125 seconds.
Data saved at t = 7.6599 s
Elapsed time is 0.029914 seconds.
Data saved at t = 7.6699 s
Elapsed time is 0.031412 seconds.
153600 / 300000 time steps completed. t = 7.679950 s
Elapsed time is 6.554682 seconds.
Data saved at t = 7.6799 s
Elapsed time is 0.031675 seconds.
Data saved at t = 7.6899 s
Elapsed time is 0.030289 seconds.
Data saved at t = 7.6999 s
Elapsed time is 0.030226 seconds.
Data saved at t = 7.7099 s
Elapsed time is 0.031416 seconds.
Data saved at t = 7.7199 s
Elapsed time is 0.034116 seconds.
Data saved at t = 7.7299 s
Elapsed time is 0.029829 seconds.
154800 / 300000 time steps completed. t = 7.739950 s
Elapsed time is 6.617202 seconds.
Data saved at t = 7.7399 s
Elapsed time is 0.034768 seconds.
Data saved at t = 7.7499 s
Elapsed time is 0.030810 seconds.
Data saved at t = 7.7599 s
Elapsed time is 0.031712 seconds.
Data saved at t = 7.7699 s
Elapsed time is 0.034085 seconds.
Data saved at t = 7.7799 s
Elapsed time is 0.029998 seconds.
Data saved at t = 7.7899 s
Elapsed time is 0.029452 seconds.
156000 / 300000 time steps completed. t = 7.799950 s
Elapsed time is 6.368420 seconds.
Data saved at t = 7.7999 s
Elapsed time is 0.029887 seconds.
Data saved at t = 7.8099 s
Elapsed time is 0.035409 seconds.
Data saved at t = 7.8199 s
Elapsed time is 0.030664 seconds.
Data saved at t = 7.8299 s
Elapsed time is 0.033885 seconds.
Data saved at t = 7.8399 s
Elapsed time is 0.030124 seconds.
Data saved at t = 7.8499 s
Elapsed time is 0.033795 seconds.
157200 / 300000 time steps completed. t = 7.859950 s
Elapsed time is 6.507919 seconds.
Data saved at t = 7.8599 s
Elapsed time is 0.030106 seconds.
Data saved at t = 7.8699 s
Elapsed time is 0.029914 seconds.
Data saved at t = 7.8799 s
Elapsed time is 0.034640 seconds.
Data saved at t = 7.8899 s
Elapsed time is 0.031501 seconds.
Data saved at t = 7.8999 s
Elapsed time is 0.033467 seconds.
Data saved at t = 7.9099 s
Elapsed time is 0.030870 seconds.
158400 / 300000 time steps completed. t = 7.919950 s
Elapsed time is 6.551753 seconds.
Data saved at t = 7.9199 s
Elapsed time is 0.033591 seconds.
Data saved at t = 7.9299 s
Elapsed time is 0.031430 seconds.
Data saved at t = 7.9399 s
Elapsed time is 0.030261 seconds.
Data saved at t = 7.9499 s
Elapsed time is 0.029524 seconds.
Data saved at t = 7.9599 s
Elapsed time is 0.031456 seconds.
Data saved at t = 7.9699 s
Elapsed time is 0.030040 seconds.
159600 / 300000 time steps completed. t = 7.979950 s
Elapsed time is 6.645178 seconds.
Data saved at t = 7.9799 s
Elapsed time is 0.030825 seconds.
Data saved at t = 7.9899 s
Elapsed time is 0.034632 seconds.
Data saved at t = 7.9999 s
Elapsed time is 0.033803 seconds.
Data saved at t = 8.0099 s
Elapsed time is 0.034023 seconds.
Data saved at t = 8.0199 s
Elapsed time is 0.030598 seconds.
Data saved at t = 8.0299 s
Elapsed time is 0.034084 seconds.
160800 / 300000 time steps completed. t = 8.039950 s
Elapsed time is 6.593221 seconds.
Data saved at t = 8.0399 s
Elapsed time is 0.032490 seconds.
Data saved at t = 8.0499 s
Elapsed time is 0.034589 seconds.
Data saved at t = 8.0599 s
Elapsed time is 0.030848 seconds.
Data saved at t = 8.0699 s
Elapsed time is 0.033636 seconds.
Data saved at t = 8.0799 s
Elapsed time is 0.030799 seconds.
Data saved at t = 8.0899 s
Elapsed time is 0.031056 seconds.
162000 / 300000 time steps completed. t = 8.099950 s
Elapsed time is 6.819000 seconds.
Data saved at t = 8.0999 s
Elapsed time is 0.034385 seconds.
Data saved at t = 8.1099 s
Elapsed time is 0.031034 seconds.
Data saved at t = 8.1199 s
Elapsed time is 0.035056 seconds.
Data saved at t = 8.1299 s
Elapsed time is 0.030429 seconds.
Data saved at t = 8.1399 s
Elapsed time is 0.030582 seconds.
Data saved at t = 8.1499 s
Elapsed time is 0.030593 seconds.
163200 / 300000 time steps completed. t = 8.159950 s
Elapsed time is 6.583650 seconds.
Data saved at t = 8.16 s
Elapsed time is 0.034617 seconds.
Data saved at t = 8.1699 s
Elapsed time is 0.031330 seconds.
Data saved at t = 8.1799 s
Elapsed time is 0.033149 seconds.
Data saved at t = 8.1899 s
Elapsed time is 0.030912 seconds.
Data saved at t = 8.1999 s
Elapsed time is 0.033929 seconds.
Data saved at t = 8.2099 s
Elapsed time is 0.034792 seconds.
164400 / 300000 time steps completed. t = 8.219950 s
Elapsed time is 6.767869 seconds.
Data saved at t = 8.2199 s
Elapsed time is 0.030363 seconds.
Data saved at t = 8.2299 s
Elapsed time is 0.035399 seconds.
Data saved at t = 8.2399 s
Elapsed time is 0.033216 seconds.
Data saved at t = 8.2499 s
Elapsed time is 0.030836 seconds.
Data saved at t = 8.2599 s
Elapsed time is 0.031838 seconds.
Data saved at t = 8.2699 s
Elapsed time is 0.032449 seconds.
165600 / 300000 time steps completed. t = 8.279950 s
Elapsed time is 6.645756 seconds.
Data saved at t = 8.2799 s
Elapsed time is 0.029919 seconds.
Data saved at t = 8.2899 s
Elapsed time is 0.030201 seconds.
Data saved at t = 8.2999 s
Elapsed time is 0.031094 seconds.
Data saved at t = 8.3099 s
Elapsed time is 0.031149 seconds.
Data saved at t = 8.3199 s
Elapsed time is 0.033157 seconds.
Data saved at t = 8.3299 s
Elapsed time is 0.030515 seconds.
166800 / 300000 time steps completed. t = 8.339950 s
Elapsed time is 6.665164 seconds.
Data saved at t = 8.3399 s
Elapsed time is 0.034030 seconds.
Data saved at t = 8.3499 s
Elapsed time is 0.030468 seconds.
Data saved at t = 8.3599 s
Elapsed time is 0.034231 seconds.
Data saved at t = 8.3699 s
Elapsed time is 0.029990 seconds.
Data saved at t = 8.3799 s
Elapsed time is 0.030818 seconds.
Data saved at t = 8.3899 s
Elapsed time is 0.034693 seconds.
168000 / 300000 time steps completed. t = 8.399950 s
Elapsed time is 6.607406 seconds.
Data saved at t = 8.3999 s
Elapsed time is 0.030711 seconds.
Data saved at t = 8.4099 s
Elapsed time is 0.034659 seconds.
Data saved at t = 8.42 s
Elapsed time is 0.029561 seconds.
Data saved at t = 8.4299 s
Elapsed time is 0.031196 seconds.
Data saved at t = 8.4399 s
Elapsed time is 0.030006 seconds.
Data saved at t = 8.4499 s
Elapsed time is 0.034688 seconds.
169200 / 300000 time steps completed. t = 8.459950 s
Elapsed time is 6.733989 seconds.
Data saved at t = 8.4599 s
Elapsed time is 0.031521 seconds.
Data saved at t = 8.4699 s
Elapsed time is 0.030994 seconds.
Data saved at t = 8.4799 s
Elapsed time is 0.044129 seconds.
Data saved at t = 8.4899 s
Elapsed time is 0.033721 seconds.
Data saved at t = 8.4999 s
Elapsed time is 0.035211 seconds.
Data saved at t = 8.5099 s
Elapsed time is 0.034346 seconds.
170400 / 300000 time steps completed. t = 8.519950 s
Elapsed time is 6.700113 seconds.
Data saved at t = 8.5199 s
Elapsed time is 0.033790 seconds.
Data saved at t = 8.5299 s
Elapsed time is 0.030712 seconds.
Data saved at t = 8.5399 s
Elapsed time is 0.030187 seconds.
Data saved at t = 8.5499 s
Elapsed time is 0.030909 seconds.
Data saved at t = 8.5599 s
Elapsed time is 0.030450 seconds.
Data saved at t = 8.5699 s
Elapsed time is 0.030944 seconds.
171600 / 300000 time steps completed. t = 8.579950 s
Elapsed time is 6.740757 seconds.
Data saved at t = 8.5799 s
Elapsed time is 0.031708 seconds.
Data saved at t = 8.5899 s
Elapsed time is 0.059454 seconds.
Data saved at t = 8.5999 s
Elapsed time is 0.031964 seconds.
Data saved at t = 8.6099 s
Elapsed time is 0.033749 seconds.
Data saved at t = 8.6199 s
Elapsed time is 0.030257 seconds.
Data saved at t = 8.6299 s
Elapsed time is 0.034416 seconds.
172800 / 300000 time steps completed. t = 8.639950 s
Elapsed time is 6.738120 seconds.
Data saved at t = 8.6399 s
Elapsed time is 0.030308 seconds.
Data saved at t = 8.6499 s
Elapsed time is 0.033974 seconds.
Data saved at t = 8.6599 s
Elapsed time is 0.031564 seconds.
Data saved at t = 8.6699 s
Elapsed time is 0.033890 seconds.
Data saved at t = 8.6799 s
Elapsed time is 0.030774 seconds.
Data saved at t = 8.6899 s
Elapsed time is 0.030048 seconds.
174000 / 300000 time steps completed. t = 8.699950 s
Elapsed time is 6.813004 seconds.
Data saved at t = 8.6999 s
Elapsed time is 0.033531 seconds.
Data saved at t = 8.7099 s
Elapsed time is 0.031399 seconds.
Data saved at t = 8.7199 s
Elapsed time is 0.031441 seconds.
Data saved at t = 8.7299 s
Elapsed time is 0.032476 seconds.
Data saved at t = 8.7399 s
Elapsed time is 0.034718 seconds.
Data saved at t = 8.7499 s
Elapsed time is 0.029517 seconds.
175200 / 300000 time steps completed. t = 8.759950 s
Elapsed time is 6.724444 seconds.
Data saved at t = 8.7599 s
Elapsed time is 0.034691 seconds.
Data saved at t = 8.7699 s
Elapsed time is 0.031103 seconds.
Data saved at t = 8.7799 s
Elapsed time is 0.031010 seconds.
Data saved at t = 8.7899 s
Elapsed time is 0.029856 seconds.
Data saved at t = 8.7999 s
Elapsed time is 0.030667 seconds.
Data saved at t = 8.8099 s
Elapsed time is 0.034340 seconds.
176400 / 300000 time steps completed. t = 8.819950 s
Elapsed time is 6.774727 seconds.
Data saved at t = 8.8199 s
Elapsed time is 0.030125 seconds.
Data saved at t = 8.8299 s
Elapsed time is 0.031784 seconds.
Data saved at t = 8.8399 s
Elapsed time is 0.031636 seconds.
Data saved at t = 8.8499 s
Elapsed time is 0.033834 seconds.
Data saved at t = 8.8599 s
Elapsed time is 0.032076 seconds.
Data saved at t = 8.8699 s
Elapsed time is 0.031462 seconds.
177600 / 300000 time steps completed. t = 8.879950 s
Elapsed time is 6.849718 seconds.
Data saved at t = 8.8799 s
Elapsed time is 0.034253 seconds.
Data saved at t = 8.8899 s
Elapsed time is 0.030307 seconds.
Data saved at t = 8.8999 s
Elapsed time is 0.032356 seconds.
Data saved at t = 8.9099 s
Elapsed time is 0.030598 seconds.
Data saved at t = 8.9199 s
Elapsed time is 0.034341 seconds.
Data saved at t = 8.9299 s
Elapsed time is 0.030714 seconds.
178800 / 300000 time steps completed. t = 8.939950 s
Elapsed time is 6.977333 seconds.
Data saved at t = 8.9399 s
Elapsed time is 0.035976 seconds.
Data saved at t = 8.9499 s
Elapsed time is 0.031406 seconds.
Data saved at t = 8.9599 s
Elapsed time is 0.035389 seconds.
Data saved at t = 8.9699 s
Elapsed time is 0.031503 seconds.
Data saved at t = 8.9799 s
Elapsed time is 0.032084 seconds.
Data saved at t = 8.9899 s
Elapsed time is 0.034735 seconds.
180000 / 300000 time steps completed. t = 8.999950 s
Elapsed time is 6.901932 seconds.
Data saved at t = 8.9999 s
Elapsed time is 0.030456 seconds.
Data saved at t = 9.0099 s
Elapsed time is 0.030804 seconds.
Data saved at t = 9.0199 s
Elapsed time is 0.030118 seconds.
Data saved at t = 9.0299 s
Elapsed time is 0.034813 seconds.
Data saved at t = 9.0399 s
Elapsed time is 0.030486 seconds.
Data saved at t = 9.0499 s
Elapsed time is 0.030819 seconds.
181200 / 300000 time steps completed. t = 9.059950 s
Elapsed time is 6.640889 seconds.
Data saved at t = 9.0599 s
Elapsed time is 0.030747 seconds.
Data saved at t = 9.0699 s
Elapsed time is 0.031225 seconds.
Data saved at t = 9.0799 s
Elapsed time is 0.036044 seconds.
Data saved at t = 9.0899 s
Elapsed time is 0.032480 seconds.
Data saved at t = 9.0999 s
Elapsed time is 0.034123 seconds.
Data saved at t = 9.1099 s
Elapsed time is 0.030899 seconds.
182400 / 300000 time steps completed. t = 9.119950 s
Elapsed time is 6.888362 seconds.
Data saved at t = 9.1199 s
Elapsed time is 0.035554 seconds.
Data saved at t = 9.1299 s
Elapsed time is 0.031503 seconds.
Data saved at t = 9.1399 s
Elapsed time is 0.034250 seconds.
Data saved at t = 9.1499 s
Elapsed time is 0.031387 seconds.
Data saved at t = 9.1599 s
Elapsed time is 0.031444 seconds.
Data saved at t = 9.17 s
Elapsed time is 0.034824 seconds.
183600 / 300000 time steps completed. t = 9.179950 s
Elapsed time is 6.936061 seconds.
Data saved at t = 9.1799 s
Elapsed time is 0.030252 seconds.
Data saved at t = 9.1899 s
Elapsed time is 0.035702 seconds.
Data saved at t = 9.1999 s
Elapsed time is 0.031188 seconds.
Data saved at t = 9.2099 s
Elapsed time is 0.030821 seconds.
Data saved at t = 9.2199 s
Elapsed time is 0.031201 seconds.
Data saved at t = 9.2299 s
Elapsed time is 0.035563 seconds.
184800 / 300000 time steps completed. t = 9.239950 s
Elapsed time is 6.926094 seconds.
Data saved at t = 9.2399 s
Elapsed time is 0.031189 seconds.
Data saved at t = 9.2499 s
Elapsed time is 0.034359 seconds.
Data saved at t = 9.2599 s
Elapsed time is 0.031593 seconds.
Data saved at t = 9.2699 s
Elapsed time is 0.030734 seconds.
Data saved at t = 9.2799 s
Elapsed time is 0.030257 seconds.
Data saved at t = 9.2899 s
Elapsed time is 0.031341 seconds.
186000 / 300000 time steps completed. t = 9.299950 s
Elapsed time is 7.026732 seconds.
Data saved at t = 9.2999 s
Elapsed time is 0.034403 seconds.
Data saved at t = 9.3099 s
Elapsed time is 0.033661 seconds.
Data saved at t = 9.3199 s
Elapsed time is 0.035470 seconds.
Data saved at t = 9.3299 s
Elapsed time is 0.030597 seconds.
Data saved at t = 9.3399 s
Elapsed time is 0.034480 seconds.
Data saved at t = 9.3499 s
Elapsed time is 0.032153 seconds.
187200 / 300000 time steps completed. t = 9.359950 s
Elapsed time is 6.786393 seconds.
Data saved at t = 9.3599 s
Elapsed time is 0.030090 seconds.
Data saved at t = 9.3699 s
Elapsed time is 0.029859 seconds.
Data saved at t = 9.3799 s
Elapsed time is 0.030462 seconds.
Data saved at t = 9.3899 s
Elapsed time is 0.032698 seconds.
Data saved at t = 9.3999 s
Elapsed time is 0.027825 seconds.
Data saved at t = 9.4099 s
Elapsed time is 0.028116 seconds.
188400 / 300000 time steps completed. t = 9.419950 s
Elapsed time is 6.093216 seconds.
Data saved at t = 9.4199 s
Elapsed time is 0.027714 seconds.
Data saved at t = 9.4299 s
Elapsed time is 0.030399 seconds.
Data saved at t = 9.4399 s
Elapsed time is 0.028137 seconds.
Data saved at t = 9.4499 s
Elapsed time is 0.037650 seconds.
Data saved at t = 9.4599 s
Elapsed time is 0.034532 seconds.
Data saved at t = 9.4699 s
Elapsed time is 0.031304 seconds.
189600 / 300000 time steps completed. t = 9.479950 s
Elapsed time is 7.058306 seconds.
Data saved at t = 9.4799 s
Elapsed time is 0.036294 seconds.
Data saved at t = 9.4899 s
Elapsed time is 0.031112 seconds.
Data saved at t = 9.4999 s
Elapsed time is 0.034116 seconds.
Data saved at t = 9.5099 s
Elapsed time is 0.031810 seconds.
Data saved at t = 9.5199 s
Elapsed time is 0.034252 seconds.
Data saved at t = 9.5299 s
Elapsed time is 0.030972 seconds.
190800 / 300000 time steps completed. t = 9.539950 s
Elapsed time is 6.947667 seconds.
Data saved at t = 9.5399 s
Elapsed time is 0.030014 seconds.
Data saved at t = 9.5499 s
Elapsed time is 0.031019 seconds.
Data saved at t = 9.5599 s
Elapsed time is 0.032060 seconds.
Data saved at t = 9.5699 s
Elapsed time is 0.031409 seconds.
Data saved at t = 9.5799 s
Elapsed time is 0.030850 seconds.
Data saved at t = 9.5899 s
Elapsed time is 0.036429 seconds.
192000 / 300000 time steps completed. t = 9.599950 s
Elapsed time is 7.157749 seconds.
Data saved at t = 9.5999 s
Elapsed time is 0.031929 seconds.
Data saved at t = 9.6099 s
Elapsed time is 0.030956 seconds.
Data saved at t = 9.6199 s
Elapsed time is 0.030361 seconds.
Data saved at t = 9.6299 s
Elapsed time is 0.037756 seconds.
Data saved at t = 9.6399 s
Elapsed time is 0.031732 seconds.
Data saved at t = 9.6499 s
Elapsed time is 0.031620 seconds.
193200 / 300000 time steps completed. t = 9.659950 s
Elapsed time is 7.058767 seconds.
Data saved at t = 9.6599 s
Elapsed time is 0.034597 seconds.
Data saved at t = 9.6699 s
Elapsed time is 0.029677 seconds.
Data saved at t = 9.6799 s
Elapsed time is 0.034725 seconds.
Data saved at t = 9.6899 s
Elapsed time is 0.029879 seconds.
Data saved at t = 9.6999 s
Elapsed time is 0.030705 seconds.
Data saved at t = 9.7099 s
Elapsed time is 0.030395 seconds.
194400 / 300000 time steps completed. t = 9.719950 s
Elapsed time is 6.907471 seconds.
Data saved at t = 9.7199 s
Elapsed time is 0.033758 seconds.
Data saved at t = 9.7299 s
Elapsed time is 0.030453 seconds.
Data saved at t = 9.7399 s
Elapsed time is 0.030532 seconds.
Data saved at t = 9.7499 s
Elapsed time is 0.030467 seconds.
Data saved at t = 9.7599 s
Elapsed time is 0.030994 seconds.
Data saved at t = 9.7699 s
Elapsed time is 0.031433 seconds.
195600 / 300000 time steps completed. t = 9.779950 s
Elapsed time is 6.959692 seconds.
Data saved at t = 9.7799 s
Elapsed time is 0.029839 seconds.
Data saved at t = 9.7899 s
Elapsed time is 0.033561 seconds.
Data saved at t = 9.7999 s
Elapsed time is 0.030668 seconds.
Data saved at t = 9.8099 s
Elapsed time is 0.031731 seconds.
Data saved at t = 9.8199 s
Elapsed time is 0.030634 seconds.
Data saved at t = 9.8299 s
Elapsed time is 0.034135 seconds.
196800 / 300000 time steps completed. t = 9.839950 s
Elapsed time is 7.074563 seconds.
Data saved at t = 9.8399 s
Elapsed time is 0.031155 seconds.
Data saved at t = 9.8499 s
Elapsed time is 0.030183 seconds.
Data saved at t = 9.8599 s
Elapsed time is 0.035024 seconds.
Data saved at t = 9.8699 s
Elapsed time is 0.030831 seconds.
Data saved at t = 9.8799 s
Elapsed time is 0.036116 seconds.
Data saved at t = 9.8899 s
Elapsed time is 0.032825 seconds.
198000 / 300000 time steps completed. t = 9.899950 s
Elapsed time is 6.998109 seconds.
Data saved at t = 9.8999 s
Elapsed time is 0.035085 seconds.
Data saved at t = 9.9099 s
Elapsed time is 0.030922 seconds.
Data saved at t = 9.9199 s
Elapsed time is 0.035698 seconds.
Data saved at t = 9.9299 s
Elapsed time is 0.034253 seconds.
Data saved at t = 9.9399 s
Elapsed time is 0.032696 seconds.
Data saved at t = 9.9499 s
Elapsed time is 0.035791 seconds.
199200 / 300000 time steps completed. t = 9.959950 s
Elapsed time is 6.871598 seconds.
Data saved at t = 9.9599 s
Elapsed time is 0.030377 seconds.
Data saved at t = 9.9699 s
Elapsed time is 0.034812 seconds.
Data saved at t = 9.9799 s
Elapsed time is 0.030581 seconds.
Data saved at t = 9.9899 s
Elapsed time is 0.031002 seconds.
Data saved at t = 9.9999 s
Elapsed time is 0.031213 seconds.
Data saved at t = 10.0099 s
Elapsed time is 0.034531 seconds.
200400 / 300000 time steps completed. t = 10.019950 s
Elapsed time is 7.001704 seconds.
Data saved at t = 10.0199 s
Elapsed time is 0.030492 seconds.
Data saved at t = 10.0299 s
Elapsed time is 0.030881 seconds.
Data saved at t = 10.0399 s
Elapsed time is 0.124584 seconds.
Data saved at t = 10.0499 s
Elapsed time is 0.031525 seconds.
Data saved at t = 10.0599 s
Elapsed time is 0.035169 seconds.
Data saved at t = 10.0699 s
Elapsed time is 0.031193 seconds.
201600 / 300000 time steps completed. t = 10.079950 s
Elapsed time is 7.083495 seconds.
Data saved at t = 10.0799 s
Elapsed time is 0.030287 seconds.
Data saved at t = 10.0899 s
Elapsed time is 0.031412 seconds.
Data saved at t = 10.0999 s
Elapsed time is 0.031774 seconds.
Data saved at t = 10.1099 s
Elapsed time is 0.031542 seconds.
Data saved at t = 10.1199 s
Elapsed time is 0.034761 seconds.
Data saved at t = 10.1299 s
Elapsed time is 0.031913 seconds.
202800 / 300000 time steps completed. t = 10.139950 s
Elapsed time is 7.098127 seconds.
Data saved at t = 10.1399 s
Elapsed time is 0.030400 seconds.
Data saved at t = 10.1499 s
Elapsed time is 0.034938 seconds.
Data saved at t = 10.1599 s
Elapsed time is 0.032092 seconds.
Data saved at t = 10.1699 s
Elapsed time is 0.035053 seconds.
Data saved at t = 10.1799 s
Elapsed time is 0.032301 seconds.
Data saved at t = 10.1899 s
Elapsed time is 0.035432 seconds.
204000 / 300000 time steps completed. t = 10.199950 s
Elapsed time is 7.056709 seconds.
Data saved at t = 10.1999 s
Elapsed time is 0.030885 seconds.
Data saved at t = 10.2099 s
Elapsed time is 0.034645 seconds.
Data saved at t = 10.2199 s
Elapsed time is 0.030922 seconds.
Data saved at t = 10.2299 s
Elapsed time is 0.030067 seconds.
Data saved at t = 10.2399 s
Elapsed time is 0.034222 seconds.
Data saved at t = 10.2499 s
Elapsed time is 0.030094 seconds.
205200 / 300000 time steps completed. t = 10.259950 s
Elapsed time is 6.787323 seconds.
Data saved at t = 10.2599 s
Elapsed time is 0.034904 seconds.
Data saved at t = 10.2699 s
Elapsed time is 0.035102 seconds.
Data saved at t = 10.2799 s
Elapsed time is 0.031792 seconds.
Data saved at t = 10.2899 s
Elapsed time is 0.034642 seconds.
Data saved at t = 10.2999 s
Elapsed time is 0.031451 seconds.
Data saved at t = 10.3099 s
Elapsed time is 0.034918 seconds.
206400 / 300000 time steps completed. t = 10.319950 s
Elapsed time is 7.059428 seconds.
Data saved at t = 10.3199 s
Elapsed time is 0.031811 seconds.
Data saved at t = 10.3299 s
Elapsed time is 0.031307 seconds.
Data saved at t = 10.3399 s
Elapsed time is 0.044766 seconds.
Data saved at t = 10.3499 s
Elapsed time is 0.030672 seconds.
Data saved at t = 10.3599 s
Elapsed time is 0.030569 seconds.
Data saved at t = 10.3699 s
Elapsed time is 0.030561 seconds.
207600 / 300000 time steps completed. t = 10.379950 s
Elapsed time is 7.123437 seconds.
Data saved at t = 10.3799 s
Elapsed time is 0.034043 seconds.
Data saved at t = 10.3899 s
Elapsed time is 0.030916 seconds.
Data saved at t = 10.3999 s
Elapsed time is 0.029448 seconds.
Data saved at t = 10.4099 s
Elapsed time is 0.035032 seconds.
Data saved at t = 10.4199 s
Elapsed time is 0.030577 seconds.
Data saved at t = 10.4299 s
Elapsed time is 0.034718 seconds.
208800 / 300000 time steps completed. t = 10.439950 s
Elapsed time is 7.093822 seconds.
Data saved at t = 10.4399 s
Elapsed time is 0.034530 seconds.
Data saved at t = 10.4499 s
Elapsed time is 0.031255 seconds.
Data saved at t = 10.4599 s
Elapsed time is 0.030509 seconds.
Data saved at t = 10.4699 s
Elapsed time is 0.031839 seconds.
Data saved at t = 10.4799 s
Elapsed time is 0.034871 seconds.
Data saved at t = 10.4899 s
Elapsed time is 0.031066 seconds.
210000 / 300000 time steps completed. t = 10.499950 s
Elapsed time is 7.070079 seconds.
Data saved at t = 10.4999 s
Elapsed time is 0.030370 seconds.
Data saved at t = 10.5099 s
Elapsed time is 0.030709 seconds.
Data saved at t = 10.5199 s
Elapsed time is 0.031236 seconds.
Data saved at t = 10.5299 s
Elapsed time is 0.031054 seconds.
Data saved at t = 10.5399 s
Elapsed time is 0.029690 seconds.
Data saved at t = 10.5499 s
Elapsed time is 0.029696 seconds.
211200 / 300000 time steps completed. t = 10.559950 s
Elapsed time is 6.832455 seconds.
Data saved at t = 10.5599 s
Elapsed time is 0.035779 seconds.
Data saved at t = 10.5699 s
Elapsed time is 0.030240 seconds.
Data saved at t = 10.5799 s
Elapsed time is 0.034749 seconds.
Data saved at t = 10.5899 s
Elapsed time is 0.030536 seconds.
Data saved at t = 10.5999 s
Elapsed time is 0.030366 seconds.
Data saved at t = 10.6099 s
Elapsed time is 0.031369 seconds.
212400 / 300000 time steps completed. t = 10.619950 s
Elapsed time is 7.102337 seconds.
Data saved at t = 10.6199 s
Elapsed time is 0.031015 seconds.
Data saved at t = 10.6299 s
Elapsed time is 0.036347 seconds.
Data saved at t = 10.6399 s
Elapsed time is 0.031428 seconds.
Data saved at t = 10.6499 s
Elapsed time is 0.036259 seconds.
Data saved at t = 10.6599 s
Elapsed time is 0.030696 seconds.
Data saved at t = 10.6699 s
Elapsed time is 0.035534 seconds.
213600 / 300000 time steps completed. t = 10.679950 s
Elapsed time is 7.154752 seconds.
Data saved at t = 10.6799 s
Elapsed time is 0.031186 seconds.
Data saved at t = 10.6899 s
Elapsed time is 0.034264 seconds.
Data saved at t = 10.6999 s
Elapsed time is 0.032437 seconds.
Data saved at t = 10.7099 s
Elapsed time is 0.030793 seconds.
Data saved at t = 10.7199 s
Elapsed time is 0.032238 seconds.
Data saved at t = 10.7299 s
Elapsed time is 0.032707 seconds.
214800 / 300000 time steps completed. t = 10.739950 s
Elapsed time is 7.530112 seconds.
Data saved at t = 10.7399 s
Elapsed time is 0.032171 seconds.
Data saved at t = 10.7499 s
Elapsed time is 0.035323 seconds.
Data saved at t = 10.7599 s
Elapsed time is 0.033447 seconds.
Data saved at t = 10.7699 s
Elapsed time is 0.031375 seconds.
Data saved at t = 10.7799 s
Elapsed time is 0.034885 seconds.
Data saved at t = 10.7899 s
Elapsed time is 0.030896 seconds.
216000 / 300000 time steps completed. t = 10.799950 s
Elapsed time is 7.190079 seconds.
Data saved at t = 10.7999 s
Elapsed time is 0.031238 seconds.
Data saved at t = 10.8099 s
Elapsed time is 0.031015 seconds.
Data saved at t = 10.8199 s
Elapsed time is 0.032281 seconds.
Data saved at t = 10.83 s
Elapsed time is 0.031643 seconds.
Data saved at t = 10.8399 s
Elapsed time is 0.030565 seconds.
Data saved at t = 10.8499 s
Elapsed time is 0.037554 seconds.
217200 / 300000 time steps completed. t = 10.859950 s
Elapsed time is 7.071089 seconds.
Data saved at t = 10.8599 s
Elapsed time is 0.031133 seconds.
Data saved at t = 10.8699 s
Elapsed time is 0.029747 seconds.
Data saved at t = 10.8799 s
Elapsed time is 0.030573 seconds.
Data saved at t = 10.8899 s
Elapsed time is 0.030443 seconds.
Data saved at t = 10.8999 s
Elapsed time is 0.031395 seconds.
Data saved at t = 10.9099 s
Elapsed time is 0.030527 seconds.
218400 / 300000 time steps completed. t = 10.919950 s
Elapsed time is 7.162883 seconds.
Data saved at t = 10.9199 s
Elapsed time is 0.030719 seconds.
Data saved at t = 10.9299 s
Elapsed time is 0.031162 seconds.
Data saved at t = 10.9399 s
Elapsed time is 0.035533 seconds.
Data saved at t = 10.9499 s
Elapsed time is 0.030633 seconds.
Data saved at t = 10.9599 s
Elapsed time is 0.030443 seconds.
Data saved at t = 10.9699 s
Elapsed time is 0.035097 seconds.
219600 / 300000 time steps completed. t = 10.979950 s
Elapsed time is 7.180428 seconds.
Data saved at t = 10.98 s
Elapsed time is 0.032950 seconds.
Data saved at t = 10.9899 s
Elapsed time is 0.030679 seconds.
Data saved at t = 10.9999 s
Elapsed time is 0.034532 seconds.
Data saved at t = 11.0099 s
Elapsed time is 0.030913 seconds.
Data saved at t = 11.0199 s
Elapsed time is 0.039579 seconds.
Data saved at t = 11.0299 s
Elapsed time is 0.032135 seconds.
220800 / 300000 time steps completed. t = 11.039950 s
Elapsed time is 7.214772 seconds.
Data saved at t = 11.0399 s
Elapsed time is 0.035171 seconds.
Data saved at t = 11.0499 s
Elapsed time is 0.031544 seconds.
Data saved at t = 11.0599 s
Elapsed time is 0.030272 seconds.
Data saved at t = 11.0699 s
Elapsed time is 0.035391 seconds.
Data saved at t = 11.0799 s
Elapsed time is 0.030974 seconds.
Data saved at t = 11.0899 s
Elapsed time is 0.031066 seconds.
222000 / 300000 time steps completed. t = 11.099950 s
Elapsed time is 7.391965 seconds.
Data saved at t = 11.0999 s
Elapsed time is 0.031537 seconds.
Data saved at t = 11.1099 s
Elapsed time is 0.033889 seconds.
Data saved at t = 11.1199 s
Elapsed time is 0.038344 seconds.
Data saved at t = 11.1299 s
Elapsed time is 0.032302 seconds.
Data saved at t = 11.1399 s
Elapsed time is 0.033620 seconds.
Data saved at t = 11.1499 s
Elapsed time is 0.029590 seconds.
223200 / 300000 time steps completed. t = 11.159950 s
Elapsed time is 6.358725 seconds.
Data saved at t = 11.1599 s
Elapsed time is 0.028234 seconds.
Data saved at t = 11.1699 s
Elapsed time is 0.031446 seconds.
Data saved at t = 11.1799 s
Elapsed time is 0.028758 seconds.
Data saved at t = 11.1899 s
Elapsed time is 0.034086 seconds.
Data saved at t = 11.1999 s
Elapsed time is 0.031445 seconds.
Data saved at t = 11.2099 s
Elapsed time is 0.034031 seconds.
224400 / 300000 time steps completed. t = 11.219950 s
Elapsed time is 7.214861 seconds.
Data saved at t = 11.2199 s
Elapsed time is 0.030253 seconds.
Data saved at t = 11.2299 s
Elapsed time is 0.032002 seconds.
Data saved at t = 11.24 s
Elapsed time is 0.034993 seconds.
Data saved at t = 11.2499 s
Elapsed time is 0.030381 seconds.
Data saved at t = 11.2599 s
Elapsed time is 0.034432 seconds.
Data saved at t = 11.2699 s
Elapsed time is 0.029857 seconds.
225600 / 300000 time steps completed. t = 11.279950 s
Elapsed time is 6.984259 seconds.
Data saved at t = 11.2799 s
Elapsed time is 0.034532 seconds.
Data saved at t = 11.2899 s
Elapsed time is 0.030083 seconds.
Data saved at t = 11.2999 s
Elapsed time is 0.034551 seconds.
Data saved at t = 11.3099 s
Elapsed time is 0.030103 seconds.
Data saved at t = 11.3199 s
Elapsed time is 0.031427 seconds.
Data saved at t = 11.3299 s
Elapsed time is 0.031127 seconds.
226800 / 300000 time steps completed. t = 11.339950 s
Elapsed time is 7.342424 seconds.
Data saved at t = 11.3399 s
Elapsed time is 0.030945 seconds.
Data saved at t = 11.3499 s
Elapsed time is 0.034420 seconds.
Data saved at t = 11.3599 s
Elapsed time is 0.031618 seconds.
Data saved at t = 11.3699 s
Elapsed time is 0.033879 seconds.
Data saved at t = 11.3799 s
Elapsed time is 0.031638 seconds.
Data saved at t = 11.3899 s
Elapsed time is 0.030460 seconds.
228000 / 300000 time steps completed. t = 11.399950 s
Elapsed time is 7.345990 seconds.
Data saved at t = 11.3999 s
Elapsed time is 0.030751 seconds.
Data saved at t = 11.4099 s
Elapsed time is 0.031621 seconds.
Data saved at t = 11.4199 s
Elapsed time is 0.030863 seconds.
Data saved at t = 11.4299 s
Elapsed time is 0.031040 seconds.
Data saved at t = 11.4399 s
Elapsed time is 0.034631 seconds.
Data saved at t = 11.4499 s
Elapsed time is 0.030715 seconds.
229200 / 300000 time steps completed. t = 11.459950 s
Elapsed time is 7.378924 seconds.
Data saved at t = 11.4599 s
Elapsed time is 0.035703 seconds.
Data saved at t = 11.4699 s
Elapsed time is 0.030459 seconds.
Data saved at t = 11.4799 s
Elapsed time is 0.031045 seconds.
Data saved at t = 11.4899 s
Elapsed time is 0.030913 seconds.
Data saved at t = 11.5 s
Elapsed time is 0.034412 seconds.
Data saved at t = 11.5099 s
Elapsed time is 0.031886 seconds.
230400 / 300000 time steps completed. t = 11.519950 s
Elapsed time is 7.272030 seconds.
Data saved at t = 11.5199 s
Elapsed time is 0.030348 seconds.
Data saved at t = 11.5299 s
Elapsed time is 0.035574 seconds.
Data saved at t = 11.5399 s
Elapsed time is 0.030627 seconds.
Data saved at t = 11.5499 s
Elapsed time is 0.034828 seconds.
Data saved at t = 11.5599 s
Elapsed time is 0.032669 seconds.
Data saved at t = 11.5699 s
Elapsed time is 0.030634 seconds.
231600 / 300000 time steps completed. t = 11.579950 s
Elapsed time is 7.232644 seconds.
Data saved at t = 11.5799 s
Elapsed time is 0.029902 seconds.
Data saved at t = 11.5899 s
Elapsed time is 0.035030 seconds.
Data saved at t = 11.5999 s
Elapsed time is 0.031597 seconds.
Data saved at t = 11.6099 s
Elapsed time is 0.030516 seconds.
Data saved at t = 11.6199 s
Elapsed time is 0.031188 seconds.
Data saved at t = 11.6299 s
Elapsed time is 0.030552 seconds.
232800 / 300000 time steps completed. t = 11.639950 s
Elapsed time is 7.319898 seconds.
Data saved at t = 11.6399 s
Elapsed time is 0.034946 seconds.
Data saved at t = 11.6499 s
Elapsed time is 0.030530 seconds.
Data saved at t = 11.6599 s
Elapsed time is 0.034152 seconds.
Data saved at t = 11.6699 s
Elapsed time is 0.029988 seconds.
Data saved at t = 11.6799 s
Elapsed time is 0.035471 seconds.
Data saved at t = 11.6899 s
Elapsed time is 0.030739 seconds.
234000 / 300000 time steps completed. t = 11.699950 s
Elapsed time is 7.288002 seconds.
Data saved at t = 11.6999 s
Elapsed time is 0.032329 seconds.
Data saved at t = 11.7099 s
Elapsed time is 0.034310 seconds.
Data saved at t = 11.7199 s
Elapsed time is 0.030312 seconds.
Data saved at t = 11.7299 s
Elapsed time is 0.033743 seconds.
Data saved at t = 11.7399 s
Elapsed time is 0.030849 seconds.
Data saved at t = 11.7499 s
Elapsed time is 0.034312 seconds.
235200 / 300000 time steps completed. t = 11.759950 s
Elapsed time is 7.222149 seconds.
Data saved at t = 11.7599 s
Elapsed time is 0.029256 seconds.
Data saved at t = 11.7699 s
Elapsed time is 0.033882 seconds.
Data saved at t = 11.7799 s
Elapsed time is 0.030017 seconds.
Data saved at t = 11.7899 s
Elapsed time is 0.034985 seconds.
Data saved at t = 11.7999 s
Elapsed time is 0.032155 seconds.
Data saved at t = 11.8099 s
Elapsed time is 0.030065 seconds.
236400 / 300000 time steps completed. t = 11.819950 s
Elapsed time is 7.244780 seconds.
Data saved at t = 11.8199 s
Elapsed time is 0.031048 seconds.
Data saved at t = 11.8299 s
Elapsed time is 0.031459 seconds.
Data saved at t = 11.8399 s
Elapsed time is 0.031615 seconds.
Data saved at t = 11.8499 s
Elapsed time is 0.030882 seconds.
Data saved at t = 11.8599 s
Elapsed time is 0.030140 seconds.
Data saved at t = 11.8699 s
Elapsed time is 0.030511 seconds.
237600 / 300000 time steps completed. t = 11.879950 s
Elapsed time is 7.282801 seconds.
Data saved at t = 11.8799 s
Elapsed time is 0.035857 seconds.
Data saved at t = 11.8899 s
Elapsed time is 0.032841 seconds.
Data saved at t = 11.8999 s
Elapsed time is 0.032238 seconds.
Data saved at t = 11.9099 s
Elapsed time is 0.034499 seconds.
Data saved at t = 11.9199 s
Elapsed time is 0.032011 seconds.
Data saved at t = 11.9299 s
Elapsed time is 0.030190 seconds.
238800 / 300000 time steps completed. t = 11.939950 s
Elapsed time is 7.362319 seconds.
Data saved at t = 11.9399 s
Elapsed time is 0.032520 seconds.
Data saved at t = 11.9499 s
Elapsed time is 0.035259 seconds.
Data saved at t = 11.9599 s
Elapsed time is 0.031341 seconds.
Data saved at t = 11.9699 s
Elapsed time is 0.034030 seconds.
Data saved at t = 11.9799 s
Elapsed time is 0.041854 seconds.
Data saved at t = 11.9899 s
Elapsed time is 0.034131 seconds.
240000 / 300000 time steps completed. t = 11.999950 s
Elapsed time is 7.394613 seconds.
Data saved at t = 11.9999 s
Elapsed time is 0.031980 seconds.
Data saved at t = 12.0099 s
Elapsed time is 0.031113 seconds.
Data saved at t = 12.0199 s
Elapsed time is 0.036210 seconds.
Data saved at t = 12.0299 s
Elapsed time is 0.031248 seconds.
Data saved at t = 12.0399 s
Elapsed time is 0.034349 seconds.
Data saved at t = 12.0499 s
Elapsed time is 0.031803 seconds.
241200 / 300000 time steps completed. t = 12.059950 s
Elapsed time is 7.345786 seconds.
Data saved at t = 12.0599 s
Elapsed time is 0.030092 seconds.
Data saved at t = 12.0699 s
Elapsed time is 0.030392 seconds.
Data saved at t = 12.0799 s
Elapsed time is 0.030417 seconds.
Data saved at t = 12.0899 s
Elapsed time is 0.034077 seconds.
Data saved at t = 12.0999 s
Elapsed time is 0.030115 seconds.
Data saved at t = 12.1099 s
Elapsed time is 0.033928 seconds.
242400 / 300000 time steps completed. t = 12.119950 s
Elapsed time is 7.442134 seconds.
Data saved at t = 12.1199 s
Elapsed time is 0.030296 seconds.
Data saved at t = 12.1299 s
Elapsed time is 0.031555 seconds.
Data saved at t = 12.1399 s
Elapsed time is 0.030444 seconds.
Data saved at t = 12.1499 s
Elapsed time is 0.031228 seconds.
Data saved at t = 12.1599 s
Elapsed time is 0.037633 seconds.
Data saved at t = 12.1699 s
Elapsed time is 0.031386 seconds.
243600 / 300000 time steps completed. t = 12.179950 s
Elapsed time is 7.456562 seconds.
Data saved at t = 12.1799 s
Elapsed time is 0.035743 seconds.
Data saved at t = 12.1899 s
Elapsed time is 0.030857 seconds.
Data saved at t = 12.1999 s
Elapsed time is 0.031662 seconds.
Data saved at t = 12.2099 s
Elapsed time is 0.030887 seconds.
Data saved at t = 12.2199 s
Elapsed time is 0.032255 seconds.
Data saved at t = 12.2299 s
Elapsed time is 0.030960 seconds.
244800 / 300000 time steps completed. t = 12.239950 s
Elapsed time is 7.432167 seconds.
Data saved at t = 12.2399 s
Elapsed time is 0.035700 seconds.
Data saved at t = 12.25 s
Elapsed time is 0.030060 seconds.
Data saved at t = 12.2599 s
Elapsed time is 0.031341 seconds.
Data saved at t = 12.2699 s
Elapsed time is 0.035183 seconds.
Data saved at t = 12.2799 s
Elapsed time is 0.030681 seconds.
Data saved at t = 12.2899 s
Elapsed time is 0.031352 seconds.
246000 / 300000 time steps completed. t = 12.299950 s
Elapsed time is 7.516568 seconds.
Data saved at t = 12.2999 s
Elapsed time is 0.031168 seconds.
Data saved at t = 12.3099 s
Elapsed time is 0.031280 seconds.
Data saved at t = 12.3199 s
Elapsed time is 0.030120 seconds.
Data saved at t = 12.3299 s
Elapsed time is 0.035279 seconds.
Data saved at t = 12.3399 s
Elapsed time is 0.040146 seconds.
Data saved at t = 12.3499 s
Elapsed time is 0.030072 seconds.
247200 / 300000 time steps completed. t = 12.359950 s
Elapsed time is 7.511309 seconds.
Data saved at t = 12.3599 s
Elapsed time is 0.029649 seconds.
Data saved at t = 12.3699 s
Elapsed time is 0.029802 seconds.
Data saved at t = 12.3799 s
Elapsed time is 0.030178 seconds.
Data saved at t = 12.3899 s
Elapsed time is 0.029608 seconds.
Data saved at t = 12.3999 s
Elapsed time is 0.035038 seconds.
Data saved at t = 12.4099 s
Elapsed time is 0.030103 seconds.
248400 / 300000 time steps completed. t = 12.419950 s
Elapsed time is 7.459408 seconds.
Data saved at t = 12.4199 s
Elapsed time is 0.030027 seconds.
Data saved at t = 12.4299 s
Elapsed time is 0.030671 seconds.
Data saved at t = 12.4399 s
Elapsed time is 0.030822 seconds.
Data saved at t = 12.4499 s
Elapsed time is 0.034961 seconds.
Data saved at t = 12.4599 s
Elapsed time is 0.029995 seconds.
Data saved at t = 12.4699 s
Elapsed time is 0.030263 seconds.
249600 / 300000 time steps completed. t = 12.479950 s
Elapsed time is 7.380447 seconds.
Data saved at t = 12.4799 s
Elapsed time is 0.031165 seconds.
Data saved at t = 12.4899 s
Elapsed time is 0.030115 seconds.
Data saved at t = 12.4999 s
Elapsed time is 0.031236 seconds.
Data saved at t = 12.5099 s
Elapsed time is 0.034386 seconds.
Data saved at t = 12.5199 s
Elapsed time is 0.029452 seconds.
Data saved at t = 12.5299 s
Elapsed time is 0.031579 seconds.
250800 / 300000 time steps completed. t = 12.539950 s
Elapsed time is 7.454510 seconds.
Data saved at t = 12.5399 s
Elapsed time is 0.030273 seconds.
Data saved at t = 12.5499 s
Elapsed time is 0.032436 seconds.
Data saved at t = 12.5599 s
Elapsed time is 0.032172 seconds.
Data saved at t = 12.5699 s
Elapsed time is 0.032236 seconds.
Data saved at t = 12.5799 s
Elapsed time is 0.035020 seconds.
Data saved at t = 12.5899 s
Elapsed time is 0.031560 seconds.
252000 / 300000 time steps completed. t = 12.599950 s
Elapsed time is 7.761416 seconds.
Data saved at t = 12.5999 s
Elapsed time is 0.035486 seconds.
Data saved at t = 12.6099 s
Elapsed time is 0.033631 seconds.
Data saved at t = 12.6199 s
Elapsed time is 0.037215 seconds.
Data saved at t = 12.6299 s
Elapsed time is 0.032700 seconds.
Data saved at t = 12.6399 s
Elapsed time is 0.035782 seconds.
Data saved at t = 12.6499 s
Elapsed time is 0.033248 seconds.
253200 / 300000 time steps completed. t = 12.659950 s
Elapsed time is 7.756213 seconds.
Data saved at t = 12.6599 s
Elapsed time is 0.032165 seconds.
Data saved at t = 12.6699 s
Elapsed time is 0.036731 seconds.
Data saved at t = 12.6799 s
Elapsed time is 0.032069 seconds.
Data saved at t = 12.6899 s
Elapsed time is 0.034531 seconds.
Data saved at t = 12.6999 s
Elapsed time is 0.031349 seconds.
Data saved at t = 12.7099 s
Elapsed time is 0.036080 seconds.
254400 / 300000 time steps completed. t = 12.719950 s
Elapsed time is 7.509780 seconds.
Data saved at t = 12.7199 s
Elapsed time is 0.031878 seconds.
Data saved at t = 12.7299 s
Elapsed time is 0.030447 seconds.
Data saved at t = 12.7399 s
Elapsed time is 0.031118 seconds.
Data saved at t = 12.7499 s
Elapsed time is 0.031990 seconds.
Data saved at t = 12.7599 s
Elapsed time is 0.031421 seconds.
Data saved at t = 12.7699 s
Elapsed time is 0.031105 seconds.
255600 / 300000 time steps completed. t = 12.779950 s
Elapsed time is 7.299352 seconds.
Data saved at t = 12.7799 s
Elapsed time is 0.033964 seconds.
Data saved at t = 12.7899 s
Elapsed time is 0.031404 seconds.
Data saved at t = 12.7999 s
Elapsed time is 0.030144 seconds.
Data saved at t = 12.8099 s
Elapsed time is 0.032044 seconds.
Data saved at t = 12.8199 s
Elapsed time is 0.033813 seconds.
Data saved at t = 12.8299 s
Elapsed time is 0.031885 seconds.
256800 / 300000 time steps completed. t = 12.839950 s
Elapsed time is 7.380870 seconds.
Data saved at t = 12.8399 s
Elapsed time is 0.030820 seconds.
Data saved at t = 12.8499 s
Elapsed time is 0.028516 seconds.
Data saved at t = 12.8599 s
Elapsed time is 0.027990 seconds.
Data saved at t = 12.8699 s
Elapsed time is 0.028563 seconds.
Data saved at t = 12.8799 s
Elapsed time is 0.028035 seconds.
Data saved at t = 12.8899 s
Elapsed time is 0.035239 seconds.
258000 / 300000 time steps completed. t = 12.899950 s
Elapsed time is 7.636224 seconds.
Data saved at t = 12.8999 s
Elapsed time is 0.031132 seconds.
Data saved at t = 12.9099 s
Elapsed time is 0.035168 seconds.
Data saved at t = 12.9199 s
Elapsed time is 0.032293 seconds.
Data saved at t = 12.9299 s
Elapsed time is 0.034770 seconds.
Data saved at t = 12.9399 s
Elapsed time is 0.031369 seconds.
Data saved at t = 12.9499 s
Elapsed time is 0.033156 seconds.
259200 / 300000 time steps completed. t = 12.959950 s
Elapsed time is 7.586208 seconds.
Data saved at t = 12.9599 s
Elapsed time is 0.035187 seconds.
Data saved at t = 12.9699 s
Elapsed time is 0.030617 seconds.
Data saved at t = 12.9799 s
Elapsed time is 0.030977 seconds.
Data saved at t = 12.9899 s
Elapsed time is 0.031921 seconds.
Data saved at t = 12.9999 s
Elapsed time is 0.031346 seconds.
Data saved at t = 13.0099 s
Elapsed time is 0.036021 seconds.
260400 / 300000 time steps completed. t = 13.019950 s
Elapsed time is 7.769833 seconds.
Data saved at t = 13.0199 s
Elapsed time is 0.030825 seconds.
Data saved at t = 13.0299 s
Elapsed time is 0.035749 seconds.
Data saved at t = 13.0399 s
Elapsed time is 0.033654 seconds.
Data saved at t = 13.0499 s
Elapsed time is 0.034244 seconds.
Data saved at t = 13.0599 s
Elapsed time is 0.031987 seconds.
Data saved at t = 13.0699 s
Elapsed time is 0.031663 seconds.
261600 / 300000 time steps completed. t = 13.079950 s
Elapsed time is 8.000201 seconds.
Data saved at t = 13.0799 s
Elapsed time is 0.035893 seconds.
Data saved at t = 13.0899 s
Elapsed time is 0.031993 seconds.
Data saved at t = 13.0999 s
Elapsed time is 0.035127 seconds.
Data saved at t = 13.1099 s
Elapsed time is 0.031272 seconds.
Data saved at t = 13.1199 s
Elapsed time is 0.032858 seconds.
Data saved at t = 13.1299 s
Elapsed time is 0.036786 seconds.
262800 / 300000 time steps completed. t = 13.139950 s
Elapsed time is 7.733864 seconds.
Data saved at t = 13.1399 s
Elapsed time is 0.031092 seconds.
Data saved at t = 13.1499 s
Elapsed time is 0.030990 seconds.
Data saved at t = 13.1599 s
Elapsed time is 0.031439 seconds.
Data saved at t = 13.1699 s
Elapsed time is 0.030410 seconds.
Data saved at t = 13.1799 s
Elapsed time is 0.032022 seconds.
Data saved at t = 13.1899 s
Elapsed time is 0.031004 seconds.
264000 / 300000 time steps completed. t = 13.199950 s
Elapsed time is 7.805099 seconds.
Data saved at t = 13.1999 s
Elapsed time is 0.034819 seconds.
Data saved at t = 13.2099 s
Elapsed time is 0.031642 seconds.
Data saved at t = 13.2199 s
Elapsed time is 0.030798 seconds.
Data saved at t = 13.2299 s
Elapsed time is 0.030406 seconds.
Data saved at t = 13.2399 s
Elapsed time is 0.030250 seconds.
Data saved at t = 13.2499 s
Elapsed time is 0.036162 seconds.
265200 / 300000 time steps completed. t = 13.259950 s
Elapsed time is 7.572571 seconds.
Data saved at t = 13.2599 s
Elapsed time is 0.031575 seconds.
Data saved at t = 13.2699 s
Elapsed time is 0.031180 seconds.
Data saved at t = 13.2799 s
Elapsed time is 0.030400 seconds.
Data saved at t = 13.2899 s
Elapsed time is 0.170351 seconds.
Data saved at t = 13.2999 s
Elapsed time is 0.035647 seconds.
Data saved at t = 13.3099 s
Elapsed time is 0.033105 seconds.
266400 / 300000 time steps completed. t = 13.319950 s
Elapsed time is 7.794814 seconds.
Data saved at t = 13.3199 s
Elapsed time is 0.030701 seconds.
Data saved at t = 13.3299 s
Elapsed time is 0.030543 seconds.
Data saved at t = 13.3399 s
Elapsed time is 0.036484 seconds.
Data saved at t = 13.3499 s
Elapsed time is 0.031610 seconds.
Data saved at t = 13.3599 s
Elapsed time is 0.032071 seconds.
Data saved at t = 13.3699 s
Elapsed time is 0.035041 seconds.
267600 / 300000 time steps completed. t = 13.379950 s
Elapsed time is 7.686741 seconds.
Data saved at t = 13.3799 s
Elapsed time is 0.030963 seconds.
Data saved at t = 13.3899 s
Elapsed time is 0.032584 seconds.
Data saved at t = 13.3999 s
Elapsed time is 0.030612 seconds.
Data saved at t = 13.4099 s
Elapsed time is 0.032150 seconds.
Data saved at t = 13.4199 s
Elapsed time is 0.030623 seconds.
Data saved at t = 13.4299 s
Elapsed time is 0.034357 seconds.
268800 / 300000 time steps completed. t = 13.439950 s
Elapsed time is 7.824840 seconds.
Data saved at t = 13.4399 s
Elapsed time is 0.034047 seconds.
Data saved at t = 13.4499 s
Elapsed time is 0.030359 seconds.
Data saved at t = 13.4599 s
Elapsed time is 0.034023 seconds.
Data saved at t = 13.4699 s
Elapsed time is 0.030120 seconds.
Data saved at t = 13.4799 s
Elapsed time is 0.030619 seconds.
Data saved at t = 13.4899 s
Elapsed time is 0.034810 seconds.
270000 / 300000 time steps completed. t = 13.499950 s
Elapsed time is 7.579852 seconds.
Data saved at t = 13.4999 s
Elapsed time is 0.029917 seconds.
Data saved at t = 13.5099 s
Elapsed time is 0.034998 seconds.
Data saved at t = 13.5199 s
Elapsed time is 0.030774 seconds.
Data saved at t = 13.5299 s
Elapsed time is 0.031015 seconds.
Data saved at t = 13.5399 s
Elapsed time is 0.033942 seconds.
Data saved at t = 13.5499 s
Elapsed time is 0.030455 seconds.
271200 / 300000 time steps completed. t = 13.559950 s
Elapsed time is 7.824055 seconds.
Data saved at t = 13.5599 s
Elapsed time is 0.030215 seconds.
Data saved at t = 13.5699 s
Elapsed time is 0.031231 seconds.
Data saved at t = 13.5799 s
Elapsed time is 0.032172 seconds.
Data saved at t = 13.5899 s
Elapsed time is 0.038301 seconds.
Data saved at t = 13.5999 s
Elapsed time is 0.030602 seconds.
Data saved at t = 13.6099 s
Elapsed time is 0.034146 seconds.
272400 / 300000 time steps completed. t = 13.619950 s
Elapsed time is 7.814984 seconds.
Data saved at t = 13.6199 s
Elapsed time is 0.030383 seconds.
Data saved at t = 13.6299 s
Elapsed time is 0.040235 seconds.
Data saved at t = 13.6399 s
Elapsed time is 0.032872 seconds.
Data saved at t = 13.6499 s
Elapsed time is 0.030783 seconds.
Data saved at t = 13.6599 s
Elapsed time is 0.031598 seconds.
Data saved at t = 13.6699 s
Elapsed time is 0.030849 seconds.
273600 / 300000 time steps completed. t = 13.679950 s
Elapsed time is 7.727068 seconds.
Data saved at t = 13.6799 s
Elapsed time is 0.034921 seconds.
Data saved at t = 13.6899 s
Elapsed time is 0.050655 seconds.
Data saved at t = 13.6999 s
Elapsed time is 0.033761 seconds.
Data saved at t = 13.7099 s
Elapsed time is 0.031053 seconds.
Data saved at t = 13.7199 s
Elapsed time is 0.034223 seconds.
Data saved at t = 13.7299 s
Elapsed time is 0.031339 seconds.
274800 / 300000 time steps completed. t = 13.739950 s
Elapsed time is 7.767652 seconds.
Data saved at t = 13.7399 s
Elapsed time is 0.030920 seconds.
Data saved at t = 13.7499 s
Elapsed time is 0.030201 seconds.
Data saved at t = 13.7599 s
Elapsed time is 0.030221 seconds.
Data saved at t = 13.7699 s
Elapsed time is 0.029895 seconds.
Data saved at t = 13.7799 s
Elapsed time is 0.031157 seconds.
Data saved at t = 13.7899 s
Elapsed time is 0.034593 seconds.
276000 / 300000 time steps completed. t = 13.799950 s
Elapsed time is 7.659784 seconds.
Data saved at t = 13.7999 s
Elapsed time is 0.030434 seconds.
Data saved at t = 13.8099 s
Elapsed time is 0.032772 seconds.
Data saved at t = 13.8199 s
Elapsed time is 0.035007 seconds.
Data saved at t = 13.8299 s
Elapsed time is 0.031476 seconds.
Data saved at t = 13.8399 s
Elapsed time is 0.031440 seconds.
Data saved at t = 13.8499 s
Elapsed time is 0.030799 seconds.
277200 / 300000 time steps completed. t = 13.859950 s
Elapsed time is 7.801739 seconds.
Data saved at t = 13.8599 s
Elapsed time is 0.034053 seconds.
Data saved at t = 13.8699 s
Elapsed time is 0.031354 seconds.
Data saved at t = 13.8799 s
Elapsed time is 0.031039 seconds.
Data saved at t = 13.8899 s
Elapsed time is 0.031091 seconds.
Data saved at t = 13.8999 s
Elapsed time is 0.032077 seconds.
Data saved at t = 13.9099 s
Elapsed time is 0.060057 seconds.
278400 / 300000 time steps completed. t = 13.919950 s
Elapsed time is 7.964068 seconds.
Data saved at t = 13.9199 s
Elapsed time is 0.030499 seconds.
Data saved at t = 13.9299 s
Elapsed time is 0.031428 seconds.
Data saved at t = 13.9399 s
Elapsed time is 0.033067 seconds.
Data saved at t = 13.9499 s
Elapsed time is 0.034575 seconds.
Data saved at t = 13.9599 s
Elapsed time is 0.030903 seconds.
Data saved at t = 13.9699 s
Elapsed time is 0.033026 seconds.
279600 / 300000 time steps completed. t = 13.979950 s
Elapsed time is 7.914637 seconds.
Data saved at t = 13.9799 s
Elapsed time is 0.031076 seconds.
Data saved at t = 13.9899 s
Elapsed time is 0.031804 seconds.
Data saved at t = 13.9999 s
Elapsed time is 0.034524 seconds.
Data saved at t = 14.0099 s
Elapsed time is 0.031903 seconds.
Data saved at t = 14.0199 s
Elapsed time is 0.034716 seconds.
Data saved at t = 14.0299 s
Elapsed time is 0.030882 seconds.
280800 / 300000 time steps completed. t = 14.039950 s
Elapsed time is 7.981075 seconds.
Data saved at t = 14.0399 s
Elapsed time is 0.033967 seconds.
Data saved at t = 14.0499 s
Elapsed time is 0.029822 seconds.
Data saved at t = 14.0599 s
Elapsed time is 0.029970 seconds.
Data saved at t = 14.0699 s
Elapsed time is 0.030953 seconds.
Data saved at t = 14.0799 s
Elapsed time is 0.033058 seconds.
Data saved at t = 14.0899 s
Elapsed time is 0.034601 seconds.
282000 / 300000 time steps completed. t = 14.099950 s
Elapsed time is 7.817591 seconds.
Data saved at t = 14.0999 s
Elapsed time is 0.030088 seconds.
Data saved at t = 14.1099 s
Elapsed time is 0.034247 seconds.
Data saved at t = 14.1199 s
Elapsed time is 0.031703 seconds.
Data saved at t = 14.1299 s
Elapsed time is 0.031011 seconds.
Data saved at t = 14.1399 s
Elapsed time is 0.031110 seconds.
Data saved at t = 14.1499 s
Elapsed time is 0.034712 seconds.
283200 / 300000 time steps completed. t = 14.159950 s
Elapsed time is 7.982250 seconds.
Data saved at t = 14.1599 s
Elapsed time is 0.030246 seconds.
Data saved at t = 14.1699 s
Elapsed time is 0.031066 seconds.
Data saved at t = 14.1799 s
Elapsed time is 0.031646 seconds.
Data saved at t = 14.1899 s
Elapsed time is 0.031192 seconds.
Data saved at t = 14.1999 s
Elapsed time is 0.034672 seconds.
Data saved at t = 14.2099 s
Elapsed time is 0.031771 seconds.
284400 / 300000 time steps completed. t = 14.219950 s
Elapsed time is 7.937456 seconds.
Data saved at t = 14.2199 s
Elapsed time is 0.034461 seconds.
Data saved at t = 14.2299 s
Elapsed time is 0.032692 seconds.
Data saved at t = 14.2399 s
Elapsed time is 0.035477 seconds.
Data saved at t = 14.2499 s
Elapsed time is 0.030429 seconds.
Data saved at t = 14.2599 s
Elapsed time is 0.031858 seconds.
Data saved at t = 14.2699 s
Elapsed time is 0.031003 seconds.
285600 / 300000 time steps completed. t = 14.279950 s
Elapsed time is 7.940971 seconds.
Data saved at t = 14.2799 s
Elapsed time is 0.030558 seconds.
Data saved at t = 14.2899 s
Elapsed time is 0.034246 seconds.
Data saved at t = 14.2999 s
Elapsed time is 0.031151 seconds.
Data saved at t = 14.3099 s
Elapsed time is 0.031055 seconds.
Data saved at t = 14.3199 s
Elapsed time is 0.032695 seconds.
Data saved at t = 14.3299 s
Elapsed time is 0.034366 seconds.
286800 / 300000 time steps completed. t = 14.339950 s
Elapsed time is 8.036097 seconds.
Data saved at t = 14.3399 s
Elapsed time is 0.031548 seconds.
Data saved at t = 14.3499 s
Elapsed time is 0.036106 seconds.
Data saved at t = 14.3599 s
Elapsed time is 0.031511 seconds.
Data saved at t = 14.3699 s
Elapsed time is 0.071057 seconds.
Data saved at t = 14.3799 s
Elapsed time is 0.030944 seconds.
Data saved at t = 14.3899 s
Elapsed time is 0.030155 seconds.
288000 / 300000 time steps completed. t = 14.399950 s
Elapsed time is 7.765310 seconds.
Data saved at t = 14.3999 s
Elapsed time is 0.034203 seconds.
Data saved at t = 14.4099 s
Elapsed time is 0.030952 seconds.
Data saved at t = 14.4199 s
Elapsed time is 0.033385 seconds.
Data saved at t = 14.4299 s
Elapsed time is 0.034706 seconds.
Data saved at t = 14.4399 s
Elapsed time is 0.034872 seconds.
Data saved at t = 14.4499 s
Elapsed time is 0.028914 seconds.
289200 / 300000 time steps completed. t = 14.459950 s
Elapsed time is 6.947429 seconds.
Data saved at t = 14.4599 s
Elapsed time is 0.032065 seconds.
Data saved at t = 14.4699 s
Elapsed time is 0.027975 seconds.
Data saved at t = 14.4799 s
Elapsed time is 0.028350 seconds.
Data saved at t = 14.4899 s
Elapsed time is 0.030488 seconds.
Data saved at t = 14.4999 s
Elapsed time is 0.033703 seconds.
Data saved at t = 14.5099 s
Elapsed time is 0.038603 seconds.
290400 / 300000 time steps completed. t = 14.519950 s
Elapsed time is 7.906027 seconds.
Data saved at t = 14.5199 s
Elapsed time is 0.032275 seconds.
Data saved at t = 14.5299 s
Elapsed time is 0.034245 seconds.
Data saved at t = 14.5399 s
Elapsed time is 0.031812 seconds.
Data saved at t = 14.5499 s
Elapsed time is 0.034899 seconds.
Data saved at t = 14.5599 s
Elapsed time is 0.030321 seconds.
Data saved at t = 14.5699 s
Elapsed time is 0.034408 seconds.
291600 / 300000 time steps completed. t = 14.579950 s
Elapsed time is 7.967505 seconds.
Data saved at t = 14.5799 s
Elapsed time is 0.030164 seconds.
Data saved at t = 14.5899 s
Elapsed time is 0.032066 seconds.
Data saved at t = 14.5999 s
Elapsed time is 0.031240 seconds.
Data saved at t = 14.6099 s
Elapsed time is 0.031129 seconds.
Data saved at t = 14.6199 s
Elapsed time is 0.031576 seconds.
Data saved at t = 14.6299 s
Elapsed time is 0.031352 seconds.
292800 / 300000 time steps completed. t = 14.639950 s
Elapsed time is 7.909558 seconds.
Data saved at t = 14.6399 s
Elapsed time is 0.033861 seconds.
Data saved at t = 14.6499 s
Elapsed time is 0.033097 seconds.
Data saved at t = 14.6599 s
Elapsed time is 0.031604 seconds.
Data saved at t = 14.6699 s
Elapsed time is 0.032183 seconds.
Data saved at t = 14.6799 s
Elapsed time is 0.032470 seconds.
Data saved at t = 14.6899 s
Elapsed time is 0.031003 seconds.
294000 / 300000 time steps completed. t = 14.699950 s
Elapsed time is 7.973353 seconds.
Data saved at t = 14.6999 s
Elapsed time is 0.031123 seconds.
Data saved at t = 14.7099 s
Elapsed time is 0.034730 seconds.
Data saved at t = 14.7199 s
Elapsed time is 0.031088 seconds.
Data saved at t = 14.7299 s
Elapsed time is 0.030308 seconds.
Data saved at t = 14.7399 s
Elapsed time is 0.030688 seconds.
Data saved at t = 14.7499 s
Elapsed time is 0.034546 seconds.
295200 / 300000 time steps completed. t = 14.759950 s
Elapsed time is 7.787953 seconds.
Data saved at t = 14.7599 s
Elapsed time is 0.030328 seconds.
Data saved at t = 14.7699 s
Elapsed time is 0.029881 seconds.
Data saved at t = 14.7799 s
Elapsed time is 0.033940 seconds.
Data saved at t = 14.7899 s
Elapsed time is 0.033170 seconds.
Data saved at t = 14.7999 s
Elapsed time is 0.034108 seconds.
Data saved at t = 14.8099 s
Elapsed time is 0.031355 seconds.
296400 / 300000 time steps completed. t = 14.819950 s
Elapsed time is 7.813566 seconds.
Data saved at t = 14.8199 s
Elapsed time is 0.030367 seconds.
Data saved at t = 14.8299 s
Elapsed time is 0.030475 seconds.
Data saved at t = 14.8399 s
Elapsed time is 0.034368 seconds.
Data saved at t = 14.8499 s
Elapsed time is 0.031163 seconds.
Data saved at t = 14.8599 s
Elapsed time is 0.031182 seconds.
Data saved at t = 14.8699 s
Elapsed time is 0.035475 seconds.
297600 / 300000 time steps completed. t = 14.879950 s
Elapsed time is 7.979755 seconds.
Data saved at t = 14.8799 s
Elapsed time is 0.031899 seconds.
Data saved at t = 14.8899 s
Elapsed time is 0.034804 seconds.
Data saved at t = 14.8999 s
Elapsed time is 0.031873 seconds.
Data saved at t = 14.9099 s
Elapsed time is 0.034246 seconds.
Data saved at t = 14.9199 s
Elapsed time is 0.030348 seconds.
Data saved at t = 14.9299 s
Elapsed time is 0.033632 seconds.
298800 / 300000 time steps completed. t = 14.939950 s
Elapsed time is 7.847013 seconds.
Data saved at t = 14.9399 s
Elapsed time is 0.031397 seconds.
Data saved at t = 14.9499 s
Elapsed time is 0.033247 seconds.
Data saved at t = 14.9599 s
Elapsed time is 0.035156 seconds.
Data saved at t = 14.9699 s
Elapsed time is 0.031153 seconds.
Data saved at t = 14.9799 s
Elapsed time is 0.035106 seconds.
Data saved at t = 14.9899 s
Elapsed time is 0.031668 seconds.
300000 / 300000 time steps completed. t = 14.999950 s
Elapsed time is 8.079021 seconds.
Data saved at t = 14.9999 s
Elapsed time is 0.034499 seconds.
[2026-07-07T16:46:43.680] error: *** JOB 36519065 ON c0704a-s27 CANCELLED AT 2026-07-07T16:46:43 DUE to SIGNAL Terminated ***
