Tue Jul  7 10:05:17 AM EDT 2026
c0704a-s28.ufhpc
Warning: X does not support locale en_US.UTF-8

fcut_dim =

    20


t_end_dim =

    15


Ldim =

     2


N =

        8000


MNOISE =

        1000


F0_noise =

    0.0250


Re_input =

    60


theta_deg =

    6.4000


rho =

        1072


mu =

    0.0067


Ca_input =

    0.1000


t_save =

    0.0100

hN = 1.8651e-03 m
uN = 2.0196e-01 m/s
TN = 9.2347e-03 s
mu = 0.0067, rho = 1072.0000, gamma = 0.0136, theta = 0.1117
F2 = 2.2294, We = 6.0000, Re = 60.0000, Ca = 0.1000
fcut_noise nondim = 1.8469e-01
dx = 1.3404e-01, dt = 5.4144e-03, nsteps = 300000
Fontconfig warning: "/usr/share/fontconfig/conf.avail/05-reset-dirs-sample.conf", line 6: unknown element "reset-dirs"
Fontconfig warning: "/usr/share/fontconfig/conf.avail/05-reset-dirs-sample.conf", line 6: unknown element "reset-dirs"
Initializing white noise phases...
1 / 300000 time steps completed. t = 0.000000 s
Elapsed time is 0.890279 seconds.
Data saved at t = 0.00995 s
Elapsed time is 1.126131 seconds.
Data saved at t = 0.01995 s
Elapsed time is 0.061681 seconds.
Data saved at t = 0.02995 s
Elapsed time is 0.068463 seconds.
Data saved at t = 0.03995 s
Elapsed time is 0.049596 seconds.
Data saved at t = 0.04995 s
Elapsed time is 0.089331 seconds.
1200 / 300000 time steps completed. t = 0.059950 s
Elapsed time is 6.103651 seconds.
Data saved at t = 0.05995 s
Elapsed time is 0.195250 seconds.
Data saved at t = 0.06995 s
Elapsed time is 0.047403 seconds.
Data saved at t = 0.07995 s
Elapsed time is 0.039292 seconds.
Data saved at t = 0.08995 s
Elapsed time is 0.169979 seconds.
Data saved at t = 0.09995 s
Elapsed time is 0.050570 seconds.
Data saved at t = 0.10995 s
Elapsed time is 0.034061 seconds.
2400 / 300000 time steps completed. t = 0.119950 s
Elapsed time is 5.905231 seconds.
Data saved at t = 0.11995 s
Elapsed time is 0.042358 seconds.
Data saved at t = 0.12995 s
Elapsed time is 0.049594 seconds.
Data saved at t = 0.13995 s
Elapsed time is 0.034994 seconds.
Data saved at t = 0.14995 s
Elapsed time is 0.039980 seconds.
Data saved at t = 0.15995 s
Elapsed time is 0.034975 seconds.
Data saved at t = 0.16995 s
Elapsed time is 0.046600 seconds.
3600 / 300000 time steps completed. t = 0.179950 s
Elapsed time is 6.087167 seconds.
Data saved at t = 0.17995 s
Elapsed time is 0.036460 seconds.
Data saved at t = 0.18995 s
Elapsed time is 0.043520 seconds.
Data saved at t = 0.19995 s
Elapsed time is 0.041516 seconds.
Data saved at t = 0.20995 s
Elapsed time is 0.082288 seconds.
Data saved at t = 0.21995 s
Elapsed time is 0.051907 seconds.
Data saved at t = 0.22995 s
Elapsed time is 0.039431 seconds.
4800 / 300000 time steps completed. t = 0.239950 s
Elapsed time is 6.080071 seconds.
Data saved at t = 0.23995 s
Elapsed time is 0.037986 seconds.
Data saved at t = 0.24995 s
Elapsed time is 0.038611 seconds.
Data saved at t = 0.25995 s
Elapsed time is 0.050509 seconds.
Data saved at t = 0.26995 s
Elapsed time is 0.037739 seconds.
Data saved at t = 0.27995 s
Elapsed time is 0.041269 seconds.
Data saved at t = 0.28995 s
Elapsed time is 0.043603 seconds.
6000 / 300000 time steps completed. t = 0.299950 s
Elapsed time is 6.218803 seconds.
Data saved at t = 0.29995 s
Elapsed time is 0.056695 seconds.
Data saved at t = 0.30995 s
Elapsed time is 0.043244 seconds.
Data saved at t = 0.31995 s
Elapsed time is 0.114324 seconds.
Data saved at t = 0.32995 s
Elapsed time is 0.038569 seconds.
Data saved at t = 0.33995 s
Elapsed time is 0.035714 seconds.
Data saved at t = 0.34995 s
Elapsed time is 0.046784 seconds.
7200 / 300000 time steps completed. t = 0.359950 s
Elapsed time is 6.264430 seconds.
Data saved at t = 0.35995 s
Elapsed time is 0.047073 seconds.
Data saved at t = 0.36995 s
Elapsed time is 0.043035 seconds.
Data saved at t = 0.37995 s
Elapsed time is 0.038082 seconds.
Data saved at t = 0.38995 s
Elapsed time is 0.042319 seconds.
Data saved at t = 0.39995 s
Elapsed time is 0.048777 seconds.
Data saved at t = 0.40995 s
Elapsed time is 0.040205 seconds.
8400 / 300000 time steps completed. t = 0.419950 s
Elapsed time is 6.298508 seconds.
Data saved at t = 0.41995 s
Elapsed time is 0.049114 seconds.
Data saved at t = 0.42995 s
Elapsed time is 0.048201 seconds.
Data saved at t = 0.43995 s
Elapsed time is 0.040483 seconds.
Data saved at t = 0.44995 s
Elapsed time is 0.047697 seconds.
Data saved at t = 0.45995 s
Elapsed time is 0.036614 seconds.
Data saved at t = 0.46995 s
Elapsed time is 0.052678 seconds.
9600 / 300000 time steps completed. t = 0.479950 s
Elapsed time is 6.346274 seconds.
Data saved at t = 0.47995 s
Elapsed time is 0.038739 seconds.
Data saved at t = 0.48995 s
Elapsed time is 0.055296 seconds.
Data saved at t = 0.49995 s
Elapsed time is 0.036600 seconds.
Data saved at t = 0.50995 s
Elapsed time is 0.034131 seconds.
Data saved at t = 0.51995 s
Elapsed time is 0.039135 seconds.
Data saved at t = 0.52995 s
Elapsed time is 0.038163 seconds.
10800 / 300000 time steps completed. t = 0.539950 s
Elapsed time is 6.261761 seconds.
Data saved at t = 0.53995 s
Elapsed time is 0.037560 seconds.
Data saved at t = 0.54995 s
Elapsed time is 0.048664 seconds.
Data saved at t = 0.55995 s
Elapsed time is 0.032537 seconds.
Data saved at t = 0.56995 s
Elapsed time is 0.038521 seconds.
Data saved at t = 0.57995 s
Elapsed time is 0.034050 seconds.
Data saved at t = 0.58995 s
Elapsed time is 0.038912 seconds.
12000 / 300000 time steps completed. t = 0.599950 s
Elapsed time is 6.370085 seconds.
Data saved at t = 0.59995 s
Elapsed time is 0.078971 seconds.
Data saved at t = 0.60995 s
Elapsed time is 0.134318 seconds.
Data saved at t = 0.61995 s
Elapsed time is 0.077285 seconds.
Data saved at t = 0.62995 s
Elapsed time is 0.147971 seconds.
Data saved at t = 0.63995 s
Elapsed time is 0.040382 seconds.
Data saved at t = 0.64995 s
Elapsed time is 0.044695 seconds.
13200 / 300000 time steps completed. t = 0.659950 s
Elapsed time is 6.490461 seconds.
Data saved at t = 0.65995 s
Elapsed time is 0.049036 seconds.
Data saved at t = 0.66995 s
Elapsed time is 0.038218 seconds.
Data saved at t = 0.67995 s
Elapsed time is 0.054183 seconds.
Data saved at t = 0.68995 s
Elapsed time is 0.046839 seconds.
Data saved at t = 0.69995 s
Elapsed time is 0.040898 seconds.
Data saved at t = 0.70995 s
Elapsed time is 0.042009 seconds.
14400 / 300000 time steps completed. t = 0.719950 s
Elapsed time is 6.520397 seconds.
Data saved at t = 0.71995 s
Elapsed time is 0.045544 seconds.
Data saved at t = 0.72995 s
Elapsed time is 0.040472 seconds.
Data saved at t = 0.73995 s
Elapsed time is 0.034905 seconds.
Data saved at t = 0.74995 s
Elapsed time is 0.041258 seconds.
Data saved at t = 0.75995 s
Elapsed time is 0.035459 seconds.
Data saved at t = 0.76995 s
Elapsed time is 0.038112 seconds.
15600 / 300000 time steps completed. t = 0.779950 s
Elapsed time is 6.564207 seconds.
Data saved at t = 0.77995 s
Elapsed time is 0.196777 seconds.
Data saved at t = 0.78995 s
Elapsed time is 0.046322 seconds.
Data saved at t = 0.79995 s
Elapsed time is 0.043536 seconds.
Data saved at t = 0.80995 s
Elapsed time is 0.047705 seconds.
Data saved at t = 0.81995 s
Elapsed time is 0.043870 seconds.
Data saved at t = 0.82995 s
Elapsed time is 0.047820 seconds.
16800 / 300000 time steps completed. t = 0.839950 s
Elapsed time is 6.591922 seconds.
Data saved at t = 0.83995 s
Elapsed time is 0.034107 seconds.
Data saved at t = 0.84995 s
Elapsed time is 0.043342 seconds.
Data saved at t = 0.85995 s
Elapsed time is 0.040211 seconds.
Data saved at t = 0.86995 s
Elapsed time is 0.043033 seconds.
Data saved at t = 0.87995 s
Elapsed time is 0.038766 seconds.
Data saved at t = 0.88995 s
Elapsed time is 0.035685 seconds.
18000 / 300000 time steps completed. t = 0.899950 s
Elapsed time is 6.646191 seconds.
Data saved at t = 0.89995 s
Elapsed time is 0.036203 seconds.
Data saved at t = 0.90995 s
Elapsed time is 0.039717 seconds.
Data saved at t = 0.91995 s
Elapsed time is 0.039510 seconds.
Data saved at t = 0.92995 s
Elapsed time is 0.040011 seconds.
Data saved at t = 0.93995 s
Elapsed time is 0.037568 seconds.
Data saved at t = 0.94995 s
Elapsed time is 0.060882 seconds.
19200 / 300000 time steps completed. t = 0.959950 s
Elapsed time is 6.715401 seconds.
Data saved at t = 0.95995 s
Elapsed time is 0.035742 seconds.
Data saved at t = 0.96995 s
Elapsed time is 0.040506 seconds.
Data saved at t = 0.97995 s
Elapsed time is 0.036619 seconds.
Data saved at t = 0.98995 s
Elapsed time is 0.042992 seconds.
Data saved at t = 0.99995 s
Elapsed time is 0.047195 seconds.
Data saved at t = 1.0099 s
Elapsed time is 0.042436 seconds.
20400 / 300000 time steps completed. t = 1.019950 s
Elapsed time is 6.738063 seconds.
Data saved at t = 1.0199 s
Elapsed time is 0.056531 seconds.
Data saved at t = 1.0299 s
Elapsed time is 0.036321 seconds.
Data saved at t = 1.0399 s
Elapsed time is 0.041604 seconds.
Data saved at t = 1.0499 s
Elapsed time is 0.037180 seconds.
Data saved at t = 1.0599 s
Elapsed time is 0.038787 seconds.
Data saved at t = 1.0699 s
Elapsed time is 0.054359 seconds.
21600 / 300000 time steps completed. t = 1.079950 s
Elapsed time is 6.818423 seconds.
Data saved at t = 1.0799 s
Elapsed time is 0.040220 seconds.
Data saved at t = 1.0899 s
Elapsed time is 0.051794 seconds.
Data saved at t = 1.0999 s
Elapsed time is 0.054636 seconds.
Data saved at t = 1.1099 s
Elapsed time is 0.046696 seconds.
Data saved at t = 1.12 s
Elapsed time is 0.035344 seconds.
Data saved at t = 1.13 s
Elapsed time is 0.040111 seconds.
22800 / 300000 time steps completed. t = 1.139950 s
Elapsed time is 6.742719 seconds.
Data saved at t = 1.14 s
Elapsed time is 0.036872 seconds.
Data saved at t = 1.15 s
Elapsed time is 0.054007 seconds.
Data saved at t = 1.16 s
Elapsed time is 0.041847 seconds.
Data saved at t = 1.17 s
Elapsed time is 0.054360 seconds.
Data saved at t = 1.18 s
Elapsed time is 0.043355 seconds.
Data saved at t = 1.1899 s
Elapsed time is 0.045910 seconds.
24000 / 300000 time steps completed. t = 1.199950 s
Elapsed time is 6.894774 seconds.
Data saved at t = 1.1999 s
Elapsed time is 0.051374 seconds.
Data saved at t = 1.2099 s
Elapsed time is 0.038656 seconds.
Data saved at t = 1.2199 s
Elapsed time is 0.056502 seconds.
Data saved at t = 1.2299 s
Elapsed time is 0.051632 seconds.
Data saved at t = 1.2399 s
Elapsed time is 0.039517 seconds.
Data saved at t = 1.2499 s
Elapsed time is 0.041622 seconds.
25200 / 300000 time steps completed. t = 1.259950 s
Elapsed time is 6.907136 seconds.
Data saved at t = 1.2599 s
Elapsed time is 0.045982 seconds.
Data saved at t = 1.2699 s
Elapsed time is 0.044541 seconds.
Data saved at t = 1.2799 s
Elapsed time is 0.041629 seconds.
Data saved at t = 1.2899 s
Elapsed time is 0.034372 seconds.
Data saved at t = 1.2999 s
Elapsed time is 0.043078 seconds.
Data saved at t = 1.3099 s
Elapsed time is 0.039354 seconds.
26400 / 300000 time steps completed. t = 1.319950 s
Elapsed time is 6.993934 seconds.
Data saved at t = 1.3199 s
Elapsed time is 0.048803 seconds.
Data saved at t = 1.3299 s
Elapsed time is 0.042511 seconds.
Data saved at t = 1.3399 s
Elapsed time is 0.049913 seconds.
Data saved at t = 1.3499 s
Elapsed time is 0.039473 seconds.
Data saved at t = 1.36 s
Elapsed time is 0.044682 seconds.
Data saved at t = 1.37 s
Elapsed time is 0.040406 seconds.
27600 / 300000 time steps completed. t = 1.379950 s
Elapsed time is 6.770497 seconds.
Data saved at t = 1.3799 s
Elapsed time is 0.033733 seconds.
Data saved at t = 1.3899 s
Elapsed time is 0.036687 seconds.
Data saved at t = 1.3999 s
Elapsed time is 0.035570 seconds.
Data saved at t = 1.4099 s
Elapsed time is 0.043238 seconds.
Data saved at t = 1.4199 s
Elapsed time is 0.035674 seconds.
Data saved at t = 1.4299 s
Elapsed time is 0.042840 seconds.
28800 / 300000 time steps completed. t = 1.439950 s
Elapsed time is 6.813822 seconds.
Data saved at t = 1.4399 s
Elapsed time is 0.033794 seconds.
Data saved at t = 1.4499 s
Elapsed time is 0.040776 seconds.
Data saved at t = 1.4599 s
Elapsed time is 0.033448 seconds.
Data saved at t = 1.4699 s
Elapsed time is 0.053488 seconds.
Data saved at t = 1.48 s
Elapsed time is 0.038752 seconds.
Data saved at t = 1.49 s
Elapsed time is 0.049360 seconds.
30000 / 300000 time steps completed. t = 1.499950 s
Elapsed time is 7.081424 seconds.
Data saved at t = 1.5 s
Elapsed time is 0.042790 seconds.
Data saved at t = 1.51 s
Elapsed time is 0.046565 seconds.
Data saved at t = 1.52 s
Elapsed time is 0.041633 seconds.
Data saved at t = 1.53 s
Elapsed time is 0.045747 seconds.
Data saved at t = 1.54 s
Elapsed time is 0.049081 seconds.
Data saved at t = 1.55 s
Elapsed time is 0.039009 seconds.
31200 / 300000 time steps completed. t = 1.559950 s
Elapsed time is 7.130319 seconds.
Data saved at t = 1.56 s
Elapsed time is 0.045737 seconds.
Data saved at t = 1.57 s
Elapsed time is 0.046413 seconds.
Data saved at t = 1.58 s
Elapsed time is 0.054474 seconds.
Data saved at t = 1.5899 s
Elapsed time is 0.045789 seconds.
Data saved at t = 1.5999 s
Elapsed time is 0.043499 seconds.
Data saved at t = 1.6099 s
Elapsed time is 0.049134 seconds.
32400 / 300000 time steps completed. t = 1.619950 s
Elapsed time is 7.154622 seconds.
Data saved at t = 1.62 s
Elapsed time is 0.049564 seconds.
Data saved at t = 1.63 s
Elapsed time is 0.035388 seconds.
Data saved at t = 1.64 s
Elapsed time is 0.043550 seconds.
Data saved at t = 1.65 s
Elapsed time is 0.046280 seconds.
Data saved at t = 1.66 s
Elapsed time is 0.033617 seconds.
Data saved at t = 1.67 s
Elapsed time is 0.046517 seconds.
33600 / 300000 time steps completed. t = 1.679950 s
Elapsed time is 7.220840 seconds.
Data saved at t = 1.68 s
Elapsed time is 0.038581 seconds.
Data saved at t = 1.69 s
Elapsed time is 0.038363 seconds.
Data saved at t = 1.7 s
Elapsed time is 0.046507 seconds.
Data saved at t = 1.71 s
Elapsed time is 0.042031 seconds.
Data saved at t = 1.72 s
Elapsed time is 0.044065 seconds.
Data saved at t = 1.73 s
Elapsed time is 0.035566 seconds.
34800 / 300000 time steps completed. t = 1.739950 s
Elapsed time is 7.158629 seconds.
Data saved at t = 1.74 s
Elapsed time is 0.042551 seconds.
Data saved at t = 1.75 s
Elapsed time is 0.039816 seconds.
Data saved at t = 1.76 s
Elapsed time is 0.049183 seconds.
Data saved at t = 1.77 s
Elapsed time is 0.043273 seconds.
Data saved at t = 1.78 s
Elapsed time is 0.050061 seconds.
Data saved at t = 1.79 s
Elapsed time is 0.043305 seconds.
36000 / 300000 time steps completed. t = 1.799950 s
Elapsed time is 7.299586 seconds.
Data saved at t = 1.7999 s
Elapsed time is 0.039361 seconds.
Data saved at t = 1.8099 s
Elapsed time is 0.038679 seconds.
Data saved at t = 1.8199 s
Elapsed time is 0.046279 seconds.
Data saved at t = 1.8299 s
Elapsed time is 0.044956 seconds.
Data saved at t = 1.8399 s
Elapsed time is 0.035177 seconds.
Data saved at t = 1.8499 s
Elapsed time is 0.041842 seconds.
37200 / 300000 time steps completed. t = 1.859950 s
Elapsed time is 7.363424 seconds.
Data saved at t = 1.8599 s
Elapsed time is 0.039523 seconds.
Data saved at t = 1.87 s
Elapsed time is 0.039777 seconds.
Data saved at t = 1.88 s
Elapsed time is 0.037877 seconds.
Data saved at t = 1.89 s
Elapsed time is 0.036537 seconds.
Data saved at t = 1.9 s
Elapsed time is 0.041552 seconds.
Data saved at t = 1.91 s
Elapsed time is 0.040969 seconds.
38400 / 300000 time steps completed. t = 1.919950 s
Elapsed time is 7.380730 seconds.
Data saved at t = 1.92 s
Elapsed time is 0.040066 seconds.
Data saved at t = 1.93 s
Elapsed time is 0.038246 seconds.
Data saved at t = 1.94 s
Elapsed time is 0.047306 seconds.
Data saved at t = 1.95 s
Elapsed time is 0.043021 seconds.
Data saved at t = 1.96 s
Elapsed time is 0.044310 seconds.
Data saved at t = 1.97 s
Elapsed time is 0.033056 seconds.
39600 / 300000 time steps completed. t = 1.979950 s
Elapsed time is 7.402794 seconds.
Data saved at t = 1.98 s
Elapsed time is 0.043159 seconds.
Data saved at t = 1.99 s
Elapsed time is 0.035426 seconds.
Data saved at t = 2 s
Elapsed time is 0.048103 seconds.
Data saved at t = 2.0099 s
Elapsed time is 0.069789 seconds.
Data saved at t = 2.0199 s
Elapsed time is 0.040230 seconds.
Data saved at t = 2.0299 s
Elapsed time is 0.042775 seconds.
40800 / 300000 time steps completed. t = 2.039950 s
Elapsed time is 7.483868 seconds.
Data saved at t = 2.0399 s
Elapsed time is 0.040612 seconds.
Data saved at t = 2.0499 s
Elapsed time is 0.056306 seconds.
Data saved at t = 2.0599 s
Elapsed time is 0.043870 seconds.
Data saved at t = 2.0699 s
Elapsed time is 0.055449 seconds.
Data saved at t = 2.0799 s
Elapsed time is 0.047402 seconds.
Data saved at t = 2.0899 s
Elapsed time is 0.045502 seconds.
42000 / 300000 time steps completed. t = 2.099950 s
Elapsed time is 7.511964 seconds.
Data saved at t = 2.0999 s
Elapsed time is 0.040711 seconds.
Data saved at t = 2.1099 s
Elapsed time is 0.033820 seconds.
Data saved at t = 2.1199 s
Elapsed time is 0.036008 seconds.
Data saved at t = 2.13 s
Elapsed time is 0.036040 seconds.
Data saved at t = 2.14 s
Elapsed time is 0.053348 seconds.
Data saved at t = 2.15 s
Elapsed time is 0.035557 seconds.
43200 / 300000 time steps completed. t = 2.159950 s
Elapsed time is 7.557541 seconds.
Data saved at t = 2.16 s
Elapsed time is 0.043085 seconds.
Data saved at t = 2.17 s
Elapsed time is 0.042759 seconds.
Data saved at t = 2.18 s
Elapsed time is 0.048150 seconds.
Data saved at t = 2.19 s
Elapsed time is 0.041355 seconds.
Data saved at t = 2.2 s
Elapsed time is 0.040505 seconds.
Data saved at t = 2.21 s
Elapsed time is 0.047922 seconds.
44400 / 300000 time steps completed. t = 2.219950 s
Elapsed time is 7.605732 seconds.
Data saved at t = 2.2199 s
Elapsed time is 0.039822 seconds.
Data saved at t = 2.2299 s
Elapsed time is 0.039646 seconds.
Data saved at t = 2.2399 s
Elapsed time is 0.039777 seconds.
Data saved at t = 2.25 s
Elapsed time is 0.038390 seconds.
Data saved at t = 2.2599 s
Elapsed time is 0.040111 seconds.
Data saved at t = 2.27 s
Elapsed time is 0.054804 seconds.
45600 / 300000 time steps completed. t = 2.279950 s
Elapsed time is 7.606422 seconds.
Data saved at t = 2.2799 s
Elapsed time is 0.035462 seconds.
Data saved at t = 2.29 s
Elapsed time is 0.039508 seconds.
Data saved at t = 2.2999 s
Elapsed time is 0.037700 seconds.
Data saved at t = 2.31 s
Elapsed time is 0.034668 seconds.
Data saved at t = 2.3199 s
Elapsed time is 0.047549 seconds.
Data saved at t = 2.33 s
Elapsed time is 0.052084 seconds.
46800 / 300000 time steps completed. t = 2.339950 s
Elapsed time is 7.741057 seconds.
Data saved at t = 2.3399 s
Elapsed time is 0.042379 seconds.
Data saved at t = 2.35 s
Elapsed time is 0.056885 seconds.
Data saved at t = 2.3599 s
Elapsed time is 0.041772 seconds.
Data saved at t = 2.37 s
Elapsed time is 0.049454 seconds.
Data saved at t = 2.38 s
Elapsed time is 0.045563 seconds.
Data saved at t = 2.39 s
Elapsed time is 0.038820 seconds.
48000 / 300000 time steps completed. t = 2.399950 s
Elapsed time is 7.785285 seconds.
Data saved at t = 2.4 s
Elapsed time is 0.040029 seconds.
Data saved at t = 2.41 s
Elapsed time is 0.037135 seconds.
Data saved at t = 2.42 s
Elapsed time is 0.050418 seconds.
Data saved at t = 2.43 s
Elapsed time is 0.044861 seconds.
Data saved at t = 2.44 s
Elapsed time is 0.040143 seconds.
Data saved at t = 2.45 s
Elapsed time is 0.048819 seconds.
49200 / 300000 time steps completed. t = 2.459950 s
Elapsed time is 7.803852 seconds.
Data saved at t = 2.46 s
Elapsed time is 0.043554 seconds.
Data saved at t = 2.47 s
Elapsed time is 0.047470 seconds.
Data saved at t = 2.48 s
Elapsed time is 0.049886 seconds.
Data saved at t = 2.49 s
Elapsed time is 0.041056 seconds.
Data saved at t = 2.5 s
Elapsed time is 0.037356 seconds.
Data saved at t = 2.51 s
Elapsed time is 0.046138 seconds.
50400 / 300000 time steps completed. t = 2.519950 s
Elapsed time is 7.870519 seconds.
Data saved at t = 2.52 s
Elapsed time is 0.045034 seconds.
Data saved at t = 2.5299 s
Elapsed time is 0.033006 seconds.
Data saved at t = 2.54 s
Elapsed time is 0.047062 seconds.
Data saved at t = 2.5499 s
Elapsed time is 0.035717 seconds.
Data saved at t = 2.56 s
Elapsed time is 0.043533 seconds.
Data saved at t = 2.5699 s
Elapsed time is 0.037869 seconds.
51600 / 300000 time steps completed. t = 2.579950 s
Elapsed time is 7.887985 seconds.
Data saved at t = 2.58 s
Elapsed time is 0.034512 seconds.
Data saved at t = 2.5899 s
Elapsed time is 0.042302 seconds.
Data saved at t = 2.6 s
Elapsed time is 0.041808 seconds.
Data saved at t = 2.6099 s
Elapsed time is 0.045374 seconds.
Data saved at t = 2.62 s
Elapsed time is 0.036564 seconds.
Data saved at t = 2.63 s
Elapsed time is 0.046164 seconds.
52800 / 300000 time steps completed. t = 2.639950 s
Elapsed time is 7.952853 seconds.
Data saved at t = 2.64 s
Elapsed time is 0.041923 seconds.
Data saved at t = 2.65 s
Elapsed time is 0.039414 seconds.
Data saved at t = 2.66 s
Elapsed time is 0.045549 seconds.
Data saved at t = 2.67 s
Elapsed time is 0.039753 seconds.
Data saved at t = 2.68 s
Elapsed time is 0.041111 seconds.
Data saved at t = 2.69 s
Elapsed time is 0.047403 seconds.
54000 / 300000 time steps completed. t = 2.699950 s
Elapsed time is 7.993634 seconds.
Data saved at t = 2.7 s
Elapsed time is 0.038615 seconds.
Data saved at t = 2.71 s
Elapsed time is 0.040143 seconds.
Data saved at t = 2.72 s
Elapsed time is 0.042033 seconds.
Data saved at t = 2.73 s
Elapsed time is 0.035380 seconds.
Data saved at t = 2.7399 s
Elapsed time is 0.035854 seconds.
Data saved at t = 2.75 s
Elapsed time is 0.042554 seconds.
55200 / 300000 time steps completed. t = 2.759950 s
Elapsed time is 8.123531 seconds.
Data saved at t = 2.7599 s
Elapsed time is 0.039337 seconds.
Data saved at t = 2.77 s
Elapsed time is 0.038453 seconds.
Data saved at t = 2.7799 s
Elapsed time is 0.048803 seconds.
Data saved at t = 2.79 s
Elapsed time is 0.060021 seconds.
Data saved at t = 2.7999 s
Elapsed time is 0.040955 seconds.
Data saved at t = 2.81 s
Elapsed time is 0.041653 seconds.
56400 / 300000 time steps completed. t = 2.819950 s
Elapsed time is 8.235029 seconds.
Data saved at t = 2.8199 s
Elapsed time is 0.036952 seconds.
Data saved at t = 2.83 s
Elapsed time is 0.045431 seconds.
Data saved at t = 2.8399 s
Elapsed time is 0.032980 seconds.
Data saved at t = 2.85 s
Elapsed time is 0.035599 seconds.
Data saved at t = 2.8599 s
Elapsed time is 0.041718 seconds.
Data saved at t = 2.87 s
Elapsed time is 0.036616 seconds.
57600 / 300000 time steps completed. t = 2.879950 s
Elapsed time is 7.900931 seconds.
Data saved at t = 2.88 s
Elapsed time is 0.041396 seconds.
Data saved at t = 2.89 s
Elapsed time is 0.031810 seconds.
Data saved at t = 2.9 s
Elapsed time is 0.044629 seconds.
Data saved at t = 2.91 s
Elapsed time is 0.044239 seconds.
Data saved at t = 2.92 s
Elapsed time is 0.044765 seconds.
Data saved at t = 2.93 s
Elapsed time is 0.043307 seconds.
58800 / 300000 time steps completed. t = 2.939950 s
Elapsed time is 8.167494 seconds.
Data saved at t = 2.94 s
Elapsed time is 0.044344 seconds.
Data saved at t = 2.9499 s
Elapsed time is 0.039505 seconds.
Data saved at t = 2.96 s
Elapsed time is 0.040832 seconds.
Data saved at t = 2.9699 s
Elapsed time is 0.044955 seconds.
Data saved at t = 2.98 s
Elapsed time is 0.038336 seconds.
Data saved at t = 2.9899 s
Elapsed time is 0.053365 seconds.
60000 / 300000 time steps completed. t = 2.999950 s
Elapsed time is 8.268620 seconds.
Data saved at t = 3 s
Elapsed time is 0.047143 seconds.
Data saved at t = 3.0099 s
Elapsed time is 0.037542 seconds.
Data saved at t = 3.02 s
Elapsed time is 0.038319 seconds.
Data saved at t = 3.0299 s
Elapsed time is 0.040569 seconds.
Data saved at t = 3.04 s
Elapsed time is 0.040207 seconds.
Data saved at t = 3.0499 s
Elapsed time is 0.049125 seconds.
61200 / 300000 time steps completed. t = 3.059950 s
Elapsed time is 8.333496 seconds.
Data saved at t = 3.06 s
Elapsed time is 0.053671 seconds.
Data saved at t = 3.0699 s
Elapsed time is 0.042054 seconds.
Data saved at t = 3.08 s
Elapsed time is 0.033746 seconds.
Data saved at t = 3.0899 s
Elapsed time is 0.035782 seconds.
Data saved at t = 3.1 s
Elapsed time is 0.043093 seconds.
Data saved at t = 3.1099 s
Elapsed time is 0.041342 seconds.
62400 / 300000 time steps completed. t = 3.119950 s
Elapsed time is 8.348575 seconds.
Data saved at t = 3.12 s
Elapsed time is 0.035227 seconds.
Data saved at t = 3.13 s
Elapsed time is 0.045490 seconds.
Data saved at t = 3.14 s
Elapsed time is 0.034662 seconds.
Data saved at t = 3.15 s
Elapsed time is 0.045072 seconds.
Data saved at t = 3.1599 s
Elapsed time is 0.043444 seconds.
Data saved at t = 3.17 s
Elapsed time is 0.044118 seconds.
63600 / 300000 time steps completed. t = 3.179950 s
Elapsed time is 8.370840 seconds.
Data saved at t = 3.1799 s
Elapsed time is 0.043289 seconds.
Data saved at t = 3.19 s
Elapsed time is 0.051765 seconds.
Data saved at t = 3.1999 s
Elapsed time is 0.040113 seconds.
Data saved at t = 3.21 s
Elapsed time is 0.035453 seconds.
Data saved at t = 3.2199 s
Elapsed time is 0.040739 seconds.
Data saved at t = 3.23 s
Elapsed time is 0.037959 seconds.
64800 / 300000 time steps completed. t = 3.239950 s
Elapsed time is 8.463438 seconds.
Data saved at t = 3.2399 s
Elapsed time is 0.050365 seconds.
Data saved at t = 3.25 s
Elapsed time is 0.036211 seconds.
Data saved at t = 3.2599 s
Elapsed time is 0.035140 seconds.
Data saved at t = 3.27 s
Elapsed time is 0.042557 seconds.
Data saved at t = 3.2799 s
Elapsed time is 0.053132 seconds.
Data saved at t = 3.29 s
Elapsed time is 0.034081 seconds.
66000 / 300000 time steps completed. t = 3.299950 s
Elapsed time is 8.504829 seconds.
Data saved at t = 3.2999 s
Elapsed time is 0.047266 seconds.
Data saved at t = 3.31 s
Elapsed time is 0.032744 seconds.
Data saved at t = 3.3199 s
Elapsed time is 0.036789 seconds.
Data saved at t = 3.33 s
Elapsed time is 0.050423 seconds.
Data saved at t = 3.3399 s
Elapsed time is 0.095150 seconds.
Data saved at t = 3.35 s
Elapsed time is 0.220136 seconds.
67200 / 300000 time steps completed. t = 3.359950 s
Elapsed time is 8.770088 seconds.
Data saved at t = 3.3599 s
Elapsed time is 0.044389 seconds.
Data saved at t = 3.3699 s
Elapsed time is 0.034866 seconds.
Data saved at t = 3.38 s
Elapsed time is 0.041173 seconds.
Data saved at t = 3.3899 s
Elapsed time is 0.046097 seconds.
Data saved at t = 3.4 s
Elapsed time is 0.041722 seconds.
Data saved at t = 3.4099 s
Elapsed time is 0.038517 seconds.
68400 / 300000 time steps completed. t = 3.419950 s
Elapsed time is 8.645053 seconds.
Data saved at t = 3.42 s
Elapsed time is 0.038303 seconds.
Data saved at t = 3.4299 s
Elapsed time is 0.035479 seconds.
Data saved at t = 3.44 s
Elapsed time is 0.040436 seconds.
Data saved at t = 3.4499 s
Elapsed time is 0.036550 seconds.
Data saved at t = 3.46 s
Elapsed time is 0.041113 seconds.
Data saved at t = 3.4699 s
Elapsed time is 0.038121 seconds.
69600 / 300000 time steps completed. t = 3.479950 s
Elapsed time is 8.745761 seconds.
Data saved at t = 3.48 s
Elapsed time is 0.041311 seconds.
Data saved at t = 3.4899 s
Elapsed time is 0.039480 seconds.
Data saved at t = 3.5 s
Elapsed time is 0.054133 seconds.
Data saved at t = 3.5099 s
Elapsed time is 0.051067 seconds.
Data saved at t = 3.52 s
Elapsed time is 0.035440 seconds.
Data saved at t = 3.5299 s
Elapsed time is 0.042579 seconds.
70800 / 300000 time steps completed. t = 3.539950 s
Elapsed time is 8.696595 seconds.
Data saved at t = 3.54 s
Elapsed time is 0.032485 seconds.
Data saved at t = 3.5499 s
Elapsed time is 0.038159 seconds.
Data saved at t = 3.56 s
Elapsed time is 0.036582 seconds.
Data saved at t = 3.5699 s
Elapsed time is 0.048609 seconds.
Data saved at t = 3.5799 s
Elapsed time is 0.038590 seconds.
Data saved at t = 3.5899 s
Elapsed time is 0.036577 seconds.
72000 / 300000 time steps completed. t = 3.599950 s
Elapsed time is 8.796607 seconds.
Data saved at t = 3.5999 s
Elapsed time is 0.043201 seconds.
Data saved at t = 3.6099 s
Elapsed time is 0.034475 seconds.
Data saved at t = 3.6199 s
Elapsed time is 0.037652 seconds.
Data saved at t = 3.63 s
Elapsed time is 0.044588 seconds.
Data saved at t = 3.6399 s
Elapsed time is 0.039169 seconds.
Data saved at t = 3.65 s
Elapsed time is 0.047141 seconds.
73200 / 300000 time steps completed. t = 3.659950 s
Elapsed time is 8.809318 seconds.
Data saved at t = 3.6599 s
Elapsed time is 0.038285 seconds.
Data saved at t = 3.67 s
Elapsed time is 0.037193 seconds.
Data saved at t = 3.6799 s
Elapsed time is 0.051135 seconds.
Data saved at t = 3.69 s
Elapsed time is 0.032484 seconds.
Data saved at t = 3.6999 s
Elapsed time is 0.052913 seconds.
Data saved at t = 3.71 s
Elapsed time is 0.037315 seconds.
74400 / 300000 time steps completed. t = 3.719950 s
Elapsed time is 8.948231 seconds.
Data saved at t = 3.7199 s
Elapsed time is 0.039476 seconds.
Data saved at t = 3.73 s
Elapsed time is 0.059036 seconds.
Data saved at t = 3.7399 s
Elapsed time is 0.038664 seconds.
Data saved at t = 3.75 s
Elapsed time is 0.036065 seconds.
Data saved at t = 3.7599 s
Elapsed time is 0.033066 seconds.
Data saved at t = 3.77 s
Elapsed time is 0.036292 seconds.
75600 / 300000 time steps completed. t = 3.779950 s
Elapsed time is 8.996524 seconds.
Data saved at t = 3.7799 s
Elapsed time is 0.033363 seconds.
Data saved at t = 3.7899 s
Elapsed time is 0.054244 seconds.
Data saved at t = 3.7999 s
Elapsed time is 0.036045 seconds.
Data saved at t = 3.8099 s
Elapsed time is 0.035675 seconds.
Data saved at t = 3.8199 s
Elapsed time is 0.037221 seconds.
Data saved at t = 3.8299 s
Elapsed time is 0.035717 seconds.
76800 / 300000 time steps completed. t = 3.839950 s
Elapsed time is 8.938528 seconds.
Data saved at t = 3.8399 s
Elapsed time is 0.043988 seconds.
Data saved at t = 3.8499 s
Elapsed time is 0.043525 seconds.
Data saved at t = 3.8599 s
Elapsed time is 0.043197 seconds.
Data saved at t = 3.8699 s
Elapsed time is 0.039984 seconds.
Data saved at t = 3.88 s
Elapsed time is 0.035237 seconds.
Data saved at t = 3.8899 s
Elapsed time is 0.036750 seconds.
78000 / 300000 time steps completed. t = 3.899950 s
Elapsed time is 9.057508 seconds.
Data saved at t = 3.9 s
Elapsed time is 0.041762 seconds.
Data saved at t = 3.9099 s
Elapsed time is 0.033006 seconds.
Data saved at t = 3.92 s
Elapsed time is 0.038872 seconds.
Data saved at t = 3.9299 s
Elapsed time is 0.037864 seconds.
Data saved at t = 3.94 s
Elapsed time is 0.042552 seconds.
Data saved at t = 3.9499 s
Elapsed time is 0.039676 seconds.
79200 / 300000 time steps completed. t = 3.959950 s
Elapsed time is 9.115227 seconds.
Data saved at t = 3.96 s
Elapsed time is 0.042139 seconds.
Data saved at t = 3.9699 s
Elapsed time is 0.047250 seconds.
Data saved at t = 3.98 s
Elapsed time is 0.038900 seconds.
Data saved at t = 3.9899 s
Elapsed time is 0.040467 seconds.
Data saved at t = 3.9999 s
Elapsed time is 0.039913 seconds.
Data saved at t = 4.0099 s
Elapsed time is 0.038703 seconds.
80400 / 300000 time steps completed. t = 4.019950 s
Elapsed time is 9.072285 seconds.
Data saved at t = 4.0199 s
Elapsed time is 0.036721 seconds.
Data saved at t = 4.03 s
Elapsed time is 0.043411 seconds.
Data saved at t = 4.04 s
Elapsed time is 0.043973 seconds.
Data saved at t = 4.0499 s
Elapsed time is 0.033594 seconds.
Data saved at t = 4.0599 s
Elapsed time is 0.055327 seconds.
Data saved at t = 4.07 s
Elapsed time is 0.044697 seconds.
81600 / 300000 time steps completed. t = 4.079950 s
Elapsed time is 9.100002 seconds.
Data saved at t = 4.08 s
Elapsed time is 0.058187 seconds.
Data saved at t = 4.0899 s
Elapsed time is 0.041167 seconds.
Data saved at t = 4.0999 s
Elapsed time is 0.039675 seconds.
Data saved at t = 4.11 s
Elapsed time is 0.041320 seconds.
Data saved at t = 4.12 s
Elapsed time is 0.034773 seconds.
Data saved at t = 4.13 s
Elapsed time is 0.040010 seconds.
82800 / 300000 time steps completed. t = 4.139950 s
Elapsed time is 9.019043 seconds.
Data saved at t = 4.1399 s
Elapsed time is 0.042448 seconds.
Data saved at t = 4.15 s
Elapsed time is 0.040090 seconds.
Data saved at t = 4.16 s
Elapsed time is 0.058735 seconds.
Data saved at t = 4.17 s
Elapsed time is 0.037110 seconds.
Data saved at t = 4.1799 s
Elapsed time is 0.047430 seconds.
Data saved at t = 4.19 s
Elapsed time is 0.040500 seconds.
84000 / 300000 time steps completed. t = 4.199950 s
Elapsed time is 9.111196 seconds.
Data saved at t = 4.2 s
Elapsed time is 0.050197 seconds.
Data saved at t = 4.21 s
Elapsed time is 0.040042 seconds.
Data saved at t = 4.2199 s
Elapsed time is 0.055005 seconds.
Data saved at t = 4.2299 s
Elapsed time is 0.035387 seconds.
Data saved at t = 4.24 s
Elapsed time is 0.041529 seconds.
Data saved at t = 4.25 s
Elapsed time is 0.047403 seconds.
85200 / 300000 time steps completed. t = 4.259950 s
Elapsed time is 9.007728 seconds.
Data saved at t = 4.2599 s
Elapsed time is 0.043149 seconds.
Data saved at t = 4.2699 s
Elapsed time is 0.046929 seconds.
Data saved at t = 4.28 s
Elapsed time is 0.041304 seconds.
Data saved at t = 4.29 s
Elapsed time is 0.038008 seconds.
Data saved at t = 4.2999 s
Elapsed time is 0.042470 seconds.
Data saved at t = 4.3099 s
Elapsed time is 0.037922 seconds.
86400 / 300000 time steps completed. t = 4.319950 s
Elapsed time is 8.979412 seconds.
Data saved at t = 4.32 s
Elapsed time is 0.036565 seconds.
Data saved at t = 4.33 s
Elapsed time is 0.051738 seconds.
Data saved at t = 4.3399 s
Elapsed time is 0.047431 seconds.
Data saved at t = 4.3499 s
Elapsed time is 0.037146 seconds.
Data saved at t = 4.36 s
Elapsed time is 0.040987 seconds.
Data saved at t = 4.37 s
Elapsed time is 0.043604 seconds.
87600 / 300000 time steps completed. t = 4.379950 s
Elapsed time is 9.023768 seconds.
Data saved at t = 4.38 s
Elapsed time is 0.044971 seconds.
Data saved at t = 4.3899 s
Elapsed time is 0.041961 seconds.
Data saved at t = 4.4 s
Elapsed time is 0.043553 seconds.
Data saved at t = 4.41 s
Elapsed time is 0.054742 seconds.
Data saved at t = 4.42 s
Elapsed time is 0.036145 seconds.
Data saved at t = 4.4299 s
Elapsed time is 0.036317 seconds.
88800 / 300000 time steps completed. t = 4.439950 s
Elapsed time is 9.120041 seconds.
Data saved at t = 4.4399 s
Elapsed time is 0.047981 seconds.
Data saved at t = 4.45 s
Elapsed time is 0.040998 seconds.
Data saved at t = 4.46 s
Elapsed time is 0.041533 seconds.
Data saved at t = 4.4699 s
Elapsed time is 0.045471 seconds.
Data saved at t = 4.4799 s
Elapsed time is 0.033771 seconds.
Data saved at t = 4.49 s
Elapsed time is 0.039249 seconds.
90000 / 300000 time steps completed. t = 4.499950 s
Elapsed time is 8.812832 seconds.
Data saved at t = 4.5 s
Elapsed time is 0.034853 seconds.
Data saved at t = 4.5099 s
Elapsed time is 0.049331 seconds.
Data saved at t = 4.5199 s
Elapsed time is 0.036047 seconds.
Data saved at t = 4.53 s
Elapsed time is 0.033269 seconds.
Data saved at t = 4.54 s
Elapsed time is 0.033536 seconds.
Data saved at t = 4.5499 s
Elapsed time is 0.037970 seconds.
91200 / 300000 time steps completed. t = 4.559950 s
Elapsed time is 9.153087 seconds.
Data saved at t = 4.5599 s
Elapsed time is 0.043598 seconds.
Data saved at t = 4.57 s
Elapsed time is 0.038336 seconds.
Data saved at t = 4.58 s
Elapsed time is 0.047265 seconds.
Data saved at t = 4.5899 s
Elapsed time is 0.042412 seconds.
Data saved at t = 4.5999 s
Elapsed time is 0.040905 seconds.
Data saved at t = 4.61 s
Elapsed time is 0.039685 seconds.
92400 / 300000 time steps completed. t = 4.619950 s
Elapsed time is 9.068621 seconds.
Data saved at t = 4.62 s
Elapsed time is 0.044572 seconds.
Data saved at t = 4.63 s
Elapsed time is 0.039220 seconds.
Data saved at t = 4.6399 s
Elapsed time is 0.040158 seconds.
Data saved at t = 4.6499 s
Elapsed time is 0.042355 seconds.
Data saved at t = 4.66 s
Elapsed time is 0.042395 seconds.
Data saved at t = 4.67 s
Elapsed time is 0.043863 seconds.
93600 / 300000 time steps completed. t = 4.679950 s
Elapsed time is 9.105512 seconds.
Data saved at t = 4.6799 s
Elapsed time is 0.040355 seconds.
Data saved at t = 4.6899 s
Elapsed time is 0.051649 seconds.
Data saved at t = 4.7 s
Elapsed time is 0.049357 seconds.
Data saved at t = 4.71 s
Elapsed time is 0.044706 seconds.
Data saved at t = 4.7199 s
Elapsed time is 0.037652 seconds.
Data saved at t = 4.7299 s
Elapsed time is 0.049469 seconds.
94800 / 300000 time steps completed. t = 4.739950 s
Elapsed time is 9.102118 seconds.
Data saved at t = 4.74 s
Elapsed time is 0.040461 seconds.
Data saved at t = 4.75 s
Elapsed time is 0.043120 seconds.
Data saved at t = 4.7599 s
Elapsed time is 0.037812 seconds.
Data saved at t = 4.7699 s
Elapsed time is 0.038843 seconds.
Data saved at t = 4.78 s
Elapsed time is 0.045827 seconds.
Data saved at t = 4.79 s
Elapsed time is 0.042077 seconds.
96000 / 300000 time steps completed. t = 4.799950 s
Elapsed time is 9.114254 seconds.
Data saved at t = 4.7999 s
Elapsed time is 0.038214 seconds.
Data saved at t = 4.8099 s
Elapsed time is 0.053083 seconds.
Data saved at t = 4.82 s
Elapsed time is 0.046857 seconds.
Data saved at t = 4.83 s
Elapsed time is 0.033278 seconds.
Data saved at t = 4.8399 s
Elapsed time is 0.036302 seconds.
Data saved at t = 4.8499 s
Elapsed time is 0.040270 seconds.
97200 / 300000 time steps completed. t = 4.859950 s
Elapsed time is 9.035152 seconds.
Data saved at t = 4.86 s
Elapsed time is 0.048030 seconds.
Data saved at t = 4.8699 s
Elapsed time is 0.039075 seconds.
Data saved at t = 4.88 s
Elapsed time is 0.040054 seconds.
Data saved at t = 4.8899 s
Elapsed time is 0.042794 seconds.
Data saved at t = 4.9 s
Elapsed time is 0.037816 seconds.
Data saved at t = 4.9099 s
Elapsed time is 0.032499 seconds.
98400 / 300000 time steps completed. t = 4.919950 s
Elapsed time is 9.130628 seconds.
Data saved at t = 4.92 s
Elapsed time is 0.044689 seconds.
Data saved at t = 4.9299 s
Elapsed time is 0.040833 seconds.
Data saved at t = 4.94 s
Elapsed time is 0.054234 seconds.
Data saved at t = 4.9499 s
Elapsed time is 0.040040 seconds.
Data saved at t = 4.96 s
Elapsed time is 0.039151 seconds.
Data saved at t = 4.9699 s
Elapsed time is 0.034608 seconds.
99600 / 300000 time steps completed. t = 4.979950 s
Elapsed time is 9.037637 seconds.
Data saved at t = 4.98 s
Elapsed time is 0.045769 seconds.
Data saved at t = 4.9899 s
Elapsed time is 0.039177 seconds.
Data saved at t = 5 s
Elapsed time is 0.040350 seconds.
Data saved at t = 5.0099 s
Elapsed time is 0.034930 seconds.
Data saved at t = 5.02 s
Elapsed time is 0.036613 seconds.
Data saved at t = 5.0299 s
Elapsed time is 0.037651 seconds.
100800 / 300000 time steps completed. t = 5.039950 s
Elapsed time is 9.096330 seconds.
Data saved at t = 5.04 s
Elapsed time is 0.038559 seconds.
Data saved at t = 5.0499 s
Elapsed time is 0.034911 seconds.
Data saved at t = 5.0599 s
Elapsed time is 0.043168 seconds.
Data saved at t = 5.0699 s
Elapsed time is 0.049630 seconds.
Data saved at t = 5.08 s
Elapsed time is 0.039628 seconds.
Data saved at t = 5.0899 s
Elapsed time is 0.033621 seconds.
102000 / 300000 time steps completed. t = 5.099950 s
Elapsed time is 9.105012 seconds.
Data saved at t = 5.0999 s
Elapsed time is 0.037435 seconds.
Data saved at t = 5.1099 s
Elapsed time is 0.036944 seconds.
Data saved at t = 5.12 s
Elapsed time is 0.035615 seconds.
Data saved at t = 5.13 s
Elapsed time is 0.061843 seconds.
Data saved at t = 5.1399 s
Elapsed time is 0.034655 seconds.
Data saved at t = 5.1499 s
Elapsed time is 0.052159 seconds.
103200 / 300000 time steps completed. t = 5.159950 s
Elapsed time is 9.199728 seconds.
Data saved at t = 5.16 s
Elapsed time is 0.038902 seconds.
Data saved at t = 5.17 s
Elapsed time is 0.041735 seconds.
Data saved at t = 5.1799 s
Elapsed time is 0.050730 seconds.
Data saved at t = 5.1899 s
Elapsed time is 0.043602 seconds.
Data saved at t = 5.2 s
Elapsed time is 0.047261 seconds.
Data saved at t = 5.21 s
Elapsed time is 0.042778 seconds.
104400 / 300000 time steps completed. t = 5.219950 s
Elapsed time is 9.133522 seconds.
Data saved at t = 5.2199 s
Elapsed time is 0.036848 seconds.
Data saved at t = 5.2299 s
Elapsed time is 0.041227 seconds.
Data saved at t = 5.24 s
Elapsed time is 0.054273 seconds.
Data saved at t = 5.25 s
Elapsed time is 0.040863 seconds.
Data saved at t = 5.2599 s
Elapsed time is 0.042380 seconds.
Data saved at t = 5.2699 s
Elapsed time is 0.046031 seconds.
105600 / 300000 time steps completed. t = 5.279950 s
Elapsed time is 9.096375 seconds.
Data saved at t = 5.28 s
Elapsed time is 0.037565 seconds.
Data saved at t = 5.2899 s
Elapsed time is 0.042158 seconds.
Data saved at t = 5.2999 s
Elapsed time is 0.041506 seconds.
Data saved at t = 5.3099 s
Elapsed time is 0.049714 seconds.
Data saved at t = 5.32 s
Elapsed time is 0.043859 seconds.
Data saved at t = 5.3299 s
Elapsed time is 0.041922 seconds.
106800 / 300000 time steps completed. t = 5.339950 s
Elapsed time is 9.067088 seconds.
Data saved at t = 5.3399 s
Elapsed time is 0.044522 seconds.
Data saved at t = 5.3499 s
Elapsed time is 0.033117 seconds.
Data saved at t = 5.36 s
Elapsed time is 0.046648 seconds.
Data saved at t = 5.3699 s
Elapsed time is 0.041041 seconds.
Data saved at t = 5.38 s
Elapsed time is 0.044028 seconds.
Data saved at t = 5.3899 s
Elapsed time is 0.048238 seconds.
108000 / 300000 time steps completed. t = 5.399950 s
Elapsed time is 9.127974 seconds.
Data saved at t = 5.4 s
Elapsed time is 0.044010 seconds.
Data saved at t = 5.4099 s
Elapsed time is 0.038094 seconds.
Data saved at t = 5.42 s
Elapsed time is 0.045981 seconds.
Data saved at t = 5.4299 s
Elapsed time is 0.038369 seconds.
Data saved at t = 5.44 s
Elapsed time is 0.036948 seconds.
Data saved at t = 5.4499 s
Elapsed time is 0.032627 seconds.
109200 / 300000 time steps completed. t = 5.459950 s
Elapsed time is 9.036275 seconds.
Data saved at t = 5.46 s
Elapsed time is 0.035016 seconds.
Data saved at t = 5.4699 s
Elapsed time is 0.041720 seconds.
Data saved at t = 5.4799 s
Elapsed time is 0.036748 seconds.
Data saved at t = 5.4899 s
Elapsed time is 0.049891 seconds.
Data saved at t = 5.5 s
Elapsed time is 0.034848 seconds.
Data saved at t = 5.5099 s
Elapsed time is 0.042166 seconds.
110400 / 300000 time steps completed. t = 5.519950 s
Elapsed time is 9.141093 seconds.
Data saved at t = 5.5199 s
Elapsed time is 0.047834 seconds.
Data saved at t = 5.5299 s
Elapsed time is 0.056767 seconds.
Data saved at t = 5.54 s
Elapsed time is 0.034014 seconds.
Data saved at t = 5.5499 s
Elapsed time is 0.039027 seconds.
Data saved at t = 5.5599 s
Elapsed time is 0.040586 seconds.
Data saved at t = 5.5699 s
Elapsed time is 0.042430 seconds.
111600 / 300000 time steps completed. t = 5.579950 s
Elapsed time is 9.098038 seconds.
Data saved at t = 5.58 s
Elapsed time is 0.045524 seconds.
Data saved at t = 5.5899 s
Elapsed time is 0.036286 seconds.
Data saved at t = 5.5999 s
Elapsed time is 0.044187 seconds.
Data saved at t = 5.6099 s
Elapsed time is 0.047445 seconds.
Data saved at t = 5.62 s
Elapsed time is 0.032876 seconds.
Data saved at t = 5.63 s
Elapsed time is 0.046164 seconds.
112800 / 300000 time steps completed. t = 5.639950 s
Elapsed time is 9.204572 seconds.
Data saved at t = 5.6399 s
Elapsed time is 0.052324 seconds.
Data saved at t = 5.6499 s
Elapsed time is 0.048350 seconds.
Data saved at t = 5.66 s
Elapsed time is 0.038496 seconds.
Data saved at t = 5.67 s
Elapsed time is 0.036333 seconds.
Data saved at t = 5.6799 s
Elapsed time is 0.032367 seconds.
Data saved at t = 5.6899 s
Elapsed time is 0.046543 seconds.
114000 / 300000 time steps completed. t = 5.699950 s
Elapsed time is 9.151827 seconds.
Data saved at t = 5.7 s
Elapsed time is 0.034649 seconds.
Data saved at t = 5.7099 s
Elapsed time is 0.046035 seconds.
Data saved at t = 5.7199 s
Elapsed time is 0.043328 seconds.
Data saved at t = 5.7299 s
Elapsed time is 0.044036 seconds.
Data saved at t = 5.74 s
Elapsed time is 0.035105 seconds.
Data saved at t = 5.7499 s
Elapsed time is 0.035831 seconds.
115200 / 300000 time steps completed. t = 5.759950 s
Elapsed time is 9.127078 seconds.
Data saved at t = 5.7599 s
Elapsed time is 0.048229 seconds.
Data saved at t = 5.7699 s
Elapsed time is 0.045596 seconds.
Data saved at t = 5.78 s
Elapsed time is 0.035016 seconds.
Data saved at t = 5.7899 s
Elapsed time is 0.048040 seconds.
Data saved at t = 5.7999 s
Elapsed time is 0.052468 seconds.
Data saved at t = 5.8099 s
Elapsed time is 0.038684 seconds.
116400 / 300000 time steps completed. t = 5.819950 s
Elapsed time is 9.044932 seconds.
Data saved at t = 5.82 s
Elapsed time is 0.035543 seconds.
Data saved at t = 5.8299 s
Elapsed time is 0.040365 seconds.
Data saved at t = 5.8399 s
Elapsed time is 0.040281 seconds.
Data saved at t = 5.8499 s
Elapsed time is 0.052117 seconds.
Data saved at t = 5.86 s
Elapsed time is 0.036280 seconds.
Data saved at t = 5.8699 s
Elapsed time is 0.049518 seconds.
117600 / 300000 time steps completed. t = 5.879950 s
Elapsed time is 9.206209 seconds.
Data saved at t = 5.88 s
Elapsed time is 0.037655 seconds.
Data saved at t = 5.8899 s
Elapsed time is 0.050843 seconds.
Data saved at t = 5.8999 s
Elapsed time is 0.044691 seconds.
Data saved at t = 5.9099 s
Elapsed time is 0.041004 seconds.
Data saved at t = 5.92 s
Elapsed time is 0.043189 seconds.
Data saved at t = 5.9299 s
Elapsed time is 0.041881 seconds.
118800 / 300000 time steps completed. t = 5.939950 s
Elapsed time is 9.264738 seconds.
Data saved at t = 5.9399 s
Elapsed time is 0.039369 seconds.
Data saved at t = 5.9499 s
Elapsed time is 0.041816 seconds.
Data saved at t = 5.96 s
Elapsed time is 0.040287 seconds.
Data saved at t = 5.9699 s
Elapsed time is 0.033439 seconds.
Data saved at t = 5.9799 s
Elapsed time is 0.034680 seconds.
Data saved at t = 5.9899 s
Elapsed time is 0.036174 seconds.
120000 / 300000 time steps completed. t = 5.999950 s
Elapsed time is 8.878514 seconds.
Data saved at t = 6 s
Elapsed time is 0.042137 seconds.
Data saved at t = 6.01 s
Elapsed time is 0.035062 seconds.
Data saved at t = 6.0199 s
Elapsed time is 0.032964 seconds.
Data saved at t = 6.0299 s
Elapsed time is 0.033458 seconds.
Data saved at t = 6.04 s
Elapsed time is 0.032704 seconds.
Data saved at t = 6.05 s
Elapsed time is 0.037207 seconds.
121200 / 300000 time steps completed. t = 6.059950 s
Elapsed time is 9.035509 seconds.
Data saved at t = 6.0599 s
Elapsed time is 0.035175 seconds.
Data saved at t = 6.0699 s
Elapsed time is 0.043095 seconds.
Data saved at t = 6.08 s
Elapsed time is 0.040791 seconds.
Data saved at t = 6.09 s
Elapsed time is 0.037092 seconds.
Data saved at t = 6.0999 s
Elapsed time is 0.041746 seconds.
Data saved at t = 6.1099 s
Elapsed time is 0.032072 seconds.
122400 / 300000 time steps completed. t = 6.119950 s
Elapsed time is 9.042759 seconds.
Data saved at t = 6.12 s
Elapsed time is 0.042971 seconds.
Data saved at t = 6.1299 s
Elapsed time is 0.043046 seconds.
Data saved at t = 6.1399 s
Elapsed time is 0.051723 seconds.
Data saved at t = 6.1499 s
Elapsed time is 0.040002 seconds.
Data saved at t = 6.16 s
Elapsed time is 0.033542 seconds.
Data saved at t = 6.1699 s
Elapsed time is 0.043428 seconds.
123600 / 300000 time steps completed. t = 6.179950 s
Elapsed time is 9.088669 seconds.
Data saved at t = 6.1799 s
Elapsed time is 0.041446 seconds.
Data saved at t = 6.1899 s
Elapsed time is 0.034921 seconds.
Data saved at t = 6.2 s
Elapsed time is 0.037078 seconds.
Data saved at t = 6.2099 s
Elapsed time is 0.033058 seconds.
Data saved at t = 6.2199 s
Elapsed time is 0.049452 seconds.
Data saved at t = 6.23 s
Elapsed time is 0.038682 seconds.
124800 / 300000 time steps completed. t = 6.239950 s
Elapsed time is 9.086131 seconds.
Data saved at t = 6.24 s
Elapsed time is 0.036165 seconds.
Data saved at t = 6.2499 s
Elapsed time is 0.036545 seconds.
Data saved at t = 6.2599 s
Elapsed time is 0.039341 seconds.
Data saved at t = 6.27 s
Elapsed time is 0.037159 seconds.
Data saved at t = 6.28 s
Elapsed time is 0.041308 seconds.
Data saved at t = 6.2899 s
Elapsed time is 0.054739 seconds.
126000 / 300000 time steps completed. t = 6.299950 s
Elapsed time is 9.047967 seconds.
Data saved at t = 6.2999 s
Elapsed time is 0.037829 seconds.
Data saved at t = 6.31 s
Elapsed time is 0.037869 seconds.
Data saved at t = 6.3199 s
Elapsed time is 0.038122 seconds.
Data saved at t = 6.3299 s
Elapsed time is 0.034480 seconds.
Data saved at t = 6.3399 s
Elapsed time is 0.041385 seconds.
Data saved at t = 6.35 s
Elapsed time is 0.048079 seconds.
127200 / 300000 time steps completed. t = 6.359950 s
Elapsed time is 9.106467 seconds.
Data saved at t = 6.3599 s
Elapsed time is 0.052490 seconds.
Data saved at t = 6.3699 s
Elapsed time is 0.034775 seconds.
Data saved at t = 6.38 s
Elapsed time is 0.042214 seconds.
Data saved at t = 6.39 s
Elapsed time is 0.038314 seconds.
Data saved at t = 6.3999 s
Elapsed time is 0.037110 seconds.
Data saved at t = 6.4099 s
Elapsed time is 0.039403 seconds.
128400 / 300000 time steps completed. t = 6.419950 s
Elapsed time is 9.090649 seconds.
Data saved at t = 6.42 s
Elapsed time is 0.046296 seconds.
Data saved at t = 6.43 s
Elapsed time is 0.054161 seconds.
Data saved at t = 6.4399 s
Elapsed time is 0.042181 seconds.
Data saved at t = 6.45 s
Elapsed time is 0.037363 seconds.
Data saved at t = 6.46 s
Elapsed time is 0.042882 seconds.
Data saved at t = 6.47 s
Elapsed time is 0.045975 seconds.
129600 / 300000 time steps completed. t = 6.479950 s
Elapsed time is 9.078531 seconds.
Data saved at t = 6.4799 s
Elapsed time is 0.041902 seconds.
Data saved at t = 6.49 s
Elapsed time is 0.039486 seconds.
Data saved at t = 6.5 s
Elapsed time is 0.043044 seconds.
Data saved at t = 6.51 s
Elapsed time is 0.047551 seconds.
Data saved at t = 6.5199 s
Elapsed time is 0.056039 seconds.
Data saved at t = 6.53 s
Elapsed time is 0.038188 seconds.
130800 / 300000 time steps completed. t = 6.539950 s
Elapsed time is 9.079606 seconds.
Data saved at t = 6.54 s
Elapsed time is 0.045635 seconds.
Data saved at t = 6.5499 s
Elapsed time is 0.049439 seconds.
Data saved at t = 6.5599 s
Elapsed time is 0.046248 seconds.
Data saved at t = 6.57 s
Elapsed time is 0.050963 seconds.
Data saved at t = 6.58 s
Elapsed time is 0.034145 seconds.
Data saved at t = 6.5899 s
Elapsed time is 0.039345 seconds.
132000 / 300000 time steps completed. t = 6.599950 s
Elapsed time is 9.129609 seconds.
Data saved at t = 6.5999 s
Elapsed time is 0.048845 seconds.
Data saved at t = 6.61 s
Elapsed time is 0.039196 seconds.
Data saved at t = 6.62 s
Elapsed time is 0.041358 seconds.
Data saved at t = 6.6299 s
Elapsed time is 0.037535 seconds.
Data saved at t = 6.6399 s
Elapsed time is 0.033621 seconds.
Data saved at t = 6.65 s
Elapsed time is 0.048275 seconds.
133200 / 300000 time steps completed. t = 6.659950 s
Elapsed time is 9.127508 seconds.
Data saved at t = 6.66 s
Elapsed time is 0.036865 seconds.
Data saved at t = 6.6699 s
Elapsed time is 0.034047 seconds.
Data saved at t = 6.6799 s
Elapsed time is 0.035694 seconds.
Data saved at t = 6.69 s
Elapsed time is 0.042372 seconds.
Data saved at t = 6.7 s
Elapsed time is 0.034064 seconds.
Data saved at t = 6.71 s
Elapsed time is 0.036032 seconds.
134400 / 300000 time steps completed. t = 6.719950 s
Elapsed time is 9.133601 seconds.
Data saved at t = 6.7199 s
Elapsed time is 0.041849 seconds.
Data saved at t = 6.73 s
Elapsed time is 0.044933 seconds.
Data saved at t = 6.7399 s
Elapsed time is 0.041356 seconds.
Data saved at t = 6.75 s
Elapsed time is 0.037611 seconds.
Data saved at t = 6.7599 s
Elapsed time is 0.047861 seconds.
Data saved at t = 6.77 s
Elapsed time is 0.043767 seconds.
135600 / 300000 time steps completed. t = 6.779950 s
Elapsed time is 8.963842 seconds.
Data saved at t = 6.7799 s
Elapsed time is 0.039112 seconds.
Data saved at t = 6.79 s
Elapsed time is 0.038336 seconds.
Data saved at t = 6.7999 s
Elapsed time is 0.049084 seconds.
Data saved at t = 6.81 s
Elapsed time is 0.034607 seconds.
Data saved at t = 6.8199 s
Elapsed time is 0.044462 seconds.
Data saved at t = 6.83 s
Elapsed time is 0.035552 seconds.
136800 / 300000 time steps completed. t = 6.839950 s
Elapsed time is 9.109919 seconds.
Data saved at t = 6.8399 s
Elapsed time is 0.053374 seconds.
Data saved at t = 6.85 s
Elapsed time is 0.058233 seconds.
Data saved at t = 6.8599 s
Elapsed time is 0.054187 seconds.
Data saved at t = 6.87 s
Elapsed time is 0.056694 seconds.
Data saved at t = 6.88 s
Elapsed time is 0.048687 seconds.
Data saved at t = 6.89 s
Elapsed time is 0.043588 seconds.
138000 / 300000 time steps completed. t = 6.899950 s
Elapsed time is 9.112715 seconds.
Data saved at t = 6.8999 s
Elapsed time is 0.048742 seconds.
Data saved at t = 6.91 s
Elapsed time is 0.035517 seconds.
Data saved at t = 6.92 s
Elapsed time is 0.050377 seconds.
Data saved at t = 6.93 s
Elapsed time is 0.037907 seconds.
Data saved at t = 6.9399 s
Elapsed time is 0.041120 seconds.
Data saved at t = 6.95 s
Elapsed time is 0.042953 seconds.
139200 / 300000 time steps completed. t = 6.959950 s
Elapsed time is 9.255315 seconds.
Data saved at t = 6.96 s
Elapsed time is 0.039567 seconds.
Data saved at t = 6.9699 s
Elapsed time is 0.039992 seconds.
Data saved at t = 6.9799 s
Elapsed time is 0.036020 seconds.
Data saved at t = 6.99 s
Elapsed time is 0.036811 seconds.
Data saved at t = 7 s
Elapsed time is 0.037905 seconds.
Data saved at t = 7.0099 s
Elapsed time is 0.040162 seconds.
140400 / 300000 time steps completed. t = 7.019950 s
Elapsed time is 9.089753 seconds.
Data saved at t = 7.0199 s
Elapsed time is 0.037192 seconds.
Data saved at t = 7.03 s
Elapsed time is 0.042850 seconds.
Data saved at t = 7.04 s
Elapsed time is 0.043180 seconds.
Data saved at t = 7.0499 s
Elapsed time is 0.041534 seconds.
Data saved at t = 7.0599 s
Elapsed time is 0.043892 seconds.
Data saved at t = 7.07 s
Elapsed time is 0.048643 seconds.
141600 / 300000 time steps completed. t = 7.079950 s
Elapsed time is 9.179300 seconds.
Data saved at t = 7.08 s
Elapsed time is 0.035798 seconds.
Data saved at t = 7.0899 s
Elapsed time is 0.036452 seconds.
Data saved at t = 7.0999 s
Elapsed time is 0.042977 seconds.
Data saved at t = 7.11 s
Elapsed time is 0.043826 seconds.
Data saved at t = 7.12 s
Elapsed time is 0.034698 seconds.
Data saved at t = 7.13 s
Elapsed time is 0.035753 seconds.
142800 / 300000 time steps completed. t = 7.139950 s
Elapsed time is 9.076097 seconds.
Data saved at t = 7.1399 s
Elapsed time is 0.037885 seconds.
Data saved at t = 7.15 s
Elapsed time is 0.036157 seconds.
Data saved at t = 7.1599 s
Elapsed time is 0.039557 seconds.
Data saved at t = 7.17 s
Elapsed time is 0.050882 seconds.
Data saved at t = 7.1799 s
Elapsed time is 0.034439 seconds.
Data saved at t = 7.19 s
Elapsed time is 0.039796 seconds.
144000 / 300000 time steps completed. t = 7.199950 s
Elapsed time is 8.977200 seconds.
Data saved at t = 7.1999 s
Elapsed time is 0.034091 seconds.
Data saved at t = 7.21 s
Elapsed time is 0.040789 seconds.
Data saved at t = 7.2199 s
Elapsed time is 0.035840 seconds.
Data saved at t = 7.23 s
Elapsed time is 0.052851 seconds.
Data saved at t = 7.2399 s
Elapsed time is 0.037587 seconds.
Data saved at t = 7.25 s
Elapsed time is 0.046846 seconds.
145200 / 300000 time steps completed. t = 7.259950 s
Elapsed time is 9.038428 seconds.
Data saved at t = 7.2599 s
Elapsed time is 0.038921 seconds.
Data saved at t = 7.27 s
Elapsed time is 0.042672 seconds.
Data saved at t = 7.2799 s
Elapsed time is 0.040236 seconds.
Data saved at t = 7.29 s
Elapsed time is 0.039446 seconds.
Data saved at t = 7.2999 s
Elapsed time is 0.044361 seconds.
Data saved at t = 7.31 s
Elapsed time is 0.040993 seconds.
146400 / 300000 time steps completed. t = 7.319950 s
Elapsed time is 9.097791 seconds.
Data saved at t = 7.3199 s
Elapsed time is 0.036878 seconds.
Data saved at t = 7.33 s
Elapsed time is 0.036500 seconds.
Data saved at t = 7.3399 s
Elapsed time is 0.049155 seconds.
Data saved at t = 7.35 s
Elapsed time is 0.043121 seconds.
Data saved at t = 7.3599 s
Elapsed time is 0.041839 seconds.
Data saved at t = 7.37 s
Elapsed time is 0.051527 seconds.
147600 / 300000 time steps completed. t = 7.379950 s
Elapsed time is 9.013323 seconds.
Data saved at t = 7.38 s
Elapsed time is 0.036226 seconds.
Data saved at t = 7.3899 s
Elapsed time is 0.051507 seconds.
Data saved at t = 7.3999 s
Elapsed time is 0.053441 seconds.
Data saved at t = 7.41 s
Elapsed time is 0.060908 seconds.
Data saved at t = 7.42 s
Elapsed time is 0.038143 seconds.
Data saved at t = 7.4299 s
Elapsed time is 0.039159 seconds.
148800 / 300000 time steps completed. t = 7.439950 s
Elapsed time is 9.246257 seconds.
Data saved at t = 7.4399 s
Elapsed time is 0.040666 seconds.
Data saved at t = 7.45 s
Elapsed time is 0.038647 seconds.
Data saved at t = 7.46 s
Elapsed time is 0.038587 seconds.
Data saved at t = 7.4699 s
Elapsed time is 0.040017 seconds.
Data saved at t = 7.4799 s
Elapsed time is 0.041687 seconds.
Data saved at t = 7.49 s
Elapsed time is 0.037860 seconds.
150000 / 300000 time steps completed. t = 7.499950 s
Elapsed time is 8.794256 seconds.
Data saved at t = 7.5 s
Elapsed time is 0.040826 seconds.
Data saved at t = 7.5099 s
Elapsed time is 0.035250 seconds.
Data saved at t = 7.5199 s
Elapsed time is 0.040533 seconds.
Data saved at t = 7.53 s
Elapsed time is 0.034381 seconds.
Data saved at t = 7.54 s
Elapsed time is 0.043770 seconds.
Data saved at t = 7.5499 s
Elapsed time is 0.040606 seconds.
151200 / 300000 time steps completed. t = 7.559950 s
Elapsed time is 9.134215 seconds.
Data saved at t = 7.5599 s
Elapsed time is 0.040892 seconds.
Data saved at t = 7.57 s
Elapsed time is 0.036011 seconds.
Data saved at t = 7.5799 s
Elapsed time is 0.039277 seconds.
Data saved at t = 7.5899 s
Elapsed time is 0.040420 seconds.
Data saved at t = 7.5999 s
Elapsed time is 0.045490 seconds.
Data saved at t = 7.61 s
Elapsed time is 0.043703 seconds.
152400 / 300000 time steps completed. t = 7.619950 s
Elapsed time is 9.140487 seconds.
Data saved at t = 7.6199 s
Elapsed time is 0.036319 seconds.
Data saved at t = 7.63 s
Elapsed time is 0.041580 seconds.
Data saved at t = 7.6399 s
Elapsed time is 0.035104 seconds.
Data saved at t = 7.65 s
Elapsed time is 0.053367 seconds.
Data saved at t = 7.6599 s
Elapsed time is 0.043770 seconds.
Data saved at t = 7.67 s
Elapsed time is 0.042339 seconds.
153600 / 300000 time steps completed. t = 7.679950 s
Elapsed time is 9.120373 seconds.
Data saved at t = 7.6799 s
Elapsed time is 0.033834 seconds.
Data saved at t = 7.69 s
Elapsed time is 0.054857 seconds.
Data saved at t = 7.6999 s
Elapsed time is 0.041887 seconds.
Data saved at t = 7.71 s
Elapsed time is 0.055552 seconds.
Data saved at t = 7.7199 s
Elapsed time is 0.042565 seconds.
Data saved at t = 7.73 s
Elapsed time is 0.042716 seconds.
154800 / 300000 time steps completed. t = 7.739950 s
Elapsed time is 9.098807 seconds.
Data saved at t = 7.7399 s
Elapsed time is 0.043906 seconds.
Data saved at t = 7.75 s
Elapsed time is 0.037333 seconds.
Data saved at t = 7.7599 s
Elapsed time is 0.041008 seconds.
Data saved at t = 7.77 s
Elapsed time is 0.054660 seconds.
Data saved at t = 7.7799 s
Elapsed time is 0.038306 seconds.
Data saved at t = 7.79 s
Elapsed time is 0.051081 seconds.
156000 / 300000 time steps completed. t = 7.799950 s
Elapsed time is 9.205329 seconds.
Data saved at t = 7.7999 s
Elapsed time is 0.046156 seconds.
Data saved at t = 7.8099 s
Elapsed time is 0.050597 seconds.
Data saved at t = 7.8199 s
Elapsed time is 0.046234 seconds.
Data saved at t = 7.83 s
Elapsed time is 0.035048 seconds.
Data saved at t = 7.8399 s
Elapsed time is 0.044357 seconds.
Data saved at t = 7.8499 s
Elapsed time is 0.036688 seconds.
157200 / 300000 time steps completed. t = 7.859950 s
Elapsed time is 9.096170 seconds.
Data saved at t = 7.8599 s
Elapsed time is 0.047231 seconds.
Data saved at t = 7.87 s
Elapsed time is 0.037264 seconds.
Data saved at t = 7.88 s
Elapsed time is 0.048506 seconds.
Data saved at t = 7.8899 s
Elapsed time is 0.039939 seconds.
Data saved at t = 7.8999 s
Elapsed time is 0.044107 seconds.
Data saved at t = 7.91 s
Elapsed time is 0.036735 seconds.
158400 / 300000 time steps completed. t = 7.919950 s
Elapsed time is 9.050158 seconds.
Data saved at t = 7.92 s
Elapsed time is 0.050437 seconds.
Data saved at t = 7.9299 s
Elapsed time is 0.050071 seconds.
Data saved at t = 7.9399 s
Elapsed time is 0.055837 seconds.
Data saved at t = 7.95 s
Elapsed time is 0.033419 seconds.
Data saved at t = 7.96 s
Elapsed time is 0.049603 seconds.
Data saved at t = 7.9699 s
Elapsed time is 0.049591 seconds.
159600 / 300000 time steps completed. t = 7.979950 s
Elapsed time is 9.020812 seconds.
Data saved at t = 7.9799 s
Elapsed time is 0.039302 seconds.
Data saved at t = 7.99 s
Elapsed time is 0.041023 seconds.
Data saved at t = 7.9999 s
Elapsed time is 0.038309 seconds.
Data saved at t = 8.0099 s
Elapsed time is 0.041207 seconds.
Data saved at t = 8.0199 s
Elapsed time is 0.036550 seconds.
Data saved at t = 8.0299 s
Elapsed time is 0.035480 seconds.
160800 / 300000 time steps completed. t = 8.039950 s
Elapsed time is 8.990811 seconds.
Data saved at t = 8.0399 s
Elapsed time is 0.037825 seconds.
Data saved at t = 8.0499 s
Elapsed time is 0.047617 seconds.
Data saved at t = 8.06 s
Elapsed time is 0.039452 seconds.
Data saved at t = 8.07 s
Elapsed time is 0.045888 seconds.
Data saved at t = 8.08 s
Elapsed time is 0.038736 seconds.
Data saved at t = 8.0899 s
Elapsed time is 0.035711 seconds.
162000 / 300000 time steps completed. t = 8.099950 s
Elapsed time is 9.078207 seconds.
Data saved at t = 8.0999 s
Elapsed time is 0.049722 seconds.
Data saved at t = 8.1099 s
Elapsed time is 0.032117 seconds.
Data saved at t = 8.1199 s
Elapsed time is 0.033778 seconds.
Data saved at t = 8.1299 s
Elapsed time is 0.036437 seconds.
Data saved at t = 8.14 s
Elapsed time is 0.039562 seconds.
Data saved at t = 8.15 s
Elapsed time is 0.044237 seconds.
163200 / 300000 time steps completed. t = 8.159950 s
Elapsed time is 9.083644 seconds.
Data saved at t = 8.16 s
Elapsed time is 0.037831 seconds.
Data saved at t = 8.17 s
Elapsed time is 0.033977 seconds.
Data saved at t = 8.1799 s
Elapsed time is 0.036036 seconds.
Data saved at t = 8.1899 s
Elapsed time is 0.041702 seconds.
Data saved at t = 8.1999 s
Elapsed time is 0.042997 seconds.
Data saved at t = 8.2099 s
Elapsed time is 0.045576 seconds.
164400 / 300000 time steps completed. t = 8.219950 s
Elapsed time is 9.032486 seconds.
Data saved at t = 8.22 s
Elapsed time is 0.034602 seconds.
Data saved at t = 8.2299 s
Elapsed time is 0.039186 seconds.
Data saved at t = 8.24 s
Elapsed time is 0.042327 seconds.
Data saved at t = 8.25 s
Elapsed time is 0.050693 seconds.
Data saved at t = 8.2599 s
Elapsed time is 0.040968 seconds.
Data saved at t = 8.2699 s
Elapsed time is 0.041395 seconds.
165600 / 300000 time steps completed. t = 8.279950 s
Elapsed time is 9.168538 seconds.
Data saved at t = 8.2799 s
Elapsed time is 0.035597 seconds.
Data saved at t = 8.2899 s
Elapsed time is 0.042262 seconds.
Data saved at t = 8.3 s
Elapsed time is 0.046112 seconds.
Data saved at t = 8.3099 s
Elapsed time is 0.043291 seconds.
Data saved at t = 8.32 s
Elapsed time is 0.039999 seconds.
Data saved at t = 8.33 s
Elapsed time is 0.051034 seconds.
166800 / 300000 time steps completed. t = 8.339950 s
Elapsed time is 9.085709 seconds.
Data saved at t = 8.3399 s
Elapsed time is 0.048146 seconds.
Data saved at t = 8.3499 s
Elapsed time is 0.040940 seconds.
Data saved at t = 8.3599 s
Elapsed time is 0.041154 seconds.
Data saved at t = 8.3699 s
Elapsed time is 0.037339 seconds.
Data saved at t = 8.38 s
Elapsed time is 0.034402 seconds.
Data saved at t = 8.3899 s
Elapsed time is 0.042852 seconds.
168000 / 300000 time steps completed. t = 8.399950 s
Elapsed time is 8.985453 seconds.
Data saved at t = 8.4 s
Elapsed time is 0.039685 seconds.
Data saved at t = 8.41 s
Elapsed time is 0.041286 seconds.
Data saved at t = 8.42 s
Elapsed time is 0.037386 seconds.
Data saved at t = 8.4299 s
Elapsed time is 0.042843 seconds.
Data saved at t = 8.4399 s
Elapsed time is 0.049434 seconds.
Data saved at t = 8.4499 s
Elapsed time is 0.049254 seconds.
169200 / 300000 time steps completed. t = 8.459950 s
Elapsed time is 9.023003 seconds.
Data saved at t = 8.4599 s
Elapsed time is 0.046315 seconds.
Data saved at t = 8.4699 s
Elapsed time is 0.033994 seconds.
Data saved at t = 8.48 s
Elapsed time is 0.053068 seconds.
Data saved at t = 8.49 s
Elapsed time is 0.045470 seconds.
Data saved at t = 8.5 s
Elapsed time is 0.041454 seconds.
Data saved at t = 8.5099 s
Elapsed time is 0.040462 seconds.
170400 / 300000 time steps completed. t = 8.519950 s
Elapsed time is 9.089808 seconds.
Data saved at t = 8.5199 s
Elapsed time is 0.051934 seconds.
Data saved at t = 8.5299 s
Elapsed time is 0.037886 seconds.
Data saved at t = 8.5399 s
Elapsed time is 0.044259 seconds.
Data saved at t = 8.5499 s
Elapsed time is 0.038475 seconds.
Data saved at t = 8.56 s
Elapsed time is 0.040061 seconds.
Data saved at t = 8.57 s
Elapsed time is 0.035348 seconds.
171600 / 300000 time steps completed. t = 8.579950 s
Elapsed time is 9.117779 seconds.
Data saved at t = 8.58 s
Elapsed time is 0.034656 seconds.
Data saved at t = 8.5899 s
Elapsed time is 0.048595 seconds.
Data saved at t = 8.5999 s
Elapsed time is 0.040023 seconds.
Data saved at t = 8.6099 s
Elapsed time is 0.044617 seconds.
Data saved at t = 8.6199 s
Elapsed time is 0.039080 seconds.
Data saved at t = 8.6299 s
Elapsed time is 0.043362 seconds.
172800 / 300000 time steps completed. t = 8.639950 s
Elapsed time is 9.190439 seconds.
Data saved at t = 8.64 s
Elapsed time is 0.043388 seconds.
Data saved at t = 8.6499 s
Elapsed time is 0.046395 seconds.
Data saved at t = 8.66 s
Elapsed time is 0.037103 seconds.
Data saved at t = 8.67 s
Elapsed time is 0.034409 seconds.
Data saved at t = 8.6799 s
Elapsed time is 0.037370 seconds.
Data saved at t = 8.6899 s
Elapsed time is 0.040513 seconds.
174000 / 300000 time steps completed. t = 8.699950 s
Elapsed time is 9.101035 seconds.
Data saved at t = 8.6999 s
Elapsed time is 0.034472 seconds.
Data saved at t = 8.7099 s
Elapsed time is 0.047509 seconds.
Data saved at t = 8.72 s
Elapsed time is 0.041350 seconds.
Data saved at t = 8.7299 s
Elapsed time is 0.038229 seconds.
Data saved at t = 8.74 s
Elapsed time is 0.034887 seconds.
Data saved at t = 8.75 s
Elapsed time is 0.045076 seconds.
175200 / 300000 time steps completed. t = 8.759950 s
Elapsed time is 9.061734 seconds.
Data saved at t = 8.7599 s
Elapsed time is 0.033500 seconds.
Data saved at t = 8.7699 s
Elapsed time is 0.051216 seconds.
Data saved at t = 8.7799 s
Elapsed time is 0.041401 seconds.
Data saved at t = 8.7899 s
Elapsed time is 0.033266 seconds.
Data saved at t = 8.8 s
Elapsed time is 0.035426 seconds.
Data saved at t = 8.8099 s
Elapsed time is 0.035455 seconds.
176400 / 300000 time steps completed. t = 8.819950 s
Elapsed time is 8.744401 seconds.
Data saved at t = 8.82 s
Elapsed time is 0.034091 seconds.
Data saved at t = 8.83 s
Elapsed time is 0.034169 seconds.
Data saved at t = 8.8399 s
Elapsed time is 0.035532 seconds.
Data saved at t = 8.8499 s
Elapsed time is 0.043379 seconds.
Data saved at t = 8.8599 s
Elapsed time is 0.051456 seconds.
Data saved at t = 8.87 s
Elapsed time is 0.035933 seconds.
177600 / 300000 time steps completed. t = 8.879950 s
Elapsed time is 9.104859 seconds.
Data saved at t = 8.8799 s
Elapsed time is 0.048957 seconds.
Data saved at t = 8.8899 s
Elapsed time is 0.036758 seconds.
Data saved at t = 8.9 s
Elapsed time is 0.042729 seconds.
Data saved at t = 8.91 s
Elapsed time is 0.044730 seconds.
Data saved at t = 8.92 s
Elapsed time is 0.044360 seconds.
Data saved at t = 8.9299 s
Elapsed time is 0.036046 seconds.
178800 / 300000 time steps completed. t = 8.939950 s
Elapsed time is 9.061576 seconds.
Data saved at t = 8.9399 s
Elapsed time is 0.038963 seconds.
Data saved at t = 8.95 s
Elapsed time is 0.035375 seconds.
Data saved at t = 8.9599 s
Elapsed time is 0.040125 seconds.
Data saved at t = 8.9699 s
Elapsed time is 0.040633 seconds.
Data saved at t = 8.98 s
Elapsed time is 0.045133 seconds.
Data saved at t = 8.99 s
Elapsed time is 0.041961 seconds.
180000 / 300000 time steps completed. t = 8.999950 s
Elapsed time is 8.953706 seconds.
Data saved at t = 9 s
Elapsed time is 0.033366 seconds.
Data saved at t = 9.0099 s
Elapsed time is 0.046153 seconds.
Data saved at t = 9.0199 s
Elapsed time is 0.038905 seconds.
Data saved at t = 9.03 s
Elapsed time is 0.064541 seconds.
Data saved at t = 9.0399 s
Elapsed time is 0.037875 seconds.
Data saved at t = 9.0499 s
Elapsed time is 0.039136 seconds.
181200 / 300000 time steps completed. t = 9.059950 s
Elapsed time is 9.038694 seconds.
Data saved at t = 9.06 s
Elapsed time is 0.039827 seconds.
Data saved at t = 9.0699 s
Elapsed time is 0.037972 seconds.
Data saved at t = 9.08 s
Elapsed time is 0.034738 seconds.
Data saved at t = 9.0899 s
Elapsed time is 0.039516 seconds.
Data saved at t = 9.0999 s
Elapsed time is 0.047462 seconds.
Data saved at t = 9.1099 s
Elapsed time is 0.034130 seconds.
182400 / 300000 time steps completed. t = 9.119950 s
Elapsed time is 9.038048 seconds.
Data saved at t = 9.1199 s
Elapsed time is 0.050385 seconds.
Data saved at t = 9.13 s
Elapsed time is 0.036634 seconds.
Data saved at t = 9.14 s
Elapsed time is 0.036749 seconds.
Data saved at t = 9.1499 s
Elapsed time is 0.041623 seconds.
Data saved at t = 9.16 s
Elapsed time is 0.042729 seconds.
Data saved at t = 9.17 s
Elapsed time is 0.044435 seconds.
183600 / 300000 time steps completed. t = 9.179950 s
Elapsed time is 9.006845 seconds.
Data saved at t = 9.1799 s
Elapsed time is 0.035274 seconds.
Data saved at t = 9.1899 s
Elapsed time is 0.038477 seconds.
Data saved at t = 9.1999 s
Elapsed time is 0.055731 seconds.
Data saved at t = 9.21 s
Elapsed time is 0.045322 seconds.
Data saved at t = 9.22 s
Elapsed time is 0.039718 seconds.
Data saved at t = 9.2299 s
Elapsed time is 0.039637 seconds.
184800 / 300000 time steps completed. t = 9.239950 s
Elapsed time is 9.056971 seconds.
Data saved at t = 9.24 s
Elapsed time is 0.042313 seconds.
Data saved at t = 9.25 s
Elapsed time is 0.045916 seconds.
Data saved at t = 9.2599 s
Elapsed time is 0.039104 seconds.
Data saved at t = 9.2699 s
Elapsed time is 0.036004 seconds.
Data saved at t = 9.2799 s
Elapsed time is 0.034807 seconds.
Data saved at t = 9.29 s
Elapsed time is 0.036646 seconds.
186000 / 300000 time steps completed. t = 9.299950 s
Elapsed time is 9.024737 seconds.
Data saved at t = 9.2999 s
Elapsed time is 0.036541 seconds.
Data saved at t = 9.3099 s
Elapsed time is 0.035364 seconds.
Data saved at t = 9.32 s
Elapsed time is 0.038192 seconds.
Data saved at t = 9.33 s
Elapsed time is 0.040835 seconds.
Data saved at t = 9.3399 s
Elapsed time is 0.040269 seconds.
Data saved at t = 9.3499 s
Elapsed time is 0.035514 seconds.
187200 / 300000 time steps completed. t = 9.359950 s
Elapsed time is 9.116607 seconds.
Data saved at t = 9.3599 s
Elapsed time is 0.041617 seconds.
Data saved at t = 9.37 s
Elapsed time is 0.036628 seconds.
Data saved at t = 9.3799 s
Elapsed time is 0.039172 seconds.
Data saved at t = 9.39 s
Elapsed time is 0.036288 seconds.
Data saved at t = 9.4 s
Elapsed time is 0.038207 seconds.
Data saved at t = 9.41 s
Elapsed time is 0.033900 seconds.
188400 / 300000 time steps completed. t = 9.419950 s
Elapsed time is 9.007258 seconds.
Data saved at t = 9.42 s
Elapsed time is 0.040577 seconds.
Data saved at t = 9.4299 s
Elapsed time is 0.045437 seconds.
Data saved at t = 9.4399 s
Elapsed time is 0.042074 seconds.
Data saved at t = 9.45 s
Elapsed time is 0.041234 seconds.
Data saved at t = 9.46 s
Elapsed time is 0.041271 seconds.
Data saved at t = 9.47 s
Elapsed time is 0.044004 seconds.
189600 / 300000 time steps completed. t = 9.479950 s
Elapsed time is 9.096404 seconds.
Data saved at t = 9.4799 s
Elapsed time is 0.042564 seconds.
Data saved at t = 9.49 s
Elapsed time is 0.039252 seconds.
Data saved at t = 9.5 s
Elapsed time is 0.051253 seconds.
Data saved at t = 9.5099 s
Elapsed time is 0.037164 seconds.
Data saved at t = 9.5199 s
Elapsed time is 0.033610 seconds.
Data saved at t = 9.5299 s
Elapsed time is 0.042103 seconds.
190800 / 300000 time steps completed. t = 9.539950 s
Elapsed time is 9.070238 seconds.
Data saved at t = 9.54 s
Elapsed time is 0.055792 seconds.
Data saved at t = 9.55 s
Elapsed time is 0.037391 seconds.
Data saved at t = 9.5599 s
Elapsed time is 0.043299 seconds.
Data saved at t = 9.57 s
Elapsed time is 0.036597 seconds.
Data saved at t = 9.58 s
Elapsed time is 0.041505 seconds.
Data saved at t = 9.5899 s
Elapsed time is 0.040960 seconds.
192000 / 300000 time steps completed. t = 9.599950 s
Elapsed time is 9.116354 seconds.
Data saved at t = 9.5999 s
Elapsed time is 0.041901 seconds.
Data saved at t = 9.6099 s
Elapsed time is 0.038790 seconds.
Data saved at t = 9.62 s
Elapsed time is 0.041895 seconds.
Data saved at t = 9.63 s
Elapsed time is 0.042269 seconds.
Data saved at t = 9.6399 s
Elapsed time is 0.036798 seconds.
Data saved at t = 9.65 s
Elapsed time is 0.041995 seconds.
193200 / 300000 time steps completed. t = 9.659950 s
Elapsed time is 9.012646 seconds.
Data saved at t = 9.66 s
Elapsed time is 0.039089 seconds.
Data saved at t = 9.6699 s
Elapsed time is 0.037230 seconds.
Data saved at t = 9.6799 s
Elapsed time is 0.041155 seconds.
Data saved at t = 9.6899 s
Elapsed time is 0.034682 seconds.
Data saved at t = 9.6999 s
Elapsed time is 0.038645 seconds.
Data saved at t = 9.71 s
Elapsed time is 0.032395 seconds.
194400 / 300000 time steps completed. t = 9.719950 s
Elapsed time is 9.037356 seconds.
Data saved at t = 9.7199 s
Elapsed time is 0.044041 seconds.
Data saved at t = 9.73 s
Elapsed time is 0.040311 seconds.
Data saved at t = 9.74 s
Elapsed time is 0.048726 seconds.
Data saved at t = 9.7499 s
Elapsed time is 0.042190 seconds.
Data saved at t = 9.7599 s
Elapsed time is 0.056375 seconds.
Data saved at t = 9.7699 s
Elapsed time is 0.045668 seconds.
195600 / 300000 time steps completed. t = 9.779950 s
Elapsed time is 8.966537 seconds.
Data saved at t = 9.7799 s
Elapsed time is 0.037720 seconds.
Data saved at t = 9.79 s
Elapsed time is 0.038896 seconds.
Data saved at t = 9.7999 s
Elapsed time is 0.040971 seconds.
Data saved at t = 9.81 s
Elapsed time is 0.039845 seconds.
Data saved at t = 9.82 s
Elapsed time is 0.039780 seconds.
Data saved at t = 9.83 s
Elapsed time is 0.037323 seconds.
196800 / 300000 time steps completed. t = 9.839950 s
Elapsed time is 9.056068 seconds.
Data saved at t = 9.8399 s
Elapsed time is 0.047731 seconds.
Data saved at t = 9.8499 s
Elapsed time is 0.042716 seconds.
Data saved at t = 9.8599 s
Elapsed time is 0.034549 seconds.
Data saved at t = 9.87 s
Elapsed time is 0.040751 seconds.
Data saved at t = 9.8799 s
Elapsed time is 0.040564 seconds.
Data saved at t = 9.8899 s
Elapsed time is 0.037702 seconds.
198000 / 300000 time steps completed. t = 9.899950 s
Elapsed time is 8.978758 seconds.
Data saved at t = 9.9 s
Elapsed time is 0.048844 seconds.
Data saved at t = 9.91 s
Elapsed time is 0.040819 seconds.
Data saved at t = 9.92 s
Elapsed time is 0.038329 seconds.
Data saved at t = 9.9299 s
Elapsed time is 0.038043 seconds.
Data saved at t = 9.9399 s
Elapsed time is 0.038681 seconds.
Data saved at t = 9.95 s
Elapsed time is 0.041514 seconds.
199200 / 300000 time steps completed. t = 9.959950 s
Elapsed time is 9.073068 seconds.
Data saved at t = 9.9599 s
Elapsed time is 0.036853 seconds.
Data saved at t = 9.9699 s
Elapsed time is 0.042030 seconds.
Data saved at t = 9.98 s
Elapsed time is 0.045469 seconds.
Data saved at t = 9.99 s
Elapsed time is 0.044452 seconds.
Data saved at t = 10 s
Elapsed time is 0.040099 seconds.
Data saved at t = 10.0099 s
Elapsed time is 0.038318 seconds.
200400 / 300000 time steps completed. t = 10.019950 s
Elapsed time is 9.026842 seconds.
Data saved at t = 10.0199 s
Elapsed time is 0.036716 seconds.
Data saved at t = 10.03 s
Elapsed time is 0.039900 seconds.
Data saved at t = 10.0399 s
Elapsed time is 0.133450 seconds.
Data saved at t = 10.0499 s
Elapsed time is 0.043007 seconds.
Data saved at t = 10.06 s
Elapsed time is 0.038272 seconds.
Data saved at t = 10.07 s
Elapsed time is 0.037183 seconds.
201600 / 300000 time steps completed. t = 10.079950 s
Elapsed time is 9.097907 seconds.
Data saved at t = 10.08 s
Elapsed time is 0.045993 seconds.
Data saved at t = 10.0899 s
Elapsed time is 0.041893 seconds.
Data saved at t = 10.0999 s
Elapsed time is 0.076734 seconds.
Data saved at t = 10.11 s
Elapsed time is 0.040631 seconds.
Data saved at t = 10.1199 s
Elapsed time is 0.042192 seconds.
Data saved at t = 10.1299 s
Elapsed time is 0.042786 seconds.
202800 / 300000 time steps completed. t = 10.139950 s
Elapsed time is 9.051755 seconds.
Data saved at t = 10.14 s
Elapsed time is 0.042230 seconds.
Data saved at t = 10.15 s
Elapsed time is 0.032999 seconds.
Data saved at t = 10.1599 s
Elapsed time is 0.034711 seconds.
Data saved at t = 10.17 s
Elapsed time is 0.034920 seconds.
Data saved at t = 10.1799 s
Elapsed time is 0.035347 seconds.
Data saved at t = 10.19 s
Elapsed time is 0.038953 seconds.
204000 / 300000 time steps completed. t = 10.199950 s
Elapsed time is 8.753221 seconds.
Data saved at t = 10.1999 s
Elapsed time is 0.055122 seconds.
Data saved at t = 10.2099 s
Elapsed time is 0.043788 seconds.
Data saved at t = 10.22 s
Elapsed time is 0.038406 seconds.
Data saved at t = 10.23 s
Elapsed time is 0.042380 seconds.
Data saved at t = 10.2399 s
Elapsed time is 0.035973 seconds.
Data saved at t = 10.25 s
Elapsed time is 0.038613 seconds.
205200 / 300000 time steps completed. t = 10.259950 s
Elapsed time is 9.125807 seconds.
Data saved at t = 10.2599 s
Elapsed time is 0.037767 seconds.
Data saved at t = 10.27 s
Elapsed time is 0.035074 seconds.
Data saved at t = 10.2799 s
Elapsed time is 0.038746 seconds.
Data saved at t = 10.2899 s
Elapsed time is 0.038535 seconds.
Data saved at t = 10.3 s
Elapsed time is 0.037863 seconds.
Data saved at t = 10.31 s
Elapsed time is 0.042239 seconds.
206400 / 300000 time steps completed. t = 10.319950 s
Elapsed time is 9.044320 seconds.
Data saved at t = 10.3199 s
Elapsed time is 0.032623 seconds.
Data saved at t = 10.33 s
Elapsed time is 0.038892 seconds.
Data saved at t = 10.3399 s
Elapsed time is 0.044979 seconds.
Data saved at t = 10.3499 s
Elapsed time is 0.051807 seconds.
Data saved at t = 10.3599 s
Elapsed time is 0.036621 seconds.
Data saved at t = 10.3699 s
Elapsed time is 0.045066 seconds.
207600 / 300000 time steps completed. t = 10.379950 s
Elapsed time is 8.972822 seconds.
Data saved at t = 10.38 s
Elapsed time is 0.041085 seconds.
Data saved at t = 10.39 s
Elapsed time is 0.052702 seconds.
Data saved at t = 10.3999 s
Elapsed time is 0.035852 seconds.
Data saved at t = 10.41 s
Elapsed time is 0.053014 seconds.
Data saved at t = 10.42 s
Elapsed time is 0.036576 seconds.
Data saved at t = 10.4299 s
Elapsed time is 0.037165 seconds.
208800 / 300000 time steps completed. t = 10.439950 s
Elapsed time is 9.049333 seconds.
Data saved at t = 10.4399 s
Elapsed time is 0.035605 seconds.
Data saved at t = 10.4499 s
Elapsed time is 0.035639 seconds.
Data saved at t = 10.46 s
Elapsed time is 0.050683 seconds.
Data saved at t = 10.47 s
Elapsed time is 0.040090 seconds.
Data saved at t = 10.4799 s
Elapsed time is 0.044682 seconds.
Data saved at t = 10.49 s
Elapsed time is 0.044058 seconds.
210000 / 300000 time steps completed. t = 10.499950 s
Elapsed time is 9.145168 seconds.
Data saved at t = 10.5 s
Elapsed time is 0.034370 seconds.
Data saved at t = 10.5099 s
Elapsed time is 0.038084 seconds.
Data saved at t = 10.5199 s
Elapsed time is 0.034926 seconds.
Data saved at t = 10.5299 s
Elapsed time is 0.048872 seconds.
Data saved at t = 10.5399 s
Elapsed time is 0.049576 seconds.
Data saved at t = 10.55 s
Elapsed time is 0.038779 seconds.
211200 / 300000 time steps completed. t = 10.559950 s
Elapsed time is 9.012274 seconds.
Data saved at t = 10.5599 s
Elapsed time is 0.040763 seconds.
Data saved at t = 10.57 s
Elapsed time is 0.034437 seconds.
Data saved at t = 10.58 s
Elapsed time is 0.038058 seconds.
Data saved at t = 10.5899 s
Elapsed time is 0.039774 seconds.
Data saved at t = 10.5999 s
Elapsed time is 0.035874 seconds.
Data saved at t = 10.6099 s
Elapsed time is 0.039348 seconds.
212400 / 300000 time steps completed. t = 10.619950 s
Elapsed time is 9.013962 seconds.
Data saved at t = 10.6199 s
Elapsed time is 0.039071 seconds.
Data saved at t = 10.63 s
Elapsed time is 0.051237 seconds.
Data saved at t = 10.6399 s
Elapsed time is 0.041754 seconds.
Data saved at t = 10.65 s
Elapsed time is 0.038935 seconds.
Data saved at t = 10.66 s
Elapsed time is 0.042230 seconds.
Data saved at t = 10.67 s
Elapsed time is 0.047112 seconds.
213600 / 300000 time steps completed. t = 10.679950 s
Elapsed time is 9.150515 seconds.
Data saved at t = 10.6799 s
Elapsed time is 0.041967 seconds.
Data saved at t = 10.6899 s
Elapsed time is 0.043507 seconds.
Data saved at t = 10.6999 s
Elapsed time is 0.046656 seconds.
Data saved at t = 10.71 s
Elapsed time is 0.039512 seconds.
Data saved at t = 10.7199 s
Elapsed time is 0.045050 seconds.
Data saved at t = 10.7299 s
Elapsed time is 0.046631 seconds.
214800 / 300000 time steps completed. t = 10.739950 s
Elapsed time is 9.078376 seconds.
Data saved at t = 10.74 s
Elapsed time is 0.051770 seconds.
Data saved at t = 10.75 s
Elapsed time is 0.038830 seconds.
Data saved at t = 10.7599 s
Elapsed time is 0.035722 seconds.
Data saved at t = 10.7699 s
Elapsed time is 0.039160 seconds.
Data saved at t = 10.7799 s
Elapsed time is 0.050343 seconds.
Data saved at t = 10.79 s
Elapsed time is 0.046698 seconds.
216000 / 300000 time steps completed. t = 10.799950 s
Elapsed time is 8.950537 seconds.
Data saved at t = 10.7999 s
Elapsed time is 0.039671 seconds.
Data saved at t = 10.8099 s
Elapsed time is 0.049818 seconds.
Data saved at t = 10.82 s
Elapsed time is 0.041342 seconds.
Data saved at t = 10.83 s
Elapsed time is 0.034496 seconds.
Data saved at t = 10.8399 s
Elapsed time is 0.040197 seconds.
Data saved at t = 10.8499 s
Elapsed time is 0.056360 seconds.
217200 / 300000 time steps completed. t = 10.859950 s
Elapsed time is 9.009172 seconds.
Data saved at t = 10.8599 s
Elapsed time is 0.052680 seconds.
Data saved at t = 10.87 s
Elapsed time is 0.061264 seconds.
Data saved at t = 10.8799 s
Elapsed time is 0.041890 seconds.
Data saved at t = 10.8899 s
Elapsed time is 0.037639 seconds.
Data saved at t = 10.9 s
Elapsed time is 0.031475 seconds.
Data saved at t = 10.91 s
Elapsed time is 0.043286 seconds.
218400 / 300000 time steps completed. t = 10.919950 s
Elapsed time is 9.134828 seconds.
Data saved at t = 10.92 s
Elapsed time is 0.040783 seconds.
Data saved at t = 10.9299 s
Elapsed time is 0.041569 seconds.
Data saved at t = 10.9399 s
Elapsed time is 0.039108 seconds.
Data saved at t = 10.95 s
Elapsed time is 0.037901 seconds.
Data saved at t = 10.9599 s
Elapsed time is 0.040117 seconds.
Data saved at t = 10.9699 s
Elapsed time is 0.035696 seconds.
219600 / 300000 time steps completed. t = 10.979950 s
Elapsed time is 9.137634 seconds.
Data saved at t = 10.98 s
Elapsed time is 0.042571 seconds.
Data saved at t = 10.99 s
Elapsed time is 0.038438 seconds.
Data saved at t = 10.9999 s
Elapsed time is 0.039006 seconds.
Data saved at t = 11.0099 s
Elapsed time is 0.044228 seconds.
Data saved at t = 11.0199 s
Elapsed time is 0.038432 seconds.
Data saved at t = 11.03 s
Elapsed time is 0.040898 seconds.
220800 / 300000 time steps completed. t = 11.039950 s
Elapsed time is 9.021347 seconds.
Data saved at t = 11.0399 s
Elapsed time is 0.041090 seconds.
Data saved at t = 11.0499 s
Elapsed time is 0.041828 seconds.
Data saved at t = 11.06 s
Elapsed time is 0.057474 seconds.
Data saved at t = 11.07 s
Elapsed time is 0.040200 seconds.
Data saved at t = 11.0799 s
Elapsed time is 0.041367 seconds.
Data saved at t = 11.0899 s
Elapsed time is 0.043509 seconds.
222000 / 300000 time steps completed. t = 11.099950 s
Elapsed time is 9.025924 seconds.
Data saved at t = 11.0999 s
Elapsed time is 0.038766 seconds.
Data saved at t = 11.11 s
Elapsed time is 0.043045 seconds.
Data saved at t = 11.1199 s
Elapsed time is 0.041657 seconds.
Data saved at t = 11.1299 s
Elapsed time is 0.044568 seconds.
Data saved at t = 11.14 s
Elapsed time is 0.042593 seconds.
Data saved at t = 11.15 s
Elapsed time is 0.045632 seconds.
223200 / 300000 time steps completed. t = 11.159950 s
Elapsed time is 9.109416 seconds.
Data saved at t = 11.1599 s
Elapsed time is 0.041877 seconds.
Data saved at t = 11.17 s
Elapsed time is 0.034730 seconds.
Data saved at t = 11.1799 s
Elapsed time is 0.039283 seconds.
Data saved at t = 11.1899 s
Elapsed time is 0.053031 seconds.
Data saved at t = 11.1999 s
Elapsed time is 0.049713 seconds.
Data saved at t = 11.2099 s
Elapsed time is 0.044657 seconds.
224400 / 300000 time steps completed. t = 11.219950 s
Elapsed time is 9.125170 seconds.
Data saved at t = 11.22 s
Elapsed time is 0.037060 seconds.
Data saved at t = 11.23 s
Elapsed time is 0.041092 seconds.
Data saved at t = 11.2399 s
Elapsed time is 0.049481 seconds.
Data saved at t = 11.25 s
Elapsed time is 0.039236 seconds.
Data saved at t = 11.2599 s
Elapsed time is 0.040077 seconds.
Data saved at t = 11.2699 s
Elapsed time is 0.036501 seconds.
225600 / 300000 time steps completed. t = 11.279950 s
Elapsed time is 9.121307 seconds.
Data saved at t = 11.2799 s
Elapsed time is 0.035893 seconds.
Data saved at t = 11.2899 s
Elapsed time is 0.041312 seconds.
Data saved at t = 11.3 s
Elapsed time is 0.042282 seconds.
Data saved at t = 11.31 s
Elapsed time is 0.040396 seconds.
Data saved at t = 11.3199 s
Elapsed time is 0.046446 seconds.
Data saved at t = 11.33 s
Elapsed time is 0.040962 seconds.
226800 / 300000 time steps completed. t = 11.339950 s
Elapsed time is 9.038036 seconds.
Data saved at t = 11.3399 s
Elapsed time is 0.039907 seconds.
Data saved at t = 11.3499 s
Elapsed time is 0.042818 seconds.
Data saved at t = 11.3599 s
Elapsed time is 0.039244 seconds.
Data saved at t = 11.3699 s
Elapsed time is 0.038136 seconds.
Data saved at t = 11.3799 s
Elapsed time is 0.035611 seconds.
Data saved at t = 11.39 s
Elapsed time is 0.034909 seconds.
228000 / 300000 time steps completed. t = 11.399950 s
Elapsed time is 9.118419 seconds.
Data saved at t = 11.3999 s
Elapsed time is 0.036845 seconds.
Data saved at t = 11.41 s
Elapsed time is 0.044134 seconds.
Data saved at t = 11.42 s
Elapsed time is 0.041666 seconds.
Data saved at t = 11.4299 s
Elapsed time is 0.048708 seconds.
Data saved at t = 11.44 s
Elapsed time is 0.041172 seconds.
Data saved at t = 11.4499 s
Elapsed time is 0.048271 seconds.
229200 / 300000 time steps completed. t = 11.459950 s
Elapsed time is 9.133865 seconds.
Data saved at t = 11.4599 s
Elapsed time is 0.056251 seconds.
Data saved at t = 11.47 s
Elapsed time is 0.041279 seconds.
Data saved at t = 11.4799 s
Elapsed time is 0.042738 seconds.
Data saved at t = 11.49 s
Elapsed time is 0.044565 seconds.
Data saved at t = 11.5 s
Elapsed time is 0.044831 seconds.
Data saved at t = 11.5099 s
Elapsed time is 0.032470 seconds.
230400 / 300000 time steps completed. t = 11.519950 s
Elapsed time is 9.012550 seconds.
Data saved at t = 11.52 s
Elapsed time is 0.040038 seconds.
Data saved at t = 11.5299 s
Elapsed time is 0.036335 seconds.
Data saved at t = 11.5399 s
Elapsed time is 0.063482 seconds.
Data saved at t = 11.55 s
Elapsed time is 0.040306 seconds.
Data saved at t = 11.5599 s
Elapsed time is 0.045403 seconds.
Data saved at t = 11.5699 s
Elapsed time is 0.052276 seconds.
231600 / 300000 time steps completed. t = 11.579950 s
Elapsed time is 8.913032 seconds.
Data saved at t = 11.58 s
Elapsed time is 0.040537 seconds.
Data saved at t = 11.5899 s
Elapsed time is 0.050583 seconds.
Data saved at t = 11.6 s
Elapsed time is 0.042127 seconds.
Data saved at t = 11.6099 s
Elapsed time is 0.043652 seconds.
Data saved at t = 11.6199 s
Elapsed time is 0.039419 seconds.
Data saved at t = 11.63 s
Elapsed time is 0.036322 seconds.
232800 / 300000 time steps completed. t = 11.639950 s
Elapsed time is 8.977810 seconds.
Data saved at t = 11.6399 s
Elapsed time is 0.032655 seconds.
Data saved at t = 11.6499 s
Elapsed time is 0.039144 seconds.
Data saved at t = 11.66 s
Elapsed time is 0.038749 seconds.
Data saved at t = 11.67 s
Elapsed time is 0.037937 seconds.
Data saved at t = 11.68 s
Elapsed time is 0.050235 seconds.
Data saved at t = 11.6899 s
Elapsed time is 0.052654 seconds.
234000 / 300000 time steps completed. t = 11.699950 s
Elapsed time is 9.067391 seconds.
Data saved at t = 11.6999 s
Elapsed time is 0.046229 seconds.
Data saved at t = 11.71 s
Elapsed time is 0.047801 seconds.
Data saved at t = 11.7199 s
Elapsed time is 0.042207 seconds.
Data saved at t = 11.7299 s
Elapsed time is 0.039891 seconds.
Data saved at t = 11.74 s
Elapsed time is 0.048339 seconds.
Data saved at t = 11.75 s
Elapsed time is 0.034083 seconds.
235200 / 300000 time steps completed. t = 11.759950 s
Elapsed time is 9.051425 seconds.
Data saved at t = 11.76 s
Elapsed time is 0.039739 seconds.
Data saved at t = 11.7699 s
Elapsed time is 0.038401 seconds.
Data saved at t = 11.7799 s
Elapsed time is 0.043219 seconds.
Data saved at t = 11.79 s
Elapsed time is 0.052698 seconds.
Data saved at t = 11.7999 s
Elapsed time is 0.041792 seconds.
Data saved at t = 11.8099 s
Elapsed time is 0.037543 seconds.
236400 / 300000 time steps completed. t = 11.819950 s
Elapsed time is 8.765028 seconds.
Data saved at t = 11.82 s
Elapsed time is 0.036031 seconds.
Data saved at t = 11.83 s
Elapsed time is 0.034901 seconds.
Data saved at t = 11.8399 s
Elapsed time is 0.035390 seconds.
Data saved at t = 11.8499 s
Elapsed time is 0.035607 seconds.
Data saved at t = 11.8599 s
Elapsed time is 0.045026 seconds.
Data saved at t = 11.87 s
Elapsed time is 0.035151 seconds.
237600 / 300000 time steps completed. t = 11.879950 s
Elapsed time is 9.217928 seconds.
Data saved at t = 11.88 s
Elapsed time is 0.039317 seconds.
Data saved at t = 11.8899 s
Elapsed time is 0.039957 seconds.
Data saved at t = 11.9 s
Elapsed time is 0.042311 seconds.
Data saved at t = 11.91 s
Elapsed time is 0.046728 seconds.
Data saved at t = 11.9199 s
Elapsed time is 0.048230 seconds.
Data saved at t = 11.9299 s
Elapsed time is 0.041529 seconds.
238800 / 300000 time steps completed. t = 11.939950 s
Elapsed time is 9.165414 seconds.
Data saved at t = 11.9399 s
Elapsed time is 0.038596 seconds.
Data saved at t = 11.95 s
Elapsed time is 0.038163 seconds.
Data saved at t = 11.96 s
Elapsed time is 0.041446 seconds.
Data saved at t = 11.9699 s
Elapsed time is 0.034802 seconds.
Data saved at t = 11.98 s
Elapsed time is 0.050467 seconds.
Data saved at t = 11.99 s
Elapsed time is 0.042443 seconds.
240000 / 300000 time steps completed. t = 11.999950 s
Elapsed time is 9.036499 seconds.
Data saved at t = 11.9999 s
Elapsed time is 0.033239 seconds.
Data saved at t = 12.0099 s
Elapsed time is 0.048201 seconds.
Data saved at t = 12.0199 s
Elapsed time is 0.043690 seconds.
Data saved at t = 12.0299 s
Elapsed time is 0.038413 seconds.
Data saved at t = 12.04 s
Elapsed time is 0.056891 seconds.
Data saved at t = 12.0499 s
Elapsed time is 0.044999 seconds.
241200 / 300000 time steps completed. t = 12.059950 s
Elapsed time is 9.032798 seconds.
Data saved at t = 12.06 s
Elapsed time is 0.044393 seconds.
Data saved at t = 12.07 s
Elapsed time is 0.037596 seconds.
Data saved at t = 12.0799 s
Elapsed time is 0.045830 seconds.
Data saved at t = 12.0899 s
Elapsed time is 0.037281 seconds.
Data saved at t = 12.0999 s
Elapsed time is 0.035916 seconds.
Data saved at t = 12.1099 s
Elapsed time is 0.039710 seconds.
242400 / 300000 time steps completed. t = 12.119950 s
Elapsed time is 9.164204 seconds.
Data saved at t = 12.12 s
Elapsed time is 0.039019 seconds.
Data saved at t = 12.1299 s
Elapsed time is 0.036267 seconds.
Data saved at t = 12.14 s
Elapsed time is 0.048238 seconds.
Data saved at t = 12.15 s
Elapsed time is 0.042265 seconds.
Data saved at t = 12.1599 s
Elapsed time is 0.036582 seconds.
Data saved at t = 12.17 s
Elapsed time is 0.046663 seconds.
243600 / 300000 time steps completed. t = 12.179950 s
Elapsed time is 9.159486 seconds.
Data saved at t = 12.1799 s
Elapsed time is 0.033719 seconds.
Data saved at t = 12.1899 s
Elapsed time is 0.038973 seconds.
Data saved at t = 12.2 s
Elapsed time is 0.035227 seconds.
Data saved at t = 12.2099 s
Elapsed time is 0.047848 seconds.
Data saved at t = 12.2199 s
Elapsed time is 0.040693 seconds.
Data saved at t = 12.23 s
Elapsed time is 0.055657 seconds.
244800 / 300000 time steps completed. t = 12.239950 s
Elapsed time is 9.155470 seconds.
Data saved at t = 12.2399 s
Elapsed time is 0.040796 seconds.
Data saved at t = 12.25 s
Elapsed time is 0.039754 seconds.
Data saved at t = 12.2599 s
Elapsed time is 0.041304 seconds.
Data saved at t = 12.2699 s
Elapsed time is 0.044094 seconds.
Data saved at t = 12.28 s
Elapsed time is 0.039091 seconds.
Data saved at t = 12.2899 s
Elapsed time is 0.036687 seconds.
246000 / 300000 time steps completed. t = 12.299950 s
Elapsed time is 9.065638 seconds.
Data saved at t = 12.2999 s
Elapsed time is 0.047349 seconds.
Data saved at t = 12.31 s
Elapsed time is 0.051322 seconds.
Data saved at t = 12.32 s
Elapsed time is 0.040023 seconds.
Data saved at t = 12.33 s
Elapsed time is 0.037567 seconds.
Data saved at t = 12.3399 s
Elapsed time is 0.044892 seconds.
Data saved at t = 12.3499 s
Elapsed time is 0.047030 seconds.
247200 / 300000 time steps completed. t = 12.359950 s
Elapsed time is 9.085762 seconds.
Data saved at t = 12.36 s
Elapsed time is 0.040033 seconds.
Data saved at t = 12.3699 s
Elapsed time is 0.034830 seconds.
Data saved at t = 12.3799 s
Elapsed time is 0.041841 seconds.
Data saved at t = 12.39 s
Elapsed time is 0.047851 seconds.
Data saved at t = 12.4 s
Elapsed time is 0.039789 seconds.
Data saved at t = 12.4099 s
Elapsed time is 0.044282 seconds.
248400 / 300000 time steps completed. t = 12.419950 s
Elapsed time is 9.164211 seconds.
Data saved at t = 12.42 s
Elapsed time is 0.036203 seconds.
Data saved at t = 12.4299 s
Elapsed time is 0.048501 seconds.
Data saved at t = 12.44 s
Elapsed time is 0.037840 seconds.
Data saved at t = 12.4499 s
Elapsed time is 0.039650 seconds.
Data saved at t = 12.4599 s
Elapsed time is 0.035396 seconds.
Data saved at t = 12.47 s
Elapsed time is 0.036542 seconds.
249600 / 300000 time steps completed. t = 12.479950 s
Elapsed time is 9.073327 seconds.
Data saved at t = 12.48 s
Elapsed time is 0.041551 seconds.
Data saved at t = 12.4899 s
Elapsed time is 0.037822 seconds.
Data saved at t = 12.5 s
Elapsed time is 0.052797 seconds.
Data saved at t = 12.5099 s
Elapsed time is 0.041386 seconds.
Data saved at t = 12.52 s
Elapsed time is 0.039439 seconds.
Data saved at t = 12.5299 s
Elapsed time is 0.038994 seconds.
250800 / 300000 time steps completed. t = 12.539950 s
Elapsed time is 9.027316 seconds.
Data saved at t = 12.5399 s
Elapsed time is 0.039333 seconds.
Data saved at t = 12.55 s
Elapsed time is 0.040495 seconds.
Data saved at t = 12.56 s
Elapsed time is 0.037024 seconds.
Data saved at t = 12.5699 s
Elapsed time is 0.047136 seconds.
Data saved at t = 12.58 s
Elapsed time is 0.038663 seconds.
Data saved at t = 12.5899 s
Elapsed time is 0.049589 seconds.
252000 / 300000 time steps completed. t = 12.599950 s
Elapsed time is 9.174722 seconds.
Data saved at t = 12.6 s
Elapsed time is 0.042592 seconds.
Data saved at t = 12.6099 s
Elapsed time is 0.042002 seconds.
Data saved at t = 12.6199 s
Elapsed time is 0.046952 seconds.
Data saved at t = 12.63 s
Elapsed time is 0.054553 seconds.
Data saved at t = 12.64 s
Elapsed time is 0.035035 seconds.
Data saved at t = 12.6499 s
Elapsed time is 0.037776 seconds.
253200 / 300000 time steps completed. t = 12.659950 s
Elapsed time is 9.050200 seconds.
Data saved at t = 12.66 s
Elapsed time is 0.052243 seconds.
Data saved at t = 12.67 s
Elapsed time is 0.042559 seconds.
Data saved at t = 12.6799 s
Elapsed time is 0.036440 seconds.
Data saved at t = 12.6899 s
Elapsed time is 0.039983 seconds.
Data saved at t = 12.6999 s
Elapsed time is 0.034231 seconds.
Data saved at t = 12.71 s
Elapsed time is 0.039183 seconds.
254400 / 300000 time steps completed. t = 12.719950 s
Elapsed time is 9.181995 seconds.
Data saved at t = 12.72 s
Elapsed time is 0.048577 seconds.
Data saved at t = 12.7299 s
Elapsed time is 0.049876 seconds.
Data saved at t = 12.74 s
Elapsed time is 0.040847 seconds.
Data saved at t = 12.75 s
Elapsed time is 0.037129 seconds.
Data saved at t = 12.7599 s
Elapsed time is 0.049040 seconds.
Data saved at t = 12.7699 s
Elapsed time is 0.038222 seconds.
255600 / 300000 time steps completed. t = 12.779950 s
Elapsed time is 8.961355 seconds.
Data saved at t = 12.7799 s
Elapsed time is 0.043518 seconds.
Data saved at t = 12.79 s
Elapsed time is 0.038568 seconds.
Data saved at t = 12.8 s
Elapsed time is 0.036544 seconds.
Data saved at t = 12.8099 s
Elapsed time is 0.044257 seconds.
Data saved at t = 12.82 s
Elapsed time is 0.042755 seconds.
Data saved at t = 12.83 s
Elapsed time is 0.042112 seconds.
256800 / 300000 time steps completed. t = 12.839950 s
Elapsed time is 8.917730 seconds.
Data saved at t = 12.8399 s
Elapsed time is 0.040448 seconds.
Data saved at t = 12.8499 s
Elapsed time is 0.046980 seconds.
Data saved at t = 12.8599 s
Elapsed time is 0.044294 seconds.
Data saved at t = 12.8699 s
Elapsed time is 0.042893 seconds.
Data saved at t = 12.88 s
Elapsed time is 0.039240 seconds.
Data saved at t = 12.8899 s
Elapsed time is 0.041711 seconds.
258000 / 300000 time steps completed. t = 12.899950 s
Elapsed time is 9.217556 seconds.
Data saved at t = 12.9 s
Elapsed time is 0.042644 seconds.
Data saved at t = 12.91 s
Elapsed time is 0.048493 seconds.
Data saved at t = 12.92 s
Elapsed time is 0.043008 seconds.
Data saved at t = 12.9299 s
Elapsed time is 0.041421 seconds.
Data saved at t = 12.9399 s
Elapsed time is 0.038803 seconds.
Data saved at t = 12.9499 s
Elapsed time is 0.032427 seconds.
259200 / 300000 time steps completed. t = 12.959950 s
Elapsed time is 8.869252 seconds.
Data saved at t = 12.96 s
Elapsed time is 0.035900 seconds.
Data saved at t = 12.9699 s
Elapsed time is 0.035033 seconds.
Data saved at t = 12.98 s
Elapsed time is 0.040279 seconds.
Data saved at t = 12.99 s
Elapsed time is 0.039232 seconds.
Data saved at t = 13 s
Elapsed time is 0.037296 seconds.
Data saved at t = 13.0099 s
Elapsed time is 0.038408 seconds.
260400 / 300000 time steps completed. t = 13.019950 s
Elapsed time is 8.810415 seconds.
Data saved at t = 13.0199 s
Elapsed time is 0.043132 seconds.
Data saved at t = 13.0299 s
Elapsed time is 0.039963 seconds.
Data saved at t = 13.04 s
Elapsed time is 0.041823 seconds.
Data saved at t = 13.0499 s
Elapsed time is 0.049235 seconds.
Data saved at t = 13.0599 s
Elapsed time is 0.045051 seconds.
Data saved at t = 13.07 s
Elapsed time is 0.036576 seconds.
261600 / 300000 time steps completed. t = 13.079950 s
Elapsed time is 8.885142 seconds.
Data saved at t = 13.08 s
Elapsed time is 0.036508 seconds.
Data saved at t = 13.0899 s
Elapsed time is 0.042186 seconds.
Data saved at t = 13.0999 s
Elapsed time is 0.036477 seconds.
Data saved at t = 13.1099 s
Elapsed time is 0.037530 seconds.
Data saved at t = 13.12 s
Elapsed time is 0.042203 seconds.
Data saved at t = 13.1299 s
Elapsed time is 0.038395 seconds.
262800 / 300000 time steps completed. t = 13.139950 s
Elapsed time is 8.844708 seconds.
Data saved at t = 13.1399 s
Elapsed time is 0.041525 seconds.
Data saved at t = 13.15 s
Elapsed time is 0.034532 seconds.
Data saved at t = 13.16 s
Elapsed time is 0.047590 seconds.
Data saved at t = 13.17 s
Elapsed time is 0.047107 seconds.
Data saved at t = 13.1799 s
Elapsed time is 0.033852 seconds.
Data saved at t = 13.1899 s
Elapsed time is 0.038352 seconds.
264000 / 300000 time steps completed. t = 13.199950 s
Elapsed time is 8.886089 seconds.
Data saved at t = 13.2 s
Elapsed time is 0.032551 seconds.
Data saved at t = 13.2099 s
Elapsed time is 0.035926 seconds.
Data saved at t = 13.2199 s
Elapsed time is 0.042150 seconds.
Data saved at t = 13.23 s
Elapsed time is 0.048179 seconds.
Data saved at t = 13.24 s
Elapsed time is 0.037172 seconds.
Data saved at t = 13.2499 s
Elapsed time is 0.043644 seconds.
265200 / 300000 time steps completed. t = 13.259950 s
Elapsed time is 8.822230 seconds.
Data saved at t = 13.2599 s
Elapsed time is 0.049684 seconds.
Data saved at t = 13.2699 s
Elapsed time is 0.032143 seconds.
Data saved at t = 13.28 s
Elapsed time is 0.034124 seconds.
Data saved at t = 13.2899 s
Elapsed time is 0.038494 seconds.
Data saved at t = 13.2999 s
Elapsed time is 0.045771 seconds.
Data saved at t = 13.31 s
Elapsed time is 0.034292 seconds.
266400 / 300000 time steps completed. t = 13.319950 s
Elapsed time is 8.887297 seconds.
Data saved at t = 13.32 s
Elapsed time is 0.047246 seconds.
Data saved at t = 13.3299 s
Elapsed time is 0.039233 seconds.
Data saved at t = 13.3399 s
Elapsed time is 0.034578 seconds.
Data saved at t = 13.3499 s
Elapsed time is 0.046494 seconds.
Data saved at t = 13.36 s
Elapsed time is 0.043327 seconds.
Data saved at t = 13.3699 s
Elapsed time is 0.040731 seconds.
267600 / 300000 time steps completed. t = 13.379950 s
Elapsed time is 8.938960 seconds.
Data saved at t = 13.3799 s
Elapsed time is 0.032855 seconds.
Data saved at t = 13.39 s
Elapsed time is 0.044048 seconds.
Data saved at t = 13.4 s
Elapsed time is 0.037525 seconds.
Data saved at t = 13.4099 s
Elapsed time is 0.052139 seconds.
Data saved at t = 13.42 s
Elapsed time is 0.053006 seconds.
Data saved at t = 13.4299 s
Elapsed time is 0.037677 seconds.
268800 / 300000 time steps completed. t = 13.439950 s
Elapsed time is 8.899706 seconds.
Data saved at t = 13.44 s
Elapsed time is 0.035421 seconds.
Data saved at t = 13.4499 s
Elapsed time is 0.044157 seconds.
Data saved at t = 13.4599 s
Elapsed time is 0.039307 seconds.
Data saved at t = 13.47 s
Elapsed time is 0.038732 seconds.
Data saved at t = 13.48 s
Elapsed time is 0.037923 seconds.
Data saved at t = 13.4899 s
Elapsed time is 0.036742 seconds.
270000 / 300000 time steps completed. t = 13.499950 s
Elapsed time is 8.821329 seconds.
Data saved at t = 13.5 s
Elapsed time is 0.039703 seconds.
Data saved at t = 13.5099 s
Elapsed time is 0.038107 seconds.
Data saved at t = 13.5199 s
Elapsed time is 0.045460 seconds.
Data saved at t = 13.5299 s
Elapsed time is 0.042927 seconds.
Data saved at t = 13.5399 s
Elapsed time is 0.046926 seconds.
Data saved at t = 13.55 s
Elapsed time is 0.043714 seconds.
271200 / 300000 time steps completed. t = 13.559950 s
Elapsed time is 9.011217 seconds.
Data saved at t = 13.56 s
Elapsed time is 0.042107 seconds.
Data saved at t = 13.5699 s
Elapsed time is 0.040576 seconds.
Data saved at t = 13.58 s
Elapsed time is 0.031559 seconds.
Data saved at t = 13.5899 s
Elapsed time is 0.038371 seconds.
Data saved at t = 13.5999 s
Elapsed time is 0.035462 seconds.
Data saved at t = 13.6099 s
Elapsed time is 0.040750 seconds.
272400 / 300000 time steps completed. t = 13.619950 s
Elapsed time is 8.582942 seconds.
Data saved at t = 13.6199 s
Elapsed time is 0.033721 seconds.
Data saved at t = 13.63 s
Elapsed time is 0.046605 seconds.
Data saved at t = 13.64 s
Elapsed time is 0.043403 seconds.
Data saved at t = 13.6499 s
Elapsed time is 0.043899 seconds.
Data saved at t = 13.66 s
Elapsed time is 0.042542 seconds.
Data saved at t = 13.67 s
Elapsed time is 0.041141 seconds.
273600 / 300000 time steps completed. t = 13.679950 s
Elapsed time is 8.902830 seconds.
Data saved at t = 13.6799 s
Elapsed time is 0.032886 seconds.
Data saved at t = 13.6899 s
Elapsed time is 0.042971 seconds.
Data saved at t = 13.6999 s
Elapsed time is 0.036674 seconds.
Data saved at t = 13.7099 s
Elapsed time is 0.053268 seconds.
Data saved at t = 13.72 s
Elapsed time is 0.042705 seconds.
Data saved at t = 13.7299 s
Elapsed time is 0.035699 seconds.
274800 / 300000 time steps completed. t = 13.739950 s
Elapsed time is 8.807263 seconds.
Data saved at t = 13.74 s
Elapsed time is 0.047706 seconds.
Data saved at t = 13.75 s
Elapsed time is 0.038171 seconds.
Data saved at t = 13.7599 s
Elapsed time is 0.046490 seconds.
Data saved at t = 13.7699 s
Elapsed time is 0.032769 seconds.
Data saved at t = 13.7799 s
Elapsed time is 0.036092 seconds.
Data saved at t = 13.7899 s
Elapsed time is 0.035251 seconds.
276000 / 300000 time steps completed. t = 13.799950 s
Elapsed time is 8.853599 seconds.
Data saved at t = 13.8 s
Elapsed time is 0.054153 seconds.
Data saved at t = 13.8099 s
Elapsed time is 0.035786 seconds.
Data saved at t = 13.82 s
Elapsed time is 0.041913 seconds.
Data saved at t = 13.83 s
Elapsed time is 0.055473 seconds.
Data saved at t = 13.8399 s
Elapsed time is 0.035568 seconds.
Data saved at t = 13.8499 s
Elapsed time is 0.043869 seconds.
277200 / 300000 time steps completed. t = 13.859950 s
Elapsed time is 8.911812 seconds.
Data saved at t = 13.8599 s
Elapsed time is 0.051398 seconds.
Data saved at t = 13.8699 s
Elapsed time is 0.040506 seconds.
Data saved at t = 13.88 s
Elapsed time is 0.039527 seconds.
Data saved at t = 13.8899 s
Elapsed time is 0.051320 seconds.
Data saved at t = 13.8999 s
Elapsed time is 0.043209 seconds.
Data saved at t = 13.91 s
Elapsed time is 0.042023 seconds.
278400 / 300000 time steps completed. t = 13.919950 s
Elapsed time is 9.140037 seconds.
Data saved at t = 13.92 s
Elapsed time is 0.054064 seconds.
Data saved at t = 13.93 s
Elapsed time is 0.040645 seconds.
Data saved at t = 13.9399 s
Elapsed time is 0.044220 seconds.
Data saved at t = 13.9499 s
Elapsed time is 0.037554 seconds.
Data saved at t = 13.96 s
Elapsed time is 0.048869 seconds.
Data saved at t = 13.9699 s
Elapsed time is 0.037794 seconds.
279600 / 300000 time steps completed. t = 13.979950 s
Elapsed time is 8.755206 seconds.
Data saved at t = 13.9799 s
Elapsed time is 0.043991 seconds.
Data saved at t = 13.99 s
Elapsed time is 0.041476 seconds.
Data saved at t = 14 s
Elapsed time is 0.035299 seconds.
Data saved at t = 14.01 s
Elapsed time is 0.053142 seconds.
Data saved at t = 14.0199 s
Elapsed time is 0.036258 seconds.
Data saved at t = 14.0299 s
Elapsed time is 0.045770 seconds.
280800 / 300000 time steps completed. t = 14.039950 s
Elapsed time is 8.841882 seconds.
Data saved at t = 14.04 s
Elapsed time is 0.034620 seconds.
Data saved at t = 14.0499 s
Elapsed time is 0.046395 seconds.
Data saved at t = 14.0599 s
Elapsed time is 0.035377 seconds.
Data saved at t = 14.07 s
Elapsed time is 0.040633 seconds.
Data saved at t = 14.08 s
Elapsed time is 0.035849 seconds.
Data saved at t = 14.0899 s
Elapsed time is 0.034144 seconds.
282000 / 300000 time steps completed. t = 14.099950 s
Elapsed time is 8.773885 seconds.
Data saved at t = 14.0999 s
Elapsed time is 0.048664 seconds.
Data saved at t = 14.1099 s
Elapsed time is 0.037186 seconds.
Data saved at t = 14.12 s
Elapsed time is 0.041759 seconds.
Data saved at t = 14.1299 s
Elapsed time is 0.043285 seconds.
Data saved at t = 14.1399 s
Elapsed time is 0.039954 seconds.
Data saved at t = 14.15 s
Elapsed time is 0.037699 seconds.
283200 / 300000 time steps completed. t = 14.159950 s
Elapsed time is 9.098309 seconds.
Data saved at t = 14.16 s
Elapsed time is 0.042632 seconds.
Data saved at t = 14.1699 s
Elapsed time is 0.045808 seconds.
Data saved at t = 14.1799 s
Elapsed time is 0.036463 seconds.
Data saved at t = 14.1899 s
Elapsed time is 0.046327 seconds.
Data saved at t = 14.2 s
Elapsed time is 0.039255 seconds.
Data saved at t = 14.2099 s
Elapsed time is 0.039866 seconds.
284400 / 300000 time steps completed. t = 14.219950 s
Elapsed time is 8.740745 seconds.
Data saved at t = 14.2199 s
Elapsed time is 0.045159 seconds.
Data saved at t = 14.23 s
Elapsed time is 0.047293 seconds.
Data saved at t = 14.24 s
Elapsed time is 0.041724 seconds.
Data saved at t = 14.2499 s
Elapsed time is 0.038638 seconds.
Data saved at t = 14.2599 s
Elapsed time is 0.040952 seconds.
Data saved at t = 14.2699 s
Elapsed time is 0.049692 seconds.
285600 / 300000 time steps completed. t = 14.279950 s
Elapsed time is 8.823810 seconds.
Data saved at t = 14.28 s
Elapsed time is 0.036589 seconds.
Data saved at t = 14.2899 s
Elapsed time is 0.045812 seconds.
Data saved at t = 14.2999 s
Elapsed time is 0.043088 seconds.
Data saved at t = 14.31 s
Elapsed time is 0.040507 seconds.
Data saved at t = 14.32 s
Elapsed time is 0.045598 seconds.
Data saved at t = 14.3299 s
Elapsed time is 0.052285 seconds.
286800 / 300000 time steps completed. t = 14.339950 s
Elapsed time is 8.827795 seconds.
Data saved at t = 14.3399 s
Elapsed time is 0.049099 seconds.
Data saved at t = 14.3499 s
Elapsed time is 0.038118 seconds.
Data saved at t = 14.3599 s
Elapsed time is 0.040925 seconds.
Data saved at t = 14.3699 s
Elapsed time is 0.037744 seconds.
Data saved at t = 14.3799 s
Elapsed time is 0.037054 seconds.
Data saved at t = 14.39 s
Elapsed time is 0.034278 seconds.
288000 / 300000 time steps completed. t = 14.399950 s
Elapsed time is 8.677645 seconds.
Data saved at t = 14.4 s
Elapsed time is 0.043510 seconds.
Data saved at t = 14.4099 s
Elapsed time is 0.045551 seconds.
Data saved at t = 14.42 s
Elapsed time is 0.037870 seconds.
Data saved at t = 14.4299 s
Elapsed time is 0.052362 seconds.
Data saved at t = 14.4399 s
Elapsed time is 0.031328 seconds.
Data saved at t = 14.45 s
Elapsed time is 0.045049 seconds.
289200 / 300000 time steps completed. t = 14.459950 s
Elapsed time is 8.641494 seconds.
Data saved at t = 14.4599 s
Elapsed time is 0.036557 seconds.
Data saved at t = 14.47 s
Elapsed time is 0.032774 seconds.
Data saved at t = 14.48 s
Elapsed time is 0.037220 seconds.
Data saved at t = 14.4899 s
Elapsed time is 0.044948 seconds.
Data saved at t = 14.5 s
Elapsed time is 0.040827 seconds.
Data saved at t = 14.5099 s
Elapsed time is 0.041385 seconds.
290400 / 300000 time steps completed. t = 14.519950 s
Elapsed time is 8.762146 seconds.
Data saved at t = 14.5199 s
Elapsed time is 0.049496 seconds.
Data saved at t = 14.53 s
Elapsed time is 0.042823 seconds.
Data saved at t = 14.5399 s
Elapsed time is 0.040225 seconds.
Data saved at t = 14.5499 s
Elapsed time is 0.043401 seconds.
Data saved at t = 14.56 s
Elapsed time is 0.046165 seconds.
Data saved at t = 14.5699 s
Elapsed time is 0.065838 seconds.
291600 / 300000 time steps completed. t = 14.579950 s
Elapsed time is 8.690222 seconds.
Data saved at t = 14.58 s
Elapsed time is 0.032078 seconds.
Data saved at t = 14.5899 s
Elapsed time is 0.041605 seconds.
Data saved at t = 14.5999 s
Elapsed time is 0.040718 seconds.
Data saved at t = 14.61 s
Elapsed time is 0.053487 seconds.
Data saved at t = 14.6199 s
Elapsed time is 0.035002 seconds.
Data saved at t = 14.6299 s
Elapsed time is 0.053100 seconds.
292800 / 300000 time steps completed. t = 14.639950 s
Elapsed time is 8.716781 seconds.
Data saved at t = 14.64 s
Elapsed time is 0.039851 seconds.
Data saved at t = 14.6499 s
Elapsed time is 0.033948 seconds.
Data saved at t = 14.66 s
Elapsed time is 0.038928 seconds.
Data saved at t = 14.67 s
Elapsed time is 0.042563 seconds.
Data saved at t = 14.6799 s
Elapsed time is 0.039553 seconds.
Data saved at t = 14.69 s
Elapsed time is 0.036952 seconds.
294000 / 300000 time steps completed. t = 14.699950 s
Elapsed time is 8.521343 seconds.
Data saved at t = 14.6999 s
Elapsed time is 0.039589 seconds.
Data saved at t = 14.7099 s
Elapsed time is 0.034408 seconds.
Data saved at t = 14.72 s
Elapsed time is 0.046636 seconds.
Data saved at t = 14.7299 s
Elapsed time is 0.038004 seconds.
Data saved at t = 14.7399 s
Elapsed time is 0.050535 seconds.
Data saved at t = 14.75 s
Elapsed time is 0.048220 seconds.
295200 / 300000 time steps completed. t = 14.759950 s
Elapsed time is 8.738105 seconds.
Data saved at t = 14.7599 s
Elapsed time is 0.043467 seconds.
Data saved at t = 14.77 s
Elapsed time is 0.036238 seconds.
Data saved at t = 14.7799 s
Elapsed time is 0.039213 seconds.
Data saved at t = 14.7899 s
Elapsed time is 0.033417 seconds.
Data saved at t = 14.8 s
Elapsed time is 0.037631 seconds.
Data saved at t = 14.8099 s
Elapsed time is 0.044465 seconds.
296400 / 300000 time steps completed. t = 14.819950 s
Elapsed time is 8.706625 seconds.
Data saved at t = 14.8199 s
Elapsed time is 0.037767 seconds.
Data saved at t = 14.83 s
Elapsed time is 0.033958 seconds.
Data saved at t = 14.8399 s
Elapsed time is 0.037015 seconds.
Data saved at t = 14.85 s
Elapsed time is 0.039343 seconds.
Data saved at t = 14.8599 s
Elapsed time is 0.037006 seconds.
Data saved at t = 14.8699 s
Elapsed time is 0.038384 seconds.
297600 / 300000 time steps completed. t = 14.879950 s
Elapsed time is 8.780770 seconds.
Data saved at t = 14.88 s
Elapsed time is 0.037956 seconds.
Data saved at t = 14.89 s
Elapsed time is 0.037405 seconds.
Data saved at t = 14.8999 s
Elapsed time is 0.044759 seconds.
Data saved at t = 14.91 s
Elapsed time is 0.040777 seconds.
Data saved at t = 14.92 s
Elapsed time is 0.033864 seconds.
Data saved at t = 14.9299 s
Elapsed time is 0.037400 seconds.
298800 / 300000 time steps completed. t = 14.939950 s
Elapsed time is 8.538796 seconds.
Data saved at t = 14.9399 s
Elapsed time is 0.039530 seconds.
Data saved at t = 14.9499 s
Elapsed time is 0.038015 seconds.
Data saved at t = 14.96 s
Elapsed time is 0.033604 seconds.
Data saved at t = 14.97 s
Elapsed time is 0.037663 seconds.
Data saved at t = 14.9799 s
Elapsed time is 0.037220 seconds.
Data saved at t = 14.99 s
Elapsed time is 0.046749 seconds.
300000 / 300000 time steps completed. t = 14.999950 s
Elapsed time is 8.632359 seconds.
Data saved at t = 15 s
Elapsed time is 0.033777 seconds.
[2026-07-07T16:46:43.681] error: *** JOB 36519071 ON c0704a-s28 CANCELLED AT 2026-07-07T16:46:43 DUE to SIGNAL Terminated ***
