Tue Jul  7 10:05:17 AM EDT 2026
c0704a-s18.ufhpc
Warning: X does not support locale en_US.UTF-8

fcut_dim =

    20


t_end_dim =

    15


Ldim =

     2


N =

        8000


MNOISE =

        1000


F0_noise =

    0.0250


Re_input =

    60


theta_deg =

    45


rho =

        1072


mu =

    0.0067


Ca_input =

   1.0000e-03


t_save =

    0.0100

hN = 1.0075e-03 m
uN = 3.7387e-01 m/s
TN = 2.6948e-03 s
mu = 0.0067, rho = 1072.0000, gamma = 2.5161, theta = 0.7854
F2 = 14.1421, We = 0.0600, Re = 60.0000, Ca = 0.0010
fcut_noise nondim = 5.3897e-02
dx = 2.4813e-01, dt = 1.8554e-02, nsteps = 300000
Fontconfig warning: "/usr/share/fontconfig/conf.avail/05-reset-dirs-sample.conf", line 6: unknown element "reset-dirs"
Fontconfig warning: "/usr/share/fontconfig/conf.avail/05-reset-dirs-sample.conf", line 6: unknown element "reset-dirs"
Initializing white noise phases...
1 / 300000 time steps completed. t = 0.000000 s
Elapsed time is 0.519826 seconds.
Data saved at t = 0.00995 s
Elapsed time is 0.676266 seconds.
Data saved at t = 0.01995 s
Elapsed time is 0.037392 seconds.
Data saved at t = 0.02995 s
Elapsed time is 0.033026 seconds.
Data saved at t = 0.03995 s
Elapsed time is 0.030001 seconds.
Data saved at t = 0.04995 s
Elapsed time is 0.050329 seconds.
1200 / 300000 time steps completed. t = 0.059950 s
Elapsed time is 5.944063 seconds.
Data saved at t = 0.05995 s
Elapsed time is 0.098422 seconds.
Data saved at t = 0.06995 s
Elapsed time is 0.027925 seconds.
Data saved at t = 0.07995 s
Elapsed time is 0.027301 seconds.
Data saved at t = 0.08995 s
Elapsed time is 0.091152 seconds.
Data saved at t = 0.09995 s
Elapsed time is 0.027143 seconds.
Data saved at t = 0.10995 s
Elapsed time is 0.027592 seconds.
2400 / 300000 time steps completed. t = 0.119950 s
Elapsed time is 7.034830 seconds.
Data saved at t = 0.11995 s
Elapsed time is 0.033681 seconds.
Data saved at t = 0.12995 s
Elapsed time is 0.033484 seconds.
Data saved at t = 0.13995 s
Elapsed time is 0.027312 seconds.
Data saved at t = 0.14995 s
Elapsed time is 0.027236 seconds.
Data saved at t = 0.15995 s
Elapsed time is 0.027109 seconds.
Data saved at t = 0.16995 s
Elapsed time is 0.027135 seconds.
3600 / 300000 time steps completed. t = 0.179950 s
Elapsed time is 7.014784 seconds.
Data saved at t = 0.17995 s
Elapsed time is 0.029986 seconds.
Data saved at t = 0.18995 s
Elapsed time is 0.027512 seconds.
Data saved at t = 0.19995 s
Elapsed time is 0.027568 seconds.
Data saved at t = 0.20995 s
Elapsed time is 0.049688 seconds.
Data saved at t = 0.21995 s
Elapsed time is 0.040809 seconds.
Data saved at t = 0.22995 s
Elapsed time is 0.027154 seconds.
4800 / 300000 time steps completed. t = 0.239950 s
Elapsed time is 7.065495 seconds.
Data saved at t = 0.23995 s
Elapsed time is 0.027128 seconds.
Data saved at t = 0.24995 s
Elapsed time is 0.031094 seconds.
Data saved at t = 0.25995 s
Elapsed time is 0.027998 seconds.
Data saved at t = 0.26995 s
Elapsed time is 0.038473 seconds.
Data saved at t = 0.27995 s
Elapsed time is 0.027717 seconds.
Data saved at t = 0.28995 s
Elapsed time is 0.030133 seconds.
6000 / 300000 time steps completed. t = 0.299950 s
Elapsed time is 7.013344 seconds.
Data saved at t = 0.29995 s
Elapsed time is 0.036371 seconds.
Data saved at t = 0.30995 s
Elapsed time is 0.027594 seconds.
Data saved at t = 0.31995 s
Elapsed time is 0.069889 seconds.
Data saved at t = 0.32995 s
Elapsed time is 0.027328 seconds.
Data saved at t = 0.33995 s
Elapsed time is 0.030162 seconds.
Data saved at t = 0.34995 s
Elapsed time is 0.027926 seconds.
7200 / 300000 time steps completed. t = 0.359950 s
Elapsed time is 7.063025 seconds.
Data saved at t = 0.35995 s
Elapsed time is 0.027552 seconds.
Data saved at t = 0.36995 s
Elapsed time is 0.031061 seconds.
Data saved at t = 0.37995 s
Elapsed time is 0.029306 seconds.
Data saved at t = 0.38995 s
Elapsed time is 0.029584 seconds.
Data saved at t = 0.39995 s
Elapsed time is 0.027311 seconds.
Data saved at t = 0.40995 s
Elapsed time is 0.029957 seconds.
8400 / 300000 time steps completed. t = 0.419950 s
Elapsed time is 7.054609 seconds.
Data saved at t = 0.41995 s
Elapsed time is 0.027346 seconds.
Data saved at t = 0.42995 s
Elapsed time is 0.027114 seconds.
Data saved at t = 0.43995 s
Elapsed time is 0.027739 seconds.
Data saved at t = 0.44995 s
Elapsed time is 0.026635 seconds.
Data saved at t = 0.45995 s
Elapsed time is 0.029062 seconds.
Data saved at t = 0.46995 s
Elapsed time is 0.027127 seconds.
9600 / 300000 time steps completed. t = 0.479950 s
Elapsed time is 7.079576 seconds.
Data saved at t = 0.47995 s
Elapsed time is 0.036471 seconds.
Data saved at t = 0.48995 s
Elapsed time is 0.026845 seconds.
Data saved at t = 0.49995 s
Elapsed time is 0.027722 seconds.
Data saved at t = 0.50995 s
Elapsed time is 0.029660 seconds.
Data saved at t = 0.51995 s
Elapsed time is 0.026594 seconds.
Data saved at t = 0.52995 s
Elapsed time is 0.029618 seconds.
10800 / 300000 time steps completed. t = 0.539950 s
Elapsed time is 7.080255 seconds.
Data saved at t = 0.53995 s
Elapsed time is 0.027330 seconds.
Data saved at t = 0.54995 s
Elapsed time is 0.028143 seconds.
Data saved at t = 0.55995 s
Elapsed time is 0.030024 seconds.
Data saved at t = 0.56995 s
Elapsed time is 0.026823 seconds.
Data saved at t = 0.57995 s
Elapsed time is 0.030634 seconds.
Data saved at t = 0.58995 s
Elapsed time is 0.028138 seconds.
12000 / 300000 time steps completed. t = 0.599950 s
Elapsed time is 7.065680 seconds.
Data saved at t = 0.59995 s
Elapsed time is 0.048499 seconds.
Data saved at t = 0.60995 s
Elapsed time is 0.085127 seconds.
Data saved at t = 0.61995 s
Elapsed time is 0.049980 seconds.
Data saved at t = 0.62995 s
Elapsed time is 0.091884 seconds.
Data saved at t = 0.63995 s
Elapsed time is 0.029505 seconds.
Data saved at t = 0.64995 s
Elapsed time is 0.027105 seconds.
13200 / 300000 time steps completed. t = 0.659950 s
Elapsed time is 7.081048 seconds.
Data saved at t = 0.65995 s
Elapsed time is 0.026803 seconds.
Data saved at t = 0.66995 s
Elapsed time is 0.029466 seconds.
Data saved at t = 0.67995 s
Elapsed time is 0.028257 seconds.
Data saved at t = 0.68995 s
Elapsed time is 0.028560 seconds.
Data saved at t = 0.69995 s
Elapsed time is 0.027390 seconds.
Data saved at t = 0.70995 s
Elapsed time is 0.029219 seconds.
14400 / 300000 time steps completed. t = 0.719950 s
Elapsed time is 7.019511 seconds.
Data saved at t = 0.71995 s
Elapsed time is 0.027835 seconds.
Data saved at t = 0.72995 s
Elapsed time is 0.027540 seconds.
Data saved at t = 0.73995 s
Elapsed time is 0.027521 seconds.
Data saved at t = 0.74995 s
Elapsed time is 0.027599 seconds.
Data saved at t = 0.75995 s
Elapsed time is 0.030470 seconds.
Data saved at t = 0.76995 s
Elapsed time is 0.028144 seconds.
15600 / 300000 time steps completed. t = 0.779950 s
Elapsed time is 7.033352 seconds.
Data saved at t = 0.77995 s
Elapsed time is 0.111318 seconds.
Data saved at t = 0.78995 s
Elapsed time is 0.027899 seconds.
Data saved at t = 0.79995 s
Elapsed time is 0.030137 seconds.
Data saved at t = 0.80995 s
Elapsed time is 0.028239 seconds.
Data saved at t = 0.81995 s
Elapsed time is 0.027889 seconds.
Data saved at t = 0.82995 s
Elapsed time is 0.027785 seconds.
16800 / 300000 time steps completed. t = 0.839950 s
Elapsed time is 7.041344 seconds.
Data saved at t = 0.83995 s
Elapsed time is 0.029435 seconds.
Data saved at t = 0.84995 s
Elapsed time is 0.027020 seconds.
Data saved at t = 0.85995 s
Elapsed time is 0.027548 seconds.
Data saved at t = 0.86995 s
Elapsed time is 0.027480 seconds.
Data saved at t = 0.87995 s
Elapsed time is 0.027497 seconds.
Data saved at t = 0.88995 s
Elapsed time is 0.029184 seconds.
18000 / 300000 time steps completed. t = 0.899950 s
Elapsed time is 7.027973 seconds.
Data saved at t = 0.89995 s
Elapsed time is 0.027410 seconds.
Data saved at t = 0.90995 s
Elapsed time is 0.029662 seconds.
Data saved at t = 0.91995 s
Elapsed time is 0.027278 seconds.
Data saved at t = 0.92995 s
Elapsed time is 0.029391 seconds.
Data saved at t = 0.93995 s
Elapsed time is 0.028195 seconds.
Data saved at t = 0.94995 s
Elapsed time is 0.027655 seconds.
19200 / 300000 time steps completed. t = 0.959950 s
Elapsed time is 7.027516 seconds.
Data saved at t = 0.95995 s
Elapsed time is 0.030080 seconds.
Data saved at t = 0.96995 s
Elapsed time is 0.028369 seconds.
Data saved at t = 0.97995 s
Elapsed time is 0.027663 seconds.
Data saved at t = 0.98995 s
Elapsed time is 0.028606 seconds.
Data saved at t = 0.99995 s
Elapsed time is 0.029867 seconds.
Data saved at t = 1.0099 s
Elapsed time is 0.027799 seconds.
20400 / 300000 time steps completed. t = 1.019950 s
Elapsed time is 7.050555 seconds.
Data saved at t = 1.02 s
Elapsed time is 0.027981 seconds.
Data saved at t = 1.0299 s
Elapsed time is 0.027193 seconds.
Data saved at t = 1.0399 s
Elapsed time is 0.027625 seconds.
Data saved at t = 1.0499 s
Elapsed time is 0.030142 seconds.
Data saved at t = 1.06 s
Elapsed time is 0.028132 seconds.
Data saved at t = 1.0699 s
Elapsed time is 0.030175 seconds.
21600 / 300000 time steps completed. t = 1.079950 s
Elapsed time is 7.049922 seconds.
Data saved at t = 1.0799 s
Elapsed time is 0.027514 seconds.
Data saved at t = 1.0899 s
Elapsed time is 0.027866 seconds.
Data saved at t = 1.0999 s
Elapsed time is 0.027201 seconds.
Data saved at t = 1.1099 s
Elapsed time is 0.027532 seconds.
Data saved at t = 1.12 s
Elapsed time is 0.027271 seconds.
Data saved at t = 1.13 s
Elapsed time is 0.029665 seconds.
22800 / 300000 time steps completed. t = 1.139950 s
Elapsed time is 7.036750 seconds.
Data saved at t = 1.14 s
Elapsed time is 0.027063 seconds.
Data saved at t = 1.15 s
Elapsed time is 0.027143 seconds.
Data saved at t = 1.16 s
Elapsed time is 0.029571 seconds.
Data saved at t = 1.17 s
Elapsed time is 0.027685 seconds.
Data saved at t = 1.18 s
Elapsed time is 0.029781 seconds.
Data saved at t = 1.19 s
Elapsed time is 0.027431 seconds.
24000 / 300000 time steps completed. t = 1.199950 s
Elapsed time is 7.019404 seconds.
Data saved at t = 1.1999 s
Elapsed time is 0.030255 seconds.
Data saved at t = 1.21 s
Elapsed time is 0.029356 seconds.
Data saved at t = 1.22 s
Elapsed time is 0.027929 seconds.
Data saved at t = 1.23 s
Elapsed time is 0.028465 seconds.
Data saved at t = 1.2399 s
Elapsed time is 0.027901 seconds.
Data saved at t = 1.25 s
Elapsed time is 0.031907 seconds.
25200 / 300000 time steps completed. t = 1.259950 s
Elapsed time is 7.071799 seconds.
Data saved at t = 1.26 s
Elapsed time is 0.027885 seconds.
Data saved at t = 1.2699 s
Elapsed time is 0.031265 seconds.
Data saved at t = 1.2799 s
Elapsed time is 0.028564 seconds.
Data saved at t = 1.29 s
Elapsed time is 0.027955 seconds.
Data saved at t = 1.2999 s
Elapsed time is 0.027315 seconds.
Data saved at t = 1.3099 s
Elapsed time is 0.030060 seconds.
26400 / 300000 time steps completed. t = 1.319950 s
Elapsed time is 7.061564 seconds.
Data saved at t = 1.3199 s
Elapsed time is 0.027838 seconds.
Data saved at t = 1.33 s
Elapsed time is 0.027950 seconds.
Data saved at t = 1.3399 s
Elapsed time is 0.027219 seconds.
Data saved at t = 1.3499 s
Elapsed time is 0.027511 seconds.
Data saved at t = 1.3599 s
Elapsed time is 0.029990 seconds.
Data saved at t = 1.37 s
Elapsed time is 0.027855 seconds.
27600 / 300000 time steps completed. t = 1.379950 s
Elapsed time is 6.997452 seconds.
Data saved at t = 1.38 s
Elapsed time is 0.031147 seconds.
Data saved at t = 1.39 s
Elapsed time is 0.028274 seconds.
Data saved at t = 1.4 s
Elapsed time is 0.030584 seconds.
Data saved at t = 1.41 s
Elapsed time is 0.027774 seconds.
Data saved at t = 1.4199 s
Elapsed time is 0.030064 seconds.
Data saved at t = 1.4299 s
Elapsed time is 0.026889 seconds.
28800 / 300000 time steps completed. t = 1.439950 s
Elapsed time is 7.001627 seconds.
Data saved at t = 1.44 s
Elapsed time is 0.027565 seconds.
Data saved at t = 1.45 s
Elapsed time is 0.029555 seconds.
Data saved at t = 1.46 s
Elapsed time is 0.027563 seconds.
Data saved at t = 1.47 s
Elapsed time is 0.030318 seconds.
Data saved at t = 1.48 s
Elapsed time is 0.028480 seconds.
Data saved at t = 1.4899 s
Elapsed time is 0.030276 seconds.
30000 / 300000 time steps completed. t = 1.499950 s
Elapsed time is 7.055569 seconds.
Data saved at t = 1.4999 s
Elapsed time is 0.027634 seconds.
Data saved at t = 1.5099 s
Elapsed time is 0.028533 seconds.
Data saved at t = 1.52 s
Elapsed time is 0.027431 seconds.
Data saved at t = 1.53 s
Elapsed time is 0.026880 seconds.
Data saved at t = 1.54 s
Elapsed time is 0.026823 seconds.
Data saved at t = 1.55 s
Elapsed time is 0.028026 seconds.
31200 / 300000 time steps completed. t = 1.559950 s
Elapsed time is 6.999443 seconds.
Data saved at t = 1.5599 s
Elapsed time is 0.029757 seconds.
Data saved at t = 1.5699 s
Elapsed time is 0.031571 seconds.
Data saved at t = 1.5799 s
Elapsed time is 0.028074 seconds.
Data saved at t = 1.5899 s
Elapsed time is 0.026793 seconds.
Data saved at t = 1.5999 s
Elapsed time is 0.030770 seconds.
Data saved at t = 1.61 s
Elapsed time is 0.027436 seconds.
32400 / 300000 time steps completed. t = 1.619950 s
Elapsed time is 7.013628 seconds.
Data saved at t = 1.6199 s
Elapsed time is 0.028971 seconds.
Data saved at t = 1.63 s
Elapsed time is 0.027467 seconds.
Data saved at t = 1.64 s
Elapsed time is 0.029837 seconds.
Data saved at t = 1.65 s
Elapsed time is 0.027541 seconds.
Data saved at t = 1.66 s
Elapsed time is 0.027704 seconds.
Data saved at t = 1.67 s
Elapsed time is 0.029311 seconds.
33600 / 300000 time steps completed. t = 1.679950 s
Elapsed time is 6.989189 seconds.
Data saved at t = 1.68 s
Elapsed time is 0.027910 seconds.
Data saved at t = 1.6899 s
Elapsed time is 0.032058 seconds.
Data saved at t = 1.6999 s
Elapsed time is 0.027990 seconds.
Data saved at t = 1.71 s
Elapsed time is 0.033332 seconds.
Data saved at t = 1.72 s
Elapsed time is 0.028107 seconds.
Data saved at t = 1.73 s
Elapsed time is 0.030439 seconds.
34800 / 300000 time steps completed. t = 1.739950 s
Elapsed time is 7.079830 seconds.
Data saved at t = 1.74 s
Elapsed time is 0.027988 seconds.
Data saved at t = 1.75 s
Elapsed time is 0.027502 seconds.
Data saved at t = 1.7599 s
Elapsed time is 0.030641 seconds.
Data saved at t = 1.7699 s
Elapsed time is 0.028419 seconds.
Data saved at t = 1.7799 s
Elapsed time is 0.030925 seconds.
Data saved at t = 1.7899 s
Elapsed time is 0.028009 seconds.
36000 / 300000 time steps completed. t = 1.799950 s
Elapsed time is 7.067586 seconds.
Data saved at t = 1.8 s
Elapsed time is 0.027737 seconds.
Data saved at t = 1.81 s
Elapsed time is 0.027616 seconds.
Data saved at t = 1.8199 s
Elapsed time is 0.027701 seconds.
Data saved at t = 1.8299 s
Elapsed time is 0.027756 seconds.
Data saved at t = 1.8399 s
Elapsed time is 0.027653 seconds.
Data saved at t = 1.8499 s
Elapsed time is 0.026976 seconds.
37200 / 300000 time steps completed. t = 1.859950 s
Elapsed time is 6.850754 seconds.
Data saved at t = 1.8599 s
Elapsed time is 0.027408 seconds.
Data saved at t = 1.87 s
Elapsed time is 0.026786 seconds.
Data saved at t = 1.88 s
Elapsed time is 0.026951 seconds.
Data saved at t = 1.8899 s
Elapsed time is 0.029408 seconds.
Data saved at t = 1.9 s
Elapsed time is 0.027341 seconds.
Data saved at t = 1.91 s
Elapsed time is 0.029958 seconds.
38400 / 300000 time steps completed. t = 1.919950 s
Elapsed time is 6.852287 seconds.
Data saved at t = 1.92 s
Elapsed time is 0.026465 seconds.
Data saved at t = 1.93 s
Elapsed time is 0.029313 seconds.
Data saved at t = 1.94 s
Elapsed time is 0.028286 seconds.
Data saved at t = 1.95 s
Elapsed time is 0.026880 seconds.
Data saved at t = 1.9599 s
Elapsed time is 0.027890 seconds.
Data saved at t = 1.9699 s
Elapsed time is 0.027415 seconds.
39600 / 300000 time steps completed. t = 1.979950 s
Elapsed time is 6.882791 seconds.
Data saved at t = 1.9799 s
Elapsed time is 0.026783 seconds.
Data saved at t = 1.99 s
Elapsed time is 0.027113 seconds.
Data saved at t = 2 s
Elapsed time is 0.027928 seconds.
Data saved at t = 2.0099 s
Elapsed time is 0.027928 seconds.
Data saved at t = 2.02 s
Elapsed time is 0.029330 seconds.
Data saved at t = 2.0299 s
Elapsed time is 0.027377 seconds.
40800 / 300000 time steps completed. t = 2.039950 s
Elapsed time is 6.892698 seconds.
Data saved at t = 2.04 s
Elapsed time is 0.027030 seconds.
Data saved at t = 2.0499 s
Elapsed time is 0.027090 seconds.
Data saved at t = 2.06 s
Elapsed time is 0.027805 seconds.
Data saved at t = 2.0699 s
Elapsed time is 0.026993 seconds.
Data saved at t = 2.08 s
Elapsed time is 0.027496 seconds.
Data saved at t = 2.0899 s
Elapsed time is 0.026349 seconds.
42000 / 300000 time steps completed. t = 2.099950 s
Elapsed time is 6.880969 seconds.
Data saved at t = 2.0999 s
Elapsed time is 0.027437 seconds.
Data saved at t = 2.1099 s
Elapsed time is 0.027692 seconds.
Data saved at t = 2.1199 s
Elapsed time is 0.026936 seconds.
Data saved at t = 2.13 s
Elapsed time is 0.027308 seconds.
Data saved at t = 2.14 s
Elapsed time is 0.027467 seconds.
Data saved at t = 2.15 s
Elapsed time is 0.027113 seconds.
43200 / 300000 time steps completed. t = 2.159950 s
Elapsed time is 6.841811 seconds.
Data saved at t = 2.1599 s
Elapsed time is 0.030423 seconds.
Data saved at t = 2.17 s
Elapsed time is 0.027353 seconds.
Data saved at t = 2.1799 s
Elapsed time is 0.026826 seconds.
Data saved at t = 2.19 s
Elapsed time is 0.026996 seconds.
Data saved at t = 2.1999 s
Elapsed time is 0.027730 seconds.
Data saved at t = 2.21 s
Elapsed time is 0.027596 seconds.
44400 / 300000 time steps completed. t = 2.219950 s
Elapsed time is 6.831098 seconds.
Data saved at t = 2.22 s
Elapsed time is 0.026859 seconds.
Data saved at t = 2.23 s
Elapsed time is 0.026857 seconds.
Data saved at t = 2.2399 s
Elapsed time is 0.026997 seconds.
Data saved at t = 2.25 s
Elapsed time is 0.027143 seconds.
Data saved at t = 2.2599 s
Elapsed time is 0.027347 seconds.
Data saved at t = 2.27 s
Elapsed time is 0.028791 seconds.
45600 / 300000 time steps completed. t = 2.279950 s
Elapsed time is 6.804633 seconds.
Data saved at t = 2.2799 s
Elapsed time is 0.027159 seconds.
Data saved at t = 2.29 s
Elapsed time is 0.026832 seconds.
Data saved at t = 2.2999 s
Elapsed time is 0.027528 seconds.
Data saved at t = 2.3099 s
Elapsed time is 0.027532 seconds.
Data saved at t = 2.3199 s
Elapsed time is 0.027074 seconds.
Data saved at t = 2.33 s
Elapsed time is 0.027711 seconds.
46800 / 300000 time steps completed. t = 2.339950 s
Elapsed time is 6.829132 seconds.
Data saved at t = 2.3399 s
Elapsed time is 0.027272 seconds.
Data saved at t = 2.35 s
Elapsed time is 0.030275 seconds.
Data saved at t = 2.3599 s
Elapsed time is 0.027294 seconds.
Data saved at t = 2.3699 s
Elapsed time is 0.026764 seconds.
Data saved at t = 2.38 s
Elapsed time is 0.033101 seconds.
Data saved at t = 2.3899 s
Elapsed time is 0.027122 seconds.
48000 / 300000 time steps completed. t = 2.399950 s
Elapsed time is 6.822712 seconds.
Data saved at t = 2.4 s
Elapsed time is 0.026845 seconds.
Data saved at t = 2.41 s
Elapsed time is 0.027674 seconds.
Data saved at t = 2.42 s
Elapsed time is 0.026592 seconds.
Data saved at t = 2.4299 s
Elapsed time is 0.027309 seconds.
Data saved at t = 2.44 s
Elapsed time is 0.027068 seconds.
Data saved at t = 2.4499 s
Elapsed time is 0.027825 seconds.
49200 / 300000 time steps completed. t = 2.459950 s
Elapsed time is 6.810966 seconds.
Data saved at t = 2.46 s
Elapsed time is 0.027331 seconds.
Data saved at t = 2.4699 s
Elapsed time is 0.027532 seconds.
Data saved at t = 2.48 s
Elapsed time is 0.028418 seconds.
Data saved at t = 2.49 s
Elapsed time is 0.027033 seconds.
Data saved at t = 2.4999 s
Elapsed time is 0.027497 seconds.
Data saved at t = 2.5099 s
Elapsed time is 0.027476 seconds.
50400 / 300000 time steps completed. t = 2.519950 s
Elapsed time is 6.816286 seconds.
Data saved at t = 2.52 s
Elapsed time is 0.027030 seconds.
Data saved at t = 2.5299 s
Elapsed time is 0.026757 seconds.
Data saved at t = 2.54 s
Elapsed time is 0.026885 seconds.
Data saved at t = 2.5499 s
Elapsed time is 0.026808 seconds.
Data saved at t = 2.56 s
Elapsed time is 0.027122 seconds.
Data saved at t = 2.5699 s
Elapsed time is 0.026875 seconds.
51600 / 300000 time steps completed. t = 2.579950 s
Elapsed time is 6.789780 seconds.
Data saved at t = 2.5799 s
Elapsed time is 0.026793 seconds.
Data saved at t = 2.5899 s
Elapsed time is 0.027333 seconds.
Data saved at t = 2.6 s
Elapsed time is 0.027189 seconds.
Data saved at t = 2.6099 s
Elapsed time is 0.027101 seconds.
Data saved at t = 2.62 s
Elapsed time is 0.026786 seconds.
Data saved at t = 2.63 s
Elapsed time is 0.027221 seconds.
52800 / 300000 time steps completed. t = 2.639950 s
Elapsed time is 6.808991 seconds.
Data saved at t = 2.6399 s
Elapsed time is 0.027267 seconds.
Data saved at t = 2.65 s
Elapsed time is 0.027260 seconds.
Data saved at t = 2.6599 s
Elapsed time is 0.027522 seconds.
Data saved at t = 2.67 s
Elapsed time is 0.027380 seconds.
Data saved at t = 2.68 s
Elapsed time is 0.026830 seconds.
Data saved at t = 2.69 s
Elapsed time is 0.027817 seconds.
54000 / 300000 time steps completed. t = 2.699950 s
Elapsed time is 6.787030 seconds.
Data saved at t = 2.6999 s
Elapsed time is 0.028838 seconds.
Data saved at t = 2.71 s
Elapsed time is 0.029430 seconds.
Data saved at t = 2.7199 s
Elapsed time is 0.027344 seconds.
Data saved at t = 2.73 s
Elapsed time is 0.026331 seconds.
Data saved at t = 2.7399 s
Elapsed time is 0.026426 seconds.
Data saved at t = 2.75 s
Elapsed time is 0.026343 seconds.
55200 / 300000 time steps completed. t = 2.759950 s
Elapsed time is 6.820510 seconds.
Data saved at t = 2.76 s
Elapsed time is 0.026389 seconds.
Data saved at t = 2.77 s
Elapsed time is 0.026673 seconds.
Data saved at t = 2.78 s
Elapsed time is 0.027777 seconds.
Data saved at t = 2.79 s
Elapsed time is 0.026727 seconds.
Data saved at t = 2.7999 s
Elapsed time is 0.026473 seconds.
Data saved at t = 2.8099 s
Elapsed time is 0.027080 seconds.
56400 / 300000 time steps completed. t = 2.819950 s
Elapsed time is 6.822732 seconds.
Data saved at t = 2.8199 s
Elapsed time is 0.026101 seconds.
Data saved at t = 2.8299 s
Elapsed time is 0.026071 seconds.
Data saved at t = 2.8399 s
Elapsed time is 0.027194 seconds.
Data saved at t = 2.8499 s
Elapsed time is 0.027219 seconds.
Data saved at t = 2.8599 s
Elapsed time is 0.026384 seconds.
Data saved at t = 2.87 s
Elapsed time is 0.030512 seconds.
57600 / 300000 time steps completed. t = 2.879950 s
Elapsed time is 6.781950 seconds.
Data saved at t = 2.88 s
Elapsed time is 0.027536 seconds.
Data saved at t = 2.89 s
Elapsed time is 0.033082 seconds.
Data saved at t = 2.9 s
Elapsed time is 0.027524 seconds.
Data saved at t = 2.91 s
Elapsed time is 0.027549 seconds.
Data saved at t = 2.92 s
Elapsed time is 0.028654 seconds.
Data saved at t = 2.93 s
Elapsed time is 0.029468 seconds.
58800 / 300000 time steps completed. t = 2.939950 s
Elapsed time is 6.763665 seconds.
Data saved at t = 2.9399 s
Elapsed time is 0.027064 seconds.
Data saved at t = 2.9499 s
Elapsed time is 0.027365 seconds.
Data saved at t = 2.9599 s
Elapsed time is 0.027049 seconds.
Data saved at t = 2.9699 s
Elapsed time is 0.027716 seconds.
Data saved at t = 2.98 s
Elapsed time is 0.026730 seconds.
Data saved at t = 2.9899 s
Elapsed time is 0.026504 seconds.
60000 / 300000 time steps completed. t = 2.999950 s
Elapsed time is 6.822963 seconds.
Data saved at t = 3 s
Elapsed time is 0.029796 seconds.
Data saved at t = 3.0099 s
Elapsed time is 0.026967 seconds.
Data saved at t = 3.02 s
Elapsed time is 0.026893 seconds.
Data saved at t = 3.03 s
Elapsed time is 0.026957 seconds.
Data saved at t = 3.04 s
Elapsed time is 0.027255 seconds.
Data saved at t = 3.05 s
Elapsed time is 0.026702 seconds.
61200 / 300000 time steps completed. t = 3.059950 s
Elapsed time is 6.826288 seconds.
Data saved at t = 3.06 s
Elapsed time is 0.027639 seconds.
Data saved at t = 3.0699 s
Elapsed time is 0.027392 seconds.
Data saved at t = 3.0799 s
Elapsed time is 0.027316 seconds.
Data saved at t = 3.0899 s
Elapsed time is 0.027117 seconds.
Data saved at t = 3.0999 s
Elapsed time is 0.027139 seconds.
Data saved at t = 3.1099 s
Elapsed time is 0.026715 seconds.
62400 / 300000 time steps completed. t = 3.119950 s
Elapsed time is 6.797332 seconds.
Data saved at t = 3.1199 s
Elapsed time is 0.027468 seconds.
Data saved at t = 3.13 s
Elapsed time is 0.027208 seconds.
Data saved at t = 3.14 s
Elapsed time is 0.027790 seconds.
Data saved at t = 3.15 s
Elapsed time is 0.026962 seconds.
Data saved at t = 3.16 s
Elapsed time is 0.028774 seconds.
Data saved at t = 3.17 s
Elapsed time is 0.027600 seconds.
63600 / 300000 time steps completed. t = 3.179950 s
Elapsed time is 6.839344 seconds.
Data saved at t = 3.18 s
Elapsed time is 0.026898 seconds.
Data saved at t = 3.19 s
Elapsed time is 0.026728 seconds.
Data saved at t = 3.2 s
Elapsed time is 0.027448 seconds.
Data saved at t = 3.2099 s
Elapsed time is 0.027344 seconds.
Data saved at t = 3.2199 s
Elapsed time is 0.026865 seconds.
Data saved at t = 3.2299 s
Elapsed time is 0.026606 seconds.
64800 / 300000 time steps completed. t = 3.239950 s
Elapsed time is 6.814668 seconds.
Data saved at t = 3.2399 s
Elapsed time is 0.027065 seconds.
Data saved at t = 3.25 s
Elapsed time is 0.026707 seconds.
Data saved at t = 3.2599 s
Elapsed time is 0.027045 seconds.
Data saved at t = 3.27 s
Elapsed time is 0.029784 seconds.
Data saved at t = 3.2799 s
Elapsed time is 0.036243 seconds.
Data saved at t = 3.29 s
Elapsed time is 0.027046 seconds.
66000 / 300000 time steps completed. t = 3.299950 s
Elapsed time is 6.823240 seconds.
Data saved at t = 3.3 s
Elapsed time is 0.027129 seconds.
Data saved at t = 3.31 s
Elapsed time is 0.029688 seconds.
Data saved at t = 3.32 s
Elapsed time is 0.027178 seconds.
Data saved at t = 3.33 s
Elapsed time is 0.026912 seconds.
Data saved at t = 3.3399 s
Elapsed time is 0.073865 seconds.
Data saved at t = 3.3499 s
Elapsed time is 0.111568 seconds.
67200 / 300000 time steps completed. t = 3.359950 s
Elapsed time is 6.901913 seconds.
Data saved at t = 3.3599 s
Elapsed time is 0.027838 seconds.
Data saved at t = 3.3699 s
Elapsed time is 0.026676 seconds.
Data saved at t = 3.38 s
Elapsed time is 0.029038 seconds.
Data saved at t = 3.3899 s
Elapsed time is 0.027093 seconds.
Data saved at t = 3.4 s
Elapsed time is 0.029596 seconds.
Data saved at t = 3.41 s
Elapsed time is 0.026816 seconds.
68400 / 300000 time steps completed. t = 3.419950 s
Elapsed time is 6.751076 seconds.
Data saved at t = 3.42 s
Elapsed time is 0.029315 seconds.
Data saved at t = 3.43 s
Elapsed time is 0.026818 seconds.
Data saved at t = 3.44 s
Elapsed time is 0.026548 seconds.
Data saved at t = 3.45 s
Elapsed time is 0.030207 seconds.
Data saved at t = 3.46 s
Elapsed time is 0.030042 seconds.
Data saved at t = 3.47 s
Elapsed time is 0.030054 seconds.
69600 / 300000 time steps completed. t = 3.479950 s
Elapsed time is 6.802153 seconds.
Data saved at t = 3.4799 s
Elapsed time is 0.027392 seconds.
Data saved at t = 3.4899 s
Elapsed time is 0.030200 seconds.
Data saved at t = 3.4999 s
Elapsed time is 0.027202 seconds.
Data saved at t = 3.5099 s
Elapsed time is 0.031079 seconds.
Data saved at t = 3.52 s
Elapsed time is 0.026767 seconds.
Data saved at t = 3.5299 s
Elapsed time is 0.027308 seconds.
70800 / 300000 time steps completed. t = 3.539950 s
Elapsed time is 6.821801 seconds.
Data saved at t = 3.54 s
Elapsed time is 0.026938 seconds.
Data saved at t = 3.5499 s
Elapsed time is 0.027417 seconds.
Data saved at t = 3.56 s
Elapsed time is 0.026814 seconds.
Data saved at t = 3.5699 s
Elapsed time is 0.026849 seconds.
Data saved at t = 3.58 s
Elapsed time is 0.030150 seconds.
Data saved at t = 3.59 s
Elapsed time is 0.027110 seconds.
72000 / 300000 time steps completed. t = 3.599950 s
Elapsed time is 6.796962 seconds.
Data saved at t = 3.6 s
Elapsed time is 0.031021 seconds.
Data saved at t = 3.6099 s
Elapsed time is 0.027325 seconds.
Data saved at t = 3.6199 s
Elapsed time is 0.029629 seconds.
Data saved at t = 3.63 s
Elapsed time is 0.026904 seconds.
Data saved at t = 3.6399 s
Elapsed time is 0.027240 seconds.
Data saved at t = 3.65 s
Elapsed time is 0.030076 seconds.
73200 / 300000 time steps completed. t = 3.659950 s
Elapsed time is 6.802361 seconds.
Data saved at t = 3.6599 s
Elapsed time is 0.027671 seconds.
Data saved at t = 3.67 s
Elapsed time is 0.030348 seconds.
Data saved at t = 3.68 s
Elapsed time is 0.026693 seconds.
Data saved at t = 3.69 s
Elapsed time is 0.026845 seconds.
Data saved at t = 3.7 s
Elapsed time is 0.026160 seconds.
Data saved at t = 3.71 s
Elapsed time is 0.029568 seconds.
74400 / 300000 time steps completed. t = 3.719950 s
Elapsed time is 6.807015 seconds.
Data saved at t = 3.72 s
Elapsed time is 0.026617 seconds.
Data saved at t = 3.73 s
Elapsed time is 0.027006 seconds.
Data saved at t = 3.7399 s
Elapsed time is 0.028920 seconds.
Data saved at t = 3.7499 s
Elapsed time is 0.026488 seconds.
Data saved at t = 3.7599 s
Elapsed time is 0.028822 seconds.
Data saved at t = 3.7699 s
Elapsed time is 0.026765 seconds.
75600 / 300000 time steps completed. t = 3.779950 s
Elapsed time is 6.800064 seconds.
Data saved at t = 3.7799 s
Elapsed time is 0.030501 seconds.
Data saved at t = 3.79 s
Elapsed time is 0.028981 seconds.
Data saved at t = 3.7999 s
Elapsed time is 0.029206 seconds.
Data saved at t = 3.81 s
Elapsed time is 0.027517 seconds.
Data saved at t = 3.8199 s
Elapsed time is 0.026802 seconds.
Data saved at t = 3.83 s
Elapsed time is 0.026406 seconds.
76800 / 300000 time steps completed. t = 3.839950 s
Elapsed time is 6.795737 seconds.
Data saved at t = 3.8399 s
Elapsed time is 0.027539 seconds.
Data saved at t = 3.85 s
Elapsed time is 0.030511 seconds.
Data saved at t = 3.86 s
Elapsed time is 0.026726 seconds.
Data saved at t = 3.87 s
Elapsed time is 0.031447 seconds.
Data saved at t = 3.8799 s
Elapsed time is 0.026590 seconds.
Data saved at t = 3.8899 s
Elapsed time is 0.029245 seconds.
78000 / 300000 time steps completed. t = 3.899950 s
Elapsed time is 6.802388 seconds.
Data saved at t = 3.9 s
Elapsed time is 0.027007 seconds.
Data saved at t = 3.9099 s
Elapsed time is 0.026513 seconds.
Data saved at t = 3.92 s
Elapsed time is 0.026920 seconds.
Data saved at t = 3.9299 s
Elapsed time is 0.026780 seconds.
Data saved at t = 3.94 s
Elapsed time is 0.030593 seconds.
Data saved at t = 3.9499 s
Elapsed time is 0.027802 seconds.
79200 / 300000 time steps completed. t = 3.959950 s
Elapsed time is 6.809720 seconds.
Data saved at t = 3.96 s
Elapsed time is 0.029496 seconds.
Data saved at t = 3.97 s
Elapsed time is 0.026645 seconds.
Data saved at t = 3.98 s
Elapsed time is 0.026867 seconds.
Data saved at t = 3.99 s
Elapsed time is 0.027094 seconds.
Data saved at t = 4 s
Elapsed time is 0.029006 seconds.
Data saved at t = 4.0099 s
Elapsed time is 0.027057 seconds.
80400 / 300000 time steps completed. t = 4.019950 s
Elapsed time is 6.818953 seconds.
Data saved at t = 4.0199 s
Elapsed time is 0.026691 seconds.
Data saved at t = 4.0299 s
Elapsed time is 0.029572 seconds.
Data saved at t = 4.04 s
Elapsed time is 0.026864 seconds.
Data saved at t = 4.0499 s
Elapsed time is 0.027018 seconds.
Data saved at t = 4.0599 s
Elapsed time is 0.026650 seconds.
Data saved at t = 4.07 s
Elapsed time is 0.027161 seconds.
81600 / 300000 time steps completed. t = 4.079950 s
Elapsed time is 6.820919 seconds.
Data saved at t = 4.08 s
Elapsed time is 0.026641 seconds.
Data saved at t = 4.0899 s
Elapsed time is 0.026647 seconds.
Data saved at t = 4.0999 s
Elapsed time is 0.026594 seconds.
Data saved at t = 4.11 s
Elapsed time is 0.030839 seconds.
Data saved at t = 4.12 s
Elapsed time is 0.027993 seconds.
Data saved at t = 4.13 s
Elapsed time is 0.026266 seconds.
82800 / 300000 time steps completed. t = 4.139950 s
Elapsed time is 6.822515 seconds.
Data saved at t = 4.14 s
Elapsed time is 0.030481 seconds.
Data saved at t = 4.1499 s
Elapsed time is 0.026818 seconds.
Data saved at t = 4.1599 s
Elapsed time is 0.029272 seconds.
Data saved at t = 4.17 s
Elapsed time is 0.027786 seconds.
Data saved at t = 4.1799 s
Elapsed time is 0.027317 seconds.
Data saved at t = 4.1899 s
Elapsed time is 0.026975 seconds.
84000 / 300000 time steps completed. t = 4.199950 s
Elapsed time is 6.812307 seconds.
Data saved at t = 4.2 s
Elapsed time is 0.030240 seconds.
Data saved at t = 4.21 s
Elapsed time is 0.027179 seconds.
Data saved at t = 4.2199 s
Elapsed time is 0.027329 seconds.
Data saved at t = 4.23 s
Elapsed time is 0.026920 seconds.
Data saved at t = 4.24 s
Elapsed time is 0.028554 seconds.
Data saved at t = 4.25 s
Elapsed time is 0.030670 seconds.
85200 / 300000 time steps completed. t = 4.259950 s
Elapsed time is 6.792351 seconds.
Data saved at t = 4.2599 s
Elapsed time is 0.027617 seconds.
Data saved at t = 4.27 s
Elapsed time is 0.026875 seconds.
Data saved at t = 4.2799 s
Elapsed time is 0.026900 seconds.
Data saved at t = 4.29 s
Elapsed time is 0.028832 seconds.
Data saved at t = 4.2999 s
Elapsed time is 0.026683 seconds.
Data saved at t = 4.3099 s
Elapsed time is 0.029997 seconds.
86400 / 300000 time steps completed. t = 4.319950 s
Elapsed time is 6.779689 seconds.
Data saved at t = 4.3199 s
Elapsed time is 0.027081 seconds.
Data saved at t = 4.33 s
Elapsed time is 0.027059 seconds.
Data saved at t = 4.3399 s
Elapsed time is 0.030631 seconds.
Data saved at t = 4.3499 s
Elapsed time is 0.027689 seconds.
Data saved at t = 4.36 s
Elapsed time is 0.029858 seconds.
Data saved at t = 4.37 s
Elapsed time is 0.027443 seconds.
87600 / 300000 time steps completed. t = 4.379950 s
Elapsed time is 6.796525 seconds.
Data saved at t = 4.38 s
Elapsed time is 0.029264 seconds.
Data saved at t = 4.3899 s
Elapsed time is 0.026905 seconds.
Data saved at t = 4.4 s
Elapsed time is 0.029970 seconds.
Data saved at t = 4.41 s
Elapsed time is 0.026560 seconds.
Data saved at t = 4.42 s
Elapsed time is 0.029348 seconds.
Data saved at t = 4.4299 s
Elapsed time is 0.026978 seconds.
88800 / 300000 time steps completed. t = 4.439950 s
Elapsed time is 6.797768 seconds.
Data saved at t = 4.4399 s
Elapsed time is 0.026915 seconds.
Data saved at t = 4.45 s
Elapsed time is 0.027374 seconds.
Data saved at t = 4.46 s
Elapsed time is 0.027150 seconds.
Data saved at t = 4.4699 s
Elapsed time is 0.029387 seconds.
Data saved at t = 4.4799 s
Elapsed time is 0.026808 seconds.
Data saved at t = 4.49 s
Elapsed time is 0.029687 seconds.
90000 / 300000 time steps completed. t = 4.499950 s
Elapsed time is 6.794989 seconds.
Data saved at t = 4.5 s
Elapsed time is 0.027249 seconds.
Data saved at t = 4.5099 s
Elapsed time is 0.029674 seconds.
Data saved at t = 4.52 s
Elapsed time is 0.027426 seconds.
Data saved at t = 4.53 s
Elapsed time is 0.027009 seconds.
Data saved at t = 4.54 s
Elapsed time is 0.028816 seconds.
Data saved at t = 4.5499 s
Elapsed time is 0.026839 seconds.
91200 / 300000 time steps completed. t = 4.559950 s
Elapsed time is 6.773364 seconds.
Data saved at t = 4.5599 s
Elapsed time is 0.029351 seconds.
Data saved at t = 4.5699 s
Elapsed time is 0.026970 seconds.
Data saved at t = 4.58 s
Elapsed time is 0.029869 seconds.
Data saved at t = 4.5899 s
Elapsed time is 0.027633 seconds.
Data saved at t = 4.5999 s
Elapsed time is 0.029611 seconds.
Data saved at t = 4.61 s
Elapsed time is 0.026917 seconds.
92400 / 300000 time steps completed. t = 4.619950 s
Elapsed time is 6.785596 seconds.
Data saved at t = 4.62 s
Elapsed time is 0.029915 seconds.
Data saved at t = 4.63 s
Elapsed time is 0.026664 seconds.
Data saved at t = 4.6399 s
Elapsed time is 0.027530 seconds.
Data saved at t = 4.65 s
Elapsed time is 0.028883 seconds.
Data saved at t = 4.66 s
Elapsed time is 0.027151 seconds.
Data saved at t = 4.67 s
Elapsed time is 0.030030 seconds.
93600 / 300000 time steps completed. t = 4.679950 s
Elapsed time is 6.777587 seconds.
Data saved at t = 4.68 s
Elapsed time is 0.026528 seconds.
Data saved at t = 4.6899 s
Elapsed time is 0.026521 seconds.
Data saved at t = 4.6999 s
Elapsed time is 0.026841 seconds.
Data saved at t = 4.71 s
Elapsed time is 0.030951 seconds.
Data saved at t = 4.7199 s
Elapsed time is 0.027159 seconds.
Data saved at t = 4.7299 s
Elapsed time is 0.029292 seconds.
94800 / 300000 time steps completed. t = 4.739950 s
Elapsed time is 6.794513 seconds.
Data saved at t = 4.74 s
Elapsed time is 0.027163 seconds.
Data saved at t = 4.75 s
Elapsed time is 0.027928 seconds.
Data saved at t = 4.7599 s
Elapsed time is 0.027151 seconds.
Data saved at t = 4.7699 s
Elapsed time is 0.026825 seconds.
Data saved at t = 4.78 s
Elapsed time is 0.030150 seconds.
Data saved at t = 4.79 s
Elapsed time is 0.026425 seconds.
96000 / 300000 time steps completed. t = 4.799950 s
Elapsed time is 6.772194 seconds.
Data saved at t = 4.7999 s
Elapsed time is 0.026972 seconds.
Data saved at t = 4.81 s
Elapsed time is 0.027003 seconds.
Data saved at t = 4.8199 s
Elapsed time is 0.029651 seconds.
Data saved at t = 4.83 s
Elapsed time is 0.026662 seconds.
Data saved at t = 4.8399 s
Elapsed time is 0.026806 seconds.
Data saved at t = 4.8499 s
Elapsed time is 0.029012 seconds.
97200 / 300000 time steps completed. t = 4.859950 s
Elapsed time is 6.800340 seconds.
Data saved at t = 4.8599 s
Elapsed time is 0.027393 seconds.
Data saved at t = 4.87 s
Elapsed time is 0.030801 seconds.
Data saved at t = 4.88 s
Elapsed time is 0.026733 seconds.
Data saved at t = 4.8899 s
Elapsed time is 0.029951 seconds.
Data saved at t = 4.9 s
Elapsed time is 0.027243 seconds.
Data saved at t = 4.91 s
Elapsed time is 0.030343 seconds.
98400 / 300000 time steps completed. t = 4.919950 s
Elapsed time is 6.798181 seconds.
Data saved at t = 4.92 s
Elapsed time is 0.027042 seconds.
Data saved at t = 4.9299 s
Elapsed time is 0.027225 seconds.
Data saved at t = 4.94 s
Elapsed time is 0.026834 seconds.
Data saved at t = 4.95 s
Elapsed time is 0.026680 seconds.
Data saved at t = 4.96 s
Elapsed time is 0.029585 seconds.
Data saved at t = 4.9699 s
Elapsed time is 0.027168 seconds.
99600 / 300000 time steps completed. t = 4.979950 s
Elapsed time is 6.803611 seconds.
Data saved at t = 4.9799 s
Elapsed time is 0.026328 seconds.
Data saved at t = 4.99 s
Elapsed time is 0.026822 seconds.
Data saved at t = 5 s
Elapsed time is 0.029099 seconds.
Data saved at t = 5.0099 s
Elapsed time is 0.027333 seconds.
Data saved at t = 5.0199 s
Elapsed time is 0.030140 seconds.
Data saved at t = 5.03 s
Elapsed time is 0.027106 seconds.
100800 / 300000 time steps completed. t = 5.039950 s
Elapsed time is 6.789437 seconds.
Data saved at t = 5.04 s
Elapsed time is 0.026742 seconds.
Data saved at t = 5.0499 s
Elapsed time is 0.027432 seconds.
Data saved at t = 5.06 s
Elapsed time is 0.026883 seconds.
Data saved at t = 5.07 s
Elapsed time is 0.029240 seconds.
Data saved at t = 5.08 s
Elapsed time is 0.027301 seconds.
Data saved at t = 5.0899 s
Elapsed time is 0.029950 seconds.
102000 / 300000 time steps completed. t = 5.099950 s
Elapsed time is 6.786404 seconds.
Data saved at t = 5.0999 s
Elapsed time is 0.026853 seconds.
Data saved at t = 5.1099 s
Elapsed time is 0.034686 seconds.
Data saved at t = 5.12 s
Elapsed time is 0.028459 seconds.
Data saved at t = 5.13 s
Elapsed time is 0.026901 seconds.
Data saved at t = 5.1399 s
Elapsed time is 0.029582 seconds.
Data saved at t = 5.1499 s
Elapsed time is 0.027512 seconds.
103200 / 300000 time steps completed. t = 5.159950 s
Elapsed time is 6.785458 seconds.
Data saved at t = 5.16 s
Elapsed time is 0.029870 seconds.
Data saved at t = 5.17 s
Elapsed time is 0.026958 seconds.
Data saved at t = 5.1799 s
Elapsed time is 0.029524 seconds.
Data saved at t = 5.19 s
Elapsed time is 0.028248 seconds.
Data saved at t = 5.2 s
Elapsed time is 0.026725 seconds.
Data saved at t = 5.21 s
Elapsed time is 0.027387 seconds.
104400 / 300000 time steps completed. t = 5.219950 s
Elapsed time is 6.782216 seconds.
Data saved at t = 5.22 s
Elapsed time is 0.030193 seconds.
Data saved at t = 5.2299 s
Elapsed time is 0.026489 seconds.
Data saved at t = 5.2399 s
Elapsed time is 0.027256 seconds.
Data saved at t = 5.25 s
Elapsed time is 0.030404 seconds.
Data saved at t = 5.2599 s
Elapsed time is 0.027169 seconds.
Data saved at t = 5.2699 s
Elapsed time is 0.031890 seconds.
105600 / 300000 time steps completed. t = 5.279950 s
Elapsed time is 6.801012 seconds.
Data saved at t = 5.28 s
Elapsed time is 0.026937 seconds.
Data saved at t = 5.29 s
Elapsed time is 0.029373 seconds.
Data saved at t = 5.2999 s
Elapsed time is 0.027401 seconds.
Data saved at t = 5.3099 s
Elapsed time is 0.029907 seconds.
Data saved at t = 5.32 s
Elapsed time is 0.027096 seconds.
Data saved at t = 5.33 s
Elapsed time is 0.026498 seconds.
106800 / 300000 time steps completed. t = 5.339950 s
Elapsed time is 6.803690 seconds.
Data saved at t = 5.3399 s
Elapsed time is 0.029734 seconds.
Data saved at t = 5.35 s
Elapsed time is 0.027308 seconds.
Data saved at t = 5.3599 s
Elapsed time is 0.029064 seconds.
Data saved at t = 5.37 s
Elapsed time is 0.026604 seconds.
Data saved at t = 5.38 s
Elapsed time is 0.027319 seconds.
Data saved at t = 5.3899 s
Elapsed time is 0.026940 seconds.
108000 / 300000 time steps completed. t = 5.399950 s
Elapsed time is 6.812162 seconds.
Data saved at t = 5.3999 s
Elapsed time is 0.029557 seconds.
Data saved at t = 5.41 s
Elapsed time is 0.027087 seconds.
Data saved at t = 5.42 s
Elapsed time is 0.026728 seconds.
Data saved at t = 5.4299 s
Elapsed time is 0.026839 seconds.
Data saved at t = 5.44 s
Elapsed time is 0.026824 seconds.
Data saved at t = 5.45 s
Elapsed time is 0.029534 seconds.
109200 / 300000 time steps completed. t = 5.459950 s
Elapsed time is 6.811380 seconds.
Data saved at t = 5.46 s
Elapsed time is 0.026850 seconds.
Data saved at t = 5.4699 s
Elapsed time is 0.027312 seconds.
Data saved at t = 5.48 s
Elapsed time is 0.026980 seconds.
Data saved at t = 5.49 s
Elapsed time is 0.027303 seconds.
Data saved at t = 5.5 s
Elapsed time is 0.027268 seconds.
Data saved at t = 5.5099 s
Elapsed time is 0.029026 seconds.
110400 / 300000 time steps completed. t = 5.519950 s
Elapsed time is 6.810968 seconds.
Data saved at t = 5.52 s
Elapsed time is 0.027155 seconds.
Data saved at t = 5.5299 s
Elapsed time is 0.026974 seconds.
Data saved at t = 5.54 s
Elapsed time is 0.026393 seconds.
Data saved at t = 5.5499 s
Elapsed time is 0.026912 seconds.
Data saved at t = 5.5599 s
Elapsed time is 0.028976 seconds.
Data saved at t = 5.57 s
Elapsed time is 0.027044 seconds.
111600 / 300000 time steps completed. t = 5.579950 s
Elapsed time is 6.821297 seconds.
Data saved at t = 5.5799 s
Elapsed time is 0.027157 seconds.
Data saved at t = 5.5899 s
Elapsed time is 0.026782 seconds.
Data saved at t = 5.5999 s
Elapsed time is 0.026957 seconds.
Data saved at t = 5.61 s
Elapsed time is 0.028285 seconds.
Data saved at t = 5.6199 s
Elapsed time is 0.027015 seconds.
Data saved at t = 5.63 s
Elapsed time is 0.029783 seconds.
112800 / 300000 time steps completed. t = 5.639950 s
Elapsed time is 6.814057 seconds.
Data saved at t = 5.6399 s
Elapsed time is 0.027661 seconds.
Data saved at t = 5.65 s
Elapsed time is 0.029438 seconds.
Data saved at t = 5.66 s
Elapsed time is 0.026835 seconds.
Data saved at t = 5.67 s
Elapsed time is 0.027581 seconds.
Data saved at t = 5.6799 s
Elapsed time is 0.026796 seconds.
Data saved at t = 5.69 s
Elapsed time is 0.026869 seconds.
114000 / 300000 time steps completed. t = 5.699950 s
Elapsed time is 6.823734 seconds.
Data saved at t = 5.7 s
Elapsed time is 0.026789 seconds.
Data saved at t = 5.7099 s
Elapsed time is 0.029345 seconds.
Data saved at t = 5.7199 s
Elapsed time is 0.026487 seconds.
Data saved at t = 5.7299 s
Elapsed time is 0.027430 seconds.
Data saved at t = 5.74 s
Elapsed time is 0.030519 seconds.
Data saved at t = 5.75 s
Elapsed time is 0.026884 seconds.
115200 / 300000 time steps completed. t = 5.759950 s
Elapsed time is 6.799267 seconds.
Data saved at t = 5.7599 s
Elapsed time is 0.026828 seconds.
Data saved at t = 5.7699 s
Elapsed time is 0.027226 seconds.
Data saved at t = 5.78 s
Elapsed time is 0.030261 seconds.
Data saved at t = 5.79 s
Elapsed time is 0.027115 seconds.
Data saved at t = 5.8 s
Elapsed time is 0.027047 seconds.
Data saved at t = 5.8099 s
Elapsed time is 0.027267 seconds.
116400 / 300000 time steps completed. t = 5.819950 s
Elapsed time is 6.813542 seconds.
Data saved at t = 5.82 s
Elapsed time is 0.029457 seconds.
Data saved at t = 5.83 s
Elapsed time is 0.026896 seconds.
Data saved at t = 5.8399 s
Elapsed time is 0.030222 seconds.
Data saved at t = 5.8499 s
Elapsed time is 0.029842 seconds.
Data saved at t = 5.8599 s
Elapsed time is 0.027231 seconds.
Data saved at t = 5.87 s
Elapsed time is 0.030201 seconds.
117600 / 300000 time steps completed. t = 5.879950 s
Elapsed time is 6.840575 seconds.
Data saved at t = 5.88 s
Elapsed time is 0.026575 seconds.
Data saved at t = 5.89 s
Elapsed time is 0.028924 seconds.
Data saved at t = 5.8999 s
Elapsed time is 0.026189 seconds.
Data saved at t = 5.91 s
Elapsed time is 0.029850 seconds.
Data saved at t = 5.92 s
Elapsed time is 0.026966 seconds.
Data saved at t = 5.93 s
Elapsed time is 0.027119 seconds.
118800 / 300000 time steps completed. t = 5.939950 s
Elapsed time is 6.848470 seconds.
Data saved at t = 5.9399 s
Elapsed time is 0.026642 seconds.
Data saved at t = 5.95 s
Elapsed time is 0.027065 seconds.
Data saved at t = 5.96 s
Elapsed time is 0.029482 seconds.
Data saved at t = 5.9699 s
Elapsed time is 0.027123 seconds.
Data saved at t = 5.98 s
Elapsed time is 0.027109 seconds.
Data saved at t = 5.9899 s
Elapsed time is 0.026637 seconds.
120000 / 300000 time steps completed. t = 5.999950 s
Elapsed time is 6.809538 seconds.
Data saved at t = 6 s
Elapsed time is 0.030321 seconds.
Data saved at t = 6.0099 s
Elapsed time is 0.027385 seconds.
Data saved at t = 6.02 s
Elapsed time is 0.026867 seconds.
Data saved at t = 6.0299 s
Elapsed time is 0.031507 seconds.
Data saved at t = 6.04 s
Elapsed time is 0.026771 seconds.
Data saved at t = 6.0499 s
Elapsed time is 0.026623 seconds.
121200 / 300000 time steps completed. t = 6.059950 s
Elapsed time is 6.808640 seconds.
Data saved at t = 6.06 s
Elapsed time is 0.026690 seconds.
Data saved at t = 6.0699 s
Elapsed time is 0.027426 seconds.
Data saved at t = 6.08 s
Elapsed time is 0.027524 seconds.
Data saved at t = 6.0899 s
Elapsed time is 0.028987 seconds.
Data saved at t = 6.0999 s
Elapsed time is 0.027726 seconds.
Data saved at t = 6.11 s
Elapsed time is 0.029308 seconds.
122400 / 300000 time steps completed. t = 6.119950 s
Elapsed time is 6.823146 seconds.
Data saved at t = 6.1199 s
Elapsed time is 0.027195 seconds.
Data saved at t = 6.13 s
Elapsed time is 0.026535 seconds.
Data saved at t = 6.1399 s
Elapsed time is 0.029053 seconds.
Data saved at t = 6.15 s
Elapsed time is 0.027670 seconds.
Data saved at t = 6.1599 s
Elapsed time is 0.030256 seconds.
Data saved at t = 6.17 s
Elapsed time is 0.027014 seconds.
123600 / 300000 time steps completed. t = 6.179950 s
Elapsed time is 6.830568 seconds.
Data saved at t = 6.1799 s
Elapsed time is 0.027392 seconds.
Data saved at t = 6.19 s
Elapsed time is 0.027609 seconds.
Data saved at t = 6.2 s
Elapsed time is 0.030024 seconds.
Data saved at t = 6.21 s
Elapsed time is 0.027765 seconds.
Data saved at t = 6.2199 s
Elapsed time is 0.027104 seconds.
Data saved at t = 6.23 s
Elapsed time is 0.029623 seconds.
124800 / 300000 time steps completed. t = 6.239950 s
Elapsed time is 6.794373 seconds.
Data saved at t = 6.24 s
Elapsed time is 0.027201 seconds.
Data saved at t = 6.2499 s
Elapsed time is 0.030204 seconds.
Data saved at t = 6.2599 s
Elapsed time is 0.028251 seconds.
Data saved at t = 6.2699 s
Elapsed time is 0.029296 seconds.
Data saved at t = 6.28 s
Elapsed time is 0.026660 seconds.
Data saved at t = 6.2899 s
Elapsed time is 0.029743 seconds.
126000 / 300000 time steps completed. t = 6.299950 s
Elapsed time is 6.797703 seconds.
Data saved at t = 6.2999 s
Elapsed time is 0.027302 seconds.
Data saved at t = 6.3099 s
Elapsed time is 0.026867 seconds.
Data saved at t = 6.32 s
Elapsed time is 0.026998 seconds.
Data saved at t = 6.33 s
Elapsed time is 0.026765 seconds.
Data saved at t = 6.34 s
Elapsed time is 0.028563 seconds.
Data saved at t = 6.3499 s
Elapsed time is 0.026831 seconds.
127200 / 300000 time steps completed. t = 6.359950 s
Elapsed time is 6.781053 seconds.
Data saved at t = 6.36 s
Elapsed time is 0.028946 seconds.
Data saved at t = 6.37 s
Elapsed time is 0.030024 seconds.
Data saved at t = 6.3799 s
Elapsed time is 0.029074 seconds.
Data saved at t = 6.3899 s
Elapsed time is 0.026273 seconds.
Data saved at t = 6.3999 s
Elapsed time is 0.029586 seconds.
Data saved at t = 6.41 s
Elapsed time is 0.026704 seconds.
128400 / 300000 time steps completed. t = 6.419950 s
Elapsed time is 6.775641 seconds.
Data saved at t = 6.42 s
Elapsed time is 0.029227 seconds.
Data saved at t = 6.43 s
Elapsed time is 0.027242 seconds.
Data saved at t = 6.4399 s
Elapsed time is 0.026851 seconds.
Data saved at t = 6.45 s
Elapsed time is 0.030156 seconds.
Data saved at t = 6.46 s
Elapsed time is 0.027079 seconds.
Data saved at t = 6.47 s
Elapsed time is 0.030310 seconds.
129600 / 300000 time steps completed. t = 6.479950 s
Elapsed time is 6.777530 seconds.
Data saved at t = 6.4799 s
Elapsed time is 0.026492 seconds.
Data saved at t = 6.49 s
Elapsed time is 0.030923 seconds.
Data saved at t = 6.5 s
Elapsed time is 0.026977 seconds.
Data saved at t = 6.5099 s
Elapsed time is 0.028171 seconds.
Data saved at t = 6.5199 s
Elapsed time is 0.026592 seconds.
Data saved at t = 6.5299 s
Elapsed time is 0.026862 seconds.
130800 / 300000 time steps completed. t = 6.539950 s
Elapsed time is 6.806532 seconds.
Data saved at t = 6.54 s
Elapsed time is 0.026917 seconds.
Data saved at t = 6.5499 s
Elapsed time is 0.026964 seconds.
Data saved at t = 6.56 s
Elapsed time is 0.030802 seconds.
Data saved at t = 6.5699 s
Elapsed time is 0.026844 seconds.
Data saved at t = 6.58 s
Elapsed time is 0.029837 seconds.
Data saved at t = 6.5899 s
Elapsed time is 0.026281 seconds.
132000 / 300000 time steps completed. t = 6.599950 s
Elapsed time is 6.775056 seconds.
Data saved at t = 6.6 s
Elapsed time is 0.029320 seconds.
Data saved at t = 6.6099 s
Elapsed time is 0.026669 seconds.
Data saved at t = 6.62 s
Elapsed time is 0.029714 seconds.
Data saved at t = 6.63 s
Elapsed time is 0.026370 seconds.
Data saved at t = 6.6399 s
Elapsed time is 0.027035 seconds.
Data saved at t = 6.65 s
Elapsed time is 0.028410 seconds.
133200 / 300000 time steps completed. t = 6.659950 s
Elapsed time is 6.743009 seconds.
Data saved at t = 6.6599 s
Elapsed time is 0.030774 seconds.
Data saved at t = 6.67 s
Elapsed time is 0.026456 seconds.
Data saved at t = 6.6799 s
Elapsed time is 0.026859 seconds.
Data saved at t = 6.69 s
Elapsed time is 0.029059 seconds.
Data saved at t = 6.6999 s
Elapsed time is 0.027621 seconds.
Data saved at t = 6.71 s
Elapsed time is 0.031021 seconds.
134400 / 300000 time steps completed. t = 6.719950 s
Elapsed time is 6.734913 seconds.
Data saved at t = 6.7199 s
Elapsed time is 0.026741 seconds.
Data saved at t = 6.73 s
Elapsed time is 0.026850 seconds.
Data saved at t = 6.74 s
Elapsed time is 0.029594 seconds.
Data saved at t = 6.75 s
Elapsed time is 0.027493 seconds.
Data saved at t = 6.7599 s
Elapsed time is 0.028960 seconds.
Data saved at t = 6.77 s
Elapsed time is 0.027388 seconds.
135600 / 300000 time steps completed. t = 6.779950 s
Elapsed time is 6.737486 seconds.
Data saved at t = 6.78 s
Elapsed time is 0.028855 seconds.
Data saved at t = 6.7899 s
Elapsed time is 0.027171 seconds.
Data saved at t = 6.7999 s
Elapsed time is 0.029431 seconds.
Data saved at t = 6.8099 s
Elapsed time is 0.026539 seconds.
Data saved at t = 6.82 s
Elapsed time is 0.026614 seconds.
Data saved at t = 6.8299 s
Elapsed time is 0.026569 seconds.
136800 / 300000 time steps completed. t = 6.839950 s
Elapsed time is 6.770282 seconds.
Data saved at t = 6.8399 s
Elapsed time is 0.026141 seconds.
Data saved at t = 6.8499 s
Elapsed time is 0.029770 seconds.
Data saved at t = 6.86 s
Elapsed time is 0.026693 seconds.
Data saved at t = 6.87 s
Elapsed time is 0.028397 seconds.
Data saved at t = 6.88 s
Elapsed time is 0.026615 seconds.
Data saved at t = 6.8899 s
Elapsed time is 0.028988 seconds.
138000 / 300000 time steps completed. t = 6.899950 s
Elapsed time is 6.735860 seconds.
Data saved at t = 6.9 s
Elapsed time is 0.027192 seconds.
Data saved at t = 6.91 s
Elapsed time is 0.029788 seconds.
Data saved at t = 6.9199 s
Elapsed time is 0.027260 seconds.
Data saved at t = 6.9299 s
Elapsed time is 0.031724 seconds.
Data saved at t = 6.9399 s
Elapsed time is 0.026415 seconds.
Data saved at t = 6.95 s
Elapsed time is 0.026655 seconds.
139200 / 300000 time steps completed. t = 6.959950 s
Elapsed time is 6.741183 seconds.
Data saved at t = 6.96 s
Elapsed time is 0.029309 seconds.
Data saved at t = 6.97 s
Elapsed time is 0.027327 seconds.
Data saved at t = 6.9799 s
Elapsed time is 0.030008 seconds.
Data saved at t = 6.99 s
Elapsed time is 0.026902 seconds.
Data saved at t = 7 s
Elapsed time is 0.030650 seconds.
Data saved at t = 7.01 s
Elapsed time is 0.026946 seconds.
140400 / 300000 time steps completed. t = 7.019950 s
Elapsed time is 6.801519 seconds.
Data saved at t = 7.0199 s
Elapsed time is 0.028678 seconds.
Data saved at t = 7.03 s
Elapsed time is 0.027462 seconds.
Data saved at t = 7.04 s
Elapsed time is 0.027383 seconds.
Data saved at t = 7.0499 s
Elapsed time is 0.026892 seconds.
Data saved at t = 7.0599 s
Elapsed time is 0.026441 seconds.
Data saved at t = 7.0699 s
Elapsed time is 0.029198 seconds.
141600 / 300000 time steps completed. t = 7.079950 s
Elapsed time is 6.786356 seconds.
Data saved at t = 7.08 s
Elapsed time is 0.027342 seconds.
Data saved at t = 7.0899 s
Elapsed time is 0.029514 seconds.
Data saved at t = 7.1 s
Elapsed time is 0.026508 seconds.
Data saved at t = 7.1099 s
Elapsed time is 0.030821 seconds.
Data saved at t = 7.12 s
Elapsed time is 0.026739 seconds.
Data saved at t = 7.13 s
Elapsed time is 0.030296 seconds.
142800 / 300000 time steps completed. t = 7.139950 s
Elapsed time is 6.776812 seconds.
Data saved at t = 7.14 s
Elapsed time is 0.026617 seconds.
Data saved at t = 7.1499 s
Elapsed time is 0.026682 seconds.
Data saved at t = 7.16 s
Elapsed time is 0.029763 seconds.
Data saved at t = 7.17 s
Elapsed time is 0.026516 seconds.
Data saved at t = 7.1799 s
Elapsed time is 0.029288 seconds.
Data saved at t = 7.19 s
Elapsed time is 0.026861 seconds.
144000 / 300000 time steps completed. t = 7.199950 s
Elapsed time is 6.720190 seconds.
Data saved at t = 7.1999 s
Elapsed time is 0.029349 seconds.
Data saved at t = 7.21 s
Elapsed time is 0.026724 seconds.
Data saved at t = 7.2199 s
Elapsed time is 0.030120 seconds.
Data saved at t = 7.23 s
Elapsed time is 0.026929 seconds.
Data saved at t = 7.2399 s
Elapsed time is 0.027572 seconds.
Data saved at t = 7.25 s
Elapsed time is 0.026052 seconds.
145200 / 300000 time steps completed. t = 7.259950 s
Elapsed time is 6.804748 seconds.
Data saved at t = 7.2599 s
Elapsed time is 0.027088 seconds.
Data saved at t = 7.27 s
Elapsed time is 0.026842 seconds.
Data saved at t = 7.2799 s
Elapsed time is 0.027023 seconds.
Data saved at t = 7.29 s
Elapsed time is 0.030706 seconds.
Data saved at t = 7.2999 s
Elapsed time is 0.026979 seconds.
Data saved at t = 7.31 s
Elapsed time is 0.028821 seconds.
146400 / 300000 time steps completed. t = 7.319950 s
Elapsed time is 6.810934 seconds.
Data saved at t = 7.32 s
Elapsed time is 0.026899 seconds.
Data saved at t = 7.3299 s
Elapsed time is 0.030728 seconds.
Data saved at t = 7.3399 s
Elapsed time is 0.026710 seconds.
Data saved at t = 7.3499 s
Elapsed time is 0.029767 seconds.
Data saved at t = 7.36 s
Elapsed time is 0.026899 seconds.
Data saved at t = 7.3699 s
Elapsed time is 0.027026 seconds.
147600 / 300000 time steps completed. t = 7.379950 s
Elapsed time is 6.834124 seconds.
Data saved at t = 7.38 s
Elapsed time is 0.030210 seconds.
Data saved at t = 7.3899 s
Elapsed time is 0.026868 seconds.
Data saved at t = 7.4 s
Elapsed time is 0.029497 seconds.
Data saved at t = 7.41 s
Elapsed time is 0.027148 seconds.
Data saved at t = 7.42 s
Elapsed time is 0.030492 seconds.
Data saved at t = 7.4299 s
Elapsed time is 0.026775 seconds.
148800 / 300000 time steps completed. t = 7.439950 s
Elapsed time is 6.761063 seconds.
Data saved at t = 7.44 s
Elapsed time is 0.029880 seconds.
Data saved at t = 7.45 s
Elapsed time is 0.028341 seconds.
Data saved at t = 7.4599 s
Elapsed time is 0.027371 seconds.
Data saved at t = 7.4699 s
Elapsed time is 0.030951 seconds.
Data saved at t = 7.4799 s
Elapsed time is 0.027350 seconds.
Data saved at t = 7.49 s
Elapsed time is 0.031571 seconds.
150000 / 300000 time steps completed. t = 7.499950 s
Elapsed time is 7.013929 seconds.
Data saved at t = 7.5 s
Elapsed time is 0.027293 seconds.
Data saved at t = 7.5099 s
Elapsed time is 0.031220 seconds.
Data saved at t = 7.5199 s
Elapsed time is 0.027573 seconds.
Data saved at t = 7.53 s
Elapsed time is 0.030230 seconds.
Data saved at t = 7.54 s
Elapsed time is 0.027317 seconds.
Data saved at t = 7.55 s
Elapsed time is 0.030470 seconds.
151200 / 300000 time steps completed. t = 7.559950 s
Elapsed time is 7.087287 seconds.
Data saved at t = 7.5599 s
Elapsed time is 0.027917 seconds.
Data saved at t = 7.57 s
Elapsed time is 0.027368 seconds.
Data saved at t = 7.58 s
Elapsed time is 0.027269 seconds.
Data saved at t = 7.5899 s
Elapsed time is 0.027712 seconds.
Data saved at t = 7.5999 s
Elapsed time is 0.030471 seconds.
Data saved at t = 7.6099 s
Elapsed time is 0.027793 seconds.
152400 / 300000 time steps completed. t = 7.619950 s
Elapsed time is 7.041492 seconds.
Data saved at t = 7.62 s
Elapsed time is 0.027428 seconds.
Data saved at t = 7.63 s
Elapsed time is 0.027638 seconds.
Data saved at t = 7.64 s
Elapsed time is 0.027509 seconds.
Data saved at t = 7.6499 s
Elapsed time is 0.028911 seconds.
Data saved at t = 7.66 s
Elapsed time is 0.030367 seconds.
Data saved at t = 7.67 s
Elapsed time is 0.027729 seconds.
153600 / 300000 time steps completed. t = 7.679950 s
Elapsed time is 7.037205 seconds.
Data saved at t = 7.68 s
Elapsed time is 0.027517 seconds.
Data saved at t = 7.6899 s
Elapsed time is 0.030888 seconds.
Data saved at t = 7.7 s
Elapsed time is 0.027673 seconds.
Data saved at t = 7.71 s
Elapsed time is 0.027671 seconds.
Data saved at t = 7.7199 s
Elapsed time is 0.027811 seconds.
Data saved at t = 7.73 s
Elapsed time is 0.030114 seconds.
154800 / 300000 time steps completed. t = 7.739950 s
Elapsed time is 7.042426 seconds.
Data saved at t = 7.7399 s
Elapsed time is 0.027629 seconds.
Data saved at t = 7.75 s
Elapsed time is 0.029783 seconds.
Data saved at t = 7.7599 s
Elapsed time is 0.027457 seconds.
Data saved at t = 7.77 s
Elapsed time is 0.030611 seconds.
Data saved at t = 7.7799 s
Elapsed time is 0.027792 seconds.
Data saved at t = 7.79 s
Elapsed time is 0.027472 seconds.
156000 / 300000 time steps completed. t = 7.799950 s
Elapsed time is 7.010701 seconds.
Data saved at t = 7.7999 s
Elapsed time is 0.030156 seconds.
Data saved at t = 7.81 s
Elapsed time is 0.026811 seconds.
Data saved at t = 7.8199 s
Elapsed time is 0.030554 seconds.
Data saved at t = 7.83 s
Elapsed time is 0.028015 seconds.
Data saved at t = 7.8399 s
Elapsed time is 0.030180 seconds.
Data saved at t = 7.8499 s
Elapsed time is 0.027737 seconds.
157200 / 300000 time steps completed. t = 7.859950 s
Elapsed time is 6.961246 seconds.
Data saved at t = 7.86 s
Elapsed time is 0.030682 seconds.
Data saved at t = 7.8699 s
Elapsed time is 0.027052 seconds.
Data saved at t = 7.88 s
Elapsed time is 0.027685 seconds.
Data saved at t = 7.8899 s
Elapsed time is 0.030263 seconds.
Data saved at t = 7.9 s
Elapsed time is 0.027502 seconds.
Data saved at t = 7.9099 s
Elapsed time is 0.028011 seconds.
158400 / 300000 time steps completed. t = 7.919950 s
Elapsed time is 7.005497 seconds.
Data saved at t = 7.92 s
Elapsed time is 0.027628 seconds.
Data saved at t = 7.9299 s
Elapsed time is 0.030062 seconds.
Data saved at t = 7.94 s
Elapsed time is 0.028176 seconds.
Data saved at t = 7.95 s
Elapsed time is 0.031991 seconds.
Data saved at t = 7.96 s
Elapsed time is 0.028013 seconds.
Data saved at t = 7.9699 s
Elapsed time is 0.028058 seconds.
159600 / 300000 time steps completed. t = 7.979950 s
Elapsed time is 7.037357 seconds.
Data saved at t = 7.98 s
Elapsed time is 0.028125 seconds.
Data saved at t = 7.99 s
Elapsed time is 0.028472 seconds.
Data saved at t = 7.9999 s
Elapsed time is 0.040266 seconds.
Data saved at t = 8.0099 s
Elapsed time is 0.029455 seconds.
Data saved at t = 8.0199 s
Elapsed time is 0.028533 seconds.
Data saved at t = 8.0299 s
Elapsed time is 0.028210 seconds.
160800 / 300000 time steps completed. t = 8.039950 s
Elapsed time is 6.946172 seconds.
Data saved at t = 8.0399 s
Elapsed time is 0.030288 seconds.
Data saved at t = 8.05 s
Elapsed time is 0.028038 seconds.
Data saved at t = 8.06 s
Elapsed time is 0.029407 seconds.
Data saved at t = 8.07 s
Elapsed time is 0.028654 seconds.
Data saved at t = 8.08 s
Elapsed time is 0.030077 seconds.
Data saved at t = 8.0899 s
Elapsed time is 0.028044 seconds.
162000 / 300000 time steps completed. t = 8.099950 s
Elapsed time is 7.024138 seconds.
Data saved at t = 8.0999 s
Elapsed time is 0.027070 seconds.
Data saved at t = 8.11 s
Elapsed time is 0.030038 seconds.
Data saved at t = 8.1199 s
Elapsed time is 0.028199 seconds.
Data saved at t = 8.1299 s
Elapsed time is 0.030999 seconds.
Data saved at t = 8.14 s
Elapsed time is 0.027428 seconds.
Data saved at t = 8.1499 s
Elapsed time is 0.030739 seconds.
163200 / 300000 time steps completed. t = 8.159950 s
Elapsed time is 7.066050 seconds.
Data saved at t = 8.16 s
Elapsed time is 0.028279 seconds.
Data saved at t = 8.17 s
Elapsed time is 0.032115 seconds.
Data saved at t = 8.1799 s
Elapsed time is 0.027850 seconds.
Data saved at t = 8.1899 s
Elapsed time is 0.030978 seconds.
Data saved at t = 8.2 s
Elapsed time is 0.026994 seconds.
Data saved at t = 8.2099 s
Elapsed time is 0.027953 seconds.
164400 / 300000 time steps completed. t = 8.219950 s
Elapsed time is 7.044981 seconds.
Data saved at t = 8.22 s
Elapsed time is 0.027735 seconds.
Data saved at t = 8.23 s
Elapsed time is 0.028615 seconds.
Data saved at t = 8.24 s
Elapsed time is 0.027730 seconds.
Data saved at t = 8.25 s
Elapsed time is 0.027555 seconds.
Data saved at t = 8.2599 s
Elapsed time is 0.028235 seconds.
Data saved at t = 8.2699 s
Elapsed time is 0.028357 seconds.
165600 / 300000 time steps completed. t = 8.279950 s
Elapsed time is 7.133349 seconds.
Data saved at t = 8.2799 s
Elapsed time is 0.028153 seconds.
Data saved at t = 8.29 s
Elapsed time is 0.027944 seconds.
Data saved at t = 8.2999 s
Elapsed time is 0.027942 seconds.
Data saved at t = 8.31 s
Elapsed time is 0.032565 seconds.
Data saved at t = 8.32 s
Elapsed time is 0.028813 seconds.
Data saved at t = 8.33 s
Elapsed time is 0.031531 seconds.
166800 / 300000 time steps completed. t = 8.339950 s
Elapsed time is 7.184267 seconds.
Data saved at t = 8.3399 s
Elapsed time is 0.027944 seconds.
Data saved at t = 8.3499 s
Elapsed time is 0.032587 seconds.
Data saved at t = 8.3599 s
Elapsed time is 0.028713 seconds.
Data saved at t = 8.37 s
Elapsed time is 0.030876 seconds.
Data saved at t = 8.38 s
Elapsed time is 0.027570 seconds.
Data saved at t = 8.3899 s
Elapsed time is 0.026995 seconds.
168000 / 300000 time steps completed. t = 8.399950 s
Elapsed time is 7.022337 seconds.
Data saved at t = 8.4 s
Elapsed time is 0.031167 seconds.
Data saved at t = 8.41 s
Elapsed time is 0.027250 seconds.
Data saved at t = 8.42 s
Elapsed time is 0.030670 seconds.
Data saved at t = 8.4299 s
Elapsed time is 0.027572 seconds.
Data saved at t = 8.4399 s
Elapsed time is 0.030383 seconds.
Data saved at t = 8.4499 s
Elapsed time is 0.027695 seconds.
169200 / 300000 time steps completed. t = 8.459950 s
Elapsed time is 7.047502 seconds.
Data saved at t = 8.46 s
Elapsed time is 0.029719 seconds.
Data saved at t = 8.4699 s
Elapsed time is 0.028002 seconds.
Data saved at t = 8.48 s
Elapsed time is 0.027988 seconds.
Data saved at t = 8.49 s
Elapsed time is 0.027486 seconds.
Data saved at t = 8.5 s
Elapsed time is 0.027484 seconds.
Data saved at t = 8.5099 s
Elapsed time is 0.030002 seconds.
170400 / 300000 time steps completed. t = 8.519950 s
Elapsed time is 7.087182 seconds.
Data saved at t = 8.52 s
Elapsed time is 0.027755 seconds.
Data saved at t = 8.5299 s
Elapsed time is 0.028647 seconds.
Data saved at t = 8.5399 s
Elapsed time is 0.028335 seconds.
Data saved at t = 8.55 s
Elapsed time is 0.031931 seconds.
Data saved at t = 8.5599 s
Elapsed time is 0.028357 seconds.
Data saved at t = 8.57 s
Elapsed time is 0.030208 seconds.
171600 / 300000 time steps completed. t = 8.579950 s
Elapsed time is 7.155669 seconds.
Data saved at t = 8.58 s
Elapsed time is 0.028373 seconds.
Data saved at t = 8.5899 s
Elapsed time is 0.026891 seconds.
Data saved at t = 8.5999 s
Elapsed time is 0.031515 seconds.
Data saved at t = 8.61 s
Elapsed time is 0.027083 seconds.
Data saved at t = 8.6199 s
Elapsed time is 0.031322 seconds.
Data saved at t = 8.63 s
Elapsed time is 0.028262 seconds.
172800 / 300000 time steps completed. t = 8.639950 s
Elapsed time is 6.953050 seconds.
Data saved at t = 8.64 s
Elapsed time is 0.030193 seconds.
Data saved at t = 8.65 s
Elapsed time is 0.027666 seconds.
Data saved at t = 8.66 s
Elapsed time is 0.031143 seconds.
Data saved at t = 8.67 s
Elapsed time is 0.028244 seconds.
Data saved at t = 8.6799 s
Elapsed time is 0.027963 seconds.
Data saved at t = 8.6899 s
Elapsed time is 0.027996 seconds.
174000 / 300000 time steps completed. t = 8.699950 s
Elapsed time is 7.142263 seconds.
Data saved at t = 8.6999 s
Elapsed time is 0.027507 seconds.
Data saved at t = 8.7099 s
Elapsed time is 0.031531 seconds.
Data saved at t = 8.72 s
Elapsed time is 0.028260 seconds.
Data saved at t = 8.73 s
Elapsed time is 0.031013 seconds.
Data saved at t = 8.74 s
Elapsed time is 0.029160 seconds.
Data saved at t = 8.75 s
Elapsed time is 0.031070 seconds.
175200 / 300000 time steps completed. t = 8.759950 s
Elapsed time is 7.137906 seconds.
Data saved at t = 8.7599 s
Elapsed time is 0.027822 seconds.
Data saved at t = 8.7699 s
Elapsed time is 0.031226 seconds.
Data saved at t = 8.78 s
Elapsed time is 0.027812 seconds.
Data saved at t = 8.7899 s
Elapsed time is 0.027303 seconds.
Data saved at t = 8.7999 s
Elapsed time is 0.029978 seconds.
Data saved at t = 8.81 s
Elapsed time is 0.027359 seconds.
176400 / 300000 time steps completed. t = 8.819950 s
Elapsed time is 7.107105 seconds.
Data saved at t = 8.82 s
Elapsed time is 0.027826 seconds.
Data saved at t = 8.83 s
Elapsed time is 0.028409 seconds.
Data saved at t = 8.8399 s
Elapsed time is 0.030087 seconds.
Data saved at t = 8.8499 s
Elapsed time is 0.028813 seconds.
Data saved at t = 8.8599 s
Elapsed time is 0.031407 seconds.
Data saved at t = 8.87 s
Elapsed time is 0.027962 seconds.
177600 / 300000 time steps completed. t = 8.879950 s
Elapsed time is 7.145427 seconds.
Data saved at t = 8.8799 s
Elapsed time is 0.030117 seconds.
Data saved at t = 8.89 s
Elapsed time is 0.027370 seconds.
Data saved at t = 8.9 s
Elapsed time is 0.028328 seconds.
Data saved at t = 8.91 s
Elapsed time is 0.028159 seconds.
Data saved at t = 8.92 s
Elapsed time is 0.028252 seconds.
Data saved at t = 8.9299 s
Elapsed time is 0.030919 seconds.
178800 / 300000 time steps completed. t = 8.939950 s
Elapsed time is 7.150862 seconds.
Data saved at t = 8.9399 s
Elapsed time is 0.027168 seconds.
Data saved at t = 8.9499 s
Elapsed time is 0.030977 seconds.
Data saved at t = 8.96 s
Elapsed time is 0.028158 seconds.
Data saved at t = 8.9699 s
Elapsed time is 0.030321 seconds.
Data saved at t = 8.98 s
Elapsed time is 0.027607 seconds.
Data saved at t = 8.99 s
Elapsed time is 0.027432 seconds.
180000 / 300000 time steps completed. t = 8.999950 s
Elapsed time is 7.079345 seconds.
Data saved at t = 9 s
Elapsed time is 0.030632 seconds.
Data saved at t = 9.0099 s
Elapsed time is 0.028843 seconds.
Data saved at t = 9.0199 s
Elapsed time is 0.030922 seconds.
Data saved at t = 9.0299 s
Elapsed time is 0.028197 seconds.
Data saved at t = 9.04 s
Elapsed time is 0.030453 seconds.
Data saved at t = 9.05 s
Elapsed time is 0.027728 seconds.
181200 / 300000 time steps completed. t = 9.059950 s
Elapsed time is 7.186857 seconds.
Data saved at t = 9.06 s
Elapsed time is 0.029586 seconds.
Data saved at t = 9.07 s
Elapsed time is 0.027701 seconds.
Data saved at t = 9.08 s
Elapsed time is 0.027734 seconds.
Data saved at t = 9.0899 s
Elapsed time is 0.031704 seconds.
Data saved at t = 9.0999 s
Elapsed time is 0.028375 seconds.
Data saved at t = 9.1099 s
Elapsed time is 0.030984 seconds.
182400 / 300000 time steps completed. t = 9.119950 s
Elapsed time is 7.197764 seconds.
Data saved at t = 9.1199 s
Elapsed time is 0.028664 seconds.
Data saved at t = 9.13 s
Elapsed time is 0.030474 seconds.
Data saved at t = 9.1399 s
Elapsed time is 0.027780 seconds.
Data saved at t = 9.15 s
Elapsed time is 0.030410 seconds.
Data saved at t = 9.16 s
Elapsed time is 0.027822 seconds.
Data saved at t = 9.17 s
Elapsed time is 0.030255 seconds.
183600 / 300000 time steps completed. t = 9.179950 s
Elapsed time is 7.097589 seconds.
Data saved at t = 9.1799 s
Elapsed time is 0.027735 seconds.
Data saved at t = 9.19 s
Elapsed time is 0.027903 seconds.
Data saved at t = 9.1999 s
Elapsed time is 0.031893 seconds.
Data saved at t = 9.2099 s
Elapsed time is 0.027640 seconds.
Data saved at t = 9.22 s
Elapsed time is 0.029765 seconds.
Data saved at t = 9.2299 s
Elapsed time is 0.027919 seconds.
184800 / 300000 time steps completed. t = 9.239950 s
Elapsed time is 7.175762 seconds.
Data saved at t = 9.24 s
Elapsed time is 0.030781 seconds.
Data saved at t = 9.25 s
Elapsed time is 0.027181 seconds.
Data saved at t = 9.2599 s
Elapsed time is 0.031489 seconds.
Data saved at t = 9.2699 s
Elapsed time is 0.028118 seconds.
Data saved at t = 9.28 s
Elapsed time is 0.030526 seconds.
Data saved at t = 9.2899 s
Elapsed time is 0.028415 seconds.
186000 / 300000 time steps completed. t = 9.299950 s
Elapsed time is 7.189184 seconds.
Data saved at t = 9.3 s
Elapsed time is 0.029661 seconds.
Data saved at t = 9.31 s
Elapsed time is 0.030818 seconds.
Data saved at t = 9.32 s
Elapsed time is 0.029731 seconds.
Data saved at t = 9.33 s
Elapsed time is 0.030569 seconds.
Data saved at t = 9.3399 s
Elapsed time is 0.027762 seconds.
Data saved at t = 9.3499 s
Elapsed time is 0.029489 seconds.
187200 / 300000 time steps completed. t = 9.359950 s
Elapsed time is 7.157766 seconds.
Data saved at t = 9.3599 s
Elapsed time is 0.027104 seconds.
Data saved at t = 9.37 s
Elapsed time is 0.029647 seconds.
Data saved at t = 9.3799 s
Elapsed time is 0.028675 seconds.
Data saved at t = 9.39 s
Elapsed time is 0.027382 seconds.
Data saved at t = 9.4 s
Elapsed time is 0.030764 seconds.
Data saved at t = 9.41 s
Elapsed time is 0.028010 seconds.
188400 / 300000 time steps completed. t = 9.419950 s
Elapsed time is 7.155306 seconds.
Data saved at t = 9.42 s
Elapsed time is 0.030336 seconds.
Data saved at t = 9.4299 s
Elapsed time is 0.027449 seconds.
Data saved at t = 9.4399 s
Elapsed time is 0.030187 seconds.
Data saved at t = 9.45 s
Elapsed time is 0.027199 seconds.
Data saved at t = 9.4599 s
Elapsed time is 0.031007 seconds.
Data saved at t = 9.4699 s
Elapsed time is 0.027497 seconds.
189600 / 300000 time steps completed. t = 9.479950 s
Elapsed time is 7.037273 seconds.
Data saved at t = 9.48 s
Elapsed time is 0.027904 seconds.
Data saved at t = 9.49 s
Elapsed time is 0.030016 seconds.
Data saved at t = 9.5 s
Elapsed time is 0.027747 seconds.
Data saved at t = 9.5099 s
Elapsed time is 0.030176 seconds.
Data saved at t = 9.5199 s
Elapsed time is 0.026479 seconds.
Data saved at t = 9.5299 s
Elapsed time is 0.031729 seconds.
190800 / 300000 time steps completed. t = 9.539950 s
Elapsed time is 7.155955 seconds.
Data saved at t = 9.54 s
Elapsed time is 0.028597 seconds.
Data saved at t = 9.5499 s
Elapsed time is 0.030768 seconds.
Data saved at t = 9.56 s
Elapsed time is 0.027916 seconds.
Data saved at t = 9.57 s
Elapsed time is 0.029573 seconds.
Data saved at t = 9.58 s
Elapsed time is 0.027691 seconds.
Data saved at t = 9.5899 s
Elapsed time is 0.027193 seconds.
192000 / 300000 time steps completed. t = 9.599950 s
Elapsed time is 7.158589 seconds.
Data saved at t = 9.6 s
Elapsed time is 0.029036 seconds.
Data saved at t = 9.6099 s
Elapsed time is 0.028585 seconds.
Data saved at t = 9.6199 s
Elapsed time is 0.026378 seconds.
Data saved at t = 9.63 s
Elapsed time is 0.028062 seconds.
Data saved at t = 9.6399 s
Elapsed time is 0.029787 seconds.
Data saved at t = 9.65 s
Elapsed time is 0.027101 seconds.
193200 / 300000 time steps completed. t = 9.659950 s
Elapsed time is 7.141888 seconds.
Data saved at t = 9.66 s
Elapsed time is 0.029600 seconds.
Data saved at t = 9.67 s
Elapsed time is 0.027604 seconds.
Data saved at t = 9.6799 s
Elapsed time is 0.027533 seconds.
Data saved at t = 9.6899 s
Elapsed time is 0.029233 seconds.
Data saved at t = 9.6999 s
Elapsed time is 0.031992 seconds.
Data saved at t = 9.71 s
Elapsed time is 0.030202 seconds.
194400 / 300000 time steps completed. t = 9.719950 s
Elapsed time is 7.143156 seconds.
Data saved at t = 9.72 s
Elapsed time is 0.027130 seconds.
Data saved at t = 9.73 s
Elapsed time is 0.027301 seconds.
Data saved at t = 9.74 s
Elapsed time is 0.028359 seconds.
Data saved at t = 9.75 s
Elapsed time is 0.029609 seconds.
Data saved at t = 9.7599 s
Elapsed time is 0.026571 seconds.
Data saved at t = 9.7699 s
Elapsed time is 0.029917 seconds.
195600 / 300000 time steps completed. t = 9.779950 s
Elapsed time is 7.178710 seconds.
Data saved at t = 9.7799 s
Elapsed time is 0.027771 seconds.
Data saved at t = 9.7899 s
Elapsed time is 0.027960 seconds.
Data saved at t = 9.8 s
Elapsed time is 0.056867 seconds.
Data saved at t = 9.81 s
Elapsed time is 0.027429 seconds.
Data saved at t = 9.82 s
Elapsed time is 0.030812 seconds.
Data saved at t = 9.83 s
Elapsed time is 0.027789 seconds.
196800 / 300000 time steps completed. t = 9.839950 s
Elapsed time is 7.065884 seconds.
Data saved at t = 9.8399 s
Elapsed time is 0.029473 seconds.
Data saved at t = 9.8499 s
Elapsed time is 0.027579 seconds.
Data saved at t = 9.86 s
Elapsed time is 0.029983 seconds.
Data saved at t = 9.8699 s
Elapsed time is 0.028360 seconds.
Data saved at t = 9.8799 s
Elapsed time is 0.027377 seconds.
Data saved at t = 9.89 s
Elapsed time is 0.030610 seconds.
198000 / 300000 time steps completed. t = 9.899950 s
Elapsed time is 7.083185 seconds.
Data saved at t = 9.8999 s
Elapsed time is 0.027728 seconds.
Data saved at t = 9.91 s
Elapsed time is 0.031220 seconds.
Data saved at t = 9.92 s
Elapsed time is 0.027205 seconds.
Data saved at t = 9.9299 s
Elapsed time is 0.030332 seconds.
Data saved at t = 9.9399 s
Elapsed time is 0.027713 seconds.
Data saved at t = 9.95 s
Elapsed time is 0.030102 seconds.
199200 / 300000 time steps completed. t = 9.959950 s
Elapsed time is 7.116619 seconds.
Data saved at t = 9.9599 s
Elapsed time is 0.026932 seconds.
Data saved at t = 9.97 s
Elapsed time is 0.030599 seconds.
Data saved at t = 9.98 s
Elapsed time is 0.027432 seconds.
Data saved at t = 9.99 s
Elapsed time is 0.026929 seconds.
Data saved at t = 10 s
Elapsed time is 0.029760 seconds.
Data saved at t = 10.0099 s
Elapsed time is 0.028548 seconds.
200400 / 300000 time steps completed. t = 10.019950 s
Elapsed time is 7.116778 seconds.
Data saved at t = 10.0199 s
Elapsed time is 0.029488 seconds.
Data saved at t = 10.0299 s
Elapsed time is 0.028180 seconds.
Data saved at t = 10.04 s
Elapsed time is 0.102317 seconds.
Data saved at t = 10.0499 s
Elapsed time is 0.027752 seconds.
Data saved at t = 10.06 s
Elapsed time is 0.030752 seconds.
Data saved at t = 10.07 s
Elapsed time is 0.027151 seconds.
201600 / 300000 time steps completed. t = 10.079950 s
Elapsed time is 7.054518 seconds.
Data saved at t = 10.08 s
Elapsed time is 0.027577 seconds.
Data saved at t = 10.0899 s
Elapsed time is 0.026701 seconds.
Data saved at t = 10.0999 s
Elapsed time is 0.027063 seconds.
Data saved at t = 10.1099 s
Elapsed time is 0.059643 seconds.
Data saved at t = 10.12 s
Elapsed time is 0.026779 seconds.
Data saved at t = 10.13 s
Elapsed time is 0.030326 seconds.
202800 / 300000 time steps completed. t = 10.139950 s
Elapsed time is 7.119089 seconds.
Data saved at t = 10.1399 s
Elapsed time is 0.052108 seconds.
Data saved at t = 10.15 s
Elapsed time is 0.029195 seconds.
Data saved at t = 10.16 s
Elapsed time is 0.028064 seconds.
Data saved at t = 10.17 s
Elapsed time is 0.026967 seconds.
Data saved at t = 10.1799 s
Elapsed time is 0.032279 seconds.
Data saved at t = 10.1899 s
Elapsed time is 0.026261 seconds.
204000 / 300000 time steps completed. t = 10.199950 s
Elapsed time is 7.050867 seconds.
Data saved at t = 10.1999 s
Elapsed time is 0.029322 seconds.
Data saved at t = 10.21 s
Elapsed time is 0.027424 seconds.
Data saved at t = 10.2199 s
Elapsed time is 0.030756 seconds.
Data saved at t = 10.23 s
Elapsed time is 0.026954 seconds.
Data saved at t = 10.24 s
Elapsed time is 0.029153 seconds.
Data saved at t = 10.25 s
Elapsed time is 0.029578 seconds.
205200 / 300000 time steps completed. t = 10.259950 s
Elapsed time is 7.075334 seconds.
Data saved at t = 10.2599 s
Elapsed time is 0.027285 seconds.
Data saved at t = 10.27 s
Elapsed time is 0.027177 seconds.
Data saved at t = 10.2799 s
Elapsed time is 0.027375 seconds.
Data saved at t = 10.2899 s
Elapsed time is 0.031076 seconds.
Data saved at t = 10.3 s
Elapsed time is 0.027496 seconds.
Data saved at t = 10.3099 s
Elapsed time is 0.030227 seconds.
206400 / 300000 time steps completed. t = 10.319950 s
Elapsed time is 6.987191 seconds.
Data saved at t = 10.32 s
Elapsed time is 0.027660 seconds.
Data saved at t = 10.33 s
Elapsed time is 0.027032 seconds.
Data saved at t = 10.3399 s
Elapsed time is 0.027498 seconds.
Data saved at t = 10.3499 s
Elapsed time is 0.030574 seconds.
Data saved at t = 10.36 s
Elapsed time is 0.027196 seconds.
Data saved at t = 10.3699 s
Elapsed time is 0.030669 seconds.
207600 / 300000 time steps completed. t = 10.379950 s
Elapsed time is 7.164648 seconds.
Data saved at t = 10.38 s
Elapsed time is 0.027266 seconds.
Data saved at t = 10.39 s
Elapsed time is 0.027714 seconds.
Data saved at t = 10.4 s
Elapsed time is 0.029527 seconds.
Data saved at t = 10.41 s
Elapsed time is 0.027613 seconds.
Data saved at t = 10.42 s
Elapsed time is 0.030958 seconds.
Data saved at t = 10.4299 s
Elapsed time is 0.027334 seconds.
208800 / 300000 time steps completed. t = 10.439950 s
Elapsed time is 7.123863 seconds.
Data saved at t = 10.4399 s
Elapsed time is 0.033973 seconds.
Data saved at t = 10.4499 s
Elapsed time is 0.027972 seconds.
Data saved at t = 10.4599 s
Elapsed time is 0.030141 seconds.
Data saved at t = 10.47 s
Elapsed time is 0.027367 seconds.
Data saved at t = 10.48 s
Elapsed time is 0.027901 seconds.
Data saved at t = 10.49 s
Elapsed time is 0.026850 seconds.
210000 / 300000 time steps completed. t = 10.499950 s
Elapsed time is 7.148038 seconds.
Data saved at t = 10.5 s
Elapsed time is 0.027105 seconds.
Data saved at t = 10.5099 s
Elapsed time is 0.027149 seconds.
Data saved at t = 10.5199 s
Elapsed time is 0.031367 seconds.
Data saved at t = 10.53 s
Elapsed time is 0.030350 seconds.
Data saved at t = 10.5399 s
Elapsed time is 0.026916 seconds.
Data saved at t = 10.5499 s
Elapsed time is 0.027002 seconds.
211200 / 300000 time steps completed. t = 10.559950 s
Elapsed time is 7.117118 seconds.
Data saved at t = 10.56 s
Elapsed time is 0.026718 seconds.
Data saved at t = 10.57 s
Elapsed time is 0.031096 seconds.
Data saved at t = 10.58 s
Elapsed time is 0.026683 seconds.
Data saved at t = 10.5899 s
Elapsed time is 0.026826 seconds.
Data saved at t = 10.5999 s
Elapsed time is 0.029764 seconds.
Data saved at t = 10.6099 s
Elapsed time is 0.027454 seconds.
212400 / 300000 time steps completed. t = 10.619950 s
Elapsed time is 7.146022 seconds.
Data saved at t = 10.62 s
Elapsed time is 0.030608 seconds.
Data saved at t = 10.6299 s
Elapsed time is 0.028009 seconds.
Data saved at t = 10.64 s
Elapsed time is 0.027851 seconds.
Data saved at t = 10.65 s
Elapsed time is 0.027825 seconds.
Data saved at t = 10.66 s
Elapsed time is 0.029385 seconds.
Data saved at t = 10.67 s
Elapsed time is 0.027218 seconds.
213600 / 300000 time steps completed. t = 10.679950 s
Elapsed time is 7.114718 seconds.
Data saved at t = 10.6799 s
Elapsed time is 0.029126 seconds.
Data saved at t = 10.6899 s
Elapsed time is 0.027727 seconds.
Data saved at t = 10.6999 s
Elapsed time is 0.027472 seconds.
Data saved at t = 10.71 s
Elapsed time is 0.030024 seconds.
Data saved at t = 10.7199 s
Elapsed time is 0.028001 seconds.
Data saved at t = 10.73 s
Elapsed time is 0.030517 seconds.
214800 / 300000 time steps completed. t = 10.739950 s
Elapsed time is 7.019604 seconds.
Data saved at t = 10.74 s
Elapsed time is 0.027155 seconds.
Data saved at t = 10.75 s
Elapsed time is 0.027614 seconds.
Data saved at t = 10.7599 s
Elapsed time is 0.026726 seconds.
Data saved at t = 10.7699 s
Elapsed time is 0.030044 seconds.
Data saved at t = 10.7799 s
Elapsed time is 0.027422 seconds.
Data saved at t = 10.79 s
Elapsed time is 0.026441 seconds.
216000 / 300000 time steps completed. t = 10.799950 s
Elapsed time is 6.923750 seconds.
Data saved at t = 10.8 s
Elapsed time is 0.028844 seconds.
Data saved at t = 10.81 s
Elapsed time is 0.031860 seconds.
Data saved at t = 10.82 s
Elapsed time is 0.029944 seconds.
Data saved at t = 10.83 s
Elapsed time is 0.027745 seconds.
Data saved at t = 10.8399 s
Elapsed time is 0.030146 seconds.
Data saved at t = 10.8499 s
Elapsed time is 0.026809 seconds.
217200 / 300000 time steps completed. t = 10.859950 s
Elapsed time is 6.921558 seconds.
Data saved at t = 10.8599 s
Elapsed time is 0.026784 seconds.
Data saved at t = 10.8699 s
Elapsed time is 0.027792 seconds.
Data saved at t = 10.88 s
Elapsed time is 0.030928 seconds.
Data saved at t = 10.89 s
Elapsed time is 0.027672 seconds.
Data saved at t = 10.9 s
Elapsed time is 0.026947 seconds.
Data saved at t = 10.91 s
Elapsed time is 0.029902 seconds.
218400 / 300000 time steps completed. t = 10.919950 s
Elapsed time is 6.969792 seconds.
Data saved at t = 10.92 s
Elapsed time is 0.027440 seconds.
Data saved at t = 10.9299 s
Elapsed time is 0.029408 seconds.
Data saved at t = 10.94 s
Elapsed time is 0.027680 seconds.
Data saved at t = 10.9499 s
Elapsed time is 0.027238 seconds.
Data saved at t = 10.9599 s
Elapsed time is 0.027526 seconds.
Data saved at t = 10.97 s
Elapsed time is 0.030306 seconds.
219600 / 300000 time steps completed. t = 10.979950 s
Elapsed time is 6.995640 seconds.
Data saved at t = 10.9799 s
Elapsed time is 0.027481 seconds.
Data saved at t = 10.99 s
Elapsed time is 0.031034 seconds.
Data saved at t = 11 s
Elapsed time is 0.027883 seconds.
Data saved at t = 11.0099 s
Elapsed time is 0.027629 seconds.
Data saved at t = 11.0199 s
Elapsed time is 0.030045 seconds.
Data saved at t = 11.03 s
Elapsed time is 0.027537 seconds.
220800 / 300000 time steps completed. t = 11.039950 s
Elapsed time is 6.982388 seconds.
Data saved at t = 11.04 s
Elapsed time is 0.027184 seconds.
Data saved at t = 11.05 s
Elapsed time is 0.027278 seconds.
Data saved at t = 11.06 s
Elapsed time is 0.030223 seconds.
Data saved at t = 11.0699 s
Elapsed time is 0.027658 seconds.
Data saved at t = 11.08 s
Elapsed time is 0.030027 seconds.
Data saved at t = 11.0899 s
Elapsed time is 0.027147 seconds.
222000 / 300000 time steps completed. t = 11.099950 s
Elapsed time is 6.930747 seconds.
Data saved at t = 11.0999 s
Elapsed time is 0.029751 seconds.
Data saved at t = 11.1099 s
Elapsed time is 0.027504 seconds.
Data saved at t = 11.1199 s
Elapsed time is 0.027765 seconds.
Data saved at t = 11.13 s
Elapsed time is 0.029907 seconds.
Data saved at t = 11.14 s
Elapsed time is 0.026561 seconds.
Data saved at t = 11.15 s
Elapsed time is 0.030596 seconds.
223200 / 300000 time steps completed. t = 11.159950 s
Elapsed time is 6.963148 seconds.
Data saved at t = 11.1599 s
Elapsed time is 0.026993 seconds.
Data saved at t = 11.17 s
Elapsed time is 0.029906 seconds.
Data saved at t = 11.1799 s
Elapsed time is 0.026655 seconds.
Data saved at t = 11.1899 s
Elapsed time is 0.027275 seconds.
Data saved at t = 11.1999 s
Elapsed time is 0.027519 seconds.
Data saved at t = 11.21 s
Elapsed time is 0.027057 seconds.
224400 / 300000 time steps completed. t = 11.219950 s
Elapsed time is 7.017521 seconds.
Data saved at t = 11.22 s
Elapsed time is 0.026947 seconds.
Data saved at t = 11.23 s
Elapsed time is 0.027209 seconds.
Data saved at t = 11.24 s
Elapsed time is 0.031582 seconds.
Data saved at t = 11.2499 s
Elapsed time is 0.027625 seconds.
Data saved at t = 11.26 s
Elapsed time is 0.029734 seconds.
Data saved at t = 11.2699 s
Elapsed time is 0.028532 seconds.
225600 / 300000 time steps completed. t = 11.279950 s
Elapsed time is 7.026257 seconds.
Data saved at t = 11.2799 s
Elapsed time is 0.030367 seconds.
Data saved at t = 11.2899 s
Elapsed time is 0.027279 seconds.
Data saved at t = 11.3 s
Elapsed time is 0.028536 seconds.
Data saved at t = 11.31 s
Elapsed time is 0.027304 seconds.
Data saved at t = 11.32 s
Elapsed time is 0.028481 seconds.
Data saved at t = 11.33 s
Elapsed time is 0.028145 seconds.
226800 / 300000 time steps completed. t = 11.339950 s
Elapsed time is 7.057453 seconds.
Data saved at t = 11.34 s
Elapsed time is 0.027085 seconds.
Data saved at t = 11.35 s
Elapsed time is 0.031059 seconds.
Data saved at t = 11.3599 s
Elapsed time is 0.028129 seconds.
Data saved at t = 11.3699 s
Elapsed time is 0.027537 seconds.
Data saved at t = 11.3799 s
Elapsed time is 0.027774 seconds.
Data saved at t = 11.39 s
Elapsed time is 0.030599 seconds.
228000 / 300000 time steps completed. t = 11.399950 s
Elapsed time is 7.080123 seconds.
Data saved at t = 11.4 s
Elapsed time is 0.027832 seconds.
Data saved at t = 11.41 s
Elapsed time is 0.027113 seconds.
Data saved at t = 11.4199 s
Elapsed time is 0.028319 seconds.
Data saved at t = 11.43 s
Elapsed time is 0.027841 seconds.
Data saved at t = 11.4399 s
Elapsed time is 0.030648 seconds.
Data saved at t = 11.4499 s
Elapsed time is 0.027113 seconds.
229200 / 300000 time steps completed. t = 11.459950 s
Elapsed time is 7.018799 seconds.
Data saved at t = 11.4599 s
Elapsed time is 0.030494 seconds.
Data saved at t = 11.47 s
Elapsed time is 0.028808 seconds.
Data saved at t = 11.48 s
Elapsed time is 0.029798 seconds.
Data saved at t = 11.49 s
Elapsed time is 0.027626 seconds.
Data saved at t = 11.5 s
Elapsed time is 0.028670 seconds.
Data saved at t = 11.5099 s
Elapsed time is 0.028452 seconds.
230400 / 300000 time steps completed. t = 11.519950 s
Elapsed time is 7.107336 seconds.
Data saved at t = 11.52 s
Elapsed time is 0.027757 seconds.
Data saved at t = 11.5299 s
Elapsed time is 0.027547 seconds.
Data saved at t = 11.5399 s
Elapsed time is 0.027365 seconds.
Data saved at t = 11.5499 s
Elapsed time is 0.027127 seconds.
Data saved at t = 11.56 s
Elapsed time is 0.027239 seconds.
Data saved at t = 11.57 s
Elapsed time is 0.030370 seconds.
231600 / 300000 time steps completed. t = 11.579950 s
Elapsed time is 7.051716 seconds.
Data saved at t = 11.58 s
Elapsed time is 0.027506 seconds.
Data saved at t = 11.5899 s
Elapsed time is 0.030780 seconds.
Data saved at t = 11.6 s
Elapsed time is 0.027843 seconds.
Data saved at t = 11.61 s
Elapsed time is 0.028224 seconds.
Data saved at t = 11.6199 s
Elapsed time is 0.029903 seconds.
Data saved at t = 11.6299 s
Elapsed time is 0.027533 seconds.
232800 / 300000 time steps completed. t = 11.639950 s
Elapsed time is 7.018878 seconds.
Data saved at t = 11.6399 s
Elapsed time is 0.027263 seconds.
Data saved at t = 11.65 s
Elapsed time is 0.027440 seconds.
Data saved at t = 11.66 s
Elapsed time is 0.030923 seconds.
Data saved at t = 11.67 s
Elapsed time is 0.045968 seconds.
Data saved at t = 11.6799 s
Elapsed time is 0.030180 seconds.
Data saved at t = 11.69 s
Elapsed time is 0.027654 seconds.
234000 / 300000 time steps completed. t = 11.699950 s
Elapsed time is 7.004939 seconds.
Data saved at t = 11.7 s
Elapsed time is 0.027733 seconds.
Data saved at t = 11.7099 s
Elapsed time is 0.031005 seconds.
Data saved at t = 11.7199 s
Elapsed time is 0.027796 seconds.
Data saved at t = 11.73 s
Elapsed time is 0.031080 seconds.
Data saved at t = 11.74 s
Elapsed time is 0.026998 seconds.
Data saved at t = 11.75 s
Elapsed time is 0.030597 seconds.
235200 / 300000 time steps completed. t = 11.759950 s
Elapsed time is 7.028977 seconds.
Data saved at t = 11.7599 s
Elapsed time is 0.027202 seconds.
Data saved at t = 11.7699 s
Elapsed time is 0.027617 seconds.
Data saved at t = 11.78 s
Elapsed time is 0.027511 seconds.
Data saved at t = 11.79 s
Elapsed time is 0.027961 seconds.
Data saved at t = 11.7999 s
Elapsed time is 0.029757 seconds.
Data saved at t = 11.8099 s
Elapsed time is 0.027697 seconds.
236400 / 300000 time steps completed. t = 11.819950 s
Elapsed time is 7.037415 seconds.
Data saved at t = 11.82 s
Elapsed time is 0.030689 seconds.
Data saved at t = 11.83 s
Elapsed time is 0.034417 seconds.
Data saved at t = 11.8399 s
Elapsed time is 0.027340 seconds.
Data saved at t = 11.8499 s
Elapsed time is 0.028403 seconds.
Data saved at t = 11.86 s
Elapsed time is 0.030216 seconds.
Data saved at t = 11.87 s
Elapsed time is 0.029065 seconds.
237600 / 300000 time steps completed. t = 11.879950 s
Elapsed time is 7.040184 seconds.
Data saved at t = 11.88 s
Elapsed time is 0.030185 seconds.
Data saved at t = 11.8899 s
Elapsed time is 0.028636 seconds.
Data saved at t = 11.8999 s
Elapsed time is 0.027848 seconds.
Data saved at t = 11.91 s
Elapsed time is 0.031128 seconds.
Data saved at t = 11.92 s
Elapsed time is 0.027604 seconds.
Data saved at t = 11.9299 s
Elapsed time is 0.031528 seconds.
238800 / 300000 time steps completed. t = 11.939950 s
Elapsed time is 7.011176 seconds.
Data saved at t = 11.9399 s
Elapsed time is 0.027086 seconds.
Data saved at t = 11.95 s
Elapsed time is 0.030646 seconds.
Data saved at t = 11.96 s
Elapsed time is 0.028020 seconds.
Data saved at t = 11.9699 s
Elapsed time is 0.030030 seconds.
Data saved at t = 11.9799 s
Elapsed time is 0.028018 seconds.
Data saved at t = 11.99 s
Elapsed time is 0.027416 seconds.
240000 / 300000 time steps completed. t = 11.999950 s
Elapsed time is 7.009069 seconds.
Data saved at t = 12 s
Elapsed time is 0.029688 seconds.
Data saved at t = 12.0099 s
Elapsed time is 0.027432 seconds.
Data saved at t = 12.0199 s
Elapsed time is 0.031099 seconds.
Data saved at t = 12.0299 s
Elapsed time is 0.027875 seconds.
Data saved at t = 12.04 s
Elapsed time is 0.026736 seconds.
Data saved at t = 12.05 s
Elapsed time is 0.027275 seconds.
241200 / 300000 time steps completed. t = 12.059950 s
Elapsed time is 6.974902 seconds.
Data saved at t = 12.0599 s
Elapsed time is 0.027454 seconds.
Data saved at t = 12.0699 s
Elapsed time is 0.028194 seconds.
Data saved at t = 12.08 s
Elapsed time is 0.026941 seconds.
Data saved at t = 12.0899 s
Elapsed time is 0.027582 seconds.
Data saved at t = 12.0999 s
Elapsed time is 0.027517 seconds.
Data saved at t = 12.1099 s
Elapsed time is 0.029667 seconds.
242400 / 300000 time steps completed. t = 12.119950 s
Elapsed time is 7.030011 seconds.
Data saved at t = 12.12 s
Elapsed time is 0.027646 seconds.
Data saved at t = 12.13 s
Elapsed time is 0.027441 seconds.
Data saved at t = 12.14 s
Elapsed time is 0.027867 seconds.
Data saved at t = 12.1499 s
Elapsed time is 0.030332 seconds.
Data saved at t = 12.16 s
Elapsed time is 0.026924 seconds.
Data saved at t = 12.17 s
Elapsed time is 0.031069 seconds.
243600 / 300000 time steps completed. t = 12.179950 s
Elapsed time is 6.987364 seconds.
Data saved at t = 12.1799 s
Elapsed time is 0.027754 seconds.
Data saved at t = 12.1899 s
Elapsed time is 0.027271 seconds.
Data saved at t = 12.1999 s
Elapsed time is 0.029531 seconds.
Data saved at t = 12.21 s
Elapsed time is 0.027749 seconds.
Data saved at t = 12.22 s
Elapsed time is 0.029440 seconds.
Data saved at t = 12.23 s
Elapsed time is 0.027983 seconds.
244800 / 300000 time steps completed. t = 12.239950 s
Elapsed time is 6.909247 seconds.
Data saved at t = 12.2399 s
Elapsed time is 0.029397 seconds.
Data saved at t = 12.25 s
Elapsed time is 0.026892 seconds.
Data saved at t = 12.2599 s
Elapsed time is 0.030366 seconds.
Data saved at t = 12.2699 s
Elapsed time is 0.027769 seconds.
Data saved at t = 12.2799 s
Elapsed time is 0.027479 seconds.
Data saved at t = 12.29 s
Elapsed time is 0.027030 seconds.
246000 / 300000 time steps completed. t = 12.299950 s
Elapsed time is 6.995207 seconds.
Data saved at t = 12.3 s
Elapsed time is 0.027937 seconds.
Data saved at t = 12.31 s
Elapsed time is 0.027202 seconds.
Data saved at t = 12.32 s
Elapsed time is 0.027251 seconds.
Data saved at t = 12.3299 s
Elapsed time is 0.030315 seconds.
Data saved at t = 12.34 s
Elapsed time is 0.027270 seconds.
Data saved at t = 12.3499 s
Elapsed time is 0.027473 seconds.
247200 / 300000 time steps completed. t = 12.359950 s
Elapsed time is 7.042904 seconds.
Data saved at t = 12.3599 s
Elapsed time is 0.027371 seconds.
Data saved at t = 12.3699 s
Elapsed time is 0.030769 seconds.
Data saved at t = 12.38 s
Elapsed time is 0.027493 seconds.
Data saved at t = 12.39 s
Elapsed time is 0.034877 seconds.
Data saved at t = 12.4 s
Elapsed time is 0.029747 seconds.
Data saved at t = 12.4099 s
Elapsed time is 0.027968 seconds.
248400 / 300000 time steps completed. t = 12.419950 s
Elapsed time is 7.088272 seconds.
Data saved at t = 12.42 s
Elapsed time is 0.029989 seconds.
Data saved at t = 12.4299 s
Elapsed time is 0.027830 seconds.
Data saved at t = 12.4399 s
Elapsed time is 0.027415 seconds.
Data saved at t = 12.4499 s
Elapsed time is 0.027409 seconds.
Data saved at t = 12.4599 s
Elapsed time is 0.027594 seconds.
Data saved at t = 12.47 s
Elapsed time is 0.026802 seconds.
249600 / 300000 time steps completed. t = 12.479950 s
Elapsed time is 7.022430 seconds.
Data saved at t = 12.48 s
Elapsed time is 0.027564 seconds.
Data saved at t = 12.49 s
Elapsed time is 0.027671 seconds.
Data saved at t = 12.4999 s
Elapsed time is 0.028406 seconds.
Data saved at t = 12.51 s
Elapsed time is 0.027548 seconds.
Data saved at t = 12.5199 s
Elapsed time is 0.027814 seconds.
Data saved at t = 12.5299 s
Elapsed time is 0.027622 seconds.
250800 / 300000 time steps completed. t = 12.539950 s
Elapsed time is 7.034496 seconds.
Data saved at t = 12.5399 s
Elapsed time is 0.027551 seconds.
Data saved at t = 12.55 s
Elapsed time is 0.029890 seconds.
Data saved at t = 12.56 s
Elapsed time is 0.032999 seconds.
Data saved at t = 12.57 s
Elapsed time is 0.030796 seconds.
Data saved at t = 12.58 s
Elapsed time is 0.027458 seconds.
Data saved at t = 12.5899 s
Elapsed time is 0.027731 seconds.
252000 / 300000 time steps completed. t = 12.599950 s
Elapsed time is 7.038991 seconds.
Data saved at t = 12.6 s
Elapsed time is 0.029462 seconds.
Data saved at t = 12.6099 s
Elapsed time is 0.027752 seconds.
Data saved at t = 12.6199 s
Elapsed time is 0.030698 seconds.
Data saved at t = 12.6299 s
Elapsed time is 0.027327 seconds.
Data saved at t = 12.64 s
Elapsed time is 0.027647 seconds.
Data saved at t = 12.65 s
Elapsed time is 0.027452 seconds.
253200 / 300000 time steps completed. t = 12.659950 s
Elapsed time is 7.075876 seconds.
Data saved at t = 12.66 s
Elapsed time is 0.027793 seconds.
Data saved at t = 12.67 s
Elapsed time is 0.028213 seconds.
Data saved at t = 12.68 s
Elapsed time is 0.030199 seconds.
Data saved at t = 12.69 s
Elapsed time is 0.027381 seconds.
Data saved at t = 12.6999 s
Elapsed time is 0.027207 seconds.
Data saved at t = 12.7099 s
Elapsed time is 0.030215 seconds.
254400 / 300000 time steps completed. t = 12.719950 s
Elapsed time is 7.041408 seconds.
Data saved at t = 12.7199 s
Elapsed time is 0.027399 seconds.
Data saved at t = 12.73 s
Elapsed time is 0.027638 seconds.
Data saved at t = 12.74 s
Elapsed time is 0.027443 seconds.
Data saved at t = 12.75 s
Elapsed time is 0.029708 seconds.
Data saved at t = 12.7599 s
Elapsed time is 0.027326 seconds.
Data saved at t = 12.77 s
Elapsed time is 0.030311 seconds.
255600 / 300000 time steps completed. t = 12.779950 s
Elapsed time is 7.101178 seconds.
Data saved at t = 12.78 s
Elapsed time is 0.027582 seconds.
Data saved at t = 12.7899 s
Elapsed time is 0.027373 seconds.
Data saved at t = 12.7999 s
Elapsed time is 0.027946 seconds.
Data saved at t = 12.81 s
Elapsed time is 0.028271 seconds.
Data saved at t = 12.82 s
Elapsed time is 0.030083 seconds.
Data saved at t = 12.83 s
Elapsed time is 0.027724 seconds.
256800 / 300000 time steps completed. t = 12.839950 s
Elapsed time is 7.031273 seconds.
Data saved at t = 12.8399 s
Elapsed time is 0.030139 seconds.
Data saved at t = 12.8499 s
Elapsed time is 0.028125 seconds.
Data saved at t = 12.86 s
Elapsed time is 0.030250 seconds.
Data saved at t = 12.87 s
Elapsed time is 0.027815 seconds.
Data saved at t = 12.8799 s
Elapsed time is 0.027817 seconds.
Data saved at t = 12.8899 s
Elapsed time is 0.027996 seconds.
258000 / 300000 time steps completed. t = 12.899950 s
Elapsed time is 7.084858 seconds.
Data saved at t = 12.9 s
Elapsed time is 0.027741 seconds.
Data saved at t = 12.91 s
Elapsed time is 0.029916 seconds.
Data saved at t = 12.92 s
Elapsed time is 0.028018 seconds.
Data saved at t = 12.9299 s
Elapsed time is 0.027913 seconds.
Data saved at t = 12.94 s
Elapsed time is 0.027682 seconds.
Data saved at t = 12.95 s
Elapsed time is 0.030242 seconds.
259200 / 300000 time steps completed. t = 12.959950 s
Elapsed time is 7.035540 seconds.
Data saved at t = 12.9599 s
Elapsed time is 0.027766 seconds.
Data saved at t = 12.9699 s
Elapsed time is 0.032931 seconds.
Data saved at t = 12.9799 s
Elapsed time is 0.027925 seconds.
Data saved at t = 12.99 s
Elapsed time is 0.028385 seconds.
Data saved at t = 13 s
Elapsed time is 0.027286 seconds.
Data saved at t = 13.0099 s
Elapsed time is 0.028418 seconds.
260400 / 300000 time steps completed. t = 13.019950 s
Elapsed time is 7.022304 seconds.
Data saved at t = 13.0199 s
Elapsed time is 0.030960 seconds.
Data saved at t = 13.03 s
Elapsed time is 0.027318 seconds.
Data saved at t = 13.04 s
Elapsed time is 0.028647 seconds.
Data saved at t = 13.0499 s
Elapsed time is 0.027613 seconds.
Data saved at t = 13.0599 s
Elapsed time is 0.029381 seconds.
Data saved at t = 13.07 s
Elapsed time is 0.027800 seconds.
261600 / 300000 time steps completed. t = 13.079950 s
Elapsed time is 7.041505 seconds.
Data saved at t = 13.08 s
Elapsed time is 0.030036 seconds.
Data saved at t = 13.0899 s
Elapsed time is 0.027607 seconds.
Data saved at t = 13.0999 s
Elapsed time is 0.027868 seconds.
Data saved at t = 13.1099 s
Elapsed time is 0.030149 seconds.
Data saved at t = 13.12 s
Elapsed time is 0.027814 seconds.
Data saved at t = 13.13 s
Elapsed time is 0.027623 seconds.
262800 / 300000 time steps completed. t = 13.139950 s
Elapsed time is 7.063913 seconds.
Data saved at t = 13.1399 s
Elapsed time is 0.028146 seconds.
Data saved at t = 13.1499 s
Elapsed time is 0.027327 seconds.
Data saved at t = 13.16 s
Elapsed time is 0.027534 seconds.
Data saved at t = 13.17 s
Elapsed time is 0.027988 seconds.
Data saved at t = 13.1799 s
Elapsed time is 0.028349 seconds.
Data saved at t = 13.1899 s
Elapsed time is 0.031400 seconds.
264000 / 300000 time steps completed. t = 13.199950 s
Elapsed time is 7.044201 seconds.
Data saved at t = 13.2 s
Elapsed time is 0.027513 seconds.
Data saved at t = 13.21 s
Elapsed time is 0.029005 seconds.
Data saved at t = 13.22 s
Elapsed time is 0.028615 seconds.
Data saved at t = 13.2299 s
Elapsed time is 0.029861 seconds.
Data saved at t = 13.2399 s
Elapsed time is 0.027812 seconds.
Data saved at t = 13.25 s
Elapsed time is 0.028450 seconds.
265200 / 300000 time steps completed. t = 13.259950 s
Elapsed time is 7.051154 seconds.
Data saved at t = 13.2599 s
Elapsed time is 0.030549 seconds.
Data saved at t = 13.2699 s
Elapsed time is 0.027419 seconds.
Data saved at t = 13.2799 s
Elapsed time is 0.029925 seconds.
Data saved at t = 13.29 s
Elapsed time is 0.027972 seconds.
Data saved at t = 13.3 s
Elapsed time is 0.027848 seconds.
Data saved at t = 13.31 s
Elapsed time is 0.027654 seconds.
266400 / 300000 time steps completed. t = 13.319950 s
Elapsed time is 7.034420 seconds.
Data saved at t = 13.3199 s
Elapsed time is 0.027303 seconds.
Data saved at t = 13.33 s
Elapsed time is 0.027178 seconds.
Data saved at t = 13.3399 s
Elapsed time is 0.027178 seconds.
Data saved at t = 13.3499 s
Elapsed time is 0.027898 seconds.
Data saved at t = 13.3599 s
Elapsed time is 0.029930 seconds.
Data saved at t = 13.37 s
Elapsed time is 0.027554 seconds.
267600 / 300000 time steps completed. t = 13.379950 s
Elapsed time is 7.003979 seconds.
Data saved at t = 13.38 s
Elapsed time is 0.028733 seconds.
Data saved at t = 13.39 s
Elapsed time is 0.027731 seconds.
Data saved at t = 13.4 s
Elapsed time is 0.027999 seconds.
Data saved at t = 13.4099 s
Elapsed time is 0.041827 seconds.
Data saved at t = 13.42 s
Elapsed time is 0.027502 seconds.
Data saved at t = 13.4299 s
Elapsed time is 0.027557 seconds.
268800 / 300000 time steps completed. t = 13.439950 s
Elapsed time is 6.960435 seconds.
Data saved at t = 13.4399 s
Elapsed time is 0.027846 seconds.
Data saved at t = 13.4499 s
Elapsed time is 0.027617 seconds.
Data saved at t = 13.46 s
Elapsed time is 0.029839 seconds.
Data saved at t = 13.47 s
Elapsed time is 0.028003 seconds.
Data saved at t = 13.48 s
Elapsed time is 0.027416 seconds.
Data saved at t = 13.4899 s
Elapsed time is 0.028232 seconds.
270000 / 300000 time steps completed. t = 13.499950 s
Elapsed time is 7.001961 seconds.
Data saved at t = 13.5 s
Elapsed time is 0.027379 seconds.
Data saved at t = 13.5099 s
Elapsed time is 0.027435 seconds.
Data saved at t = 13.5199 s
Elapsed time is 0.026972 seconds.
Data saved at t = 13.5299 s
Elapsed time is 0.030566 seconds.
Data saved at t = 13.5399 s
Elapsed time is 0.027379 seconds.
Data saved at t = 13.55 s
Elapsed time is 0.029947 seconds.
271200 / 300000 time steps completed. t = 13.559950 s
Elapsed time is 6.938070 seconds.
Data saved at t = 13.56 s
Elapsed time is 0.027441 seconds.
Data saved at t = 13.57 s
Elapsed time is 0.029734 seconds.
Data saved at t = 13.5799 s
Elapsed time is 0.027240 seconds.
Data saved at t = 13.59 s
Elapsed time is 0.027127 seconds.
Data saved at t = 13.5999 s
Elapsed time is 0.028471 seconds.
Data saved at t = 13.6099 s
Elapsed time is 0.026983 seconds.
272400 / 300000 time steps completed. t = 13.619950 s
Elapsed time is 6.865681 seconds.
Data saved at t = 13.6199 s
Elapsed time is 0.028210 seconds.
Data saved at t = 13.63 s
Elapsed time is 0.027532 seconds.
Data saved at t = 13.64 s
Elapsed time is 0.028489 seconds.
Data saved at t = 13.65 s
Elapsed time is 0.026890 seconds.
Data saved at t = 13.66 s
Elapsed time is 0.027100 seconds.
Data saved at t = 13.6699 s
Elapsed time is 0.026900 seconds.
273600 / 300000 time steps completed. t = 13.679950 s
Elapsed time is 6.906510 seconds.
Data saved at t = 13.68 s
Elapsed time is 0.027678 seconds.
Data saved at t = 13.6899 s
Elapsed time is 0.027277 seconds.
Data saved at t = 13.6999 s
Elapsed time is 0.027126 seconds.
Data saved at t = 13.7099 s
Elapsed time is 0.027243 seconds.
Data saved at t = 13.72 s
Elapsed time is 0.027640 seconds.
Data saved at t = 13.73 s
Elapsed time is 0.029462 seconds.
274800 / 300000 time steps completed. t = 13.739950 s
Elapsed time is 6.952750 seconds.
Data saved at t = 13.74 s
Elapsed time is 0.027304 seconds.
Data saved at t = 13.75 s
Elapsed time is 0.027064 seconds.
Data saved at t = 13.76 s
Elapsed time is 0.027959 seconds.
Data saved at t = 13.77 s
Elapsed time is 0.029507 seconds.
Data saved at t = 13.7799 s
Elapsed time is 0.028077 seconds.
Data saved at t = 13.7899 s
Elapsed time is 0.029539 seconds.
276000 / 300000 time steps completed. t = 13.799950 s
Elapsed time is 7.069857 seconds.
Data saved at t = 13.7999 s
Elapsed time is 0.027684 seconds.
Data saved at t = 13.81 s
Elapsed time is 0.027601 seconds.
Data saved at t = 13.82 s
Elapsed time is 0.029382 seconds.
Data saved at t = 13.83 s
Elapsed time is 0.027402 seconds.
Data saved at t = 13.8399 s
Elapsed time is 0.030588 seconds.
Data saved at t = 13.85 s
Elapsed time is 0.027673 seconds.
277200 / 300000 time steps completed. t = 13.859950 s
Elapsed time is 7.010196 seconds.
Data saved at t = 13.86 s
Elapsed time is 0.027958 seconds.
Data saved at t = 13.8699 s
Elapsed time is 0.027464 seconds.
Data saved at t = 13.8799 s
Elapsed time is 0.027325 seconds.
Data saved at t = 13.89 s
Elapsed time is 0.027974 seconds.
Data saved at t = 13.9 s
Elapsed time is 0.027489 seconds.
Data saved at t = 13.91 s
Elapsed time is 0.027428 seconds.
278400 / 300000 time steps completed. t = 13.919950 s
Elapsed time is 7.009306 seconds.
Data saved at t = 13.92 s
Elapsed time is 0.027732 seconds.
Data saved at t = 13.9299 s
Elapsed time is 0.029279 seconds.
Data saved at t = 13.94 s
Elapsed time is 0.027481 seconds.
Data saved at t = 13.9499 s
Elapsed time is 0.027609 seconds.
Data saved at t = 13.9599 s
Elapsed time is 0.027431 seconds.
Data saved at t = 13.9699 s
Elapsed time is 0.028061 seconds.
279600 / 300000 time steps completed. t = 13.979950 s
Elapsed time is 7.010213 seconds.
Data saved at t = 13.98 s
Elapsed time is 0.027900 seconds.
Data saved at t = 13.99 s
Elapsed time is 0.027603 seconds.
Data saved at t = 14 s
Elapsed time is 0.027444 seconds.
Data saved at t = 14.0099 s
Elapsed time is 0.027598 seconds.
Data saved at t = 14.02 s
Elapsed time is 0.029312 seconds.
Data saved at t = 14.03 s
Elapsed time is 0.028077 seconds.
280800 / 300000 time steps completed. t = 14.039950 s
Elapsed time is 7.078301 seconds.
Data saved at t = 14.0399 s
Elapsed time is 0.028557 seconds.
Data saved at t = 14.0499 s
Elapsed time is 0.027611 seconds.
Data saved at t = 14.0599 s
Elapsed time is 0.027994 seconds.
Data saved at t = 14.07 s
Elapsed time is 0.028131 seconds.
Data saved at t = 14.08 s
Elapsed time is 0.030781 seconds.
Data saved at t = 14.0899 s
Elapsed time is 0.028770 seconds.
282000 / 300000 time steps completed. t = 14.099950 s
Elapsed time is 7.000842 seconds.
Data saved at t = 14.0999 s
Elapsed time is 0.027636 seconds.
Data saved at t = 14.11 s
Elapsed time is 0.027341 seconds.
Data saved at t = 14.12 s
Elapsed time is 0.028165 seconds.
Data saved at t = 14.1299 s
Elapsed time is 0.027716 seconds.
Data saved at t = 14.1399 s
Elapsed time is 0.028256 seconds.
Data saved at t = 14.15 s
Elapsed time is 0.027355 seconds.
283200 / 300000 time steps completed. t = 14.159950 s
Elapsed time is 7.008336 seconds.
Data saved at t = 14.16 s
Elapsed time is 0.027529 seconds.
Data saved at t = 14.17 s
Elapsed time is 0.027270 seconds.
Data saved at t = 14.1799 s
Elapsed time is 0.027375 seconds.
Data saved at t = 14.1899 s
Elapsed time is 0.027438 seconds.
Data saved at t = 14.2 s
Elapsed time is 0.028108 seconds.
Data saved at t = 14.21 s
Elapsed time is 0.027720 seconds.
284400 / 300000 time steps completed. t = 14.219950 s
Elapsed time is 7.089658 seconds.
Data saved at t = 14.2199 s
Elapsed time is 0.030608 seconds.
Data saved at t = 14.2299 s
Elapsed time is 0.027528 seconds.
Data saved at t = 14.24 s
Elapsed time is 0.027722 seconds.
Data saved at t = 14.25 s
Elapsed time is 0.027862 seconds.
Data saved at t = 14.2599 s
Elapsed time is 0.027339 seconds.
Data saved at t = 14.2699 s
Elapsed time is 0.032367 seconds.
285600 / 300000 time steps completed. t = 14.279950 s
Elapsed time is 7.139822 seconds.
Data saved at t = 14.28 s
Elapsed time is 0.027161 seconds.
Data saved at t = 14.29 s
Elapsed time is 0.028237 seconds.
Data saved at t = 14.3 s
Elapsed time is 0.027793 seconds.
Data saved at t = 14.3099 s
Elapsed time is 0.031130 seconds.
Data saved at t = 14.3199 s
Elapsed time is 0.027686 seconds.
Data saved at t = 14.33 s
Elapsed time is 0.027973 seconds.
286800 / 300000 time steps completed. t = 14.339950 s
Elapsed time is 7.071872 seconds.
Data saved at t = 14.3399 s
Elapsed time is 0.028152 seconds.
Data saved at t = 14.3499 s
Elapsed time is 0.030829 seconds.
Data saved at t = 14.3599 s
Elapsed time is 0.027644 seconds.
Data saved at t = 14.37 s
Elapsed time is 0.030703 seconds.
Data saved at t = 14.38 s
Elapsed time is 0.027560 seconds.
Data saved at t = 14.39 s
Elapsed time is 0.027882 seconds.
288000 / 300000 time steps completed. t = 14.399950 s
Elapsed time is 7.122706 seconds.
Data saved at t = 14.3999 s
Elapsed time is 0.028992 seconds.
Data saved at t = 14.41 s
Elapsed time is 0.027103 seconds.
Data saved at t = 14.42 s
Elapsed time is 0.027913 seconds.
Data saved at t = 14.4299 s
Elapsed time is 0.029151 seconds.
Data saved at t = 14.4399 s
Elapsed time is 0.027411 seconds.
Data saved at t = 14.45 s
Elapsed time is 0.027953 seconds.
289200 / 300000 time steps completed. t = 14.459950 s
Elapsed time is 7.098345 seconds.
Data saved at t = 14.46 s
Elapsed time is 0.029128 seconds.
Data saved at t = 14.47 s
Elapsed time is 0.029315 seconds.
Data saved at t = 14.4799 s
Elapsed time is 0.029552 seconds.
Data saved at t = 14.4899 s
Elapsed time is 0.027754 seconds.
Data saved at t = 14.5 s
Elapsed time is 0.028622 seconds.
Data saved at t = 14.5099 s
Elapsed time is 0.028956 seconds.
290400 / 300000 time steps completed. t = 14.519950 s
Elapsed time is 7.149423 seconds.
Data saved at t = 14.5199 s
Elapsed time is 0.027840 seconds.
Data saved at t = 14.5299 s
Elapsed time is 0.027791 seconds.
Data saved at t = 14.54 s
Elapsed time is 0.027630 seconds.
Data saved at t = 14.55 s
Elapsed time is 0.028032 seconds.
Data saved at t = 14.56 s
Elapsed time is 0.027918 seconds.
Data saved at t = 14.5699 s
Elapsed time is 0.027995 seconds.
291600 / 300000 time steps completed. t = 14.579950 s
Elapsed time is 7.178759 seconds.
Data saved at t = 14.58 s
Elapsed time is 0.027765 seconds.
Data saved at t = 14.5899 s
Elapsed time is 0.030345 seconds.
Data saved at t = 14.5999 s
Elapsed time is 0.028228 seconds.
Data saved at t = 14.6099 s
Elapsed time is 0.027093 seconds.
Data saved at t = 14.6199 s
Elapsed time is 0.027554 seconds.
Data saved at t = 14.63 s
Elapsed time is 0.027465 seconds.
292800 / 300000 time steps completed. t = 14.639950 s
Elapsed time is 6.913006 seconds.
Data saved at t = 14.64 s
Elapsed time is 0.027359 seconds.
Data saved at t = 14.65 s
Elapsed time is 0.027622 seconds.
Data saved at t = 14.6599 s
Elapsed time is 0.028208 seconds.
Data saved at t = 14.67 s
Elapsed time is 0.027936 seconds.
Data saved at t = 14.6799 s
Elapsed time is 0.028156 seconds.
Data saved at t = 14.6899 s
Elapsed time is 0.027336 seconds.
294000 / 300000 time steps completed. t = 14.699950 s
Elapsed time is 6.904794 seconds.
Data saved at t = 14.6999 s
Elapsed time is 0.028037 seconds.
Data saved at t = 14.71 s
Elapsed time is 0.027891 seconds.
Data saved at t = 14.72 s
Elapsed time is 0.028217 seconds.
Data saved at t = 14.73 s
Elapsed time is 0.030516 seconds.
Data saved at t = 14.74 s
Elapsed time is 0.027234 seconds.
Data saved at t = 14.7499 s
Elapsed time is 0.027665 seconds.
295200 / 300000 time steps completed. t = 14.759950 s
Elapsed time is 6.909894 seconds.
Data saved at t = 14.76 s
Elapsed time is 0.027585 seconds.
Data saved at t = 14.7699 s
Elapsed time is 0.027696 seconds.
Data saved at t = 14.7799 s
Elapsed time is 0.027653 seconds.
Data saved at t = 14.7899 s
Elapsed time is 0.028784 seconds.
Data saved at t = 14.8 s
Elapsed time is 0.029526 seconds.
Data saved at t = 14.81 s
Elapsed time is 0.027585 seconds.
296400 / 300000 time steps completed. t = 14.819950 s
Elapsed time is 6.907452 seconds.
Data saved at t = 14.82 s
Elapsed time is 0.026669 seconds.
Data saved at t = 14.83 s
Elapsed time is 0.027037 seconds.
Data saved at t = 14.84 s
Elapsed time is 0.029315 seconds.
Data saved at t = 14.85 s
Elapsed time is 0.027242 seconds.
Data saved at t = 14.8599 s
Elapsed time is 0.027078 seconds.
Data saved at t = 14.8699 s
Elapsed time is 0.027345 seconds.
297600 / 300000 time steps completed. t = 14.879950 s
Elapsed time is 6.840368 seconds.
Data saved at t = 14.8799 s
Elapsed time is 0.027733 seconds.
Data saved at t = 14.89 s
Elapsed time is 0.026728 seconds.
Data saved at t = 14.9 s
Elapsed time is 0.027758 seconds.
Data saved at t = 14.91 s
Elapsed time is 0.029211 seconds.
Data saved at t = 14.9199 s
Elapsed time is 0.027497 seconds.
Data saved at t = 14.93 s
Elapsed time is 0.027090 seconds.
298800 / 300000 time steps completed. t = 14.939950 s
Elapsed time is 6.872357 seconds.
Data saved at t = 14.9399 s
Elapsed time is 0.027602 seconds.
Data saved at t = 14.9499 s
Elapsed time is 0.030187 seconds.
Data saved at t = 14.9599 s
Elapsed time is 0.026463 seconds.
Data saved at t = 14.97 s
Elapsed time is 0.027993 seconds.
Data saved at t = 14.98 s
Elapsed time is 0.027449 seconds.
Data saved at t = 14.99 s
Elapsed time is 0.027007 seconds.
300000 / 300000 time steps completed. t = 14.999950 s
Elapsed time is 6.802712 seconds.
Data saved at t = 15 s
Elapsed time is 0.027098 seconds.
[2026-07-07T16:46:43.677] error: *** JOB 36519052 ON c0704a-s18 CANCELLED AT 2026-07-07T16:46:43 DUE to SIGNAL Terminated ***
