Tue Jul  7 10:05:17 AM EDT 2026
c0704a-s20.ufhpc
Warning: X does not support locale en_US.UTF-8

fcut_dim =

    20


t_end_dim =

    15


Ldim =

     2


N =

        8000


MNOISE =

        1000


F0_noise =

    0.0250


Re_input =

    60


theta_deg =

    45


rho =

        1072


mu =

    0.0067


Ca_input =

    0.0100


t_save =

    0.0100

hN = 1.0075e-03 m
uN = 3.7387e-01 m/s
TN = 2.6948e-03 s
mu = 0.0067, rho = 1072.0000, gamma = 0.2516, theta = 0.7854
F2 = 14.1421, We = 0.6000, Re = 60.0000, Ca = 0.0100
fcut_noise nondim = 5.3897e-02
dx = 2.4813e-01, dt = 1.8554e-02, nsteps = 300000
Fontconfig warning: "/usr/share/fontconfig/conf.avail/05-reset-dirs-sample.conf", line 6: unknown element "reset-dirs"
Fontconfig warning: "/usr/share/fontconfig/conf.avail/05-reset-dirs-sample.conf", line 6: unknown element "reset-dirs"
Initializing white noise phases...
1 / 300000 time steps completed. t = 0.000000 s
Elapsed time is 0.678677 seconds.
Data saved at t = 0.00995 s
Elapsed time is 0.826096 seconds.
Data saved at t = 0.01995 s
Elapsed time is 0.046558 seconds.
Data saved at t = 0.02995 s
Elapsed time is 0.037460 seconds.
Data saved at t = 0.03995 s
Elapsed time is 0.037935 seconds.
Data saved at t = 0.04995 s
Elapsed time is 0.065195 seconds.
1200 / 300000 time steps completed. t = 0.059950 s
Elapsed time is 6.145289 seconds.
Data saved at t = 0.05995 s
Elapsed time is 0.108772 seconds.
Data saved at t = 0.06995 s
Elapsed time is 0.034719 seconds.
Data saved at t = 0.07995 s
Elapsed time is 0.033883 seconds.
Data saved at t = 0.08995 s
Elapsed time is 0.123167 seconds.
Data saved at t = 0.09995 s
Elapsed time is 0.033874 seconds.
Data saved at t = 0.10995 s
Elapsed time is 0.034013 seconds.
2400 / 300000 time steps completed. t = 0.119950 s
Elapsed time is 6.211693 seconds.
Data saved at t = 0.11995 s
Elapsed time is 0.047273 seconds.
Data saved at t = 0.12995 s
Elapsed time is 0.042675 seconds.
Data saved at t = 0.13995 s
Elapsed time is 0.035394 seconds.
Data saved at t = 0.14995 s
Elapsed time is 0.033497 seconds.
Data saved at t = 0.15995 s
Elapsed time is 0.033153 seconds.
Data saved at t = 0.16995 s
Elapsed time is 0.034117 seconds.
3600 / 300000 time steps completed. t = 0.179950 s
Elapsed time is 6.383962 seconds.
Data saved at t = 0.17995 s
Elapsed time is 0.033341 seconds.
Data saved at t = 0.18995 s
Elapsed time is 0.033715 seconds.
Data saved at t = 0.19995 s
Elapsed time is 0.033296 seconds.
Data saved at t = 0.20995 s
Elapsed time is 0.062002 seconds.
Data saved at t = 0.21995 s
Elapsed time is 0.044435 seconds.
Data saved at t = 0.22995 s
Elapsed time is 0.032609 seconds.
4800 / 300000 time steps completed. t = 0.239950 s
Elapsed time is 6.183683 seconds.
Data saved at t = 0.23995 s
Elapsed time is 0.032619 seconds.
Data saved at t = 0.24995 s
Elapsed time is 0.032312 seconds.
Data saved at t = 0.25995 s
Elapsed time is 0.032791 seconds.
Data saved at t = 0.26995 s
Elapsed time is 0.031910 seconds.
Data saved at t = 0.27995 s
Elapsed time is 0.032813 seconds.
Data saved at t = 0.28995 s
Elapsed time is 0.032802 seconds.
6000 / 300000 time steps completed. t = 0.299950 s
Elapsed time is 6.343684 seconds.
Data saved at t = 0.29995 s
Elapsed time is 0.043165 seconds.
Data saved at t = 0.30995 s
Elapsed time is 0.031820 seconds.
Data saved at t = 0.31995 s
Elapsed time is 0.078868 seconds.
Data saved at t = 0.32995 s
Elapsed time is 0.032709 seconds.
Data saved at t = 0.33995 s
Elapsed time is 0.033278 seconds.
Data saved at t = 0.34995 s
Elapsed time is 0.032648 seconds.
7200 / 300000 time steps completed. t = 0.359950 s
Elapsed time is 6.469083 seconds.
Data saved at t = 0.35995 s
Elapsed time is 0.031345 seconds.
Data saved at t = 0.36995 s
Elapsed time is 0.032753 seconds.
Data saved at t = 0.37995 s
Elapsed time is 0.031642 seconds.
Data saved at t = 0.38995 s
Elapsed time is 0.032365 seconds.
Data saved at t = 0.39995 s
Elapsed time is 0.032116 seconds.
Data saved at t = 0.40995 s
Elapsed time is 0.032608 seconds.
8400 / 300000 time steps completed. t = 0.419950 s
Elapsed time is 6.591012 seconds.
Data saved at t = 0.41995 s
Elapsed time is 0.031646 seconds.
Data saved at t = 0.42995 s
Elapsed time is 0.032296 seconds.
Data saved at t = 0.43995 s
Elapsed time is 0.032137 seconds.
Data saved at t = 0.44995 s
Elapsed time is 0.032221 seconds.
Data saved at t = 0.45995 s
Elapsed time is 0.032150 seconds.
Data saved at t = 0.46995 s
Elapsed time is 0.032362 seconds.
9600 / 300000 time steps completed. t = 0.479950 s
Elapsed time is 6.716067 seconds.
Data saved at t = 0.47995 s
Elapsed time is 0.031687 seconds.
Data saved at t = 0.48995 s
Elapsed time is 0.032473 seconds.
Data saved at t = 0.49995 s
Elapsed time is 0.032600 seconds.
Data saved at t = 0.50995 s
Elapsed time is 0.032684 seconds.
Data saved at t = 0.51995 s
Elapsed time is 0.033222 seconds.
Data saved at t = 0.52995 s
Elapsed time is 0.031589 seconds.
10800 / 300000 time steps completed. t = 0.539950 s
Elapsed time is 6.839479 seconds.
Data saved at t = 0.53995 s
Elapsed time is 0.031563 seconds.
Data saved at t = 0.54995 s
Elapsed time is 0.030674 seconds.
Data saved at t = 0.55995 s
Elapsed time is 0.032562 seconds.
Data saved at t = 0.56995 s
Elapsed time is 0.031528 seconds.
Data saved at t = 0.57995 s
Elapsed time is 0.032379 seconds.
Data saved at t = 0.58995 s
Elapsed time is 0.031804 seconds.
12000 / 300000 time steps completed. t = 0.599950 s
Elapsed time is 6.974873 seconds.
Data saved at t = 0.59995 s
Elapsed time is 0.056314 seconds.
Data saved at t = 0.60995 s
Elapsed time is 0.092631 seconds.
Data saved at t = 0.61995 s
Elapsed time is 0.055906 seconds.
Data saved at t = 0.62995 s
Elapsed time is 0.106019 seconds.
Data saved at t = 0.63995 s
Elapsed time is 0.033270 seconds.
Data saved at t = 0.64995 s
Elapsed time is 0.031432 seconds.
13200 / 300000 time steps completed. t = 0.659950 s
Elapsed time is 7.123992 seconds.
Data saved at t = 0.65995 s
Elapsed time is 0.032654 seconds.
Data saved at t = 0.66995 s
Elapsed time is 0.032519 seconds.
Data saved at t = 0.67995 s
Elapsed time is 0.032175 seconds.
Data saved at t = 0.68995 s
Elapsed time is 0.033475 seconds.
Data saved at t = 0.69995 s
Elapsed time is 0.031546 seconds.
Data saved at t = 0.70995 s
Elapsed time is 0.032132 seconds.
14400 / 300000 time steps completed. t = 0.719950 s
Elapsed time is 7.223500 seconds.
Data saved at t = 0.71995 s
Elapsed time is 0.032748 seconds.
Data saved at t = 0.72995 s
Elapsed time is 0.032265 seconds.
Data saved at t = 0.73995 s
Elapsed time is 0.032317 seconds.
Data saved at t = 0.74995 s
Elapsed time is 0.031955 seconds.
Data saved at t = 0.75995 s
Elapsed time is 0.032930 seconds.
Data saved at t = 0.76995 s
Elapsed time is 0.032806 seconds.
15600 / 300000 time steps completed. t = 0.779950 s
Elapsed time is 7.358685 seconds.
Data saved at t = 0.77995 s
Elapsed time is 0.127413 seconds.
Data saved at t = 0.78995 s
Elapsed time is 0.033148 seconds.
Data saved at t = 0.79995 s
Elapsed time is 0.032882 seconds.
Data saved at t = 0.80995 s
Elapsed time is 0.032039 seconds.
Data saved at t = 0.81995 s
Elapsed time is 0.033384 seconds.
Data saved at t = 0.82995 s
Elapsed time is 0.031997 seconds.
16800 / 300000 time steps completed. t = 0.839950 s
Elapsed time is 7.475544 seconds.
Data saved at t = 0.83995 s
Elapsed time is 0.032572 seconds.
Data saved at t = 0.84995 s
Elapsed time is 0.032154 seconds.
Data saved at t = 0.85995 s
Elapsed time is 0.033035 seconds.
Data saved at t = 0.86995 s
Elapsed time is 0.032187 seconds.
Data saved at t = 0.87995 s
Elapsed time is 0.032527 seconds.
Data saved at t = 0.88995 s
Elapsed time is 0.032039 seconds.
18000 / 300000 time steps completed. t = 0.899950 s
Elapsed time is 7.552294 seconds.
Data saved at t = 0.89995 s
Elapsed time is 0.032331 seconds.
Data saved at t = 0.90995 s
Elapsed time is 0.032667 seconds.
Data saved at t = 0.91995 s
Elapsed time is 0.032109 seconds.
Data saved at t = 0.92995 s
Elapsed time is 0.032486 seconds.
Data saved at t = 0.93995 s
Elapsed time is 0.033094 seconds.
Data saved at t = 0.94995 s
Elapsed time is 0.032365 seconds.
19200 / 300000 time steps completed. t = 0.959950 s
Elapsed time is 7.660517 seconds.
Data saved at t = 0.95995 s
Elapsed time is 0.032717 seconds.
Data saved at t = 0.96995 s
Elapsed time is 0.032092 seconds.
Data saved at t = 0.97995 s
Elapsed time is 0.032369 seconds.
Data saved at t = 0.98995 s
Elapsed time is 0.032228 seconds.
Data saved at t = 0.99995 s
Elapsed time is 0.033584 seconds.
Data saved at t = 1.0099 s
Elapsed time is 0.034289 seconds.
20400 / 300000 time steps completed. t = 1.019950 s
Elapsed time is 7.885355 seconds.
Data saved at t = 1.02 s
Elapsed time is 0.032246 seconds.
Data saved at t = 1.0299 s
Elapsed time is 0.032497 seconds.
Data saved at t = 1.0399 s
Elapsed time is 0.032007 seconds.
Data saved at t = 1.0499 s
Elapsed time is 0.033487 seconds.
Data saved at t = 1.06 s
Elapsed time is 0.032904 seconds.
Data saved at t = 1.0699 s
Elapsed time is 0.034773 seconds.
21600 / 300000 time steps completed. t = 1.079950 s
Elapsed time is 8.134848 seconds.
Data saved at t = 1.0799 s
Elapsed time is 0.033371 seconds.
Data saved at t = 1.0899 s
Elapsed time is 0.031246 seconds.
Data saved at t = 1.0999 s
Elapsed time is 0.031170 seconds.
Data saved at t = 1.1099 s
Elapsed time is 0.036530 seconds.
Data saved at t = 1.12 s
Elapsed time is 0.032312 seconds.
Data saved at t = 1.13 s
Elapsed time is 0.032410 seconds.
22800 / 300000 time steps completed. t = 1.139950 s
Elapsed time is 7.978592 seconds.
Data saved at t = 1.14 s
Elapsed time is 0.041721 seconds.
Data saved at t = 1.15 s
Elapsed time is 0.031589 seconds.
Data saved at t = 1.16 s
Elapsed time is 0.031767 seconds.
Data saved at t = 1.17 s
Elapsed time is 0.031576 seconds.
Data saved at t = 1.18 s
Elapsed time is 0.031677 seconds.
Data saved at t = 1.19 s
Elapsed time is 0.032049 seconds.
24000 / 300000 time steps completed. t = 1.199950 s
Elapsed time is 8.067356 seconds.
Data saved at t = 1.1999 s
Elapsed time is 0.031966 seconds.
Data saved at t = 1.21 s
Elapsed time is 0.032447 seconds.
Data saved at t = 1.22 s
Elapsed time is 0.033018 seconds.
Data saved at t = 1.23 s
Elapsed time is 0.033207 seconds.
Data saved at t = 1.2399 s
Elapsed time is 0.032398 seconds.
Data saved at t = 1.25 s
Elapsed time is 0.031262 seconds.
25200 / 300000 time steps completed. t = 1.259950 s
Elapsed time is 8.190107 seconds.
Data saved at t = 1.26 s
Elapsed time is 0.031706 seconds.
Data saved at t = 1.2699 s
Elapsed time is 0.032037 seconds.
Data saved at t = 1.2799 s
Elapsed time is 0.032529 seconds.
Data saved at t = 1.29 s
Elapsed time is 0.033108 seconds.
Data saved at t = 1.2999 s
Elapsed time is 0.031242 seconds.
Data saved at t = 1.3099 s
Elapsed time is 0.032095 seconds.
26400 / 300000 time steps completed. t = 1.319950 s
Elapsed time is 8.285125 seconds.
Data saved at t = 1.3199 s
Elapsed time is 0.031815 seconds.
Data saved at t = 1.33 s
Elapsed time is 0.032268 seconds.
Data saved at t = 1.3399 s
Elapsed time is 0.032633 seconds.
Data saved at t = 1.3499 s
Elapsed time is 0.032554 seconds.
Data saved at t = 1.3599 s
Elapsed time is 0.032138 seconds.
Data saved at t = 1.37 s
Elapsed time is 0.032084 seconds.
27600 / 300000 time steps completed. t = 1.379950 s
Elapsed time is 8.401786 seconds.
Data saved at t = 1.38 s
Elapsed time is 0.031203 seconds.
Data saved at t = 1.39 s
Elapsed time is 0.031644 seconds.
Data saved at t = 1.4 s
Elapsed time is 0.031856 seconds.
Data saved at t = 1.41 s
Elapsed time is 0.031629 seconds.
Data saved at t = 1.4199 s
Elapsed time is 0.030526 seconds.
Data saved at t = 1.4299 s
Elapsed time is 0.030538 seconds.
28800 / 300000 time steps completed. t = 1.439950 s
Elapsed time is 8.462138 seconds.
Data saved at t = 1.44 s
Elapsed time is 0.031305 seconds.
Data saved at t = 1.45 s
Elapsed time is 0.031739 seconds.
Data saved at t = 1.46 s
Elapsed time is 0.032574 seconds.
Data saved at t = 1.47 s
Elapsed time is 0.032027 seconds.
Data saved at t = 1.48 s
Elapsed time is 0.031847 seconds.
Data saved at t = 1.4899 s
Elapsed time is 0.033036 seconds.
30000 / 300000 time steps completed. t = 1.499950 s
Elapsed time is 8.465314 seconds.
Data saved at t = 1.4999 s
Elapsed time is 0.032027 seconds.
Data saved at t = 1.5099 s
Elapsed time is 0.031634 seconds.
Data saved at t = 1.52 s
Elapsed time is 0.032550 seconds.
Data saved at t = 1.53 s
Elapsed time is 0.032906 seconds.
Data saved at t = 1.54 s
Elapsed time is 0.031495 seconds.
Data saved at t = 1.55 s
Elapsed time is 0.031993 seconds.
31200 / 300000 time steps completed. t = 1.559950 s
Elapsed time is 8.496711 seconds.
Data saved at t = 1.5599 s
Elapsed time is 0.033869 seconds.
Data saved at t = 1.5699 s
Elapsed time is 0.032209 seconds.
Data saved at t = 1.5799 s
Elapsed time is 0.032078 seconds.
Data saved at t = 1.5899 s
Elapsed time is 0.032824 seconds.
Data saved at t = 1.5999 s
Elapsed time is 0.031852 seconds.
Data saved at t = 1.61 s
Elapsed time is 0.032492 seconds.
32400 / 300000 time steps completed. t = 1.619950 s
Elapsed time is 8.504832 seconds.
Data saved at t = 1.6199 s
Elapsed time is 0.031415 seconds.
Data saved at t = 1.63 s
Elapsed time is 0.031334 seconds.
Data saved at t = 1.64 s
Elapsed time is 0.031778 seconds.
Data saved at t = 1.65 s
Elapsed time is 0.033586 seconds.
Data saved at t = 1.66 s
Elapsed time is 0.037225 seconds.
Data saved at t = 1.67 s
Elapsed time is 0.032751 seconds.
33600 / 300000 time steps completed. t = 1.679950 s
Elapsed time is 8.537567 seconds.
Data saved at t = 1.68 s
Elapsed time is 0.034657 seconds.
Data saved at t = 1.6899 s
Elapsed time is 0.034373 seconds.
Data saved at t = 1.6999 s
Elapsed time is 0.033374 seconds.
Data saved at t = 1.71 s
Elapsed time is 0.033277 seconds.
Data saved at t = 1.72 s
Elapsed time is 0.033686 seconds.
Data saved at t = 1.73 s
Elapsed time is 0.034879 seconds.
34800 / 300000 time steps completed. t = 1.739950 s
Elapsed time is 9.024939 seconds.
Data saved at t = 1.74 s
Elapsed time is 0.033276 seconds.
Data saved at t = 1.75 s
Elapsed time is 0.033073 seconds.
Data saved at t = 1.7599 s
Elapsed time is 0.033090 seconds.
Data saved at t = 1.7699 s
Elapsed time is 0.033491 seconds.
Data saved at t = 1.7799 s
Elapsed time is 0.033198 seconds.
Data saved at t = 1.7899 s
Elapsed time is 0.034256 seconds.
36000 / 300000 time steps completed. t = 1.799950 s
Elapsed time is 9.059463 seconds.
Data saved at t = 1.8 s
Elapsed time is 0.033379 seconds.
Data saved at t = 1.81 s
Elapsed time is 0.033058 seconds.
Data saved at t = 1.8199 s
Elapsed time is 0.033794 seconds.
Data saved at t = 1.8299 s
Elapsed time is 0.034545 seconds.
Data saved at t = 1.8399 s
Elapsed time is 0.035030 seconds.
Data saved at t = 1.8499 s
Elapsed time is 0.033588 seconds.
37200 / 300000 time steps completed. t = 1.859950 s
Elapsed time is 9.065117 seconds.
Data saved at t = 1.8599 s
Elapsed time is 0.033524 seconds.
Data saved at t = 1.87 s
Elapsed time is 0.033969 seconds.
Data saved at t = 1.88 s
Elapsed time is 0.033632 seconds.
Data saved at t = 1.8899 s
Elapsed time is 0.042564 seconds.
Data saved at t = 1.9 s
Elapsed time is 0.033917 seconds.
Data saved at t = 1.91 s
Elapsed time is 0.033979 seconds.
38400 / 300000 time steps completed. t = 1.919950 s
Elapsed time is 9.088506 seconds.
Data saved at t = 1.92 s
Elapsed time is 0.033298 seconds.
Data saved at t = 1.93 s
Elapsed time is 0.033356 seconds.
Data saved at t = 1.94 s
Elapsed time is 0.034414 seconds.
Data saved at t = 1.95 s
Elapsed time is 0.034433 seconds.
Data saved at t = 1.9599 s
Elapsed time is 0.033707 seconds.
Data saved at t = 1.9699 s
Elapsed time is 0.033826 seconds.
39600 / 300000 time steps completed. t = 1.979950 s
Elapsed time is 9.083687 seconds.
Data saved at t = 1.9799 s
Elapsed time is 0.034129 seconds.
Data saved at t = 1.99 s
Elapsed time is 0.033339 seconds.
Data saved at t = 2 s
Elapsed time is 0.034805 seconds.
Data saved at t = 2.0099 s
Elapsed time is 0.033722 seconds.
Data saved at t = 2.02 s
Elapsed time is 0.033418 seconds.
Data saved at t = 2.0299 s
Elapsed time is 0.033839 seconds.
40800 / 300000 time steps completed. t = 2.039950 s
Elapsed time is 9.084307 seconds.
Data saved at t = 2.04 s
Elapsed time is 0.033511 seconds.
Data saved at t = 2.0499 s
Elapsed time is 0.033873 seconds.
Data saved at t = 2.06 s
Elapsed time is 0.033921 seconds.
Data saved at t = 2.0699 s
Elapsed time is 0.033519 seconds.
Data saved at t = 2.08 s
Elapsed time is 0.037805 seconds.
Data saved at t = 2.0899 s
Elapsed time is 0.033711 seconds.
42000 / 300000 time steps completed. t = 2.099950 s
Elapsed time is 9.091888 seconds.
Data saved at t = 2.0999 s
Elapsed time is 0.033065 seconds.
Data saved at t = 2.1099 s
Elapsed time is 0.033935 seconds.
Data saved at t = 2.1199 s
Elapsed time is 0.033913 seconds.
Data saved at t = 2.13 s
Elapsed time is 0.033647 seconds.
Data saved at t = 2.14 s
Elapsed time is 0.034384 seconds.
Data saved at t = 2.15 s
Elapsed time is 0.033799 seconds.
43200 / 300000 time steps completed. t = 2.159950 s
Elapsed time is 9.061894 seconds.
Data saved at t = 2.1599 s
Elapsed time is 0.033087 seconds.
Data saved at t = 2.17 s
Elapsed time is 0.034021 seconds.
Data saved at t = 2.1799 s
Elapsed time is 0.033371 seconds.
Data saved at t = 2.19 s
Elapsed time is 0.034292 seconds.
Data saved at t = 2.1999 s
Elapsed time is 0.034104 seconds.
Data saved at t = 2.21 s
Elapsed time is 0.033437 seconds.
44400 / 300000 time steps completed. t = 2.219950 s
Elapsed time is 9.071351 seconds.
Data saved at t = 2.22 s
Elapsed time is 0.034114 seconds.
Data saved at t = 2.23 s
Elapsed time is 0.034191 seconds.
Data saved at t = 2.2399 s
Elapsed time is 0.033681 seconds.
Data saved at t = 2.25 s
Elapsed time is 0.033835 seconds.
Data saved at t = 2.2599 s
Elapsed time is 0.033734 seconds.
Data saved at t = 2.27 s
Elapsed time is 0.033715 seconds.
45600 / 300000 time steps completed. t = 2.279950 s
Elapsed time is 9.077095 seconds.
Data saved at t = 2.2799 s
Elapsed time is 0.033384 seconds.
Data saved at t = 2.29 s
Elapsed time is 0.033592 seconds.
Data saved at t = 2.2999 s
Elapsed time is 0.033663 seconds.
Data saved at t = 2.3099 s
Elapsed time is 0.034529 seconds.
Data saved at t = 2.3199 s
Elapsed time is 0.033751 seconds.
Data saved at t = 2.33 s
Elapsed time is 0.034128 seconds.
46800 / 300000 time steps completed. t = 2.339950 s
Elapsed time is 9.080402 seconds.
Data saved at t = 2.3399 s
Elapsed time is 0.033758 seconds.
Data saved at t = 2.35 s
Elapsed time is 0.033462 seconds.
Data saved at t = 2.3599 s
Elapsed time is 0.075741 seconds.
Data saved at t = 2.3699 s
Elapsed time is 0.033350 seconds.
Data saved at t = 2.38 s
Elapsed time is 0.033444 seconds.
Data saved at t = 2.3899 s
Elapsed time is 0.034079 seconds.
48000 / 300000 time steps completed. t = 2.399950 s
Elapsed time is 9.083085 seconds.
Data saved at t = 2.4 s
Elapsed time is 0.033615 seconds.
Data saved at t = 2.41 s
Elapsed time is 0.033598 seconds.
Data saved at t = 2.42 s
Elapsed time is 0.034330 seconds.
Data saved at t = 2.4299 s
Elapsed time is 0.034626 seconds.
Data saved at t = 2.44 s
Elapsed time is 0.034424 seconds.
Data saved at t = 2.4499 s
Elapsed time is 0.033365 seconds.
49200 / 300000 time steps completed. t = 2.459950 s
Elapsed time is 9.079753 seconds.
Data saved at t = 2.46 s
Elapsed time is 0.031921 seconds.
Data saved at t = 2.4699 s
Elapsed time is 0.033589 seconds.
Data saved at t = 2.48 s
Elapsed time is 0.033385 seconds.
Data saved at t = 2.49 s
Elapsed time is 0.032487 seconds.
Data saved at t = 2.4999 s
Elapsed time is 0.033067 seconds.
Data saved at t = 2.5099 s
Elapsed time is 0.033429 seconds.
50400 / 300000 time steps completed. t = 2.519950 s
Elapsed time is 9.079225 seconds.
Data saved at t = 2.52 s
Elapsed time is 0.034954 seconds.
Data saved at t = 2.5299 s
Elapsed time is 0.037840 seconds.
Data saved at t = 2.54 s
Elapsed time is 0.033094 seconds.
Data saved at t = 2.5499 s
Elapsed time is 0.033874 seconds.
Data saved at t = 2.56 s
Elapsed time is 0.034309 seconds.
Data saved at t = 2.5699 s
Elapsed time is 0.034737 seconds.
51600 / 300000 time steps completed. t = 2.579950 s
Elapsed time is 9.068307 seconds.
Data saved at t = 2.5799 s
Elapsed time is 0.033300 seconds.
Data saved at t = 2.5899 s
Elapsed time is 0.033700 seconds.
Data saved at t = 2.6 s
Elapsed time is 0.033458 seconds.
Data saved at t = 2.6099 s
Elapsed time is 0.034220 seconds.
Data saved at t = 2.62 s
Elapsed time is 0.034726 seconds.
Data saved at t = 2.63 s
Elapsed time is 0.033701 seconds.
52800 / 300000 time steps completed. t = 2.639950 s
Elapsed time is 9.083658 seconds.
Data saved at t = 2.6399 s
Elapsed time is 0.033900 seconds.
Data saved at t = 2.65 s
Elapsed time is 0.034072 seconds.
Data saved at t = 2.6599 s
Elapsed time is 0.034601 seconds.
Data saved at t = 2.67 s
Elapsed time is 0.033523 seconds.
Data saved at t = 2.68 s
Elapsed time is 0.061501 seconds.
Data saved at t = 2.69 s
Elapsed time is 0.033857 seconds.
54000 / 300000 time steps completed. t = 2.699950 s
Elapsed time is 9.078635 seconds.
Data saved at t = 2.6999 s
Elapsed time is 0.033416 seconds.
Data saved at t = 2.71 s
Elapsed time is 0.034056 seconds.
Data saved at t = 2.7199 s
Elapsed time is 0.034457 seconds.
Data saved at t = 2.73 s
Elapsed time is 0.034179 seconds.
Data saved at t = 2.7399 s
Elapsed time is 0.033313 seconds.
Data saved at t = 2.75 s
Elapsed time is 0.033595 seconds.
55200 / 300000 time steps completed. t = 2.759950 s
Elapsed time is 9.083551 seconds.
Data saved at t = 2.76 s
Elapsed time is 0.033592 seconds.
Data saved at t = 2.77 s
Elapsed time is 0.033663 seconds.
Data saved at t = 2.78 s
Elapsed time is 0.033803 seconds.
Data saved at t = 2.79 s
Elapsed time is 0.034818 seconds.
Data saved at t = 2.7999 s
Elapsed time is 0.034115 seconds.
Data saved at t = 2.8099 s
Elapsed time is 0.033758 seconds.
56400 / 300000 time steps completed. t = 2.819950 s
Elapsed time is 9.077874 seconds.
Data saved at t = 2.8199 s
Elapsed time is 0.033862 seconds.
Data saved at t = 2.8299 s
Elapsed time is 0.033861 seconds.
Data saved at t = 2.8399 s
Elapsed time is 0.033637 seconds.
Data saved at t = 2.8499 s
Elapsed time is 0.034074 seconds.
Data saved at t = 2.8599 s
Elapsed time is 0.033361 seconds.
Data saved at t = 2.87 s
Elapsed time is 0.032607 seconds.
57600 / 300000 time steps completed. t = 2.879950 s
Elapsed time is 9.085004 seconds.
Data saved at t = 2.88 s
Elapsed time is 0.033359 seconds.
Data saved at t = 2.89 s
Elapsed time is 0.033952 seconds.
Data saved at t = 2.9 s
Elapsed time is 0.033282 seconds.
Data saved at t = 2.91 s
Elapsed time is 0.033556 seconds.
Data saved at t = 2.92 s
Elapsed time is 0.033633 seconds.
Data saved at t = 2.93 s
Elapsed time is 0.033481 seconds.
58800 / 300000 time steps completed. t = 2.939950 s
Elapsed time is 9.082824 seconds.
Data saved at t = 2.9399 s
Elapsed time is 0.033655 seconds.
Data saved at t = 2.9499 s
Elapsed time is 0.034032 seconds.
Data saved at t = 2.9599 s
Elapsed time is 0.035446 seconds.
Data saved at t = 2.9699 s
Elapsed time is 0.034966 seconds.
Data saved at t = 2.98 s
Elapsed time is 0.033348 seconds.
Data saved at t = 2.9899 s
Elapsed time is 0.033661 seconds.
60000 / 300000 time steps completed. t = 2.999950 s
Elapsed time is 9.070422 seconds.
Data saved at t = 3 s
Elapsed time is 0.033323 seconds.
Data saved at t = 3.0099 s
Elapsed time is 0.034111 seconds.
Data saved at t = 3.02 s
Elapsed time is 0.033674 seconds.
Data saved at t = 3.03 s
Elapsed time is 0.034115 seconds.
Data saved at t = 3.04 s
Elapsed time is 0.034818 seconds.
Data saved at t = 3.05 s
Elapsed time is 0.033592 seconds.
61200 / 300000 time steps completed. t = 3.059950 s
Elapsed time is 9.079709 seconds.
Data saved at t = 3.06 s
Elapsed time is 0.033985 seconds.
Data saved at t = 3.0699 s
Elapsed time is 0.033567 seconds.
Data saved at t = 3.0799 s
Elapsed time is 0.034202 seconds.
Data saved at t = 3.0899 s
Elapsed time is 0.033459 seconds.
Data saved at t = 3.0999 s
Elapsed time is 0.034883 seconds.
Data saved at t = 3.1099 s
Elapsed time is 0.034124 seconds.
62400 / 300000 time steps completed. t = 3.119950 s
Elapsed time is 9.085079 seconds.
Data saved at t = 3.1199 s
Elapsed time is 0.034130 seconds.
Data saved at t = 3.13 s
Elapsed time is 0.033259 seconds.
Data saved at t = 3.14 s
Elapsed time is 0.033483 seconds.
Data saved at t = 3.15 s
Elapsed time is 0.034366 seconds.
Data saved at t = 3.16 s
Elapsed time is 0.033399 seconds.
Data saved at t = 3.17 s
Elapsed time is 0.033299 seconds.
63600 / 300000 time steps completed. t = 3.179950 s
Elapsed time is 9.049958 seconds.
Data saved at t = 3.18 s
Elapsed time is 0.033797 seconds.
Data saved at t = 3.19 s
Elapsed time is 0.033169 seconds.
Data saved at t = 3.2 s
Elapsed time is 0.033549 seconds.
Data saved at t = 3.2099 s
Elapsed time is 0.033093 seconds.
Data saved at t = 3.2199 s
Elapsed time is 0.033312 seconds.
Data saved at t = 3.2299 s
Elapsed time is 0.034037 seconds.
64800 / 300000 time steps completed. t = 3.239950 s
Elapsed time is 9.084909 seconds.
Data saved at t = 3.2399 s
Elapsed time is 0.033177 seconds.
Data saved at t = 3.25 s
Elapsed time is 0.032701 seconds.
Data saved at t = 3.2599 s
Elapsed time is 0.034142 seconds.
Data saved at t = 3.27 s
Elapsed time is 0.033832 seconds.
Data saved at t = 3.2799 s
Elapsed time is 0.044921 seconds.
Data saved at t = 3.29 s
Elapsed time is 0.033781 seconds.
66000 / 300000 time steps completed. t = 3.299950 s
Elapsed time is 9.079586 seconds.
Data saved at t = 3.3 s
Elapsed time is 0.033548 seconds.
Data saved at t = 3.31 s
Elapsed time is 0.034818 seconds.
Data saved at t = 3.32 s
Elapsed time is 0.033682 seconds.
Data saved at t = 3.33 s
Elapsed time is 0.033866 seconds.
Data saved at t = 3.3399 s
Elapsed time is 0.081384 seconds.
Data saved at t = 3.3499 s
Elapsed time is 0.136975 seconds.
67200 / 300000 time steps completed. t = 3.359950 s
Elapsed time is 9.232338 seconds.
Data saved at t = 3.3599 s
Elapsed time is 0.034493 seconds.
Data saved at t = 3.3699 s
Elapsed time is 0.034205 seconds.
Data saved at t = 3.38 s
Elapsed time is 0.034306 seconds.
Data saved at t = 3.3899 s
Elapsed time is 0.033724 seconds.
Data saved at t = 3.4 s
Elapsed time is 0.033632 seconds.
Data saved at t = 3.41 s
Elapsed time is 0.033818 seconds.
68400 / 300000 time steps completed. t = 3.419950 s
Elapsed time is 9.083218 seconds.
Data saved at t = 3.42 s
Elapsed time is 0.034219 seconds.
Data saved at t = 3.43 s
Elapsed time is 0.042090 seconds.
Data saved at t = 3.44 s
Elapsed time is 0.034513 seconds.
Data saved at t = 3.45 s
Elapsed time is 0.033742 seconds.
Data saved at t = 3.46 s
Elapsed time is 0.033074 seconds.
Data saved at t = 3.47 s
Elapsed time is 0.033892 seconds.
69600 / 300000 time steps completed. t = 3.479950 s
Elapsed time is 9.087525 seconds.
Data saved at t = 3.4799 s
Elapsed time is 0.033484 seconds.
Data saved at t = 3.4899 s
Elapsed time is 0.033436 seconds.
Data saved at t = 3.4999 s
Elapsed time is 0.034004 seconds.
Data saved at t = 3.5099 s
Elapsed time is 0.033673 seconds.
Data saved at t = 3.52 s
Elapsed time is 0.033717 seconds.
Data saved at t = 3.5299 s
Elapsed time is 0.033409 seconds.
70800 / 300000 time steps completed. t = 3.539950 s
Elapsed time is 9.070714 seconds.
Data saved at t = 3.54 s
Elapsed time is 0.033362 seconds.
Data saved at t = 3.5499 s
Elapsed time is 0.032937 seconds.
Data saved at t = 3.56 s
Elapsed time is 0.032127 seconds.
Data saved at t = 3.5699 s
Elapsed time is 0.037067 seconds.
Data saved at t = 3.58 s
Elapsed time is 0.033208 seconds.
Data saved at t = 3.59 s
Elapsed time is 0.033132 seconds.
72000 / 300000 time steps completed. t = 3.599950 s
Elapsed time is 9.064353 seconds.
Data saved at t = 3.6 s
Elapsed time is 0.033658 seconds.
Data saved at t = 3.6099 s
Elapsed time is 0.033407 seconds.
Data saved at t = 3.6199 s
Elapsed time is 0.033700 seconds.
Data saved at t = 3.63 s
Elapsed time is 0.033307 seconds.
Data saved at t = 3.6399 s
Elapsed time is 0.033612 seconds.
Data saved at t = 3.65 s
Elapsed time is 0.033734 seconds.
73200 / 300000 time steps completed. t = 3.659950 s
Elapsed time is 9.081824 seconds.
Data saved at t = 3.6599 s
Elapsed time is 0.033841 seconds.
Data saved at t = 3.67 s
Elapsed time is 0.033725 seconds.
Data saved at t = 3.68 s
Elapsed time is 0.033759 seconds.
Data saved at t = 3.69 s
Elapsed time is 0.033956 seconds.
Data saved at t = 3.7 s
Elapsed time is 0.033502 seconds.
Data saved at t = 3.71 s
Elapsed time is 0.033440 seconds.
74400 / 300000 time steps completed. t = 3.719950 s
Elapsed time is 9.063143 seconds.
Data saved at t = 3.72 s
Elapsed time is 0.033330 seconds.
Data saved at t = 3.73 s
Elapsed time is 0.032858 seconds.
Data saved at t = 3.7399 s
Elapsed time is 0.034694 seconds.
Data saved at t = 3.7499 s
Elapsed time is 0.033805 seconds.
Data saved at t = 3.7599 s
Elapsed time is 0.033494 seconds.
Data saved at t = 3.7699 s
Elapsed time is 0.034235 seconds.
75600 / 300000 time steps completed. t = 3.779950 s
Elapsed time is 9.017875 seconds.
Data saved at t = 3.7799 s
Elapsed time is 0.033488 seconds.
Data saved at t = 3.79 s
Elapsed time is 0.034621 seconds.
Data saved at t = 3.7999 s
Elapsed time is 0.033738 seconds.
Data saved at t = 3.81 s
Elapsed time is 0.033976 seconds.
Data saved at t = 3.8199 s
Elapsed time is 0.033576 seconds.
Data saved at t = 3.83 s
Elapsed time is 0.033304 seconds.
76800 / 300000 time steps completed. t = 3.839950 s
Elapsed time is 9.079159 seconds.
Data saved at t = 3.8399 s
Elapsed time is 0.033190 seconds.
Data saved at t = 3.85 s
Elapsed time is 0.033126 seconds.
Data saved at t = 3.86 s
Elapsed time is 0.034000 seconds.
Data saved at t = 3.87 s
Elapsed time is 0.034038 seconds.
Data saved at t = 3.8799 s
Elapsed time is 0.033206 seconds.
Data saved at t = 3.8899 s
Elapsed time is 0.033577 seconds.
78000 / 300000 time steps completed. t = 3.899950 s
Elapsed time is 9.074848 seconds.
Data saved at t = 3.9 s
Elapsed time is 0.033707 seconds.
Data saved at t = 3.9099 s
Elapsed time is 0.033420 seconds.
Data saved at t = 3.92 s
Elapsed time is 0.032625 seconds.
Data saved at t = 3.9299 s
Elapsed time is 0.033078 seconds.
Data saved at t = 3.94 s
Elapsed time is 0.033520 seconds.
Data saved at t = 3.9499 s
Elapsed time is 0.036337 seconds.
79200 / 300000 time steps completed. t = 3.959950 s
Elapsed time is 9.076060 seconds.
Data saved at t = 3.96 s
Elapsed time is 0.032922 seconds.
Data saved at t = 3.97 s
Elapsed time is 0.033211 seconds.
Data saved at t = 3.98 s
Elapsed time is 0.033601 seconds.
Data saved at t = 3.99 s
Elapsed time is 0.032977 seconds.
Data saved at t = 4 s
Elapsed time is 0.033060 seconds.
Data saved at t = 4.0099 s
Elapsed time is 0.033760 seconds.
80400 / 300000 time steps completed. t = 4.019950 s
Elapsed time is 9.059638 seconds.
Data saved at t = 4.0199 s
Elapsed time is 0.033341 seconds.
Data saved at t = 4.0299 s
Elapsed time is 0.033305 seconds.
Data saved at t = 4.04 s
Elapsed time is 0.033560 seconds.
Data saved at t = 4.0499 s
Elapsed time is 0.034388 seconds.
Data saved at t = 4.0599 s
Elapsed time is 0.033953 seconds.
Data saved at t = 4.07 s
Elapsed time is 0.034297 seconds.
81600 / 300000 time steps completed. t = 4.079950 s
Elapsed time is 9.070697 seconds.
Data saved at t = 4.08 s
Elapsed time is 0.032121 seconds.
Data saved at t = 4.0899 s
Elapsed time is 0.035513 seconds.
Data saved at t = 4.0999 s
Elapsed time is 0.033805 seconds.
Data saved at t = 4.11 s
Elapsed time is 0.033335 seconds.
Data saved at t = 4.12 s
Elapsed time is 0.034365 seconds.
Data saved at t = 4.13 s
Elapsed time is 0.033131 seconds.
82800 / 300000 time steps completed. t = 4.139950 s
Elapsed time is 9.071277 seconds.
Data saved at t = 4.14 s
Elapsed time is 0.033707 seconds.
Data saved at t = 4.1499 s
Elapsed time is 0.033939 seconds.
Data saved at t = 4.1599 s
Elapsed time is 0.033321 seconds.
Data saved at t = 4.17 s
Elapsed time is 0.033598 seconds.
Data saved at t = 4.1799 s
Elapsed time is 0.033624 seconds.
Data saved at t = 4.1899 s
Elapsed time is 0.033111 seconds.
84000 / 300000 time steps completed. t = 4.199950 s
Elapsed time is 9.073495 seconds.
Data saved at t = 4.2 s
Elapsed time is 0.033563 seconds.
Data saved at t = 4.21 s
Elapsed time is 0.035199 seconds.
Data saved at t = 4.2199 s
Elapsed time is 0.033165 seconds.
Data saved at t = 4.23 s
Elapsed time is 0.033829 seconds.
Data saved at t = 4.24 s
Elapsed time is 0.034358 seconds.
Data saved at t = 4.25 s
Elapsed time is 0.033846 seconds.
85200 / 300000 time steps completed. t = 4.259950 s
Elapsed time is 9.084958 seconds.
Data saved at t = 4.2599 s
Elapsed time is 0.033128 seconds.
Data saved at t = 4.27 s
Elapsed time is 0.034215 seconds.
Data saved at t = 4.2799 s
Elapsed time is 0.033572 seconds.
Data saved at t = 4.29 s
Elapsed time is 0.033528 seconds.
Data saved at t = 4.2999 s
Elapsed time is 0.033389 seconds.
Data saved at t = 4.3099 s
Elapsed time is 0.033352 seconds.
86400 / 300000 time steps completed. t = 4.319950 s
Elapsed time is 9.066559 seconds.
Data saved at t = 4.3199 s
Elapsed time is 0.033183 seconds.
Data saved at t = 4.33 s
Elapsed time is 0.033965 seconds.
Data saved at t = 4.3399 s
Elapsed time is 0.033348 seconds.
Data saved at t = 4.3499 s
Elapsed time is 0.034354 seconds.
Data saved at t = 4.36 s
Elapsed time is 0.033851 seconds.
Data saved at t = 4.37 s
Elapsed time is 0.033641 seconds.
87600 / 300000 time steps completed. t = 4.379950 s
Elapsed time is 9.075896 seconds.
Data saved at t = 4.38 s
Elapsed time is 0.033653 seconds.
Data saved at t = 4.3899 s
Elapsed time is 0.033894 seconds.
Data saved at t = 4.4 s
Elapsed time is 0.037514 seconds.
Data saved at t = 4.41 s
Elapsed time is 0.033781 seconds.
Data saved at t = 4.42 s
Elapsed time is 0.033679 seconds.
Data saved at t = 4.4299 s
Elapsed time is 0.035476 seconds.
88800 / 300000 time steps completed. t = 4.439950 s
Elapsed time is 9.035545 seconds.
Data saved at t = 4.4399 s
Elapsed time is 0.035064 seconds.
Data saved at t = 4.45 s
Elapsed time is 0.033609 seconds.
Data saved at t = 4.46 s
Elapsed time is 0.033237 seconds.
Data saved at t = 4.4699 s
Elapsed time is 0.033017 seconds.
Data saved at t = 4.4799 s
Elapsed time is 0.033498 seconds.
Data saved at t = 4.49 s
Elapsed time is 0.033819 seconds.
90000 / 300000 time steps completed. t = 4.499950 s
Elapsed time is 9.080966 seconds.
Data saved at t = 4.5 s
Elapsed time is 0.032542 seconds.
Data saved at t = 4.5099 s
Elapsed time is 0.037171 seconds.
Data saved at t = 4.52 s
Elapsed time is 0.033840 seconds.
Data saved at t = 4.53 s
Elapsed time is 0.034460 seconds.
Data saved at t = 4.54 s
Elapsed time is 0.033206 seconds.
Data saved at t = 4.5499 s
Elapsed time is 0.033365 seconds.
91200 / 300000 time steps completed. t = 4.559950 s
Elapsed time is 9.077180 seconds.
Data saved at t = 4.5599 s
Elapsed time is 0.033608 seconds.
Data saved at t = 4.5699 s
Elapsed time is 0.033736 seconds.
Data saved at t = 4.58 s
Elapsed time is 0.034221 seconds.
Data saved at t = 4.5899 s
Elapsed time is 0.033265 seconds.
Data saved at t = 4.5999 s
Elapsed time is 0.033991 seconds.
Data saved at t = 4.61 s
Elapsed time is 0.033413 seconds.
92400 / 300000 time steps completed. t = 4.619950 s
Elapsed time is 9.073171 seconds.
Data saved at t = 4.62 s
Elapsed time is 0.033887 seconds.
Data saved at t = 4.63 s
Elapsed time is 0.033801 seconds.
Data saved at t = 4.6399 s
Elapsed time is 0.034141 seconds.
Data saved at t = 4.65 s
Elapsed time is 0.033725 seconds.
Data saved at t = 4.66 s
Elapsed time is 0.033857 seconds.
Data saved at t = 4.67 s
Elapsed time is 0.033895 seconds.
93600 / 300000 time steps completed. t = 4.679950 s
Elapsed time is 9.079739 seconds.
Data saved at t = 4.68 s
Elapsed time is 0.033599 seconds.
Data saved at t = 4.6899 s
Elapsed time is 0.033675 seconds.
Data saved at t = 4.6999 s
Elapsed time is 0.034310 seconds.
Data saved at t = 4.71 s
Elapsed time is 0.033249 seconds.
Data saved at t = 4.7199 s
Elapsed time is 0.033418 seconds.
Data saved at t = 4.7299 s
Elapsed time is 0.033748 seconds.
94800 / 300000 time steps completed. t = 4.739950 s
Elapsed time is 9.070025 seconds.
Data saved at t = 4.74 s
Elapsed time is 0.033377 seconds.
Data saved at t = 4.75 s
Elapsed time is 0.034105 seconds.
Data saved at t = 4.7599 s
Elapsed time is 0.033619 seconds.
Data saved at t = 4.7699 s
Elapsed time is 0.042189 seconds.
Data saved at t = 4.78 s
Elapsed time is 0.033244 seconds.
Data saved at t = 4.79 s
Elapsed time is 0.034483 seconds.
96000 / 300000 time steps completed. t = 4.799950 s
Elapsed time is 9.072331 seconds.
Data saved at t = 4.7999 s
Elapsed time is 0.033837 seconds.
Data saved at t = 4.81 s
Elapsed time is 0.034822 seconds.
Data saved at t = 4.8199 s
Elapsed time is 0.033346 seconds.
Data saved at t = 4.83 s
Elapsed time is 0.034381 seconds.
Data saved at t = 4.8399 s
Elapsed time is 0.034127 seconds.
Data saved at t = 4.8499 s
Elapsed time is 0.033380 seconds.
97200 / 300000 time steps completed. t = 4.859950 s
Elapsed time is 9.066315 seconds.
Data saved at t = 4.8599 s
Elapsed time is 0.033452 seconds.
Data saved at t = 4.87 s
Elapsed time is 0.034104 seconds.
Data saved at t = 4.88 s
Elapsed time is 0.033440 seconds.
Data saved at t = 4.8899 s
Elapsed time is 0.033313 seconds.
Data saved at t = 4.9 s
Elapsed time is 0.033334 seconds.
Data saved at t = 4.91 s
Elapsed time is 0.033244 seconds.
98400 / 300000 time steps completed. t = 4.919950 s
Elapsed time is 9.062811 seconds.
Data saved at t = 4.92 s
Elapsed time is 0.032906 seconds.
Data saved at t = 4.9299 s
Elapsed time is 0.033248 seconds.
Data saved at t = 4.94 s
Elapsed time is 0.033744 seconds.
Data saved at t = 4.95 s
Elapsed time is 0.033841 seconds.
Data saved at t = 4.96 s
Elapsed time is 0.033829 seconds.
Data saved at t = 4.9699 s
Elapsed time is 0.033267 seconds.
99600 / 300000 time steps completed. t = 4.979950 s
Elapsed time is 9.076874 seconds.
Data saved at t = 4.9799 s
Elapsed time is 0.033548 seconds.
Data saved at t = 4.99 s
Elapsed time is 0.032968 seconds.
Data saved at t = 5 s
Elapsed time is 0.034306 seconds.
Data saved at t = 5.0099 s
Elapsed time is 0.032934 seconds.
Data saved at t = 5.0199 s
Elapsed time is 0.033016 seconds.
Data saved at t = 5.03 s
Elapsed time is 0.032702 seconds.
100800 / 300000 time steps completed. t = 5.039950 s
Elapsed time is 8.529884 seconds.
Data saved at t = 5.04 s
Elapsed time is 0.032412 seconds.
Data saved at t = 5.0499 s
Elapsed time is 0.032500 seconds.
Data saved at t = 5.06 s
Elapsed time is 0.032371 seconds.
Data saved at t = 5.07 s
Elapsed time is 0.033129 seconds.
Data saved at t = 5.08 s
Elapsed time is 0.032571 seconds.
Data saved at t = 5.0899 s
Elapsed time is 0.033534 seconds.
102000 / 300000 time steps completed. t = 5.099950 s
Elapsed time is 8.571963 seconds.
Data saved at t = 5.0999 s
Elapsed time is 0.031333 seconds.
Data saved at t = 5.1099 s
Elapsed time is 0.036755 seconds.
Data saved at t = 5.12 s
Elapsed time is 0.031673 seconds.
Data saved at t = 5.13 s
Elapsed time is 0.036565 seconds.
Data saved at t = 5.1399 s
Elapsed time is 0.032125 seconds.
Data saved at t = 5.1499 s
Elapsed time is 0.032412 seconds.
103200 / 300000 time steps completed. t = 5.159950 s
Elapsed time is 8.553617 seconds.
Data saved at t = 5.16 s
Elapsed time is 0.036597 seconds.
Data saved at t = 5.17 s
Elapsed time is 0.032639 seconds.
Data saved at t = 5.1799 s
Elapsed time is 0.031827 seconds.
Data saved at t = 5.19 s
Elapsed time is 0.031942 seconds.
Data saved at t = 5.2 s
Elapsed time is 0.031694 seconds.
Data saved at t = 5.21 s
Elapsed time is 0.033183 seconds.
104400 / 300000 time steps completed. t = 5.219950 s
Elapsed time is 8.551407 seconds.
Data saved at t = 5.22 s
Elapsed time is 0.031797 seconds.
Data saved at t = 5.2299 s
Elapsed time is 0.032276 seconds.
Data saved at t = 5.2399 s
Elapsed time is 0.032669 seconds.
Data saved at t = 5.25 s
Elapsed time is 0.033840 seconds.
Data saved at t = 5.2599 s
Elapsed time is 0.031332 seconds.
Data saved at t = 5.2699 s
Elapsed time is 0.032843 seconds.
105600 / 300000 time steps completed. t = 5.279950 s
Elapsed time is 8.593514 seconds.
Data saved at t = 5.28 s
Elapsed time is 0.032077 seconds.
Data saved at t = 5.29 s
Elapsed time is 0.032211 seconds.
Data saved at t = 5.2999 s
Elapsed time is 0.031719 seconds.
Data saved at t = 5.3099 s
Elapsed time is 0.032236 seconds.
Data saved at t = 5.32 s
Elapsed time is 0.032509 seconds.
Data saved at t = 5.33 s
Elapsed time is 0.036855 seconds.
106800 / 300000 time steps completed. t = 5.339950 s
Elapsed time is 8.545935 seconds.
Data saved at t = 5.3399 s
Elapsed time is 0.032196 seconds.
Data saved at t = 5.35 s
Elapsed time is 0.032729 seconds.
Data saved at t = 5.3599 s
Elapsed time is 0.031834 seconds.
Data saved at t = 5.37 s
Elapsed time is 0.034363 seconds.
Data saved at t = 5.38 s
Elapsed time is 0.032279 seconds.
Data saved at t = 5.3899 s
Elapsed time is 0.031412 seconds.
108000 / 300000 time steps completed. t = 5.399950 s
Elapsed time is 8.518551 seconds.
Data saved at t = 5.3999 s
Elapsed time is 0.031468 seconds.
Data saved at t = 5.41 s
Elapsed time is 0.032463 seconds.
Data saved at t = 5.42 s
Elapsed time is 0.031657 seconds.
Data saved at t = 5.4299 s
Elapsed time is 0.032839 seconds.
Data saved at t = 5.44 s
Elapsed time is 0.031372 seconds.
Data saved at t = 5.45 s
Elapsed time is 0.032583 seconds.
109200 / 300000 time steps completed. t = 5.459950 s
Elapsed time is 8.519567 seconds.
Data saved at t = 5.46 s
Elapsed time is 0.031955 seconds.
Data saved at t = 5.4699 s
Elapsed time is 0.032169 seconds.
Data saved at t = 5.48 s
Elapsed time is 0.031920 seconds.
Data saved at t = 5.49 s
Elapsed time is 0.031779 seconds.
Data saved at t = 5.5 s
Elapsed time is 0.032096 seconds.
Data saved at t = 5.5099 s
Elapsed time is 0.032412 seconds.
110400 / 300000 time steps completed. t = 5.519950 s
Elapsed time is 8.486845 seconds.
Data saved at t = 5.52 s
Elapsed time is 0.031130 seconds.
Data saved at t = 5.5299 s
Elapsed time is 0.040116 seconds.
Data saved at t = 5.54 s
Elapsed time is 0.031631 seconds.
Data saved at t = 5.5499 s
Elapsed time is 0.033442 seconds.
Data saved at t = 5.5599 s
Elapsed time is 0.032043 seconds.
Data saved at t = 5.57 s
Elapsed time is 0.031728 seconds.
111600 / 300000 time steps completed. t = 5.579950 s
Elapsed time is 8.567436 seconds.
Data saved at t = 5.5799 s
Elapsed time is 0.031436 seconds.
Data saved at t = 5.5899 s
Elapsed time is 0.031485 seconds.
Data saved at t = 5.5999 s
Elapsed time is 0.032435 seconds.
Data saved at t = 5.61 s
Elapsed time is 0.031353 seconds.
Data saved at t = 5.6199 s
Elapsed time is 0.032594 seconds.
Data saved at t = 5.63 s
Elapsed time is 0.031721 seconds.
112800 / 300000 time steps completed. t = 5.639950 s
Elapsed time is 8.518843 seconds.
Data saved at t = 5.6399 s
Elapsed time is 0.031493 seconds.
Data saved at t = 5.65 s
Elapsed time is 0.031727 seconds.
Data saved at t = 5.66 s
Elapsed time is 0.033607 seconds.
Data saved at t = 5.67 s
Elapsed time is 0.031319 seconds.
Data saved at t = 5.6799 s
Elapsed time is 0.031108 seconds.
Data saved at t = 5.69 s
Elapsed time is 0.031263 seconds.
114000 / 300000 time steps completed. t = 5.699950 s
Elapsed time is 8.490048 seconds.
Data saved at t = 5.7 s
Elapsed time is 0.031201 seconds.
Data saved at t = 5.7099 s
Elapsed time is 0.036996 seconds.
Data saved at t = 5.7199 s
Elapsed time is 0.033099 seconds.
Data saved at t = 5.7299 s
Elapsed time is 0.032765 seconds.
Data saved at t = 5.74 s
Elapsed time is 0.034110 seconds.
Data saved at t = 5.75 s
Elapsed time is 0.032129 seconds.
115200 / 300000 time steps completed. t = 5.759950 s
Elapsed time is 8.528652 seconds.
Data saved at t = 5.7599 s
Elapsed time is 0.031128 seconds.
Data saved at t = 5.7699 s
Elapsed time is 0.031930 seconds.
Data saved at t = 5.78 s
Elapsed time is 0.033197 seconds.
Data saved at t = 5.79 s
Elapsed time is 0.031968 seconds.
Data saved at t = 5.8 s
Elapsed time is 0.033420 seconds.
Data saved at t = 5.8099 s
Elapsed time is 0.030659 seconds.
116400 / 300000 time steps completed. t = 5.819950 s
Elapsed time is 8.500420 seconds.
Data saved at t = 5.82 s
Elapsed time is 0.032019 seconds.
Data saved at t = 5.83 s
Elapsed time is 0.032222 seconds.
Data saved at t = 5.8399 s
Elapsed time is 0.031380 seconds.
Data saved at t = 5.8499 s
Elapsed time is 0.031580 seconds.
Data saved at t = 5.8599 s
Elapsed time is 0.032449 seconds.
Data saved at t = 5.87 s
Elapsed time is 0.033055 seconds.
117600 / 300000 time steps completed. t = 5.879950 s
Elapsed time is 8.517402 seconds.
Data saved at t = 5.88 s
Elapsed time is 0.031639 seconds.
Data saved at t = 5.89 s
Elapsed time is 0.032455 seconds.
Data saved at t = 5.8999 s
Elapsed time is 0.032663 seconds.
Data saved at t = 5.91 s
Elapsed time is 0.032157 seconds.
Data saved at t = 5.92 s
Elapsed time is 0.032757 seconds.
Data saved at t = 5.93 s
Elapsed time is 0.035591 seconds.
118800 / 300000 time steps completed. t = 5.939950 s
Elapsed time is 8.561503 seconds.
Data saved at t = 5.9399 s
Elapsed time is 0.032800 seconds.
Data saved at t = 5.95 s
Elapsed time is 0.032209 seconds.
Data saved at t = 5.96 s
Elapsed time is 0.031918 seconds.
Data saved at t = 5.9699 s
Elapsed time is 0.034150 seconds.
Data saved at t = 5.98 s
Elapsed time is 0.032437 seconds.
Data saved at t = 5.9899 s
Elapsed time is 0.031745 seconds.
120000 / 300000 time steps completed. t = 5.999950 s
Elapsed time is 8.525100 seconds.
Data saved at t = 6 s
Elapsed time is 0.032722 seconds.
Data saved at t = 6.0099 s
Elapsed time is 0.033057 seconds.
Data saved at t = 6.02 s
Elapsed time is 0.032616 seconds.
Data saved at t = 6.0299 s
Elapsed time is 0.031620 seconds.
Data saved at t = 6.04 s
Elapsed time is 0.032260 seconds.
Data saved at t = 6.0499 s
Elapsed time is 0.031815 seconds.
121200 / 300000 time steps completed. t = 6.059950 s
Elapsed time is 8.543473 seconds.
Data saved at t = 6.06 s
Elapsed time is 0.031667 seconds.
Data saved at t = 6.0699 s
Elapsed time is 0.034025 seconds.
Data saved at t = 6.08 s
Elapsed time is 0.031600 seconds.
Data saved at t = 6.0899 s
Elapsed time is 0.032272 seconds.
Data saved at t = 6.0999 s
Elapsed time is 0.032228 seconds.
Data saved at t = 6.11 s
Elapsed time is 0.032593 seconds.
122400 / 300000 time steps completed. t = 6.119950 s
Elapsed time is 8.574015 seconds.
Data saved at t = 6.1199 s
Elapsed time is 0.032172 seconds.
Data saved at t = 6.13 s
Elapsed time is 0.031581 seconds.
Data saved at t = 6.1399 s
Elapsed time is 0.031944 seconds.
Data saved at t = 6.15 s
Elapsed time is 0.032042 seconds.
Data saved at t = 6.1599 s
Elapsed time is 0.031291 seconds.
Data saved at t = 6.17 s
Elapsed time is 0.033196 seconds.
123600 / 300000 time steps completed. t = 6.179950 s
Elapsed time is 8.524833 seconds.
Data saved at t = 6.1799 s
Elapsed time is 0.031790 seconds.
Data saved at t = 6.19 s
Elapsed time is 0.032068 seconds.
Data saved at t = 6.2 s
Elapsed time is 0.032276 seconds.
Data saved at t = 6.21 s
Elapsed time is 0.032164 seconds.
Data saved at t = 6.2199 s
Elapsed time is 0.032415 seconds.
Data saved at t = 6.23 s
Elapsed time is 0.032001 seconds.
124800 / 300000 time steps completed. t = 6.239950 s
Elapsed time is 8.523596 seconds.
Data saved at t = 6.24 s
Elapsed time is 0.036694 seconds.
Data saved at t = 6.2499 s
Elapsed time is 0.033168 seconds.
Data saved at t = 6.2599 s
Elapsed time is 0.032371 seconds.
Data saved at t = 6.2699 s
Elapsed time is 0.033117 seconds.
Data saved at t = 6.28 s
Elapsed time is 0.032217 seconds.
Data saved at t = 6.2899 s
Elapsed time is 0.044607 seconds.
126000 / 300000 time steps completed. t = 6.299950 s
Elapsed time is 8.556268 seconds.
Data saved at t = 6.2999 s
Elapsed time is 0.032258 seconds.
Data saved at t = 6.3099 s
Elapsed time is 0.033055 seconds.
Data saved at t = 6.32 s
Elapsed time is 0.033006 seconds.
Data saved at t = 6.33 s
Elapsed time is 0.032290 seconds.
Data saved at t = 6.34 s
Elapsed time is 0.032268 seconds.
Data saved at t = 6.3499 s
Elapsed time is 0.032100 seconds.
127200 / 300000 time steps completed. t = 6.359950 s
Elapsed time is 8.552327 seconds.
Data saved at t = 6.36 s
Elapsed time is 0.032768 seconds.
Data saved at t = 6.37 s
Elapsed time is 0.031669 seconds.
Data saved at t = 6.3799 s
Elapsed time is 0.032903 seconds.
Data saved at t = 6.3899 s
Elapsed time is 0.032131 seconds.
Data saved at t = 6.3999 s
Elapsed time is 0.032591 seconds.
Data saved at t = 6.41 s
Elapsed time is 0.032786 seconds.
128400 / 300000 time steps completed. t = 6.419950 s
Elapsed time is 8.557011 seconds.
Data saved at t = 6.42 s
Elapsed time is 0.032997 seconds.
Data saved at t = 6.43 s
Elapsed time is 0.033775 seconds.
Data saved at t = 6.4399 s
Elapsed time is 0.036399 seconds.
Data saved at t = 6.45 s
Elapsed time is 0.033296 seconds.
Data saved at t = 6.46 s
Elapsed time is 0.032289 seconds.
Data saved at t = 6.47 s
Elapsed time is 0.031894 seconds.
129600 / 300000 time steps completed. t = 6.479950 s
Elapsed time is 8.537050 seconds.
Data saved at t = 6.4799 s
Elapsed time is 0.032230 seconds.
Data saved at t = 6.49 s
Elapsed time is 0.032270 seconds.
Data saved at t = 6.5 s
Elapsed time is 0.032852 seconds.
Data saved at t = 6.5099 s
Elapsed time is 0.032100 seconds.
Data saved at t = 6.5199 s
Elapsed time is 0.031675 seconds.
Data saved at t = 6.5299 s
Elapsed time is 0.032296 seconds.
130800 / 300000 time steps completed. t = 6.539950 s
Elapsed time is 8.534867 seconds.
Data saved at t = 6.54 s
Elapsed time is 0.032562 seconds.
Data saved at t = 6.5499 s
Elapsed time is 0.033303 seconds.
Data saved at t = 6.56 s
Elapsed time is 0.031620 seconds.
Data saved at t = 6.5699 s
Elapsed time is 0.032791 seconds.
Data saved at t = 6.58 s
Elapsed time is 0.032464 seconds.
Data saved at t = 6.5899 s
Elapsed time is 0.032576 seconds.
132000 / 300000 time steps completed. t = 6.599950 s
Elapsed time is 8.528187 seconds.
Data saved at t = 6.6 s
Elapsed time is 0.031547 seconds.
Data saved at t = 6.6099 s
Elapsed time is 0.032176 seconds.
Data saved at t = 6.62 s
Elapsed time is 0.032507 seconds.
Data saved at t = 6.63 s
Elapsed time is 0.032809 seconds.
Data saved at t = 6.6399 s
Elapsed time is 0.033610 seconds.
Data saved at t = 6.65 s
Elapsed time is 0.031965 seconds.
133200 / 300000 time steps completed. t = 6.659950 s
Elapsed time is 8.521234 seconds.
Data saved at t = 6.6599 s
Elapsed time is 0.036625 seconds.
Data saved at t = 6.67 s
Elapsed time is 0.031947 seconds.
Data saved at t = 6.6799 s
Elapsed time is 0.032535 seconds.
Data saved at t = 6.69 s
Elapsed time is 0.031920 seconds.
Data saved at t = 6.6999 s
Elapsed time is 0.032125 seconds.
Data saved at t = 6.71 s
Elapsed time is 0.031825 seconds.
134400 / 300000 time steps completed. t = 6.719950 s
Elapsed time is 8.520104 seconds.
Data saved at t = 6.7199 s
Elapsed time is 0.032015 seconds.
Data saved at t = 6.73 s
Elapsed time is 0.032957 seconds.
Data saved at t = 6.74 s
Elapsed time is 0.032513 seconds.
Data saved at t = 6.75 s
Elapsed time is 0.032332 seconds.
Data saved at t = 6.7599 s
Elapsed time is 0.031011 seconds.
Data saved at t = 6.77 s
Elapsed time is 0.034795 seconds.
135600 / 300000 time steps completed. t = 6.779950 s
Elapsed time is 8.550183 seconds.
Data saved at t = 6.78 s
Elapsed time is 0.032514 seconds.
Data saved at t = 6.7899 s
Elapsed time is 0.032361 seconds.
Data saved at t = 6.7999 s
Elapsed time is 0.031987 seconds.
Data saved at t = 6.8099 s
Elapsed time is 0.031964 seconds.
Data saved at t = 6.82 s
Elapsed time is 0.032079 seconds.
Data saved at t = 6.8299 s
Elapsed time is 0.031480 seconds.
136800 / 300000 time steps completed. t = 6.839950 s
Elapsed time is 8.521446 seconds.
Data saved at t = 6.8399 s
Elapsed time is 0.031233 seconds.
Data saved at t = 6.8499 s
Elapsed time is 0.031865 seconds.
Data saved at t = 6.86 s
Elapsed time is 0.031927 seconds.
Data saved at t = 6.87 s
Elapsed time is 0.030796 seconds.
Data saved at t = 6.88 s
Elapsed time is 0.032078 seconds.
Data saved at t = 6.8899 s
Elapsed time is 0.032148 seconds.
138000 / 300000 time steps completed. t = 6.899950 s
Elapsed time is 8.541071 seconds.
Data saved at t = 6.9 s
Elapsed time is 0.031275 seconds.
Data saved at t = 6.91 s
Elapsed time is 0.032401 seconds.
Data saved at t = 6.9199 s
Elapsed time is 0.032085 seconds.
Data saved at t = 6.9299 s
Elapsed time is 0.031602 seconds.
Data saved at t = 6.9399 s
Elapsed time is 0.031854 seconds.
Data saved at t = 6.95 s
Elapsed time is 0.031682 seconds.
139200 / 300000 time steps completed. t = 6.959950 s
Elapsed time is 8.523846 seconds.
Data saved at t = 6.96 s
Elapsed time is 0.032247 seconds.
Data saved at t = 6.97 s
Elapsed time is 0.031888 seconds.
Data saved at t = 6.9799 s
Elapsed time is 0.033830 seconds.
Data saved at t = 6.99 s
Elapsed time is 0.032608 seconds.
Data saved at t = 7 s
Elapsed time is 0.033815 seconds.
Data saved at t = 7.01 s
Elapsed time is 0.031488 seconds.
140400 / 300000 time steps completed. t = 7.019950 s
Elapsed time is 8.516953 seconds.
Data saved at t = 7.0199 s
Elapsed time is 0.031218 seconds.
Data saved at t = 7.03 s
Elapsed time is 0.031749 seconds.
Data saved at t = 7.04 s
Elapsed time is 0.032312 seconds.
Data saved at t = 7.0499 s
Elapsed time is 0.031841 seconds.
Data saved at t = 7.0599 s
Elapsed time is 0.031902 seconds.
Data saved at t = 7.0699 s
Elapsed time is 0.032604 seconds.
141600 / 300000 time steps completed. t = 7.079950 s
Elapsed time is 8.517092 seconds.
Data saved at t = 7.08 s
Elapsed time is 0.031433 seconds.
Data saved at t = 7.0899 s
Elapsed time is 0.032101 seconds.
Data saved at t = 7.1 s
Elapsed time is 0.031625 seconds.
Data saved at t = 7.1099 s
Elapsed time is 0.032143 seconds.
Data saved at t = 7.12 s
Elapsed time is 0.031957 seconds.
Data saved at t = 7.13 s
Elapsed time is 0.031604 seconds.
142800 / 300000 time steps completed. t = 7.139950 s
Elapsed time is 8.523444 seconds.
Data saved at t = 7.14 s
Elapsed time is 0.033725 seconds.
Data saved at t = 7.1499 s
Elapsed time is 0.032136 seconds.
Data saved at t = 7.16 s
Elapsed time is 0.033146 seconds.
Data saved at t = 7.17 s
Elapsed time is 0.032157 seconds.
Data saved at t = 7.1799 s
Elapsed time is 0.031833 seconds.
Data saved at t = 7.19 s
Elapsed time is 0.033476 seconds.
144000 / 300000 time steps completed. t = 7.199950 s
Elapsed time is 8.478707 seconds.
Data saved at t = 7.1999 s
Elapsed time is 0.031957 seconds.
Data saved at t = 7.21 s
Elapsed time is 0.032580 seconds.
Data saved at t = 7.2199 s
Elapsed time is 0.032580 seconds.
Data saved at t = 7.23 s
Elapsed time is 0.032094 seconds.
Data saved at t = 7.2399 s
Elapsed time is 0.032164 seconds.
Data saved at t = 7.25 s
Elapsed time is 0.032828 seconds.
145200 / 300000 time steps completed. t = 7.259950 s
Elapsed time is 8.600592 seconds.
Data saved at t = 7.2599 s
Elapsed time is 0.032775 seconds.
Data saved at t = 7.27 s
Elapsed time is 0.031547 seconds.
Data saved at t = 7.2799 s
Elapsed time is 0.031236 seconds.
Data saved at t = 7.29 s
Elapsed time is 0.031698 seconds.
Data saved at t = 7.2999 s
Elapsed time is 0.032498 seconds.
Data saved at t = 7.31 s
Elapsed time is 0.031603 seconds.
146400 / 300000 time steps completed. t = 7.319950 s
Elapsed time is 8.517506 seconds.
Data saved at t = 7.32 s
Elapsed time is 0.031888 seconds.
Data saved at t = 7.3299 s
Elapsed time is 0.032776 seconds.
Data saved at t = 7.3399 s
Elapsed time is 0.033090 seconds.
Data saved at t = 7.3499 s
Elapsed time is 0.031903 seconds.
Data saved at t = 7.36 s
Elapsed time is 0.031690 seconds.
Data saved at t = 7.3699 s
Elapsed time is 0.032802 seconds.
147600 / 300000 time steps completed. t = 7.379950 s
Elapsed time is 8.540568 seconds.
Data saved at t = 7.38 s
Elapsed time is 0.031766 seconds.
Data saved at t = 7.3899 s
Elapsed time is 0.031685 seconds.
Data saved at t = 7.4 s
Elapsed time is 0.032390 seconds.
Data saved at t = 7.41 s
Elapsed time is 0.032390 seconds.
Data saved at t = 7.42 s
Elapsed time is 0.031621 seconds.
Data saved at t = 7.4299 s
Elapsed time is 0.032578 seconds.
148800 / 300000 time steps completed. t = 7.439950 s
Elapsed time is 8.540157 seconds.
Data saved at t = 7.44 s
Elapsed time is 0.032887 seconds.
Data saved at t = 7.45 s
Elapsed time is 0.031964 seconds.
Data saved at t = 7.4599 s
Elapsed time is 0.032938 seconds.
Data saved at t = 7.4699 s
Elapsed time is 0.032110 seconds.
Data saved at t = 7.4799 s
Elapsed time is 0.032446 seconds.
Data saved at t = 7.49 s
Elapsed time is 0.032175 seconds.
150000 / 300000 time steps completed. t = 7.499950 s
Elapsed time is 8.535652 seconds.
Data saved at t = 7.5 s
Elapsed time is 0.032056 seconds.
Data saved at t = 7.5099 s
Elapsed time is 0.032949 seconds.
Data saved at t = 7.5199 s
Elapsed time is 0.032685 seconds.
Data saved at t = 7.53 s
Elapsed time is 0.031791 seconds.
Data saved at t = 7.54 s
Elapsed time is 0.032163 seconds.
Data saved at t = 7.55 s
Elapsed time is 0.032739 seconds.
151200 / 300000 time steps completed. t = 7.559950 s
Elapsed time is 8.546511 seconds.
Data saved at t = 7.5599 s
Elapsed time is 0.033236 seconds.
Data saved at t = 7.57 s
Elapsed time is 0.031912 seconds.
Data saved at t = 7.58 s
Elapsed time is 0.033563 seconds.
Data saved at t = 7.5899 s
Elapsed time is 0.032251 seconds.
Data saved at t = 7.5999 s
Elapsed time is 0.031549 seconds.
Data saved at t = 7.6099 s
Elapsed time is 0.033147 seconds.
152400 / 300000 time steps completed. t = 7.619950 s
Elapsed time is 8.953367 seconds.
Data saved at t = 7.62 s
Elapsed time is 0.033319 seconds.
Data saved at t = 7.63 s
Elapsed time is 0.038044 seconds.
Data saved at t = 7.64 s
Elapsed time is 0.033185 seconds.
Data saved at t = 7.6499 s
Elapsed time is 0.032397 seconds.
Data saved at t = 7.66 s
Elapsed time is 0.034066 seconds.
Data saved at t = 7.67 s
Elapsed time is 0.033608 seconds.
153600 / 300000 time steps completed. t = 7.679950 s
Elapsed time is 9.080100 seconds.
Data saved at t = 7.68 s
Elapsed time is 0.033501 seconds.
Data saved at t = 7.6899 s
Elapsed time is 0.034327 seconds.
Data saved at t = 7.7 s
Elapsed time is 0.034746 seconds.
Data saved at t = 7.71 s
Elapsed time is 0.033236 seconds.
Data saved at t = 7.7199 s
Elapsed time is 0.033745 seconds.
Data saved at t = 7.73 s
Elapsed time is 0.033159 seconds.
154800 / 300000 time steps completed. t = 7.739950 s
Elapsed time is 9.087206 seconds.
Data saved at t = 7.7399 s
Elapsed time is 0.033811 seconds.
Data saved at t = 7.75 s
Elapsed time is 0.034637 seconds.
Data saved at t = 7.7599 s
Elapsed time is 0.033273 seconds.
Data saved at t = 7.77 s
Elapsed time is 0.033353 seconds.
Data saved at t = 7.7799 s
Elapsed time is 0.035965 seconds.
Data saved at t = 7.79 s
Elapsed time is 0.034553 seconds.
156000 / 300000 time steps completed. t = 7.799950 s
Elapsed time is 9.069303 seconds.
Data saved at t = 7.7999 s
Elapsed time is 0.041580 seconds.
Data saved at t = 7.81 s
Elapsed time is 0.034677 seconds.
Data saved at t = 7.8199 s
Elapsed time is 0.033223 seconds.
Data saved at t = 7.83 s
Elapsed time is 0.033477 seconds.
Data saved at t = 7.8399 s
Elapsed time is 0.034027 seconds.
Data saved at t = 7.8499 s
Elapsed time is 0.032963 seconds.
157200 / 300000 time steps completed. t = 7.859950 s
Elapsed time is 9.073805 seconds.
Data saved at t = 7.86 s
Elapsed time is 0.033490 seconds.
Data saved at t = 7.8699 s
Elapsed time is 0.035200 seconds.
Data saved at t = 7.88 s
Elapsed time is 0.033294 seconds.
Data saved at t = 7.8899 s
Elapsed time is 0.033900 seconds.
Data saved at t = 7.9 s
Elapsed time is 0.033130 seconds.
Data saved at t = 7.9099 s
Elapsed time is 0.033501 seconds.
158400 / 300000 time steps completed. t = 7.919950 s
Elapsed time is 9.085212 seconds.
Data saved at t = 7.92 s
Elapsed time is 0.032754 seconds.
Data saved at t = 7.9299 s
Elapsed time is 0.034192 seconds.
Data saved at t = 7.94 s
Elapsed time is 0.033786 seconds.
Data saved at t = 7.95 s
Elapsed time is 0.033050 seconds.
Data saved at t = 7.96 s
Elapsed time is 0.035951 seconds.
Data saved at t = 7.9699 s
Elapsed time is 0.033200 seconds.
159600 / 300000 time steps completed. t = 7.979950 s
Elapsed time is 9.085560 seconds.
Data saved at t = 7.98 s
Elapsed time is 0.033257 seconds.
Data saved at t = 7.99 s
Elapsed time is 0.033297 seconds.
Data saved at t = 7.9999 s
Elapsed time is 0.033775 seconds.
Data saved at t = 8.0099 s
Elapsed time is 0.033470 seconds.
Data saved at t = 8.0199 s
Elapsed time is 0.033551 seconds.
Data saved at t = 8.0299 s
Elapsed time is 0.033163 seconds.
160800 / 300000 time steps completed. t = 8.039950 s
Elapsed time is 9.070135 seconds.
Data saved at t = 8.0399 s
Elapsed time is 0.035495 seconds.
Data saved at t = 8.05 s
Elapsed time is 0.032659 seconds.
Data saved at t = 8.06 s
Elapsed time is 0.034689 seconds.
Data saved at t = 8.07 s
Elapsed time is 0.033530 seconds.
Data saved at t = 8.08 s
Elapsed time is 0.033271 seconds.
Data saved at t = 8.0899 s
Elapsed time is 0.033814 seconds.
162000 / 300000 time steps completed. t = 8.099950 s
Elapsed time is 9.075469 seconds.
Data saved at t = 8.0999 s
Elapsed time is 0.034077 seconds.
Data saved at t = 8.11 s
Elapsed time is 0.036378 seconds.
Data saved at t = 8.1199 s
Elapsed time is 0.033549 seconds.
Data saved at t = 8.1299 s
Elapsed time is 0.034150 seconds.
Data saved at t = 8.14 s
Elapsed time is 0.033390 seconds.
Data saved at t = 8.1499 s
Elapsed time is 0.036017 seconds.
163200 / 300000 time steps completed. t = 8.159950 s
Elapsed time is 9.102386 seconds.
Data saved at t = 8.16 s
Elapsed time is 0.033344 seconds.
Data saved at t = 8.17 s
Elapsed time is 0.033687 seconds.
Data saved at t = 8.1799 s
Elapsed time is 0.033327 seconds.
Data saved at t = 8.1899 s
Elapsed time is 0.034385 seconds.
Data saved at t = 8.2 s
Elapsed time is 0.033471 seconds.
Data saved at t = 8.2099 s
Elapsed time is 0.033052 seconds.
164400 / 300000 time steps completed. t = 8.219950 s
Elapsed time is 9.081474 seconds.
Data saved at t = 8.22 s
Elapsed time is 0.032952 seconds.
Data saved at t = 8.23 s
Elapsed time is 0.034192 seconds.
Data saved at t = 8.24 s
Elapsed time is 0.033857 seconds.
Data saved at t = 8.25 s
Elapsed time is 0.034186 seconds.
Data saved at t = 8.2599 s
Elapsed time is 0.033678 seconds.
Data saved at t = 8.2699 s
Elapsed time is 0.035113 seconds.
165600 / 300000 time steps completed. t = 8.279950 s
Elapsed time is 9.075270 seconds.
Data saved at t = 8.2799 s
Elapsed time is 0.033847 seconds.
Data saved at t = 8.29 s
Elapsed time is 0.133116 seconds.
Data saved at t = 8.2999 s
Elapsed time is 0.033737 seconds.
Data saved at t = 8.31 s
Elapsed time is 0.033402 seconds.
Data saved at t = 8.32 s
Elapsed time is 0.033964 seconds.
Data saved at t = 8.33 s
Elapsed time is 0.033353 seconds.
166800 / 300000 time steps completed. t = 8.339950 s
Elapsed time is 9.086011 seconds.
Data saved at t = 8.3399 s
Elapsed time is 0.033372 seconds.
Data saved at t = 8.3499 s
Elapsed time is 0.033568 seconds.
Data saved at t = 8.3599 s
Elapsed time is 0.033486 seconds.
Data saved at t = 8.37 s
Elapsed time is 0.033138 seconds.
Data saved at t = 8.38 s
Elapsed time is 0.033664 seconds.
Data saved at t = 8.3899 s
Elapsed time is 0.036119 seconds.
168000 / 300000 time steps completed. t = 8.399950 s
Elapsed time is 9.084195 seconds.
Data saved at t = 8.4 s
Elapsed time is 0.033492 seconds.
Data saved at t = 8.41 s
Elapsed time is 0.033513 seconds.
Data saved at t = 8.42 s
Elapsed time is 0.033336 seconds.
Data saved at t = 8.4299 s
Elapsed time is 0.036286 seconds.
Data saved at t = 8.4399 s
Elapsed time is 0.033748 seconds.
Data saved at t = 8.4499 s
Elapsed time is 0.033354 seconds.
169200 / 300000 time steps completed. t = 8.459950 s
Elapsed time is 9.059410 seconds.
Data saved at t = 8.46 s
Elapsed time is 0.033877 seconds.
Data saved at t = 8.4699 s
Elapsed time is 0.034425 seconds.
Data saved at t = 8.48 s
Elapsed time is 0.033542 seconds.
Data saved at t = 8.49 s
Elapsed time is 0.034019 seconds.
Data saved at t = 8.5 s
Elapsed time is 0.033460 seconds.
Data saved at t = 8.5099 s
Elapsed time is 0.033545 seconds.
170400 / 300000 time steps completed. t = 8.519950 s
Elapsed time is 9.076796 seconds.
Data saved at t = 8.52 s
Elapsed time is 0.033158 seconds.
Data saved at t = 8.5299 s
Elapsed time is 0.034181 seconds.
Data saved at t = 8.5399 s
Elapsed time is 0.033814 seconds.
Data saved at t = 8.55 s
Elapsed time is 0.033242 seconds.
Data saved at t = 8.5599 s
Elapsed time is 0.033148 seconds.
Data saved at t = 8.57 s
Elapsed time is 0.032830 seconds.
171600 / 300000 time steps completed. t = 8.579950 s
Elapsed time is 9.078923 seconds.
Data saved at t = 8.58 s
Elapsed time is 0.034570 seconds.
Data saved at t = 8.5899 s
Elapsed time is 0.033454 seconds.
Data saved at t = 8.5999 s
Elapsed time is 0.033439 seconds.
Data saved at t = 8.61 s
Elapsed time is 0.033503 seconds.
Data saved at t = 8.6199 s
Elapsed time is 0.034834 seconds.
Data saved at t = 8.63 s
Elapsed time is 0.035063 seconds.
172800 / 300000 time steps completed. t = 8.639950 s
Elapsed time is 9.082860 seconds.
Data saved at t = 8.64 s
Elapsed time is 0.033160 seconds.
Data saved at t = 8.65 s
Elapsed time is 0.035588 seconds.
Data saved at t = 8.66 s
Elapsed time is 0.033054 seconds.
Data saved at t = 8.67 s
Elapsed time is 0.033861 seconds.
Data saved at t = 8.6799 s
Elapsed time is 0.033691 seconds.
Data saved at t = 8.6899 s
Elapsed time is 0.033890 seconds.
174000 / 300000 time steps completed. t = 8.699950 s
Elapsed time is 9.077610 seconds.
Data saved at t = 8.6999 s
Elapsed time is 0.033679 seconds.
Data saved at t = 8.7099 s
Elapsed time is 0.032170 seconds.
Data saved at t = 8.72 s
Elapsed time is 0.033319 seconds.
Data saved at t = 8.73 s
Elapsed time is 0.033881 seconds.
Data saved at t = 8.74 s
Elapsed time is 0.034250 seconds.
Data saved at t = 8.75 s
Elapsed time is 0.034538 seconds.
175200 / 300000 time steps completed. t = 8.759950 s
Elapsed time is 9.071613 seconds.
Data saved at t = 8.7599 s
Elapsed time is 0.033580 seconds.
Data saved at t = 8.7699 s
Elapsed time is 0.033570 seconds.
Data saved at t = 8.78 s
Elapsed time is 0.033821 seconds.
Data saved at t = 8.7899 s
Elapsed time is 0.033640 seconds.
Data saved at t = 8.7999 s
Elapsed time is 0.034390 seconds.
Data saved at t = 8.81 s
Elapsed time is 0.033464 seconds.
176400 / 300000 time steps completed. t = 8.819950 s
Elapsed time is 9.176778 seconds.
Data saved at t = 8.82 s
Elapsed time is 0.034640 seconds.
Data saved at t = 8.83 s
Elapsed time is 0.033795 seconds.
Data saved at t = 8.8399 s
Elapsed time is 0.034354 seconds.
Data saved at t = 8.8499 s
Elapsed time is 0.033794 seconds.
Data saved at t = 8.8599 s
Elapsed time is 0.034384 seconds.
Data saved at t = 8.87 s
Elapsed time is 0.034407 seconds.
177600 / 300000 time steps completed. t = 8.879950 s
Elapsed time is 9.113642 seconds.
Data saved at t = 8.8799 s
Elapsed time is 0.033539 seconds.
Data saved at t = 8.89 s
Elapsed time is 0.033300 seconds.
Data saved at t = 8.9 s
Elapsed time is 0.033312 seconds.
Data saved at t = 8.91 s
Elapsed time is 0.033119 seconds.
Data saved at t = 8.92 s
Elapsed time is 0.033344 seconds.
Data saved at t = 8.9299 s
Elapsed time is 0.033804 seconds.
178800 / 300000 time steps completed. t = 8.939950 s
Elapsed time is 9.067478 seconds.
Data saved at t = 8.9399 s
Elapsed time is 0.033892 seconds.
Data saved at t = 8.9499 s
Elapsed time is 0.032882 seconds.
Data saved at t = 8.96 s
Elapsed time is 0.034040 seconds.
Data saved at t = 8.9699 s
Elapsed time is 0.033450 seconds.
Data saved at t = 8.98 s
Elapsed time is 0.034093 seconds.
Data saved at t = 8.99 s
Elapsed time is 0.033754 seconds.
180000 / 300000 time steps completed. t = 8.999950 s
Elapsed time is 9.063042 seconds.
Data saved at t = 9 s
Elapsed time is 0.033418 seconds.
Data saved at t = 9.0099 s
Elapsed time is 0.033164 seconds.
Data saved at t = 9.0199 s
Elapsed time is 0.033703 seconds.
Data saved at t = 9.0299 s
Elapsed time is 0.033511 seconds.
Data saved at t = 9.04 s
Elapsed time is 0.032770 seconds.
Data saved at t = 9.05 s
Elapsed time is 0.033162 seconds.
181200 / 300000 time steps completed. t = 9.059950 s
Elapsed time is 9.061592 seconds.
Data saved at t = 9.06 s
Elapsed time is 0.032752 seconds.
Data saved at t = 9.07 s
Elapsed time is 0.033394 seconds.
Data saved at t = 9.08 s
Elapsed time is 0.033417 seconds.
Data saved at t = 9.0899 s
Elapsed time is 0.033348 seconds.
Data saved at t = 9.0999 s
Elapsed time is 0.033623 seconds.
Data saved at t = 9.1099 s
Elapsed time is 0.034133 seconds.
182400 / 300000 time steps completed. t = 9.119950 s
Elapsed time is 9.065516 seconds.
Data saved at t = 9.1199 s
Elapsed time is 0.034475 seconds.
Data saved at t = 9.13 s
Elapsed time is 0.033458 seconds.
Data saved at t = 9.1399 s
Elapsed time is 0.034519 seconds.
Data saved at t = 9.15 s
Elapsed time is 0.032913 seconds.
Data saved at t = 9.16 s
Elapsed time is 0.034235 seconds.
Data saved at t = 9.17 s
Elapsed time is 0.034181 seconds.
183600 / 300000 time steps completed. t = 9.179950 s
Elapsed time is 9.058751 seconds.
Data saved at t = 9.1799 s
Elapsed time is 0.033764 seconds.
Data saved at t = 9.19 s
Elapsed time is 0.075856 seconds.
Data saved at t = 9.1999 s
Elapsed time is 0.033439 seconds.
Data saved at t = 9.2099 s
Elapsed time is 0.034052 seconds.
Data saved at t = 9.22 s
Elapsed time is 0.033944 seconds.
Data saved at t = 9.2299 s
Elapsed time is 0.033469 seconds.
184800 / 300000 time steps completed. t = 9.239950 s
Elapsed time is 9.089185 seconds.
Data saved at t = 9.24 s
Elapsed time is 0.034136 seconds.
Data saved at t = 9.25 s
Elapsed time is 0.033249 seconds.
Data saved at t = 9.2599 s
Elapsed time is 0.034218 seconds.
Data saved at t = 9.2699 s
Elapsed time is 0.033856 seconds.
Data saved at t = 9.28 s
Elapsed time is 0.033622 seconds.
Data saved at t = 9.2899 s
Elapsed time is 0.033409 seconds.
186000 / 300000 time steps completed. t = 9.299950 s
Elapsed time is 9.018869 seconds.
Data saved at t = 9.3 s
Elapsed time is 0.035562 seconds.
Data saved at t = 9.31 s
Elapsed time is 0.033339 seconds.
Data saved at t = 9.32 s
Elapsed time is 0.033749 seconds.
Data saved at t = 9.33 s
Elapsed time is 0.033802 seconds.
Data saved at t = 9.3399 s
Elapsed time is 0.033890 seconds.
Data saved at t = 9.3499 s
Elapsed time is 0.036221 seconds.
187200 / 300000 time steps completed. t = 9.359950 s
Elapsed time is 9.046920 seconds.
Data saved at t = 9.3599 s
Elapsed time is 0.044166 seconds.
Data saved at t = 9.37 s
Elapsed time is 0.032719 seconds.
Data saved at t = 9.3799 s
Elapsed time is 0.033141 seconds.
Data saved at t = 9.39 s
Elapsed time is 0.033559 seconds.
Data saved at t = 9.4 s
Elapsed time is 0.033903 seconds.
Data saved at t = 9.41 s
Elapsed time is 0.033283 seconds.
188400 / 300000 time steps completed. t = 9.419950 s
Elapsed time is 9.066754 seconds.
Data saved at t = 9.42 s
Elapsed time is 0.033427 seconds.
Data saved at t = 9.4299 s
Elapsed time is 0.033884 seconds.
Data saved at t = 9.4399 s
Elapsed time is 0.033477 seconds.
Data saved at t = 9.45 s
Elapsed time is 0.033848 seconds.
Data saved at t = 9.4599 s
Elapsed time is 0.033758 seconds.
Data saved at t = 9.4699 s
Elapsed time is 0.033162 seconds.
189600 / 300000 time steps completed. t = 9.479950 s
Elapsed time is 9.068293 seconds.
Data saved at t = 9.48 s
Elapsed time is 0.033186 seconds.
Data saved at t = 9.49 s
Elapsed time is 0.033340 seconds.
Data saved at t = 9.5 s
Elapsed time is 0.033341 seconds.
Data saved at t = 9.5099 s
Elapsed time is 0.035507 seconds.
Data saved at t = 9.5199 s
Elapsed time is 0.033777 seconds.
Data saved at t = 9.5299 s
Elapsed time is 0.033730 seconds.
190800 / 300000 time steps completed. t = 9.539950 s
Elapsed time is 9.072006 seconds.
Data saved at t = 9.54 s
Elapsed time is 0.033722 seconds.
Data saved at t = 9.5499 s
Elapsed time is 0.034023 seconds.
Data saved at t = 9.56 s
Elapsed time is 0.033248 seconds.
Data saved at t = 9.57 s
Elapsed time is 0.033702 seconds.
Data saved at t = 9.58 s
Elapsed time is 0.032935 seconds.
Data saved at t = 9.5899 s
Elapsed time is 0.033177 seconds.
192000 / 300000 time steps completed. t = 9.599950 s
Elapsed time is 9.079573 seconds.
Data saved at t = 9.6 s
Elapsed time is 0.033496 seconds.
Data saved at t = 9.6099 s
Elapsed time is 0.036665 seconds.
Data saved at t = 9.6199 s
Elapsed time is 0.033029 seconds.
Data saved at t = 9.63 s
Elapsed time is 0.036952 seconds.
Data saved at t = 9.6399 s
Elapsed time is 0.033574 seconds.
Data saved at t = 9.65 s
Elapsed time is 0.033489 seconds.
193200 / 300000 time steps completed. t = 9.659950 s
Elapsed time is 9.060983 seconds.
Data saved at t = 9.66 s
Elapsed time is 0.033918 seconds.
Data saved at t = 9.67 s
Elapsed time is 0.033453 seconds.
Data saved at t = 9.6799 s
Elapsed time is 0.034913 seconds.
Data saved at t = 9.6899 s
Elapsed time is 0.033326 seconds.
Data saved at t = 9.6999 s
Elapsed time is 0.033701 seconds.
Data saved at t = 9.71 s
Elapsed time is 0.033933 seconds.
194400 / 300000 time steps completed. t = 9.719950 s
Elapsed time is 9.068403 seconds.
Data saved at t = 9.72 s
Elapsed time is 0.033294 seconds.
Data saved at t = 9.73 s
Elapsed time is 0.033881 seconds.
Data saved at t = 9.74 s
Elapsed time is 0.033845 seconds.
Data saved at t = 9.75 s
Elapsed time is 0.033617 seconds.
Data saved at t = 9.7599 s
Elapsed time is 0.033268 seconds.
Data saved at t = 9.7699 s
Elapsed time is 0.033349 seconds.
195600 / 300000 time steps completed. t = 9.779950 s
Elapsed time is 9.058858 seconds.
Data saved at t = 9.7799 s
Elapsed time is 0.032875 seconds.
Data saved at t = 9.7899 s
Elapsed time is 0.033461 seconds.
Data saved at t = 9.8 s
Elapsed time is 0.033459 seconds.
Data saved at t = 9.81 s
Elapsed time is 0.032584 seconds.
Data saved at t = 9.82 s
Elapsed time is 0.036334 seconds.
Data saved at t = 9.83 s
Elapsed time is 0.033521 seconds.
196800 / 300000 time steps completed. t = 9.839950 s
Elapsed time is 9.055732 seconds.
Data saved at t = 9.8399 s
Elapsed time is 0.032853 seconds.
Data saved at t = 9.8499 s
Elapsed time is 0.032817 seconds.
Data saved at t = 9.86 s
Elapsed time is 0.033726 seconds.
Data saved at t = 9.8699 s
Elapsed time is 0.033551 seconds.
Data saved at t = 9.8799 s
Elapsed time is 0.033386 seconds.
Data saved at t = 9.89 s
Elapsed time is 0.033484 seconds.
198000 / 300000 time steps completed. t = 9.899950 s
Elapsed time is 9.053386 seconds.
Data saved at t = 9.8999 s
Elapsed time is 0.033174 seconds.
Data saved at t = 9.91 s
Elapsed time is 0.033028 seconds.
Data saved at t = 9.92 s
Elapsed time is 0.035104 seconds.
Data saved at t = 9.9299 s
Elapsed time is 0.033830 seconds.
Data saved at t = 9.9399 s
Elapsed time is 0.033669 seconds.
Data saved at t = 9.95 s
Elapsed time is 0.033076 seconds.
199200 / 300000 time steps completed. t = 9.959950 s
Elapsed time is 9.005571 seconds.
Data saved at t = 9.9599 s
Elapsed time is 0.032843 seconds.
Data saved at t = 9.97 s
Elapsed time is 0.041168 seconds.
Data saved at t = 9.98 s
Elapsed time is 0.034105 seconds.
Data saved at t = 9.99 s
Elapsed time is 0.051732 seconds.
Data saved at t = 10 s
Elapsed time is 0.033796 seconds.
Data saved at t = 10.0099 s
Elapsed time is 0.033959 seconds.
200400 / 300000 time steps completed. t = 10.019950 s
Elapsed time is 9.056780 seconds.
Data saved at t = 10.0199 s
Elapsed time is 0.033432 seconds.
Data saved at t = 10.0299 s
Elapsed time is 0.033765 seconds.
Data saved at t = 10.04 s
Elapsed time is 0.127747 seconds.
Data saved at t = 10.0499 s
Elapsed time is 0.034658 seconds.
Data saved at t = 10.06 s
Elapsed time is 0.033450 seconds.
Data saved at t = 10.07 s
Elapsed time is 0.035174 seconds.
201600 / 300000 time steps completed. t = 10.079950 s
Elapsed time is 9.638090 seconds.
Data saved at t = 10.08 s
Elapsed time is 0.034389 seconds.
Data saved at t = 10.0899 s
Elapsed time is 0.035484 seconds.
Data saved at t = 10.0999 s
Elapsed time is 0.034364 seconds.
Data saved at t = 10.1099 s
Elapsed time is 0.067646 seconds.
Data saved at t = 10.12 s
Elapsed time is 0.035533 seconds.
Data saved at t = 10.13 s
Elapsed time is 0.033493 seconds.
202800 / 300000 time steps completed. t = 10.139950 s
Elapsed time is 9.055874 seconds.
Data saved at t = 10.1399 s
Elapsed time is 0.033162 seconds.
Data saved at t = 10.15 s
Elapsed time is 0.047310 seconds.
Data saved at t = 10.16 s
Elapsed time is 0.034421 seconds.
Data saved at t = 10.17 s
Elapsed time is 0.033477 seconds.
Data saved at t = 10.1799 s
Elapsed time is 0.033041 seconds.
Data saved at t = 10.1899 s
Elapsed time is 0.034262 seconds.
204000 / 300000 time steps completed. t = 10.199950 s
Elapsed time is 9.072606 seconds.
Data saved at t = 10.1999 s
Elapsed time is 0.033649 seconds.
Data saved at t = 10.21 s
Elapsed time is 0.033494 seconds.
Data saved at t = 10.2199 s
Elapsed time is 0.033751 seconds.
Data saved at t = 10.23 s
Elapsed time is 0.033307 seconds.
Data saved at t = 10.24 s
Elapsed time is 0.033553 seconds.
Data saved at t = 10.25 s
Elapsed time is 0.033275 seconds.
205200 / 300000 time steps completed. t = 10.259950 s
Elapsed time is 9.073060 seconds.
Data saved at t = 10.2599 s
Elapsed time is 0.033996 seconds.
Data saved at t = 10.27 s
Elapsed time is 0.033163 seconds.
Data saved at t = 10.2799 s
Elapsed time is 0.033642 seconds.
Data saved at t = 10.2899 s
Elapsed time is 0.033194 seconds.
Data saved at t = 10.3 s
Elapsed time is 0.033551 seconds.
Data saved at t = 10.3099 s
Elapsed time is 0.033305 seconds.
206400 / 300000 time steps completed. t = 10.319950 s
Elapsed time is 9.179543 seconds.
Data saved at t = 10.32 s
Elapsed time is 0.033422 seconds.
Data saved at t = 10.33 s
Elapsed time is 0.034015 seconds.
Data saved at t = 10.3399 s
Elapsed time is 0.039911 seconds.
Data saved at t = 10.3499 s
Elapsed time is 0.034045 seconds.
Data saved at t = 10.36 s
Elapsed time is 0.033370 seconds.
Data saved at t = 10.3699 s
Elapsed time is 0.033787 seconds.
207600 / 300000 time steps completed. t = 10.379950 s
Elapsed time is 9.268909 seconds.
Data saved at t = 10.38 s
Elapsed time is 0.034095 seconds.
Data saved at t = 10.39 s
Elapsed time is 0.032510 seconds.
Data saved at t = 10.4 s
Elapsed time is 0.033634 seconds.
Data saved at t = 10.41 s
Elapsed time is 0.034228 seconds.
Data saved at t = 10.42 s
Elapsed time is 0.033863 seconds.
Data saved at t = 10.4299 s
Elapsed time is 0.033552 seconds.
208800 / 300000 time steps completed. t = 10.439950 s
Elapsed time is 9.089327 seconds.
Data saved at t = 10.4399 s
Elapsed time is 0.033550 seconds.
Data saved at t = 10.4499 s
Elapsed time is 0.033567 seconds.
Data saved at t = 10.4599 s
Elapsed time is 0.033393 seconds.
Data saved at t = 10.47 s
Elapsed time is 0.034010 seconds.
Data saved at t = 10.48 s
Elapsed time is 0.032941 seconds.
Data saved at t = 10.49 s
Elapsed time is 0.034060 seconds.
210000 / 300000 time steps completed. t = 10.499950 s
Elapsed time is 9.078186 seconds.
Data saved at t = 10.5 s
Elapsed time is 0.033008 seconds.
Data saved at t = 10.5099 s
Elapsed time is 0.034210 seconds.
Data saved at t = 10.5199 s
Elapsed time is 0.033353 seconds.
Data saved at t = 10.53 s
Elapsed time is 0.034086 seconds.
Data saved at t = 10.5399 s
Elapsed time is 0.033843 seconds.
Data saved at t = 10.5499 s
Elapsed time is 0.034203 seconds.
211200 / 300000 time steps completed. t = 10.559950 s
Elapsed time is 9.072414 seconds.
Data saved at t = 10.56 s
Elapsed time is 0.033569 seconds.
Data saved at t = 10.57 s
Elapsed time is 0.033325 seconds.
Data saved at t = 10.58 s
Elapsed time is 0.077386 seconds.
Data saved at t = 10.5899 s
Elapsed time is 0.034098 seconds.
Data saved at t = 10.5999 s
Elapsed time is 0.033393 seconds.
Data saved at t = 10.6099 s
Elapsed time is 0.097447 seconds.
212400 / 300000 time steps completed. t = 10.619950 s
Elapsed time is 9.138676 seconds.
Data saved at t = 10.62 s
Elapsed time is 0.033613 seconds.
Data saved at t = 10.6299 s
Elapsed time is 0.034133 seconds.
Data saved at t = 10.64 s
Elapsed time is 0.033822 seconds.
Data saved at t = 10.65 s
Elapsed time is 0.034164 seconds.
Data saved at t = 10.66 s
Elapsed time is 0.033606 seconds.
Data saved at t = 10.67 s
Elapsed time is 0.033827 seconds.
213600 / 300000 time steps completed. t = 10.679950 s
Elapsed time is 9.076665 seconds.
Data saved at t = 10.6799 s
Elapsed time is 0.033260 seconds.
Data saved at t = 10.6899 s
Elapsed time is 0.033278 seconds.
Data saved at t = 10.6999 s
Elapsed time is 0.035042 seconds.
Data saved at t = 10.71 s
Elapsed time is 0.033763 seconds.
Data saved at t = 10.7199 s
Elapsed time is 0.049787 seconds.
Data saved at t = 10.73 s
Elapsed time is 0.033725 seconds.
214800 / 300000 time steps completed. t = 10.739950 s
Elapsed time is 9.066632 seconds.
Data saved at t = 10.74 s
Elapsed time is 0.032772 seconds.
Data saved at t = 10.75 s
Elapsed time is 0.033379 seconds.
Data saved at t = 10.7599 s
Elapsed time is 0.033460 seconds.
Data saved at t = 10.7699 s
Elapsed time is 0.033945 seconds.
Data saved at t = 10.7799 s
Elapsed time is 0.033322 seconds.
Data saved at t = 10.79 s
Elapsed time is 0.033951 seconds.
216000 / 300000 time steps completed. t = 10.799950 s
Elapsed time is 9.082378 seconds.
Data saved at t = 10.8 s
Elapsed time is 0.033180 seconds.
Data saved at t = 10.81 s
Elapsed time is 0.033197 seconds.
Data saved at t = 10.82 s
Elapsed time is 0.033472 seconds.
Data saved at t = 10.83 s
Elapsed time is 0.035022 seconds.
Data saved at t = 10.8399 s
Elapsed time is 0.033393 seconds.
Data saved at t = 10.8499 s
Elapsed time is 0.033442 seconds.
217200 / 300000 time steps completed. t = 10.859950 s
Elapsed time is 9.065789 seconds.
Data saved at t = 10.8599 s
Elapsed time is 0.032670 seconds.
Data saved at t = 10.8699 s
Elapsed time is 0.033715 seconds.
Data saved at t = 10.88 s
Elapsed time is 0.033252 seconds.
Data saved at t = 10.89 s
Elapsed time is 0.033482 seconds.
Data saved at t = 10.9 s
Elapsed time is 0.033632 seconds.
Data saved at t = 10.91 s
Elapsed time is 0.035107 seconds.
218400 / 300000 time steps completed. t = 10.919950 s
Elapsed time is 9.071302 seconds.
Data saved at t = 10.92 s
Elapsed time is 0.033463 seconds.
Data saved at t = 10.9299 s
Elapsed time is 0.033499 seconds.
Data saved at t = 10.94 s
Elapsed time is 0.032434 seconds.
Data saved at t = 10.9499 s
Elapsed time is 0.032801 seconds.
Data saved at t = 10.9599 s
Elapsed time is 0.032388 seconds.
Data saved at t = 10.97 s
Elapsed time is 0.032230 seconds.
219600 / 300000 time steps completed. t = 10.979950 s
Elapsed time is 8.541329 seconds.
Data saved at t = 10.9799 s
Elapsed time is 0.031753 seconds.
Data saved at t = 10.99 s
Elapsed time is 0.032365 seconds.
Data saved at t = 11 s
Elapsed time is 0.032618 seconds.
Data saved at t = 11.0099 s
Elapsed time is 0.032475 seconds.
Data saved at t = 11.0199 s
Elapsed time is 0.032479 seconds.
Data saved at t = 11.03 s
Elapsed time is 0.032631 seconds.
220800 / 300000 time steps completed. t = 11.039950 s
Elapsed time is 8.544742 seconds.
Data saved at t = 11.04 s
Elapsed time is 0.032360 seconds.
Data saved at t = 11.05 s
Elapsed time is 0.032378 seconds.
Data saved at t = 11.06 s
Elapsed time is 0.031948 seconds.
Data saved at t = 11.0699 s
Elapsed time is 0.033153 seconds.
Data saved at t = 11.08 s
Elapsed time is 0.032959 seconds.
Data saved at t = 11.0899 s
Elapsed time is 0.032532 seconds.
222000 / 300000 time steps completed. t = 11.099950 s
Elapsed time is 8.542919 seconds.
Data saved at t = 11.0999 s
Elapsed time is 0.033778 seconds.
Data saved at t = 11.1099 s
Elapsed time is 0.032432 seconds.
Data saved at t = 11.1199 s
Elapsed time is 0.032429 seconds.
Data saved at t = 11.13 s
Elapsed time is 0.031603 seconds.
Data saved at t = 11.14 s
Elapsed time is 0.031993 seconds.
Data saved at t = 11.15 s
Elapsed time is 0.031917 seconds.
223200 / 300000 time steps completed. t = 11.159950 s
Elapsed time is 8.542638 seconds.
Data saved at t = 11.1599 s
Elapsed time is 0.031488 seconds.
Data saved at t = 11.17 s
Elapsed time is 0.032712 seconds.
Data saved at t = 11.1799 s
Elapsed time is 0.032149 seconds.
Data saved at t = 11.1899 s
Elapsed time is 0.031603 seconds.
Data saved at t = 11.1999 s
Elapsed time is 0.031129 seconds.
Data saved at t = 11.21 s
Elapsed time is 0.032260 seconds.
224400 / 300000 time steps completed. t = 11.219950 s
Elapsed time is 8.532167 seconds.
Data saved at t = 11.22 s
Elapsed time is 0.031234 seconds.
Data saved at t = 11.23 s
Elapsed time is 0.032126 seconds.
Data saved at t = 11.24 s
Elapsed time is 0.031556 seconds.
Data saved at t = 11.2499 s
Elapsed time is 0.031912 seconds.
Data saved at t = 11.26 s
Elapsed time is 0.032133 seconds.
Data saved at t = 11.2699 s
Elapsed time is 0.031573 seconds.
225600 / 300000 time steps completed. t = 11.279950 s
Elapsed time is 8.538693 seconds.
Data saved at t = 11.2799 s
Elapsed time is 0.031513 seconds.
Data saved at t = 11.2899 s
Elapsed time is 0.031650 seconds.
Data saved at t = 11.3 s
Elapsed time is 0.031503 seconds.
Data saved at t = 11.31 s
Elapsed time is 0.032797 seconds.
Data saved at t = 11.32 s
Elapsed time is 0.032590 seconds.
Data saved at t = 11.33 s
Elapsed time is 0.032049 seconds.
226800 / 300000 time steps completed. t = 11.339950 s
Elapsed time is 8.556479 seconds.
Data saved at t = 11.34 s
Elapsed time is 0.031484 seconds.
Data saved at t = 11.35 s
Elapsed time is 0.032336 seconds.
Data saved at t = 11.3599 s
Elapsed time is 0.032242 seconds.
Data saved at t = 11.3699 s
Elapsed time is 0.031479 seconds.
Data saved at t = 11.3799 s
Elapsed time is 0.031725 seconds.
Data saved at t = 11.39 s
Elapsed time is 0.033132 seconds.
228000 / 300000 time steps completed. t = 11.399950 s
Elapsed time is 8.559297 seconds.
Data saved at t = 11.4 s
Elapsed time is 0.031799 seconds.
Data saved at t = 11.41 s
Elapsed time is 0.229302 seconds.
Data saved at t = 11.4199 s
Elapsed time is 0.032584 seconds.
Data saved at t = 11.43 s
Elapsed time is 0.036727 seconds.
Data saved at t = 11.4399 s
Elapsed time is 0.031781 seconds.
Data saved at t = 11.4499 s
Elapsed time is 0.040373 seconds.
229200 / 300000 time steps completed. t = 11.459950 s
Elapsed time is 8.557258 seconds.
Data saved at t = 11.4599 s
Elapsed time is 0.032110 seconds.
Data saved at t = 11.47 s
Elapsed time is 0.032920 seconds.
Data saved at t = 11.48 s
Elapsed time is 0.032276 seconds.
Data saved at t = 11.49 s
Elapsed time is 0.031907 seconds.
Data saved at t = 11.5 s
Elapsed time is 0.342036 seconds.
Data saved at t = 11.5099 s
Elapsed time is 0.033361 seconds.
230400 / 300000 time steps completed. t = 11.519950 s
Elapsed time is 8.530941 seconds.
Data saved at t = 11.52 s
Elapsed time is 0.033763 seconds.
Data saved at t = 11.5299 s
Elapsed time is 0.032139 seconds.
Data saved at t = 11.5399 s
Elapsed time is 0.033249 seconds.
Data saved at t = 11.5499 s
Elapsed time is 0.031772 seconds.
Data saved at t = 11.56 s
Elapsed time is 0.032229 seconds.
Data saved at t = 11.57 s
Elapsed time is 0.032026 seconds.
231600 / 300000 time steps completed. t = 11.579950 s
Elapsed time is 8.543610 seconds.
Data saved at t = 11.58 s
Elapsed time is 0.032809 seconds.
Data saved at t = 11.5899 s
Elapsed time is 0.031719 seconds.
Data saved at t = 11.6 s
Elapsed time is 0.032295 seconds.
Data saved at t = 11.61 s
Elapsed time is 0.032711 seconds.
Data saved at t = 11.6199 s
Elapsed time is 0.033305 seconds.
Data saved at t = 11.6299 s
Elapsed time is 0.032046 seconds.
232800 / 300000 time steps completed. t = 11.639950 s
Elapsed time is 8.552334 seconds.
Data saved at t = 11.6399 s
Elapsed time is 0.033190 seconds.
Data saved at t = 11.65 s
Elapsed time is 0.031760 seconds.
Data saved at t = 11.66 s
Elapsed time is 0.031702 seconds.
Data saved at t = 11.67 s
Elapsed time is 0.032012 seconds.
Data saved at t = 11.6799 s
Elapsed time is 0.032416 seconds.
Data saved at t = 11.69 s
Elapsed time is 0.031823 seconds.
234000 / 300000 time steps completed. t = 11.699950 s
Elapsed time is 8.559206 seconds.
Data saved at t = 11.7 s
Elapsed time is 0.032094 seconds.
Data saved at t = 11.7099 s
Elapsed time is 0.031782 seconds.
Data saved at t = 11.7199 s
Elapsed time is 0.032868 seconds.
Data saved at t = 11.73 s
Elapsed time is 0.033017 seconds.
Data saved at t = 11.74 s
Elapsed time is 0.031400 seconds.
Data saved at t = 11.75 s
Elapsed time is 0.033082 seconds.
235200 / 300000 time steps completed. t = 11.759950 s
Elapsed time is 8.504867 seconds.
Data saved at t = 11.7599 s
Elapsed time is 0.032009 seconds.
Data saved at t = 11.7699 s
Elapsed time is 0.032101 seconds.
Data saved at t = 11.78 s
Elapsed time is 0.032516 seconds.
Data saved at t = 11.79 s
Elapsed time is 0.031453 seconds.
Data saved at t = 11.7999 s
Elapsed time is 0.031916 seconds.
Data saved at t = 11.8099 s
Elapsed time is 0.032644 seconds.
236400 / 300000 time steps completed. t = 11.819950 s
Elapsed time is 8.552489 seconds.
Data saved at t = 11.82 s
Elapsed time is 0.032973 seconds.
Data saved at t = 11.83 s
Elapsed time is 0.032406 seconds.
Data saved at t = 11.8399 s
Elapsed time is 0.032917 seconds.
Data saved at t = 11.8499 s
Elapsed time is 0.032415 seconds.
Data saved at t = 11.86 s
Elapsed time is 0.032778 seconds.
Data saved at t = 11.87 s
Elapsed time is 0.032133 seconds.
237600 / 300000 time steps completed. t = 11.879950 s
Elapsed time is 8.596016 seconds.
Data saved at t = 11.88 s
Elapsed time is 0.032724 seconds.
Data saved at t = 11.8899 s
Elapsed time is 0.031701 seconds.
Data saved at t = 11.8999 s
Elapsed time is 0.032332 seconds.
Data saved at t = 11.91 s
Elapsed time is 0.033332 seconds.
Data saved at t = 11.92 s
Elapsed time is 0.032392 seconds.
Data saved at t = 11.9299 s
Elapsed time is 0.032240 seconds.
238800 / 300000 time steps completed. t = 11.939950 s
Elapsed time is 8.542504 seconds.
Data saved at t = 11.9399 s
Elapsed time is 0.032670 seconds.
Data saved at t = 11.95 s
Elapsed time is 0.031656 seconds.
Data saved at t = 11.96 s
Elapsed time is 0.031935 seconds.
Data saved at t = 11.9699 s
Elapsed time is 0.031463 seconds.
Data saved at t = 11.9799 s
Elapsed time is 0.031792 seconds.
Data saved at t = 11.99 s
Elapsed time is 0.032568 seconds.
240000 / 300000 time steps completed. t = 11.999950 s
Elapsed time is 8.528191 seconds.
Data saved at t = 12 s
Elapsed time is 0.032544 seconds.
Data saved at t = 12.0099 s
Elapsed time is 0.031857 seconds.
Data saved at t = 12.0199 s
Elapsed time is 0.032804 seconds.
Data saved at t = 12.0299 s
Elapsed time is 0.032608 seconds.
Data saved at t = 12.04 s
Elapsed time is 0.032874 seconds.
Data saved at t = 12.05 s
Elapsed time is 0.032708 seconds.
241200 / 300000 time steps completed. t = 12.059950 s
Elapsed time is 8.556964 seconds.
Data saved at t = 12.0599 s
Elapsed time is 0.032126 seconds.
Data saved at t = 12.0699 s
Elapsed time is 0.032222 seconds.
Data saved at t = 12.08 s
Elapsed time is 0.032536 seconds.
Data saved at t = 12.0899 s
Elapsed time is 0.032435 seconds.
Data saved at t = 12.0999 s
Elapsed time is 0.032083 seconds.
Data saved at t = 12.1099 s
Elapsed time is 0.032198 seconds.
242400 / 300000 time steps completed. t = 12.119950 s
Elapsed time is 8.525058 seconds.
Data saved at t = 12.12 s
Elapsed time is 0.032668 seconds.
Data saved at t = 12.13 s
Elapsed time is 0.032410 seconds.
Data saved at t = 12.14 s
Elapsed time is 0.032997 seconds.
Data saved at t = 12.1499 s
Elapsed time is 0.217322 seconds.
Data saved at t = 12.16 s
Elapsed time is 0.032553 seconds.
Data saved at t = 12.17 s
Elapsed time is 0.032191 seconds.
243600 / 300000 time steps completed. t = 12.179950 s
Elapsed time is 8.536367 seconds.
Data saved at t = 12.1799 s
Elapsed time is 0.032546 seconds.
Data saved at t = 12.1899 s
Elapsed time is 0.033725 seconds.
Data saved at t = 12.1999 s
Elapsed time is 0.032664 seconds.
Data saved at t = 12.21 s
Elapsed time is 0.043335 seconds.
Data saved at t = 12.22 s
Elapsed time is 0.032084 seconds.
Data saved at t = 12.23 s
Elapsed time is 0.032690 seconds.
244800 / 300000 time steps completed. t = 12.239950 s
Elapsed time is 8.552843 seconds.
Data saved at t = 12.2399 s
Elapsed time is 0.032012 seconds.
Data saved at t = 12.25 s
Elapsed time is 0.032498 seconds.
Data saved at t = 12.2599 s
Elapsed time is 0.031785 seconds.
Data saved at t = 12.2699 s
Elapsed time is 0.031516 seconds.
Data saved at t = 12.2799 s
Elapsed time is 0.033041 seconds.
Data saved at t = 12.29 s
Elapsed time is 0.033294 seconds.
246000 / 300000 time steps completed. t = 12.299950 s
Elapsed time is 8.535705 seconds.
Data saved at t = 12.3 s
Elapsed time is 0.032021 seconds.
Data saved at t = 12.31 s
Elapsed time is 0.032521 seconds.
Data saved at t = 12.32 s
Elapsed time is 0.032055 seconds.
Data saved at t = 12.3299 s
Elapsed time is 0.032501 seconds.
Data saved at t = 12.34 s
Elapsed time is 0.034469 seconds.
Data saved at t = 12.3499 s
Elapsed time is 0.032146 seconds.
247200 / 300000 time steps completed. t = 12.359950 s
Elapsed time is 8.503874 seconds.
Data saved at t = 12.3599 s
Elapsed time is 0.032172 seconds.
Data saved at t = 12.3699 s
Elapsed time is 0.031916 seconds.
Data saved at t = 12.38 s
Elapsed time is 0.032305 seconds.
Data saved at t = 12.39 s
Elapsed time is 0.031899 seconds.
Data saved at t = 12.4 s
Elapsed time is 0.032762 seconds.
Data saved at t = 12.4099 s
Elapsed time is 0.033559 seconds.
248400 / 300000 time steps completed. t = 12.419950 s
Elapsed time is 8.518199 seconds.
Data saved at t = 12.42 s
Elapsed time is 0.032145 seconds.
Data saved at t = 12.4299 s
Elapsed time is 0.032833 seconds.
Data saved at t = 12.4399 s
Elapsed time is 0.032960 seconds.
Data saved at t = 12.4499 s
Elapsed time is 0.032125 seconds.
Data saved at t = 12.4599 s
Elapsed time is 0.031887 seconds.
Data saved at t = 12.47 s
Elapsed time is 0.032170 seconds.
249600 / 300000 time steps completed. t = 12.479950 s
Elapsed time is 8.538100 seconds.
Data saved at t = 12.48 s
Elapsed time is 0.031882 seconds.
Data saved at t = 12.49 s
Elapsed time is 0.032299 seconds.
Data saved at t = 12.4999 s
Elapsed time is 0.033124 seconds.
Data saved at t = 12.51 s
Elapsed time is 0.032013 seconds.
Data saved at t = 12.5199 s
Elapsed time is 0.031555 seconds.
Data saved at t = 12.5299 s
Elapsed time is 0.032134 seconds.
250800 / 300000 time steps completed. t = 12.539950 s
Elapsed time is 8.578907 seconds.
Data saved at t = 12.5399 s
Elapsed time is 0.033392 seconds.
Data saved at t = 12.55 s
Elapsed time is 0.032453 seconds.
Data saved at t = 12.56 s
Elapsed time is 0.031823 seconds.
Data saved at t = 12.57 s
Elapsed time is 0.031459 seconds.
Data saved at t = 12.58 s
Elapsed time is 0.032704 seconds.
Data saved at t = 12.5899 s
Elapsed time is 0.033239 seconds.
252000 / 300000 time steps completed. t = 12.599950 s
Elapsed time is 8.487271 seconds.
Data saved at t = 12.6 s
Elapsed time is 0.031730 seconds.
Data saved at t = 12.6099 s
Elapsed time is 0.032169 seconds.
Data saved at t = 12.6199 s
Elapsed time is 0.032755 seconds.
Data saved at t = 12.6299 s
Elapsed time is 0.031959 seconds.
Data saved at t = 12.64 s
Elapsed time is 0.032393 seconds.
Data saved at t = 12.65 s
Elapsed time is 0.032193 seconds.
253200 / 300000 time steps completed. t = 12.659950 s
Elapsed time is 8.536698 seconds.
Data saved at t = 12.66 s
Elapsed time is 0.033351 seconds.
Data saved at t = 12.67 s
Elapsed time is 0.032788 seconds.
Data saved at t = 12.68 s
Elapsed time is 0.031845 seconds.
Data saved at t = 12.69 s
Elapsed time is 0.032353 seconds.
Data saved at t = 12.6999 s
Elapsed time is 0.034014 seconds.
Data saved at t = 12.7099 s
Elapsed time is 0.032963 seconds.
254400 / 300000 time steps completed. t = 12.719950 s
Elapsed time is 8.533286 seconds.
Data saved at t = 12.7199 s
Elapsed time is 0.031773 seconds.
Data saved at t = 12.73 s
Elapsed time is 0.032993 seconds.
Data saved at t = 12.74 s
Elapsed time is 0.031344 seconds.
Data saved at t = 12.75 s
Elapsed time is 0.032533 seconds.
Data saved at t = 12.7599 s
Elapsed time is 0.032505 seconds.
Data saved at t = 12.77 s
Elapsed time is 0.033192 seconds.
255600 / 300000 time steps completed. t = 12.779950 s
Elapsed time is 8.525862 seconds.
Data saved at t = 12.78 s
Elapsed time is 0.031839 seconds.
Data saved at t = 12.7899 s
Elapsed time is 0.032268 seconds.
Data saved at t = 12.7999 s
Elapsed time is 0.032222 seconds.
Data saved at t = 12.81 s
Elapsed time is 0.033060 seconds.
Data saved at t = 12.82 s
Elapsed time is 0.032291 seconds.
Data saved at t = 12.83 s
Elapsed time is 0.032112 seconds.
256800 / 300000 time steps completed. t = 12.839950 s
Elapsed time is 8.577569 seconds.
Data saved at t = 12.8399 s
Elapsed time is 0.031844 seconds.
Data saved at t = 12.8499 s
Elapsed time is 0.031676 seconds.
Data saved at t = 12.86 s
Elapsed time is 0.031438 seconds.
Data saved at t = 12.87 s
Elapsed time is 0.032017 seconds.
Data saved at t = 12.8799 s
Elapsed time is 0.034421 seconds.
Data saved at t = 12.8899 s
Elapsed time is 0.031816 seconds.
258000 / 300000 time steps completed. t = 12.899950 s
Elapsed time is 8.564466 seconds.
Data saved at t = 12.9 s
Elapsed time is 0.031949 seconds.
Data saved at t = 12.91 s
Elapsed time is 0.032756 seconds.
Data saved at t = 12.92 s
Elapsed time is 0.031897 seconds.
Data saved at t = 12.9299 s
Elapsed time is 0.031758 seconds.
Data saved at t = 12.94 s
Elapsed time is 0.032815 seconds.
Data saved at t = 12.95 s
Elapsed time is 0.034043 seconds.
259200 / 300000 time steps completed. t = 12.959950 s
Elapsed time is 8.561551 seconds.
Data saved at t = 12.9599 s
Elapsed time is 0.031838 seconds.
Data saved at t = 12.9699 s
Elapsed time is 0.033442 seconds.
Data saved at t = 12.9799 s
Elapsed time is 0.032575 seconds.
Data saved at t = 12.99 s
Elapsed time is 0.031886 seconds.
Data saved at t = 13 s
Elapsed time is 0.033132 seconds.
Data saved at t = 13.0099 s
Elapsed time is 0.031981 seconds.
260400 / 300000 time steps completed. t = 13.019950 s
Elapsed time is 8.538360 seconds.
Data saved at t = 13.0199 s
Elapsed time is 0.032917 seconds.
Data saved at t = 13.03 s
Elapsed time is 0.032470 seconds.
Data saved at t = 13.04 s
Elapsed time is 0.032718 seconds.
Data saved at t = 13.0499 s
Elapsed time is 0.033412 seconds.
Data saved at t = 13.0599 s
Elapsed time is 0.032592 seconds.
Data saved at t = 13.07 s
Elapsed time is 0.033386 seconds.
261600 / 300000 time steps completed. t = 13.079950 s
Elapsed time is 8.541166 seconds.
Data saved at t = 13.08 s
Elapsed time is 0.031253 seconds.
Data saved at t = 13.0899 s
Elapsed time is 0.033073 seconds.
Data saved at t = 13.0999 s
Elapsed time is 0.032422 seconds.
Data saved at t = 13.1099 s
Elapsed time is 0.032022 seconds.
Data saved at t = 13.12 s
Elapsed time is 0.033979 seconds.
Data saved at t = 13.13 s
Elapsed time is 0.031627 seconds.
262800 / 300000 time steps completed. t = 13.139950 s
Elapsed time is 8.528917 seconds.
Data saved at t = 13.1399 s
Elapsed time is 0.031570 seconds.
Data saved at t = 13.1499 s
Elapsed time is 0.031692 seconds.
Data saved at t = 13.16 s
Elapsed time is 0.031801 seconds.
Data saved at t = 13.17 s
Elapsed time is 0.033540 seconds.
Data saved at t = 13.1799 s
Elapsed time is 0.034622 seconds.
Data saved at t = 13.1899 s
Elapsed time is 0.032519 seconds.
264000 / 300000 time steps completed. t = 13.199950 s
Elapsed time is 8.538318 seconds.
Data saved at t = 13.2 s
Elapsed time is 0.031986 seconds.
Data saved at t = 13.21 s
Elapsed time is 0.031902 seconds.
Data saved at t = 13.22 s
Elapsed time is 0.032713 seconds.
Data saved at t = 13.2299 s
Elapsed time is 0.032239 seconds.
Data saved at t = 13.2399 s
Elapsed time is 0.032863 seconds.
Data saved at t = 13.25 s
Elapsed time is 0.032332 seconds.
265200 / 300000 time steps completed. t = 13.259950 s
Elapsed time is 8.524211 seconds.
Data saved at t = 13.2599 s
Elapsed time is 0.031651 seconds.
Data saved at t = 13.2699 s
Elapsed time is 0.032387 seconds.
Data saved at t = 13.2799 s
Elapsed time is 0.031761 seconds.
Data saved at t = 13.29 s
Elapsed time is 0.032647 seconds.
Data saved at t = 13.3 s
Elapsed time is 0.031972 seconds.
Data saved at t = 13.31 s
Elapsed time is 0.031793 seconds.
266400 / 300000 time steps completed. t = 13.319950 s
Elapsed time is 8.589130 seconds.
Data saved at t = 13.3199 s
Elapsed time is 0.031233 seconds.
Data saved at t = 13.33 s
Elapsed time is 0.032145 seconds.
Data saved at t = 13.3399 s
Elapsed time is 0.035736 seconds.
Data saved at t = 13.3499 s
Elapsed time is 0.032987 seconds.
Data saved at t = 13.3599 s
Elapsed time is 0.032177 seconds.
Data saved at t = 13.37 s
Elapsed time is 0.032633 seconds.
267600 / 300000 time steps completed. t = 13.379950 s
Elapsed time is 8.541477 seconds.
Data saved at t = 13.38 s
Elapsed time is 0.068464 seconds.
Data saved at t = 13.39 s
Elapsed time is 0.032443 seconds.
Data saved at t = 13.4 s
Elapsed time is 0.032242 seconds.
Data saved at t = 13.4099 s
Elapsed time is 0.032824 seconds.
Data saved at t = 13.42 s
Elapsed time is 0.031735 seconds.
Data saved at t = 13.4299 s
Elapsed time is 0.034175 seconds.
268800 / 300000 time steps completed. t = 13.439950 s
Elapsed time is 8.558035 seconds.
Data saved at t = 13.4399 s
Elapsed time is 0.032313 seconds.
Data saved at t = 13.4499 s
Elapsed time is 0.033917 seconds.
Data saved at t = 13.46 s
Elapsed time is 0.032641 seconds.
Data saved at t = 13.47 s
Elapsed time is 0.032930 seconds.
Data saved at t = 13.48 s
Elapsed time is 0.032900 seconds.
Data saved at t = 13.4899 s
Elapsed time is 0.031747 seconds.
270000 / 300000 time steps completed. t = 13.499950 s
Elapsed time is 8.543945 seconds.
Data saved at t = 13.5 s
Elapsed time is 0.033667 seconds.
Data saved at t = 13.5099 s
Elapsed time is 0.031797 seconds.
Data saved at t = 13.5199 s
Elapsed time is 0.032524 seconds.
Data saved at t = 13.5299 s
Elapsed time is 0.032845 seconds.
Data saved at t = 13.5399 s
Elapsed time is 0.033093 seconds.
Data saved at t = 13.55 s
Elapsed time is 0.032189 seconds.
271200 / 300000 time steps completed. t = 13.559950 s
Elapsed time is 8.534722 seconds.
Data saved at t = 13.56 s
Elapsed time is 0.032108 seconds.
Data saved at t = 13.57 s
Elapsed time is 0.032070 seconds.
Data saved at t = 13.5799 s
Elapsed time is 0.033037 seconds.
Data saved at t = 13.59 s
Elapsed time is 0.033082 seconds.
Data saved at t = 13.5999 s
Elapsed time is 0.032559 seconds.
Data saved at t = 13.6099 s
Elapsed time is 0.032395 seconds.
272400 / 300000 time steps completed. t = 13.619950 s
Elapsed time is 8.541696 seconds.
Data saved at t = 13.6199 s
Elapsed time is 0.034124 seconds.
Data saved at t = 13.63 s
Elapsed time is 0.031226 seconds.
Data saved at t = 13.64 s
Elapsed time is 0.031985 seconds.
Data saved at t = 13.65 s
Elapsed time is 0.032311 seconds.
Data saved at t = 13.66 s
Elapsed time is 0.032644 seconds.
Data saved at t = 13.6699 s
Elapsed time is 0.032918 seconds.
273600 / 300000 time steps completed. t = 13.679950 s
Elapsed time is 8.535841 seconds.
Data saved at t = 13.68 s
Elapsed time is 0.031435 seconds.
Data saved at t = 13.6899 s
Elapsed time is 0.031740 seconds.
Data saved at t = 13.6999 s
Elapsed time is 0.032244 seconds.
Data saved at t = 13.7099 s
Elapsed time is 0.033308 seconds.
Data saved at t = 13.72 s
Elapsed time is 0.032338 seconds.
Data saved at t = 13.73 s
Elapsed time is 0.031477 seconds.
274800 / 300000 time steps completed. t = 13.739950 s
Elapsed time is 8.594754 seconds.
Data saved at t = 13.74 s
Elapsed time is 0.032009 seconds.
Data saved at t = 13.75 s
Elapsed time is 0.032142 seconds.
Data saved at t = 13.76 s
Elapsed time is 0.032558 seconds.
Data saved at t = 13.77 s
Elapsed time is 0.032139 seconds.
Data saved at t = 13.7799 s
Elapsed time is 0.032430 seconds.
Data saved at t = 13.7899 s
Elapsed time is 0.032473 seconds.
276000 / 300000 time steps completed. t = 13.799950 s
Elapsed time is 8.554683 seconds.
Data saved at t = 13.7999 s
Elapsed time is 0.032436 seconds.
Data saved at t = 13.81 s
Elapsed time is 0.032982 seconds.
Data saved at t = 13.82 s
Elapsed time is 0.032788 seconds.
Data saved at t = 13.83 s
Elapsed time is 0.032443 seconds.
Data saved at t = 13.8399 s
Elapsed time is 0.032488 seconds.
Data saved at t = 13.85 s
Elapsed time is 0.032616 seconds.
277200 / 300000 time steps completed. t = 13.859950 s
Elapsed time is 8.585855 seconds.
Data saved at t = 13.86 s
Elapsed time is 0.032085 seconds.
Data saved at t = 13.8699 s
Elapsed time is 0.031514 seconds.
Data saved at t = 13.8799 s
Elapsed time is 0.036339 seconds.
Data saved at t = 13.89 s
Elapsed time is 0.032660 seconds.
Data saved at t = 13.9 s
Elapsed time is 0.031787 seconds.
Data saved at t = 13.91 s
Elapsed time is 0.032855 seconds.
278400 / 300000 time steps completed. t = 13.919950 s
Elapsed time is 8.530687 seconds.
Data saved at t = 13.92 s
Elapsed time is 0.031466 seconds.
Data saved at t = 13.9299 s
Elapsed time is 0.031799 seconds.
Data saved at t = 13.94 s
Elapsed time is 0.032169 seconds.
Data saved at t = 13.9499 s
Elapsed time is 0.033034 seconds.
Data saved at t = 13.9599 s
Elapsed time is 0.034896 seconds.
Data saved at t = 13.9699 s
Elapsed time is 0.032086 seconds.
279600 / 300000 time steps completed. t = 13.979950 s
Elapsed time is 8.586489 seconds.
Data saved at t = 13.98 s
Elapsed time is 0.032988 seconds.
Data saved at t = 13.99 s
Elapsed time is 0.032417 seconds.
Data saved at t = 14 s
Elapsed time is 0.032432 seconds.
Data saved at t = 14.0099 s
Elapsed time is 0.032598 seconds.
Data saved at t = 14.02 s
Elapsed time is 0.032393 seconds.
Data saved at t = 14.03 s
Elapsed time is 0.032453 seconds.
280800 / 300000 time steps completed. t = 14.039950 s
Elapsed time is 8.550672 seconds.
Data saved at t = 14.0399 s
Elapsed time is 0.031903 seconds.
Data saved at t = 14.0499 s
Elapsed time is 0.033214 seconds.
Data saved at t = 14.0599 s
Elapsed time is 0.033960 seconds.
Data saved at t = 14.07 s
Elapsed time is 0.032316 seconds.
Data saved at t = 14.08 s
Elapsed time is 0.032652 seconds.
Data saved at t = 14.0899 s
Elapsed time is 0.032496 seconds.
282000 / 300000 time steps completed. t = 14.099950 s
Elapsed time is 8.549786 seconds.
Data saved at t = 14.0999 s
Elapsed time is 0.031882 seconds.
Data saved at t = 14.11 s
Elapsed time is 0.032877 seconds.
Data saved at t = 14.12 s
Elapsed time is 0.032882 seconds.
Data saved at t = 14.1299 s
Elapsed time is 0.033498 seconds.
Data saved at t = 14.1399 s
Elapsed time is 0.032950 seconds.
Data saved at t = 14.15 s
Elapsed time is 0.032711 seconds.
283200 / 300000 time steps completed. t = 14.159950 s
Elapsed time is 8.557971 seconds.
Data saved at t = 14.16 s
Elapsed time is 0.032827 seconds.
Data saved at t = 14.17 s
Elapsed time is 0.032023 seconds.
Data saved at t = 14.1799 s
Elapsed time is 0.031634 seconds.
Data saved at t = 14.1899 s
Elapsed time is 0.032784 seconds.
Data saved at t = 14.2 s
Elapsed time is 0.032837 seconds.
Data saved at t = 14.21 s
Elapsed time is 0.031705 seconds.
284400 / 300000 time steps completed. t = 14.219950 s
Elapsed time is 8.595125 seconds.
Data saved at t = 14.2199 s
Elapsed time is 0.032807 seconds.
Data saved at t = 14.2299 s
Elapsed time is 0.034661 seconds.
Data saved at t = 14.24 s
Elapsed time is 0.033243 seconds.
Data saved at t = 14.25 s
Elapsed time is 0.034095 seconds.
Data saved at t = 14.2599 s
Elapsed time is 0.033460 seconds.
Data saved at t = 14.2699 s
Elapsed time is 0.033454 seconds.
285600 / 300000 time steps completed. t = 14.279950 s
Elapsed time is 9.072401 seconds.
Data saved at t = 14.28 s
Elapsed time is 0.033649 seconds.
Data saved at t = 14.29 s
Elapsed time is 0.034251 seconds.
Data saved at t = 14.3 s
Elapsed time is 0.034305 seconds.
Data saved at t = 14.3099 s
Elapsed time is 0.033472 seconds.
Data saved at t = 14.3199 s
Elapsed time is 0.034015 seconds.
Data saved at t = 14.33 s
Elapsed time is 0.043255 seconds.
286800 / 300000 time steps completed. t = 14.339950 s
Elapsed time is 9.081146 seconds.
Data saved at t = 14.3399 s
Elapsed time is 0.032743 seconds.
Data saved at t = 14.3499 s
Elapsed time is 0.033233 seconds.
Data saved at t = 14.3599 s
Elapsed time is 0.035217 seconds.
Data saved at t = 14.37 s
Elapsed time is 0.034292 seconds.
Data saved at t = 14.38 s
Elapsed time is 0.033349 seconds.
Data saved at t = 14.39 s
Elapsed time is 0.033503 seconds.
288000 / 300000 time steps completed. t = 14.399950 s
Elapsed time is 9.061893 seconds.
Data saved at t = 14.3999 s
Elapsed time is 0.034060 seconds.
Data saved at t = 14.41 s
Elapsed time is 0.033185 seconds.
Data saved at t = 14.42 s
Elapsed time is 0.033941 seconds.
Data saved at t = 14.4299 s
Elapsed time is 0.033478 seconds.
Data saved at t = 14.4399 s
Elapsed time is 0.034166 seconds.
Data saved at t = 14.45 s
Elapsed time is 0.033594 seconds.
289200 / 300000 time steps completed. t = 14.459950 s
Elapsed time is 9.076147 seconds.
Data saved at t = 14.46 s
Elapsed time is 0.033328 seconds.
Data saved at t = 14.47 s
Elapsed time is 0.034261 seconds.
Data saved at t = 14.4799 s
Elapsed time is 0.033657 seconds.
Data saved at t = 14.4899 s
Elapsed time is 0.033989 seconds.
Data saved at t = 14.5 s
Elapsed time is 0.036282 seconds.
Data saved at t = 14.5099 s
Elapsed time is 0.034265 seconds.
290400 / 300000 time steps completed. t = 14.519950 s
Elapsed time is 9.062926 seconds.
Data saved at t = 14.5199 s
Elapsed time is 0.033786 seconds.
Data saved at t = 14.5299 s
Elapsed time is 0.034137 seconds.
Data saved at t = 14.54 s
Elapsed time is 0.033819 seconds.
Data saved at t = 14.55 s
Elapsed time is 0.032809 seconds.
Data saved at t = 14.56 s
Elapsed time is 0.033813 seconds.
Data saved at t = 14.5699 s
Elapsed time is 0.034570 seconds.
291600 / 300000 time steps completed. t = 14.579950 s
Elapsed time is 9.077614 seconds.
Data saved at t = 14.58 s
Elapsed time is 0.033909 seconds.
Data saved at t = 14.5899 s
Elapsed time is 0.033762 seconds.
Data saved at t = 14.5999 s
Elapsed time is 0.033487 seconds.
Data saved at t = 14.6099 s
Elapsed time is 0.033754 seconds.
Data saved at t = 14.6199 s
Elapsed time is 0.033338 seconds.
Data saved at t = 14.63 s
Elapsed time is 0.033746 seconds.
292800 / 300000 time steps completed. t = 14.639950 s
Elapsed time is 9.059719 seconds.
Data saved at t = 14.64 s
Elapsed time is 0.033492 seconds.
Data saved at t = 14.65 s
Elapsed time is 0.033415 seconds.
Data saved at t = 14.6599 s
Elapsed time is 0.034107 seconds.
Data saved at t = 14.67 s
Elapsed time is 0.033293 seconds.
Data saved at t = 14.6799 s
Elapsed time is 0.034214 seconds.
Data saved at t = 14.6899 s
Elapsed time is 0.033159 seconds.
294000 / 300000 time steps completed. t = 14.699950 s
Elapsed time is 9.062274 seconds.
Data saved at t = 14.6999 s
Elapsed time is 0.033469 seconds.
Data saved at t = 14.71 s
Elapsed time is 0.036655 seconds.
Data saved at t = 14.72 s
Elapsed time is 0.033456 seconds.
Data saved at t = 14.73 s
Elapsed time is 0.034011 seconds.
Data saved at t = 14.74 s
Elapsed time is 0.032942 seconds.
Data saved at t = 14.7499 s
Elapsed time is 0.033626 seconds.
295200 / 300000 time steps completed. t = 14.759950 s
Elapsed time is 9.052885 seconds.
Data saved at t = 14.76 s
Elapsed time is 0.033357 seconds.
Data saved at t = 14.7699 s
Elapsed time is 0.033464 seconds.
Data saved at t = 14.7799 s
Elapsed time is 0.037281 seconds.
Data saved at t = 14.7899 s
Elapsed time is 0.033368 seconds.
Data saved at t = 14.8 s
Elapsed time is 0.036113 seconds.
Data saved at t = 14.81 s
Elapsed time is 0.033012 seconds.
296400 / 300000 time steps completed. t = 14.819950 s
Elapsed time is 8.995190 seconds.
Data saved at t = 14.82 s
Elapsed time is 0.032453 seconds.
Data saved at t = 14.83 s
Elapsed time is 0.032971 seconds.
Data saved at t = 14.84 s
Elapsed time is 0.032623 seconds.
Data saved at t = 14.85 s
Elapsed time is 0.032880 seconds.
Data saved at t = 14.8599 s
Elapsed time is 0.032964 seconds.
Data saved at t = 14.8699 s
Elapsed time is 0.036127 seconds.
297600 / 300000 time steps completed. t = 14.879950 s
Elapsed time is 9.010834 seconds.
Data saved at t = 14.8799 s
Elapsed time is 0.034200 seconds.
Data saved at t = 14.89 s
Elapsed time is 0.033253 seconds.
Data saved at t = 14.9 s
Elapsed time is 0.033421 seconds.
Data saved at t = 14.91 s
Elapsed time is 0.146689 seconds.
Data saved at t = 14.9199 s
Elapsed time is 0.033172 seconds.
Data saved at t = 14.93 s
Elapsed time is 0.033436 seconds.
298800 / 300000 time steps completed. t = 14.939950 s
Elapsed time is 9.013102 seconds.
Data saved at t = 14.9399 s
Elapsed time is 0.033812 seconds.
Data saved at t = 14.9499 s
Elapsed time is 0.033006 seconds.
Data saved at t = 14.9599 s
Elapsed time is 0.034157 seconds.
Data saved at t = 14.97 s
Elapsed time is 0.033484 seconds.
Data saved at t = 14.98 s
Elapsed time is 0.032601 seconds.
Data saved at t = 14.99 s
Elapsed time is 0.033304 seconds.
300000 / 300000 time steps completed. t = 14.999950 s
Elapsed time is 9.005356 seconds.
Data saved at t = 15 s
Elapsed time is 0.065340 seconds.
[2026-07-07T16:46:43.685] error: *** JOB 36519062 ON c0704a-s20 CANCELLED AT 2026-07-07T16:46:43 DUE to SIGNAL Terminated ***
