Tue Jul  7 10:05:17 AM EDT 2026
c0704a-s10.ufhpc
Warning: X does not support locale en_US.UTF-8

fcut_dim =

    20


t_end_dim =

    15


Ldim =

     2


N =

        8000


MNOISE =

        1000


F0_noise =

    0.0250


Re_input =

     5


theta_deg =

    6.4000


rho =

        1072


mu =

    0.0067


Ca_input =

   1.0000e-03


t_save =

    0.0100

hN = 8.1465e-04 m
uN = 3.8532e-02 m/s
TN = 2.1142e-02 s
mu = 0.0067, rho = 1072.0000, gamma = 0.2593, theta = 0.1117
F2 = 0.1858, We = 0.0050, Re = 5.0000, Ca = 0.0010
fcut_noise nondim = 4.2284e-01
dx = 3.0688e-01, dt = 2.3649e-03, nsteps = 300000
Fontconfig warning: "/usr/share/fontconfig/conf.avail/05-reset-dirs-sample.conf", line 6: unknown element "reset-dirs"
Fontconfig warning: "/usr/share/fontconfig/conf.avail/05-reset-dirs-sample.conf", line 6: unknown element "reset-dirs"
Initializing white noise phases...
1 / 300000 time steps completed. t = 0.000000 s
Elapsed time is 0.585788 seconds.
Data saved at t = 0.00995 s
Elapsed time is 0.805551 seconds.
Data saved at t = 0.01995 s
Elapsed time is 0.043088 seconds.
Data saved at t = 0.02995 s
Elapsed time is 0.035738 seconds.
Data saved at t = 0.03995 s
Elapsed time is 0.036073 seconds.
Data saved at t = 0.04995 s
Elapsed time is 0.055678 seconds.
1200 / 300000 time steps completed. t = 0.059950 s
Elapsed time is 5.132727 seconds.
Data saved at t = 0.05995 s
Elapsed time is 0.100714 seconds.
Data saved at t = 0.06995 s
Elapsed time is 0.031773 seconds.
Data saved at t = 0.07995 s
Elapsed time is 0.032219 seconds.
Data saved at t = 0.08995 s
Elapsed time is 0.120359 seconds.
Data saved at t = 0.09995 s
Elapsed time is 0.033278 seconds.
Data saved at t = 0.10995 s
Elapsed time is 0.032268 seconds.
2400 / 300000 time steps completed. t = 0.119950 s
Elapsed time is 5.188104 seconds.
Data saved at t = 0.11995 s
Elapsed time is 0.043107 seconds.
Data saved at t = 0.12995 s
Elapsed time is 0.036903 seconds.
Data saved at t = 0.13995 s
Elapsed time is 0.031675 seconds.
Data saved at t = 0.14995 s
Elapsed time is 0.032118 seconds.
Data saved at t = 0.15995 s
Elapsed time is 0.030653 seconds.
Data saved at t = 0.16995 s
Elapsed time is 0.033431 seconds.
3600 / 300000 time steps completed. t = 0.179950 s
Elapsed time is 5.348621 seconds.
Data saved at t = 0.17995 s
Elapsed time is 0.031390 seconds.
Data saved at t = 0.18995 s
Elapsed time is 0.036170 seconds.
Data saved at t = 0.19995 s
Elapsed time is 0.031495 seconds.
Data saved at t = 0.20995 s
Elapsed time is 0.061572 seconds.
Data saved at t = 0.21995 s
Elapsed time is 0.043212 seconds.
Data saved at t = 0.22995 s
Elapsed time is 0.031584 seconds.
4800 / 300000 time steps completed. t = 0.239950 s
Elapsed time is 5.460849 seconds.
Data saved at t = 0.23995 s
Elapsed time is 0.031369 seconds.
Data saved at t = 0.24995 s
Elapsed time is 0.032149 seconds.
Data saved at t = 0.25995 s
Elapsed time is 0.035092 seconds.
Data saved at t = 0.26995 s
Elapsed time is 0.031427 seconds.
Data saved at t = 0.27995 s
Elapsed time is 0.035231 seconds.
Data saved at t = 0.28995 s
Elapsed time is 0.030426 seconds.
6000 / 300000 time steps completed. t = 0.299950 s
Elapsed time is 5.570995 seconds.
Data saved at t = 0.29995 s
Elapsed time is 0.042257 seconds.
Data saved at t = 0.30995 s
Elapsed time is 0.031713 seconds.
Data saved at t = 0.31995 s
Elapsed time is 0.078819 seconds.
Data saved at t = 0.32995 s
Elapsed time is 0.030631 seconds.
Data saved at t = 0.33995 s
Elapsed time is 0.031633 seconds.
Data saved at t = 0.34995 s
Elapsed time is 0.032355 seconds.
7200 / 300000 time steps completed. t = 0.359950 s
Elapsed time is 5.653018 seconds.
Data saved at t = 0.35995 s
Elapsed time is 0.036438 seconds.
Data saved at t = 0.36995 s
Elapsed time is 0.031644 seconds.
Data saved at t = 0.37995 s
Elapsed time is 0.031623 seconds.
Data saved at t = 0.38995 s
Elapsed time is 0.031246 seconds.
Data saved at t = 0.39995 s
Elapsed time is 0.031411 seconds.
Data saved at t = 0.40995 s
Elapsed time is 0.035538 seconds.
8400 / 300000 time steps completed. t = 0.419950 s
Elapsed time is 5.717483 seconds.
Data saved at t = 0.41995 s
Elapsed time is 0.031255 seconds.
Data saved at t = 0.42995 s
Elapsed time is 0.035467 seconds.
Data saved at t = 0.43995 s
Elapsed time is 0.031426 seconds.
Data saved at t = 0.44995 s
Elapsed time is 0.030730 seconds.
Data saved at t = 0.45995 s
Elapsed time is 0.032105 seconds.
Data saved at t = 0.46995 s
Elapsed time is 0.031981 seconds.
9600 / 300000 time steps completed. t = 0.479950 s
Elapsed time is 5.825456 seconds.
Data saved at t = 0.47995 s
Elapsed time is 0.035004 seconds.
Data saved at t = 0.48995 s
Elapsed time is 0.031680 seconds.
Data saved at t = 0.49995 s
Elapsed time is 0.035217 seconds.
Data saved at t = 0.50995 s
Elapsed time is 0.031391 seconds.
Data saved at t = 0.51995 s
Elapsed time is 0.032945 seconds.
Data saved at t = 0.52995 s
Elapsed time is 0.031970 seconds.
10800 / 300000 time steps completed. t = 0.539950 s
Elapsed time is 5.875966 seconds.
Data saved at t = 0.53995 s
Elapsed time is 0.031510 seconds.
Data saved at t = 0.54995 s
Elapsed time is 0.032259 seconds.
Data saved at t = 0.55995 s
Elapsed time is 0.031742 seconds.
Data saved at t = 0.56995 s
Elapsed time is 0.031717 seconds.
Data saved at t = 0.57995 s
Elapsed time is 0.031319 seconds.
Data saved at t = 0.58995 s
Elapsed time is 0.031346 seconds.
12000 / 300000 time steps completed. t = 0.599950 s
Elapsed time is 5.959993 seconds.
Data saved at t = 0.59995 s
Elapsed time is 0.059676 seconds.
Data saved at t = 0.60995 s
Elapsed time is 0.113239 seconds.
Data saved at t = 0.61995 s
Elapsed time is 0.061418 seconds.
Data saved at t = 0.62995 s
Elapsed time is 0.111784 seconds.
Data saved at t = 0.63995 s
Elapsed time is 0.033162 seconds.
Data saved at t = 0.64995 s
Elapsed time is 0.036607 seconds.
13200 / 300000 time steps completed. t = 0.659950 s
Elapsed time is 6.021221 seconds.
Data saved at t = 0.65995 s
Elapsed time is 0.033535 seconds.
Data saved at t = 0.66995 s
Elapsed time is 0.031860 seconds.
Data saved at t = 0.67995 s
Elapsed time is 0.032579 seconds.
Data saved at t = 0.68995 s
Elapsed time is 0.036050 seconds.
Data saved at t = 0.69995 s
Elapsed time is 0.032753 seconds.
Data saved at t = 0.70995 s
Elapsed time is 0.031840 seconds.
14400 / 300000 time steps completed. t = 0.719950 s
Elapsed time is 6.045448 seconds.
Data saved at t = 0.71995 s
Elapsed time is 0.031629 seconds.
Data saved at t = 0.72995 s
Elapsed time is 0.031856 seconds.
Data saved at t = 0.73995 s
Elapsed time is 0.035996 seconds.
Data saved at t = 0.74995 s
Elapsed time is 0.030914 seconds.
Data saved at t = 0.75995 s
Elapsed time is 0.036042 seconds.
Data saved at t = 0.76995 s
Elapsed time is 0.031513 seconds.
15600 / 300000 time steps completed. t = 0.779950 s
Elapsed time is 6.085511 seconds.
Data saved at t = 0.77995 s
Elapsed time is 0.149113 seconds.
Data saved at t = 0.78995 s
Elapsed time is 0.032790 seconds.
Data saved at t = 0.79995 s
Elapsed time is 0.032066 seconds.
Data saved at t = 0.80995 s
Elapsed time is 0.036069 seconds.
Data saved at t = 0.81995 s
Elapsed time is 0.032376 seconds.
Data saved at t = 0.82995 s
Elapsed time is 0.036273 seconds.
16800 / 300000 time steps completed. t = 0.839950 s
Elapsed time is 6.289615 seconds.
Data saved at t = 0.83995 s
Elapsed time is 0.031947 seconds.
Data saved at t = 0.84995 s
Elapsed time is 0.068166 seconds.
Data saved at t = 0.85995 s
Elapsed time is 0.036457 seconds.
Data saved at t = 0.86995 s
Elapsed time is 0.031256 seconds.
Data saved at t = 0.87995 s
Elapsed time is 0.032388 seconds.
Data saved at t = 0.88995 s
Elapsed time is 0.053636 seconds.
18000 / 300000 time steps completed. t = 0.899950 s
Elapsed time is 6.389505 seconds.
Data saved at t = 0.89995 s
Elapsed time is 0.032220 seconds.
Data saved at t = 0.90995 s
Elapsed time is 0.036489 seconds.
Data saved at t = 0.91995 s
Elapsed time is 0.032755 seconds.
Data saved at t = 0.92995 s
Elapsed time is 0.036021 seconds.
Data saved at t = 0.93995 s
Elapsed time is 0.033019 seconds.
Data saved at t = 0.94995 s
Elapsed time is 0.032922 seconds.
19200 / 300000 time steps completed. t = 0.959950 s
Elapsed time is 6.359058 seconds.
Data saved at t = 0.95995 s
Elapsed time is 0.037145 seconds.
Data saved at t = 0.96995 s
Elapsed time is 0.032982 seconds.
Data saved at t = 0.97995 s
Elapsed time is 0.036967 seconds.
Data saved at t = 0.98995 s
Elapsed time is 0.032624 seconds.
Data saved at t = 0.99995 s
Elapsed time is 0.032902 seconds.
Data saved at t = 1.0099 s
Elapsed time is 0.036589 seconds.
20400 / 300000 time steps completed. t = 1.019950 s
Elapsed time is 6.357869 seconds.
Data saved at t = 1.0199 s
Elapsed time is 0.032601 seconds.
Data saved at t = 1.0299 s
Elapsed time is 0.036686 seconds.
Data saved at t = 1.0399 s
Elapsed time is 0.077768 seconds.
Data saved at t = 1.0499 s
Elapsed time is 0.036486 seconds.
Data saved at t = 1.0599 s
Elapsed time is 0.031975 seconds.
Data saved at t = 1.0699 s
Elapsed time is 0.032723 seconds.
21600 / 300000 time steps completed. t = 1.079950 s
Elapsed time is 6.426022 seconds.
Data saved at t = 1.0799 s
Elapsed time is 0.036619 seconds.
Data saved at t = 1.0899 s
Elapsed time is 0.032256 seconds.
Data saved at t = 1.0999 s
Elapsed time is 0.033540 seconds.
Data saved at t = 1.1099 s
Elapsed time is 0.032455 seconds.
Data saved at t = 1.1199 s
Elapsed time is 0.032882 seconds.
Data saved at t = 1.1299 s
Elapsed time is 0.037291 seconds.
22800 / 300000 time steps completed. t = 1.139950 s
Elapsed time is 6.402125 seconds.
Data saved at t = 1.1399 s
Elapsed time is 0.031425 seconds.
Data saved at t = 1.1499 s
Elapsed time is 0.036308 seconds.
Data saved at t = 1.1599 s
Elapsed time is 0.032142 seconds.
Data saved at t = 1.1699 s
Elapsed time is 0.032369 seconds.
Data saved at t = 1.1799 s
Elapsed time is 0.036599 seconds.
Data saved at t = 1.1899 s
Elapsed time is 0.031469 seconds.
24000 / 300000 time steps completed. t = 1.199950 s
Elapsed time is 6.463652 seconds.
Data saved at t = 1.1999 s
Elapsed time is 0.041931 seconds.
Data saved at t = 1.2099 s
Elapsed time is 0.032050 seconds.
Data saved at t = 1.2199 s
Elapsed time is 0.037173 seconds.
Data saved at t = 1.2299 s
Elapsed time is 0.033916 seconds.
Data saved at t = 1.2399 s
Elapsed time is 0.033051 seconds.
Data saved at t = 1.2499 s
Elapsed time is 0.037516 seconds.
25200 / 300000 time steps completed. t = 1.259950 s
Elapsed time is 6.458727 seconds.
Data saved at t = 1.2599 s
Elapsed time is 0.031774 seconds.
Data saved at t = 1.2699 s
Elapsed time is 0.036987 seconds.
Data saved at t = 1.2799 s
Elapsed time is 0.032711 seconds.
Data saved at t = 1.2899 s
Elapsed time is 0.036735 seconds.
Data saved at t = 1.2999 s
Elapsed time is 0.031763 seconds.
Data saved at t = 1.3099 s
Elapsed time is 0.036558 seconds.
26400 / 300000 time steps completed. t = 1.319950 s
Elapsed time is 6.411653 seconds.
Data saved at t = 1.3199 s
Elapsed time is 0.032613 seconds.
Data saved at t = 1.3299 s
Elapsed time is 0.037174 seconds.
Data saved at t = 1.3399 s
Elapsed time is 0.033229 seconds.
Data saved at t = 1.3499 s
Elapsed time is 0.033028 seconds.
Data saved at t = 1.3599 s
Elapsed time is 0.037353 seconds.
Data saved at t = 1.3699 s
Elapsed time is 0.032704 seconds.
27600 / 300000 time steps completed. t = 1.379950 s
Elapsed time is 6.337793 seconds.
Data saved at t = 1.3799 s
Elapsed time is 0.038260 seconds.
Data saved at t = 1.3899 s
Elapsed time is 0.032395 seconds.
Data saved at t = 1.3999 s
Elapsed time is 0.037255 seconds.
Data saved at t = 1.4099 s
Elapsed time is 0.032779 seconds.
Data saved at t = 1.4199 s
Elapsed time is 0.037002 seconds.
Data saved at t = 1.4299 s
Elapsed time is 0.032179 seconds.
28800 / 300000 time steps completed. t = 1.439950 s
Elapsed time is 6.407416 seconds.
Data saved at t = 1.4399 s
Elapsed time is 0.032137 seconds.
Data saved at t = 1.4499 s
Elapsed time is 0.036951 seconds.
Data saved at t = 1.4599 s
Elapsed time is 0.032201 seconds.
Data saved at t = 1.4699 s
Elapsed time is 0.036465 seconds.
Data saved at t = 1.4799 s
Elapsed time is 0.032173 seconds.
Data saved at t = 1.4899 s
Elapsed time is 0.037284 seconds.
30000 / 300000 time steps completed. t = 1.499950 s
Elapsed time is 6.396577 seconds.
Data saved at t = 1.4999 s
Elapsed time is 0.032105 seconds.
Data saved at t = 1.5099 s
Elapsed time is 0.032260 seconds.
Data saved at t = 1.5199 s
Elapsed time is 0.037555 seconds.
Data saved at t = 1.5299 s
Elapsed time is 0.031920 seconds.
Data saved at t = 1.5399 s
Elapsed time is 0.037384 seconds.
Data saved at t = 1.5499 s
Elapsed time is 0.032814 seconds.
31200 / 300000 time steps completed. t = 1.559950 s
Elapsed time is 6.394157 seconds.
Data saved at t = 1.5599 s
Elapsed time is 0.037185 seconds.
Data saved at t = 1.5699 s
Elapsed time is 0.032259 seconds.
Data saved at t = 1.5799 s
Elapsed time is 0.032603 seconds.
Data saved at t = 1.5899 s
Elapsed time is 0.036853 seconds.
Data saved at t = 1.5999 s
Elapsed time is 0.031740 seconds.
Data saved at t = 1.6099 s
Elapsed time is 0.036526 seconds.
32400 / 300000 time steps completed. t = 1.619950 s
Elapsed time is 6.413142 seconds.
Data saved at t = 1.6199 s
Elapsed time is 0.032860 seconds.
Data saved at t = 1.6299 s
Elapsed time is 0.037719 seconds.
Data saved at t = 1.6399 s
Elapsed time is 0.032335 seconds.
Data saved at t = 1.6499 s
Elapsed time is 0.033613 seconds.
Data saved at t = 1.6599 s
Elapsed time is 0.036674 seconds.
Data saved at t = 1.6699 s
Elapsed time is 0.032274 seconds.
33600 / 300000 time steps completed. t = 1.679950 s
Elapsed time is 6.527028 seconds.
Data saved at t = 1.6799 s
Elapsed time is 0.033046 seconds.
Data saved at t = 1.6899 s
Elapsed time is 0.033074 seconds.
Data saved at t = 1.6999 s
Elapsed time is 0.033705 seconds.
Data saved at t = 1.7099 s
Elapsed time is 0.033467 seconds.
Data saved at t = 1.7199 s
Elapsed time is 0.037101 seconds.
Data saved at t = 1.7299 s
Elapsed time is 0.031514 seconds.
34800 / 300000 time steps completed. t = 1.739950 s
Elapsed time is 6.378606 seconds.
Data saved at t = 1.7399 s
Elapsed time is 0.032999 seconds.
Data saved at t = 1.7499 s
Elapsed time is 0.035905 seconds.
Data saved at t = 1.7599 s
Elapsed time is 0.031985 seconds.
Data saved at t = 1.7699 s
Elapsed time is 0.036807 seconds.
Data saved at t = 1.7799 s
Elapsed time is 0.033189 seconds.
Data saved at t = 1.7899 s
Elapsed time is 0.037095 seconds.
36000 / 300000 time steps completed. t = 1.799950 s
Elapsed time is 6.372502 seconds.
Data saved at t = 1.7999 s
Elapsed time is 0.032844 seconds.
Data saved at t = 1.8099 s
Elapsed time is 0.036522 seconds.
Data saved at t = 1.8199 s
Elapsed time is 0.032196 seconds.
Data saved at t = 1.8299 s
Elapsed time is 0.031250 seconds.
Data saved at t = 1.8399 s
Elapsed time is 0.036299 seconds.
Data saved at t = 1.8499 s
Elapsed time is 0.032280 seconds.
37200 / 300000 time steps completed. t = 1.859950 s
Elapsed time is 6.314807 seconds.
Data saved at t = 1.8599 s
Elapsed time is 0.036598 seconds.
Data saved at t = 1.8699 s
Elapsed time is 0.031705 seconds.
Data saved at t = 1.8799 s
Elapsed time is 0.036712 seconds.
Data saved at t = 1.8899 s
Elapsed time is 0.032273 seconds.
Data saved at t = 1.8999 s
Elapsed time is 0.036556 seconds.
Data saved at t = 1.9099 s
Elapsed time is 0.032121 seconds.
38400 / 300000 time steps completed. t = 1.919950 s
Elapsed time is 6.314616 seconds.
Data saved at t = 1.9199 s
Elapsed time is 0.032150 seconds.
Data saved at t = 1.9299 s
Elapsed time is 0.036748 seconds.
Data saved at t = 1.9399 s
Elapsed time is 0.032480 seconds.
Data saved at t = 1.9499 s
Elapsed time is 0.032308 seconds.
Data saved at t = 1.9599 s
Elapsed time is 0.031981 seconds.
Data saved at t = 1.9699 s
Elapsed time is 0.031942 seconds.
39600 / 300000 time steps completed. t = 1.979950 s
Elapsed time is 6.313110 seconds.
Data saved at t = 1.9799 s
Elapsed time is 0.036707 seconds.
Data saved at t = 1.9899 s
Elapsed time is 0.031261 seconds.
Data saved at t = 1.9999 s
Elapsed time is 0.035887 seconds.
Data saved at t = 2.0099 s
Elapsed time is 0.032437 seconds.
Data saved at t = 2.0199 s
Elapsed time is 0.036607 seconds.
Data saved at t = 2.0299 s
Elapsed time is 0.031692 seconds.
40800 / 300000 time steps completed. t = 2.039950 s
Elapsed time is 6.324939 seconds.
Data saved at t = 2.0399 s
Elapsed time is 0.032095 seconds.
Data saved at t = 2.0499 s
Elapsed time is 0.036612 seconds.
Data saved at t = 2.0599 s
Elapsed time is 0.033007 seconds.
Data saved at t = 2.0699 s
Elapsed time is 0.036882 seconds.
Data saved at t = 2.0799 s
Elapsed time is 0.031845 seconds.
Data saved at t = 2.0899 s
Elapsed time is 0.036511 seconds.
42000 / 300000 time steps completed. t = 2.099950 s
Elapsed time is 6.329675 seconds.
Data saved at t = 2.0999 s
Elapsed time is 0.031574 seconds.
Data saved at t = 2.1099 s
Elapsed time is 0.031637 seconds.
Data saved at t = 2.1199 s
Elapsed time is 0.038019 seconds.
Data saved at t = 2.1299 s
Elapsed time is 0.032211 seconds.
Data saved at t = 2.1399 s
Elapsed time is 0.037101 seconds.
Data saved at t = 2.1499 s
Elapsed time is 0.032058 seconds.
43200 / 300000 time steps completed. t = 2.159950 s
Elapsed time is 6.193571 seconds.
Data saved at t = 2.1599 s
Elapsed time is 0.031077 seconds.
Data saved at t = 2.1699 s
Elapsed time is 0.036458 seconds.
Data saved at t = 2.1799 s
Elapsed time is 0.032657 seconds.
Data saved at t = 2.1899 s
Elapsed time is 0.037730 seconds.
Data saved at t = 2.1999 s
Elapsed time is 0.032736 seconds.
Data saved at t = 2.2099 s
Elapsed time is 0.033626 seconds.
44400 / 300000 time steps completed. t = 2.219950 s
Elapsed time is 6.544762 seconds.
Data saved at t = 2.2199 s
Elapsed time is 0.037434 seconds.
Data saved at t = 2.2299 s
Elapsed time is 0.034562 seconds.
Data saved at t = 2.2399 s
Elapsed time is 0.037216 seconds.
Data saved at t = 2.2499 s
Elapsed time is 0.032110 seconds.
Data saved at t = 2.2599 s
Elapsed time is 0.037393 seconds.
Data saved at t = 2.2699 s
Elapsed time is 0.032681 seconds.
45600 / 300000 time steps completed. t = 2.279950 s
Elapsed time is 6.496412 seconds.
Data saved at t = 2.2799 s
Elapsed time is 0.032126 seconds.
Data saved at t = 2.2899 s
Elapsed time is 0.036807 seconds.
Data saved at t = 2.2999 s
Elapsed time is 0.032494 seconds.
Data saved at t = 2.3099 s
Elapsed time is 0.038227 seconds.
Data saved at t = 2.3199 s
Elapsed time is 0.031869 seconds.
Data saved at t = 2.3299 s
Elapsed time is 0.036605 seconds.
46800 / 300000 time steps completed. t = 2.339950 s
Elapsed time is 6.386429 seconds.
Data saved at t = 2.3399 s
Elapsed time is 0.032383 seconds.
Data saved at t = 2.3499 s
Elapsed time is 0.037058 seconds.
Data saved at t = 2.3599 s
Elapsed time is 0.032506 seconds.
Data saved at t = 2.3699 s
Elapsed time is 0.032474 seconds.
Data saved at t = 2.38 s
Elapsed time is 0.036863 seconds.
Data saved at t = 2.3899 s
Elapsed time is 0.031822 seconds.
48000 / 300000 time steps completed. t = 2.399950 s
Elapsed time is 6.312912 seconds.
Data saved at t = 2.3999 s
Elapsed time is 0.037631 seconds.
Data saved at t = 2.4099 s
Elapsed time is 0.032772 seconds.
Data saved at t = 2.4199 s
Elapsed time is 0.037465 seconds.
Data saved at t = 2.4299 s
Elapsed time is 0.032422 seconds.
Data saved at t = 2.4399 s
Elapsed time is 0.036835 seconds.
Data saved at t = 2.4499 s
Elapsed time is 0.031222 seconds.
49200 / 300000 time steps completed. t = 2.459950 s
Elapsed time is 6.297150 seconds.
Data saved at t = 2.4599 s
Elapsed time is 0.035298 seconds.
Data saved at t = 2.4699 s
Elapsed time is 0.031972 seconds.
Data saved at t = 2.4799 s
Elapsed time is 0.032291 seconds.
Data saved at t = 2.4899 s
Elapsed time is 0.039019 seconds.
Data saved at t = 2.4999 s
Elapsed time is 0.032004 seconds.
Data saved at t = 2.5099 s
Elapsed time is 0.036600 seconds.
50400 / 300000 time steps completed. t = 2.519950 s
Elapsed time is 6.352845 seconds.
Data saved at t = 2.5199 s
Elapsed time is 0.031986 seconds.
Data saved at t = 2.5299 s
Elapsed time is 0.037644 seconds.
Data saved at t = 2.5399 s
Elapsed time is 0.032510 seconds.
Data saved at t = 2.5499 s
Elapsed time is 0.035832 seconds.
Data saved at t = 2.5599 s
Elapsed time is 0.031847 seconds.
Data saved at t = 2.5699 s
Elapsed time is 0.032130 seconds.
51600 / 300000 time steps completed. t = 2.579950 s
Elapsed time is 6.349373 seconds.
Data saved at t = 2.5799 s
Elapsed time is 0.035708 seconds.
Data saved at t = 2.5899 s
Elapsed time is 0.032461 seconds.
Data saved at t = 2.5999 s
Elapsed time is 0.035714 seconds.
Data saved at t = 2.6099 s
Elapsed time is 0.031617 seconds.
Data saved at t = 2.6199 s
Elapsed time is 0.036833 seconds.
Data saved at t = 2.6299 s
Elapsed time is 0.031557 seconds.
52800 / 300000 time steps completed. t = 2.639950 s
Elapsed time is 6.383088 seconds.
Data saved at t = 2.6399 s
Elapsed time is 0.031841 seconds.
Data saved at t = 2.6499 s
Elapsed time is 0.035943 seconds.
Data saved at t = 2.6599 s
Elapsed time is 0.032305 seconds.
Data saved at t = 2.6699 s
Elapsed time is 0.035807 seconds.
Data saved at t = 2.6799 s
Elapsed time is 0.031927 seconds.
Data saved at t = 2.6899 s
Elapsed time is 0.031862 seconds.
54000 / 300000 time steps completed. t = 2.699950 s
Elapsed time is 6.343277 seconds.
Data saved at t = 2.6999 s
Elapsed time is 0.033585 seconds.
Data saved at t = 2.7099 s
Elapsed time is 0.032265 seconds.
Data saved at t = 2.7199 s
Elapsed time is 0.035908 seconds.
Data saved at t = 2.7299 s
Elapsed time is 0.032773 seconds.
Data saved at t = 2.7399 s
Elapsed time is 0.036491 seconds.
Data saved at t = 2.7499 s
Elapsed time is 0.032095 seconds.
55200 / 300000 time steps completed. t = 2.759950 s
Elapsed time is 6.353536 seconds.
Data saved at t = 2.7599 s
Elapsed time is 0.032797 seconds.
Data saved at t = 2.7699 s
Elapsed time is 0.036743 seconds.
Data saved at t = 2.7799 s
Elapsed time is 0.032441 seconds.
Data saved at t = 2.7899 s
Elapsed time is 0.036737 seconds.
Data saved at t = 2.7999 s
Elapsed time is 0.032335 seconds.
Data saved at t = 2.8099 s
Elapsed time is 0.033018 seconds.
56400 / 300000 time steps completed. t = 2.819950 s
Elapsed time is 6.328176 seconds.
Data saved at t = 2.8199 s
Elapsed time is 0.036053 seconds.
Data saved at t = 2.8299 s
Elapsed time is 0.032876 seconds.
Data saved at t = 2.8399 s
Elapsed time is 0.036088 seconds.
Data saved at t = 2.8499 s
Elapsed time is 0.034794 seconds.
Data saved at t = 2.8599 s
Elapsed time is 0.037180 seconds.
Data saved at t = 2.8699 s
Elapsed time is 0.032385 seconds.
57600 / 300000 time steps completed. t = 2.879950 s
Elapsed time is 6.351862 seconds.
Data saved at t = 2.8799 s
Elapsed time is 0.030838 seconds.
Data saved at t = 2.8899 s
Elapsed time is 0.037434 seconds.
Data saved at t = 2.8999 s
Elapsed time is 0.031431 seconds.
Data saved at t = 2.9099 s
Elapsed time is 0.036992 seconds.
Data saved at t = 2.9199 s
Elapsed time is 0.032474 seconds.
Data saved at t = 2.9299 s
Elapsed time is 0.032979 seconds.
58800 / 300000 time steps completed. t = 2.939950 s
Elapsed time is 6.341299 seconds.
Data saved at t = 2.94 s
Elapsed time is 0.031787 seconds.
Data saved at t = 2.9499 s
Elapsed time is 0.037241 seconds.
Data saved at t = 2.9599 s
Elapsed time is 0.033108 seconds.
Data saved at t = 2.9699 s
Elapsed time is 0.037078 seconds.
Data saved at t = 2.9799 s
Elapsed time is 0.032721 seconds.
Data saved at t = 2.9899 s
Elapsed time is 0.032565 seconds.
60000 / 300000 time steps completed. t = 2.999950 s
Elapsed time is 6.371596 seconds.
Data saved at t = 2.9999 s
Elapsed time is 0.037193 seconds.
Data saved at t = 3.0099 s
Elapsed time is 0.032865 seconds.
Data saved at t = 3.0199 s
Elapsed time is 0.036860 seconds.
Data saved at t = 3.0299 s
Elapsed time is 0.032248 seconds.
Data saved at t = 3.0399 s
Elapsed time is 0.036484 seconds.
Data saved at t = 3.0499 s
Elapsed time is 0.033314 seconds.
61200 / 300000 time steps completed. t = 3.059950 s
Elapsed time is 6.345499 seconds.
Data saved at t = 3.0599 s
Elapsed time is 0.035475 seconds.
Data saved at t = 3.0699 s
Elapsed time is 0.032274 seconds.
Data saved at t = 3.0799 s
Elapsed time is 0.031497 seconds.
Data saved at t = 3.0899 s
Elapsed time is 0.037220 seconds.
Data saved at t = 3.0999 s
Elapsed time is 0.031565 seconds.
Data saved at t = 3.1099 s
Elapsed time is 0.036521 seconds.
62400 / 300000 time steps completed. t = 3.119950 s
Elapsed time is 6.359890 seconds.
Data saved at t = 3.1199 s
Elapsed time is 0.033086 seconds.
Data saved at t = 3.1299 s
Elapsed time is 0.037261 seconds.
Data saved at t = 3.1399 s
Elapsed time is 0.032174 seconds.
Data saved at t = 3.1499 s
Elapsed time is 0.036209 seconds.
Data saved at t = 3.1599 s
Elapsed time is 0.032082 seconds.
Data saved at t = 3.1699 s
Elapsed time is 0.033029 seconds.
63600 / 300000 time steps completed. t = 3.179950 s
Elapsed time is 6.344282 seconds.
Data saved at t = 3.1799 s
Elapsed time is 0.036605 seconds.
Data saved at t = 3.1899 s
Elapsed time is 0.034319 seconds.
Data saved at t = 3.1999 s
Elapsed time is 0.037589 seconds.
Data saved at t = 3.2099 s
Elapsed time is 0.031975 seconds.
Data saved at t = 3.2199 s
Elapsed time is 0.036743 seconds.
Data saved at t = 3.2299 s
Elapsed time is 0.031961 seconds.
64800 / 300000 time steps completed. t = 3.239950 s
Elapsed time is 6.362006 seconds.
Data saved at t = 3.2399 s
Elapsed time is 0.032020 seconds.
Data saved at t = 3.2499 s
Elapsed time is 0.037268 seconds.
Data saved at t = 3.2599 s
Elapsed time is 0.032205 seconds.
Data saved at t = 3.2699 s
Elapsed time is 0.036390 seconds.
Data saved at t = 3.2799 s
Elapsed time is 0.044726 seconds.
Data saved at t = 3.2899 s
Elapsed time is 0.037985 seconds.
66000 / 300000 time steps completed. t = 3.299950 s
Elapsed time is 6.387697 seconds.
Data saved at t = 3.2999 s
Elapsed time is 0.032360 seconds.
Data saved at t = 3.3099 s
Elapsed time is 0.036784 seconds.
Data saved at t = 3.3199 s
Elapsed time is 0.033006 seconds.
Data saved at t = 3.3299 s
Elapsed time is 0.034346 seconds.
Data saved at t = 3.3399 s
Elapsed time is 0.089841 seconds.
Data saved at t = 3.3499 s
Elapsed time is 0.140294 seconds.
67200 / 300000 time steps completed. t = 3.359950 s
Elapsed time is 6.462676 seconds.
Data saved at t = 3.3599 s
Elapsed time is 0.037335 seconds.
Data saved at t = 3.3699 s
Elapsed time is 0.033029 seconds.
Data saved at t = 3.38 s
Elapsed time is 0.032065 seconds.
Data saved at t = 3.3899 s
Elapsed time is 0.032175 seconds.
Data saved at t = 3.3999 s
Elapsed time is 0.036541 seconds.
Data saved at t = 3.4099 s
Elapsed time is 0.032259 seconds.
68400 / 300000 time steps completed. t = 3.419950 s
Elapsed time is 6.291533 seconds.
Data saved at t = 3.4199 s
Elapsed time is 0.037208 seconds.
Data saved at t = 3.4299 s
Elapsed time is 0.032262 seconds.
Data saved at t = 3.4399 s
Elapsed time is 0.032191 seconds.
Data saved at t = 3.4499 s
Elapsed time is 0.035727 seconds.
Data saved at t = 3.4599 s
Elapsed time is 0.031669 seconds.
Data saved at t = 3.4699 s
Elapsed time is 0.036635 seconds.
69600 / 300000 time steps completed. t = 3.479950 s
Elapsed time is 6.210438 seconds.
Data saved at t = 3.4799 s
Elapsed time is 0.031123 seconds.
Data saved at t = 3.4899 s
Elapsed time is 0.037783 seconds.
Data saved at t = 3.4999 s
Elapsed time is 0.034177 seconds.
Data saved at t = 3.5099 s
Elapsed time is 0.037674 seconds.
Data saved at t = 3.5199 s
Elapsed time is 0.033093 seconds.
Data saved at t = 3.5299 s
Elapsed time is 0.036034 seconds.
70800 / 300000 time steps completed. t = 3.539950 s
Elapsed time is 6.349937 seconds.
Data saved at t = 3.5399 s
Elapsed time is 0.032804 seconds.
Data saved at t = 3.5499 s
Elapsed time is 0.032484 seconds.
Data saved at t = 3.5599 s
Elapsed time is 0.036788 seconds.
Data saved at t = 3.5699 s
Elapsed time is 0.033429 seconds.
Data saved at t = 3.5799 s
Elapsed time is 0.037119 seconds.
Data saved at t = 3.5899 s
Elapsed time is 0.032111 seconds.
72000 / 300000 time steps completed. t = 3.599950 s
Elapsed time is 6.408677 seconds.
Data saved at t = 3.5999 s
Elapsed time is 0.037050 seconds.
Data saved at t = 3.6099 s
Elapsed time is 0.034328 seconds.
Data saved at t = 3.6199 s
Elapsed time is 0.036872 seconds.
Data saved at t = 3.6299 s
Elapsed time is 0.032329 seconds.
Data saved at t = 3.6399 s
Elapsed time is 0.032365 seconds.
Data saved at t = 3.6499 s
Elapsed time is 0.038820 seconds.
73200 / 300000 time steps completed. t = 3.659950 s
Elapsed time is 6.427991 seconds.
Data saved at t = 3.6599 s
Elapsed time is 0.031789 seconds.
Data saved at t = 3.6699 s
Elapsed time is 0.038757 seconds.
Data saved at t = 3.6799 s
Elapsed time is 0.033690 seconds.
Data saved at t = 3.6899 s
Elapsed time is 0.037821 seconds.
Data saved at t = 3.6999 s
Elapsed time is 0.032120 seconds.
Data saved at t = 3.7099 s
Elapsed time is 0.036954 seconds.
74400 / 300000 time steps completed. t = 3.719950 s
Elapsed time is 6.394659 seconds.
Data saved at t = 3.7199 s
Elapsed time is 0.032450 seconds.
Data saved at t = 3.7299 s
Elapsed time is 0.032520 seconds.
Data saved at t = 3.7399 s
Elapsed time is 0.037164 seconds.
Data saved at t = 3.7499 s
Elapsed time is 0.032736 seconds.
Data saved at t = 3.7599 s
Elapsed time is 0.037207 seconds.
Data saved at t = 3.7699 s
Elapsed time is 0.032196 seconds.
75600 / 300000 time steps completed. t = 3.779950 s
Elapsed time is 6.368419 seconds.
Data saved at t = 3.7799 s
Elapsed time is 0.035408 seconds.
Data saved at t = 3.7899 s
Elapsed time is 0.032749 seconds.
Data saved at t = 3.7999 s
Elapsed time is 0.037007 seconds.
Data saved at t = 3.8099 s
Elapsed time is 0.031980 seconds.
Data saved at t = 3.8199 s
Elapsed time is 0.037947 seconds.
Data saved at t = 3.8299 s
Elapsed time is 0.031797 seconds.
76800 / 300000 time steps completed. t = 3.839950 s
Elapsed time is 6.263270 seconds.
Data saved at t = 3.8399 s
Elapsed time is 0.031161 seconds.
Data saved at t = 3.8499 s
Elapsed time is 0.036319 seconds.
Data saved at t = 3.8599 s
Elapsed time is 0.031652 seconds.
Data saved at t = 3.8699 s
Elapsed time is 0.036706 seconds.
Data saved at t = 3.8799 s
Elapsed time is 0.033123 seconds.
Data saved at t = 3.8899 s
Elapsed time is 0.036295 seconds.
78000 / 300000 time steps completed. t = 3.899950 s
Elapsed time is 6.335463 seconds.
Data saved at t = 3.8999 s
Elapsed time is 0.032274 seconds.
Data saved at t = 3.9099 s
Elapsed time is 0.035643 seconds.
Data saved at t = 3.9199 s
Elapsed time is 0.031768 seconds.
Data saved at t = 3.9299 s
Elapsed time is 0.032662 seconds.
Data saved at t = 3.9399 s
Elapsed time is 0.036411 seconds.
Data saved at t = 3.9499 s
Elapsed time is 0.032913 seconds.
79200 / 300000 time steps completed. t = 3.959950 s
Elapsed time is 6.343473 seconds.
Data saved at t = 3.9599 s
Elapsed time is 0.037325 seconds.
Data saved at t = 3.9699 s
Elapsed time is 0.032526 seconds.
Data saved at t = 3.9799 s
Elapsed time is 0.037028 seconds.
Data saved at t = 3.9899 s
Elapsed time is 0.032672 seconds.
Data saved at t = 3.9999 s
Elapsed time is 0.037458 seconds.
Data saved at t = 4.0099 s
Elapsed time is 0.031707 seconds.
80400 / 300000 time steps completed. t = 4.019950 s
Elapsed time is 6.354093 seconds.
Data saved at t = 4.0199 s
Elapsed time is 0.033082 seconds.
Data saved at t = 4.0299 s
Elapsed time is 0.038078 seconds.
Data saved at t = 4.0399 s
Elapsed time is 0.032547 seconds.
Data saved at t = 4.0499 s
Elapsed time is 0.036805 seconds.
Data saved at t = 4.0599 s
Elapsed time is 0.077233 seconds.
Data saved at t = 4.0699 s
Elapsed time is 0.038551 seconds.
81600 / 300000 time steps completed. t = 4.079950 s
Elapsed time is 6.391666 seconds.
Data saved at t = 4.0799 s
Elapsed time is 0.032084 seconds.
Data saved at t = 4.0899 s
Elapsed time is 0.037507 seconds.
Data saved at t = 4.0999 s
Elapsed time is 0.033161 seconds.
Data saved at t = 4.1099 s
Elapsed time is 0.036847 seconds.
Data saved at t = 4.1199 s
Elapsed time is 0.031534 seconds.
Data saved at t = 4.1299 s
Elapsed time is 0.032219 seconds.
82800 / 300000 time steps completed. t = 4.139950 s
Elapsed time is 6.316242 seconds.
Data saved at t = 4.1399 s
Elapsed time is 0.037886 seconds.
Data saved at t = 4.1499 s
Elapsed time is 0.032699 seconds.
Data saved at t = 4.1599 s
Elapsed time is 0.036741 seconds.
Data saved at t = 4.1699 s
Elapsed time is 0.032943 seconds.
Data saved at t = 4.1799 s
Elapsed time is 0.036562 seconds.
Data saved at t = 4.1899 s
Elapsed time is 0.032035 seconds.
84000 / 300000 time steps completed. t = 4.199950 s
Elapsed time is 6.319068 seconds.
Data saved at t = 4.1999 s
Elapsed time is 0.032730 seconds.
Data saved at t = 4.2099 s
Elapsed time is 0.036864 seconds.
Data saved at t = 4.2199 s
Elapsed time is 0.032876 seconds.
Data saved at t = 4.2299 s
Elapsed time is 0.038811 seconds.
Data saved at t = 4.2399 s
Elapsed time is 0.032146 seconds.
Data saved at t = 4.2499 s
Elapsed time is 0.036390 seconds.
85200 / 300000 time steps completed. t = 4.259950 s
Elapsed time is 6.264884 seconds.
Data saved at t = 4.2599 s
Elapsed time is 0.032082 seconds.
Data saved at t = 4.2699 s
Elapsed time is 0.031963 seconds.
Data saved at t = 4.2799 s
Elapsed time is 0.037797 seconds.
Data saved at t = 4.2899 s
Elapsed time is 0.032707 seconds.
Data saved at t = 4.2999 s
Elapsed time is 0.037228 seconds.
Data saved at t = 4.3099 s
Elapsed time is 0.032391 seconds.
86400 / 300000 time steps completed. t = 4.319950 s
Elapsed time is 6.414194 seconds.
Data saved at t = 4.3199 s
Elapsed time is 0.037544 seconds.
Data saved at t = 4.3299 s
Elapsed time is 0.032730 seconds.
Data saved at t = 4.3399 s
Elapsed time is 0.033020 seconds.
Data saved at t = 4.3499 s
Elapsed time is 0.038954 seconds.
Data saved at t = 4.3599 s
Elapsed time is 0.032924 seconds.
Data saved at t = 4.3699 s
Elapsed time is 0.032799 seconds.
87600 / 300000 time steps completed. t = 4.379950 s
Elapsed time is 6.335888 seconds.
Data saved at t = 4.3799 s
Elapsed time is 0.034283 seconds.
Data saved at t = 4.3899 s
Elapsed time is 0.037208 seconds.
Data saved at t = 4.3999 s
Elapsed time is 0.032688 seconds.
Data saved at t = 4.4099 s
Elapsed time is 0.036870 seconds.
Data saved at t = 4.4199 s
Elapsed time is 0.032459 seconds.
Data saved at t = 4.4299 s
Elapsed time is 0.036673 seconds.
88800 / 300000 time steps completed. t = 4.439950 s
Elapsed time is 6.339738 seconds.
Data saved at t = 4.4399 s
Elapsed time is 0.031824 seconds.
Data saved at t = 4.4499 s
Elapsed time is 0.033398 seconds.
Data saved at t = 4.4599 s
Elapsed time is 0.036690 seconds.
Data saved at t = 4.4699 s
Elapsed time is 0.035884 seconds.
Data saved at t = 4.4799 s
Elapsed time is 0.036811 seconds.
Data saved at t = 4.4899 s
Elapsed time is 0.032307 seconds.
90000 / 300000 time steps completed. t = 4.499950 s
Elapsed time is 6.336189 seconds.
Data saved at t = 4.4999 s
Elapsed time is 0.036692 seconds.
Data saved at t = 4.5099 s
Elapsed time is 0.032332 seconds.
Data saved at t = 4.5199 s
Elapsed time is 0.033020 seconds.
Data saved at t = 4.5299 s
Elapsed time is 0.037782 seconds.
Data saved at t = 4.5399 s
Elapsed time is 0.033413 seconds.
Data saved at t = 4.5499 s
Elapsed time is 0.037750 seconds.
91200 / 300000 time steps completed. t = 4.559950 s
Elapsed time is 6.362073 seconds.
Data saved at t = 4.5599 s
Elapsed time is 0.031439 seconds.
Data saved at t = 4.5699 s
Elapsed time is 0.037052 seconds.
Data saved at t = 4.5799 s
Elapsed time is 0.034011 seconds.
Data saved at t = 4.5899 s
Elapsed time is 0.036723 seconds.
Data saved at t = 4.5999 s
Elapsed time is 0.032716 seconds.
Data saved at t = 4.6099 s
Elapsed time is 0.032757 seconds.
92400 / 300000 time steps completed. t = 4.619950 s
Elapsed time is 6.396706 seconds.
Data saved at t = 4.6199 s
Elapsed time is 0.033620 seconds.
Data saved at t = 4.6299 s
Elapsed time is 0.032026 seconds.
Data saved at t = 4.6399 s
Elapsed time is 0.037367 seconds.
Data saved at t = 4.6499 s
Elapsed time is 0.032345 seconds.
Data saved at t = 4.6599 s
Elapsed time is 0.037739 seconds.
Data saved at t = 4.6699 s
Elapsed time is 0.032445 seconds.
93600 / 300000 time steps completed. t = 4.679950 s
Elapsed time is 6.369772 seconds.
Data saved at t = 4.6799 s
Elapsed time is 0.036885 seconds.
Data saved at t = 4.6899 s
Elapsed time is 0.032497 seconds.
Data saved at t = 4.6999 s
Elapsed time is 0.037788 seconds.
Data saved at t = 4.71 s
Elapsed time is 0.032229 seconds.
Data saved at t = 4.7199 s
Elapsed time is 0.031865 seconds.
Data saved at t = 4.7299 s
Elapsed time is 0.038166 seconds.
94800 / 300000 time steps completed. t = 4.739950 s
Elapsed time is 6.440512 seconds.
Data saved at t = 4.7399 s
Elapsed time is 0.032679 seconds.
Data saved at t = 4.7499 s
Elapsed time is 0.032154 seconds.
Data saved at t = 4.7599 s
Elapsed time is 0.033257 seconds.
Data saved at t = 4.7699 s
Elapsed time is 0.036303 seconds.
Data saved at t = 4.7799 s
Elapsed time is 0.032941 seconds.
Data saved at t = 4.7899 s
Elapsed time is 0.037032 seconds.
96000 / 300000 time steps completed. t = 4.799950 s
Elapsed time is 6.487460 seconds.
Data saved at t = 4.7999 s
Elapsed time is 0.033141 seconds.
Data saved at t = 4.8099 s
Elapsed time is 0.033031 seconds.
Data saved at t = 4.8199 s
Elapsed time is 0.037583 seconds.
Data saved at t = 4.8299 s
Elapsed time is 0.033629 seconds.
Data saved at t = 4.8399 s
Elapsed time is 0.038443 seconds.
Data saved at t = 4.8499 s
Elapsed time is 0.032969 seconds.
97200 / 300000 time steps completed. t = 4.859950 s
Elapsed time is 6.487316 seconds.
Data saved at t = 4.8599 s
Elapsed time is 0.038079 seconds.
Data saved at t = 4.8699 s
Elapsed time is 0.032422 seconds.
Data saved at t = 4.8799 s
Elapsed time is 0.039018 seconds.
Data saved at t = 4.8899 s
Elapsed time is 0.032139 seconds.
Data saved at t = 4.8999 s
Elapsed time is 0.032358 seconds.
Data saved at t = 4.9099 s
Elapsed time is 0.036902 seconds.
98400 / 300000 time steps completed. t = 4.919950 s
Elapsed time is 6.415821 seconds.
Data saved at t = 4.9199 s
Elapsed time is 0.032314 seconds.
Data saved at t = 4.9299 s
Elapsed time is 0.032045 seconds.
Data saved at t = 4.9399 s
Elapsed time is 0.031900 seconds.
Data saved at t = 4.9499 s
Elapsed time is 0.037060 seconds.
Data saved at t = 4.9599 s
Elapsed time is 0.032884 seconds.
Data saved at t = 4.9699 s
Elapsed time is 0.037282 seconds.
99600 / 300000 time steps completed. t = 4.979950 s
Elapsed time is 6.402491 seconds.
Data saved at t = 4.9799 s
Elapsed time is 0.031856 seconds.
Data saved at t = 4.9899 s
Elapsed time is 0.037184 seconds.
Data saved at t = 4.9999 s
Elapsed time is 0.032725 seconds.
Data saved at t = 5.0099 s
Elapsed time is 0.032459 seconds.
Data saved at t = 5.0199 s
Elapsed time is 0.037360 seconds.
Data saved at t = 5.0299 s
Elapsed time is 0.032635 seconds.
100800 / 300000 time steps completed. t = 5.039950 s
Elapsed time is 6.417800 seconds.
Data saved at t = 5.0399 s
Elapsed time is 0.037288 seconds.
Data saved at t = 5.0499 s
Elapsed time is 0.031282 seconds.
Data saved at t = 5.0599 s
Elapsed time is 0.037025 seconds.
Data saved at t = 5.0699 s
Elapsed time is 0.033164 seconds.
Data saved at t = 5.0799 s
Elapsed time is 0.036445 seconds.
Data saved at t = 5.0899 s
Elapsed time is 0.032236 seconds.
102000 / 300000 time steps completed. t = 5.099950 s
Elapsed time is 6.417128 seconds.
Data saved at t = 5.0999 s
Elapsed time is 0.033620 seconds.
Data saved at t = 5.1099 s
Elapsed time is 0.038043 seconds.
Data saved at t = 5.1199 s
Elapsed time is 0.032644 seconds.
Data saved at t = 5.1299 s
Elapsed time is 0.039286 seconds.
Data saved at t = 5.1399 s
Elapsed time is 0.031641 seconds.
Data saved at t = 5.1499 s
Elapsed time is 0.035601 seconds.
103200 / 300000 time steps completed. t = 5.159950 s
Elapsed time is 6.301135 seconds.
Data saved at t = 5.1599 s
Elapsed time is 0.031821 seconds.
Data saved at t = 5.1699 s
Elapsed time is 0.035795 seconds.
Data saved at t = 5.1799 s
Elapsed time is 0.031743 seconds.
Data saved at t = 5.1899 s
Elapsed time is 0.031002 seconds.
Data saved at t = 5.1999 s
Elapsed time is 0.037296 seconds.
Data saved at t = 5.2099 s
Elapsed time is 0.032898 seconds.
104400 / 300000 time steps completed. t = 5.219950 s
Elapsed time is 6.284269 seconds.
Data saved at t = 5.2199 s
Elapsed time is 0.031135 seconds.
Data saved at t = 5.2299 s
Elapsed time is 0.031786 seconds.
Data saved at t = 5.2399 s
Elapsed time is 0.036089 seconds.
Data saved at t = 5.2499 s
Elapsed time is 0.031888 seconds.
Data saved at t = 5.2599 s
Elapsed time is 0.035812 seconds.
Data saved at t = 5.2699 s
Elapsed time is 0.031347 seconds.
105600 / 300000 time steps completed. t = 5.279950 s
Elapsed time is 6.298464 seconds.
Data saved at t = 5.2799 s
Elapsed time is 0.035746 seconds.
Data saved at t = 5.2899 s
Elapsed time is 0.031431 seconds.
Data saved at t = 5.2999 s
Elapsed time is 0.031850 seconds.
Data saved at t = 5.3099 s
Elapsed time is 0.036157 seconds.
Data saved at t = 5.3199 s
Elapsed time is 0.031499 seconds.
Data saved at t = 5.3299 s
Elapsed time is 0.036014 seconds.
106800 / 300000 time steps completed. t = 5.339950 s
Elapsed time is 6.318199 seconds.
Data saved at t = 5.3399 s
Elapsed time is 0.032110 seconds.
Data saved at t = 5.3499 s
Elapsed time is 0.031841 seconds.
Data saved at t = 5.3599 s
Elapsed time is 0.031651 seconds.
Data saved at t = 5.3699 s
Elapsed time is 0.036560 seconds.
Data saved at t = 5.3799 s
Elapsed time is 0.031318 seconds.
Data saved at t = 5.3899 s
Elapsed time is 0.031959 seconds.
108000 / 300000 time steps completed. t = 5.399950 s
Elapsed time is 6.294084 seconds.
Data saved at t = 5.3999 s
Elapsed time is 0.036287 seconds.
Data saved at t = 5.4099 s
Elapsed time is 0.031848 seconds.
Data saved at t = 5.4199 s
Elapsed time is 0.037089 seconds.
Data saved at t = 5.4299 s
Elapsed time is 0.031856 seconds.
Data saved at t = 5.4399 s
Elapsed time is 0.035996 seconds.
Data saved at t = 5.4499 s
Elapsed time is 0.031722 seconds.
109200 / 300000 time steps completed. t = 5.459950 s
Elapsed time is 6.306045 seconds.
Data saved at t = 5.4599 s
Elapsed time is 0.036999 seconds.
Data saved at t = 5.4699 s
Elapsed time is 0.031357 seconds.
Data saved at t = 5.4799 s
Elapsed time is 0.031981 seconds.
Data saved at t = 5.4899 s
Elapsed time is 0.062437 seconds.
Data saved at t = 5.5 s
Elapsed time is 0.030675 seconds.
Data saved at t = 5.5099 s
Elapsed time is 0.035927 seconds.
110400 / 300000 time steps completed. t = 5.519950 s
Elapsed time is 6.340356 seconds.
Data saved at t = 5.5199 s
Elapsed time is 0.030962 seconds.
Data saved at t = 5.5299 s
Elapsed time is 0.035804 seconds.
Data saved at t = 5.5399 s
Elapsed time is 0.032314 seconds.
Data saved at t = 5.5499 s
Elapsed time is 0.035561 seconds.
Data saved at t = 5.5599 s
Elapsed time is 0.031225 seconds.
Data saved at t = 5.5699 s
Elapsed time is 0.036078 seconds.
111600 / 300000 time steps completed. t = 5.579950 s
Elapsed time is 6.315781 seconds.
Data saved at t = 5.5799 s
Elapsed time is 0.033159 seconds.
Data saved at t = 5.5899 s
Elapsed time is 0.031585 seconds.
Data saved at t = 5.5999 s
Elapsed time is 0.036424 seconds.
Data saved at t = 5.6099 s
Elapsed time is 0.031331 seconds.
Data saved at t = 5.6199 s
Elapsed time is 0.035067 seconds.
Data saved at t = 5.63 s
Elapsed time is 0.032043 seconds.
112800 / 300000 time steps completed. t = 5.639950 s
Elapsed time is 6.354085 seconds.
Data saved at t = 5.6399 s
Elapsed time is 0.035493 seconds.
Data saved at t = 5.6499 s
Elapsed time is 0.031580 seconds.
Data saved at t = 5.6599 s
Elapsed time is 0.037049 seconds.
Data saved at t = 5.67 s
Elapsed time is 0.031377 seconds.
Data saved at t = 5.6799 s
Elapsed time is 0.031964 seconds.
Data saved at t = 5.6899 s
Elapsed time is 0.036000 seconds.
114000 / 300000 time steps completed. t = 5.699950 s
Elapsed time is 6.367086 seconds.
Data saved at t = 5.6999 s
Elapsed time is 0.031802 seconds.
Data saved at t = 5.7099 s
Elapsed time is 0.036336 seconds.
Data saved at t = 5.7199 s
Elapsed time is 0.036685 seconds.
Data saved at t = 5.7299 s
Elapsed time is 0.039568 seconds.
Data saved at t = 5.7399 s
Elapsed time is 0.031670 seconds.
Data saved at t = 5.7499 s
Elapsed time is 0.035318 seconds.
115200 / 300000 time steps completed. t = 5.759950 s
Elapsed time is 6.329169 seconds.
Data saved at t = 5.7599 s
Elapsed time is 0.031080 seconds.
Data saved at t = 5.7699 s
Elapsed time is 0.031171 seconds.
Data saved at t = 5.7799 s
Elapsed time is 0.036566 seconds.
Data saved at t = 5.7899 s
Elapsed time is 0.031190 seconds.
Data saved at t = 5.7999 s
Elapsed time is 0.035733 seconds.
Data saved at t = 5.8099 s
Elapsed time is 0.030867 seconds.
116400 / 300000 time steps completed. t = 5.819950 s
Elapsed time is 6.356210 seconds.
Data saved at t = 5.8199 s
Elapsed time is 0.035064 seconds.
Data saved at t = 5.8299 s
Elapsed time is 0.031470 seconds.
Data saved at t = 5.8399 s
Elapsed time is 0.035993 seconds.
Data saved at t = 5.8499 s
Elapsed time is 0.031351 seconds.
Data saved at t = 5.8599 s
Elapsed time is 0.031775 seconds.
Data saved at t = 5.8699 s
Elapsed time is 0.036289 seconds.
117600 / 300000 time steps completed. t = 5.879950 s
Elapsed time is 6.373434 seconds.
Data saved at t = 5.8799 s
Elapsed time is 0.031438 seconds.
Data saved at t = 5.8899 s
Elapsed time is 0.031011 seconds.
Data saved at t = 5.8999 s
Elapsed time is 0.031134 seconds.
Data saved at t = 5.9099 s
Elapsed time is 0.035269 seconds.
Data saved at t = 5.9199 s
Elapsed time is 0.030958 seconds.
Data saved at t = 5.9299 s
Elapsed time is 0.035183 seconds.
118800 / 300000 time steps completed. t = 5.939950 s
Elapsed time is 6.370702 seconds.
Data saved at t = 5.9399 s
Elapsed time is 0.031547 seconds.
Data saved at t = 5.9499 s
Elapsed time is 0.035680 seconds.
Data saved at t = 5.9599 s
Elapsed time is 0.031189 seconds.
Data saved at t = 5.9699 s
Elapsed time is 0.031133 seconds.
Data saved at t = 5.9799 s
Elapsed time is 0.035201 seconds.
Data saved at t = 5.9899 s
Elapsed time is 0.032284 seconds.
120000 / 300000 time steps completed. t = 5.999950 s
Elapsed time is 6.367066 seconds.
Data saved at t = 5.9999 s
Elapsed time is 0.035417 seconds.
Data saved at t = 6.0099 s
Elapsed time is 0.031625 seconds.
Data saved at t = 6.0199 s
Elapsed time is 0.035258 seconds.
Data saved at t = 6.0299 s
Elapsed time is 0.032144 seconds.
Data saved at t = 6.0399 s
Elapsed time is 0.035933 seconds.
Data saved at t = 6.0499 s
Elapsed time is 0.032496 seconds.
121200 / 300000 time steps completed. t = 6.059950 s
Elapsed time is 6.344929 seconds.
Data saved at t = 6.0599 s
Elapsed time is 0.031586 seconds.
Data saved at t = 6.0699 s
Elapsed time is 0.035840 seconds.
Data saved at t = 6.0799 s
Elapsed time is 0.031387 seconds.
Data saved at t = 6.0899 s
Elapsed time is 0.035909 seconds.
Data saved at t = 6.0999 s
Elapsed time is 0.031322 seconds.
Data saved at t = 6.1099 s
Elapsed time is 0.036649 seconds.
122400 / 300000 time steps completed. t = 6.119950 s
Elapsed time is 6.346820 seconds.
Data saved at t = 6.1199 s
Elapsed time is 0.031048 seconds.
Data saved at t = 6.1299 s
Elapsed time is 0.035183 seconds.
Data saved at t = 6.1399 s
Elapsed time is 0.031378 seconds.
Data saved at t = 6.1499 s
Elapsed time is 0.035634 seconds.
Data saved at t = 6.1599 s
Elapsed time is 0.031475 seconds.
Data saved at t = 6.1699 s
Elapsed time is 0.031531 seconds.
123600 / 300000 time steps completed. t = 6.179950 s
Elapsed time is 6.407845 seconds.
Data saved at t = 6.1799 s
Elapsed time is 0.035952 seconds.
Data saved at t = 6.1899 s
Elapsed time is 0.031176 seconds.
Data saved at t = 6.1999 s
Elapsed time is 0.035812 seconds.
Data saved at t = 6.2099 s
Elapsed time is 0.033539 seconds.
Data saved at t = 6.2199 s
Elapsed time is 0.036481 seconds.
Data saved at t = 6.2299 s
Elapsed time is 0.031092 seconds.
124800 / 300000 time steps completed. t = 6.239950 s
Elapsed time is 6.400431 seconds.
Data saved at t = 6.2399 s
Elapsed time is 0.035393 seconds.
Data saved at t = 6.25 s
Elapsed time is 0.030745 seconds.
Data saved at t = 6.2599 s
Elapsed time is 0.031373 seconds.
Data saved at t = 6.2699 s
Elapsed time is 0.035748 seconds.
Data saved at t = 6.2799 s
Elapsed time is 0.031369 seconds.
Data saved at t = 6.2899 s
Elapsed time is 0.036029 seconds.
126000 / 300000 time steps completed. t = 6.299950 s
Elapsed time is 6.448391 seconds.
Data saved at t = 6.2999 s
Elapsed time is 0.030668 seconds.
Data saved at t = 6.3099 s
Elapsed time is 0.036684 seconds.
Data saved at t = 6.3199 s
Elapsed time is 0.031374 seconds.
Data saved at t = 6.3299 s
Elapsed time is 0.031848 seconds.
Data saved at t = 6.3399 s
Elapsed time is 0.031685 seconds.
Data saved at t = 6.3499 s
Elapsed time is 0.035850 seconds.
127200 / 300000 time steps completed. t = 6.359950 s
Elapsed time is 6.387554 seconds.
Data saved at t = 6.3599 s
Elapsed time is 0.031178 seconds.
Data saved at t = 6.3699 s
Elapsed time is 0.031429 seconds.
Data saved at t = 6.38 s
Elapsed time is 0.035921 seconds.
Data saved at t = 6.3899 s
Elapsed time is 0.031389 seconds.
Data saved at t = 6.3999 s
Elapsed time is 0.036830 seconds.
Data saved at t = 6.4099 s
Elapsed time is 0.033693 seconds.
128400 / 300000 time steps completed. t = 6.419950 s
Elapsed time is 6.395545 seconds.
Data saved at t = 6.4199 s
Elapsed time is 0.035739 seconds.
Data saved at t = 6.4299 s
Elapsed time is 0.034830 seconds.
Data saved at t = 6.4399 s
Elapsed time is 0.036093 seconds.
Data saved at t = 6.4499 s
Elapsed time is 0.031276 seconds.
Data saved at t = 6.4599 s
Elapsed time is 0.035479 seconds.
Data saved at t = 6.4699 s
Elapsed time is 0.031572 seconds.
129600 / 300000 time steps completed. t = 6.479950 s
Elapsed time is 6.465412 seconds.
Data saved at t = 6.4799 s
Elapsed time is 0.032114 seconds.
Data saved at t = 6.4899 s
Elapsed time is 0.035994 seconds.
Data saved at t = 6.4999 s
Elapsed time is 0.032140 seconds.
Data saved at t = 6.5099 s
Elapsed time is 0.034686 seconds.
Data saved at t = 6.5199 s
Elapsed time is 0.031342 seconds.
Data saved at t = 6.5299 s
Elapsed time is 0.035837 seconds.
130800 / 300000 time steps completed. t = 6.539950 s
Elapsed time is 6.413503 seconds.
Data saved at t = 6.5399 s
Elapsed time is 0.031616 seconds.
Data saved at t = 6.5499 s
Elapsed time is 0.036225 seconds.
Data saved at t = 6.5599 s
Elapsed time is 0.031609 seconds.
Data saved at t = 6.5699 s
Elapsed time is 0.036137 seconds.
Data saved at t = 6.5799 s
Elapsed time is 0.031218 seconds.
Data saved at t = 6.5899 s
Elapsed time is 0.032130 seconds.
132000 / 300000 time steps completed. t = 6.599950 s
Elapsed time is 6.441511 seconds.
Data saved at t = 6.5999 s
Elapsed time is 0.036022 seconds.
Data saved at t = 6.6099 s
Elapsed time is 0.031030 seconds.
Data saved at t = 6.6199 s
Elapsed time is 0.036520 seconds.
Data saved at t = 6.6299 s
Elapsed time is 0.031295 seconds.
Data saved at t = 6.6399 s
Elapsed time is 0.031249 seconds.
Data saved at t = 6.6499 s
Elapsed time is 0.031403 seconds.
133200 / 300000 time steps completed. t = 6.659950 s
Elapsed time is 6.452827 seconds.
Data saved at t = 6.6599 s
Elapsed time is 0.035346 seconds.
Data saved at t = 6.6699 s
Elapsed time is 0.030940 seconds.
Data saved at t = 6.6799 s
Elapsed time is 0.031404 seconds.
Data saved at t = 6.6899 s
Elapsed time is 0.036540 seconds.
Data saved at t = 6.6999 s
Elapsed time is 0.031198 seconds.
Data saved at t = 6.7099 s
Elapsed time is 0.035923 seconds.
134400 / 300000 time steps completed. t = 6.719950 s
Elapsed time is 6.463361 seconds.
Data saved at t = 6.7199 s
Elapsed time is 0.031954 seconds.
Data saved at t = 6.7299 s
Elapsed time is 0.031415 seconds.
Data saved at t = 6.7399 s
Elapsed time is 0.030879 seconds.
Data saved at t = 6.7499 s
Elapsed time is 0.038016 seconds.
Data saved at t = 6.7599 s
Elapsed time is 0.032517 seconds.
Data saved at t = 6.7699 s
Elapsed time is 0.036770 seconds.
135600 / 300000 time steps completed. t = 6.779950 s
Elapsed time is 6.419338 seconds.
Data saved at t = 6.7799 s
Elapsed time is 0.032012 seconds.
Data saved at t = 6.7899 s
Elapsed time is 0.031904 seconds.
Data saved at t = 6.7999 s
Elapsed time is 0.035852 seconds.
Data saved at t = 6.8099 s
Elapsed time is 0.031139 seconds.
Data saved at t = 6.8199 s
Elapsed time is 0.035853 seconds.
Data saved at t = 6.8299 s
Elapsed time is 0.031296 seconds.
136800 / 300000 time steps completed. t = 6.839950 s
Elapsed time is 6.502914 seconds.
Data saved at t = 6.8399 s
Elapsed time is 0.035009 seconds.
Data saved at t = 6.8499 s
Elapsed time is 0.031712 seconds.
Data saved at t = 6.8599 s
Elapsed time is 0.036443 seconds.
Data saved at t = 6.8699 s
Elapsed time is 0.031665 seconds.
Data saved at t = 6.8799 s
Elapsed time is 0.032324 seconds.
Data saved at t = 6.8899 s
Elapsed time is 0.036672 seconds.
138000 / 300000 time steps completed. t = 6.899950 s
Elapsed time is 6.536635 seconds.
Data saved at t = 6.8999 s
Elapsed time is 0.031945 seconds.
Data saved at t = 6.9099 s
Elapsed time is 0.035839 seconds.
Data saved at t = 6.9199 s
Elapsed time is 0.032144 seconds.
Data saved at t = 6.9299 s
Elapsed time is 0.036916 seconds.
Data saved at t = 6.9399 s
Elapsed time is 0.032746 seconds.
Data saved at t = 6.9499 s
Elapsed time is 0.036842 seconds.
139200 / 300000 time steps completed. t = 6.959950 s
Elapsed time is 6.514018 seconds.
Data saved at t = 6.9599 s
Elapsed time is 0.031675 seconds.
Data saved at t = 6.9699 s
Elapsed time is 0.031427 seconds.
Data saved at t = 6.9799 s
Elapsed time is 0.032237 seconds.
Data saved at t = 6.9899 s
Elapsed time is 0.031910 seconds.
Data saved at t = 6.9999 s
Elapsed time is 0.036032 seconds.
Data saved at t = 7.0099 s
Elapsed time is 0.032102 seconds.
140400 / 300000 time steps completed. t = 7.019950 s
Elapsed time is 6.401633 seconds.
Data saved at t = 7.0199 s
Elapsed time is 0.036170 seconds.
Data saved at t = 7.0299 s
Elapsed time is 0.031874 seconds.
Data saved at t = 7.0399 s
Elapsed time is 0.032196 seconds.
Data saved at t = 7.0499 s
Elapsed time is 0.031148 seconds.
Data saved at t = 7.0599 s
Elapsed time is 0.035863 seconds.
Data saved at t = 7.0699 s
Elapsed time is 0.034262 seconds.
141600 / 300000 time steps completed. t = 7.079950 s
Elapsed time is 6.448454 seconds.
Data saved at t = 7.0799 s
Elapsed time is 0.035746 seconds.
Data saved at t = 7.0899 s
Elapsed time is 0.032099 seconds.
Data saved at t = 7.0999 s
Elapsed time is 0.032169 seconds.
Data saved at t = 7.1099 s
Elapsed time is 0.035091 seconds.
Data saved at t = 7.1199 s
Elapsed time is 0.033196 seconds.
Data saved at t = 7.1299 s
Elapsed time is 0.035314 seconds.
142800 / 300000 time steps completed. t = 7.139950 s
Elapsed time is 6.445741 seconds.
Data saved at t = 7.1399 s
Elapsed time is 0.031060 seconds.
Data saved at t = 7.1499 s
Elapsed time is 0.035526 seconds.
Data saved at t = 7.1599 s
Elapsed time is 0.031670 seconds.
Data saved at t = 7.1699 s
Elapsed time is 0.035266 seconds.
Data saved at t = 7.1799 s
Elapsed time is 0.031207 seconds.
Data saved at t = 7.1899 s
Elapsed time is 0.035625 seconds.
144000 / 300000 time steps completed. t = 7.199950 s
Elapsed time is 6.435121 seconds.
Data saved at t = 7.1999 s
Elapsed time is 0.031205 seconds.
Data saved at t = 7.2099 s
Elapsed time is 0.031371 seconds.
Data saved at t = 7.2199 s
Elapsed time is 0.037706 seconds.
Data saved at t = 7.2299 s
Elapsed time is 0.031361 seconds.
Data saved at t = 7.2399 s
Elapsed time is 0.035925 seconds.
Data saved at t = 7.2499 s
Elapsed time is 0.031719 seconds.
145200 / 300000 time steps completed. t = 7.259950 s
Elapsed time is 6.402631 seconds.
Data saved at t = 7.2599 s
Elapsed time is 0.035763 seconds.
Data saved at t = 7.2699 s
Elapsed time is 0.032012 seconds.
Data saved at t = 7.2799 s
Elapsed time is 0.036022 seconds.
Data saved at t = 7.2899 s
Elapsed time is 0.031429 seconds.
Data saved at t = 7.2999 s
Elapsed time is 0.031764 seconds.
Data saved at t = 7.3099 s
Elapsed time is 0.035472 seconds.
146400 / 300000 time steps completed. t = 7.319950 s
Elapsed time is 6.521684 seconds.
Data saved at t = 7.3199 s
Elapsed time is 0.030940 seconds.
Data saved at t = 7.3299 s
Elapsed time is 0.035716 seconds.
Data saved at t = 7.3399 s
Elapsed time is 0.031054 seconds.
Data saved at t = 7.3499 s
Elapsed time is 0.035431 seconds.
Data saved at t = 7.3599 s
Elapsed time is 0.032063 seconds.
Data saved at t = 7.3699 s
Elapsed time is 0.035008 seconds.
147600 / 300000 time steps completed. t = 7.379950 s
Elapsed time is 6.469469 seconds.
Data saved at t = 7.3799 s
Elapsed time is 0.033093 seconds.
Data saved at t = 7.3899 s
Elapsed time is 0.036262 seconds.
Data saved at t = 7.3999 s
Elapsed time is 0.032399 seconds.
Data saved at t = 7.4099 s
Elapsed time is 0.032587 seconds.
Data saved at t = 7.4199 s
Elapsed time is 0.035961 seconds.
Data saved at t = 7.4299 s
Elapsed time is 0.031524 seconds.
148800 / 300000 time steps completed. t = 7.439950 s
Elapsed time is 6.481795 seconds.
Data saved at t = 7.4399 s
Elapsed time is 0.037378 seconds.
Data saved at t = 7.4499 s
Elapsed time is 0.032213 seconds.
Data saved at t = 7.4599 s
Elapsed time is 0.036569 seconds.
Data saved at t = 7.4699 s
Elapsed time is 0.032348 seconds.
Data saved at t = 7.4799 s
Elapsed time is 0.036502 seconds.
Data saved at t = 7.4899 s
Elapsed time is 0.032137 seconds.
150000 / 300000 time steps completed. t = 7.499950 s
Elapsed time is 6.541210 seconds.
Data saved at t = 7.4999 s
Elapsed time is 0.034905 seconds.
Data saved at t = 7.5099 s
Elapsed time is 0.031761 seconds.
Data saved at t = 7.5199 s
Elapsed time is 0.031814 seconds.
Data saved at t = 7.5299 s
Elapsed time is 0.035606 seconds.
Data saved at t = 7.5399 s
Elapsed time is 0.031573 seconds.
Data saved at t = 7.5499 s
Elapsed time is 0.036347 seconds.
151200 / 300000 time steps completed. t = 7.559950 s
Elapsed time is 6.531782 seconds.
Data saved at t = 7.5599 s
Elapsed time is 0.032745 seconds.
Data saved at t = 7.5699 s
Elapsed time is 0.031471 seconds.
Data saved at t = 7.5799 s
Elapsed time is 0.031631 seconds.
Data saved at t = 7.5899 s
Elapsed time is 0.036768 seconds.
Data saved at t = 7.5999 s
Elapsed time is 0.032342 seconds.
Data saved at t = 7.6099 s
Elapsed time is 0.036017 seconds.
152400 / 300000 time steps completed. t = 7.619950 s
Elapsed time is 6.562731 seconds.
Data saved at t = 7.6199 s
Elapsed time is 0.031873 seconds.
Data saved at t = 7.6299 s
Elapsed time is 0.032442 seconds.
Data saved at t = 7.6399 s
Elapsed time is 0.036798 seconds.
Data saved at t = 7.6499 s
Elapsed time is 0.031703 seconds.
Data saved at t = 7.6599 s
Elapsed time is 0.036083 seconds.
Data saved at t = 7.6699 s
Elapsed time is 0.032542 seconds.
153600 / 300000 time steps completed. t = 7.679950 s
Elapsed time is 6.514627 seconds.
Data saved at t = 7.6799 s
Elapsed time is 0.035742 seconds.
Data saved at t = 7.6899 s
Elapsed time is 0.032072 seconds.
Data saved at t = 7.6999 s
Elapsed time is 0.036266 seconds.
Data saved at t = 7.7099 s
Elapsed time is 0.031439 seconds.
Data saved at t = 7.7199 s
Elapsed time is 0.031588 seconds.
Data saved at t = 7.7299 s
Elapsed time is 0.037643 seconds.
154800 / 300000 time steps completed. t = 7.739950 s
Elapsed time is 6.551815 seconds.
Data saved at t = 7.7399 s
Elapsed time is 0.031955 seconds.
Data saved at t = 7.7499 s
Elapsed time is 0.037069 seconds.
Data saved at t = 7.7599 s
Elapsed time is 0.031736 seconds.
Data saved at t = 7.7699 s
Elapsed time is 0.036431 seconds.
Data saved at t = 7.7799 s
Elapsed time is 0.033098 seconds.
Data saved at t = 7.7899 s
Elapsed time is 0.036174 seconds.
156000 / 300000 time steps completed. t = 7.799950 s
Elapsed time is 6.585439 seconds.
Data saved at t = 7.7999 s
Elapsed time is 0.031767 seconds.
Data saved at t = 7.8099 s
Elapsed time is 0.036301 seconds.
Data saved at t = 7.8199 s
Elapsed time is 0.032072 seconds.
Data saved at t = 7.8299 s
Elapsed time is 0.032429 seconds.
Data saved at t = 7.8399 s
Elapsed time is 0.036223 seconds.
Data saved at t = 7.8499 s
Elapsed time is 0.032506 seconds.
157200 / 300000 time steps completed. t = 7.859950 s
Elapsed time is 6.580656 seconds.
Data saved at t = 7.8599 s
Elapsed time is 0.036493 seconds.
Data saved at t = 7.8699 s
Elapsed time is 0.032008 seconds.
Data saved at t = 7.8799 s
Elapsed time is 0.037603 seconds.
Data saved at t = 7.8899 s
Elapsed time is 0.032011 seconds.
Data saved at t = 7.8999 s
Elapsed time is 0.036150 seconds.
Data saved at t = 7.9099 s
Elapsed time is 0.031828 seconds.
158400 / 300000 time steps completed. t = 7.919950 s
Elapsed time is 6.603834 seconds.
Data saved at t = 7.9199 s
Elapsed time is 0.036664 seconds.
Data saved at t = 7.9299 s
Elapsed time is 0.031703 seconds.
Data saved at t = 7.9399 s
Elapsed time is 0.031172 seconds.
Data saved at t = 7.9499 s
Elapsed time is 0.036041 seconds.
Data saved at t = 7.9599 s
Elapsed time is 0.032311 seconds.
Data saved at t = 7.9699 s
Elapsed time is 0.036201 seconds.
159600 / 300000 time steps completed. t = 7.979950 s
Elapsed time is 6.602377 seconds.
Data saved at t = 7.9799 s
Elapsed time is 0.031363 seconds.
Data saved at t = 7.9899 s
Elapsed time is 0.036629 seconds.
Data saved at t = 7.9999 s
Elapsed time is 0.033563 seconds.
Data saved at t = 8.0099 s
Elapsed time is 0.037278 seconds.
Data saved at t = 8.0199 s
Elapsed time is 0.031882 seconds.
Data saved at t = 8.0299 s
Elapsed time is 0.031542 seconds.
160800 / 300000 time steps completed. t = 8.039950 s
Elapsed time is 6.605252 seconds.
Data saved at t = 8.0399 s
Elapsed time is 0.035692 seconds.
Data saved at t = 8.0499 s
Elapsed time is 0.031383 seconds.
Data saved at t = 8.0599 s
Elapsed time is 0.036199 seconds.
Data saved at t = 8.0699 s
Elapsed time is 0.031862 seconds.
Data saved at t = 8.0799 s
Elapsed time is 0.034932 seconds.
Data saved at t = 8.0899 s
Elapsed time is 0.032104 seconds.
162000 / 300000 time steps completed. t = 8.099950 s
Elapsed time is 6.615145 seconds.
Data saved at t = 8.0999 s
Elapsed time is 0.036808 seconds.
Data saved at t = 8.1099 s
Elapsed time is 0.031725 seconds.
Data saved at t = 8.1199 s
Elapsed time is 0.035647 seconds.
Data saved at t = 8.1299 s
Elapsed time is 0.031562 seconds.
Data saved at t = 8.1399 s
Elapsed time is 0.032097 seconds.
Data saved at t = 8.1499 s
Elapsed time is 0.037238 seconds.
163200 / 300000 time steps completed. t = 8.159950 s
Elapsed time is 6.648617 seconds.
Data saved at t = 8.16 s
Elapsed time is 0.031571 seconds.
Data saved at t = 8.1699 s
Elapsed time is 0.035812 seconds.
Data saved at t = 8.1799 s
Elapsed time is 0.031875 seconds.
Data saved at t = 8.1899 s
Elapsed time is 0.036961 seconds.
Data saved at t = 8.1999 s
Elapsed time is 0.032592 seconds.
Data saved at t = 8.2099 s
Elapsed time is 0.036061 seconds.
164400 / 300000 time steps completed. t = 8.219950 s
Elapsed time is 6.747209 seconds.
Data saved at t = 8.2199 s
Elapsed time is 0.032539 seconds.
Data saved at t = 8.2299 s
Elapsed time is 0.036581 seconds.
Data saved at t = 8.2399 s
Elapsed time is 0.032430 seconds.
Data saved at t = 8.2499 s
Elapsed time is 0.032656 seconds.
Data saved at t = 8.2599 s
Elapsed time is 0.038226 seconds.
Data saved at t = 8.2699 s
Elapsed time is 0.031939 seconds.
165600 / 300000 time steps completed. t = 8.279950 s
Elapsed time is 6.913401 seconds.
Data saved at t = 8.2799 s
Elapsed time is 0.038028 seconds.
Data saved at t = 8.2899 s
Elapsed time is 0.032917 seconds.
Data saved at t = 8.2999 s
Elapsed time is 0.037763 seconds.
Data saved at t = 8.3099 s
Elapsed time is 0.032786 seconds.
Data saved at t = 8.3199 s
Elapsed time is 0.036793 seconds.
Data saved at t = 8.3299 s
Elapsed time is 0.032691 seconds.
166800 / 300000 time steps completed. t = 8.339950 s
Elapsed time is 6.911393 seconds.
Data saved at t = 8.3399 s
Elapsed time is 0.032893 seconds.
Data saved at t = 8.3499 s
Elapsed time is 0.037508 seconds.
Data saved at t = 8.3599 s
Elapsed time is 0.032622 seconds.
Data saved at t = 8.3699 s
Elapsed time is 0.037876 seconds.
Data saved at t = 8.3799 s
Elapsed time is 0.031998 seconds.
Data saved at t = 8.3899 s
Elapsed time is 0.037089 seconds.
168000 / 300000 time steps completed. t = 8.399950 s
Elapsed time is 6.901600 seconds.
Data saved at t = 8.3999 s
Elapsed time is 0.031693 seconds.
Data saved at t = 8.4099 s
Elapsed time is 0.037277 seconds.
Data saved at t = 8.42 s
Elapsed time is 0.032771 seconds.
Data saved at t = 8.4299 s
Elapsed time is 0.032980 seconds.
Data saved at t = 8.4399 s
Elapsed time is 0.037135 seconds.
Data saved at t = 8.4499 s
Elapsed time is 0.032270 seconds.
169200 / 300000 time steps completed. t = 8.459950 s
Elapsed time is 6.932772 seconds.
Data saved at t = 8.4599 s
Elapsed time is 0.038098 seconds.
Data saved at t = 8.4699 s
Elapsed time is 0.032825 seconds.
Data saved at t = 8.4799 s
Elapsed time is 0.037986 seconds.
Data saved at t = 8.4899 s
Elapsed time is 0.031726 seconds.
Data saved at t = 8.4999 s
Elapsed time is 0.037765 seconds.
Data saved at t = 8.5099 s
Elapsed time is 0.032475 seconds.
170400 / 300000 time steps completed. t = 8.519950 s
Elapsed time is 6.931674 seconds.
Data saved at t = 8.5199 s
Elapsed time is 0.032398 seconds.
Data saved at t = 8.5299 s
Elapsed time is 0.032205 seconds.
Data saved at t = 8.5399 s
Elapsed time is 0.033312 seconds.
Data saved at t = 8.5499 s
Elapsed time is 0.038226 seconds.
Data saved at t = 8.5599 s
Elapsed time is 0.031840 seconds.
Data saved at t = 8.5699 s
Elapsed time is 0.037180 seconds.
171600 / 300000 time steps completed. t = 8.579950 s
Elapsed time is 6.935874 seconds.
Data saved at t = 8.5799 s
Elapsed time is 0.032391 seconds.
Data saved at t = 8.5899 s
Elapsed time is 0.037642 seconds.
Data saved at t = 8.5999 s
Elapsed time is 0.032921 seconds.
Data saved at t = 8.6099 s
Elapsed time is 0.037253 seconds.
Data saved at t = 8.6199 s
Elapsed time is 0.033134 seconds.
Data saved at t = 8.6299 s
Elapsed time is 0.038050 seconds.
172800 / 300000 time steps completed. t = 8.639950 s
Elapsed time is 6.957567 seconds.
Data saved at t = 8.6399 s
Elapsed time is 0.032329 seconds.
Data saved at t = 8.6499 s
Elapsed time is 0.032675 seconds.
Data saved at t = 8.6599 s
Elapsed time is 0.037740 seconds.
Data saved at t = 8.6699 s
Elapsed time is 0.032872 seconds.
Data saved at t = 8.6799 s
Elapsed time is 0.037445 seconds.
Data saved at t = 8.6899 s
Elapsed time is 0.048756 seconds.
174000 / 300000 time steps completed. t = 8.699950 s
Elapsed time is 7.019356 seconds.
Data saved at t = 8.6999 s
Elapsed time is 0.036945 seconds.
Data saved at t = 8.7099 s
Elapsed time is 0.032463 seconds.
Data saved at t = 8.7199 s
Elapsed time is 0.038072 seconds.
Data saved at t = 8.7299 s
Elapsed time is 0.033883 seconds.
Data saved at t = 8.7399 s
Elapsed time is 0.033592 seconds.
Data saved at t = 8.7499 s
Elapsed time is 0.038119 seconds.
175200 / 300000 time steps completed. t = 8.759950 s
Elapsed time is 6.965218 seconds.
Data saved at t = 8.7599 s
Elapsed time is 0.033107 seconds.
Data saved at t = 8.7699 s
Elapsed time is 0.037489 seconds.
Data saved at t = 8.7799 s
Elapsed time is 0.082704 seconds.
Data saved at t = 8.7899 s
Elapsed time is 0.037514 seconds.
Data saved at t = 8.7999 s
Elapsed time is 0.033247 seconds.
Data saved at t = 8.8099 s
Elapsed time is 0.039031 seconds.
176400 / 300000 time steps completed. t = 8.819950 s
Elapsed time is 7.003813 seconds.
Data saved at t = 8.8199 s
Elapsed time is 0.032689 seconds.
Data saved at t = 8.8299 s
Elapsed time is 0.033253 seconds.
Data saved at t = 8.8399 s
Elapsed time is 0.037770 seconds.
Data saved at t = 8.8499 s
Elapsed time is 0.034108 seconds.
Data saved at t = 8.8599 s
Elapsed time is 0.036515 seconds.
Data saved at t = 8.8699 s
Elapsed time is 0.032857 seconds.
177600 / 300000 time steps completed. t = 8.879950 s
Elapsed time is 6.993002 seconds.
Data saved at t = 8.8799 s
Elapsed time is 0.037520 seconds.
Data saved at t = 8.8899 s
Elapsed time is 0.032752 seconds.
Data saved at t = 8.8999 s
Elapsed time is 0.037946 seconds.
Data saved at t = 8.9099 s
Elapsed time is 0.032456 seconds.
Data saved at t = 8.9199 s
Elapsed time is 0.037042 seconds.
Data saved at t = 8.9299 s
Elapsed time is 0.032905 seconds.
178800 / 300000 time steps completed. t = 8.939950 s
Elapsed time is 6.970292 seconds.
Data saved at t = 8.9399 s
Elapsed time is 0.032443 seconds.
Data saved at t = 8.9499 s
Elapsed time is 0.036864 seconds.
Data saved at t = 8.9599 s
Elapsed time is 0.031998 seconds.
Data saved at t = 8.9699 s
Elapsed time is 0.037138 seconds.
Data saved at t = 8.9799 s
Elapsed time is 0.032798 seconds.
Data saved at t = 8.9899 s
Elapsed time is 0.037606 seconds.
180000 / 300000 time steps completed. t = 8.999950 s
Elapsed time is 6.973838 seconds.
Data saved at t = 8.9999 s
Elapsed time is 0.032390 seconds.
Data saved at t = 9.0099 s
Elapsed time is 0.036485 seconds.
Data saved at t = 9.0199 s
Elapsed time is 0.031781 seconds.
Data saved at t = 9.0299 s
Elapsed time is 0.031912 seconds.
Data saved at t = 9.0399 s
Elapsed time is 0.037822 seconds.
Data saved at t = 9.0499 s
Elapsed time is 0.032436 seconds.
181200 / 300000 time steps completed. t = 9.059950 s
Elapsed time is 7.018401 seconds.
Data saved at t = 9.0599 s
Elapsed time is 0.037106 seconds.
Data saved at t = 9.0699 s
Elapsed time is 0.031136 seconds.
Data saved at t = 9.0799 s
Elapsed time is 0.036595 seconds.
Data saved at t = 9.0899 s
Elapsed time is 0.031909 seconds.
Data saved at t = 9.0999 s
Elapsed time is 0.035810 seconds.
Data saved at t = 9.1099 s
Elapsed time is 0.031547 seconds.
182400 / 300000 time steps completed. t = 9.119950 s
Elapsed time is 6.980991 seconds.
Data saved at t = 9.1199 s
Elapsed time is 0.031958 seconds.
Data saved at t = 9.1299 s
Elapsed time is 0.036064 seconds.
Data saved at t = 9.1399 s
Elapsed time is 0.032355 seconds.
Data saved at t = 9.1499 s
Elapsed time is 0.036483 seconds.
Data saved at t = 9.1599 s
Elapsed time is 0.031992 seconds.
Data saved at t = 9.17 s
Elapsed time is 0.037071 seconds.
183600 / 300000 time steps completed. t = 9.179950 s
Elapsed time is 7.049386 seconds.
Data saved at t = 9.1799 s
Elapsed time is 0.031567 seconds.
Data saved at t = 9.1899 s
Elapsed time is 0.037270 seconds.
Data saved at t = 9.1999 s
Elapsed time is 0.032202 seconds.
Data saved at t = 9.2099 s
Elapsed time is 0.036435 seconds.
Data saved at t = 9.2199 s
Elapsed time is 0.032653 seconds.
Data saved at t = 9.2299 s
Elapsed time is 0.031653 seconds.
184800 / 300000 time steps completed. t = 9.239950 s
Elapsed time is 7.023620 seconds.
Data saved at t = 9.2399 s
Elapsed time is 0.037061 seconds.
Data saved at t = 9.2499 s
Elapsed time is 0.032144 seconds.
Data saved at t = 9.2599 s
Elapsed time is 0.037080 seconds.
Data saved at t = 9.2699 s
Elapsed time is 0.032982 seconds.
Data saved at t = 9.2799 s
Elapsed time is 0.037554 seconds.
Data saved at t = 9.2899 s
Elapsed time is 0.031279 seconds.
186000 / 300000 time steps completed. t = 9.299950 s
Elapsed time is 7.015039 seconds.
Data saved at t = 9.2999 s
Elapsed time is 0.030989 seconds.
Data saved at t = 9.3099 s
Elapsed time is 0.032386 seconds.
Data saved at t = 9.3199 s
Elapsed time is 0.037089 seconds.
Data saved at t = 9.3299 s
Elapsed time is 0.032582 seconds.
Data saved at t = 9.3399 s
Elapsed time is 0.031399 seconds.
Data saved at t = 9.3499 s
Elapsed time is 0.036526 seconds.
187200 / 300000 time steps completed. t = 9.359950 s
Elapsed time is 7.039066 seconds.
Data saved at t = 9.3599 s
Elapsed time is 0.031499 seconds.
Data saved at t = 9.3699 s
Elapsed time is 0.035884 seconds.
Data saved at t = 9.3799 s
Elapsed time is 0.031427 seconds.
Data saved at t = 9.3899 s
Elapsed time is 0.037479 seconds.
Data saved at t = 9.3999 s
Elapsed time is 0.032577 seconds.
Data saved at t = 9.4099 s
Elapsed time is 0.037420 seconds.
188400 / 300000 time steps completed. t = 9.419950 s
Elapsed time is 7.085106 seconds.
Data saved at t = 9.4199 s
Elapsed time is 0.032865 seconds.
Data saved at t = 9.4299 s
Elapsed time is 0.032488 seconds.
Data saved at t = 9.4399 s
Elapsed time is 0.036445 seconds.
Data saved at t = 9.4499 s
Elapsed time is 0.032146 seconds.
Data saved at t = 9.4599 s
Elapsed time is 0.037419 seconds.
Data saved at t = 9.4699 s
Elapsed time is 0.032881 seconds.
189600 / 300000 time steps completed. t = 9.479950 s
Elapsed time is 7.055323 seconds.
Data saved at t = 9.4799 s
Elapsed time is 0.037844 seconds.
Data saved at t = 9.4899 s
Elapsed time is 0.032577 seconds.
Data saved at t = 9.4999 s
Elapsed time is 0.037072 seconds.
Data saved at t = 9.5099 s
Elapsed time is 0.032231 seconds.
Data saved at t = 9.5199 s
Elapsed time is 0.032899 seconds.
Data saved at t = 9.5299 s
Elapsed time is 0.036722 seconds.
190800 / 300000 time steps completed. t = 9.539950 s
Elapsed time is 7.000897 seconds.
Data saved at t = 9.5399 s
Elapsed time is 0.032840 seconds.
Data saved at t = 9.5499 s
Elapsed time is 0.037287 seconds.
Data saved at t = 9.5599 s
Elapsed time is 0.033013 seconds.
Data saved at t = 9.5699 s
Elapsed time is 0.037698 seconds.
Data saved at t = 9.5799 s
Elapsed time is 0.032722 seconds.
Data saved at t = 9.5899 s
Elapsed time is 0.036467 seconds.
192000 / 300000 time steps completed. t = 9.599950 s
Elapsed time is 7.026628 seconds.
Data saved at t = 9.5999 s
Elapsed time is 0.032342 seconds.
Data saved at t = 9.6099 s
Elapsed time is 0.035863 seconds.
Data saved at t = 9.6199 s
Elapsed time is 0.033084 seconds.
Data saved at t = 9.6299 s
Elapsed time is 0.032785 seconds.
Data saved at t = 9.6399 s
Elapsed time is 0.037618 seconds.
Data saved at t = 9.6499 s
Elapsed time is 0.034451 seconds.
193200 / 300000 time steps completed. t = 9.659950 s
Elapsed time is 7.084424 seconds.
Data saved at t = 9.6599 s
Elapsed time is 0.037504 seconds.
Data saved at t = 9.6699 s
Elapsed time is 0.033284 seconds.
Data saved at t = 9.6799 s
Elapsed time is 0.033023 seconds.
Data saved at t = 9.6899 s
Elapsed time is 0.032225 seconds.
Data saved at t = 9.6999 s
Elapsed time is 0.037803 seconds.
Data saved at t = 9.7099 s
Elapsed time is 0.033622 seconds.
194400 / 300000 time steps completed. t = 9.719950 s
Elapsed time is 7.093339 seconds.
Data saved at t = 9.7199 s
Elapsed time is 0.032860 seconds.
Data saved at t = 9.7299 s
Elapsed time is 0.038315 seconds.
Data saved at t = 9.7399 s
Elapsed time is 0.033071 seconds.
Data saved at t = 9.7499 s
Elapsed time is 0.037532 seconds.
Data saved at t = 9.7599 s
Elapsed time is 0.032576 seconds.
Data saved at t = 9.7699 s
Elapsed time is 0.037860 seconds.
195600 / 300000 time steps completed. t = 9.779950 s
Elapsed time is 7.094032 seconds.
Data saved at t = 9.7799 s
Elapsed time is 0.032298 seconds.
Data saved at t = 9.7899 s
Elapsed time is 0.036588 seconds.
Data saved at t = 9.7999 s
Elapsed time is 0.033600 seconds.
Data saved at t = 9.8099 s
Elapsed time is 0.037267 seconds.
Data saved at t = 9.8199 s
Elapsed time is 0.032878 seconds.
Data saved at t = 9.8299 s
Elapsed time is 0.032679 seconds.
196800 / 300000 time steps completed. t = 9.839950 s
Elapsed time is 7.130302 seconds.
Data saved at t = 9.8399 s
Elapsed time is 0.039839 seconds.
Data saved at t = 9.8499 s
Elapsed time is 0.033007 seconds.
Data saved at t = 9.8599 s
Elapsed time is 0.037734 seconds.
Data saved at t = 9.8699 s
Elapsed time is 0.032818 seconds.
Data saved at t = 9.8799 s
Elapsed time is 0.037584 seconds.
Data saved at t = 9.8899 s
Elapsed time is 0.032489 seconds.
198000 / 300000 time steps completed. t = 9.899950 s
Elapsed time is 7.110101 seconds.
Data saved at t = 9.8999 s
Elapsed time is 0.036746 seconds.
Data saved at t = 9.9099 s
Elapsed time is 0.033104 seconds.
Data saved at t = 9.9199 s
Elapsed time is 0.032146 seconds.
Data saved at t = 9.9299 s
Elapsed time is 0.037664 seconds.
Data saved at t = 9.9399 s
Elapsed time is 0.033001 seconds.
Data saved at t = 9.9499 s
Elapsed time is 0.037860 seconds.
199200 / 300000 time steps completed. t = 9.959950 s
Elapsed time is 7.113149 seconds.
Data saved at t = 9.9599 s
Elapsed time is 0.033034 seconds.
Data saved at t = 9.9699 s
Elapsed time is 0.037149 seconds.
Data saved at t = 9.9799 s
Elapsed time is 0.033932 seconds.
Data saved at t = 9.9899 s
Elapsed time is 0.037950 seconds.
Data saved at t = 9.9999 s
Elapsed time is 0.032943 seconds.
Data saved at t = 10.0099 s
Elapsed time is 0.038264 seconds.
200400 / 300000 time steps completed. t = 10.019950 s
Elapsed time is 7.146606 seconds.
Data saved at t = 10.0199 s
Elapsed time is 0.033491 seconds.
Data saved at t = 10.0299 s
Elapsed time is 0.034563 seconds.
Data saved at t = 10.0399 s
Elapsed time is 0.138491 seconds.
Data saved at t = 10.0499 s
Elapsed time is 0.034632 seconds.
Data saved at t = 10.0599 s
Elapsed time is 0.037977 seconds.
Data saved at t = 10.0699 s
Elapsed time is 0.032612 seconds.
201600 / 300000 time steps completed. t = 10.079950 s
Elapsed time is 7.197042 seconds.
Data saved at t = 10.0799 s
Elapsed time is 0.038349 seconds.
Data saved at t = 10.0899 s
Elapsed time is 0.032952 seconds.
Data saved at t = 10.0999 s
Elapsed time is 0.036819 seconds.
Data saved at t = 10.1099 s
Elapsed time is 0.032885 seconds.
Data saved at t = 10.1199 s
Elapsed time is 0.033015 seconds.
Data saved at t = 10.1299 s
Elapsed time is 0.038731 seconds.
202800 / 300000 time steps completed. t = 10.139950 s
Elapsed time is 7.151089 seconds.
Data saved at t = 10.1399 s
Elapsed time is 0.032650 seconds.
Data saved at t = 10.1499 s
Elapsed time is 0.038495 seconds.
Data saved at t = 10.1599 s
Elapsed time is 0.033168 seconds.
Data saved at t = 10.1699 s
Elapsed time is 0.036969 seconds.
Data saved at t = 10.1799 s
Elapsed time is 0.033888 seconds.
Data saved at t = 10.1899 s
Elapsed time is 0.204867 seconds.
204000 / 300000 time steps completed. t = 10.199950 s
Elapsed time is 7.335227 seconds.
Data saved at t = 10.1999 s
Elapsed time is 0.031528 seconds.
Data saved at t = 10.2099 s
Elapsed time is 0.036972 seconds.
Data saved at t = 10.2199 s
Elapsed time is 0.032612 seconds.
Data saved at t = 10.2299 s
Elapsed time is 0.032395 seconds.
Data saved at t = 10.2399 s
Elapsed time is 0.037281 seconds.
Data saved at t = 10.2499 s
Elapsed time is 0.032324 seconds.
205200 / 300000 time steps completed. t = 10.259950 s
Elapsed time is 7.137050 seconds.
Data saved at t = 10.2599 s
Elapsed time is 0.037729 seconds.
Data saved at t = 10.2699 s
Elapsed time is 0.032854 seconds.
Data saved at t = 10.2799 s
Elapsed time is 0.037113 seconds.
Data saved at t = 10.2899 s
Elapsed time is 0.032141 seconds.
Data saved at t = 10.2999 s
Elapsed time is 0.036620 seconds.
Data saved at t = 10.3099 s
Elapsed time is 0.032295 seconds.
206400 / 300000 time steps completed. t = 10.319950 s
Elapsed time is 7.139960 seconds.
Data saved at t = 10.3199 s
Elapsed time is 0.032366 seconds.
Data saved at t = 10.3299 s
Elapsed time is 0.037189 seconds.
Data saved at t = 10.3399 s
Elapsed time is 0.034337 seconds.
Data saved at t = 10.3499 s
Elapsed time is 0.037996 seconds.
Data saved at t = 10.3599 s
Elapsed time is 0.033288 seconds.
Data saved at t = 10.3699 s
Elapsed time is 0.037058 seconds.
207600 / 300000 time steps completed. t = 10.379950 s
Elapsed time is 7.150596 seconds.
Data saved at t = 10.3799 s
Elapsed time is 0.033257 seconds.
Data saved at t = 10.3899 s
Elapsed time is 0.037386 seconds.
Data saved at t = 10.3999 s
Elapsed time is 0.032163 seconds.
Data saved at t = 10.4099 s
Elapsed time is 0.036406 seconds.
Data saved at t = 10.4199 s
Elapsed time is 0.032331 seconds.
Data saved at t = 10.4299 s
Elapsed time is 0.032442 seconds.
208800 / 300000 time steps completed. t = 10.439950 s
Elapsed time is 7.158039 seconds.
Data saved at t = 10.4399 s
Elapsed time is 0.037449 seconds.
Data saved at t = 10.4499 s
Elapsed time is 0.032359 seconds.
Data saved at t = 10.4599 s
Elapsed time is 0.037630 seconds.
Data saved at t = 10.4699 s
Elapsed time is 0.032145 seconds.
Data saved at t = 10.4799 s
Elapsed time is 0.038370 seconds.
Data saved at t = 10.4899 s
Elapsed time is 0.032522 seconds.
210000 / 300000 time steps completed. t = 10.499950 s
Elapsed time is 7.212082 seconds.
Data saved at t = 10.4999 s
Elapsed time is 0.037212 seconds.
Data saved at t = 10.5099 s
Elapsed time is 0.032009 seconds.
Data saved at t = 10.5199 s
Elapsed time is 0.037493 seconds.
Data saved at t = 10.5299 s
Elapsed time is 0.032633 seconds.
Data saved at t = 10.5399 s
Elapsed time is 0.033303 seconds.
Data saved at t = 10.5499 s
Elapsed time is 0.038192 seconds.
211200 / 300000 time steps completed. t = 10.559950 s
Elapsed time is 7.192489 seconds.
Data saved at t = 10.5599 s
Elapsed time is 0.031727 seconds.
Data saved at t = 10.5699 s
Elapsed time is 0.036920 seconds.
Data saved at t = 10.5799 s
Elapsed time is 0.032408 seconds.
Data saved at t = 10.5899 s
Elapsed time is 0.036935 seconds.
Data saved at t = 10.5999 s
Elapsed time is 0.033899 seconds.
Data saved at t = 10.6099 s
Elapsed time is 0.036231 seconds.
212400 / 300000 time steps completed. t = 10.619950 s
Elapsed time is 7.189302 seconds.
Data saved at t = 10.6199 s
Elapsed time is 0.032888 seconds.
Data saved at t = 10.6299 s
Elapsed time is 0.038067 seconds.
Data saved at t = 10.6399 s
Elapsed time is 0.032617 seconds.
Data saved at t = 10.6499 s
Elapsed time is 0.032421 seconds.
Data saved at t = 10.6599 s
Elapsed time is 0.038821 seconds.
Data saved at t = 10.6699 s
Elapsed time is 0.033240 seconds.
213600 / 300000 time steps completed. t = 10.679950 s
Elapsed time is 7.221227 seconds.
Data saved at t = 10.6799 s
Elapsed time is 0.037525 seconds.
Data saved at t = 10.6899 s
Elapsed time is 0.032577 seconds.
Data saved at t = 10.6999 s
Elapsed time is 0.037397 seconds.
Data saved at t = 10.7099 s
Elapsed time is 0.033506 seconds.
Data saved at t = 10.7199 s
Elapsed time is 0.037308 seconds.
Data saved at t = 10.7299 s
Elapsed time is 0.032671 seconds.
214800 / 300000 time steps completed. t = 10.739950 s
Elapsed time is 7.258038 seconds.
Data saved at t = 10.7399 s
Elapsed time is 0.032701 seconds.
Data saved at t = 10.7499 s
Elapsed time is 0.037868 seconds.
Data saved at t = 10.7599 s
Elapsed time is 0.032919 seconds.
Data saved at t = 10.7699 s
Elapsed time is 0.037029 seconds.
Data saved at t = 10.7799 s
Elapsed time is 0.032553 seconds.
Data saved at t = 10.7899 s
Elapsed time is 0.036728 seconds.
216000 / 300000 time steps completed. t = 10.799950 s
Elapsed time is 7.236009 seconds.
Data saved at t = 10.7999 s
Elapsed time is 0.032518 seconds.
Data saved at t = 10.8099 s
Elapsed time is 0.037366 seconds.
Data saved at t = 10.8199 s
Elapsed time is 0.032552 seconds.
Data saved at t = 10.83 s
Elapsed time is 0.036949 seconds.
Data saved at t = 10.8399 s
Elapsed time is 0.033717 seconds.
Data saved at t = 10.8499 s
Elapsed time is 0.032528 seconds.
217200 / 300000 time steps completed. t = 10.859950 s
Elapsed time is 7.230912 seconds.
Data saved at t = 10.8599 s
Elapsed time is 0.038356 seconds.
Data saved at t = 10.8699 s
Elapsed time is 0.032078 seconds.
Data saved at t = 10.8799 s
Elapsed time is 0.037284 seconds.
Data saved at t = 10.8899 s
Elapsed time is 0.032542 seconds.
Data saved at t = 10.8999 s
Elapsed time is 0.037841 seconds.
Data saved at t = 10.9099 s
Elapsed time is 0.033823 seconds.
218400 / 300000 time steps completed. t = 10.919950 s
Elapsed time is 7.064419 seconds.
Data saved at t = 10.9199 s
Elapsed time is 0.036626 seconds.
Data saved at t = 10.9299 s
Elapsed time is 0.032461 seconds.
Data saved at t = 10.9399 s
Elapsed time is 0.037661 seconds.
Data saved at t = 10.9499 s
Elapsed time is 0.032691 seconds.
Data saved at t = 10.9599 s
Elapsed time is 0.033341 seconds.
Data saved at t = 10.9699 s
Elapsed time is 0.038399 seconds.
219600 / 300000 time steps completed. t = 10.979950 s
Elapsed time is 7.261570 seconds.
Data saved at t = 10.98 s
Elapsed time is 0.032591 seconds.
Data saved at t = 10.9899 s
Elapsed time is 0.036982 seconds.
Data saved at t = 10.9999 s
Elapsed time is 0.032816 seconds.
Data saved at t = 11.0099 s
Elapsed time is 0.038991 seconds.
Data saved at t = 11.0199 s
Elapsed time is 0.033231 seconds.
Data saved at t = 11.0299 s
Elapsed time is 0.038727 seconds.
220800 / 300000 time steps completed. t = 11.039950 s
Elapsed time is 7.299363 seconds.
Data saved at t = 11.0399 s
Elapsed time is 0.033222 seconds.
Data saved at t = 11.0499 s
Elapsed time is 0.037988 seconds.
Data saved at t = 11.0599 s
Elapsed time is 0.032377 seconds.
Data saved at t = 11.0699 s
Elapsed time is 0.032637 seconds.
Data saved at t = 11.0799 s
Elapsed time is 0.037914 seconds.
Data saved at t = 11.0899 s
Elapsed time is 0.033093 seconds.
222000 / 300000 time steps completed. t = 11.099950 s
Elapsed time is 7.294899 seconds.
Data saved at t = 11.0999 s
Elapsed time is 0.036885 seconds.
Data saved at t = 11.1099 s
Elapsed time is 0.032731 seconds.
Data saved at t = 11.1199 s
Elapsed time is 0.037772 seconds.
Data saved at t = 11.1299 s
Elapsed time is 0.032655 seconds.
Data saved at t = 11.1399 s
Elapsed time is 0.037320 seconds.
Data saved at t = 11.1499 s
Elapsed time is 0.032618 seconds.
223200 / 300000 time steps completed. t = 11.159950 s
Elapsed time is 7.310036 seconds.
Data saved at t = 11.1599 s
Elapsed time is 0.032509 seconds.
Data saved at t = 11.1699 s
Elapsed time is 0.036921 seconds.
Data saved at t = 11.1799 s
Elapsed time is 0.033405 seconds.
Data saved at t = 11.1899 s
Elapsed time is 0.038071 seconds.
Data saved at t = 11.1999 s
Elapsed time is 0.032753 seconds.
Data saved at t = 11.2099 s
Elapsed time is 0.036504 seconds.
224400 / 300000 time steps completed. t = 11.219950 s
Elapsed time is 7.337969 seconds.
Data saved at t = 11.2199 s
Elapsed time is 0.032163 seconds.
Data saved at t = 11.2299 s
Elapsed time is 0.037666 seconds.
Data saved at t = 11.24 s
Elapsed time is 0.032418 seconds.
Data saved at t = 11.2499 s
Elapsed time is 0.032379 seconds.
Data saved at t = 11.2599 s
Elapsed time is 0.039482 seconds.
Data saved at t = 11.2699 s
Elapsed time is 0.033997 seconds.
225600 / 300000 time steps completed. t = 11.279950 s
Elapsed time is 7.413709 seconds.
Data saved at t = 11.2799 s
Elapsed time is 0.037755 seconds.
Data saved at t = 11.2899 s
Elapsed time is 0.035323 seconds.
Data saved at t = 11.2999 s
Elapsed time is 0.038229 seconds.
Data saved at t = 11.3099 s
Elapsed time is 0.033063 seconds.
Data saved at t = 11.3199 s
Elapsed time is 0.036799 seconds.
Data saved at t = 11.3299 s
Elapsed time is 0.032650 seconds.
226800 / 300000 time steps completed. t = 11.339950 s
Elapsed time is 7.324004 seconds.
Data saved at t = 11.3399 s
Elapsed time is 0.037877 seconds.
Data saved at t = 11.3499 s
Elapsed time is 0.033672 seconds.
Data saved at t = 11.3599 s
Elapsed time is 0.033473 seconds.
Data saved at t = 11.3699 s
Elapsed time is 0.037222 seconds.
Data saved at t = 11.3799 s
Elapsed time is 0.033229 seconds.
Data saved at t = 11.3899 s
Elapsed time is 0.037180 seconds.
228000 / 300000 time steps completed. t = 11.399950 s
Elapsed time is 7.364901 seconds.
Data saved at t = 11.3999 s
Elapsed time is 0.033009 seconds.
Data saved at t = 11.4099 s
Elapsed time is 0.032620 seconds.
Data saved at t = 11.4199 s
Elapsed time is 0.032923 seconds.
Data saved at t = 11.4299 s
Elapsed time is 0.038366 seconds.
Data saved at t = 11.4399 s
Elapsed time is 0.033182 seconds.
Data saved at t = 11.4499 s
Elapsed time is 0.035154 seconds.
229200 / 300000 time steps completed. t = 11.459950 s
Elapsed time is 7.367793 seconds.
Data saved at t = 11.4599 s
Elapsed time is 0.039133 seconds.
Data saved at t = 11.4699 s
Elapsed time is 0.032327 seconds.
Data saved at t = 11.4799 s
Elapsed time is 0.076710 seconds.
Data saved at t = 11.4899 s
Elapsed time is 0.033374 seconds.
Data saved at t = 11.5 s
Elapsed time is 0.036703 seconds.
Data saved at t = 11.5099 s
Elapsed time is 0.032724 seconds.
230400 / 300000 time steps completed. t = 11.519950 s
Elapsed time is 7.365449 seconds.
Data saved at t = 11.5199 s
Elapsed time is 0.036981 seconds.
Data saved at t = 11.5299 s
Elapsed time is 0.032433 seconds.
Data saved at t = 11.5399 s
Elapsed time is 0.036413 seconds.
Data saved at t = 11.5499 s
Elapsed time is 0.032999 seconds.
Data saved at t = 11.5599 s
Elapsed time is 0.032770 seconds.
Data saved at t = 11.5699 s
Elapsed time is 0.037672 seconds.
231600 / 300000 time steps completed. t = 11.579950 s
Elapsed time is 7.419808 seconds.
Data saved at t = 11.5799 s
Elapsed time is 0.032835 seconds.
Data saved at t = 11.5899 s
Elapsed time is 0.037003 seconds.
Data saved at t = 11.5999 s
Elapsed time is 0.032517 seconds.
Data saved at t = 11.6099 s
Elapsed time is 0.037276 seconds.
Data saved at t = 11.6199 s
Elapsed time is 0.032172 seconds.
Data saved at t = 11.6299 s
Elapsed time is 0.037878 seconds.
232800 / 300000 time steps completed. t = 11.639950 s
Elapsed time is 7.364183 seconds.
Data saved at t = 11.6399 s
Elapsed time is 0.032589 seconds.
Data saved at t = 11.6499 s
Elapsed time is 0.032322 seconds.
Data saved at t = 11.6599 s
Elapsed time is 0.036742 seconds.
Data saved at t = 11.6699 s
Elapsed time is 0.032692 seconds.
Data saved at t = 11.6799 s
Elapsed time is 0.037202 seconds.
Data saved at t = 11.6899 s
Elapsed time is 0.032873 seconds.
234000 / 300000 time steps completed. t = 11.699950 s
Elapsed time is 7.415695 seconds.
Data saved at t = 11.6999 s
Elapsed time is 0.037379 seconds.
Data saved at t = 11.7099 s
Elapsed time is 0.031810 seconds.
Data saved at t = 11.7199 s
Elapsed time is 0.036755 seconds.
Data saved at t = 11.7299 s
Elapsed time is 0.033534 seconds.
Data saved at t = 11.7399 s
Elapsed time is 0.033535 seconds.
Data saved at t = 11.7499 s
Elapsed time is 0.037280 seconds.
235200 / 300000 time steps completed. t = 11.759950 s
Elapsed time is 7.420245 seconds.
Data saved at t = 11.7599 s
Elapsed time is 0.032624 seconds.
Data saved at t = 11.7699 s
Elapsed time is 0.037180 seconds.
Data saved at t = 11.7799 s
Elapsed time is 0.032130 seconds.
Data saved at t = 11.7899 s
Elapsed time is 0.038083 seconds.
Data saved at t = 11.7999 s
Elapsed time is 0.032968 seconds.
Data saved at t = 11.8099 s
Elapsed time is 0.033952 seconds.
236400 / 300000 time steps completed. t = 11.819950 s
Elapsed time is 7.473646 seconds.
Data saved at t = 11.8199 s
Elapsed time is 0.032920 seconds.
Data saved at t = 11.8299 s
Elapsed time is 0.037004 seconds.
Data saved at t = 11.8399 s
Elapsed time is 0.032735 seconds.
Data saved at t = 11.8499 s
Elapsed time is 0.033433 seconds.
Data saved at t = 11.8599 s
Elapsed time is 0.036861 seconds.
Data saved at t = 11.8699 s
Elapsed time is 0.033235 seconds.
237600 / 300000 time steps completed. t = 11.879950 s
Elapsed time is 7.415760 seconds.
Data saved at t = 11.8799 s
Elapsed time is 0.037002 seconds.
Data saved at t = 11.8899 s
Elapsed time is 0.032924 seconds.
Data saved at t = 11.8999 s
Elapsed time is 0.037233 seconds.
Data saved at t = 11.9099 s
Elapsed time is 0.033652 seconds.
Data saved at t = 11.9199 s
Elapsed time is 0.037183 seconds.
Data saved at t = 11.9299 s
Elapsed time is 0.032071 seconds.
238800 / 300000 time steps completed. t = 11.939950 s
Elapsed time is 7.457751 seconds.
Data saved at t = 11.9399 s
Elapsed time is 0.032144 seconds.
Data saved at t = 11.9499 s
Elapsed time is 0.037417 seconds.
Data saved at t = 11.9599 s
Elapsed time is 0.033441 seconds.
Data saved at t = 11.9699 s
Elapsed time is 0.037513 seconds.
Data saved at t = 11.9799 s
Elapsed time is 0.032840 seconds.
Data saved at t = 11.9899 s
Elapsed time is 0.038026 seconds.
240000 / 300000 time steps completed. t = 11.999950 s
Elapsed time is 7.490273 seconds.
Data saved at t = 11.9999 s
Elapsed time is 0.032062 seconds.
Data saved at t = 12.0099 s
Elapsed time is 0.036863 seconds.
Data saved at t = 12.0199 s
Elapsed time is 0.034611 seconds.
Data saved at t = 12.0299 s
Elapsed time is 0.035087 seconds.
Data saved at t = 12.0399 s
Elapsed time is 0.037875 seconds.
Data saved at t = 12.0499 s
Elapsed time is 0.034922 seconds.
241200 / 300000 time steps completed. t = 12.059950 s
Elapsed time is 7.430978 seconds.
Data saved at t = 12.0599 s
Elapsed time is 0.036524 seconds.
Data saved at t = 12.0699 s
Elapsed time is 0.032493 seconds.
Data saved at t = 12.0799 s
Elapsed time is 0.037608 seconds.
Data saved at t = 12.0899 s
Elapsed time is 0.032704 seconds.
Data saved at t = 12.0999 s
Elapsed time is 0.032167 seconds.
Data saved at t = 12.1099 s
Elapsed time is 0.034752 seconds.
242400 / 300000 time steps completed. t = 12.119950 s
Elapsed time is 7.480164 seconds.
Data saved at t = 12.1199 s
Elapsed time is 0.037559 seconds.
Data saved at t = 12.1299 s
Elapsed time is 0.031196 seconds.
Data saved at t = 12.1399 s
Elapsed time is 0.032114 seconds.
Data saved at t = 12.1499 s
Elapsed time is 0.036428 seconds.
Data saved at t = 12.1599 s
Elapsed time is 0.032857 seconds.
Data saved at t = 12.1699 s
Elapsed time is 0.037301 seconds.
243600 / 300000 time steps completed. t = 12.179950 s
Elapsed time is 7.470515 seconds.
Data saved at t = 12.1799 s
Elapsed time is 0.033171 seconds.
Data saved at t = 12.1899 s
Elapsed time is 0.036547 seconds.
Data saved at t = 12.1999 s
Elapsed time is 0.033080 seconds.
Data saved at t = 12.2099 s
Elapsed time is 0.038805 seconds.
Data saved at t = 12.2199 s
Elapsed time is 0.032359 seconds.
Data saved at t = 12.2299 s
Elapsed time is 0.036853 seconds.
244800 / 300000 time steps completed. t = 12.239950 s
Elapsed time is 7.495993 seconds.
Data saved at t = 12.2399 s
Elapsed time is 0.033235 seconds.
Data saved at t = 12.25 s
Elapsed time is 0.032666 seconds.
Data saved at t = 12.2599 s
Elapsed time is 0.037368 seconds.
Data saved at t = 12.2699 s
Elapsed time is 0.034481 seconds.
Data saved at t = 12.2799 s
Elapsed time is 0.038208 seconds.
Data saved at t = 12.2899 s
Elapsed time is 0.033056 seconds.
246000 / 300000 time steps completed. t = 12.299950 s
Elapsed time is 7.542164 seconds.
Data saved at t = 12.2999 s
Elapsed time is 0.038152 seconds.
Data saved at t = 12.3099 s
Elapsed time is 0.031727 seconds.
Data saved at t = 12.3199 s
Elapsed time is 0.037808 seconds.
Data saved at t = 12.3299 s
Elapsed time is 0.033730 seconds.
Data saved at t = 12.3399 s
Elapsed time is 0.032595 seconds.
Data saved at t = 12.3499 s
Elapsed time is 0.038066 seconds.
247200 / 300000 time steps completed. t = 12.359950 s
Elapsed time is 7.473542 seconds.
Data saved at t = 12.3599 s
Elapsed time is 0.032169 seconds.
Data saved at t = 12.3699 s
Elapsed time is 0.032583 seconds.
Data saved at t = 12.3799 s
Elapsed time is 0.032739 seconds.
Data saved at t = 12.3899 s
Elapsed time is 0.037526 seconds.
Data saved at t = 12.3999 s
Elapsed time is 0.032147 seconds.
Data saved at t = 12.4099 s
Elapsed time is 0.036677 seconds.
248400 / 300000 time steps completed. t = 12.419950 s
Elapsed time is 7.266910 seconds.
Data saved at t = 12.4199 s
Elapsed time is 0.031599 seconds.
Data saved at t = 12.4299 s
Elapsed time is 0.036271 seconds.
Data saved at t = 12.4399 s
Elapsed time is 0.032475 seconds.
Data saved at t = 12.4499 s
Elapsed time is 0.032335 seconds.
Data saved at t = 12.4599 s
Elapsed time is 0.032623 seconds.
Data saved at t = 12.4699 s
Elapsed time is 0.032178 seconds.
249600 / 300000 time steps completed. t = 12.479950 s
Elapsed time is 7.267437 seconds.
Data saved at t = 12.4799 s
Elapsed time is 0.037337 seconds.
Data saved at t = 12.4899 s
Elapsed time is 0.032811 seconds.
Data saved at t = 12.4999 s
Elapsed time is 0.036568 seconds.
Data saved at t = 12.5099 s
Elapsed time is 0.032806 seconds.
Data saved at t = 12.5199 s
Elapsed time is 0.036607 seconds.
Data saved at t = 12.5299 s
Elapsed time is 0.032075 seconds.
250800 / 300000 time steps completed. t = 12.539950 s
Elapsed time is 7.286547 seconds.
Data saved at t = 12.5399 s
Elapsed time is 0.032715 seconds.
Data saved at t = 12.5499 s
Elapsed time is 0.036537 seconds.
Data saved at t = 12.5599 s
Elapsed time is 0.031928 seconds.
Data saved at t = 12.5699 s
Elapsed time is 0.036097 seconds.
Data saved at t = 12.5799 s
Elapsed time is 0.032524 seconds.
Data saved at t = 12.5899 s
Elapsed time is 0.037225 seconds.
252000 / 300000 time steps completed. t = 12.599950 s
Elapsed time is 7.248007 seconds.
Data saved at t = 12.5999 s
Elapsed time is 0.032007 seconds.
Data saved at t = 12.6099 s
Elapsed time is 0.036263 seconds.
Data saved at t = 12.6199 s
Elapsed time is 0.032548 seconds.
Data saved at t = 12.6299 s
Elapsed time is 0.035813 seconds.
Data saved at t = 12.6399 s
Elapsed time is 0.032335 seconds.
Data saved at t = 12.6499 s
Elapsed time is 0.033250 seconds.
253200 / 300000 time steps completed. t = 12.659950 s
Elapsed time is 7.283034 seconds.
Data saved at t = 12.6599 s
Elapsed time is 0.035993 seconds.
Data saved at t = 12.6699 s
Elapsed time is 0.032344 seconds.
Data saved at t = 12.6799 s
Elapsed time is 0.036278 seconds.
Data saved at t = 12.6899 s
Elapsed time is 0.031841 seconds.
Data saved at t = 12.6999 s
Elapsed time is 0.037816 seconds.
Data saved at t = 12.7099 s
Elapsed time is 0.031874 seconds.
254400 / 300000 time steps completed. t = 12.719950 s
Elapsed time is 7.285061 seconds.
Data saved at t = 12.7199 s
Elapsed time is 0.031611 seconds.
Data saved at t = 12.7299 s
Elapsed time is 0.032304 seconds.
Data saved at t = 12.7399 s
Elapsed time is 0.036969 seconds.
Data saved at t = 12.7499 s
Elapsed time is 0.032272 seconds.
Data saved at t = 12.7599 s
Elapsed time is 0.031773 seconds.
Data saved at t = 12.7699 s
Elapsed time is 0.037338 seconds.
255600 / 300000 time steps completed. t = 12.779950 s
Elapsed time is 7.335208 seconds.
Data saved at t = 12.7799 s
Elapsed time is 0.031968 seconds.
Data saved at t = 12.7899 s
Elapsed time is 0.036706 seconds.
Data saved at t = 12.7999 s
Elapsed time is 0.039150 seconds.
Data saved at t = 12.8099 s
Elapsed time is 0.037345 seconds.
Data saved at t = 12.8199 s
Elapsed time is 0.030881 seconds.
Data saved at t = 12.8299 s
Elapsed time is 0.031681 seconds.
256800 / 300000 time steps completed. t = 12.839950 s
Elapsed time is 7.287433 seconds.
Data saved at t = 12.8399 s
Elapsed time is 0.031874 seconds.
Data saved at t = 12.8499 s
Elapsed time is 0.033099 seconds.
Data saved at t = 12.8599 s
Elapsed time is 0.032435 seconds.
Data saved at t = 12.8699 s
Elapsed time is 0.031458 seconds.
Data saved at t = 12.8799 s
Elapsed time is 0.035537 seconds.
Data saved at t = 12.8899 s
Elapsed time is 0.032272 seconds.
258000 / 300000 time steps completed. t = 12.899950 s
Elapsed time is 7.311642 seconds.
Data saved at t = 12.8999 s
Elapsed time is 0.031880 seconds.
Data saved at t = 12.9099 s
Elapsed time is 0.031816 seconds.
Data saved at t = 12.9199 s
Elapsed time is 0.036396 seconds.
Data saved at t = 12.9299 s
Elapsed time is 0.031379 seconds.
Data saved at t = 12.9399 s
Elapsed time is 0.031423 seconds.
Data saved at t = 12.9499 s
Elapsed time is 0.032079 seconds.
259200 / 300000 time steps completed. t = 12.959950 s
Elapsed time is 7.307136 seconds.
Data saved at t = 12.9599 s
Elapsed time is 0.032479 seconds.
Data saved at t = 12.9699 s
Elapsed time is 0.036305 seconds.
Data saved at t = 12.9799 s
Elapsed time is 0.031409 seconds.
Data saved at t = 12.9899 s
Elapsed time is 0.036536 seconds.
Data saved at t = 12.9999 s
Elapsed time is 0.031992 seconds.
Data saved at t = 13.0099 s
Elapsed time is 0.032141 seconds.
260400 / 300000 time steps completed. t = 13.019950 s
Elapsed time is 7.304841 seconds.
Data saved at t = 13.0199 s
Elapsed time is 0.031759 seconds.
Data saved at t = 13.0299 s
Elapsed time is 0.037479 seconds.
Data saved at t = 13.0399 s
Elapsed time is 0.032032 seconds.
Data saved at t = 13.0499 s
Elapsed time is 0.036032 seconds.
Data saved at t = 13.0599 s
Elapsed time is 0.031649 seconds.
Data saved at t = 13.0699 s
Elapsed time is 0.032407 seconds.
261600 / 300000 time steps completed. t = 13.079950 s
Elapsed time is 7.306410 seconds.
Data saved at t = 13.0799 s
Elapsed time is 0.036818 seconds.
Data saved at t = 13.0899 s
Elapsed time is 0.031596 seconds.
Data saved at t = 13.0999 s
Elapsed time is 0.031177 seconds.
Data saved at t = 13.1099 s
Elapsed time is 0.033367 seconds.
Data saved at t = 13.1199 s
Elapsed time is 0.036574 seconds.
Data saved at t = 13.1299 s
Elapsed time is 0.031914 seconds.
262800 / 300000 time steps completed. t = 13.139950 s
Elapsed time is 7.286076 seconds.
Data saved at t = 13.1399 s
Elapsed time is 0.031795 seconds.
Data saved at t = 13.1499 s
Elapsed time is 0.031630 seconds.
Data saved at t = 13.1599 s
Elapsed time is 0.031729 seconds.
Data saved at t = 13.1699 s
Elapsed time is 0.036555 seconds.
Data saved at t = 13.1799 s
Elapsed time is 0.031740 seconds.
Data saved at t = 13.1899 s
Elapsed time is 0.036947 seconds.
264000 / 300000 time steps completed. t = 13.199950 s
Elapsed time is 7.287608 seconds.
Data saved at t = 13.1999 s
Elapsed time is 0.031573 seconds.
Data saved at t = 13.2099 s
Elapsed time is 0.031925 seconds.
Data saved at t = 13.2199 s
Elapsed time is 0.031174 seconds.
Data saved at t = 13.2299 s
Elapsed time is 0.036831 seconds.
Data saved at t = 13.2399 s
Elapsed time is 0.032360 seconds.
Data saved at t = 13.2499 s
Elapsed time is 0.037429 seconds.
265200 / 300000 time steps completed. t = 13.259950 s
Elapsed time is 7.303684 seconds.
Data saved at t = 13.2599 s
Elapsed time is 0.032359 seconds.
Data saved at t = 13.2699 s
Elapsed time is 0.031918 seconds.
Data saved at t = 13.2799 s
Elapsed time is 0.036737 seconds.
Data saved at t = 13.2899 s
Elapsed time is 0.032530 seconds.
Data saved at t = 13.2999 s
Elapsed time is 0.036410 seconds.
Data saved at t = 13.3099 s
Elapsed time is 0.032356 seconds.
266400 / 300000 time steps completed. t = 13.319950 s
Elapsed time is 7.290868 seconds.
Data saved at t = 13.3199 s
Elapsed time is 0.032260 seconds.
Data saved at t = 13.3299 s
Elapsed time is 0.032294 seconds.
Data saved at t = 13.3399 s
Elapsed time is 0.031737 seconds.
Data saved at t = 13.3499 s
Elapsed time is 0.032705 seconds.
Data saved at t = 13.3599 s
Elapsed time is 0.032677 seconds.
Data saved at t = 13.3699 s
Elapsed time is 0.031856 seconds.
267600 / 300000 time steps completed. t = 13.379950 s
Elapsed time is 7.260636 seconds.
Data saved at t = 13.3799 s
Elapsed time is 0.032295 seconds.
Data saved at t = 13.3899 s
Elapsed time is 0.032616 seconds.
Data saved at t = 13.3999 s
Elapsed time is 0.032375 seconds.
Data saved at t = 13.4099 s
Elapsed time is 0.032646 seconds.
Data saved at t = 13.4199 s
Elapsed time is 0.032694 seconds.
Data saved at t = 13.4299 s
Elapsed time is 0.036350 seconds.
268800 / 300000 time steps completed. t = 13.439950 s
Elapsed time is 7.297939 seconds.
Data saved at t = 13.4399 s
Elapsed time is 0.032108 seconds.
Data saved at t = 13.4499 s
Elapsed time is 0.036835 seconds.
Data saved at t = 13.4599 s
Elapsed time is 0.032063 seconds.
Data saved at t = 13.4699 s
Elapsed time is 0.032255 seconds.
Data saved at t = 13.4799 s
Elapsed time is 0.038234 seconds.
Data saved at t = 13.4899 s
Elapsed time is 0.031595 seconds.
270000 / 300000 time steps completed. t = 13.499950 s
Elapsed time is 7.223501 seconds.
Data saved at t = 13.4999 s
Elapsed time is 0.037127 seconds.
Data saved at t = 13.5099 s
Elapsed time is 0.033056 seconds.
Data saved at t = 13.5199 s
Elapsed time is 0.031813 seconds.
Data saved at t = 13.5299 s
Elapsed time is 0.033201 seconds.
Data saved at t = 13.5399 s
Elapsed time is 0.033033 seconds.
Data saved at t = 13.5499 s
Elapsed time is 0.031885 seconds.
271200 / 300000 time steps completed. t = 13.559950 s
Elapsed time is 7.275894 seconds.
Data saved at t = 13.5599 s
Elapsed time is 0.031706 seconds.
Data saved at t = 13.5699 s
Elapsed time is 0.032152 seconds.
Data saved at t = 13.5799 s
Elapsed time is 0.032704 seconds.
Data saved at t = 13.5899 s
Elapsed time is 0.031769 seconds.
Data saved at t = 13.5999 s
Elapsed time is 0.032382 seconds.
Data saved at t = 13.6099 s
Elapsed time is 0.036937 seconds.
272400 / 300000 time steps completed. t = 13.619950 s
Elapsed time is 7.290681 seconds.
Data saved at t = 13.6199 s
Elapsed time is 0.032940 seconds.
Data saved at t = 13.6299 s
Elapsed time is 0.035980 seconds.
Data saved at t = 13.6399 s
Elapsed time is 0.033395 seconds.
Data saved at t = 13.6499 s
Elapsed time is 0.037995 seconds.
Data saved at t = 13.6599 s
Elapsed time is 0.032038 seconds.
Data saved at t = 13.6699 s
Elapsed time is 0.032720 seconds.
273600 / 300000 time steps completed. t = 13.679950 s
Elapsed time is 7.534358 seconds.
Data saved at t = 13.6799 s
Elapsed time is 0.038014 seconds.
Data saved at t = 13.6899 s
Elapsed time is 0.033787 seconds.
Data saved at t = 13.6999 s
Elapsed time is 0.038661 seconds.
Data saved at t = 13.7099 s
Elapsed time is 0.032247 seconds.
Data saved at t = 13.7199 s
Elapsed time is 0.032138 seconds.
Data saved at t = 13.7299 s
Elapsed time is 0.032282 seconds.
274800 / 300000 time steps completed. t = 13.739950 s
Elapsed time is 7.538590 seconds.
Data saved at t = 13.7399 s
Elapsed time is 0.036932 seconds.
Data saved at t = 13.7499 s
Elapsed time is 0.032077 seconds.
Data saved at t = 13.7599 s
Elapsed time is 0.037769 seconds.
Data saved at t = 13.7699 s
Elapsed time is 0.032612 seconds.
Data saved at t = 13.7799 s
Elapsed time is 0.032873 seconds.
Data saved at t = 13.7899 s
Elapsed time is 0.037412 seconds.
276000 / 300000 time steps completed. t = 13.799950 s
Elapsed time is 7.485213 seconds.
Data saved at t = 13.7999 s
Elapsed time is 0.032378 seconds.
Data saved at t = 13.8099 s
Elapsed time is 0.036690 seconds.
Data saved at t = 13.8199 s
Elapsed time is 0.033598 seconds.
Data saved at t = 13.8299 s
Elapsed time is 0.037512 seconds.
Data saved at t = 13.8399 s
Elapsed time is 0.032782 seconds.
Data saved at t = 13.8499 s
Elapsed time is 0.037573 seconds.
277200 / 300000 time steps completed. t = 13.859950 s
Elapsed time is 7.491618 seconds.
Data saved at t = 13.8599 s
Elapsed time is 0.032728 seconds.
Data saved at t = 13.8699 s
Elapsed time is 0.033959 seconds.
Data saved at t = 13.8799 s
Elapsed time is 0.039652 seconds.
Data saved at t = 13.8899 s
Elapsed time is 0.032715 seconds.
Data saved at t = 13.8999 s
Elapsed time is 0.038176 seconds.
Data saved at t = 13.9099 s
Elapsed time is 0.033131 seconds.
278400 / 300000 time steps completed. t = 13.919950 s
Elapsed time is 7.520776 seconds.
Data saved at t = 13.9199 s
Elapsed time is 0.037398 seconds.
Data saved at t = 13.9299 s
Elapsed time is 0.033193 seconds.
Data saved at t = 13.9399 s
Elapsed time is 0.037382 seconds.
Data saved at t = 13.9499 s
Elapsed time is 0.032680 seconds.
Data saved at t = 13.9599 s
Elapsed time is 0.033063 seconds.
Data saved at t = 13.9699 s
Elapsed time is 0.037488 seconds.
279600 / 300000 time steps completed. t = 13.979950 s
Elapsed time is 7.523663 seconds.
Data saved at t = 13.9799 s
Elapsed time is 0.032892 seconds.
Data saved at t = 13.9899 s
Elapsed time is 0.037283 seconds.
Data saved at t = 13.9999 s
Elapsed time is 0.032586 seconds.
Data saved at t = 14.0099 s
Elapsed time is 0.037583 seconds.
Data saved at t = 14.0199 s
Elapsed time is 0.033058 seconds.
Data saved at t = 14.0299 s
Elapsed time is 0.037528 seconds.
280800 / 300000 time steps completed. t = 14.039950 s
Elapsed time is 7.542522 seconds.
Data saved at t = 14.0399 s
Elapsed time is 0.031428 seconds.
Data saved at t = 14.0499 s
Elapsed time is 0.037856 seconds.
Data saved at t = 14.0599 s
Elapsed time is 0.032808 seconds.
Data saved at t = 14.0699 s
Elapsed time is 0.033316 seconds.
Data saved at t = 14.0799 s
Elapsed time is 0.044717 seconds.
Data saved at t = 14.0899 s
Elapsed time is 0.032407 seconds.
282000 / 300000 time steps completed. t = 14.099950 s
Elapsed time is 7.508655 seconds.
Data saved at t = 14.0999 s
Elapsed time is 0.036730 seconds.
Data saved at t = 14.1099 s
Elapsed time is 0.032725 seconds.
Data saved at t = 14.1199 s
Elapsed time is 0.037370 seconds.
Data saved at t = 14.1299 s
Elapsed time is 0.032537 seconds.
Data saved at t = 14.1399 s
Elapsed time is 0.037443 seconds.
Data saved at t = 14.1499 s
Elapsed time is 0.032808 seconds.
283200 / 300000 time steps completed. t = 14.159950 s
Elapsed time is 7.513512 seconds.
Data saved at t = 14.1599 s
Elapsed time is 0.033451 seconds.
Data saved at t = 14.1699 s
Elapsed time is 0.038331 seconds.
Data saved at t = 14.1799 s
Elapsed time is 0.032451 seconds.
Data saved at t = 14.1899 s
Elapsed time is 0.036985 seconds.
Data saved at t = 14.1999 s
Elapsed time is 0.032170 seconds.
Data saved at t = 14.2099 s
Elapsed time is 0.037905 seconds.
284400 / 300000 time steps completed. t = 14.219950 s
Elapsed time is 7.463551 seconds.
Data saved at t = 14.2199 s
Elapsed time is 0.032858 seconds.
Data saved at t = 14.2299 s
Elapsed time is 0.038044 seconds.
Data saved at t = 14.2399 s
Elapsed time is 0.032696 seconds.
Data saved at t = 14.2499 s
Elapsed time is 0.033421 seconds.
Data saved at t = 14.2599 s
Elapsed time is 0.037867 seconds.
Data saved at t = 14.2699 s
Elapsed time is 0.031103 seconds.
285600 / 300000 time steps completed. t = 14.279950 s
Elapsed time is 7.392240 seconds.
Data saved at t = 14.2799 s
Elapsed time is 0.037514 seconds.
Data saved at t = 14.2899 s
Elapsed time is 0.033069 seconds.
Data saved at t = 14.2999 s
Elapsed time is 0.035983 seconds.
Data saved at t = 14.3099 s
Elapsed time is 0.033194 seconds.
Data saved at t = 14.3199 s
Elapsed time is 0.036281 seconds.
Data saved at t = 14.3299 s
Elapsed time is 0.032891 seconds.
286800 / 300000 time steps completed. t = 14.339950 s
Elapsed time is 7.406151 seconds.
Data saved at t = 14.3399 s
Elapsed time is 0.036174 seconds.
Data saved at t = 14.3499 s
Elapsed time is 0.032270 seconds.
Data saved at t = 14.3599 s
Elapsed time is 0.032426 seconds.
Data saved at t = 14.3699 s
Elapsed time is 0.032130 seconds.
Data saved at t = 14.3799 s
Elapsed time is 0.032728 seconds.
Data saved at t = 14.3899 s
Elapsed time is 0.040303 seconds.
288000 / 300000 time steps completed. t = 14.399950 s
Elapsed time is 7.490329 seconds.
Data saved at t = 14.3999 s
Elapsed time is 0.032341 seconds.
Data saved at t = 14.4099 s
Elapsed time is 0.036058 seconds.
Data saved at t = 14.4199 s
Elapsed time is 0.032169 seconds.
Data saved at t = 14.4299 s
Elapsed time is 0.038270 seconds.
Data saved at t = 14.4399 s
Elapsed time is 0.032965 seconds.
Data saved at t = 14.4499 s
Elapsed time is 0.036733 seconds.
289200 / 300000 time steps completed. t = 14.459950 s
Elapsed time is 7.414391 seconds.
Data saved at t = 14.4599 s
Elapsed time is 0.031861 seconds.
Data saved at t = 14.4699 s
Elapsed time is 0.031628 seconds.
Data saved at t = 14.4799 s
Elapsed time is 0.032616 seconds.
Data saved at t = 14.4899 s
Elapsed time is 0.031657 seconds.
Data saved at t = 14.4999 s
Elapsed time is 0.036976 seconds.
Data saved at t = 14.5099 s
Elapsed time is 0.031617 seconds.
290400 / 300000 time steps completed. t = 14.519950 s
Elapsed time is 7.420247 seconds.
Data saved at t = 14.5199 s
Elapsed time is 0.036133 seconds.
Data saved at t = 14.5299 s
Elapsed time is 0.031234 seconds.
Data saved at t = 14.5399 s
Elapsed time is 0.038343 seconds.
Data saved at t = 14.5499 s
Elapsed time is 0.032777 seconds.
Data saved at t = 14.5599 s
Elapsed time is 0.031321 seconds.
Data saved at t = 14.5699 s
Elapsed time is 0.037422 seconds.
291600 / 300000 time steps completed. t = 14.579950 s
Elapsed time is 7.256003 seconds.
Data saved at t = 14.5799 s
Elapsed time is 0.031580 seconds.
Data saved at t = 14.5899 s
Elapsed time is 0.036757 seconds.
Data saved at t = 14.5999 s
Elapsed time is 0.031797 seconds.
Data saved at t = 14.6099 s
Elapsed time is 0.037108 seconds.
Data saved at t = 14.6199 s
Elapsed time is 0.031824 seconds.
Data saved at t = 14.6299 s
Elapsed time is 0.036160 seconds.
292800 / 300000 time steps completed. t = 14.639950 s
Elapsed time is 7.478925 seconds.
Data saved at t = 14.6399 s
Elapsed time is 0.030931 seconds.
Data saved at t = 14.6499 s
Elapsed time is 0.031439 seconds.
Data saved at t = 14.6599 s
Elapsed time is 0.036873 seconds.
Data saved at t = 14.6699 s
Elapsed time is 0.032119 seconds.
Data saved at t = 14.6799 s
Elapsed time is 0.037257 seconds.
Data saved at t = 14.6899 s
Elapsed time is 0.032702 seconds.
294000 / 300000 time steps completed. t = 14.699950 s
Elapsed time is 7.411785 seconds.
Data saved at t = 14.6999 s
Elapsed time is 0.037152 seconds.
Data saved at t = 14.7099 s
Elapsed time is 0.032567 seconds.
Data saved at t = 14.7199 s
Elapsed time is 0.036921 seconds.
Data saved at t = 14.7299 s
Elapsed time is 0.031958 seconds.
Data saved at t = 14.7399 s
Elapsed time is 0.036648 seconds.
Data saved at t = 14.7499 s
Elapsed time is 0.034415 seconds.
295200 / 300000 time steps completed. t = 14.759950 s
Elapsed time is 7.425174 seconds.
Data saved at t = 14.7599 s
Elapsed time is 0.032010 seconds.
Data saved at t = 14.7699 s
Elapsed time is 0.036082 seconds.
Data saved at t = 14.7799 s
Elapsed time is 0.033095 seconds.
Data saved at t = 14.7899 s
Elapsed time is 0.037128 seconds.
Data saved at t = 14.7999 s
Elapsed time is 0.032098 seconds.
Data saved at t = 14.8099 s
Elapsed time is 0.037431 seconds.
296400 / 300000 time steps completed. t = 14.819950 s
Elapsed time is 7.425609 seconds.
Data saved at t = 14.8199 s
Elapsed time is 0.032148 seconds.
Data saved at t = 14.8299 s
Elapsed time is 0.037371 seconds.
Data saved at t = 14.8399 s
Elapsed time is 0.032186 seconds.
Data saved at t = 14.8499 s
Elapsed time is 0.031378 seconds.
Data saved at t = 14.8599 s
Elapsed time is 0.036114 seconds.
Data saved at t = 14.8699 s
Elapsed time is 0.032563 seconds.
297600 / 300000 time steps completed. t = 14.879950 s
Elapsed time is 7.464149 seconds.
Data saved at t = 14.8799 s
Elapsed time is 0.032300 seconds.
Data saved at t = 14.8899 s
Elapsed time is 0.033357 seconds.
Data saved at t = 14.8999 s
Elapsed time is 0.037410 seconds.
Data saved at t = 14.9099 s
Elapsed time is 0.032350 seconds.
Data saved at t = 14.9199 s
Elapsed time is 0.036176 seconds.
Data saved at t = 14.9299 s
Elapsed time is 0.032303 seconds.
298800 / 300000 time steps completed. t = 14.939950 s
Elapsed time is 7.443708 seconds.
Data saved at t = 14.9399 s
Elapsed time is 0.032540 seconds.
Data saved at t = 14.9499 s
Elapsed time is 0.031963 seconds.
Data saved at t = 14.9599 s
Elapsed time is 0.032123 seconds.
Data saved at t = 14.9699 s
Elapsed time is 0.037019 seconds.
Data saved at t = 14.9799 s
Elapsed time is 0.032748 seconds.
Data saved at t = 14.9899 s
Elapsed time is 0.037489 seconds.
300000 / 300000 time steps completed. t = 14.999950 s
Elapsed time is 7.517245 seconds.
Data saved at t = 14.9999 s
Elapsed time is 0.032274 seconds.
[2026-07-07T16:46:43.676] error: *** JOB 36519045 ON c0704a-s10 CANCELLED AT 2026-07-07T16:46:43 DUE to SIGNAL Terminated ***
