Tue Jul  7 10:05:17 AM EDT 2026
c0704a-s13.ufhpc
Warning: X does not support locale en_US.UTF-8

fcut_dim =

    20


t_end_dim =

    15


Ldim =

     2


N =

        8000


MNOISE =

        1000


F0_noise =

    0.0250


Re_input =

    40


theta_deg =

    6.4000


rho =

        1072


mu =

    0.0067


Ca_input =

   1.0000e-03


t_save =

    0.0100

hN = 1.6293e-03 m
uN = 1.5413e-01 m/s
TN = 1.0571e-02 s
mu = 0.0067, rho = 1072.0000, gamma = 1.0373, theta = 0.1117
F2 = 1.4863, We = 0.0400, Re = 40.0000, Ca = 0.0010
fcut_noise nondim = 2.1142e-01
dx = 1.5344e-01, dt = 4.7299e-03, nsteps = 300000
Fontconfig warning: "/usr/share/fontconfig/conf.avail/05-reset-dirs-sample.conf", line 6: unknown element "reset-dirs"
Fontconfig warning: "/usr/share/fontconfig/conf.avail/05-reset-dirs-sample.conf", line 6: unknown element "reset-dirs"
Initializing white noise phases...
1 / 300000 time steps completed. t = 0.000000 s
Elapsed time is 0.591465 seconds.
Data saved at t = 0.00995 s
Elapsed time is 0.937786 seconds.
Data saved at t = 0.01995 s
Elapsed time is 0.043514 seconds.
Data saved at t = 0.02995 s
Elapsed time is 0.032636 seconds.
Data saved at t = 0.03995 s
Elapsed time is 0.031634 seconds.
Data saved at t = 0.04995 s
Elapsed time is 0.054899 seconds.
1200 / 300000 time steps completed. t = 0.059950 s
Elapsed time is 6.379528 seconds.
Data saved at t = 0.05995 s
Elapsed time is 0.101949 seconds.
Data saved at t = 0.06995 s
Elapsed time is 0.034042 seconds.
Data saved at t = 0.07995 s
Elapsed time is 0.028791 seconds.
Data saved at t = 0.08995 s
Elapsed time is 0.104750 seconds.
Data saved at t = 0.09995 s
Elapsed time is 0.028922 seconds.
Data saved at t = 0.10995 s
Elapsed time is 0.029199 seconds.
2400 / 300000 time steps completed. t = 0.119950 s
Elapsed time is 7.501664 seconds.
Data saved at t = 0.11995 s
Elapsed time is 0.039060 seconds.
Data saved at t = 0.12995 s
Elapsed time is 0.033320 seconds.
Data saved at t = 0.13995 s
Elapsed time is 0.028165 seconds.
Data saved at t = 0.14995 s
Elapsed time is 0.032529 seconds.
Data saved at t = 0.15995 s
Elapsed time is 0.028916 seconds.
Data saved at t = 0.16995 s
Elapsed time is 0.032648 seconds.
3600 / 300000 time steps completed. t = 0.179950 s
Elapsed time is 7.504566 seconds.
Data saved at t = 0.17995 s
Elapsed time is 0.028327 seconds.
Data saved at t = 0.18995 s
Elapsed time is 0.030201 seconds.
Data saved at t = 0.19995 s
Elapsed time is 0.029126 seconds.
Data saved at t = 0.20995 s
Elapsed time is 0.053566 seconds.
Data saved at t = 0.21995 s
Elapsed time is 0.042897 seconds.
Data saved at t = 0.22995 s
Elapsed time is 0.028368 seconds.
4800 / 300000 time steps completed. t = 0.239950 s
Elapsed time is 7.501769 seconds.
Data saved at t = 0.23995 s
Elapsed time is 0.028302 seconds.
Data saved at t = 0.24995 s
Elapsed time is 0.032365 seconds.
Data saved at t = 0.25995 s
Elapsed time is 0.028527 seconds.
Data saved at t = 0.26995 s
Elapsed time is 0.034053 seconds.
Data saved at t = 0.27995 s
Elapsed time is 0.028865 seconds.
Data saved at t = 0.28995 s
Elapsed time is 0.032165 seconds.
6000 / 300000 time steps completed. t = 0.299950 s
Elapsed time is 7.503335 seconds.
Data saved at t = 0.29995 s
Elapsed time is 0.038552 seconds.
Data saved at t = 0.30995 s
Elapsed time is 0.037816 seconds.
Data saved at t = 0.31995 s
Elapsed time is 0.072205 seconds.
Data saved at t = 0.32995 s
Elapsed time is 0.028642 seconds.
Data saved at t = 0.33995 s
Elapsed time is 0.029013 seconds.
Data saved at t = 0.34995 s
Elapsed time is 0.028381 seconds.
7200 / 300000 time steps completed. t = 0.359950 s
Elapsed time is 7.455196 seconds.
Data saved at t = 0.35995 s
Elapsed time is 0.027849 seconds.
Data saved at t = 0.36995 s
Elapsed time is 0.027960 seconds.
Data saved at t = 0.37995 s
Elapsed time is 0.028787 seconds.
Data saved at t = 0.38995 s
Elapsed time is 0.028206 seconds.
Data saved at t = 0.39995 s
Elapsed time is 0.028223 seconds.
Data saved at t = 0.40995 s
Elapsed time is 0.029067 seconds.
8400 / 300000 time steps completed. t = 0.419950 s
Elapsed time is 7.498203 seconds.
Data saved at t = 0.41995 s
Elapsed time is 0.028914 seconds.
Data saved at t = 0.42995 s
Elapsed time is 0.028547 seconds.
Data saved at t = 0.43995 s
Elapsed time is 0.028755 seconds.
Data saved at t = 0.44995 s
Elapsed time is 0.028580 seconds.
Data saved at t = 0.45995 s
Elapsed time is 0.028841 seconds.
Data saved at t = 0.46995 s
Elapsed time is 0.029332 seconds.
9600 / 300000 time steps completed. t = 0.479950 s
Elapsed time is 7.485557 seconds.
Data saved at t = 0.47995 s
Elapsed time is 0.028672 seconds.
Data saved at t = 0.48995 s
Elapsed time is 0.028659 seconds.
Data saved at t = 0.49995 s
Elapsed time is 0.028883 seconds.
Data saved at t = 0.50995 s
Elapsed time is 0.028697 seconds.
Data saved at t = 0.51995 s
Elapsed time is 0.034036 seconds.
Data saved at t = 0.52995 s
Elapsed time is 0.029032 seconds.
10800 / 300000 time steps completed. t = 0.539950 s
Elapsed time is 7.525178 seconds.
Data saved at t = 0.53995 s
Elapsed time is 0.032676 seconds.
Data saved at t = 0.54995 s
Elapsed time is 0.028575 seconds.
Data saved at t = 0.55995 s
Elapsed time is 0.029423 seconds.
Data saved at t = 0.56995 s
Elapsed time is 0.029103 seconds.
Data saved at t = 0.57995 s
Elapsed time is 0.029193 seconds.
Data saved at t = 0.58995 s
Elapsed time is 0.028961 seconds.
12000 / 300000 time steps completed. t = 0.599950 s
Elapsed time is 7.492771 seconds.
Data saved at t = 0.59995 s
Elapsed time is 0.048831 seconds.
Data saved at t = 0.60995 s
Elapsed time is 0.087300 seconds.
Data saved at t = 0.61995 s
Elapsed time is 0.049135 seconds.
Data saved at t = 0.62995 s
Elapsed time is 0.094327 seconds.
Data saved at t = 0.63995 s
Elapsed time is 0.029653 seconds.
Data saved at t = 0.64995 s
Elapsed time is 0.028696 seconds.
13200 / 300000 time steps completed. t = 0.659950 s
Elapsed time is 7.489680 seconds.
Data saved at t = 0.65995 s
Elapsed time is 0.032311 seconds.
Data saved at t = 0.66995 s
Elapsed time is 0.028693 seconds.
Data saved at t = 0.67995 s
Elapsed time is 0.028264 seconds.
Data saved at t = 0.68995 s
Elapsed time is 0.032530 seconds.
Data saved at t = 0.69995 s
Elapsed time is 0.028973 seconds.
Data saved at t = 0.70995 s
Elapsed time is 0.030374 seconds.
14400 / 300000 time steps completed. t = 0.719950 s
Elapsed time is 7.484273 seconds.
Data saved at t = 0.71995 s
Elapsed time is 0.028217 seconds.
Data saved at t = 0.72995 s
Elapsed time is 0.028286 seconds.
Data saved at t = 0.73995 s
Elapsed time is 0.028846 seconds.
Data saved at t = 0.74995 s
Elapsed time is 0.028564 seconds.
Data saved at t = 0.75995 s
Elapsed time is 0.028127 seconds.
Data saved at t = 0.76995 s
Elapsed time is 0.029513 seconds.
15600 / 300000 time steps completed. t = 0.779950 s
Elapsed time is 7.485738 seconds.
Data saved at t = 0.77995 s
Elapsed time is 0.126132 seconds.
Data saved at t = 0.78995 s
Elapsed time is 0.028673 seconds.
Data saved at t = 0.79995 s
Elapsed time is 0.028541 seconds.
Data saved at t = 0.80995 s
Elapsed time is 0.032642 seconds.
Data saved at t = 0.81995 s
Elapsed time is 0.028584 seconds.
Data saved at t = 0.82995 s
Elapsed time is 0.032318 seconds.
16800 / 300000 time steps completed. t = 0.839950 s
Elapsed time is 7.490701 seconds.
Data saved at t = 0.83995 s
Elapsed time is 0.036853 seconds.
Data saved at t = 0.84995 s
Elapsed time is 0.028801 seconds.
Data saved at t = 0.85995 s
Elapsed time is 0.032916 seconds.
Data saved at t = 0.86995 s
Elapsed time is 0.028823 seconds.
Data saved at t = 0.87995 s
Elapsed time is 0.028814 seconds.
Data saved at t = 0.88995 s
Elapsed time is 0.028372 seconds.
18000 / 300000 time steps completed. t = 0.899950 s
Elapsed time is 7.483772 seconds.
Data saved at t = 0.89995 s
Elapsed time is 0.028586 seconds.
Data saved at t = 0.90995 s
Elapsed time is 0.028262 seconds.
Data saved at t = 0.91995 s
Elapsed time is 0.028858 seconds.
Data saved at t = 0.92995 s
Elapsed time is 0.032384 seconds.
Data saved at t = 0.93995 s
Elapsed time is 0.028740 seconds.
Data saved at t = 0.94995 s
Elapsed time is 0.029540 seconds.
19200 / 300000 time steps completed. t = 0.959950 s
Elapsed time is 7.479010 seconds.
Data saved at t = 0.95995 s
Elapsed time is 0.028649 seconds.
Data saved at t = 0.96995 s
Elapsed time is 0.028560 seconds.
Data saved at t = 0.97995 s
Elapsed time is 0.027966 seconds.
Data saved at t = 0.98995 s
Elapsed time is 0.028798 seconds.
Data saved at t = 0.99995 s
Elapsed time is 0.028415 seconds.
Data saved at t = 1.0099 s
Elapsed time is 0.031307 seconds.
20400 / 300000 time steps completed. t = 1.019950 s
Elapsed time is 7.485005 seconds.
Data saved at t = 1.0199 s
Elapsed time is 0.030394 seconds.
Data saved at t = 1.0299 s
Elapsed time is 0.028721 seconds.
Data saved at t = 1.0399 s
Elapsed time is 0.028153 seconds.
Data saved at t = 1.0499 s
Elapsed time is 0.032293 seconds.
Data saved at t = 1.0599 s
Elapsed time is 0.027409 seconds.
Data saved at t = 1.0699 s
Elapsed time is 0.028182 seconds.
21600 / 300000 time steps completed. t = 1.079950 s
Elapsed time is 7.485335 seconds.
Data saved at t = 1.0799 s
Elapsed time is 0.028246 seconds.
Data saved at t = 1.0899 s
Elapsed time is 0.028346 seconds.
Data saved at t = 1.0999 s
Elapsed time is 0.028413 seconds.
Data saved at t = 1.1099 s
Elapsed time is 0.028990 seconds.
Data saved at t = 1.1199 s
Elapsed time is 0.028313 seconds.
Data saved at t = 1.1299 s
Elapsed time is 0.027939 seconds.
22800 / 300000 time steps completed. t = 1.139950 s
Elapsed time is 7.464230 seconds.
Data saved at t = 1.1399 s
Elapsed time is 0.027616 seconds.
Data saved at t = 1.1499 s
Elapsed time is 0.031898 seconds.
Data saved at t = 1.1599 s
Elapsed time is 0.028312 seconds.
Data saved at t = 1.1699 s
Elapsed time is 0.029027 seconds.
Data saved at t = 1.1799 s
Elapsed time is 0.028734 seconds.
Data saved at t = 1.1899 s
Elapsed time is 0.028459 seconds.
24000 / 300000 time steps completed. t = 1.199950 s
Elapsed time is 7.476187 seconds.
Data saved at t = 1.1999 s
Elapsed time is 0.032871 seconds.
Data saved at t = 1.2099 s
Elapsed time is 0.028595 seconds.
Data saved at t = 1.2199 s
Elapsed time is 0.032993 seconds.
Data saved at t = 1.2299 s
Elapsed time is 0.027898 seconds.
Data saved at t = 1.2399 s
Elapsed time is 0.028178 seconds.
Data saved at t = 1.2499 s
Elapsed time is 0.028232 seconds.
25200 / 300000 time steps completed. t = 1.259950 s
Elapsed time is 7.485767 seconds.
Data saved at t = 1.2599 s
Elapsed time is 0.028514 seconds.
Data saved at t = 1.2699 s
Elapsed time is 0.028684 seconds.
Data saved at t = 1.2799 s
Elapsed time is 0.028632 seconds.
Data saved at t = 1.2899 s
Elapsed time is 0.028592 seconds.
Data saved at t = 1.2999 s
Elapsed time is 0.028884 seconds.
Data saved at t = 1.3099 s
Elapsed time is 0.028541 seconds.
26400 / 300000 time steps completed. t = 1.319950 s
Elapsed time is 7.462975 seconds.
Data saved at t = 1.3199 s
Elapsed time is 0.032609 seconds.
Data saved at t = 1.3299 s
Elapsed time is 0.029261 seconds.
Data saved at t = 1.3399 s
Elapsed time is 0.029220 seconds.
Data saved at t = 1.3499 s
Elapsed time is 0.029124 seconds.
Data saved at t = 1.3599 s
Elapsed time is 0.028087 seconds.
Data saved at t = 1.3699 s
Elapsed time is 0.028166 seconds.
27600 / 300000 time steps completed. t = 1.379950 s
Elapsed time is 7.474733 seconds.
Data saved at t = 1.3799 s
Elapsed time is 0.028815 seconds.
Data saved at t = 1.3899 s
Elapsed time is 0.029243 seconds.
Data saved at t = 1.3999 s
Elapsed time is 0.028935 seconds.
Data saved at t = 1.4099 s
Elapsed time is 0.028776 seconds.
Data saved at t = 1.4199 s
Elapsed time is 0.028480 seconds.
Data saved at t = 1.4299 s
Elapsed time is 0.029039 seconds.
28800 / 300000 time steps completed. t = 1.439950 s
Elapsed time is 7.473509 seconds.
Data saved at t = 1.4399 s
Elapsed time is 0.028650 seconds.
Data saved at t = 1.4499 s
Elapsed time is 0.028941 seconds.
Data saved at t = 1.4599 s
Elapsed time is 0.028497 seconds.
Data saved at t = 1.4699 s
Elapsed time is 0.031990 seconds.
Data saved at t = 1.4799 s
Elapsed time is 0.028593 seconds.
Data saved at t = 1.4899 s
Elapsed time is 0.032304 seconds.
30000 / 300000 time steps completed. t = 1.499950 s
Elapsed time is 7.425669 seconds.
Data saved at t = 1.4999 s
Elapsed time is 0.029009 seconds.
Data saved at t = 1.5099 s
Elapsed time is 0.028612 seconds.
Data saved at t = 1.5199 s
Elapsed time is 0.028574 seconds.
Data saved at t = 1.5299 s
Elapsed time is 0.028771 seconds.
Data saved at t = 1.5399 s
Elapsed time is 0.028912 seconds.
Data saved at t = 1.5499 s
Elapsed time is 0.028817 seconds.
31200 / 300000 time steps completed. t = 1.559950 s
Elapsed time is 7.466340 seconds.
Data saved at t = 1.5599 s
Elapsed time is 0.028680 seconds.
Data saved at t = 1.5699 s
Elapsed time is 0.031798 seconds.
Data saved at t = 1.5799 s
Elapsed time is 0.028107 seconds.
Data saved at t = 1.5899 s
Elapsed time is 0.028196 seconds.
Data saved at t = 1.5999 s
Elapsed time is 0.028403 seconds.
Data saved at t = 1.6099 s
Elapsed time is 0.027994 seconds.
32400 / 300000 time steps completed. t = 1.619950 s
Elapsed time is 7.469603 seconds.
Data saved at t = 1.6199 s
Elapsed time is 0.031840 seconds.
Data saved at t = 1.6299 s
Elapsed time is 0.027911 seconds.
Data saved at t = 1.6399 s
Elapsed time is 0.032111 seconds.
Data saved at t = 1.6499 s
Elapsed time is 0.036483 seconds.
Data saved at t = 1.6599 s
Elapsed time is 0.028062 seconds.
Data saved at t = 1.6699 s
Elapsed time is 0.031575 seconds.
33600 / 300000 time steps completed. t = 1.679950 s
Elapsed time is 7.419781 seconds.
Data saved at t = 1.6799 s
Elapsed time is 0.027893 seconds.
Data saved at t = 1.6899 s
Elapsed time is 0.034703 seconds.
Data saved at t = 1.6999 s
Elapsed time is 0.028518 seconds.
Data saved at t = 1.7099 s
Elapsed time is 0.031790 seconds.
Data saved at t = 1.7199 s
Elapsed time is 0.027625 seconds.
Data saved at t = 1.7299 s
Elapsed time is 0.028007 seconds.
34800 / 300000 time steps completed. t = 1.739950 s
Elapsed time is 7.407255 seconds.
Data saved at t = 1.7399 s
Elapsed time is 0.031678 seconds.
Data saved at t = 1.7499 s
Elapsed time is 0.027919 seconds.
Data saved at t = 1.7599 s
Elapsed time is 0.031771 seconds.
Data saved at t = 1.7699 s
Elapsed time is 0.028043 seconds.
Data saved at t = 1.7799 s
Elapsed time is 0.028767 seconds.
Data saved at t = 1.7899 s
Elapsed time is 0.027923 seconds.
36000 / 300000 time steps completed. t = 1.799950 s
Elapsed time is 7.412955 seconds.
Data saved at t = 1.7999 s
Elapsed time is 0.028140 seconds.
Data saved at t = 1.8099 s
Elapsed time is 0.029080 seconds.
Data saved at t = 1.8199 s
Elapsed time is 0.028137 seconds.
Data saved at t = 1.8299 s
Elapsed time is 0.028231 seconds.
Data saved at t = 1.8399 s
Elapsed time is 0.028938 seconds.
Data saved at t = 1.8499 s
Elapsed time is 0.028830 seconds.
37200 / 300000 time steps completed. t = 1.859950 s
Elapsed time is 7.465285 seconds.
Data saved at t = 1.8599 s
Elapsed time is 0.027774 seconds.
Data saved at t = 1.8699 s
Elapsed time is 0.028016 seconds.
Data saved at t = 1.8799 s
Elapsed time is 0.028131 seconds.
Data saved at t = 1.8899 s
Elapsed time is 0.031824 seconds.
Data saved at t = 1.8999 s
Elapsed time is 0.030393 seconds.
Data saved at t = 1.9099 s
Elapsed time is 0.028496 seconds.
38400 / 300000 time steps completed. t = 1.919950 s
Elapsed time is 7.414378 seconds.
Data saved at t = 1.9199 s
Elapsed time is 0.028265 seconds.
Data saved at t = 1.9299 s
Elapsed time is 0.031746 seconds.
Data saved at t = 1.9399 s
Elapsed time is 0.029187 seconds.
Data saved at t = 1.9499 s
Elapsed time is 0.028224 seconds.
Data saved at t = 1.9599 s
Elapsed time is 0.027742 seconds.
Data saved at t = 1.9699 s
Elapsed time is 0.027991 seconds.
39600 / 300000 time steps completed. t = 1.979950 s
Elapsed time is 7.457747 seconds.
Data saved at t = 1.9799 s
Elapsed time is 0.028201 seconds.
Data saved at t = 1.9899 s
Elapsed time is 0.027983 seconds.
Data saved at t = 1.9999 s
Elapsed time is 0.028790 seconds.
Data saved at t = 2.0099 s
Elapsed time is 0.032066 seconds.
Data saved at t = 2.0199 s
Elapsed time is 0.028328 seconds.
Data saved at t = 2.0299 s
Elapsed time is 0.032444 seconds.
40800 / 300000 time steps completed. t = 2.039950 s
Elapsed time is 7.459035 seconds.
Data saved at t = 2.0399 s
Elapsed time is 0.028049 seconds.
Data saved at t = 2.0499 s
Elapsed time is 0.028784 seconds.
Data saved at t = 2.0599 s
Elapsed time is 0.028230 seconds.
Data saved at t = 2.0699 s
Elapsed time is 0.028429 seconds.
Data saved at t = 2.0799 s
Elapsed time is 0.028053 seconds.
Data saved at t = 2.0899 s
Elapsed time is 0.028244 seconds.
42000 / 300000 time steps completed. t = 2.099950 s
Elapsed time is 7.464907 seconds.
Data saved at t = 2.0999 s
Elapsed time is 0.028066 seconds.
Data saved at t = 2.1099 s
Elapsed time is 0.032929 seconds.
Data saved at t = 2.1199 s
Elapsed time is 0.028276 seconds.
Data saved at t = 2.1299 s
Elapsed time is 0.028321 seconds.
Data saved at t = 2.1399 s
Elapsed time is 0.028361 seconds.
Data saved at t = 2.1499 s
Elapsed time is 0.028553 seconds.
43200 / 300000 time steps completed. t = 2.159950 s
Elapsed time is 7.463283 seconds.
Data saved at t = 2.1599 s
Elapsed time is 0.028637 seconds.
Data saved at t = 2.1699 s
Elapsed time is 0.028024 seconds.
Data saved at t = 2.1799 s
Elapsed time is 0.027827 seconds.
Data saved at t = 2.1899 s
Elapsed time is 0.028427 seconds.
Data saved at t = 2.1999 s
Elapsed time is 0.029704 seconds.
Data saved at t = 2.2099 s
Elapsed time is 0.028996 seconds.
44400 / 300000 time steps completed. t = 2.219950 s
Elapsed time is 7.456973 seconds.
Data saved at t = 2.2199 s
Elapsed time is 0.028150 seconds.
Data saved at t = 2.2299 s
Elapsed time is 0.031676 seconds.
Data saved at t = 2.2399 s
Elapsed time is 0.028050 seconds.
Data saved at t = 2.2499 s
Elapsed time is 0.031595 seconds.
Data saved at t = 2.2599 s
Elapsed time is 0.028583 seconds.
Data saved at t = 2.2699 s
Elapsed time is 0.028141 seconds.
45600 / 300000 time steps completed. t = 2.279950 s
Elapsed time is 7.470547 seconds.
Data saved at t = 2.2799 s
Elapsed time is 0.028075 seconds.
Data saved at t = 2.2899 s
Elapsed time is 0.028205 seconds.
Data saved at t = 2.2999 s
Elapsed time is 0.027903 seconds.
Data saved at t = 2.3099 s
Elapsed time is 0.028089 seconds.
Data saved at t = 2.3199 s
Elapsed time is 0.028167 seconds.
Data saved at t = 2.3299 s
Elapsed time is 0.028187 seconds.
46800 / 300000 time steps completed. t = 2.339950 s
Elapsed time is 7.468808 seconds.
Data saved at t = 2.3399 s
Elapsed time is 0.028369 seconds.
Data saved at t = 2.3499 s
Elapsed time is 0.031919 seconds.
Data saved at t = 2.3599 s
Elapsed time is 0.028647 seconds.
Data saved at t = 2.3699 s
Elapsed time is 0.028309 seconds.
Data saved at t = 2.38 s
Elapsed time is 0.028341 seconds.
Data saved at t = 2.3899 s
Elapsed time is 0.027863 seconds.
48000 / 300000 time steps completed. t = 2.399950 s
Elapsed time is 7.465471 seconds.
Data saved at t = 2.3999 s
Elapsed time is 0.028366 seconds.
Data saved at t = 2.4099 s
Elapsed time is 0.027974 seconds.
Data saved at t = 2.4199 s
Elapsed time is 0.028820 seconds.
Data saved at t = 2.4299 s
Elapsed time is 0.028543 seconds.
Data saved at t = 2.4399 s
Elapsed time is 0.028415 seconds.
Data saved at t = 2.4499 s
Elapsed time is 0.032032 seconds.
49200 / 300000 time steps completed. t = 2.459950 s
Elapsed time is 7.422208 seconds.
Data saved at t = 2.4599 s
Elapsed time is 0.037200 seconds.
Data saved at t = 2.4699 s
Elapsed time is 0.028326 seconds.
Data saved at t = 2.4799 s
Elapsed time is 0.028223 seconds.
Data saved at t = 2.4899 s
Elapsed time is 0.028247 seconds.
Data saved at t = 2.4999 s
Elapsed time is 0.028336 seconds.
Data saved at t = 2.5099 s
Elapsed time is 0.027957 seconds.
50400 / 300000 time steps completed. t = 2.519950 s
Elapsed time is 7.411900 seconds.
Data saved at t = 2.5199 s
Elapsed time is 0.032006 seconds.
Data saved at t = 2.5299 s
Elapsed time is 0.028416 seconds.
Data saved at t = 2.5399 s
Elapsed time is 0.027800 seconds.
Data saved at t = 2.5499 s
Elapsed time is 0.028442 seconds.
Data saved at t = 2.5599 s
Elapsed time is 0.028011 seconds.
Data saved at t = 2.5699 s
Elapsed time is 0.030787 seconds.
51600 / 300000 time steps completed. t = 2.579950 s
Elapsed time is 7.464689 seconds.
Data saved at t = 2.5799 s
Elapsed time is 0.097417 seconds.
Data saved at t = 2.5899 s
Elapsed time is 0.031793 seconds.
Data saved at t = 2.5999 s
Elapsed time is 0.027983 seconds.
Data saved at t = 2.6099 s
Elapsed time is 0.027979 seconds.
Data saved at t = 2.6199 s
Elapsed time is 0.028072 seconds.
Data saved at t = 2.6299 s
Elapsed time is 0.028126 seconds.
52800 / 300000 time steps completed. t = 2.639950 s
Elapsed time is 7.464259 seconds.
Data saved at t = 2.6399 s
Elapsed time is 0.028267 seconds.
Data saved at t = 2.6499 s
Elapsed time is 0.030763 seconds.
Data saved at t = 2.6599 s
Elapsed time is 0.028471 seconds.
Data saved at t = 2.6699 s
Elapsed time is 0.031808 seconds.
Data saved at t = 2.6799 s
Elapsed time is 0.028041 seconds.
Data saved at t = 2.6899 s
Elapsed time is 0.029118 seconds.
54000 / 300000 time steps completed. t = 2.699950 s
Elapsed time is 7.422485 seconds.
Data saved at t = 2.6999 s
Elapsed time is 0.028172 seconds.
Data saved at t = 2.7099 s
Elapsed time is 0.028045 seconds.
Data saved at t = 2.7199 s
Elapsed time is 0.028029 seconds.
Data saved at t = 2.7299 s
Elapsed time is 0.026688 seconds.
Data saved at t = 2.7399 s
Elapsed time is 0.025992 seconds.
Data saved at t = 2.7499 s
Elapsed time is 0.026742 seconds.
55200 / 300000 time steps completed. t = 2.759950 s
Elapsed time is 6.706671 seconds.
Data saved at t = 2.7599 s
Elapsed time is 0.026406 seconds.
Data saved at t = 2.7699 s
Elapsed time is 0.026103 seconds.
Data saved at t = 2.7799 s
Elapsed time is 0.027782 seconds.
Data saved at t = 2.7899 s
Elapsed time is 0.026035 seconds.
Data saved at t = 2.7999 s
Elapsed time is 0.025787 seconds.
Data saved at t = 2.8099 s
Elapsed time is 0.026316 seconds.
56400 / 300000 time steps completed. t = 2.819950 s
Elapsed time is 6.695247 seconds.
Data saved at t = 2.8199 s
Elapsed time is 0.025896 seconds.
Data saved at t = 2.8299 s
Elapsed time is 0.026229 seconds.
Data saved at t = 2.8399 s
Elapsed time is 0.025928 seconds.
Data saved at t = 2.8499 s
Elapsed time is 0.026057 seconds.
Data saved at t = 2.8599 s
Elapsed time is 0.025928 seconds.
Data saved at t = 2.8699 s
Elapsed time is 0.025999 seconds.
57600 / 300000 time steps completed. t = 2.879950 s
Elapsed time is 6.696556 seconds.
Data saved at t = 2.8799 s
Elapsed time is 0.025616 seconds.
Data saved at t = 2.8899 s
Elapsed time is 0.026350 seconds.
Data saved at t = 2.8999 s
Elapsed time is 0.026114 seconds.
Data saved at t = 2.9099 s
Elapsed time is 0.026419 seconds.
Data saved at t = 2.9199 s
Elapsed time is 0.025871 seconds.
Data saved at t = 2.9299 s
Elapsed time is 0.026433 seconds.
58800 / 300000 time steps completed. t = 2.939950 s
Elapsed time is 6.696393 seconds.
Data saved at t = 2.94 s
Elapsed time is 0.025901 seconds.
Data saved at t = 2.9499 s
Elapsed time is 0.026877 seconds.
Data saved at t = 2.9599 s
Elapsed time is 0.027633 seconds.
Data saved at t = 2.9699 s
Elapsed time is 0.026097 seconds.
Data saved at t = 2.9799 s
Elapsed time is 0.026531 seconds.
Data saved at t = 2.9899 s
Elapsed time is 0.026403 seconds.
60000 / 300000 time steps completed. t = 2.999950 s
Elapsed time is 6.697708 seconds.
Data saved at t = 2.9999 s
Elapsed time is 0.026112 seconds.
Data saved at t = 3.0099 s
Elapsed time is 0.029453 seconds.
Data saved at t = 3.0199 s
Elapsed time is 0.026175 seconds.
Data saved at t = 3.0299 s
Elapsed time is 0.026177 seconds.
Data saved at t = 3.0399 s
Elapsed time is 0.026008 seconds.
Data saved at t = 3.0499 s
Elapsed time is 0.026517 seconds.
61200 / 300000 time steps completed. t = 3.059950 s
Elapsed time is 6.705104 seconds.
Data saved at t = 3.0599 s
Elapsed time is 0.026073 seconds.
Data saved at t = 3.0699 s
Elapsed time is 0.025603 seconds.
Data saved at t = 3.0799 s
Elapsed time is 0.025704 seconds.
Data saved at t = 3.0899 s
Elapsed time is 0.026129 seconds.
Data saved at t = 3.0999 s
Elapsed time is 0.026154 seconds.
Data saved at t = 3.1099 s
Elapsed time is 0.026049 seconds.
62400 / 300000 time steps completed. t = 3.119950 s
Elapsed time is 6.697766 seconds.
Data saved at t = 3.1199 s
Elapsed time is 0.025966 seconds.
Data saved at t = 3.1299 s
Elapsed time is 0.026205 seconds.
Data saved at t = 3.1399 s
Elapsed time is 0.026120 seconds.
Data saved at t = 3.1499 s
Elapsed time is 0.026771 seconds.
Data saved at t = 3.1599 s
Elapsed time is 0.025603 seconds.
Data saved at t = 3.1699 s
Elapsed time is 0.025782 seconds.
63600 / 300000 time steps completed. t = 3.179950 s
Elapsed time is 6.699913 seconds.
Data saved at t = 3.1799 s
Elapsed time is 0.025705 seconds.
Data saved at t = 3.1899 s
Elapsed time is 0.026798 seconds.
Data saved at t = 3.1999 s
Elapsed time is 0.028125 seconds.
Data saved at t = 3.2099 s
Elapsed time is 0.026053 seconds.
Data saved at t = 3.2199 s
Elapsed time is 0.026080 seconds.
Data saved at t = 3.2299 s
Elapsed time is 0.026641 seconds.
64800 / 300000 time steps completed. t = 3.239950 s
Elapsed time is 6.692444 seconds.
Data saved at t = 3.2399 s
Elapsed time is 0.025713 seconds.
Data saved at t = 3.2499 s
Elapsed time is 0.025677 seconds.
Data saved at t = 3.2599 s
Elapsed time is 0.025430 seconds.
Data saved at t = 3.2699 s
Elapsed time is 0.026314 seconds.
Data saved at t = 3.2799 s
Elapsed time is 0.041674 seconds.
Data saved at t = 3.2899 s
Elapsed time is 0.028432 seconds.
66000 / 300000 time steps completed. t = 3.299950 s
Elapsed time is 7.466338 seconds.
Data saved at t = 3.2999 s
Elapsed time is 0.028177 seconds.
Data saved at t = 3.3099 s
Elapsed time is 0.028308 seconds.
Data saved at t = 3.3199 s
Elapsed time is 0.028400 seconds.
Data saved at t = 3.3299 s
Elapsed time is 0.028943 seconds.
Data saved at t = 3.3399 s
Elapsed time is 0.076729 seconds.
Data saved at t = 3.3499 s
Elapsed time is 0.113877 seconds.
67200 / 300000 time steps completed. t = 3.359950 s
Elapsed time is 7.555515 seconds.
Data saved at t = 3.3599 s
Elapsed time is 0.028456 seconds.
Data saved at t = 3.3699 s
Elapsed time is 0.028148 seconds.
Data saved at t = 3.38 s
Elapsed time is 0.028920 seconds.
Data saved at t = 3.3899 s
Elapsed time is 0.028849 seconds.
Data saved at t = 3.3999 s
Elapsed time is 0.028401 seconds.
Data saved at t = 3.4099 s
Elapsed time is 0.032954 seconds.
68400 / 300000 time steps completed. t = 3.419950 s
Elapsed time is 7.476166 seconds.
Data saved at t = 3.4199 s
Elapsed time is 0.029347 seconds.
Data saved at t = 3.4299 s
Elapsed time is 0.027804 seconds.
Data saved at t = 3.4399 s
Elapsed time is 0.028327 seconds.
Data saved at t = 3.4499 s
Elapsed time is 0.028425 seconds.
Data saved at t = 3.4599 s
Elapsed time is 0.031413 seconds.
Data saved at t = 3.4699 s
Elapsed time is 0.028792 seconds.
69600 / 300000 time steps completed. t = 3.479950 s
Elapsed time is 7.436885 seconds.
Data saved at t = 3.4799 s
Elapsed time is 0.028139 seconds.
Data saved at t = 3.4899 s
Elapsed time is 0.027812 seconds.
Data saved at t = 3.4999 s
Elapsed time is 0.028842 seconds.
Data saved at t = 3.5099 s
Elapsed time is 0.027866 seconds.
Data saved at t = 3.5199 s
Elapsed time is 0.027864 seconds.
Data saved at t = 3.5299 s
Elapsed time is 0.031776 seconds.
70800 / 300000 time steps completed. t = 3.539950 s
Elapsed time is 7.460423 seconds.
Data saved at t = 3.5399 s
Elapsed time is 0.028386 seconds.
Data saved at t = 3.5499 s
Elapsed time is 0.029936 seconds.
Data saved at t = 3.5599 s
Elapsed time is 0.027861 seconds.
Data saved at t = 3.5699 s
Elapsed time is 0.028236 seconds.
Data saved at t = 3.5799 s
Elapsed time is 0.032057 seconds.
Data saved at t = 3.5899 s
Elapsed time is 0.028986 seconds.
72000 / 300000 time steps completed. t = 3.599950 s
Elapsed time is 7.479006 seconds.
Data saved at t = 3.5999 s
Elapsed time is 0.029737 seconds.
Data saved at t = 3.6099 s
Elapsed time is 0.028291 seconds.
Data saved at t = 3.6199 s
Elapsed time is 0.028566 seconds.
Data saved at t = 3.6299 s
Elapsed time is 0.029336 seconds.
Data saved at t = 3.6399 s
Elapsed time is 0.028344 seconds.
Data saved at t = 3.6499 s
Elapsed time is 0.028640 seconds.
73200 / 300000 time steps completed. t = 3.659950 s
Elapsed time is 7.485709 seconds.
Data saved at t = 3.6599 s
Elapsed time is 0.028478 seconds.
Data saved at t = 3.6699 s
Elapsed time is 0.028419 seconds.
Data saved at t = 3.6799 s
Elapsed time is 0.033161 seconds.
Data saved at t = 3.6899 s
Elapsed time is 0.029056 seconds.
Data saved at t = 3.6999 s
Elapsed time is 0.030308 seconds.
Data saved at t = 3.7099 s
Elapsed time is 0.029706 seconds.
74400 / 300000 time steps completed. t = 3.719950 s
Elapsed time is 7.494019 seconds.
Data saved at t = 3.7199 s
Elapsed time is 0.028936 seconds.
Data saved at t = 3.7299 s
Elapsed time is 0.028569 seconds.
Data saved at t = 3.7399 s
Elapsed time is 0.028703 seconds.
Data saved at t = 3.7499 s
Elapsed time is 0.028564 seconds.
Data saved at t = 3.7599 s
Elapsed time is 0.028420 seconds.
Data saved at t = 3.7699 s
Elapsed time is 0.033010 seconds.
75600 / 300000 time steps completed. t = 3.779950 s
Elapsed time is 7.476500 seconds.
Data saved at t = 3.7799 s
Elapsed time is 0.028345 seconds.
Data saved at t = 3.7899 s
Elapsed time is 0.028220 seconds.
Data saved at t = 3.7999 s
Elapsed time is 0.028653 seconds.
Data saved at t = 3.8099 s
Elapsed time is 0.028616 seconds.
Data saved at t = 3.8199 s
Elapsed time is 0.031010 seconds.
Data saved at t = 3.8299 s
Elapsed time is 0.029851 seconds.
76800 / 300000 time steps completed. t = 3.839950 s
Elapsed time is 7.482504 seconds.
Data saved at t = 3.8399 s
Elapsed time is 0.028091 seconds.
Data saved at t = 3.8499 s
Elapsed time is 0.032706 seconds.
Data saved at t = 3.8599 s
Elapsed time is 0.029190 seconds.
Data saved at t = 3.8699 s
Elapsed time is 0.028767 seconds.
Data saved at t = 3.8799 s
Elapsed time is 0.028601 seconds.
Data saved at t = 3.8899 s
Elapsed time is 0.028555 seconds.
78000 / 300000 time steps completed. t = 3.899950 s
Elapsed time is 7.482001 seconds.
Data saved at t = 3.8999 s
Elapsed time is 0.029274 seconds.
Data saved at t = 3.9099 s
Elapsed time is 0.028694 seconds.
Data saved at t = 3.9199 s
Elapsed time is 0.028225 seconds.
Data saved at t = 3.9299 s
Elapsed time is 0.028780 seconds.
Data saved at t = 3.9399 s
Elapsed time is 0.028356 seconds.
Data saved at t = 3.9499 s
Elapsed time is 0.028358 seconds.
79200 / 300000 time steps completed. t = 3.959950 s
Elapsed time is 7.485942 seconds.
Data saved at t = 3.9599 s
Elapsed time is 0.028509 seconds.
Data saved at t = 3.9699 s
Elapsed time is 0.032951 seconds.
Data saved at t = 3.9799 s
Elapsed time is 0.028932 seconds.
Data saved at t = 3.9899 s
Elapsed time is 0.028244 seconds.
Data saved at t = 3.9999 s
Elapsed time is 0.028540 seconds.
Data saved at t = 4.0099 s
Elapsed time is 0.028264 seconds.
80400 / 300000 time steps completed. t = 4.019950 s
Elapsed time is 7.489684 seconds.
Data saved at t = 4.0199 s
Elapsed time is 0.032088 seconds.
Data saved at t = 4.0299 s
Elapsed time is 0.028268 seconds.
Data saved at t = 4.0399 s
Elapsed time is 0.028404 seconds.
Data saved at t = 4.0499 s
Elapsed time is 0.030178 seconds.
Data saved at t = 4.0599 s
Elapsed time is 0.028175 seconds.
Data saved at t = 4.0699 s
Elapsed time is 0.028876 seconds.
81600 / 300000 time steps completed. t = 4.079950 s
Elapsed time is 7.478484 seconds.
Data saved at t = 4.0799 s
Elapsed time is 0.028204 seconds.
Data saved at t = 4.0899 s
Elapsed time is 0.033798 seconds.
Data saved at t = 4.0999 s
Elapsed time is 0.029111 seconds.
Data saved at t = 4.1099 s
Elapsed time is 0.028711 seconds.
Data saved at t = 4.1199 s
Elapsed time is 0.031639 seconds.
Data saved at t = 4.1299 s
Elapsed time is 0.028251 seconds.
82800 / 300000 time steps completed. t = 4.139950 s
Elapsed time is 7.487887 seconds.
Data saved at t = 4.1399 s
Elapsed time is 0.041306 seconds.
Data saved at t = 4.1499 s
Elapsed time is 0.028459 seconds.
Data saved at t = 4.1599 s
Elapsed time is 0.028235 seconds.
Data saved at t = 4.1699 s
Elapsed time is 0.028017 seconds.
Data saved at t = 4.1799 s
Elapsed time is 0.028785 seconds.
Data saved at t = 4.1899 s
Elapsed time is 0.027553 seconds.
84000 / 300000 time steps completed. t = 4.199950 s
Elapsed time is 7.483990 seconds.
Data saved at t = 4.1999 s
Elapsed time is 0.027674 seconds.
Data saved at t = 4.2099 s
Elapsed time is 0.032684 seconds.
Data saved at t = 4.2199 s
Elapsed time is 0.028974 seconds.
Data saved at t = 4.2299 s
Elapsed time is 0.028597 seconds.
Data saved at t = 4.2399 s
Elapsed time is 0.032156 seconds.
Data saved at t = 4.2499 s
Elapsed time is 0.028913 seconds.
85200 / 300000 time steps completed. t = 4.259950 s
Elapsed time is 7.486280 seconds.
Data saved at t = 4.2599 s
Elapsed time is 0.032013 seconds.
Data saved at t = 4.2699 s
Elapsed time is 0.028383 seconds.
Data saved at t = 4.2799 s
Elapsed time is 0.028396 seconds.
Data saved at t = 4.2899 s
Elapsed time is 0.031426 seconds.
Data saved at t = 4.2999 s
Elapsed time is 0.028105 seconds.
Data saved at t = 4.3099 s
Elapsed time is 0.031963 seconds.
86400 / 300000 time steps completed. t = 4.319950 s
Elapsed time is 7.483594 seconds.
Data saved at t = 4.3199 s
Elapsed time is 0.028041 seconds.
Data saved at t = 4.3299 s
Elapsed time is 0.027823 seconds.
Data saved at t = 4.3399 s
Elapsed time is 0.031888 seconds.
Data saved at t = 4.3499 s
Elapsed time is 0.028686 seconds.
Data saved at t = 4.3599 s
Elapsed time is 0.032551 seconds.
Data saved at t = 4.3699 s
Elapsed time is 0.029245 seconds.
87600 / 300000 time steps completed. t = 4.379950 s
Elapsed time is 7.487458 seconds.
Data saved at t = 4.3799 s
Elapsed time is 0.027808 seconds.
Data saved at t = 4.3899 s
Elapsed time is 0.032256 seconds.
Data saved at t = 4.3999 s
Elapsed time is 0.028004 seconds.
Data saved at t = 4.4099 s
Elapsed time is 0.032312 seconds.
Data saved at t = 4.4199 s
Elapsed time is 0.028227 seconds.
Data saved at t = 4.4299 s
Elapsed time is 0.028428 seconds.
88800 / 300000 time steps completed. t = 4.439950 s
Elapsed time is 7.479359 seconds.
Data saved at t = 4.4399 s
Elapsed time is 0.028560 seconds.
Data saved at t = 4.4499 s
Elapsed time is 0.027952 seconds.
Data saved at t = 4.4599 s
Elapsed time is 0.028484 seconds.
Data saved at t = 4.4699 s
Elapsed time is 0.028121 seconds.
Data saved at t = 4.4799 s
Elapsed time is 0.028679 seconds.
Data saved at t = 4.4899 s
Elapsed time is 0.028014 seconds.
90000 / 300000 time steps completed. t = 4.499950 s
Elapsed time is 7.481365 seconds.
Data saved at t = 4.4999 s
Elapsed time is 0.028060 seconds.
Data saved at t = 4.5099 s
Elapsed time is 0.029619 seconds.
Data saved at t = 4.5199 s
Elapsed time is 0.028053 seconds.
Data saved at t = 4.5299 s
Elapsed time is 0.027598 seconds.
Data saved at t = 4.5399 s
Elapsed time is 0.027898 seconds.
Data saved at t = 4.5499 s
Elapsed time is 0.028201 seconds.
91200 / 300000 time steps completed. t = 4.559950 s
Elapsed time is 7.477791 seconds.
Data saved at t = 4.5599 s
Elapsed time is 0.032034 seconds.
Data saved at t = 4.5699 s
Elapsed time is 0.028278 seconds.
Data saved at t = 4.5799 s
Elapsed time is 0.031165 seconds.
Data saved at t = 4.5899 s
Elapsed time is 0.027964 seconds.
Data saved at t = 4.5999 s
Elapsed time is 0.028713 seconds.
Data saved at t = 4.6099 s
Elapsed time is 0.031626 seconds.
92400 / 300000 time steps completed. t = 4.619950 s
Elapsed time is 7.480393 seconds.
Data saved at t = 4.6199 s
Elapsed time is 0.028161 seconds.
Data saved at t = 4.6299 s
Elapsed time is 0.032397 seconds.
Data saved at t = 4.6399 s
Elapsed time is 0.028733 seconds.
Data saved at t = 4.6499 s
Elapsed time is 0.028613 seconds.
Data saved at t = 4.6599 s
Elapsed time is 0.028169 seconds.
Data saved at t = 4.6699 s
Elapsed time is 0.028620 seconds.
93600 / 300000 time steps completed. t = 4.679950 s
Elapsed time is 7.481395 seconds.
Data saved at t = 4.6799 s
Elapsed time is 0.028533 seconds.
Data saved at t = 4.6899 s
Elapsed time is 0.028168 seconds.
Data saved at t = 4.6999 s
Elapsed time is 0.028207 seconds.
Data saved at t = 4.71 s
Elapsed time is 0.027982 seconds.
Data saved at t = 4.7199 s
Elapsed time is 0.029821 seconds.
Data saved at t = 4.7299 s
Elapsed time is 0.031256 seconds.
94800 / 300000 time steps completed. t = 4.739950 s
Elapsed time is 7.484705 seconds.
Data saved at t = 4.7399 s
Elapsed time is 0.027750 seconds.
Data saved at t = 4.7499 s
Elapsed time is 0.028379 seconds.
Data saved at t = 4.7599 s
Elapsed time is 0.028122 seconds.
Data saved at t = 4.7699 s
Elapsed time is 0.027779 seconds.
Data saved at t = 4.7799 s
Elapsed time is 0.027625 seconds.
Data saved at t = 4.7899 s
Elapsed time is 0.027951 seconds.
96000 / 300000 time steps completed. t = 4.799950 s
Elapsed time is 7.479145 seconds.
Data saved at t = 4.7999 s
Elapsed time is 0.029246 seconds.
Data saved at t = 4.8099 s
Elapsed time is 0.028116 seconds.
Data saved at t = 4.8199 s
Elapsed time is 0.029461 seconds.
Data saved at t = 4.8299 s
Elapsed time is 0.028676 seconds.
Data saved at t = 4.8399 s
Elapsed time is 0.028723 seconds.
Data saved at t = 4.8499 s
Elapsed time is 0.028348 seconds.
97200 / 300000 time steps completed. t = 4.859950 s
Elapsed time is 7.482052 seconds.
Data saved at t = 4.8599 s
Elapsed time is 0.028414 seconds.
Data saved at t = 4.8699 s
Elapsed time is 0.028477 seconds.
Data saved at t = 4.8799 s
Elapsed time is 0.028454 seconds.
Data saved at t = 4.8899 s
Elapsed time is 0.027963 seconds.
Data saved at t = 4.8999 s
Elapsed time is 0.028439 seconds.
Data saved at t = 4.9099 s
Elapsed time is 0.027861 seconds.
98400 / 300000 time steps completed. t = 4.919950 s
Elapsed time is 7.482568 seconds.
Data saved at t = 4.9199 s
Elapsed time is 0.031937 seconds.
Data saved at t = 4.9299 s
Elapsed time is 0.027253 seconds.
Data saved at t = 4.9399 s
Elapsed time is 0.028849 seconds.
Data saved at t = 4.9499 s
Elapsed time is 0.029183 seconds.
Data saved at t = 4.9599 s
Elapsed time is 0.028761 seconds.
Data saved at t = 4.9699 s
Elapsed time is 0.028419 seconds.
99600 / 300000 time steps completed. t = 4.979950 s
Elapsed time is 7.484467 seconds.
Data saved at t = 4.9799 s
Elapsed time is 0.027979 seconds.
Data saved at t = 4.9899 s
Elapsed time is 0.030380 seconds.
Data saved at t = 4.9999 s
Elapsed time is 0.029137 seconds.
Data saved at t = 5.0099 s
Elapsed time is 0.029712 seconds.
Data saved at t = 5.0199 s
Elapsed time is 0.028189 seconds.
Data saved at t = 5.0299 s
Elapsed time is 0.028449 seconds.
100800 / 300000 time steps completed. t = 5.039950 s
Elapsed time is 7.484773 seconds.
Data saved at t = 5.0399 s
Elapsed time is 0.028146 seconds.
Data saved at t = 5.0499 s
Elapsed time is 0.028325 seconds.
Data saved at t = 5.0599 s
Elapsed time is 0.028090 seconds.
Data saved at t = 5.0699 s
Elapsed time is 0.029119 seconds.
Data saved at t = 5.0799 s
Elapsed time is 0.028761 seconds.
Data saved at t = 5.0899 s
Elapsed time is 0.032952 seconds.
102000 / 300000 time steps completed. t = 5.099950 s
Elapsed time is 7.479109 seconds.
Data saved at t = 5.0999 s
Elapsed time is 0.028109 seconds.
Data saved at t = 5.1099 s
Elapsed time is 0.027913 seconds.
Data saved at t = 5.1199 s
Elapsed time is 0.027995 seconds.
Data saved at t = 5.1299 s
Elapsed time is 0.028025 seconds.
Data saved at t = 5.1399 s
Elapsed time is 0.033587 seconds.
Data saved at t = 5.1499 s
Elapsed time is 0.028402 seconds.
103200 / 300000 time steps completed. t = 5.159950 s
Elapsed time is 7.477313 seconds.
Data saved at t = 5.1599 s
Elapsed time is 0.027647 seconds.
Data saved at t = 5.1699 s
Elapsed time is 0.031645 seconds.
Data saved at t = 5.1799 s
Elapsed time is 0.028356 seconds.
Data saved at t = 5.1899 s
Elapsed time is 0.028160 seconds.
Data saved at t = 5.1999 s
Elapsed time is 0.027885 seconds.
Data saved at t = 5.2099 s
Elapsed time is 0.028323 seconds.
104400 / 300000 time steps completed. t = 5.219950 s
Elapsed time is 7.438779 seconds.
Data saved at t = 5.2199 s
Elapsed time is 0.027610 seconds.
Data saved at t = 5.2299 s
Elapsed time is 0.028303 seconds.
Data saved at t = 5.2399 s
Elapsed time is 0.032518 seconds.
Data saved at t = 5.2499 s
Elapsed time is 0.027766 seconds.
Data saved at t = 5.2599 s
Elapsed time is 0.027880 seconds.
Data saved at t = 5.2699 s
Elapsed time is 0.027838 seconds.
105600 / 300000 time steps completed. t = 5.279950 s
Elapsed time is 7.449661 seconds.
Data saved at t = 5.2799 s
Elapsed time is 0.027752 seconds.
Data saved at t = 5.2899 s
Elapsed time is 0.031268 seconds.
Data saved at t = 5.2999 s
Elapsed time is 0.027953 seconds.
Data saved at t = 5.3099 s
Elapsed time is 0.028277 seconds.
Data saved at t = 5.3199 s
Elapsed time is 0.028648 seconds.
Data saved at t = 5.3299 s
Elapsed time is 0.027910 seconds.
106800 / 300000 time steps completed. t = 5.339950 s
Elapsed time is 7.519296 seconds.
Data saved at t = 5.3399 s
Elapsed time is 0.027984 seconds.
Data saved at t = 5.3499 s
Elapsed time is 0.028710 seconds.
Data saved at t = 5.3599 s
Elapsed time is 0.028593 seconds.
Data saved at t = 5.3699 s
Elapsed time is 0.027782 seconds.
Data saved at t = 5.3799 s
Elapsed time is 0.027733 seconds.
Data saved at t = 5.3899 s
Elapsed time is 0.027886 seconds.
108000 / 300000 time steps completed. t = 5.399950 s
Elapsed time is 7.479180 seconds.
Data saved at t = 5.3999 s
Elapsed time is 0.027950 seconds.
Data saved at t = 5.4099 s
Elapsed time is 0.031564 seconds.
Data saved at t = 5.4199 s
Elapsed time is 0.028068 seconds.
Data saved at t = 5.4299 s
Elapsed time is 0.036478 seconds.
Data saved at t = 5.4399 s
Elapsed time is 0.028205 seconds.
Data saved at t = 5.4499 s
Elapsed time is 0.027463 seconds.
109200 / 300000 time steps completed. t = 5.459950 s
Elapsed time is 7.485474 seconds.
Data saved at t = 5.4599 s
Elapsed time is 0.031139 seconds.
Data saved at t = 5.4699 s
Elapsed time is 0.028773 seconds.
Data saved at t = 5.4799 s
Elapsed time is 0.028273 seconds.
Data saved at t = 5.4899 s
Elapsed time is 0.028150 seconds.
Data saved at t = 5.5 s
Elapsed time is 0.028938 seconds.
Data saved at t = 5.5099 s
Elapsed time is 0.027919 seconds.
110400 / 300000 time steps completed. t = 5.519950 s
Elapsed time is 7.482685 seconds.
Data saved at t = 5.5199 s
Elapsed time is 0.028581 seconds.
Data saved at t = 5.5299 s
Elapsed time is 0.028220 seconds.
Data saved at t = 5.5399 s
Elapsed time is 0.028466 seconds.
Data saved at t = 5.5499 s
Elapsed time is 0.027908 seconds.
Data saved at t = 5.5599 s
Elapsed time is 0.028175 seconds.
Data saved at t = 5.5699 s
Elapsed time is 0.028032 seconds.
111600 / 300000 time steps completed. t = 5.579950 s
Elapsed time is 7.477259 seconds.
Data saved at t = 5.5799 s
Elapsed time is 0.028173 seconds.
Data saved at t = 5.5899 s
Elapsed time is 0.027784 seconds.
Data saved at t = 5.5999 s
Elapsed time is 0.028822 seconds.
Data saved at t = 5.6099 s
Elapsed time is 0.027693 seconds.
Data saved at t = 5.6199 s
Elapsed time is 0.028052 seconds.
Data saved at t = 5.63 s
Elapsed time is 0.028698 seconds.
112800 / 300000 time steps completed. t = 5.639950 s
Elapsed time is 7.487076 seconds.
Data saved at t = 5.6399 s
Elapsed time is 0.028281 seconds.
Data saved at t = 5.6499 s
Elapsed time is 0.027427 seconds.
Data saved at t = 5.6599 s
Elapsed time is 0.031278 seconds.
Data saved at t = 5.67 s
Elapsed time is 0.027703 seconds.
Data saved at t = 5.6799 s
Elapsed time is 0.031597 seconds.
Data saved at t = 5.6899 s
Elapsed time is 0.028083 seconds.
114000 / 300000 time steps completed. t = 5.699950 s
Elapsed time is 7.496263 seconds.
Data saved at t = 5.6999 s
Elapsed time is 0.029230 seconds.
Data saved at t = 5.7099 s
Elapsed time is 0.027384 seconds.
Data saved at t = 5.7199 s
Elapsed time is 0.028239 seconds.
Data saved at t = 5.7299 s
Elapsed time is 0.027996 seconds.
Data saved at t = 5.7399 s
Elapsed time is 0.027398 seconds.
Data saved at t = 5.7499 s
Elapsed time is 0.028751 seconds.
115200 / 300000 time steps completed. t = 5.759950 s
Elapsed time is 7.493735 seconds.
Data saved at t = 5.7599 s
Elapsed time is 0.027900 seconds.
Data saved at t = 5.7699 s
Elapsed time is 0.028100 seconds.
Data saved at t = 5.7799 s
Elapsed time is 0.032758 seconds.
Data saved at t = 5.7899 s
Elapsed time is 0.028733 seconds.
Data saved at t = 5.7999 s
Elapsed time is 0.028156 seconds.
Data saved at t = 5.8099 s
Elapsed time is 0.028338 seconds.
116400 / 300000 time steps completed. t = 5.819950 s
Elapsed time is 7.494077 seconds.
Data saved at t = 5.8199 s
Elapsed time is 0.027542 seconds.
Data saved at t = 5.8299 s
Elapsed time is 0.030600 seconds.
Data saved at t = 5.8399 s
Elapsed time is 0.028197 seconds.
Data saved at t = 5.8499 s
Elapsed time is 0.032184 seconds.
Data saved at t = 5.8599 s
Elapsed time is 0.028358 seconds.
Data saved at t = 5.8699 s
Elapsed time is 0.029016 seconds.
117600 / 300000 time steps completed. t = 5.879950 s
Elapsed time is 7.488338 seconds.
Data saved at t = 5.8799 s
Elapsed time is 0.028771 seconds.
Data saved at t = 5.8899 s
Elapsed time is 0.028300 seconds.
Data saved at t = 5.8999 s
Elapsed time is 0.028815 seconds.
Data saved at t = 5.9099 s
Elapsed time is 0.028444 seconds.
Data saved at t = 5.9199 s
Elapsed time is 0.027972 seconds.
Data saved at t = 5.9299 s
Elapsed time is 0.028442 seconds.
118800 / 300000 time steps completed. t = 5.939950 s
Elapsed time is 7.493492 seconds.
Data saved at t = 5.9399 s
Elapsed time is 0.028890 seconds.
Data saved at t = 5.9499 s
Elapsed time is 0.031967 seconds.
Data saved at t = 5.9599 s
Elapsed time is 0.028142 seconds.
Data saved at t = 5.9699 s
Elapsed time is 0.028063 seconds.
Data saved at t = 5.9799 s
Elapsed time is 0.028052 seconds.
Data saved at t = 5.9899 s
Elapsed time is 0.028181 seconds.
120000 / 300000 time steps completed. t = 5.999950 s
Elapsed time is 7.485224 seconds.
Data saved at t = 5.9999 s
Elapsed time is 0.028150 seconds.
Data saved at t = 6.0099 s
Elapsed time is 0.028621 seconds.
Data saved at t = 6.0199 s
Elapsed time is 0.028477 seconds.
Data saved at t = 6.0299 s
Elapsed time is 0.028586 seconds.
Data saved at t = 6.0399 s
Elapsed time is 0.028266 seconds.
Data saved at t = 6.0499 s
Elapsed time is 0.030453 seconds.
121200 / 300000 time steps completed. t = 6.059950 s
Elapsed time is 7.489997 seconds.
Data saved at t = 6.0599 s
Elapsed time is 0.031181 seconds.
Data saved at t = 6.0699 s
Elapsed time is 0.028410 seconds.
Data saved at t = 6.0799 s
Elapsed time is 0.028130 seconds.
Data saved at t = 6.0899 s
Elapsed time is 0.029003 seconds.
Data saved at t = 6.0999 s
Elapsed time is 0.028276 seconds.
Data saved at t = 6.1099 s
Elapsed time is 0.028670 seconds.
122400 / 300000 time steps completed. t = 6.119950 s
Elapsed time is 7.466964 seconds.
Data saved at t = 6.1199 s
Elapsed time is 0.031898 seconds.
Data saved at t = 6.1299 s
Elapsed time is 0.028086 seconds.
Data saved at t = 6.1399 s
Elapsed time is 0.028863 seconds.
Data saved at t = 6.1499 s
Elapsed time is 0.028287 seconds.
Data saved at t = 6.1599 s
Elapsed time is 0.027964 seconds.
Data saved at t = 6.1699 s
Elapsed time is 0.028531 seconds.
123600 / 300000 time steps completed. t = 6.179950 s
Elapsed time is 7.497364 seconds.
Data saved at t = 6.1799 s
Elapsed time is 0.027991 seconds.
Data saved at t = 6.1899 s
Elapsed time is 0.028276 seconds.
Data saved at t = 6.1999 s
Elapsed time is 0.028585 seconds.
Data saved at t = 6.2099 s
Elapsed time is 0.027654 seconds.
Data saved at t = 6.2199 s
Elapsed time is 0.027836 seconds.
Data saved at t = 6.2299 s
Elapsed time is 0.028633 seconds.
124800 / 300000 time steps completed. t = 6.239950 s
Elapsed time is 7.452541 seconds.
Data saved at t = 6.2399 s
Elapsed time is 0.037060 seconds.
Data saved at t = 6.25 s
Elapsed time is 0.032419 seconds.
Data saved at t = 6.2599 s
Elapsed time is 0.028372 seconds.
Data saved at t = 6.2699 s
Elapsed time is 0.031734 seconds.
Data saved at t = 6.2799 s
Elapsed time is 0.028627 seconds.
Data saved at t = 6.2899 s
Elapsed time is 0.028692 seconds.
126000 / 300000 time steps completed. t = 6.299950 s
Elapsed time is 7.467620 seconds.
Data saved at t = 6.2999 s
Elapsed time is 0.028064 seconds.
Data saved at t = 6.3099 s
Elapsed time is 0.028426 seconds.
Data saved at t = 6.3199 s
Elapsed time is 0.027569 seconds.
Data saved at t = 6.3299 s
Elapsed time is 0.028298 seconds.
Data saved at t = 6.3399 s
Elapsed time is 0.028296 seconds.
Data saved at t = 6.3499 s
Elapsed time is 0.028613 seconds.
127200 / 300000 time steps completed. t = 6.359950 s
Elapsed time is 7.492794 seconds.
Data saved at t = 6.3599 s
Elapsed time is 0.028272 seconds.
Data saved at t = 6.3699 s
Elapsed time is 0.028408 seconds.
Data saved at t = 6.38 s
Elapsed time is 0.028755 seconds.
Data saved at t = 6.3899 s
Elapsed time is 0.028254 seconds.
Data saved at t = 6.3999 s
Elapsed time is 0.027951 seconds.
Data saved at t = 6.4099 s
Elapsed time is 0.028446 seconds.
128400 / 300000 time steps completed. t = 6.419950 s
Elapsed time is 7.491905 seconds.
Data saved at t = 6.4199 s
Elapsed time is 0.028792 seconds.
Data saved at t = 6.4299 s
Elapsed time is 0.028169 seconds.
Data saved at t = 6.4399 s
Elapsed time is 0.028745 seconds.
Data saved at t = 6.4499 s
Elapsed time is 0.028972 seconds.
Data saved at t = 6.4599 s
Elapsed time is 0.028346 seconds.
Data saved at t = 6.4699 s
Elapsed time is 0.028802 seconds.
129600 / 300000 time steps completed. t = 6.479950 s
Elapsed time is 7.487792 seconds.
Data saved at t = 6.4799 s
Elapsed time is 0.027850 seconds.
Data saved at t = 6.4899 s
Elapsed time is 0.028410 seconds.
Data saved at t = 6.4999 s
Elapsed time is 0.030082 seconds.
Data saved at t = 6.5099 s
Elapsed time is 0.033436 seconds.
Data saved at t = 6.5199 s
Elapsed time is 0.028519 seconds.
Data saved at t = 6.5299 s
Elapsed time is 0.028435 seconds.
130800 / 300000 time steps completed. t = 6.539950 s
Elapsed time is 7.492467 seconds.
Data saved at t = 6.5399 s
Elapsed time is 0.033515 seconds.
Data saved at t = 6.5499 s
Elapsed time is 0.028775 seconds.
Data saved at t = 6.5599 s
Elapsed time is 0.032676 seconds.
Data saved at t = 6.5699 s
Elapsed time is 0.028499 seconds.
Data saved at t = 6.5799 s
Elapsed time is 0.028541 seconds.
Data saved at t = 6.5899 s
Elapsed time is 0.031987 seconds.
132000 / 300000 time steps completed. t = 6.599950 s
Elapsed time is 7.490722 seconds.
Data saved at t = 6.5999 s
Elapsed time is 0.028380 seconds.
Data saved at t = 6.6099 s
Elapsed time is 0.027721 seconds.
Data saved at t = 6.6199 s
Elapsed time is 0.029304 seconds.
Data saved at t = 6.6299 s
Elapsed time is 0.028723 seconds.
Data saved at t = 6.6399 s
Elapsed time is 0.033332 seconds.
Data saved at t = 6.6499 s
Elapsed time is 0.028846 seconds.
133200 / 300000 time steps completed. t = 6.659950 s
Elapsed time is 7.488734 seconds.
Data saved at t = 6.6599 s
Elapsed time is 0.028391 seconds.
Data saved at t = 6.6699 s
Elapsed time is 0.028422 seconds.
Data saved at t = 6.6799 s
Elapsed time is 0.028228 seconds.
Data saved at t = 6.6899 s
Elapsed time is 0.032496 seconds.
Data saved at t = 6.6999 s
Elapsed time is 0.028471 seconds.
Data saved at t = 6.7099 s
Elapsed time is 0.032712 seconds.
134400 / 300000 time steps completed. t = 6.719950 s
Elapsed time is 7.462184 seconds.
Data saved at t = 6.7199 s
Elapsed time is 0.027819 seconds.
Data saved at t = 6.7299 s
Elapsed time is 0.028177 seconds.
Data saved at t = 6.7399 s
Elapsed time is 0.032579 seconds.
Data saved at t = 6.7499 s
Elapsed time is 0.029033 seconds.
Data saved at t = 6.7599 s
Elapsed time is 0.028113 seconds.
Data saved at t = 6.7699 s
Elapsed time is 0.028863 seconds.
135600 / 300000 time steps completed. t = 6.779950 s
Elapsed time is 7.466207 seconds.
Data saved at t = 6.7799 s
Elapsed time is 0.028160 seconds.
Data saved at t = 6.7899 s
Elapsed time is 0.028320 seconds.
Data saved at t = 6.7999 s
Elapsed time is 0.029003 seconds.
Data saved at t = 6.8099 s
Elapsed time is 0.028423 seconds.
Data saved at t = 6.8199 s
Elapsed time is 0.028503 seconds.
Data saved at t = 6.8299 s
Elapsed time is 0.029600 seconds.
136800 / 300000 time steps completed. t = 6.839950 s
Elapsed time is 7.498958 seconds.
Data saved at t = 6.8399 s
Elapsed time is 0.028356 seconds.
Data saved at t = 6.8499 s
Elapsed time is 0.029037 seconds.
Data saved at t = 6.8599 s
Elapsed time is 0.033241 seconds.
Data saved at t = 6.8699 s
Elapsed time is 0.028393 seconds.
Data saved at t = 6.8799 s
Elapsed time is 0.033559 seconds.
Data saved at t = 6.8899 s
Elapsed time is 0.029021 seconds.
138000 / 300000 time steps completed. t = 6.899950 s
Elapsed time is 7.478012 seconds.
Data saved at t = 6.8999 s
Elapsed time is 0.029422 seconds.
Data saved at t = 6.9099 s
Elapsed time is 0.032987 seconds.
Data saved at t = 6.9199 s
Elapsed time is 0.029340 seconds.
Data saved at t = 6.9299 s
Elapsed time is 0.032430 seconds.
Data saved at t = 6.9399 s
Elapsed time is 0.028461 seconds.
Data saved at t = 6.9499 s
Elapsed time is 0.029477 seconds.
139200 / 300000 time steps completed. t = 6.959950 s
Elapsed time is 7.456082 seconds.
Data saved at t = 6.9599 s
Elapsed time is 0.027908 seconds.
Data saved at t = 6.9699 s
Elapsed time is 0.028476 seconds.
Data saved at t = 6.9799 s
Elapsed time is 0.028644 seconds.
Data saved at t = 6.9899 s
Elapsed time is 0.028315 seconds.
Data saved at t = 6.9999 s
Elapsed time is 0.033277 seconds.
Data saved at t = 7.0099 s
Elapsed time is 0.028613 seconds.
140400 / 300000 time steps completed. t = 7.019950 s
Elapsed time is 7.459941 seconds.
Data saved at t = 7.0199 s
Elapsed time is 0.028611 seconds.
Data saved at t = 7.0299 s
Elapsed time is 0.028456 seconds.
Data saved at t = 7.0399 s
Elapsed time is 0.029413 seconds.
Data saved at t = 7.0499 s
Elapsed time is 0.036891 seconds.
Data saved at t = 7.0599 s
Elapsed time is 0.028826 seconds.
Data saved at t = 7.0699 s
Elapsed time is 0.028241 seconds.
141600 / 300000 time steps completed. t = 7.079950 s
Elapsed time is 7.460962 seconds.
Data saved at t = 7.0799 s
Elapsed time is 0.032582 seconds.
Data saved at t = 7.0899 s
Elapsed time is 0.028622 seconds.
Data saved at t = 7.0999 s
Elapsed time is 0.028557 seconds.
Data saved at t = 7.1099 s
Elapsed time is 0.028357 seconds.
Data saved at t = 7.1199 s
Elapsed time is 0.028404 seconds.
Data saved at t = 7.1299 s
Elapsed time is 0.028718 seconds.
142800 / 300000 time steps completed. t = 7.139950 s
Elapsed time is 7.458321 seconds.
Data saved at t = 7.1399 s
Elapsed time is 0.027722 seconds.
Data saved at t = 7.1499 s
Elapsed time is 0.028163 seconds.
Data saved at t = 7.1599 s
Elapsed time is 0.028927 seconds.
Data saved at t = 7.1699 s
Elapsed time is 0.028053 seconds.
Data saved at t = 7.1799 s
Elapsed time is 0.028473 seconds.
Data saved at t = 7.1899 s
Elapsed time is 0.027258 seconds.
144000 / 300000 time steps completed. t = 7.199950 s
Elapsed time is 7.457224 seconds.
Data saved at t = 7.1999 s
Elapsed time is 0.028716 seconds.
Data saved at t = 7.2099 s
Elapsed time is 0.028803 seconds.
Data saved at t = 7.2199 s
Elapsed time is 0.028660 seconds.
Data saved at t = 7.2299 s
Elapsed time is 0.028516 seconds.
Data saved at t = 7.2399 s
Elapsed time is 0.028994 seconds.
Data saved at t = 7.2499 s
Elapsed time is 0.032010 seconds.
145200 / 300000 time steps completed. t = 7.259950 s
Elapsed time is 7.465397 seconds.
Data saved at t = 7.2599 s
Elapsed time is 0.028518 seconds.
Data saved at t = 7.2699 s
Elapsed time is 0.031316 seconds.
Data saved at t = 7.2799 s
Elapsed time is 0.028118 seconds.
Data saved at t = 7.2899 s
Elapsed time is 0.028472 seconds.
Data saved at t = 7.2999 s
Elapsed time is 0.032557 seconds.
Data saved at t = 7.3099 s
Elapsed time is 0.028196 seconds.
146400 / 300000 time steps completed. t = 7.319950 s
Elapsed time is 7.474750 seconds.
Data saved at t = 7.3199 s
Elapsed time is 0.034128 seconds.
Data saved at t = 7.3299 s
Elapsed time is 0.029352 seconds.
Data saved at t = 7.3399 s
Elapsed time is 0.027903 seconds.
Data saved at t = 7.3499 s
Elapsed time is 0.032086 seconds.
Data saved at t = 7.3599 s
Elapsed time is 0.029141 seconds.
Data saved at t = 7.3699 s
Elapsed time is 0.028524 seconds.
147600 / 300000 time steps completed. t = 7.379950 s
Elapsed time is 7.503304 seconds.
Data saved at t = 7.3799 s
Elapsed time is 0.027849 seconds.
Data saved at t = 7.3899 s
Elapsed time is 0.029081 seconds.
Data saved at t = 7.3999 s
Elapsed time is 0.032223 seconds.
Data saved at t = 7.4099 s
Elapsed time is 0.028581 seconds.
Data saved at t = 7.4199 s
Elapsed time is 0.028436 seconds.
Data saved at t = 7.4299 s
Elapsed time is 0.029496 seconds.
148800 / 300000 time steps completed. t = 7.439950 s
Elapsed time is 7.505833 seconds.
Data saved at t = 7.4399 s
Elapsed time is 0.028362 seconds.
Data saved at t = 7.4499 s
Elapsed time is 0.030274 seconds.
Data saved at t = 7.4599 s
Elapsed time is 0.027089 seconds.
Data saved at t = 7.4699 s
Elapsed time is 0.026075 seconds.
Data saved at t = 7.4799 s
Elapsed time is 0.026725 seconds.
Data saved at t = 7.4899 s
Elapsed time is 0.031008 seconds.
150000 / 300000 time steps completed. t = 7.499950 s
Elapsed time is 6.739979 seconds.
Data saved at t = 7.4999 s
Elapsed time is 0.026701 seconds.
Data saved at t = 7.5099 s
Elapsed time is 0.026898 seconds.
Data saved at t = 7.5199 s
Elapsed time is 0.031518 seconds.
Data saved at t = 7.5299 s
Elapsed time is 0.026208 seconds.
Data saved at t = 7.5399 s
Elapsed time is 0.026387 seconds.
Data saved at t = 7.5499 s
Elapsed time is 0.027074 seconds.
151200 / 300000 time steps completed. t = 7.559950 s
Elapsed time is 6.712599 seconds.
Data saved at t = 7.5599 s
Elapsed time is 0.026523 seconds.
Data saved at t = 7.5699 s
Elapsed time is 0.026634 seconds.
Data saved at t = 7.5799 s
Elapsed time is 0.026794 seconds.
Data saved at t = 7.5899 s
Elapsed time is 0.031031 seconds.
Data saved at t = 7.5999 s
Elapsed time is 0.026969 seconds.
Data saved at t = 7.6099 s
Elapsed time is 0.026654 seconds.
152400 / 300000 time steps completed. t = 7.619950 s
Elapsed time is 6.713456 seconds.
Data saved at t = 7.6199 s
Elapsed time is 0.029033 seconds.
Data saved at t = 7.6299 s
Elapsed time is 0.027052 seconds.
Data saved at t = 7.6399 s
Elapsed time is 0.026498 seconds.
Data saved at t = 7.6499 s
Elapsed time is 0.027210 seconds.
Data saved at t = 7.6599 s
Elapsed time is 0.026841 seconds.
Data saved at t = 7.6699 s
Elapsed time is 0.030877 seconds.
153600 / 300000 time steps completed. t = 7.679950 s
Elapsed time is 6.713433 seconds.
Data saved at t = 7.6799 s
Elapsed time is 0.026698 seconds.
Data saved at t = 7.6899 s
Elapsed time is 0.029534 seconds.
Data saved at t = 7.6999 s
Elapsed time is 0.026160 seconds.
Data saved at t = 7.7099 s
Elapsed time is 0.027314 seconds.
Data saved at t = 7.7199 s
Elapsed time is 0.026221 seconds.
Data saved at t = 7.7299 s
Elapsed time is 0.026692 seconds.
154800 / 300000 time steps completed. t = 7.739950 s
Elapsed time is 6.718358 seconds.
Data saved at t = 7.7399 s
Elapsed time is 0.026449 seconds.
Data saved at t = 7.7499 s
Elapsed time is 0.026181 seconds.
Data saved at t = 7.7599 s
Elapsed time is 0.030120 seconds.
Data saved at t = 7.7699 s
Elapsed time is 0.026399 seconds.
Data saved at t = 7.7799 s
Elapsed time is 0.026183 seconds.
Data saved at t = 7.7899 s
Elapsed time is 0.026164 seconds.
156000 / 300000 time steps completed. t = 7.799950 s
Elapsed time is 6.707751 seconds.
Data saved at t = 7.7999 s
Elapsed time is 0.026380 seconds.
Data saved at t = 7.8099 s
Elapsed time is 0.029969 seconds.
Data saved at t = 7.8199 s
Elapsed time is 0.026959 seconds.
Data saved at t = 7.8299 s
Elapsed time is 0.027460 seconds.
Data saved at t = 7.8399 s
Elapsed time is 0.026644 seconds.
Data saved at t = 7.8499 s
Elapsed time is 0.026107 seconds.
157200 / 300000 time steps completed. t = 7.859950 s
Elapsed time is 6.709123 seconds.
Data saved at t = 7.8599 s
Elapsed time is 0.026639 seconds.
Data saved at t = 7.8699 s
Elapsed time is 0.027288 seconds.
Data saved at t = 7.8799 s
Elapsed time is 0.026484 seconds.
Data saved at t = 7.8899 s
Elapsed time is 0.027058 seconds.
Data saved at t = 7.8999 s
Elapsed time is 0.027352 seconds.
Data saved at t = 7.9099 s
Elapsed time is 0.026987 seconds.
158400 / 300000 time steps completed. t = 7.919950 s
Elapsed time is 6.697071 seconds.
Data saved at t = 7.9199 s
Elapsed time is 0.026596 seconds.
Data saved at t = 7.9299 s
Elapsed time is 0.026543 seconds.
Data saved at t = 7.9399 s
Elapsed time is 0.026480 seconds.
Data saved at t = 7.9499 s
Elapsed time is 0.026715 seconds.
Data saved at t = 7.9599 s
Elapsed time is 0.026782 seconds.
Data saved at t = 7.9699 s
Elapsed time is 0.026935 seconds.
159600 / 300000 time steps completed. t = 7.979950 s
Elapsed time is 6.695659 seconds.
Data saved at t = 7.9799 s
Elapsed time is 0.026728 seconds.
Data saved at t = 7.9899 s
Elapsed time is 0.026042 seconds.
Data saved at t = 7.9999 s
Elapsed time is 0.026919 seconds.
Data saved at t = 8.0099 s
Elapsed time is 0.026593 seconds.
Data saved at t = 8.0199 s
Elapsed time is 0.026875 seconds.
Data saved at t = 8.0299 s
Elapsed time is 0.029602 seconds.
160800 / 300000 time steps completed. t = 8.039950 s
Elapsed time is 6.685369 seconds.
Data saved at t = 8.0399 s
Elapsed time is 0.026979 seconds.
Data saved at t = 8.0499 s
Elapsed time is 0.026622 seconds.
Data saved at t = 8.0599 s
Elapsed time is 0.030819 seconds.
Data saved at t = 8.0699 s
Elapsed time is 0.026103 seconds.
Data saved at t = 8.0799 s
Elapsed time is 0.026849 seconds.
Data saved at t = 8.0899 s
Elapsed time is 0.026183 seconds.
162000 / 300000 time steps completed. t = 8.099950 s
Elapsed time is 6.698197 seconds.
Data saved at t = 8.0999 s
Elapsed time is 0.026138 seconds.
Data saved at t = 8.1099 s
Elapsed time is 0.026731 seconds.
Data saved at t = 8.1199 s
Elapsed time is 0.026934 seconds.
Data saved at t = 8.1299 s
Elapsed time is 0.026253 seconds.
Data saved at t = 8.1399 s
Elapsed time is 0.026020 seconds.
Data saved at t = 8.1499 s
Elapsed time is 0.026075 seconds.
163200 / 300000 time steps completed. t = 8.159950 s
Elapsed time is 6.678961 seconds.
Data saved at t = 8.16 s
Elapsed time is 0.026400 seconds.
Data saved at t = 8.1699 s
Elapsed time is 0.027186 seconds.
Data saved at t = 8.1799 s
Elapsed time is 0.026287 seconds.
Data saved at t = 8.1899 s
Elapsed time is 0.026132 seconds.
Data saved at t = 8.1999 s
Elapsed time is 0.025723 seconds.
Data saved at t = 8.2099 s
Elapsed time is 0.026465 seconds.
164400 / 300000 time steps completed. t = 8.219950 s
Elapsed time is 6.684908 seconds.
Data saved at t = 8.2199 s
Elapsed time is 0.025402 seconds.
Data saved at t = 8.2299 s
Elapsed time is 0.131647 seconds.
Data saved at t = 8.2399 s
Elapsed time is 0.026634 seconds.
Data saved at t = 8.2499 s
Elapsed time is 0.030966 seconds.
Data saved at t = 8.2599 s
Elapsed time is 0.026926 seconds.
Data saved at t = 8.2699 s
Elapsed time is 0.026867 seconds.
165600 / 300000 time steps completed. t = 8.279950 s
Elapsed time is 6.682386 seconds.
Data saved at t = 8.2799 s
Elapsed time is 0.029942 seconds.
Data saved at t = 8.2899 s
Elapsed time is 0.025707 seconds.
Data saved at t = 8.2999 s
Elapsed time is 0.026591 seconds.
Data saved at t = 8.3099 s
Elapsed time is 0.025885 seconds.
Data saved at t = 8.3199 s
Elapsed time is 0.026485 seconds.
Data saved at t = 8.3299 s
Elapsed time is 0.030499 seconds.
166800 / 300000 time steps completed. t = 8.339950 s
Elapsed time is 6.699341 seconds.
Data saved at t = 8.3399 s
Elapsed time is 0.026456 seconds.
Data saved at t = 8.3499 s
Elapsed time is 0.025787 seconds.
Data saved at t = 8.3599 s
Elapsed time is 0.025840 seconds.
Data saved at t = 8.3699 s
Elapsed time is 0.026558 seconds.
Data saved at t = 8.3799 s
Elapsed time is 0.029692 seconds.
Data saved at t = 8.3899 s
Elapsed time is 0.026273 seconds.
168000 / 300000 time steps completed. t = 8.399950 s
Elapsed time is 6.694017 seconds.
Data saved at t = 8.3999 s
Elapsed time is 0.026788 seconds.
Data saved at t = 8.4099 s
Elapsed time is 0.026533 seconds.
Data saved at t = 8.42 s
Elapsed time is 0.026584 seconds.
Data saved at t = 8.4299 s
Elapsed time is 0.026013 seconds.
Data saved at t = 8.4399 s
Elapsed time is 0.026051 seconds.
Data saved at t = 8.4499 s
Elapsed time is 0.026590 seconds.
169200 / 300000 time steps completed. t = 8.459950 s
Elapsed time is 6.692462 seconds.
Data saved at t = 8.4599 s
Elapsed time is 0.026000 seconds.
Data saved at t = 8.4699 s
Elapsed time is 0.031213 seconds.
Data saved at t = 8.4799 s
Elapsed time is 0.026545 seconds.
Data saved at t = 8.4899 s
Elapsed time is 0.026634 seconds.
Data saved at t = 8.4999 s
Elapsed time is 0.028786 seconds.
Data saved at t = 8.5099 s
Elapsed time is 0.027834 seconds.
170400 / 300000 time steps completed. t = 8.519950 s
Elapsed time is 7.456937 seconds.
Data saved at t = 8.5199 s
Elapsed time is 0.028481 seconds.
Data saved at t = 8.5299 s
Elapsed time is 0.028711 seconds.
Data saved at t = 8.5399 s
Elapsed time is 0.027500 seconds.
Data saved at t = 8.5499 s
Elapsed time is 0.032699 seconds.
Data saved at t = 8.5599 s
Elapsed time is 0.028519 seconds.
Data saved at t = 8.5699 s
Elapsed time is 0.029046 seconds.
171600 / 300000 time steps completed. t = 8.579950 s
Elapsed time is 7.456175 seconds.
Data saved at t = 8.5799 s
Elapsed time is 0.028727 seconds.
Data saved at t = 8.5899 s
Elapsed time is 0.028438 seconds.
Data saved at t = 8.5999 s
Elapsed time is 0.032215 seconds.
Data saved at t = 8.6099 s
Elapsed time is 0.028383 seconds.
Data saved at t = 8.6199 s
Elapsed time is 0.032729 seconds.
Data saved at t = 8.6299 s
Elapsed time is 0.030804 seconds.
172800 / 300000 time steps completed. t = 8.639950 s
Elapsed time is 7.461195 seconds.
Data saved at t = 8.6399 s
Elapsed time is 0.032917 seconds.
Data saved at t = 8.6499 s
Elapsed time is 0.028273 seconds.
Data saved at t = 8.6599 s
Elapsed time is 0.027893 seconds.
Data saved at t = 8.6699 s
Elapsed time is 0.032531 seconds.
Data saved at t = 8.6799 s
Elapsed time is 0.028745 seconds.
Data saved at t = 8.6899 s
Elapsed time is 0.027977 seconds.
174000 / 300000 time steps completed. t = 8.699950 s
Elapsed time is 7.456544 seconds.
Data saved at t = 8.6999 s
Elapsed time is 0.028006 seconds.
Data saved at t = 8.7099 s
Elapsed time is 0.028358 seconds.
Data saved at t = 8.7199 s
Elapsed time is 0.028924 seconds.
Data saved at t = 8.7299 s
Elapsed time is 0.027784 seconds.
Data saved at t = 8.7399 s
Elapsed time is 0.028187 seconds.
Data saved at t = 8.7499 s
Elapsed time is 0.028187 seconds.
175200 / 300000 time steps completed. t = 8.759950 s
Elapsed time is 7.445848 seconds.
Data saved at t = 8.7599 s
Elapsed time is 0.028171 seconds.
Data saved at t = 8.7699 s
Elapsed time is 0.032014 seconds.
Data saved at t = 8.7799 s
Elapsed time is 0.028566 seconds.
Data saved at t = 8.7899 s
Elapsed time is 0.027970 seconds.
Data saved at t = 8.7999 s
Elapsed time is 0.029064 seconds.
Data saved at t = 8.8099 s
Elapsed time is 0.028738 seconds.
176400 / 300000 time steps completed. t = 8.819950 s
Elapsed time is 7.448616 seconds.
Data saved at t = 8.8199 s
Elapsed time is 0.028229 seconds.
Data saved at t = 8.8299 s
Elapsed time is 0.028301 seconds.
Data saved at t = 8.8399 s
Elapsed time is 0.033164 seconds.
Data saved at t = 8.8499 s
Elapsed time is 0.028449 seconds.
Data saved at t = 8.8599 s
Elapsed time is 0.028338 seconds.
Data saved at t = 8.8699 s
Elapsed time is 0.027996 seconds.
177600 / 300000 time steps completed. t = 8.879950 s
Elapsed time is 7.464311 seconds.
Data saved at t = 8.8799 s
Elapsed time is 0.028260 seconds.
Data saved at t = 8.8899 s
Elapsed time is 0.028743 seconds.
Data saved at t = 8.8999 s
Elapsed time is 0.028323 seconds.
Data saved at t = 8.9099 s
Elapsed time is 0.034523 seconds.
Data saved at t = 8.9199 s
Elapsed time is 0.028441 seconds.
Data saved at t = 8.9299 s
Elapsed time is 0.029232 seconds.
178800 / 300000 time steps completed. t = 8.939950 s
Elapsed time is 7.466080 seconds.
Data saved at t = 8.9399 s
Elapsed time is 0.028467 seconds.
Data saved at t = 8.9499 s
Elapsed time is 0.028778 seconds.
Data saved at t = 8.9599 s
Elapsed time is 0.027892 seconds.
Data saved at t = 8.9699 s
Elapsed time is 0.028435 seconds.
Data saved at t = 8.9799 s
Elapsed time is 0.027917 seconds.
Data saved at t = 8.9899 s
Elapsed time is 0.031586 seconds.
180000 / 300000 time steps completed. t = 8.999950 s
Elapsed time is 7.461339 seconds.
Data saved at t = 8.9999 s
Elapsed time is 0.028784 seconds.
Data saved at t = 9.0099 s
Elapsed time is 0.028014 seconds.
Data saved at t = 9.0199 s
Elapsed time is 0.028060 seconds.
Data saved at t = 9.0299 s
Elapsed time is 0.028054 seconds.
Data saved at t = 9.0399 s
Elapsed time is 0.028635 seconds.
Data saved at t = 9.0499 s
Elapsed time is 0.028276 seconds.
181200 / 300000 time steps completed. t = 9.059950 s
Elapsed time is 7.457043 seconds.
Data saved at t = 9.0599 s
Elapsed time is 0.028716 seconds.
Data saved at t = 9.0699 s
Elapsed time is 0.028615 seconds.
Data saved at t = 9.0799 s
Elapsed time is 0.028388 seconds.
Data saved at t = 9.0899 s
Elapsed time is 0.028136 seconds.
Data saved at t = 9.0999 s
Elapsed time is 0.028411 seconds.
Data saved at t = 9.1099 s
Elapsed time is 0.028357 seconds.
182400 / 300000 time steps completed. t = 9.119950 s
Elapsed time is 7.463747 seconds.
Data saved at t = 9.1199 s
Elapsed time is 0.027869 seconds.
Data saved at t = 9.1299 s
Elapsed time is 0.028788 seconds.
Data saved at t = 9.1399 s
Elapsed time is 0.028684 seconds.
Data saved at t = 9.1499 s
Elapsed time is 0.028499 seconds.
Data saved at t = 9.1599 s
Elapsed time is 0.028437 seconds.
Data saved at t = 9.17 s
Elapsed time is 0.028359 seconds.
183600 / 300000 time steps completed. t = 9.179950 s
Elapsed time is 7.464087 seconds.
Data saved at t = 9.1799 s
Elapsed time is 0.028233 seconds.
Data saved at t = 9.1899 s
Elapsed time is 0.027908 seconds.
Data saved at t = 9.1999 s
Elapsed time is 0.028248 seconds.
Data saved at t = 9.2099 s
Elapsed time is 0.032798 seconds.
Data saved at t = 9.2199 s
Elapsed time is 0.028328 seconds.
Data saved at t = 9.2299 s
Elapsed time is 0.028570 seconds.
184800 / 300000 time steps completed. t = 9.239950 s
Elapsed time is 7.457719 seconds.
Data saved at t = 9.2399 s
Elapsed time is 0.028126 seconds.
Data saved at t = 9.2499 s
Elapsed time is 0.028848 seconds.
Data saved at t = 9.2599 s
Elapsed time is 0.032156 seconds.
Data saved at t = 9.2699 s
Elapsed time is 0.028409 seconds.
Data saved at t = 9.2799 s
Elapsed time is 0.032544 seconds.
Data saved at t = 9.2899 s
Elapsed time is 0.028252 seconds.
186000 / 300000 time steps completed. t = 9.299950 s
Elapsed time is 7.457870 seconds.
Data saved at t = 9.2999 s
Elapsed time is 0.028372 seconds.
Data saved at t = 9.3099 s
Elapsed time is 0.028131 seconds.
Data saved at t = 9.3199 s
Elapsed time is 0.027803 seconds.
Data saved at t = 9.3299 s
Elapsed time is 0.028445 seconds.
Data saved at t = 9.3399 s
Elapsed time is 0.028128 seconds.
Data saved at t = 9.3499 s
Elapsed time is 0.032809 seconds.
187200 / 300000 time steps completed. t = 9.359950 s
Elapsed time is 7.465020 seconds.
Data saved at t = 9.3599 s
Elapsed time is 0.028265 seconds.
Data saved at t = 9.3699 s
Elapsed time is 0.028532 seconds.
Data saved at t = 9.3799 s
Elapsed time is 0.028566 seconds.
Data saved at t = 9.3899 s
Elapsed time is 0.027930 seconds.
Data saved at t = 9.3999 s
Elapsed time is 0.028032 seconds.
Data saved at t = 9.4099 s
Elapsed time is 0.028714 seconds.
188400 / 300000 time steps completed. t = 9.419950 s
Elapsed time is 7.464904 seconds.
Data saved at t = 9.4199 s
Elapsed time is 0.028125 seconds.
Data saved at t = 9.4299 s
Elapsed time is 0.031857 seconds.
Data saved at t = 9.4399 s
Elapsed time is 0.027974 seconds.
Data saved at t = 9.4499 s
Elapsed time is 0.032462 seconds.
Data saved at t = 9.4599 s
Elapsed time is 0.027984 seconds.
Data saved at t = 9.4699 s
Elapsed time is 0.028164 seconds.
189600 / 300000 time steps completed. t = 9.479950 s
Elapsed time is 7.481591 seconds.
Data saved at t = 9.4799 s
Elapsed time is 0.032014 seconds.
Data saved at t = 9.4899 s
Elapsed time is 0.027868 seconds.
Data saved at t = 9.4999 s
Elapsed time is 0.028130 seconds.
Data saved at t = 9.5099 s
Elapsed time is 0.027594 seconds.
Data saved at t = 9.5199 s
Elapsed time is 0.029265 seconds.
Data saved at t = 9.5299 s
Elapsed time is 0.028128 seconds.
190800 / 300000 time steps completed. t = 9.539950 s
Elapsed time is 7.462947 seconds.
Data saved at t = 9.5399 s
Elapsed time is 0.028926 seconds.
Data saved at t = 9.5499 s
Elapsed time is 0.029096 seconds.
Data saved at t = 9.5599 s
Elapsed time is 0.028079 seconds.
Data saved at t = 9.5699 s
Elapsed time is 0.028050 seconds.
Data saved at t = 9.5799 s
Elapsed time is 0.028075 seconds.
Data saved at t = 9.5899 s
Elapsed time is 0.028029 seconds.
192000 / 300000 time steps completed. t = 9.599950 s
Elapsed time is 7.470965 seconds.
Data saved at t = 9.5999 s
Elapsed time is 0.032289 seconds.
Data saved at t = 9.6099 s
Elapsed time is 0.028332 seconds.
Data saved at t = 9.6199 s
Elapsed time is 0.033206 seconds.
Data saved at t = 9.6299 s
Elapsed time is 0.028373 seconds.
Data saved at t = 9.6399 s
Elapsed time is 0.027971 seconds.
Data saved at t = 9.6499 s
Elapsed time is 0.028448 seconds.
193200 / 300000 time steps completed. t = 9.659950 s
Elapsed time is 7.468982 seconds.
Data saved at t = 9.6599 s
Elapsed time is 0.028421 seconds.
Data saved at t = 9.6699 s
Elapsed time is 0.029497 seconds.
Data saved at t = 9.6799 s
Elapsed time is 0.028580 seconds.
Data saved at t = 9.6899 s
Elapsed time is 0.028783 seconds.
Data saved at t = 9.6999 s
Elapsed time is 0.029103 seconds.
Data saved at t = 9.7099 s
Elapsed time is 0.028198 seconds.
194400 / 300000 time steps completed. t = 9.719950 s
Elapsed time is 7.443283 seconds.
Data saved at t = 9.7199 s
Elapsed time is 0.031388 seconds.
Data saved at t = 9.7299 s
Elapsed time is 0.028180 seconds.
Data saved at t = 9.7399 s
Elapsed time is 0.028718 seconds.
Data saved at t = 9.7499 s
Elapsed time is 0.032520 seconds.
Data saved at t = 9.7599 s
Elapsed time is 0.028502 seconds.
Data saved at t = 9.7699 s
Elapsed time is 0.028105 seconds.
195600 / 300000 time steps completed. t = 9.779950 s
Elapsed time is 7.468685 seconds.
Data saved at t = 9.7799 s
Elapsed time is 0.027946 seconds.
Data saved at t = 9.7899 s
Elapsed time is 0.028510 seconds.
Data saved at t = 9.7999 s
Elapsed time is 0.029846 seconds.
Data saved at t = 9.8099 s
Elapsed time is 0.027913 seconds.
Data saved at t = 9.8199 s
Elapsed time is 0.031891 seconds.
Data saved at t = 9.8299 s
Elapsed time is 0.030048 seconds.
196800 / 300000 time steps completed. t = 9.839950 s
Elapsed time is 7.473272 seconds.
Data saved at t = 9.8399 s
Elapsed time is 0.028831 seconds.
Data saved at t = 9.8499 s
Elapsed time is 0.028748 seconds.
Data saved at t = 9.8599 s
Elapsed time is 0.028521 seconds.
Data saved at t = 9.8699 s
Elapsed time is 0.032472 seconds.
Data saved at t = 9.8799 s
Elapsed time is 0.029543 seconds.
Data saved at t = 9.8899 s
Elapsed time is 0.028059 seconds.
198000 / 300000 time steps completed. t = 9.899950 s
Elapsed time is 7.462062 seconds.
Data saved at t = 9.8999 s
Elapsed time is 0.028656 seconds.
Data saved at t = 9.9099 s
Elapsed time is 0.028471 seconds.
Data saved at t = 9.9199 s
Elapsed time is 0.028355 seconds.
Data saved at t = 9.9299 s
Elapsed time is 0.028622 seconds.
Data saved at t = 9.9399 s
Elapsed time is 0.033530 seconds.
Data saved at t = 9.9499 s
Elapsed time is 0.028894 seconds.
199200 / 300000 time steps completed. t = 9.959950 s
Elapsed time is 7.468672 seconds.
Data saved at t = 9.9599 s
Elapsed time is 0.027696 seconds.
Data saved at t = 9.9699 s
Elapsed time is 0.032611 seconds.
Data saved at t = 9.9799 s
Elapsed time is 0.028836 seconds.
Data saved at t = 9.9899 s
Elapsed time is 0.032114 seconds.
Data saved at t = 9.9999 s
Elapsed time is 0.028618 seconds.
Data saved at t = 10.0099 s
Elapsed time is 0.028503 seconds.
200400 / 300000 time steps completed. t = 10.019950 s
Elapsed time is 7.460091 seconds.
Data saved at t = 10.0199 s
Elapsed time is 0.028162 seconds.
Data saved at t = 10.0299 s
Elapsed time is 0.029092 seconds.
Data saved at t = 10.0399 s
Elapsed time is 0.106794 seconds.
Data saved at t = 10.0499 s
Elapsed time is 0.029427 seconds.
Data saved at t = 10.0599 s
Elapsed time is 0.028387 seconds.
Data saved at t = 10.0699 s
Elapsed time is 0.028987 seconds.
201600 / 300000 time steps completed. t = 10.079950 s
Elapsed time is 7.473273 seconds.
Data saved at t = 10.0799 s
Elapsed time is 0.028673 seconds.
Data saved at t = 10.0899 s
Elapsed time is 0.029064 seconds.
Data saved at t = 10.0999 s
Elapsed time is 0.028698 seconds.
Data saved at t = 10.1099 s
Elapsed time is 0.028718 seconds.
Data saved at t = 10.1199 s
Elapsed time is 0.028600 seconds.
Data saved at t = 10.1299 s
Elapsed time is 0.028393 seconds.
202800 / 300000 time steps completed. t = 10.139950 s
Elapsed time is 7.434633 seconds.
Data saved at t = 10.1399 s
Elapsed time is 0.028232 seconds.
Data saved at t = 10.1499 s
Elapsed time is 0.029138 seconds.
Data saved at t = 10.1599 s
Elapsed time is 0.030298 seconds.
Data saved at t = 10.1699 s
Elapsed time is 0.028270 seconds.
Data saved at t = 10.1799 s
Elapsed time is 0.028774 seconds.
Data saved at t = 10.1899 s
Elapsed time is 0.031756 seconds.
204000 / 300000 time steps completed. t = 10.199950 s
Elapsed time is 7.458699 seconds.
Data saved at t = 10.1999 s
Elapsed time is 0.028014 seconds.
Data saved at t = 10.2099 s
Elapsed time is 0.033997 seconds.
Data saved at t = 10.2199 s
Elapsed time is 0.028150 seconds.
Data saved at t = 10.2299 s
Elapsed time is 0.029405 seconds.
Data saved at t = 10.2399 s
Elapsed time is 0.032750 seconds.
Data saved at t = 10.2499 s
Elapsed time is 0.028063 seconds.
205200 / 300000 time steps completed. t = 10.259950 s
Elapsed time is 7.452436 seconds.
Data saved at t = 10.2599 s
Elapsed time is 0.028282 seconds.
Data saved at t = 10.2699 s
Elapsed time is 0.029172 seconds.
Data saved at t = 10.2799 s
Elapsed time is 0.028845 seconds.
Data saved at t = 10.2899 s
Elapsed time is 0.027913 seconds.
Data saved at t = 10.2999 s
Elapsed time is 0.028106 seconds.
Data saved at t = 10.3099 s
Elapsed time is 0.028732 seconds.
206400 / 300000 time steps completed. t = 10.319950 s
Elapsed time is 7.454005 seconds.
Data saved at t = 10.3199 s
Elapsed time is 0.028542 seconds.
Data saved at t = 10.3299 s
Elapsed time is 0.028634 seconds.
Data saved at t = 10.3399 s
Elapsed time is 0.033364 seconds.
Data saved at t = 10.3499 s
Elapsed time is 0.028312 seconds.
Data saved at t = 10.3599 s
Elapsed time is 0.032596 seconds.
Data saved at t = 10.3699 s
Elapsed time is 0.029066 seconds.
207600 / 300000 time steps completed. t = 10.379950 s
Elapsed time is 7.523734 seconds.
Data saved at t = 10.3799 s
Elapsed time is 0.032562 seconds.
Data saved at t = 10.3899 s
Elapsed time is 0.028601 seconds.
Data saved at t = 10.3999 s
Elapsed time is 0.028065 seconds.
Data saved at t = 10.4099 s
Elapsed time is 0.028771 seconds.
Data saved at t = 10.4199 s
Elapsed time is 0.028909 seconds.
Data saved at t = 10.4299 s
Elapsed time is 0.033022 seconds.
208800 / 300000 time steps completed. t = 10.439950 s
Elapsed time is 7.459542 seconds.
Data saved at t = 10.4399 s
Elapsed time is 0.030532 seconds.
Data saved at t = 10.4499 s
Elapsed time is 0.028457 seconds.
Data saved at t = 10.4599 s
Elapsed time is 0.032552 seconds.
Data saved at t = 10.4699 s
Elapsed time is 0.027959 seconds.
Data saved at t = 10.4799 s
Elapsed time is 0.029258 seconds.
Data saved at t = 10.4899 s
Elapsed time is 0.030172 seconds.
210000 / 300000 time steps completed. t = 10.499950 s
Elapsed time is 7.447712 seconds.
Data saved at t = 10.4999 s
Elapsed time is 0.028885 seconds.
Data saved at t = 10.5099 s
Elapsed time is 0.032875 seconds.
Data saved at t = 10.5199 s
Elapsed time is 0.028896 seconds.
Data saved at t = 10.5299 s
Elapsed time is 0.032518 seconds.
Data saved at t = 10.5399 s
Elapsed time is 0.028976 seconds.
Data saved at t = 10.5499 s
Elapsed time is 0.029123 seconds.
211200 / 300000 time steps completed. t = 10.559950 s
Elapsed time is 7.493025 seconds.
Data saved at t = 10.5599 s
Elapsed time is 0.028702 seconds.
Data saved at t = 10.5699 s
Elapsed time is 0.028572 seconds.
Data saved at t = 10.5799 s
Elapsed time is 0.028753 seconds.
Data saved at t = 10.5899 s
Elapsed time is 0.028125 seconds.
Data saved at t = 10.5999 s
Elapsed time is 0.033013 seconds.
Data saved at t = 10.6099 s
Elapsed time is 0.028947 seconds.
212400 / 300000 time steps completed. t = 10.619950 s
Elapsed time is 7.468886 seconds.
Data saved at t = 10.6199 s
Elapsed time is 0.029749 seconds.
Data saved at t = 10.6299 s
Elapsed time is 0.114932 seconds.
Data saved at t = 10.6399 s
Elapsed time is 0.028569 seconds.
Data saved at t = 10.6499 s
Elapsed time is 0.028393 seconds.
Data saved at t = 10.6599 s
Elapsed time is 0.029843 seconds.
Data saved at t = 10.6699 s
Elapsed time is 0.028013 seconds.
213600 / 300000 time steps completed. t = 10.679950 s
Elapsed time is 7.440864 seconds.
Data saved at t = 10.6799 s
Elapsed time is 0.028219 seconds.
Data saved at t = 10.6899 s
Elapsed time is 0.028156 seconds.
Data saved at t = 10.6999 s
Elapsed time is 0.028074 seconds.
Data saved at t = 10.7099 s
Elapsed time is 0.028636 seconds.
Data saved at t = 10.7199 s
Elapsed time is 0.028700 seconds.
Data saved at t = 10.7299 s
Elapsed time is 0.028335 seconds.
214800 / 300000 time steps completed. t = 10.739950 s
Elapsed time is 7.402458 seconds.
Data saved at t = 10.7399 s
Elapsed time is 0.029069 seconds.
Data saved at t = 10.7499 s
Elapsed time is 0.028662 seconds.
Data saved at t = 10.7599 s
Elapsed time is 0.029065 seconds.
Data saved at t = 10.7699 s
Elapsed time is 0.028080 seconds.
Data saved at t = 10.7799 s
Elapsed time is 0.028842 seconds.
Data saved at t = 10.7899 s
Elapsed time is 0.028505 seconds.
216000 / 300000 time steps completed. t = 10.799950 s
Elapsed time is 7.405473 seconds.
Data saved at t = 10.7999 s
Elapsed time is 0.029736 seconds.
Data saved at t = 10.8099 s
Elapsed time is 0.028660 seconds.
Data saved at t = 10.8199 s
Elapsed time is 0.028954 seconds.
Data saved at t = 10.83 s
Elapsed time is 0.028957 seconds.
Data saved at t = 10.8399 s
Elapsed time is 0.028397 seconds.
Data saved at t = 10.8499 s
Elapsed time is 0.030430 seconds.
217200 / 300000 time steps completed. t = 10.859950 s
Elapsed time is 7.403202 seconds.
Data saved at t = 10.8599 s
Elapsed time is 0.028331 seconds.
Data saved at t = 10.8699 s
Elapsed time is 0.028459 seconds.
Data saved at t = 10.8799 s
Elapsed time is 0.029110 seconds.
Data saved at t = 10.8899 s
Elapsed time is 0.028557 seconds.
Data saved at t = 10.8999 s
Elapsed time is 0.029237 seconds.
Data saved at t = 10.9099 s
Elapsed time is 0.028550 seconds.
218400 / 300000 time steps completed. t = 10.919950 s
Elapsed time is 7.400116 seconds.
Data saved at t = 10.9199 s
Elapsed time is 0.029077 seconds.
Data saved at t = 10.9299 s
Elapsed time is 0.028188 seconds.
Data saved at t = 10.9399 s
Elapsed time is 0.028999 seconds.
Data saved at t = 10.9499 s
Elapsed time is 0.028146 seconds.
Data saved at t = 10.9599 s
Elapsed time is 0.028025 seconds.
Data saved at t = 10.9699 s
Elapsed time is 0.028556 seconds.
219600 / 300000 time steps completed. t = 10.979950 s
Elapsed time is 7.466651 seconds.
Data saved at t = 10.98 s
Elapsed time is 0.028308 seconds.
Data saved at t = 10.9899 s
Elapsed time is 0.031901 seconds.
Data saved at t = 10.9999 s
Elapsed time is 0.027823 seconds.
Data saved at t = 11.0099 s
Elapsed time is 0.028197 seconds.
Data saved at t = 11.0199 s
Elapsed time is 0.032799 seconds.
Data saved at t = 11.0299 s
Elapsed time is 0.028618 seconds.
220800 / 300000 time steps completed. t = 11.039950 s
Elapsed time is 7.476419 seconds.
Data saved at t = 11.0399 s
Elapsed time is 0.032346 seconds.
Data saved at t = 11.0499 s
Elapsed time is 0.028357 seconds.
Data saved at t = 11.0599 s
Elapsed time is 0.029049 seconds.
Data saved at t = 11.0699 s
Elapsed time is 0.028374 seconds.
Data saved at t = 11.0799 s
Elapsed time is 0.029285 seconds.
Data saved at t = 11.0899 s
Elapsed time is 0.032306 seconds.
222000 / 300000 time steps completed. t = 11.099950 s
Elapsed time is 7.423290 seconds.
Data saved at t = 11.0999 s
Elapsed time is 0.028090 seconds.
Data saved at t = 11.1099 s
Elapsed time is 0.028305 seconds.
Data saved at t = 11.1199 s
Elapsed time is 0.028981 seconds.
Data saved at t = 11.1299 s
Elapsed time is 0.028686 seconds.
Data saved at t = 11.1399 s
Elapsed time is 0.032604 seconds.
Data saved at t = 11.1499 s
Elapsed time is 0.028772 seconds.
223200 / 300000 time steps completed. t = 11.159950 s
Elapsed time is 7.435661 seconds.
Data saved at t = 11.1599 s
Elapsed time is 0.028878 seconds.
Data saved at t = 11.1699 s
Elapsed time is 0.028204 seconds.
Data saved at t = 11.1799 s
Elapsed time is 0.033140 seconds.
Data saved at t = 11.1899 s
Elapsed time is 0.028382 seconds.
Data saved at t = 11.1999 s
Elapsed time is 0.028145 seconds.
Data saved at t = 11.2099 s
Elapsed time is 0.028758 seconds.
224400 / 300000 time steps completed. t = 11.219950 s
Elapsed time is 7.448792 seconds.
Data saved at t = 11.2199 s
Elapsed time is 0.028749 seconds.
Data saved at t = 11.2299 s
Elapsed time is 0.028515 seconds.
Data saved at t = 11.24 s
Elapsed time is 0.032886 seconds.
Data saved at t = 11.2499 s
Elapsed time is 0.028595 seconds.
Data saved at t = 11.2599 s
Elapsed time is 0.033289 seconds.
Data saved at t = 11.2699 s
Elapsed time is 0.029233 seconds.
225600 / 300000 time steps completed. t = 11.279950 s
Elapsed time is 7.476709 seconds.
Data saved at t = 11.2799 s
Elapsed time is 0.028770 seconds.
Data saved at t = 11.2899 s
Elapsed time is 0.036807 seconds.
Data saved at t = 11.2999 s
Elapsed time is 0.028500 seconds.
Data saved at t = 11.3099 s
Elapsed time is 0.032669 seconds.
Data saved at t = 11.3199 s
Elapsed time is 0.027824 seconds.
Data saved at t = 11.3299 s
Elapsed time is 0.028324 seconds.
226800 / 300000 time steps completed. t = 11.339950 s
Elapsed time is 7.473154 seconds.
Data saved at t = 11.3399 s
Elapsed time is 0.028367 seconds.
Data saved at t = 11.3499 s
Elapsed time is 0.028308 seconds.
Data saved at t = 11.3599 s
Elapsed time is 0.032280 seconds.
Data saved at t = 11.3699 s
Elapsed time is 0.028714 seconds.
Data saved at t = 11.3799 s
Elapsed time is 0.028529 seconds.
Data saved at t = 11.3899 s
Elapsed time is 0.033334 seconds.
228000 / 300000 time steps completed. t = 11.399950 s
Elapsed time is 7.430015 seconds.
Data saved at t = 11.3999 s
Elapsed time is 0.028366 seconds.
Data saved at t = 11.4099 s
Elapsed time is 0.033242 seconds.
Data saved at t = 11.4199 s
Elapsed time is 0.028227 seconds.
Data saved at t = 11.4299 s
Elapsed time is 0.028235 seconds.
Data saved at t = 11.4399 s
Elapsed time is 0.030002 seconds.
Data saved at t = 11.4499 s
Elapsed time is 0.028645 seconds.
229200 / 300000 time steps completed. t = 11.459950 s
Elapsed time is 7.426109 seconds.
Data saved at t = 11.4599 s
Elapsed time is 0.028325 seconds.
Data saved at t = 11.4699 s
Elapsed time is 0.028556 seconds.
Data saved at t = 11.4799 s
Elapsed time is 0.032067 seconds.
Data saved at t = 11.4899 s
Elapsed time is 0.029270 seconds.
Data saved at t = 11.5 s
Elapsed time is 0.028537 seconds.
Data saved at t = 11.5099 s
Elapsed time is 0.032815 seconds.
230400 / 300000 time steps completed. t = 11.519950 s
Elapsed time is 7.487785 seconds.
Data saved at t = 11.5199 s
Elapsed time is 0.028369 seconds.
Data saved at t = 11.5299 s
Elapsed time is 0.032593 seconds.
Data saved at t = 11.5399 s
Elapsed time is 0.028018 seconds.
Data saved at t = 11.5499 s
Elapsed time is 0.028500 seconds.
Data saved at t = 11.5599 s
Elapsed time is 0.033767 seconds.
Data saved at t = 11.5699 s
Elapsed time is 0.029005 seconds.
231600 / 300000 time steps completed. t = 11.579950 s
Elapsed time is 7.472096 seconds.
Data saved at t = 11.5799 s
Elapsed time is 0.028389 seconds.
Data saved at t = 11.5899 s
Elapsed time is 0.028547 seconds.
Data saved at t = 11.5999 s
Elapsed time is 0.029511 seconds.
Data saved at t = 11.6099 s
Elapsed time is 0.029112 seconds.
Data saved at t = 11.6199 s
Elapsed time is 0.030067 seconds.
Data saved at t = 11.6299 s
Elapsed time is 0.033660 seconds.
232800 / 300000 time steps completed. t = 11.639950 s
Elapsed time is 7.423991 seconds.
Data saved at t = 11.6399 s
Elapsed time is 0.029017 seconds.
Data saved at t = 11.6499 s
Elapsed time is 0.028727 seconds.
Data saved at t = 11.6599 s
Elapsed time is 0.028861 seconds.
Data saved at t = 11.6699 s
Elapsed time is 0.028722 seconds.
Data saved at t = 11.6799 s
Elapsed time is 0.032853 seconds.
Data saved at t = 11.6899 s
Elapsed time is 0.028212 seconds.
234000 / 300000 time steps completed. t = 11.699950 s
Elapsed time is 7.432735 seconds.
Data saved at t = 11.6999 s
Elapsed time is 0.033125 seconds.
Data saved at t = 11.7099 s
Elapsed time is 0.028990 seconds.
Data saved at t = 11.7199 s
Elapsed time is 0.028545 seconds.
Data saved at t = 11.7299 s
Elapsed time is 0.028768 seconds.
Data saved at t = 11.7399 s
Elapsed time is 0.028260 seconds.
Data saved at t = 11.7499 s
Elapsed time is 0.032360 seconds.
235200 / 300000 time steps completed. t = 11.759950 s
Elapsed time is 7.483974 seconds.
Data saved at t = 11.7599 s
Elapsed time is 0.028899 seconds.
Data saved at t = 11.7699 s
Elapsed time is 0.029166 seconds.
Data saved at t = 11.7799 s
Elapsed time is 0.029381 seconds.
Data saved at t = 11.7899 s
Elapsed time is 0.028244 seconds.
Data saved at t = 11.7999 s
Elapsed time is 0.033507 seconds.
Data saved at t = 11.8099 s
Elapsed time is 0.028751 seconds.
236400 / 300000 time steps completed. t = 11.819950 s
Elapsed time is 7.477110 seconds.
Data saved at t = 11.8199 s
Elapsed time is 0.028095 seconds.
Data saved at t = 11.8299 s
Elapsed time is 0.032343 seconds.
Data saved at t = 11.8399 s
Elapsed time is 0.029347 seconds.
Data saved at t = 11.8499 s
Elapsed time is 0.033810 seconds.
Data saved at t = 11.8599 s
Elapsed time is 0.028995 seconds.
Data saved at t = 11.8699 s
Elapsed time is 0.028665 seconds.
237600 / 300000 time steps completed. t = 11.879950 s
Elapsed time is 7.475780 seconds.
Data saved at t = 11.8799 s
Elapsed time is 0.032119 seconds.
Data saved at t = 11.8899 s
Elapsed time is 0.029355 seconds.
Data saved at t = 11.8999 s
Elapsed time is 0.029382 seconds.
Data saved at t = 11.9099 s
Elapsed time is 0.029284 seconds.
Data saved at t = 11.9199 s
Elapsed time is 0.028896 seconds.
Data saved at t = 11.9299 s
Elapsed time is 0.032289 seconds.
238800 / 300000 time steps completed. t = 11.939950 s
Elapsed time is 7.494543 seconds.
Data saved at t = 11.9399 s
Elapsed time is 0.028846 seconds.
Data saved at t = 11.9499 s
Elapsed time is 0.033277 seconds.
Data saved at t = 11.9599 s
Elapsed time is 0.028620 seconds.
Data saved at t = 11.9699 s
Elapsed time is 0.028597 seconds.
Data saved at t = 11.9799 s
Elapsed time is 0.028250 seconds.
Data saved at t = 11.9899 s
Elapsed time is 0.028548 seconds.
240000 / 300000 time steps completed. t = 11.999950 s
Elapsed time is 7.502970 seconds.
Data saved at t = 11.9999 s
Elapsed time is 0.028561 seconds.
Data saved at t = 12.0099 s
Elapsed time is 0.028578 seconds.
Data saved at t = 12.0199 s
Elapsed time is 0.032748 seconds.
Data saved at t = 12.0299 s
Elapsed time is 0.028563 seconds.
Data saved at t = 12.0399 s
Elapsed time is 0.028954 seconds.
Data saved at t = 12.0499 s
Elapsed time is 0.034580 seconds.
241200 / 300000 time steps completed. t = 12.059950 s
Elapsed time is 7.495962 seconds.
Data saved at t = 12.0599 s
Elapsed time is 0.028306 seconds.
Data saved at t = 12.0699 s
Elapsed time is 0.032031 seconds.
Data saved at t = 12.0799 s
Elapsed time is 0.029019 seconds.
Data saved at t = 12.0899 s
Elapsed time is 0.029107 seconds.
Data saved at t = 12.0999 s
Elapsed time is 0.029580 seconds.
Data saved at t = 12.1099 s
Elapsed time is 0.029740 seconds.
242400 / 300000 time steps completed. t = 12.119950 s
Elapsed time is 7.472646 seconds.
Data saved at t = 12.1199 s
Elapsed time is 0.032235 seconds.
Data saved at t = 12.1299 s
Elapsed time is 0.028487 seconds.
Data saved at t = 12.1399 s
Elapsed time is 0.028617 seconds.
Data saved at t = 12.1499 s
Elapsed time is 0.028787 seconds.
Data saved at t = 12.1599 s
Elapsed time is 0.030381 seconds.
Data saved at t = 12.1699 s
Elapsed time is 0.028673 seconds.
243600 / 300000 time steps completed. t = 12.179950 s
Elapsed time is 7.484255 seconds.
Data saved at t = 12.1799 s
Elapsed time is 0.028614 seconds.
Data saved at t = 12.1899 s
Elapsed time is 0.029038 seconds.
Data saved at t = 12.1999 s
Elapsed time is 0.028450 seconds.
Data saved at t = 12.2099 s
Elapsed time is 0.029404 seconds.
Data saved at t = 12.2199 s
Elapsed time is 0.028813 seconds.
Data saved at t = 12.2299 s
Elapsed time is 0.028984 seconds.
244800 / 300000 time steps completed. t = 12.239950 s
Elapsed time is 7.479033 seconds.
Data saved at t = 12.2399 s
Elapsed time is 0.032485 seconds.
Data saved at t = 12.25 s
Elapsed time is 0.028612 seconds.
Data saved at t = 12.2599 s
Elapsed time is 0.028908 seconds.
Data saved at t = 12.2699 s
Elapsed time is 0.028678 seconds.
Data saved at t = 12.2799 s
Elapsed time is 0.028679 seconds.
Data saved at t = 12.2899 s
Elapsed time is 0.031760 seconds.
246000 / 300000 time steps completed. t = 12.299950 s
Elapsed time is 7.503406 seconds.
Data saved at t = 12.2999 s
Elapsed time is 0.028665 seconds.
Data saved at t = 12.3099 s
Elapsed time is 0.028941 seconds.
Data saved at t = 12.3199 s
Elapsed time is 0.032958 seconds.
Data saved at t = 12.3299 s
Elapsed time is 0.028518 seconds.
Data saved at t = 12.3399 s
Elapsed time is 0.032659 seconds.
Data saved at t = 12.3499 s
Elapsed time is 0.028421 seconds.
247200 / 300000 time steps completed. t = 12.359950 s
Elapsed time is 7.484283 seconds.
Data saved at t = 12.3599 s
Elapsed time is 0.028448 seconds.
Data saved at t = 12.3699 s
Elapsed time is 0.032101 seconds.
Data saved at t = 12.3799 s
Elapsed time is 0.030201 seconds.
Data saved at t = 12.3899 s
Elapsed time is 0.032860 seconds.
Data saved at t = 12.3999 s
Elapsed time is 0.028914 seconds.
Data saved at t = 12.4099 s
Elapsed time is 0.028187 seconds.
248400 / 300000 time steps completed. t = 12.419950 s
Elapsed time is 7.484952 seconds.
Data saved at t = 12.4199 s
Elapsed time is 0.028815 seconds.
Data saved at t = 12.4299 s
Elapsed time is 0.028700 seconds.
Data saved at t = 12.4399 s
Elapsed time is 0.034594 seconds.
Data saved at t = 12.4499 s
Elapsed time is 0.028922 seconds.
Data saved at t = 12.4599 s
Elapsed time is 0.028566 seconds.
Data saved at t = 12.4699 s
Elapsed time is 0.028944 seconds.
249600 / 300000 time steps completed. t = 12.479950 s
Elapsed time is 7.487043 seconds.
Data saved at t = 12.4799 s
Elapsed time is 0.028676 seconds.
Data saved at t = 12.4899 s
Elapsed time is 0.028103 seconds.
Data saved at t = 12.4999 s
Elapsed time is 0.029189 seconds.
Data saved at t = 12.5099 s
Elapsed time is 0.031830 seconds.
Data saved at t = 12.5199 s
Elapsed time is 0.028666 seconds.
Data saved at t = 12.5299 s
Elapsed time is 0.030850 seconds.
250800 / 300000 time steps completed. t = 12.539950 s
Elapsed time is 7.582870 seconds.
Data saved at t = 12.5399 s
Elapsed time is 0.029656 seconds.
Data saved at t = 12.5499 s
Elapsed time is 0.030347 seconds.
Data saved at t = 12.5599 s
Elapsed time is 0.032943 seconds.
Data saved at t = 12.5699 s
Elapsed time is 0.029536 seconds.
Data saved at t = 12.5799 s
Elapsed time is 0.028720 seconds.
Data saved at t = 12.5899 s
Elapsed time is 0.033497 seconds.
252000 / 300000 time steps completed. t = 12.599950 s
Elapsed time is 7.494632 seconds.
Data saved at t = 12.5999 s
Elapsed time is 0.028048 seconds.
Data saved at t = 12.6099 s
Elapsed time is 0.034313 seconds.
Data saved at t = 12.6199 s
Elapsed time is 0.028965 seconds.
Data saved at t = 12.6299 s
Elapsed time is 0.032499 seconds.
Data saved at t = 12.6399 s
Elapsed time is 0.028294 seconds.
Data saved at t = 12.6499 s
Elapsed time is 0.029005 seconds.
253200 / 300000 time steps completed. t = 12.659950 s
Elapsed time is 7.395802 seconds.
Data saved at t = 12.6599 s
Elapsed time is 0.032845 seconds.
Data saved at t = 12.6699 s
Elapsed time is 0.028545 seconds.
Data saved at t = 12.6799 s
Elapsed time is 0.026356 seconds.
Data saved at t = 12.6899 s
Elapsed time is 0.025965 seconds.
Data saved at t = 12.6999 s
Elapsed time is 0.026106 seconds.
Data saved at t = 12.7099 s
Elapsed time is 0.027222 seconds.
254400 / 300000 time steps completed. t = 12.719950 s
Elapsed time is 6.725313 seconds.
Data saved at t = 12.7199 s
Elapsed time is 0.026519 seconds.
Data saved at t = 12.7299 s
Elapsed time is 0.031082 seconds.
Data saved at t = 12.7399 s
Elapsed time is 0.026552 seconds.
Data saved at t = 12.7499 s
Elapsed time is 0.026654 seconds.
Data saved at t = 12.7599 s
Elapsed time is 0.027236 seconds.
Data saved at t = 12.7699 s
Elapsed time is 0.027428 seconds.
255600 / 300000 time steps completed. t = 12.779950 s
Elapsed time is 6.764803 seconds.
Data saved at t = 12.7799 s
Elapsed time is 0.031212 seconds.
Data saved at t = 12.7899 s
Elapsed time is 0.026572 seconds.
Data saved at t = 12.7999 s
Elapsed time is 0.027101 seconds.
Data saved at t = 12.8099 s
Elapsed time is 0.027158 seconds.
Data saved at t = 12.8199 s
Elapsed time is 0.027251 seconds.
Data saved at t = 12.8299 s
Elapsed time is 0.027201 seconds.
256800 / 300000 time steps completed. t = 12.839950 s
Elapsed time is 6.771966 seconds.
Data saved at t = 12.8399 s
Elapsed time is 0.026869 seconds.
Data saved at t = 12.8499 s
Elapsed time is 0.026472 seconds.
Data saved at t = 12.8599 s
Elapsed time is 0.030255 seconds.
Data saved at t = 12.8699 s
Elapsed time is 0.027128 seconds.
Data saved at t = 12.8799 s
Elapsed time is 0.032354 seconds.
Data saved at t = 12.8899 s
Elapsed time is 0.027478 seconds.
258000 / 300000 time steps completed. t = 12.899950 s
Elapsed time is 6.737963 seconds.
Data saved at t = 12.8999 s
Elapsed time is 0.030178 seconds.
Data saved at t = 12.9099 s
Elapsed time is 0.026915 seconds.
Data saved at t = 12.9199 s
Elapsed time is 0.027081 seconds.
Data saved at t = 12.9299 s
Elapsed time is 0.047811 seconds.
Data saved at t = 12.9399 s
Elapsed time is 0.029145 seconds.
Data saved at t = 12.9499 s
Elapsed time is 0.032840 seconds.
259200 / 300000 time steps completed. t = 12.959950 s
Elapsed time is 7.482474 seconds.
Data saved at t = 12.9599 s
Elapsed time is 0.030427 seconds.
Data saved at t = 12.9699 s
Elapsed time is 0.032161 seconds.
Data saved at t = 12.9799 s
Elapsed time is 0.031942 seconds.
Data saved at t = 12.9899 s
Elapsed time is 0.030249 seconds.
Data saved at t = 12.9999 s
Elapsed time is 0.030487 seconds.
Data saved at t = 13.0099 s
Elapsed time is 0.028775 seconds.
260400 / 300000 time steps completed. t = 13.019950 s
Elapsed time is 7.486339 seconds.
Data saved at t = 13.0199 s
Elapsed time is 0.035028 seconds.
Data saved at t = 13.0299 s
Elapsed time is 0.032948 seconds.
Data saved at t = 13.0399 s
Elapsed time is 0.040165 seconds.
Data saved at t = 13.0499 s
Elapsed time is 0.029217 seconds.
Data saved at t = 13.0599 s
Elapsed time is 0.038093 seconds.
Data saved at t = 13.0699 s
Elapsed time is 0.032740 seconds.
261600 / 300000 time steps completed. t = 13.079950 s
Elapsed time is 7.495372 seconds.
Data saved at t = 13.0799 s
Elapsed time is 0.037870 seconds.
Data saved at t = 13.0899 s
Elapsed time is 0.034475 seconds.
Data saved at t = 13.0999 s
Elapsed time is 0.035009 seconds.
Data saved at t = 13.1099 s
Elapsed time is 0.029149 seconds.
Data saved at t = 13.1199 s
Elapsed time is 0.031692 seconds.
Data saved at t = 13.1299 s
Elapsed time is 0.041510 seconds.
262800 / 300000 time steps completed. t = 13.139950 s
Elapsed time is 7.472318 seconds.
Data saved at t = 13.1399 s
Elapsed time is 0.031317 seconds.
Data saved at t = 13.1499 s
Elapsed time is 0.028985 seconds.
Data saved at t = 13.1599 s
Elapsed time is 0.031797 seconds.
Data saved at t = 13.1699 s
Elapsed time is 0.029546 seconds.
Data saved at t = 13.1799 s
Elapsed time is 0.028340 seconds.
Data saved at t = 13.1899 s
Elapsed time is 0.030111 seconds.
264000 / 300000 time steps completed. t = 13.199950 s
Elapsed time is 7.471102 seconds.
Data saved at t = 13.1999 s
Elapsed time is 0.029451 seconds.
Data saved at t = 13.2099 s
Elapsed time is 0.035446 seconds.
Data saved at t = 13.2199 s
Elapsed time is 0.035042 seconds.
Data saved at t = 13.2299 s
Elapsed time is 0.056973 seconds.
Data saved at t = 13.2399 s
Elapsed time is 0.030319 seconds.
Data saved at t = 13.2499 s
Elapsed time is 0.031474 seconds.
265200 / 300000 time steps completed. t = 13.259950 s
Elapsed time is 7.501453 seconds.
Data saved at t = 13.2599 s
Elapsed time is 0.029000 seconds.
Data saved at t = 13.2699 s
Elapsed time is 0.045686 seconds.
Data saved at t = 13.2799 s
Elapsed time is 0.036268 seconds.
Data saved at t = 13.2899 s
Elapsed time is 0.032449 seconds.
Data saved at t = 13.2999 s
Elapsed time is 0.035612 seconds.
Data saved at t = 13.3099 s
Elapsed time is 0.029414 seconds.
266400 / 300000 time steps completed. t = 13.319950 s
Elapsed time is 7.504615 seconds.
Data saved at t = 13.3199 s
Elapsed time is 0.036443 seconds.
Data saved at t = 13.3299 s
Elapsed time is 0.028248 seconds.
Data saved at t = 13.3399 s
Elapsed time is 0.032485 seconds.
Data saved at t = 13.3499 s
Elapsed time is 0.029574 seconds.
Data saved at t = 13.3599 s
Elapsed time is 0.030666 seconds.
Data saved at t = 13.3699 s
Elapsed time is 0.029017 seconds.
267600 / 300000 time steps completed. t = 13.379950 s
Elapsed time is 7.500367 seconds.
Data saved at t = 13.3799 s
Elapsed time is 0.195979 seconds.
Data saved at t = 13.3899 s
Elapsed time is 0.033030 seconds.
Data saved at t = 13.3999 s
Elapsed time is 0.030656 seconds.
Data saved at t = 13.4099 s
Elapsed time is 0.031498 seconds.
Data saved at t = 13.4199 s
Elapsed time is 0.028033 seconds.
Data saved at t = 13.4299 s
Elapsed time is 0.028816 seconds.
268800 / 300000 time steps completed. t = 13.439950 s
Elapsed time is 7.458894 seconds.
Data saved at t = 13.4399 s
Elapsed time is 0.029604 seconds.
Data saved at t = 13.4499 s
Elapsed time is 0.031618 seconds.
Data saved at t = 13.4599 s
Elapsed time is 0.034421 seconds.
Data saved at t = 13.4699 s
Elapsed time is 0.028283 seconds.
Data saved at t = 13.4799 s
Elapsed time is 0.028239 seconds.
Data saved at t = 13.4899 s
Elapsed time is 0.028648 seconds.
270000 / 300000 time steps completed. t = 13.499950 s
Elapsed time is 7.463854 seconds.
Data saved at t = 13.4999 s
Elapsed time is 0.027802 seconds.
Data saved at t = 13.5099 s
Elapsed time is 0.028712 seconds.
Data saved at t = 13.5199 s
Elapsed time is 0.027907 seconds.
Data saved at t = 13.5299 s
Elapsed time is 0.028584 seconds.
Data saved at t = 13.5399 s
Elapsed time is 0.031988 seconds.
Data saved at t = 13.5499 s
Elapsed time is 0.028259 seconds.
271200 / 300000 time steps completed. t = 13.559950 s
Elapsed time is 7.486197 seconds.
Data saved at t = 13.5599 s
Elapsed time is 0.031655 seconds.
Data saved at t = 13.5699 s
Elapsed time is 0.028333 seconds.
Data saved at t = 13.5799 s
Elapsed time is 0.039993 seconds.
Data saved at t = 13.5899 s
Elapsed time is 0.034283 seconds.
Data saved at t = 13.5999 s
Elapsed time is 0.039503 seconds.
Data saved at t = 13.6099 s
Elapsed time is 0.034265 seconds.
272400 / 300000 time steps completed. t = 13.619950 s
Elapsed time is 7.503970 seconds.
Data saved at t = 13.6199 s
Elapsed time is 0.029824 seconds.
Data saved at t = 13.6299 s
Elapsed time is 0.030441 seconds.
Data saved at t = 13.6399 s
Elapsed time is 0.030689 seconds.
Data saved at t = 13.6499 s
Elapsed time is 0.038391 seconds.
Data saved at t = 13.6599 s
Elapsed time is 0.038701 seconds.
Data saved at t = 13.6699 s
Elapsed time is 0.027993 seconds.
273600 / 300000 time steps completed. t = 13.679950 s
Elapsed time is 7.485703 seconds.
Data saved at t = 13.6799 s
Elapsed time is 0.033594 seconds.
Data saved at t = 13.6899 s
Elapsed time is 0.032965 seconds.
Data saved at t = 13.6999 s
Elapsed time is 0.028407 seconds.
Data saved at t = 13.7099 s
Elapsed time is 0.032697 seconds.
Data saved at t = 13.7199 s
Elapsed time is 0.028664 seconds.
Data saved at t = 13.7299 s
Elapsed time is 0.108452 seconds.
274800 / 300000 time steps completed. t = 13.739950 s
Elapsed time is 7.573868 seconds.
Data saved at t = 13.7399 s
Elapsed time is 0.031879 seconds.
Data saved at t = 13.7499 s
Elapsed time is 0.028156 seconds.
Data saved at t = 13.7599 s
Elapsed time is 0.030982 seconds.
Data saved at t = 13.7699 s
Elapsed time is 0.028201 seconds.
Data saved at t = 13.7799 s
Elapsed time is 0.028411 seconds.
Data saved at t = 13.7899 s
Elapsed time is 0.028788 seconds.
276000 / 300000 time steps completed. t = 13.799950 s
Elapsed time is 7.490182 seconds.
Data saved at t = 13.7999 s
Elapsed time is 0.028045 seconds.
Data saved at t = 13.8099 s
Elapsed time is 0.032245 seconds.
Data saved at t = 13.8199 s
Elapsed time is 0.028128 seconds.
Data saved at t = 13.8299 s
Elapsed time is 0.031827 seconds.
Data saved at t = 13.8399 s
Elapsed time is 0.028545 seconds.
Data saved at t = 13.8499 s
Elapsed time is 0.028528 seconds.
277200 / 300000 time steps completed. t = 13.859950 s
Elapsed time is 7.494770 seconds.
Data saved at t = 13.8599 s
Elapsed time is 0.028146 seconds.
Data saved at t = 13.8699 s
Elapsed time is 0.028157 seconds.
Data saved at t = 13.8799 s
Elapsed time is 0.032725 seconds.
Data saved at t = 13.8899 s
Elapsed time is 0.029119 seconds.
Data saved at t = 13.8999 s
Elapsed time is 0.028848 seconds.
Data saved at t = 13.9099 s
Elapsed time is 0.031867 seconds.
278400 / 300000 time steps completed. t = 13.919950 s
Elapsed time is 7.458883 seconds.
Data saved at t = 13.9199 s
Elapsed time is 0.033636 seconds.
Data saved at t = 13.9299 s
Elapsed time is 0.032171 seconds.
Data saved at t = 13.9399 s
Elapsed time is 0.028347 seconds.
Data saved at t = 13.9499 s
Elapsed time is 0.031543 seconds.
Data saved at t = 13.9599 s
Elapsed time is 0.028893 seconds.
Data saved at t = 13.9699 s
Elapsed time is 0.028661 seconds.
279600 / 300000 time steps completed. t = 13.979950 s
Elapsed time is 7.498913 seconds.
Data saved at t = 13.9799 s
Elapsed time is 0.032655 seconds.
Data saved at t = 13.9899 s
Elapsed time is 0.028329 seconds.
Data saved at t = 13.9999 s
Elapsed time is 0.032196 seconds.
Data saved at t = 14.0099 s
Elapsed time is 0.028799 seconds.
Data saved at t = 14.0199 s
Elapsed time is 0.029279 seconds.
Data saved at t = 14.0299 s
Elapsed time is 0.032133 seconds.
280800 / 300000 time steps completed. t = 14.039950 s
Elapsed time is 7.493973 seconds.
Data saved at t = 14.0399 s
Elapsed time is 0.028964 seconds.
Data saved at t = 14.0499 s
Elapsed time is 0.028446 seconds.
Data saved at t = 14.0599 s
Elapsed time is 0.029144 seconds.
Data saved at t = 14.0699 s
Elapsed time is 0.028094 seconds.
Data saved at t = 14.0799 s
Elapsed time is 0.031710 seconds.
Data saved at t = 14.0899 s
Elapsed time is 0.028609 seconds.
282000 / 300000 time steps completed. t = 14.099950 s
Elapsed time is 7.421995 seconds.
Data saved at t = 14.0999 s
Elapsed time is 0.032614 seconds.
Data saved at t = 14.1099 s
Elapsed time is 0.028630 seconds.
Data saved at t = 14.1199 s
Elapsed time is 0.028357 seconds.
Data saved at t = 14.1299 s
Elapsed time is 0.031925 seconds.
Data saved at t = 14.1399 s
Elapsed time is 0.027884 seconds.
Data saved at t = 14.1499 s
Elapsed time is 0.028101 seconds.
283200 / 300000 time steps completed. t = 14.159950 s
Elapsed time is 7.421098 seconds.
Data saved at t = 14.1599 s
Elapsed time is 0.027886 seconds.
Data saved at t = 14.1699 s
Elapsed time is 0.030916 seconds.
Data saved at t = 14.1799 s
Elapsed time is 0.028625 seconds.
Data saved at t = 14.1899 s
Elapsed time is 0.028044 seconds.
Data saved at t = 14.1999 s
Elapsed time is 0.031364 seconds.
Data saved at t = 14.2099 s
Elapsed time is 0.027990 seconds.
284400 / 300000 time steps completed. t = 14.219950 s
Elapsed time is 7.430528 seconds.
Data saved at t = 14.2199 s
Elapsed time is 0.030892 seconds.
Data saved at t = 14.2299 s
Elapsed time is 0.028159 seconds.
Data saved at t = 14.2399 s
Elapsed time is 0.028350 seconds.
Data saved at t = 14.2499 s
Elapsed time is 0.028252 seconds.
Data saved at t = 14.2599 s
Elapsed time is 0.027886 seconds.
Data saved at t = 14.2699 s
Elapsed time is 0.031409 seconds.
285600 / 300000 time steps completed. t = 14.279950 s
Elapsed time is 7.388078 seconds.
Data saved at t = 14.2799 s
Elapsed time is 0.027823 seconds.
Data saved at t = 14.2899 s
Elapsed time is 0.027743 seconds.
Data saved at t = 14.2999 s
Elapsed time is 0.031250 seconds.
Data saved at t = 14.3099 s
Elapsed time is 0.028270 seconds.
Data saved at t = 14.3199 s
Elapsed time is 0.030829 seconds.
Data saved at t = 14.3299 s
Elapsed time is 0.027871 seconds.
286800 / 300000 time steps completed. t = 14.339950 s
Elapsed time is 7.457306 seconds.
Data saved at t = 14.3399 s
Elapsed time is 0.031215 seconds.
Data saved at t = 14.3499 s
Elapsed time is 0.027760 seconds.
Data saved at t = 14.3599 s
Elapsed time is 0.028152 seconds.
Data saved at t = 14.3699 s
Elapsed time is 0.027674 seconds.
Data saved at t = 14.3799 s
Elapsed time is 0.027910 seconds.
Data saved at t = 14.3899 s
Elapsed time is 0.032397 seconds.
288000 / 300000 time steps completed. t = 14.399950 s
Elapsed time is 7.464809 seconds.
Data saved at t = 14.3999 s
Elapsed time is 0.027957 seconds.
Data saved at t = 14.4099 s
Elapsed time is 0.027960 seconds.
Data saved at t = 14.4199 s
Elapsed time is 0.032271 seconds.
Data saved at t = 14.4299 s
Elapsed time is 0.028010 seconds.
Data saved at t = 14.4399 s
Elapsed time is 0.028534 seconds.
Data saved at t = 14.4499 s
Elapsed time is 0.027763 seconds.
289200 / 300000 time steps completed. t = 14.459950 s
Elapsed time is 7.417624 seconds.
Data saved at t = 14.4599 s
Elapsed time is 0.028011 seconds.
Data saved at t = 14.4699 s
Elapsed time is 0.028397 seconds.
Data saved at t = 14.4799 s
Elapsed time is 0.028038 seconds.
Data saved at t = 14.4899 s
Elapsed time is 0.029147 seconds.
Data saved at t = 14.4999 s
Elapsed time is 0.028928 seconds.
Data saved at t = 14.5099 s
Elapsed time is 0.028326 seconds.
290400 / 300000 time steps completed. t = 14.519950 s
Elapsed time is 7.407083 seconds.
Data saved at t = 14.5199 s
Elapsed time is 0.031169 seconds.
Data saved at t = 14.5299 s
Elapsed time is 0.027720 seconds.
Data saved at t = 14.5399 s
Elapsed time is 0.028457 seconds.
Data saved at t = 14.5499 s
Elapsed time is 0.028781 seconds.
Data saved at t = 14.5599 s
Elapsed time is 0.028278 seconds.
Data saved at t = 14.5699 s
Elapsed time is 0.028546 seconds.
291600 / 300000 time steps completed. t = 14.579950 s
Elapsed time is 7.491686 seconds.
Data saved at t = 14.5799 s
Elapsed time is 0.028420 seconds.
Data saved at t = 14.5899 s
Elapsed time is 0.028720 seconds.
Data saved at t = 14.5999 s
Elapsed time is 0.028088 seconds.
Data saved at t = 14.6099 s
Elapsed time is 0.028319 seconds.
Data saved at t = 14.6199 s
Elapsed time is 0.028039 seconds.
Data saved at t = 14.6299 s
Elapsed time is 0.028316 seconds.
292800 / 300000 time steps completed. t = 14.639950 s
Elapsed time is 7.407735 seconds.
Data saved at t = 14.6399 s
Elapsed time is 0.027842 seconds.
Data saved at t = 14.6499 s
Elapsed time is 0.027505 seconds.
Data saved at t = 14.6599 s
Elapsed time is 0.028058 seconds.
Data saved at t = 14.6699 s
Elapsed time is 0.027983 seconds.
Data saved at t = 14.6799 s
Elapsed time is 0.028154 seconds.
Data saved at t = 14.6899 s
Elapsed time is 0.028716 seconds.
294000 / 300000 time steps completed. t = 14.699950 s
Elapsed time is 7.416931 seconds.
Data saved at t = 14.6999 s
Elapsed time is 0.027929 seconds.
Data saved at t = 14.7099 s
Elapsed time is 0.032415 seconds.
Data saved at t = 14.7199 s
Elapsed time is 0.028533 seconds.
Data saved at t = 14.7299 s
Elapsed time is 0.028899 seconds.
Data saved at t = 14.7399 s
Elapsed time is 0.031749 seconds.
Data saved at t = 14.7499 s
Elapsed time is 0.027525 seconds.
295200 / 300000 time steps completed. t = 14.759950 s
Elapsed time is 7.414695 seconds.
Data saved at t = 14.7599 s
Elapsed time is 0.031994 seconds.
Data saved at t = 14.7699 s
Elapsed time is 0.028103 seconds.
Data saved at t = 14.7799 s
Elapsed time is 0.028495 seconds.
Data saved at t = 14.7899 s
Elapsed time is 0.030717 seconds.
Data saved at t = 14.7999 s
Elapsed time is 0.027985 seconds.
Data saved at t = 14.8099 s
Elapsed time is 0.031711 seconds.
296400 / 300000 time steps completed. t = 14.819950 s
Elapsed time is 7.502001 seconds.
Data saved at t = 14.8199 s
Elapsed time is 0.028022 seconds.
Data saved at t = 14.8299 s
Elapsed time is 0.032325 seconds.
Data saved at t = 14.8399 s
Elapsed time is 0.028732 seconds.
Data saved at t = 14.8499 s
Elapsed time is 0.031465 seconds.
Data saved at t = 14.8599 s
Elapsed time is 0.032593 seconds.
Data saved at t = 14.8699 s
Elapsed time is 0.028657 seconds.
297600 / 300000 time steps completed. t = 14.879950 s
Elapsed time is 7.502564 seconds.
Data saved at t = 14.8799 s
Elapsed time is 0.028903 seconds.
Data saved at t = 14.8899 s
Elapsed time is 0.028616 seconds.
Data saved at t = 14.8999 s
Elapsed time is 0.028505 seconds.
Data saved at t = 14.9099 s
Elapsed time is 0.031725 seconds.
Data saved at t = 14.9199 s
Elapsed time is 0.027766 seconds.
Data saved at t = 14.9299 s
Elapsed time is 0.031894 seconds.
298800 / 300000 time steps completed. t = 14.939950 s
Elapsed time is 7.425721 seconds.
Data saved at t = 14.9399 s
Elapsed time is 0.027506 seconds.
Data saved at t = 14.9499 s
Elapsed time is 0.028047 seconds.
Data saved at t = 14.9599 s
Elapsed time is 0.028081 seconds.
Data saved at t = 14.9699 s
Elapsed time is 0.028011 seconds.
Data saved at t = 14.9799 s
Elapsed time is 0.031461 seconds.
Data saved at t = 14.9899 s
Elapsed time is 0.027969 seconds.
300000 / 300000 time steps completed. t = 14.999950 s
Elapsed time is 7.408995 seconds.
Data saved at t = 14.9999 s
Elapsed time is 0.031383 seconds.
[2026-07-07T16:46:43.676] error: *** JOB 36519049 ON c0704a-s13 CANCELLED AT 2026-07-07T16:46:43 DUE to SIGNAL Terminated ***
