Tue Jul  7 10:05:17 AM EDT 2026
c0704a-s22.ufhpc
Warning: X does not support locale en_US.UTF-8

fcut_dim =

    20


t_end_dim =

    15


Ldim =

     2


N =

        8000


MNOISE =

        1000


F0_noise =

    0.0250


Re_input =

    80


theta_deg =

    6.4000


rho =

        1072


mu =

    0.0067


Ca_input =

    0.0100


t_save =

    0.0100

hN = 2.0528e-03 m
uN = 2.4466e-01 m/s
TN = 8.3903e-03 s
mu = 0.0067, rho = 1072.0000, gamma = 0.1647, theta = 0.1117
F2 = 2.9725, We = 0.8000, Re = 80.0000, Ca = 0.0100
fcut_noise nondim = 1.6781e-01
dx = 1.2179e-01, dt = 5.9593e-03, nsteps = 300000
Fontconfig warning: "/usr/share/fontconfig/conf.avail/05-reset-dirs-sample.conf", line 6: unknown element "reset-dirs"
Fontconfig warning: "/usr/share/fontconfig/conf.avail/05-reset-dirs-sample.conf", line 6: unknown element "reset-dirs"
Initializing white noise phases...
1 / 300000 time steps completed. t = 0.000000 s
Elapsed time is 0.584017 seconds.
Data saved at t = 0.00995 s
Elapsed time is 0.907251 seconds.
Data saved at t = 0.01995 s
Elapsed time is 0.040075 seconds.
Data saved at t = 0.02995 s
Elapsed time is 0.037154 seconds.
Data saved at t = 0.03995 s
Elapsed time is 0.032751 seconds.
Data saved at t = 0.04995 s
Elapsed time is 0.060001 seconds.
1200 / 300000 time steps completed. t = 0.059950 s
Elapsed time is 5.355218 seconds.
Data saved at t = 0.05995 s
Elapsed time is 0.093318 seconds.
Data saved at t = 0.06995 s
Elapsed time is 0.030189 seconds.
Data saved at t = 0.07995 s
Elapsed time is 0.034816 seconds.
Data saved at t = 0.08995 s
Elapsed time is 0.106474 seconds.
Data saved at t = 0.09995 s
Elapsed time is 0.033565 seconds.
Data saved at t = 0.10995 s
Elapsed time is 0.029371 seconds.
2400 / 300000 time steps completed. t = 0.119950 s
Elapsed time is 5.425276 seconds.
Data saved at t = 0.11995 s
Elapsed time is 0.036705 seconds.
Data saved at t = 0.12995 s
Elapsed time is 0.037860 seconds.
Data saved at t = 0.13995 s
Elapsed time is 0.030462 seconds.
Data saved at t = 0.14995 s
Elapsed time is 0.033011 seconds.
Data saved at t = 0.15995 s
Elapsed time is 0.029065 seconds.
Data saved at t = 0.16995 s
Elapsed time is 0.029442 seconds.
3600 / 300000 time steps completed. t = 0.179950 s
Elapsed time is 5.566313 seconds.
Data saved at t = 0.17995 s
Elapsed time is 0.031227 seconds.
Data saved at t = 0.18995 s
Elapsed time is 0.028783 seconds.
Data saved at t = 0.19995 s
Elapsed time is 0.034072 seconds.
Data saved at t = 0.20995 s
Elapsed time is 0.054123 seconds.
Data saved at t = 0.21995 s
Elapsed time is 0.039141 seconds.
Data saved at t = 0.22995 s
Elapsed time is 0.033453 seconds.
4800 / 300000 time steps completed. t = 0.239950 s
Elapsed time is 5.747577 seconds.
Data saved at t = 0.23995 s
Elapsed time is 0.029007 seconds.
Data saved at t = 0.24995 s
Elapsed time is 0.033386 seconds.
Data saved at t = 0.25995 s
Elapsed time is 0.032353 seconds.
Data saved at t = 0.26995 s
Elapsed time is 0.029687 seconds.
Data saved at t = 0.27995 s
Elapsed time is 0.032118 seconds.
Data saved at t = 0.28995 s
Elapsed time is 0.029947 seconds.
6000 / 300000 time steps completed. t = 0.299950 s
Elapsed time is 5.889450 seconds.
Data saved at t = 0.29995 s
Elapsed time is 0.044120 seconds.
Data saved at t = 0.30995 s
Elapsed time is 0.028823 seconds.
Data saved at t = 0.31995 s
Elapsed time is 0.076055 seconds.
Data saved at t = 0.32995 s
Elapsed time is 0.029049 seconds.
Data saved at t = 0.33995 s
Elapsed time is 0.029861 seconds.
Data saved at t = 0.34995 s
Elapsed time is 0.032979 seconds.
7200 / 300000 time steps completed. t = 0.359950 s
Elapsed time is 6.071018 seconds.
Data saved at t = 0.35995 s
Elapsed time is 0.030624 seconds.
Data saved at t = 0.36995 s
Elapsed time is 0.032878 seconds.
Data saved at t = 0.37995 s
Elapsed time is 0.029513 seconds.
Data saved at t = 0.38995 s
Elapsed time is 0.029961 seconds.
Data saved at t = 0.39995 s
Elapsed time is 0.032986 seconds.
Data saved at t = 0.40995 s
Elapsed time is 0.029384 seconds.
8400 / 300000 time steps completed. t = 0.419950 s
Elapsed time is 6.141253 seconds.
Data saved at t = 0.41995 s
Elapsed time is 0.032404 seconds.
Data saved at t = 0.42995 s
Elapsed time is 0.029840 seconds.
Data saved at t = 0.43995 s
Elapsed time is 0.030245 seconds.
Data saved at t = 0.44995 s
Elapsed time is 0.032648 seconds.
Data saved at t = 0.45995 s
Elapsed time is 0.030034 seconds.
Data saved at t = 0.46995 s
Elapsed time is 0.029641 seconds.
9600 / 300000 time steps completed. t = 0.479950 s
Elapsed time is 6.277154 seconds.
Data saved at t = 0.47995 s
Elapsed time is 0.030176 seconds.
Data saved at t = 0.48995 s
Elapsed time is 0.032529 seconds.
Data saved at t = 0.49995 s
Elapsed time is 0.030183 seconds.
Data saved at t = 0.50995 s
Elapsed time is 0.033626 seconds.
Data saved at t = 0.51995 s
Elapsed time is 0.030651 seconds.
Data saved at t = 0.52995 s
Elapsed time is 0.029686 seconds.
10800 / 300000 time steps completed. t = 0.539950 s
Elapsed time is 6.272961 seconds.
Data saved at t = 0.53995 s
Elapsed time is 0.032727 seconds.
Data saved at t = 0.54995 s
Elapsed time is 0.028115 seconds.
Data saved at t = 0.55995 s
Elapsed time is 0.031429 seconds.
Data saved at t = 0.56995 s
Elapsed time is 0.028245 seconds.
Data saved at t = 0.57995 s
Elapsed time is 0.031329 seconds.
Data saved at t = 0.58995 s
Elapsed time is 0.030679 seconds.
12000 / 300000 time steps completed. t = 0.599950 s
Elapsed time is 6.609916 seconds.
Data saved at t = 0.59995 s
Elapsed time is 0.054565 seconds.
Data saved at t = 0.60995 s
Elapsed time is 0.090023 seconds.
Data saved at t = 0.61995 s
Elapsed time is 0.052419 seconds.
Data saved at t = 0.62995 s
Elapsed time is 0.097612 seconds.
Data saved at t = 0.63995 s
Elapsed time is 0.031079 seconds.
Data saved at t = 0.64995 s
Elapsed time is 0.032686 seconds.
13200 / 300000 time steps completed. t = 0.659950 s
Elapsed time is 6.759783 seconds.
Data saved at t = 0.65995 s
Elapsed time is 0.029825 seconds.
Data saved at t = 0.66995 s
Elapsed time is 0.034055 seconds.
Data saved at t = 0.67995 s
Elapsed time is 0.030761 seconds.
Data saved at t = 0.68995 s
Elapsed time is 0.033470 seconds.
Data saved at t = 0.69995 s
Elapsed time is 0.029707 seconds.
Data saved at t = 0.70995 s
Elapsed time is 0.030238 seconds.
14400 / 300000 time steps completed. t = 0.719950 s
Elapsed time is 6.785580 seconds.
Data saved at t = 0.71995 s
Elapsed time is 0.033973 seconds.
Data saved at t = 0.72995 s
Elapsed time is 0.029939 seconds.
Data saved at t = 0.73995 s
Elapsed time is 0.032673 seconds.
Data saved at t = 0.74995 s
Elapsed time is 0.029860 seconds.
Data saved at t = 0.75995 s
Elapsed time is 0.032417 seconds.
Data saved at t = 0.76995 s
Elapsed time is 0.031310 seconds.
15600 / 300000 time steps completed. t = 0.779950 s
Elapsed time is 6.885843 seconds.
Data saved at t = 0.77995 s
Elapsed time is 0.124472 seconds.
Data saved at t = 0.78995 s
Elapsed time is 0.030408 seconds.
Data saved at t = 0.79995 s
Elapsed time is 0.030179 seconds.
Data saved at t = 0.80995 s
Elapsed time is 0.033285 seconds.
Data saved at t = 0.81995 s
Elapsed time is 0.029826 seconds.
Data saved at t = 0.82995 s
Elapsed time is 0.034428 seconds.
16800 / 300000 time steps completed. t = 0.839950 s
Elapsed time is 6.937861 seconds.
Data saved at t = 0.83995 s
Elapsed time is 0.029807 seconds.
Data saved at t = 0.84995 s
Elapsed time is 0.033135 seconds.
Data saved at t = 0.85995 s
Elapsed time is 0.030468 seconds.
Data saved at t = 0.86995 s
Elapsed time is 0.033728 seconds.
Data saved at t = 0.87995 s
Elapsed time is 0.029900 seconds.
Data saved at t = 0.88995 s
Elapsed time is 0.029821 seconds.
18000 / 300000 time steps completed. t = 0.899950 s
Elapsed time is 7.038055 seconds.
Data saved at t = 0.89995 s
Elapsed time is 0.032411 seconds.
Data saved at t = 0.90995 s
Elapsed time is 0.030724 seconds.
Data saved at t = 0.91995 s
Elapsed time is 0.034533 seconds.
Data saved at t = 0.92995 s
Elapsed time is 0.030228 seconds.
Data saved at t = 0.93995 s
Elapsed time is 0.033582 seconds.
Data saved at t = 0.94995 s
Elapsed time is 0.032106 seconds.
19200 / 300000 time steps completed. t = 0.959950 s
Elapsed time is 7.126641 seconds.
Data saved at t = 0.95995 s
Elapsed time is 0.034753 seconds.
Data saved at t = 0.96995 s
Elapsed time is 0.029837 seconds.
Data saved at t = 0.97995 s
Elapsed time is 0.033621 seconds.
Data saved at t = 0.98995 s
Elapsed time is 0.031096 seconds.
Data saved at t = 0.99995 s
Elapsed time is 0.029986 seconds.
Data saved at t = 1.01 s
Elapsed time is 0.034170 seconds.
20400 / 300000 time steps completed. t = 1.019950 s
Elapsed time is 7.238997 seconds.
Data saved at t = 1.0199 s
Elapsed time is 0.030485 seconds.
Data saved at t = 1.03 s
Elapsed time is 0.033620 seconds.
Data saved at t = 1.04 s
Elapsed time is 0.029712 seconds.
Data saved at t = 1.0499 s
Elapsed time is 0.033289 seconds.
Data saved at t = 1.06 s
Elapsed time is 0.030084 seconds.
Data saved at t = 1.0699 s
Elapsed time is 0.033160 seconds.
21600 / 300000 time steps completed. t = 1.079950 s
Elapsed time is 7.320926 seconds.
Data saved at t = 1.0799 s
Elapsed time is 0.030095 seconds.
Data saved at t = 1.0899 s
Elapsed time is 0.030206 seconds.
Data saved at t = 1.1 s
Elapsed time is 0.034544 seconds.
Data saved at t = 1.11 s
Elapsed time is 0.030653 seconds.
Data saved at t = 1.12 s
Elapsed time is 0.033102 seconds.
Data saved at t = 1.13 s
Elapsed time is 0.030319 seconds.
22800 / 300000 time steps completed. t = 1.139950 s
Elapsed time is 7.422827 seconds.
Data saved at t = 1.14 s
Elapsed time is 0.033320 seconds.
Data saved at t = 1.15 s
Elapsed time is 0.030137 seconds.
Data saved at t = 1.16 s
Elapsed time is 0.033145 seconds.
Data saved at t = 1.17 s
Elapsed time is 0.031748 seconds.
Data saved at t = 1.18 s
Elapsed time is 0.031073 seconds.
Data saved at t = 1.19 s
Elapsed time is 0.033126 seconds.
24000 / 300000 time steps completed. t = 1.199950 s
Elapsed time is 7.503234 seconds.
Data saved at t = 1.2 s
Elapsed time is 0.030922 seconds.
Data saved at t = 1.21 s
Elapsed time is 0.033003 seconds.
Data saved at t = 1.22 s
Elapsed time is 0.031229 seconds.
Data saved at t = 1.23 s
Elapsed time is 0.033851 seconds.
Data saved at t = 1.24 s
Elapsed time is 0.030825 seconds.
Data saved at t = 1.25 s
Elapsed time is 0.034064 seconds.
25200 / 300000 time steps completed. t = 1.259950 s
Elapsed time is 7.614493 seconds.
Data saved at t = 1.26 s
Elapsed time is 0.030240 seconds.
Data saved at t = 1.2699 s
Elapsed time is 0.035216 seconds.
Data saved at t = 1.28 s
Elapsed time is 0.030841 seconds.
Data saved at t = 1.29 s
Elapsed time is 0.030462 seconds.
Data saved at t = 1.2999 s
Elapsed time is 0.033938 seconds.
Data saved at t = 1.31 s
Elapsed time is 0.029848 seconds.
26400 / 300000 time steps completed. t = 1.319950 s
Elapsed time is 7.660678 seconds.
Data saved at t = 1.32 s
Elapsed time is 0.032600 seconds.
Data saved at t = 1.3299 s
Elapsed time is 0.030658 seconds.
Data saved at t = 1.3399 s
Elapsed time is 0.033452 seconds.
Data saved at t = 1.35 s
Elapsed time is 0.030407 seconds.
Data saved at t = 1.3599 s
Elapsed time is 0.034040 seconds.
Data saved at t = 1.37 s
Elapsed time is 0.030171 seconds.
27600 / 300000 time steps completed. t = 1.379950 s
Elapsed time is 7.632122 seconds.
Data saved at t = 1.38 s
Elapsed time is 0.033720 seconds.
Data saved at t = 1.39 s
Elapsed time is 0.030021 seconds.
Data saved at t = 1.4 s
Elapsed time is 0.030269 seconds.
Data saved at t = 1.41 s
Elapsed time is 0.034604 seconds.
Data saved at t = 1.42 s
Elapsed time is 0.030600 seconds.
Data saved at t = 1.43 s
Elapsed time is 0.030228 seconds.
28800 / 300000 time steps completed. t = 1.439950 s
Elapsed time is 7.658450 seconds.
Data saved at t = 1.44 s
Elapsed time is 0.030494 seconds.
Data saved at t = 1.45 s
Elapsed time is 0.033666 seconds.
Data saved at t = 1.46 s
Elapsed time is 0.030235 seconds.
Data saved at t = 1.47 s
Elapsed time is 0.033104 seconds.
Data saved at t = 1.4799 s
Elapsed time is 0.030643 seconds.
Data saved at t = 1.49 s
Elapsed time is 0.029595 seconds.
30000 / 300000 time steps completed. t = 1.499950 s
Elapsed time is 7.688938 seconds.
Data saved at t = 1.5 s
Elapsed time is 0.033718 seconds.
Data saved at t = 1.5099 s
Elapsed time is 0.029951 seconds.
Data saved at t = 1.52 s
Elapsed time is 0.034367 seconds.
Data saved at t = 1.53 s
Elapsed time is 0.030339 seconds.
Data saved at t = 1.5399 s
Elapsed time is 0.034315 seconds.
Data saved at t = 1.5499 s
Elapsed time is 0.030163 seconds.
31200 / 300000 time steps completed. t = 1.559950 s
Elapsed time is 7.706000 seconds.
Data saved at t = 1.56 s
Elapsed time is 0.033785 seconds.
Data saved at t = 1.57 s
Elapsed time is 0.029335 seconds.
Data saved at t = 1.5799 s
Elapsed time is 0.033278 seconds.
Data saved at t = 1.59 s
Elapsed time is 0.030797 seconds.
Data saved at t = 1.6 s
Elapsed time is 0.030579 seconds.
Data saved at t = 1.6099 s
Elapsed time is 0.033031 seconds.
32400 / 300000 time steps completed. t = 1.619950 s
Elapsed time is 7.700452 seconds.
Data saved at t = 1.62 s
Elapsed time is 0.030279 seconds.
Data saved at t = 1.63 s
Elapsed time is 0.032994 seconds.
Data saved at t = 1.64 s
Elapsed time is 0.030269 seconds.
Data saved at t = 1.65 s
Elapsed time is 0.033897 seconds.
Data saved at t = 1.66 s
Elapsed time is 0.029861 seconds.
Data saved at t = 1.67 s
Elapsed time is 0.034631 seconds.
33600 / 300000 time steps completed. t = 1.679950 s
Elapsed time is 7.665884 seconds.
Data saved at t = 1.68 s
Elapsed time is 0.029229 seconds.
Data saved at t = 1.69 s
Elapsed time is 0.032399 seconds.
Data saved at t = 1.7 s
Elapsed time is 0.034273 seconds.
Data saved at t = 1.71 s
Elapsed time is 0.030661 seconds.
Data saved at t = 1.72 s
Elapsed time is 0.033981 seconds.
Data saved at t = 1.73 s
Elapsed time is 0.029829 seconds.
34800 / 300000 time steps completed. t = 1.739950 s
Elapsed time is 7.681750 seconds.
Data saved at t = 1.74 s
Elapsed time is 0.032818 seconds.
Data saved at t = 1.75 s
Elapsed time is 0.030006 seconds.
Data saved at t = 1.76 s
Elapsed time is 0.035343 seconds.
Data saved at t = 1.77 s
Elapsed time is 0.030050 seconds.
Data saved at t = 1.78 s
Elapsed time is 0.033318 seconds.
Data saved at t = 1.7899 s
Elapsed time is 0.030694 seconds.
36000 / 300000 time steps completed. t = 1.799950 s
Elapsed time is 7.719720 seconds.
Data saved at t = 1.8 s
Elapsed time is 0.029663 seconds.
Data saved at t = 1.81 s
Elapsed time is 0.034429 seconds.
Data saved at t = 1.8199 s
Elapsed time is 0.030275 seconds.
Data saved at t = 1.83 s
Elapsed time is 0.033147 seconds.
Data saved at t = 1.84 s
Elapsed time is 0.030983 seconds.
Data saved at t = 1.8499 s
Elapsed time is 0.033348 seconds.
37200 / 300000 time steps completed. t = 1.859950 s
Elapsed time is 7.687336 seconds.
Data saved at t = 1.8599 s
Elapsed time is 0.030173 seconds.
Data saved at t = 1.87 s
Elapsed time is 0.032218 seconds.
Data saved at t = 1.88 s
Elapsed time is 0.030571 seconds.
Data saved at t = 1.89 s
Elapsed time is 0.033671 seconds.
Data saved at t = 1.9 s
Elapsed time is 0.030504 seconds.
Data saved at t = 1.91 s
Elapsed time is 0.030333 seconds.
38400 / 300000 time steps completed. t = 1.919950 s
Elapsed time is 7.695235 seconds.
Data saved at t = 1.92 s
Elapsed time is 0.033122 seconds.
Data saved at t = 1.93 s
Elapsed time is 0.030571 seconds.
Data saved at t = 1.94 s
Elapsed time is 0.033989 seconds.
Data saved at t = 1.95 s
Elapsed time is 0.029924 seconds.
Data saved at t = 1.96 s
Elapsed time is 0.036085 seconds.
Data saved at t = 1.97 s
Elapsed time is 0.030258 seconds.
39600 / 300000 time steps completed. t = 1.979950 s
Elapsed time is 7.698544 seconds.
Data saved at t = 1.98 s
Elapsed time is 0.033146 seconds.
Data saved at t = 1.99 s
Elapsed time is 0.028512 seconds.
Data saved at t = 2 s
Elapsed time is 0.029779 seconds.
Data saved at t = 2.01 s
Elapsed time is 0.031020 seconds.
Data saved at t = 2.02 s
Elapsed time is 0.027994 seconds.
Data saved at t = 2.0299 s
Elapsed time is 0.034876 seconds.
40800 / 300000 time steps completed. t = 2.039950 s
Elapsed time is 7.738229 seconds.
Data saved at t = 2.04 s
Elapsed time is 0.029602 seconds.
Data saved at t = 2.0499 s
Elapsed time is 0.031942 seconds.
Data saved at t = 2.06 s
Elapsed time is 0.029778 seconds.
Data saved at t = 2.0699 s
Elapsed time is 0.033476 seconds.
Data saved at t = 2.08 s
Elapsed time is 0.028821 seconds.
Data saved at t = 2.0899 s
Elapsed time is 0.028704 seconds.
42000 / 300000 time steps completed. t = 2.099950 s
Elapsed time is 7.661576 seconds.
Data saved at t = 2.1 s
Elapsed time is 0.033970 seconds.
Data saved at t = 2.1099 s
Elapsed time is 0.031639 seconds.
Data saved at t = 2.12 s
Elapsed time is 0.034344 seconds.
Data saved at t = 2.13 s
Elapsed time is 0.030220 seconds.
Data saved at t = 2.1399 s
Elapsed time is 0.033819 seconds.
Data saved at t = 2.15 s
Elapsed time is 0.030255 seconds.
43200 / 300000 time steps completed. t = 2.159950 s
Elapsed time is 7.713142 seconds.
Data saved at t = 2.16 s
Elapsed time is 0.031947 seconds.
Data saved at t = 2.17 s
Elapsed time is 0.029782 seconds.
Data saved at t = 2.1799 s
Elapsed time is 0.034582 seconds.
Data saved at t = 2.19 s
Elapsed time is 0.030178 seconds.
Data saved at t = 2.2 s
Elapsed time is 0.030596 seconds.
Data saved at t = 2.21 s
Elapsed time is 0.035509 seconds.
44400 / 300000 time steps completed. t = 2.219950 s
Elapsed time is 7.737782 seconds.
Data saved at t = 2.22 s
Elapsed time is 0.030143 seconds.
Data saved at t = 2.23 s
Elapsed time is 0.032970 seconds.
Data saved at t = 2.2399 s
Elapsed time is 0.037407 seconds.
Data saved at t = 2.25 s
Elapsed time is 0.032716 seconds.
Data saved at t = 2.2599 s
Elapsed time is 0.029834 seconds.
Data saved at t = 2.27 s
Elapsed time is 0.034141 seconds.
45600 / 300000 time steps completed. t = 2.279950 s
Elapsed time is 7.779584 seconds.
Data saved at t = 2.28 s
Elapsed time is 0.031276 seconds.
Data saved at t = 2.29 s
Elapsed time is 0.030165 seconds.
Data saved at t = 2.2999 s
Elapsed time is 0.033426 seconds.
Data saved at t = 2.31 s
Elapsed time is 0.031151 seconds.
Data saved at t = 2.3199 s
Elapsed time is 0.034905 seconds.
Data saved at t = 2.3299 s
Elapsed time is 0.029621 seconds.
46800 / 300000 time steps completed. t = 2.339950 s
Elapsed time is 7.766945 seconds.
Data saved at t = 2.34 s
Elapsed time is 0.033562 seconds.
Data saved at t = 2.35 s
Elapsed time is 0.032398 seconds.
Data saved at t = 2.3599 s
Elapsed time is 0.033399 seconds.
Data saved at t = 2.37 s
Elapsed time is 0.030167 seconds.
Data saved at t = 2.38 s
Elapsed time is 0.036896 seconds.
Data saved at t = 2.3899 s
Elapsed time is 0.030100 seconds.
48000 / 300000 time steps completed. t = 2.399950 s
Elapsed time is 7.742558 seconds.
Data saved at t = 2.4 s
Elapsed time is 0.032626 seconds.
Data saved at t = 2.41 s
Elapsed time is 0.032812 seconds.
Data saved at t = 2.42 s
Elapsed time is 0.030136 seconds.
Data saved at t = 2.43 s
Elapsed time is 0.033341 seconds.
Data saved at t = 2.44 s
Elapsed time is 0.034891 seconds.
Data saved at t = 2.4499 s
Elapsed time is 0.033166 seconds.
49200 / 300000 time steps completed. t = 2.459950 s
Elapsed time is 7.692084 seconds.
Data saved at t = 2.46 s
Elapsed time is 0.030339 seconds.
Data saved at t = 2.4699 s
Elapsed time is 0.034159 seconds.
Data saved at t = 2.48 s
Elapsed time is 0.030696 seconds.
Data saved at t = 2.49 s
Elapsed time is 0.031645 seconds.
Data saved at t = 2.5 s
Elapsed time is 0.043107 seconds.
Data saved at t = 2.5099 s
Elapsed time is 0.030183 seconds.
50400 / 300000 time steps completed. t = 2.519950 s
Elapsed time is 7.743566 seconds.
Data saved at t = 2.52 s
Elapsed time is 0.034057 seconds.
Data saved at t = 2.5299 s
Elapsed time is 0.030132 seconds.
Data saved at t = 2.5399 s
Elapsed time is 0.033554 seconds.
Data saved at t = 2.55 s
Elapsed time is 0.030838 seconds.
Data saved at t = 2.56 s
Elapsed time is 0.035835 seconds.
Data saved at t = 2.57 s
Elapsed time is 0.030359 seconds.
51600 / 300000 time steps completed. t = 2.579950 s
Elapsed time is 7.736409 seconds.
Data saved at t = 2.58 s
Elapsed time is 0.041633 seconds.
Data saved at t = 2.5899 s
Elapsed time is 0.029918 seconds.
Data saved at t = 2.5999 s
Elapsed time is 0.029912 seconds.
Data saved at t = 2.6099 s
Elapsed time is 0.035845 seconds.
Data saved at t = 2.62 s
Elapsed time is 0.038168 seconds.
Data saved at t = 2.63 s
Elapsed time is 0.034385 seconds.
52800 / 300000 time steps completed. t = 2.639950 s
Elapsed time is 7.744860 seconds.
Data saved at t = 2.64 s
Elapsed time is 0.030289 seconds.
Data saved at t = 2.65 s
Elapsed time is 0.033489 seconds.
Data saved at t = 2.66 s
Elapsed time is 0.030247 seconds.
Data saved at t = 2.67 s
Elapsed time is 0.033763 seconds.
Data saved at t = 2.68 s
Elapsed time is 0.031593 seconds.
Data saved at t = 2.69 s
Elapsed time is 0.030143 seconds.
54000 / 300000 time steps completed. t = 2.699950 s
Elapsed time is 7.745670 seconds.
Data saved at t = 2.7 s
Elapsed time is 0.033258 seconds.
Data saved at t = 2.71 s
Elapsed time is 0.029734 seconds.
Data saved at t = 2.72 s
Elapsed time is 0.032997 seconds.
Data saved at t = 2.73 s
Elapsed time is 0.029675 seconds.
Data saved at t = 2.7399 s
Elapsed time is 0.033961 seconds.
Data saved at t = 2.75 s
Elapsed time is 0.031002 seconds.
55200 / 300000 time steps completed. t = 2.759950 s
Elapsed time is 7.657613 seconds.
Data saved at t = 2.76 s
Elapsed time is 0.033245 seconds.
Data saved at t = 2.77 s
Elapsed time is 0.029201 seconds.
Data saved at t = 2.78 s
Elapsed time is 0.029675 seconds.
Data saved at t = 2.79 s
Elapsed time is 0.029846 seconds.
Data saved at t = 2.7999 s
Elapsed time is 0.029956 seconds.
Data saved at t = 2.81 s
Elapsed time is 0.033130 seconds.
56400 / 300000 time steps completed. t = 2.819950 s
Elapsed time is 7.654035 seconds.
Data saved at t = 2.82 s
Elapsed time is 0.030545 seconds.
Data saved at t = 2.83 s
Elapsed time is 0.032776 seconds.
Data saved at t = 2.84 s
Elapsed time is 0.030739 seconds.
Data saved at t = 2.85 s
Elapsed time is 0.033310 seconds.
Data saved at t = 2.8599 s
Elapsed time is 0.029553 seconds.
Data saved at t = 2.87 s
Elapsed time is 0.036072 seconds.
57600 / 300000 time steps completed. t = 2.879950 s
Elapsed time is 7.621787 seconds.
Data saved at t = 2.88 s
Elapsed time is 0.028869 seconds.
Data saved at t = 2.89 s
Elapsed time is 0.030575 seconds.
Data saved at t = 2.9 s
Elapsed time is 0.033661 seconds.
Data saved at t = 2.91 s
Elapsed time is 0.030210 seconds.
Data saved at t = 2.92 s
Elapsed time is 0.033705 seconds.
Data saved at t = 2.93 s
Elapsed time is 0.030681 seconds.
58800 / 300000 time steps completed. t = 2.939950 s
Elapsed time is 7.662012 seconds.
Data saved at t = 2.94 s
Elapsed time is 0.034052 seconds.
Data saved at t = 2.9499 s
Elapsed time is 0.030502 seconds.
Data saved at t = 2.96 s
Elapsed time is 0.032929 seconds.
Data saved at t = 2.97 s
Elapsed time is 0.029851 seconds.
Data saved at t = 2.98 s
Elapsed time is 0.032368 seconds.
Data saved at t = 2.99 s
Elapsed time is 0.029988 seconds.
60000 / 300000 time steps completed. t = 2.999950 s
Elapsed time is 7.770842 seconds.
Data saved at t = 3 s
Elapsed time is 0.030383 seconds.
Data saved at t = 3.0099 s
Elapsed time is 0.032943 seconds.
Data saved at t = 3.02 s
Elapsed time is 0.030295 seconds.
Data saved at t = 3.03 s
Elapsed time is 0.034005 seconds.
Data saved at t = 3.04 s
Elapsed time is 0.030667 seconds.
Data saved at t = 3.05 s
Elapsed time is 0.033497 seconds.
61200 / 300000 time steps completed. t = 3.059950 s
Elapsed time is 7.729300 seconds.
Data saved at t = 3.06 s
Elapsed time is 0.030352 seconds.
Data saved at t = 3.0699 s
Elapsed time is 0.033175 seconds.
Data saved at t = 3.08 s
Elapsed time is 0.030157 seconds.
Data saved at t = 3.0899 s
Elapsed time is 0.031047 seconds.
Data saved at t = 3.1 s
Elapsed time is 0.042382 seconds.
Data saved at t = 3.11 s
Elapsed time is 0.029533 seconds.
62400 / 300000 time steps completed. t = 3.119950 s
Elapsed time is 7.689261 seconds.
Data saved at t = 3.12 s
Elapsed time is 0.032904 seconds.
Data saved at t = 3.13 s
Elapsed time is 0.030346 seconds.
Data saved at t = 3.14 s
Elapsed time is 0.033464 seconds.
Data saved at t = 3.15 s
Elapsed time is 0.029899 seconds.
Data saved at t = 3.1599 s
Elapsed time is 0.034840 seconds.
Data saved at t = 3.17 s
Elapsed time is 0.030202 seconds.
63600 / 300000 time steps completed. t = 3.179950 s
Elapsed time is 7.804383 seconds.
Data saved at t = 3.18 s
Elapsed time is 0.032688 seconds.
Data saved at t = 3.19 s
Elapsed time is 0.030579 seconds.
Data saved at t = 3.2 s
Elapsed time is 0.032260 seconds.
Data saved at t = 3.21 s
Elapsed time is 0.032530 seconds.
Data saved at t = 3.2199 s
Elapsed time is 0.030904 seconds.
Data saved at t = 3.23 s
Elapsed time is 0.033080 seconds.
64800 / 300000 time steps completed. t = 3.239950 s
Elapsed time is 7.853634 seconds.
Data saved at t = 3.24 s
Elapsed time is 0.032348 seconds.
Data saved at t = 3.25 s
Elapsed time is 0.033638 seconds.
Data saved at t = 3.26 s
Elapsed time is 0.029670 seconds.
Data saved at t = 3.27 s
Elapsed time is 0.032772 seconds.
Data saved at t = 3.2799 s
Elapsed time is 0.050897 seconds.
Data saved at t = 3.29 s
Elapsed time is 0.030435 seconds.
66000 / 300000 time steps completed. t = 3.299950 s
Elapsed time is 7.738952 seconds.
Data saved at t = 3.2999 s
Elapsed time is 0.032979 seconds.
Data saved at t = 3.31 s
Elapsed time is 0.030251 seconds.
Data saved at t = 3.32 s
Elapsed time is 0.034785 seconds.
Data saved at t = 3.33 s
Elapsed time is 0.029841 seconds.
Data saved at t = 3.3399 s
Elapsed time is 0.081133 seconds.
Data saved at t = 3.35 s
Elapsed time is 0.112050 seconds.
67200 / 300000 time steps completed. t = 3.359950 s
Elapsed time is 7.880510 seconds.
Data saved at t = 3.3599 s
Elapsed time is 0.032497 seconds.
Data saved at t = 3.3699 s
Elapsed time is 0.028522 seconds.
Data saved at t = 3.38 s
Elapsed time is 0.028809 seconds.
Data saved at t = 3.39 s
Elapsed time is 0.030975 seconds.
Data saved at t = 3.4 s
Elapsed time is 0.028212 seconds.
Data saved at t = 3.41 s
Elapsed time is 0.033558 seconds.
68400 / 300000 time steps completed. t = 3.419950 s
Elapsed time is 7.747006 seconds.
Data saved at t = 3.42 s
Elapsed time is 0.030142 seconds.
Data saved at t = 3.4299 s
Elapsed time is 0.033903 seconds.
Data saved at t = 3.44 s
Elapsed time is 0.030656 seconds.
Data saved at t = 3.45 s
Elapsed time is 0.033483 seconds.
Data saved at t = 3.46 s
Elapsed time is 0.031067 seconds.
Data saved at t = 3.47 s
Elapsed time is 0.035121 seconds.
69600 / 300000 time steps completed. t = 3.479950 s
Elapsed time is 7.832420 seconds.
Data saved at t = 3.48 s
Elapsed time is 0.032157 seconds.
Data saved at t = 3.49 s
Elapsed time is 0.030879 seconds.
Data saved at t = 3.5 s
Elapsed time is 0.034399 seconds.
Data saved at t = 3.5099 s
Elapsed time is 0.030620 seconds.
Data saved at t = 3.52 s
Elapsed time is 0.033206 seconds.
Data saved at t = 3.53 s
Elapsed time is 0.032202 seconds.
70800 / 300000 time steps completed. t = 3.539950 s
Elapsed time is 7.826894 seconds.
Data saved at t = 3.54 s
Elapsed time is 0.034659 seconds.
Data saved at t = 3.55 s
Elapsed time is 0.031842 seconds.
Data saved at t = 3.56 s
Elapsed time is 0.032484 seconds.
Data saved at t = 3.5699 s
Elapsed time is 0.030164 seconds.
Data saved at t = 3.58 s
Elapsed time is 0.039218 seconds.
Data saved at t = 3.59 s
Elapsed time is 0.030533 seconds.
72000 / 300000 time steps completed. t = 3.599950 s
Elapsed time is 7.820906 seconds.
Data saved at t = 3.6 s
Elapsed time is 0.029688 seconds.
Data saved at t = 3.61 s
Elapsed time is 0.029930 seconds.
Data saved at t = 3.62 s
Elapsed time is 0.033096 seconds.
Data saved at t = 3.63 s
Elapsed time is 0.033335 seconds.
Data saved at t = 3.64 s
Elapsed time is 0.030344 seconds.
Data saved at t = 3.65 s
Elapsed time is 0.033754 seconds.
73200 / 300000 time steps completed. t = 3.659950 s
Elapsed time is 7.789130 seconds.
Data saved at t = 3.66 s
Elapsed time is 0.030184 seconds.
Data saved at t = 3.67 s
Elapsed time is 0.033987 seconds.
Data saved at t = 3.68 s
Elapsed time is 0.029676 seconds.
Data saved at t = 3.69 s
Elapsed time is 0.030646 seconds.
Data saved at t = 3.7 s
Elapsed time is 0.034658 seconds.
Data saved at t = 3.71 s
Elapsed time is 0.031720 seconds.
74400 / 300000 time steps completed. t = 3.719950 s
Elapsed time is 7.826575 seconds.
Data saved at t = 3.7199 s
Elapsed time is 0.032943 seconds.
Data saved at t = 3.73 s
Elapsed time is 0.029879 seconds.
Data saved at t = 3.74 s
Elapsed time is 0.048121 seconds.
Data saved at t = 3.75 s
Elapsed time is 0.030340 seconds.
Data saved at t = 3.76 s
Elapsed time is 0.034737 seconds.
Data saved at t = 3.77 s
Elapsed time is 0.029951 seconds.
75600 / 300000 time steps completed. t = 3.779950 s
Elapsed time is 7.816453 seconds.
Data saved at t = 3.7799 s
Elapsed time is 0.029561 seconds.
Data saved at t = 3.79 s
Elapsed time is 0.032815 seconds.
Data saved at t = 3.8 s
Elapsed time is 0.031109 seconds.
Data saved at t = 3.81 s
Elapsed time is 0.033712 seconds.
Data saved at t = 3.82 s
Elapsed time is 0.029759 seconds.
Data saved at t = 3.83 s
Elapsed time is 0.030232 seconds.
76800 / 300000 time steps completed. t = 3.839950 s
Elapsed time is 7.847622 seconds.
Data saved at t = 3.8399 s
Elapsed time is 0.030515 seconds.
Data saved at t = 3.85 s
Elapsed time is 0.033570 seconds.
Data saved at t = 3.8599 s
Elapsed time is 0.031065 seconds.
Data saved at t = 3.87 s
Elapsed time is 0.035351 seconds.
Data saved at t = 3.88 s
Elapsed time is 0.030470 seconds.
Data saved at t = 3.89 s
Elapsed time is 0.030812 seconds.
78000 / 300000 time steps completed. t = 3.899950 s
Elapsed time is 7.855683 seconds.
Data saved at t = 3.9 s
Elapsed time is 0.035275 seconds.
Data saved at t = 3.91 s
Elapsed time is 0.030148 seconds.
Data saved at t = 3.92 s
Elapsed time is 0.035700 seconds.
Data saved at t = 3.9299 s
Elapsed time is 0.030365 seconds.
Data saved at t = 3.94 s
Elapsed time is 0.035288 seconds.
Data saved at t = 3.95 s
Elapsed time is 0.035222 seconds.
79200 / 300000 time steps completed. t = 3.959950 s
Elapsed time is 7.832643 seconds.
Data saved at t = 3.96 s
Elapsed time is 0.042989 seconds.
Data saved at t = 3.97 s
Elapsed time is 0.030599 seconds.
Data saved at t = 3.98 s
Elapsed time is 0.030414 seconds.
Data saved at t = 3.9899 s
Elapsed time is 0.034697 seconds.
Data saved at t = 4 s
Elapsed time is 0.030321 seconds.
Data saved at t = 4.01 s
Elapsed time is 0.033994 seconds.
80400 / 300000 time steps completed. t = 4.019950 s
Elapsed time is 7.795644 seconds.
Data saved at t = 4.02 s
Elapsed time is 0.029474 seconds.
Data saved at t = 4.03 s
Elapsed time is 0.036676 seconds.
Data saved at t = 4.04 s
Elapsed time is 0.032215 seconds.
Data saved at t = 4.0499 s
Elapsed time is 0.044024 seconds.
Data saved at t = 4.0599 s
Elapsed time is 0.034227 seconds.
Data saved at t = 4.07 s
Elapsed time is 0.034375 seconds.
81600 / 300000 time steps completed. t = 4.079950 s
Elapsed time is 7.837852 seconds.
Data saved at t = 4.08 s
Elapsed time is 0.029537 seconds.
Data saved at t = 4.0899 s
Elapsed time is 0.030402 seconds.
Data saved at t = 4.1 s
Elapsed time is 0.033800 seconds.
Data saved at t = 4.11 s
Elapsed time is 0.030024 seconds.
Data saved at t = 4.12 s
Elapsed time is 0.035432 seconds.
Data saved at t = 4.13 s
Elapsed time is 0.034456 seconds.
82800 / 300000 time steps completed. t = 4.139950 s
Elapsed time is 7.817376 seconds.
Data saved at t = 4.14 s
Elapsed time is 0.033426 seconds.
Data saved at t = 4.15 s
Elapsed time is 0.030091 seconds.
Data saved at t = 4.16 s
Elapsed time is 0.034256 seconds.
Data saved at t = 4.17 s
Elapsed time is 0.033943 seconds.
Data saved at t = 4.1799 s
Elapsed time is 0.034249 seconds.
Data saved at t = 4.19 s
Elapsed time is 0.032944 seconds.
84000 / 300000 time steps completed. t = 4.199950 s
Elapsed time is 7.873679 seconds.
Data saved at t = 4.2 s
Elapsed time is 0.030520 seconds.
Data saved at t = 4.21 s
Elapsed time is 0.032922 seconds.
Data saved at t = 4.22 s
Elapsed time is 0.030444 seconds.
Data saved at t = 4.23 s
Elapsed time is 0.035833 seconds.
Data saved at t = 4.24 s
Elapsed time is 0.029297 seconds.
Data saved at t = 4.25 s
Elapsed time is 0.034673 seconds.
85200 / 300000 time steps completed. t = 4.259950 s
Elapsed time is 7.873097 seconds.
Data saved at t = 4.2599 s
Elapsed time is 0.029724 seconds.
Data saved at t = 4.2699 s
Elapsed time is 0.033561 seconds.
Data saved at t = 4.28 s
Elapsed time is 0.029811 seconds.
Data saved at t = 4.29 s
Elapsed time is 0.030325 seconds.
Data saved at t = 4.2999 s
Elapsed time is 0.033769 seconds.
Data saved at t = 4.31 s
Elapsed time is 0.030478 seconds.
86400 / 300000 time steps completed. t = 4.319950 s
Elapsed time is 7.856928 seconds.
Data saved at t = 4.32 s
Elapsed time is 0.034227 seconds.
Data saved at t = 4.33 s
Elapsed time is 0.030047 seconds.
Data saved at t = 4.34 s
Elapsed time is 0.033350 seconds.
Data saved at t = 4.3499 s
Elapsed time is 0.029591 seconds.
Data saved at t = 4.36 s
Elapsed time is 0.032783 seconds.
Data saved at t = 4.37 s
Elapsed time is 0.029882 seconds.
87600 / 300000 time steps completed. t = 4.379950 s
Elapsed time is 7.866933 seconds.
Data saved at t = 4.38 s
Elapsed time is 0.030162 seconds.
Data saved at t = 4.39 s
Elapsed time is 0.030847 seconds.
Data saved at t = 4.4 s
Elapsed time is 0.030000 seconds.
Data saved at t = 4.41 s
Elapsed time is 0.034993 seconds.
Data saved at t = 4.42 s
Elapsed time is 0.030020 seconds.
Data saved at t = 4.43 s
Elapsed time is 0.033542 seconds.
88800 / 300000 time steps completed. t = 4.439950 s
Elapsed time is 7.870009 seconds.
Data saved at t = 4.4399 s
Elapsed time is 0.029662 seconds.
Data saved at t = 4.45 s
Elapsed time is 0.033640 seconds.
Data saved at t = 4.46 s
Elapsed time is 0.029876 seconds.
Data saved at t = 4.4699 s
Elapsed time is 0.032991 seconds.
Data saved at t = 4.48 s
Elapsed time is 0.030242 seconds.
Data saved at t = 4.49 s
Elapsed time is 0.037701 seconds.
90000 / 300000 time steps completed. t = 4.499950 s
Elapsed time is 7.851396 seconds.
Data saved at t = 4.5 s
Elapsed time is 0.033727 seconds.
Data saved at t = 4.5099 s
Elapsed time is 0.030843 seconds.
Data saved at t = 4.52 s
Elapsed time is 0.033370 seconds.
Data saved at t = 4.53 s
Elapsed time is 0.030022 seconds.
Data saved at t = 4.54 s
Elapsed time is 0.035256 seconds.
Data saved at t = 4.55 s
Elapsed time is 0.031098 seconds.
91200 / 300000 time steps completed. t = 4.559950 s
Elapsed time is 7.848347 seconds.
Data saved at t = 4.5599 s
Elapsed time is 0.033998 seconds.
Data saved at t = 4.57 s
Elapsed time is 0.030508 seconds.
Data saved at t = 4.58 s
Elapsed time is 0.032949 seconds.
Data saved at t = 4.5899 s
Elapsed time is 0.032679 seconds.
Data saved at t = 4.6 s
Elapsed time is 0.029800 seconds.
Data saved at t = 4.61 s
Elapsed time is 0.033465 seconds.
92400 / 300000 time steps completed. t = 4.619950 s
Elapsed time is 7.834168 seconds.
Data saved at t = 4.62 s
Elapsed time is 0.030273 seconds.
Data saved at t = 4.63 s
Elapsed time is 0.034649 seconds.
Data saved at t = 4.64 s
Elapsed time is 0.030980 seconds.
Data saved at t = 4.6499 s
Elapsed time is 0.032864 seconds.
Data saved at t = 4.66 s
Elapsed time is 0.029848 seconds.
Data saved at t = 4.67 s
Elapsed time is 0.029988 seconds.
93600 / 300000 time steps completed. t = 4.679950 s
Elapsed time is 7.856055 seconds.
Data saved at t = 4.6799 s
Elapsed time is 0.029844 seconds.
Data saved at t = 4.69 s
Elapsed time is 0.031073 seconds.
Data saved at t = 4.7 s
Elapsed time is 0.030200 seconds.
Data saved at t = 4.71 s
Elapsed time is 0.029366 seconds.
Data saved at t = 4.7199 s
Elapsed time is 0.032904 seconds.
Data saved at t = 4.73 s
Elapsed time is 0.030785 seconds.
94800 / 300000 time steps completed. t = 4.739950 s
Elapsed time is 7.326363 seconds.
Data saved at t = 4.74 s
Elapsed time is 0.028198 seconds.
Data saved at t = 4.75 s
Elapsed time is 0.028500 seconds.
Data saved at t = 4.76 s
Elapsed time is 0.029245 seconds.
Data saved at t = 4.7699 s
Elapsed time is 0.031850 seconds.
Data saved at t = 4.78 s
Elapsed time is 0.030333 seconds.
Data saved at t = 4.79 s
Elapsed time is 0.033073 seconds.
96000 / 300000 time steps completed. t = 4.799950 s
Elapsed time is 7.862614 seconds.
Data saved at t = 4.7999 s
Elapsed time is 0.030462 seconds.
Data saved at t = 4.81 s
Elapsed time is 0.033947 seconds.
Data saved at t = 4.82 s
Elapsed time is 0.029717 seconds.
Data saved at t = 4.83 s
Elapsed time is 0.033542 seconds.
Data saved at t = 4.8399 s
Elapsed time is 0.030887 seconds.
Data saved at t = 4.85 s
Elapsed time is 0.042934 seconds.
97200 / 300000 time steps completed. t = 4.859950 s
Elapsed time is 7.884071 seconds.
Data saved at t = 4.8599 s
Elapsed time is 0.034475 seconds.
Data saved at t = 4.87 s
Elapsed time is 0.035154 seconds.
Data saved at t = 4.88 s
Elapsed time is 0.034160 seconds.
Data saved at t = 4.8899 s
Elapsed time is 0.031216 seconds.
Data saved at t = 4.9 s
Elapsed time is 0.033812 seconds.
Data saved at t = 4.91 s
Elapsed time is 0.029535 seconds.
98400 / 300000 time steps completed. t = 4.919950 s
Elapsed time is 7.834814 seconds.
Data saved at t = 4.92 s
Elapsed time is 0.033351 seconds.
Data saved at t = 4.9299 s
Elapsed time is 0.030995 seconds.
Data saved at t = 4.94 s
Elapsed time is 0.033699 seconds.
Data saved at t = 4.95 s
Elapsed time is 0.030607 seconds.
Data saved at t = 4.96 s
Elapsed time is 0.030183 seconds.
Data saved at t = 4.97 s
Elapsed time is 0.029918 seconds.
99600 / 300000 time steps completed. t = 4.979950 s
Elapsed time is 7.735142 seconds.
Data saved at t = 4.9799 s
Elapsed time is 0.030633 seconds.
Data saved at t = 4.99 s
Elapsed time is 0.034169 seconds.
Data saved at t = 5 s
Elapsed time is 0.030078 seconds.
Data saved at t = 5.0099 s
Elapsed time is 0.035939 seconds.
Data saved at t = 5.02 s
Elapsed time is 0.031918 seconds.
Data saved at t = 5.03 s
Elapsed time is 0.034258 seconds.
100800 / 300000 time steps completed. t = 5.039950 s
Elapsed time is 7.672130 seconds.
Data saved at t = 5.04 s
Elapsed time is 0.031060 seconds.
Data saved at t = 5.0499 s
Elapsed time is 0.029682 seconds.
Data saved at t = 5.06 s
Elapsed time is 0.032787 seconds.
Data saved at t = 5.0699 s
Elapsed time is 0.037434 seconds.
Data saved at t = 5.08 s
Elapsed time is 0.033116 seconds.
Data saved at t = 5.09 s
Elapsed time is 0.028833 seconds.
102000 / 300000 time steps completed. t = 5.099950 s
Elapsed time is 7.625034 seconds.
Data saved at t = 5.0999 s
Elapsed time is 0.035077 seconds.
Data saved at t = 5.11 s
Elapsed time is 0.036957 seconds.
Data saved at t = 5.12 s
Elapsed time is 0.032062 seconds.
Data saved at t = 5.13 s
Elapsed time is 0.030202 seconds.
Data saved at t = 5.1399 s
Elapsed time is 0.030487 seconds.
Data saved at t = 5.15 s
Elapsed time is 0.037920 seconds.
103200 / 300000 time steps completed. t = 5.159950 s
Elapsed time is 7.615381 seconds.
Data saved at t = 5.16 s
Elapsed time is 0.029497 seconds.
Data saved at t = 5.17 s
Elapsed time is 0.030913 seconds.
Data saved at t = 5.18 s
Elapsed time is 0.029697 seconds.
Data saved at t = 5.1899 s
Elapsed time is 0.032995 seconds.
Data saved at t = 5.2 s
Elapsed time is 0.028599 seconds.
Data saved at t = 5.21 s
Elapsed time is 0.032691 seconds.
104400 / 300000 time steps completed. t = 5.219950 s
Elapsed time is 7.571731 seconds.
Data saved at t = 5.2199 s
Elapsed time is 0.028983 seconds.
Data saved at t = 5.23 s
Elapsed time is 0.032304 seconds.
Data saved at t = 5.24 s
Elapsed time is 0.029673 seconds.
Data saved at t = 5.25 s
Elapsed time is 0.028923 seconds.
Data saved at t = 5.2599 s
Elapsed time is 0.051176 seconds.
Data saved at t = 5.27 s
Elapsed time is 0.028723 seconds.
105600 / 300000 time steps completed. t = 5.279950 s
Elapsed time is 7.568293 seconds.
Data saved at t = 5.2799 s
Elapsed time is 0.032068 seconds.
Data saved at t = 5.29 s
Elapsed time is 0.029344 seconds.
Data saved at t = 5.3 s
Elapsed time is 0.031363 seconds.
Data saved at t = 5.3099 s
Elapsed time is 0.028519 seconds.
Data saved at t = 5.32 s
Elapsed time is 0.031766 seconds.
Data saved at t = 5.33 s
Elapsed time is 0.028408 seconds.
106800 / 300000 time steps completed. t = 5.339950 s
Elapsed time is 7.519062 seconds.
Data saved at t = 5.3399 s
Elapsed time is 0.028622 seconds.
Data saved at t = 5.3499 s
Elapsed time is 0.031794 seconds.
Data saved at t = 5.36 s
Elapsed time is 0.029962 seconds.
Data saved at t = 5.37 s
Elapsed time is 0.034899 seconds.
Data saved at t = 5.38 s
Elapsed time is 0.029049 seconds.
Data saved at t = 5.39 s
Elapsed time is 0.033809 seconds.
108000 / 300000 time steps completed. t = 5.399950 s
Elapsed time is 7.594189 seconds.
Data saved at t = 5.3999 s
Elapsed time is 0.029444 seconds.
Data saved at t = 5.41 s
Elapsed time is 0.033503 seconds.
Data saved at t = 5.42 s
Elapsed time is 0.029191 seconds.
Data saved at t = 5.4299 s
Elapsed time is 0.031900 seconds.
Data saved at t = 5.44 s
Elapsed time is 0.029300 seconds.
Data saved at t = 5.45 s
Elapsed time is 0.032607 seconds.
109200 / 300000 time steps completed. t = 5.459950 s
Elapsed time is 7.571044 seconds.
Data saved at t = 5.46 s
Elapsed time is 0.031858 seconds.
Data saved at t = 5.4699 s
Elapsed time is 0.029778 seconds.
Data saved at t = 5.48 s
Elapsed time is 0.032158 seconds.
Data saved at t = 5.4899 s
Elapsed time is 0.029455 seconds.
Data saved at t = 5.5 s
Elapsed time is 0.033684 seconds.
Data saved at t = 5.51 s
Elapsed time is 0.029280 seconds.
110400 / 300000 time steps completed. t = 5.519950 s
Elapsed time is 7.620231 seconds.
Data saved at t = 5.5199 s
Elapsed time is 0.043334 seconds.
Data saved at t = 5.53 s
Elapsed time is 0.030322 seconds.
Data saved at t = 5.54 s
Elapsed time is 0.029907 seconds.
Data saved at t = 5.55 s
Elapsed time is 0.032429 seconds.
Data saved at t = 5.5599 s
Elapsed time is 0.035003 seconds.
Data saved at t = 5.57 s
Elapsed time is 0.032032 seconds.
111600 / 300000 time steps completed. t = 5.579950 s
Elapsed time is 7.617378 seconds.
Data saved at t = 5.58 s
Elapsed time is 0.028797 seconds.
Data saved at t = 5.5899 s
Elapsed time is 0.033367 seconds.
Data saved at t = 5.6 s
Elapsed time is 0.030243 seconds.
Data saved at t = 5.6099 s
Elapsed time is 0.033281 seconds.
Data saved at t = 5.62 s
Elapsed time is 0.030070 seconds.
Data saved at t = 5.63 s
Elapsed time is 0.030139 seconds.
112800 / 300000 time steps completed. t = 5.639950 s
Elapsed time is 7.673533 seconds.
Data saved at t = 5.64 s
Elapsed time is 0.033047 seconds.
Data saved at t = 5.65 s
Elapsed time is 0.029632 seconds.
Data saved at t = 5.66 s
Elapsed time is 0.033641 seconds.
Data saved at t = 5.67 s
Elapsed time is 0.029661 seconds.
Data saved at t = 5.6799 s
Elapsed time is 0.032805 seconds.
Data saved at t = 5.69 s
Elapsed time is 0.029332 seconds.
114000 / 300000 time steps completed. t = 5.699950 s
Elapsed time is 7.627337 seconds.
Data saved at t = 5.7 s
Elapsed time is 0.032538 seconds.
Data saved at t = 5.71 s
Elapsed time is 0.030057 seconds.
Data saved at t = 5.72 s
Elapsed time is 0.032571 seconds.
Data saved at t = 5.73 s
Elapsed time is 0.029976 seconds.
Data saved at t = 5.74 s
Elapsed time is 0.029571 seconds.
Data saved at t = 5.75 s
Elapsed time is 0.032320 seconds.
115200 / 300000 time steps completed. t = 5.759950 s
Elapsed time is 7.626872 seconds.
Data saved at t = 5.76 s
Elapsed time is 0.029159 seconds.
Data saved at t = 5.7699 s
Elapsed time is 0.032935 seconds.
Data saved at t = 5.78 s
Elapsed time is 0.030266 seconds.
Data saved at t = 5.79 s
Elapsed time is 0.032225 seconds.
Data saved at t = 5.7999 s
Elapsed time is 0.029419 seconds.
Data saved at t = 5.81 s
Elapsed time is 0.032203 seconds.
116400 / 300000 time steps completed. t = 5.819950 s
Elapsed time is 7.630845 seconds.
Data saved at t = 5.82 s
Elapsed time is 0.028342 seconds.
Data saved at t = 5.83 s
Elapsed time is 0.028302 seconds.
Data saved at t = 5.8399 s
Elapsed time is 0.028194 seconds.
Data saved at t = 5.85 s
Elapsed time is 0.028897 seconds.
Data saved at t = 5.86 s
Elapsed time is 0.033046 seconds.
Data saved at t = 5.87 s
Elapsed time is 0.038704 seconds.
117600 / 300000 time steps completed. t = 5.879950 s
Elapsed time is 7.701843 seconds.
Data saved at t = 5.88 s
Elapsed time is 0.032709 seconds.
Data saved at t = 5.8899 s
Elapsed time is 0.029741 seconds.
Data saved at t = 5.9 s
Elapsed time is 0.034555 seconds.
Data saved at t = 5.91 s
Elapsed time is 0.028122 seconds.
Data saved at t = 5.92 s
Elapsed time is 0.032025 seconds.
Data saved at t = 5.93 s
Elapsed time is 0.029233 seconds.
118800 / 300000 time steps completed. t = 5.939950 s
Elapsed time is 7.682543 seconds.
Data saved at t = 5.94 s
Elapsed time is 0.029264 seconds.
Data saved at t = 5.95 s
Elapsed time is 0.032224 seconds.
Data saved at t = 5.96 s
Elapsed time is 0.031084 seconds.
Data saved at t = 5.97 s
Elapsed time is 0.032862 seconds.
Data saved at t = 5.9799 s
Elapsed time is 0.029038 seconds.
Data saved at t = 5.99 s
Elapsed time is 0.039971 seconds.
120000 / 300000 time steps completed. t = 5.999950 s
Elapsed time is 7.675882 seconds.
Data saved at t = 6 s
Elapsed time is 0.028853 seconds.
Data saved at t = 6.0099 s
Elapsed time is 0.033359 seconds.
Data saved at t = 6.02 s
Elapsed time is 0.028574 seconds.
Data saved at t = 6.03 s
Elapsed time is 0.029603 seconds.
Data saved at t = 6.04 s
Elapsed time is 0.032409 seconds.
Data saved at t = 6.05 s
Elapsed time is 0.029138 seconds.
121200 / 300000 time steps completed. t = 6.059950 s
Elapsed time is 7.708425 seconds.
Data saved at t = 6.06 s
Elapsed time is 0.035084 seconds.
Data saved at t = 6.07 s
Elapsed time is 0.029879 seconds.
Data saved at t = 6.08 s
Elapsed time is 0.030199 seconds.
Data saved at t = 6.09 s
Elapsed time is 0.029368 seconds.
Data saved at t = 6.0999 s
Elapsed time is 0.035307 seconds.
Data saved at t = 6.11 s
Elapsed time is 0.029703 seconds.
122400 / 300000 time steps completed. t = 6.119950 s
Elapsed time is 7.442177 seconds.
Data saved at t = 6.12 s
Elapsed time is 0.032532 seconds.
Data saved at t = 6.13 s
Elapsed time is 0.029985 seconds.
Data saved at t = 6.14 s
Elapsed time is 0.028184 seconds.
Data saved at t = 6.15 s
Elapsed time is 0.030968 seconds.
Data saved at t = 6.16 s
Elapsed time is 0.029694 seconds.
Data saved at t = 6.17 s
Elapsed time is 0.032199 seconds.
123600 / 300000 time steps completed. t = 6.179950 s
Elapsed time is 7.745210 seconds.
Data saved at t = 6.18 s
Elapsed time is 0.029974 seconds.
Data saved at t = 6.19 s
Elapsed time is 0.033084 seconds.
Data saved at t = 6.2 s
Elapsed time is 0.030114 seconds.
Data saved at t = 6.21 s
Elapsed time is 0.033735 seconds.
Data saved at t = 6.2199 s
Elapsed time is 0.030349 seconds.
Data saved at t = 6.23 s
Elapsed time is 0.031346 seconds.
124800 / 300000 time steps completed. t = 6.239950 s
Elapsed time is 7.758279 seconds.
Data saved at t = 6.24 s
Elapsed time is 0.031788 seconds.
Data saved at t = 6.25 s
Elapsed time is 0.029600 seconds.
Data saved at t = 6.26 s
Elapsed time is 0.033283 seconds.
Data saved at t = 6.27 s
Elapsed time is 0.029032 seconds.
Data saved at t = 6.28 s
Elapsed time is 0.033734 seconds.
Data saved at t = 6.29 s
Elapsed time is 0.028716 seconds.
126000 / 300000 time steps completed. t = 6.299950 s
Elapsed time is 7.687603 seconds.
Data saved at t = 6.3 s
Elapsed time is 0.033158 seconds.
Data saved at t = 6.3099 s
Elapsed time is 0.030974 seconds.
Data saved at t = 6.32 s
Elapsed time is 0.032438 seconds.
Data saved at t = 6.33 s
Elapsed time is 0.029924 seconds.
Data saved at t = 6.3399 s
Elapsed time is 0.029171 seconds.
Data saved at t = 6.35 s
Elapsed time is 0.032820 seconds.
127200 / 300000 time steps completed. t = 6.359950 s
Elapsed time is 7.780611 seconds.
Data saved at t = 6.36 s
Elapsed time is 0.029583 seconds.
Data saved at t = 6.37 s
Elapsed time is 0.033446 seconds.
Data saved at t = 6.38 s
Elapsed time is 0.029541 seconds.
Data saved at t = 6.39 s
Elapsed time is 0.033151 seconds.
Data saved at t = 6.4 s
Elapsed time is 0.029129 seconds.
Data saved at t = 6.41 s
Elapsed time is 0.032232 seconds.
128400 / 300000 time steps completed. t = 6.419950 s
Elapsed time is 7.716784 seconds.
Data saved at t = 6.42 s
Elapsed time is 0.029165 seconds.
Data saved at t = 6.4299 s
Elapsed time is 0.030771 seconds.
Data saved at t = 6.44 s
Elapsed time is 0.029935 seconds.
Data saved at t = 6.45 s
Elapsed time is 0.029794 seconds.
Data saved at t = 6.46 s
Elapsed time is 0.034150 seconds.
Data saved at t = 6.47 s
Elapsed time is 0.030375 seconds.
129600 / 300000 time steps completed. t = 6.479950 s
Elapsed time is 7.719196 seconds.
Data saved at t = 6.48 s
Elapsed time is 0.033891 seconds.
Data saved at t = 6.49 s
Elapsed time is 0.030100 seconds.
Data saved at t = 6.5 s
Elapsed time is 0.033067 seconds.
Data saved at t = 6.51 s
Elapsed time is 0.032768 seconds.
Data saved at t = 6.5199 s
Elapsed time is 0.030339 seconds.
Data saved at t = 6.53 s
Elapsed time is 0.036055 seconds.
130800 / 300000 time steps completed. t = 6.539950 s
Elapsed time is 7.808441 seconds.
Data saved at t = 6.54 s
Elapsed time is 0.033038 seconds.
Data saved at t = 6.5499 s
Elapsed time is 0.028993 seconds.
Data saved at t = 6.56 s
Elapsed time is 0.029832 seconds.
Data saved at t = 6.57 s
Elapsed time is 0.033504 seconds.
Data saved at t = 6.58 s
Elapsed time is 0.029027 seconds.
Data saved at t = 6.5899 s
Elapsed time is 0.033032 seconds.
132000 / 300000 time steps completed. t = 6.599950 s
Elapsed time is 7.860318 seconds.
Data saved at t = 6.6 s
Elapsed time is 0.028798 seconds.
Data saved at t = 6.61 s
Elapsed time is 0.033410 seconds.
Data saved at t = 6.62 s
Elapsed time is 0.029003 seconds.
Data saved at t = 6.63 s
Elapsed time is 0.033911 seconds.
Data saved at t = 6.6399 s
Elapsed time is 0.030213 seconds.
Data saved at t = 6.65 s
Elapsed time is 0.030181 seconds.
133200 / 300000 time steps completed. t = 6.659950 s
Elapsed time is 7.853382 seconds.
Data saved at t = 6.66 s
Elapsed time is 0.033917 seconds.
Data saved at t = 6.67 s
Elapsed time is 0.029526 seconds.
Data saved at t = 6.68 s
Elapsed time is 0.033003 seconds.
Data saved at t = 6.69 s
Elapsed time is 0.029386 seconds.
Data saved at t = 6.7 s
Elapsed time is 0.033900 seconds.
Data saved at t = 6.71 s
Elapsed time is 0.029337 seconds.
134400 / 300000 time steps completed. t = 6.719950 s
Elapsed time is 7.808241 seconds.
Data saved at t = 6.72 s
Elapsed time is 0.033602 seconds.
Data saved at t = 6.7299 s
Elapsed time is 0.029887 seconds.
Data saved at t = 6.74 s
Elapsed time is 0.032956 seconds.
Data saved at t = 6.75 s
Elapsed time is 0.030813 seconds.
Data saved at t = 6.7599 s
Elapsed time is 0.029797 seconds.
Data saved at t = 6.77 s
Elapsed time is 0.032827 seconds.
135600 / 300000 time steps completed. t = 6.779950 s
Elapsed time is 7.836223 seconds.
Data saved at t = 6.78 s
Elapsed time is 0.029332 seconds.
Data saved at t = 6.79 s
Elapsed time is 0.030213 seconds.
Data saved at t = 6.7999 s
Elapsed time is 0.030369 seconds.
Data saved at t = 6.81 s
Elapsed time is 0.033495 seconds.
Data saved at t = 6.82 s
Elapsed time is 0.030237 seconds.
Data saved at t = 6.83 s
Elapsed time is 0.032089 seconds.
136800 / 300000 time steps completed. t = 6.839950 s
Elapsed time is 7.864316 seconds.
Data saved at t = 6.84 s
Elapsed time is 0.032187 seconds.
Data saved at t = 6.8499 s
Elapsed time is 0.030207 seconds.
Data saved at t = 6.86 s
Elapsed time is 0.042148 seconds.
Data saved at t = 6.87 s
Elapsed time is 0.029972 seconds.
Data saved at t = 6.88 s
Elapsed time is 0.034169 seconds.
Data saved at t = 6.89 s
Elapsed time is 0.041751 seconds.
138000 / 300000 time steps completed. t = 6.899950 s
Elapsed time is 7.851909 seconds.
Data saved at t = 6.9 s
Elapsed time is 0.047575 seconds.
Data saved at t = 6.91 s
Elapsed time is 0.029936 seconds.
Data saved at t = 6.92 s
Elapsed time is 0.034263 seconds.
Data saved at t = 6.93 s
Elapsed time is 0.030846 seconds.
Data saved at t = 6.9399 s
Elapsed time is 0.037045 seconds.
Data saved at t = 6.95 s
Elapsed time is 0.029870 seconds.
139200 / 300000 time steps completed. t = 6.959950 s
Elapsed time is 7.830241 seconds.
Data saved at t = 6.96 s
Elapsed time is 0.029810 seconds.
Data saved at t = 6.9699 s
Elapsed time is 0.033620 seconds.
Data saved at t = 6.98 s
Elapsed time is 0.029476 seconds.
Data saved at t = 6.99 s
Elapsed time is 0.033686 seconds.
Data saved at t = 7 s
Elapsed time is 0.029724 seconds.
Data saved at t = 7.0099 s
Elapsed time is 0.032461 seconds.
140400 / 300000 time steps completed. t = 7.019950 s
Elapsed time is 7.773452 seconds.
Data saved at t = 7.02 s
Elapsed time is 0.029798 seconds.
Data saved at t = 7.03 s
Elapsed time is 0.033263 seconds.
Data saved at t = 7.04 s
Elapsed time is 0.029763 seconds.
Data saved at t = 7.05 s
Elapsed time is 0.033556 seconds.
Data saved at t = 7.0599 s
Elapsed time is 0.030621 seconds.
Data saved at t = 7.07 s
Elapsed time is 0.030246 seconds.
141600 / 300000 time steps completed. t = 7.079950 s
Elapsed time is 7.789358 seconds.
Data saved at t = 7.08 s
Elapsed time is 0.034059 seconds.
Data saved at t = 7.0899 s
Elapsed time is 0.029612 seconds.
Data saved at t = 7.1 s
Elapsed time is 0.034097 seconds.
Data saved at t = 7.11 s
Elapsed time is 0.030030 seconds.
Data saved at t = 7.12 s
Elapsed time is 0.033228 seconds.
Data saved at t = 7.13 s
Elapsed time is 0.030125 seconds.
142800 / 300000 time steps completed. t = 7.139950 s
Elapsed time is 7.782602 seconds.
Data saved at t = 7.14 s
Elapsed time is 0.033406 seconds.
Data saved at t = 7.1499 s
Elapsed time is 0.028252 seconds.
Data saved at t = 7.16 s
Elapsed time is 0.030728 seconds.
Data saved at t = 7.17 s
Elapsed time is 0.028164 seconds.
Data saved at t = 7.1799 s
Elapsed time is 0.028370 seconds.
Data saved at t = 7.19 s
Elapsed time is 0.031559 seconds.
144000 / 300000 time steps completed. t = 7.199950 s
Elapsed time is 7.774147 seconds.
Data saved at t = 7.2 s
Elapsed time is 0.030980 seconds.
Data saved at t = 7.21 s
Elapsed time is 0.035947 seconds.
Data saved at t = 7.2199 s
Elapsed time is 0.030238 seconds.
Data saved at t = 7.23 s
Elapsed time is 0.035003 seconds.
Data saved at t = 7.24 s
Elapsed time is 0.030936 seconds.
Data saved at t = 7.25 s
Elapsed time is 0.033044 seconds.
145200 / 300000 time steps completed. t = 7.259950 s
Elapsed time is 7.775988 seconds.
Data saved at t = 7.26 s
Elapsed time is 0.029729 seconds.
Data saved at t = 7.2699 s
Elapsed time is 0.029778 seconds.
Data saved at t = 7.28 s
Elapsed time is 0.032534 seconds.
Data saved at t = 7.29 s
Elapsed time is 0.029829 seconds.
Data saved at t = 7.3 s
Elapsed time is 0.033835 seconds.
Data saved at t = 7.31 s
Elapsed time is 0.029517 seconds.
146400 / 300000 time steps completed. t = 7.319950 s
Elapsed time is 7.787904 seconds.
Data saved at t = 7.32 s
Elapsed time is 0.033037 seconds.
Data saved at t = 7.33 s
Elapsed time is 0.029935 seconds.
Data saved at t = 7.3399 s
Elapsed time is 0.035706 seconds.
Data saved at t = 7.35 s
Elapsed time is 0.029879 seconds.
Data saved at t = 7.36 s
Elapsed time is 0.063496 seconds.
Data saved at t = 7.37 s
Elapsed time is 0.029878 seconds.
147600 / 300000 time steps completed. t = 7.379950 s
Elapsed time is 7.790894 seconds.
Data saved at t = 7.38 s
Elapsed time is 0.029974 seconds.
Data saved at t = 7.39 s
Elapsed time is 0.032455 seconds.
Data saved at t = 7.4 s
Elapsed time is 0.029451 seconds.
Data saved at t = 7.41 s
Elapsed time is 0.033185 seconds.
Data saved at t = 7.42 s
Elapsed time is 0.030403 seconds.
Data saved at t = 7.4299 s
Elapsed time is 0.032826 seconds.
148800 / 300000 time steps completed. t = 7.439950 s
Elapsed time is 7.806076 seconds.
Data saved at t = 7.44 s
Elapsed time is 0.029382 seconds.
Data saved at t = 7.45 s
Elapsed time is 0.033906 seconds.
Data saved at t = 7.46 s
Elapsed time is 0.030439 seconds.
Data saved at t = 7.47 s
Elapsed time is 0.059683 seconds.
Data saved at t = 7.48 s
Elapsed time is 0.033549 seconds.
Data saved at t = 7.49 s
Elapsed time is 0.029224 seconds.
150000 / 300000 time steps completed. t = 7.499950 s
Elapsed time is 7.248118 seconds.
Data saved at t = 7.5 s
Elapsed time is 0.031370 seconds.
Data saved at t = 7.51 s
Elapsed time is 0.028450 seconds.
Data saved at t = 7.52 s
Elapsed time is 0.031497 seconds.
Data saved at t = 7.53 s
Elapsed time is 0.030090 seconds.
Data saved at t = 7.54 s
Elapsed time is 0.032977 seconds.
Data saved at t = 7.5499 s
Elapsed time is 0.029211 seconds.
151200 / 300000 time steps completed. t = 7.559950 s
Elapsed time is 7.834178 seconds.
Data saved at t = 7.56 s
Elapsed time is 0.033339 seconds.
Data saved at t = 7.57 s
Elapsed time is 0.031650 seconds.
Data saved at t = 7.58 s
Elapsed time is 0.033826 seconds.
Data saved at t = 7.59 s
Elapsed time is 0.030490 seconds.
Data saved at t = 7.6 s
Elapsed time is 0.035669 seconds.
Data saved at t = 7.61 s
Elapsed time is 0.033138 seconds.
152400 / 300000 time steps completed. t = 7.619950 s
Elapsed time is 7.808231 seconds.
Data saved at t = 7.62 s
Elapsed time is 0.029515 seconds.
Data saved at t = 7.63 s
Elapsed time is 0.033455 seconds.
Data saved at t = 7.6399 s
Elapsed time is 0.029754 seconds.
Data saved at t = 7.65 s
Elapsed time is 0.033832 seconds.
Data saved at t = 7.66 s
Elapsed time is 0.029794 seconds.
Data saved at t = 7.67 s
Elapsed time is 0.038235 seconds.
153600 / 300000 time steps completed. t = 7.679950 s
Elapsed time is 7.815748 seconds.
Data saved at t = 7.68 s
Elapsed time is 0.030764 seconds.
Data saved at t = 7.69 s
Elapsed time is 0.029565 seconds.
Data saved at t = 7.7 s
Elapsed time is 0.033549 seconds.
Data saved at t = 7.71 s
Elapsed time is 0.030269 seconds.
Data saved at t = 7.72 s
Elapsed time is 0.034057 seconds.
Data saved at t = 7.73 s
Elapsed time is 0.030731 seconds.
154800 / 300000 time steps completed. t = 7.739950 s
Elapsed time is 7.799952 seconds.
Data saved at t = 7.74 s
Elapsed time is 0.032576 seconds.
Data saved at t = 7.75 s
Elapsed time is 0.029747 seconds.
Data saved at t = 7.7599 s
Elapsed time is 0.033273 seconds.
Data saved at t = 7.77 s
Elapsed time is 0.029654 seconds.
Data saved at t = 7.78 s
Elapsed time is 0.040095 seconds.
Data saved at t = 7.79 s
Elapsed time is 0.029933 seconds.
156000 / 300000 time steps completed. t = 7.799950 s
Elapsed time is 7.835262 seconds.
Data saved at t = 7.8 s
Elapsed time is 0.029309 seconds.
Data saved at t = 7.81 s
Elapsed time is 0.039008 seconds.
Data saved at t = 7.82 s
Elapsed time is 0.030524 seconds.
Data saved at t = 7.83 s
Elapsed time is 0.035116 seconds.
Data saved at t = 7.84 s
Elapsed time is 0.031989 seconds.
Data saved at t = 7.8499 s
Elapsed time is 0.033269 seconds.
157200 / 300000 time steps completed. t = 7.859950 s
Elapsed time is 7.842824 seconds.
Data saved at t = 7.86 s
Elapsed time is 0.029514 seconds.
Data saved at t = 7.87 s
Elapsed time is 0.033923 seconds.
Data saved at t = 7.88 s
Elapsed time is 0.030680 seconds.
Data saved at t = 7.89 s
Elapsed time is 0.030841 seconds.
Data saved at t = 7.9 s
Elapsed time is 0.030207 seconds.
Data saved at t = 7.91 s
Elapsed time is 0.029172 seconds.
158400 / 300000 time steps completed. t = 7.919950 s
Elapsed time is 7.827609 seconds.
Data saved at t = 7.92 s
Elapsed time is 0.032978 seconds.
Data saved at t = 7.93 s
Elapsed time is 0.031623 seconds.
Data saved at t = 7.94 s
Elapsed time is 0.033629 seconds.
Data saved at t = 7.95 s
Elapsed time is 0.029662 seconds.
Data saved at t = 7.96 s
Elapsed time is 0.033734 seconds.
Data saved at t = 7.9699 s
Elapsed time is 0.030071 seconds.
159600 / 300000 time steps completed. t = 7.979950 s
Elapsed time is 7.818392 seconds.
Data saved at t = 7.98 s
Elapsed time is 0.033197 seconds.
Data saved at t = 7.99 s
Elapsed time is 0.029869 seconds.
Data saved at t = 8 s
Elapsed time is 0.030370 seconds.
Data saved at t = 8.01 s
Elapsed time is 0.034127 seconds.
Data saved at t = 8.0199 s
Elapsed time is 0.029294 seconds.
Data saved at t = 8.03 s
Elapsed time is 0.032851 seconds.
160800 / 300000 time steps completed. t = 8.039950 s
Elapsed time is 7.835323 seconds.
Data saved at t = 8.0399 s
Elapsed time is 0.028976 seconds.
Data saved at t = 8.05 s
Elapsed time is 0.032373 seconds.
Data saved at t = 8.06 s
Elapsed time is 0.031724 seconds.
Data saved at t = 8.07 s
Elapsed time is 0.032975 seconds.
Data saved at t = 8.08 s
Elapsed time is 0.030298 seconds.
Data saved at t = 8.0899 s
Elapsed time is 0.038021 seconds.
162000 / 300000 time steps completed. t = 8.099950 s
Elapsed time is 7.866369 seconds.
Data saved at t = 8.1 s
Elapsed time is 0.031034 seconds.
Data saved at t = 8.1099 s
Elapsed time is 0.033129 seconds.
Data saved at t = 8.12 s
Elapsed time is 0.030044 seconds.
Data saved at t = 8.1299 s
Elapsed time is 0.029966 seconds.
Data saved at t = 8.14 s
Elapsed time is 0.034660 seconds.
Data saved at t = 8.15 s
Elapsed time is 0.029890 seconds.
163200 / 300000 time steps completed. t = 8.159950 s
Elapsed time is 7.847599 seconds.
Data saved at t = 8.16 s
Elapsed time is 0.033166 seconds.
Data saved at t = 8.17 s
Elapsed time is 0.030254 seconds.
Data saved at t = 8.1799 s
Elapsed time is 0.033728 seconds.
Data saved at t = 8.19 s
Elapsed time is 0.031126 seconds.
Data saved at t = 8.1999 s
Elapsed time is 0.033411 seconds.
Data saved at t = 8.21 s
Elapsed time is 0.029645 seconds.
164400 / 300000 time steps completed. t = 8.219950 s
Elapsed time is 7.836269 seconds.
Data saved at t = 8.22 s
Elapsed time is 0.030002 seconds.
Data saved at t = 8.23 s
Elapsed time is 0.033356 seconds.
Data saved at t = 8.24 s
Elapsed time is 0.029971 seconds.
Data saved at t = 8.25 s
Elapsed time is 0.033031 seconds.
Data saved at t = 8.2599 s
Elapsed time is 0.029354 seconds.
Data saved at t = 8.2699 s
Elapsed time is 0.033854 seconds.
165600 / 300000 time steps completed. t = 8.279950 s
Elapsed time is 7.839059 seconds.
Data saved at t = 8.28 s
Elapsed time is 0.029499 seconds.
Data saved at t = 8.29 s
Elapsed time is 0.032568 seconds.
Data saved at t = 8.3 s
Elapsed time is 0.029164 seconds.
Data saved at t = 8.31 s
Elapsed time is 0.030224 seconds.
Data saved at t = 8.32 s
Elapsed time is 0.033253 seconds.
Data saved at t = 8.33 s
Elapsed time is 0.054928 seconds.
166800 / 300000 time steps completed. t = 8.339950 s
Elapsed time is 7.844316 seconds.
Data saved at t = 8.3399 s
Elapsed time is 0.033203 seconds.
Data saved at t = 8.3499 s
Elapsed time is 0.036816 seconds.
Data saved at t = 8.36 s
Elapsed time is 0.034922 seconds.
Data saved at t = 8.37 s
Elapsed time is 0.029874 seconds.
Data saved at t = 8.38 s
Elapsed time is 0.033043 seconds.
Data saved at t = 8.39 s
Elapsed time is 0.029201 seconds.
168000 / 300000 time steps completed. t = 8.399950 s
Elapsed time is 7.797269 seconds.
Data saved at t = 8.4 s
Elapsed time is 0.033279 seconds.
Data saved at t = 8.41 s
Elapsed time is 0.030488 seconds.
Data saved at t = 8.42 s
Elapsed time is 0.029906 seconds.
Data saved at t = 8.43 s
Elapsed time is 0.032902 seconds.
Data saved at t = 8.4399 s
Elapsed time is 0.038949 seconds.
Data saved at t = 8.45 s
Elapsed time is 0.032811 seconds.
169200 / 300000 time steps completed. t = 8.459950 s
Elapsed time is 7.768523 seconds.
Data saved at t = 8.46 s
Elapsed time is 0.033375 seconds.
Data saved at t = 8.47 s
Elapsed time is 0.033768 seconds.
Data saved at t = 8.48 s
Elapsed time is 0.029918 seconds.
Data saved at t = 8.49 s
Elapsed time is 0.036728 seconds.
Data saved at t = 8.5 s
Elapsed time is 0.029960 seconds.
Data saved at t = 8.5099 s
Elapsed time is 0.045380 seconds.
170400 / 300000 time steps completed. t = 8.519950 s
Elapsed time is 7.811237 seconds.
Data saved at t = 8.52 s
Elapsed time is 0.036708 seconds.
Data saved at t = 8.5299 s
Elapsed time is 0.031919 seconds.
Data saved at t = 8.54 s
Elapsed time is 0.033349 seconds.
Data saved at t = 8.55 s
Elapsed time is 0.049761 seconds.
Data saved at t = 8.56 s
Elapsed time is 0.033147 seconds.
Data saved at t = 8.57 s
Elapsed time is 0.029307 seconds.
171600 / 300000 time steps completed. t = 8.579950 s
Elapsed time is 7.736111 seconds.
Data saved at t = 8.58 s
Elapsed time is 0.042196 seconds.
Data saved at t = 8.5899 s
Elapsed time is 0.029256 seconds.
Data saved at t = 8.5999 s
Elapsed time is 0.031195 seconds.
Data saved at t = 8.6099 s
Elapsed time is 0.043349 seconds.
Data saved at t = 8.62 s
Elapsed time is 0.029956 seconds.
Data saved at t = 8.63 s
Elapsed time is 0.033548 seconds.
172800 / 300000 time steps completed. t = 8.639950 s
Elapsed time is 7.797662 seconds.
Data saved at t = 8.64 s
Elapsed time is 0.081412 seconds.
Data saved at t = 8.65 s
Elapsed time is 0.033403 seconds.
Data saved at t = 8.66 s
Elapsed time is 0.040879 seconds.
Data saved at t = 8.67 s
Elapsed time is 0.033216 seconds.
Data saved at t = 8.6799 s
Elapsed time is 0.029790 seconds.
Data saved at t = 8.69 s
Elapsed time is 0.032984 seconds.
174000 / 300000 time steps completed. t = 8.699950 s
Elapsed time is 7.792404 seconds.
Data saved at t = 8.7 s
Elapsed time is 0.029881 seconds.
Data saved at t = 8.7099 s
Elapsed time is 0.031034 seconds.
Data saved at t = 8.72 s
Elapsed time is 0.033158 seconds.
Data saved at t = 8.73 s
Elapsed time is 0.032360 seconds.
Data saved at t = 8.74 s
Elapsed time is 0.029657 seconds.
Data saved at t = 8.75 s
Elapsed time is 0.031660 seconds.
175200 / 300000 time steps completed. t = 8.759950 s
Elapsed time is 7.806090 seconds.
Data saved at t = 8.76 s
Elapsed time is 0.033533 seconds.
Data saved at t = 8.7699 s
Elapsed time is 0.029629 seconds.
Data saved at t = 8.7799 s
Elapsed time is 0.032843 seconds.
Data saved at t = 8.79 s
Elapsed time is 0.029731 seconds.
Data saved at t = 8.8 s
Elapsed time is 0.033984 seconds.
Data saved at t = 8.81 s
Elapsed time is 0.030067 seconds.
176400 / 300000 time steps completed. t = 8.819950 s
Elapsed time is 7.743417 seconds.
Data saved at t = 8.82 s
Elapsed time is 0.028877 seconds.
Data saved at t = 8.83 s
Elapsed time is 0.033264 seconds.
Data saved at t = 8.8399 s
Elapsed time is 0.029700 seconds.
Data saved at t = 8.8499 s
Elapsed time is 0.033432 seconds.
Data saved at t = 8.86 s
Elapsed time is 0.028795 seconds.
Data saved at t = 8.87 s
Elapsed time is 0.031949 seconds.
177600 / 300000 time steps completed. t = 8.879950 s
Elapsed time is 7.279032 seconds.
Data saved at t = 8.88 s
Elapsed time is 0.028123 seconds.
Data saved at t = 8.8899 s
Elapsed time is 0.030521 seconds.
Data saved at t = 8.9 s
Elapsed time is 0.030361 seconds.
Data saved at t = 8.91 s
Elapsed time is 0.030020 seconds.
Data saved at t = 8.92 s
Elapsed time is 0.033904 seconds.
Data saved at t = 8.93 s
Elapsed time is 0.029084 seconds.
178800 / 300000 time steps completed. t = 8.939950 s
Elapsed time is 7.732365 seconds.
Data saved at t = 8.94 s
Elapsed time is 0.033311 seconds.
Data saved at t = 8.9499 s
Elapsed time is 0.029880 seconds.
Data saved at t = 8.9599 s
Elapsed time is 0.034218 seconds.
Data saved at t = 8.97 s
Elapsed time is 0.029745 seconds.
Data saved at t = 8.98 s
Elapsed time is 0.033535 seconds.
Data saved at t = 8.99 s
Elapsed time is 0.029930 seconds.
180000 / 300000 time steps completed. t = 8.999950 s
Elapsed time is 7.817930 seconds.
Data saved at t = 9 s
Elapsed time is 0.029784 seconds.
Data saved at t = 9.0099 s
Elapsed time is 0.033205 seconds.
Data saved at t = 9.0199 s
Elapsed time is 0.029845 seconds.
Data saved at t = 9.0299 s
Elapsed time is 0.034372 seconds.
Data saved at t = 9.04 s
Elapsed time is 0.029804 seconds.
Data saved at t = 9.05 s
Elapsed time is 0.033974 seconds.
181200 / 300000 time steps completed. t = 9.059950 s
Elapsed time is 7.755146 seconds.
Data saved at t = 9.06 s
Elapsed time is 0.030004 seconds.
Data saved at t = 9.07 s
Elapsed time is 0.033134 seconds.
Data saved at t = 9.08 s
Elapsed time is 0.031164 seconds.
Data saved at t = 9.0899 s
Elapsed time is 0.029291 seconds.
Data saved at t = 9.0999 s
Elapsed time is 0.032397 seconds.
Data saved at t = 9.11 s
Elapsed time is 0.029628 seconds.
182400 / 300000 time steps completed. t = 9.119950 s
Elapsed time is 7.701774 seconds.
Data saved at t = 9.12 s
Elapsed time is 0.033131 seconds.
Data saved at t = 9.1299 s
Elapsed time is 0.029435 seconds.
Data saved at t = 9.14 s
Elapsed time is 0.039363 seconds.
Data saved at t = 9.15 s
Elapsed time is 0.029609 seconds.
Data saved at t = 9.16 s
Elapsed time is 0.033523 seconds.
Data saved at t = 9.17 s
Elapsed time is 0.030264 seconds.
183600 / 300000 time steps completed. t = 9.179950 s
Elapsed time is 7.747933 seconds.
Data saved at t = 9.18 s
Elapsed time is 0.033044 seconds.
Data saved at t = 9.1899 s
Elapsed time is 0.030200 seconds.
Data saved at t = 9.1999 s
Elapsed time is 0.029444 seconds.
Data saved at t = 9.21 s
Elapsed time is 0.033733 seconds.
Data saved at t = 9.22 s
Elapsed time is 0.039220 seconds.
Data saved at t = 9.23 s
Elapsed time is 0.043175 seconds.
184800 / 300000 time steps completed. t = 9.239950 s
Elapsed time is 7.806596 seconds.
Data saved at t = 9.24 s
Elapsed time is 0.030077 seconds.
Data saved at t = 9.25 s
Elapsed time is 0.032419 seconds.
Data saved at t = 9.2599 s
Elapsed time is 0.030162 seconds.
Data saved at t = 9.2699 s
Elapsed time is 0.032723 seconds.
Data saved at t = 9.28 s
Elapsed time is 0.029120 seconds.
Data saved at t = 9.29 s
Elapsed time is 0.033002 seconds.
186000 / 300000 time steps completed. t = 9.299950 s
Elapsed time is 7.781306 seconds.
Data saved at t = 9.3 s
Elapsed time is 0.029532 seconds.
Data saved at t = 9.3099 s
Elapsed time is 0.031108 seconds.
Data saved at t = 9.32 s
Elapsed time is 0.046701 seconds.
Data saved at t = 9.33 s
Elapsed time is 0.030558 seconds.
Data saved at t = 9.3399 s
Elapsed time is 0.033308 seconds.
Data saved at t = 9.35 s
Elapsed time is 0.030063 seconds.
187200 / 300000 time steps completed. t = 9.359950 s
Elapsed time is 7.761329 seconds.
Data saved at t = 9.36 s
Elapsed time is 0.032491 seconds.
Data saved at t = 9.3699 s
Elapsed time is 0.030016 seconds.
Data saved at t = 9.3799 s
Elapsed time is 0.032722 seconds.
Data saved at t = 9.39 s
Elapsed time is 0.030293 seconds.
Data saved at t = 9.4 s
Elapsed time is 0.030234 seconds.
Data saved at t = 9.41 s
Elapsed time is 0.033052 seconds.
188400 / 300000 time steps completed. t = 9.419950 s
Elapsed time is 7.762917 seconds.
Data saved at t = 9.42 s
Elapsed time is 0.029879 seconds.
Data saved at t = 9.4299 s
Elapsed time is 0.034411 seconds.
Data saved at t = 9.4399 s
Elapsed time is 0.029545 seconds.
Data saved at t = 9.4499 s
Elapsed time is 0.033478 seconds.
Data saved at t = 9.46 s
Elapsed time is 0.030191 seconds.
Data saved at t = 9.47 s
Elapsed time is 0.034417 seconds.
189600 / 300000 time steps completed. t = 9.479950 s
Elapsed time is 7.832153 seconds.
Data saved at t = 9.48 s
Elapsed time is 0.038342 seconds.
Data saved at t = 9.49 s
Elapsed time is 0.029928 seconds.
Data saved at t = 9.5 s
Elapsed time is 0.036831 seconds.
Data saved at t = 9.5099 s
Elapsed time is 0.030325 seconds.
Data saved at t = 9.5199 s
Elapsed time is 0.032507 seconds.
Data saved at t = 9.53 s
Elapsed time is 0.030843 seconds.
190800 / 300000 time steps completed. t = 9.539950 s
Elapsed time is 7.792755 seconds.
Data saved at t = 9.54 s
Elapsed time is 0.033918 seconds.
Data saved at t = 9.5499 s
Elapsed time is 0.030141 seconds.
Data saved at t = 9.56 s
Elapsed time is 0.032719 seconds.
Data saved at t = 9.57 s
Elapsed time is 0.030463 seconds.
Data saved at t = 9.58 s
Elapsed time is 0.035787 seconds.
Data saved at t = 9.5899 s
Elapsed time is 0.031225 seconds.
192000 / 300000 time steps completed. t = 9.599950 s
Elapsed time is 7.752136 seconds.
Data saved at t = 9.6 s
Elapsed time is 0.029849 seconds.
Data saved at t = 9.6099 s
Elapsed time is 0.039533 seconds.
Data saved at t = 9.6199 s
Elapsed time is 0.029652 seconds.
Data saved at t = 9.63 s
Elapsed time is 0.032983 seconds.
Data saved at t = 9.64 s
Elapsed time is 0.029488 seconds.
Data saved at t = 9.65 s
Elapsed time is 0.033344 seconds.
193200 / 300000 time steps completed. t = 9.659950 s
Elapsed time is 7.842572 seconds.
Data saved at t = 9.66 s
Elapsed time is 0.031597 seconds.
Data saved at t = 9.67 s
Elapsed time is 0.032777 seconds.
Data saved at t = 9.6799 s
Elapsed time is 0.051700 seconds.
Data saved at t = 9.6899 s
Elapsed time is 0.030418 seconds.
Data saved at t = 9.7 s
Elapsed time is 0.034041 seconds.
Data saved at t = 9.71 s
Elapsed time is 0.030077 seconds.
194400 / 300000 time steps completed. t = 9.719950 s
Elapsed time is 7.877651 seconds.
Data saved at t = 9.72 s
Elapsed time is 0.032976 seconds.
Data saved at t = 9.7299 s
Elapsed time is 0.029930 seconds.
Data saved at t = 9.74 s
Elapsed time is 0.029941 seconds.
Data saved at t = 9.75 s
Elapsed time is 0.030083 seconds.
Data saved at t = 9.7599 s
Elapsed time is 0.033858 seconds.
Data saved at t = 9.77 s
Elapsed time is 0.030619 seconds.
195600 / 300000 time steps completed. t = 9.779950 s
Elapsed time is 7.848412 seconds.
Data saved at t = 9.78 s
Elapsed time is 0.033552 seconds.
Data saved at t = 9.7899 s
Elapsed time is 0.030139 seconds.
Data saved at t = 9.7999 s
Elapsed time is 0.029485 seconds.
Data saved at t = 9.81 s
Elapsed time is 0.033501 seconds.
Data saved at t = 9.82 s
Elapsed time is 0.029979 seconds.
Data saved at t = 9.83 s
Elapsed time is 0.033510 seconds.
196800 / 300000 time steps completed. t = 9.839950 s
Elapsed time is 7.845691 seconds.
Data saved at t = 9.84 s
Elapsed time is 0.030105 seconds.
Data saved at t = 9.85 s
Elapsed time is 0.033128 seconds.
Data saved at t = 9.8599 s
Elapsed time is 0.031158 seconds.
Data saved at t = 9.8699 s
Elapsed time is 0.034302 seconds.
Data saved at t = 9.88 s
Elapsed time is 0.031102 seconds.
Data saved at t = 9.89 s
Elapsed time is 0.031196 seconds.
198000 / 300000 time steps completed. t = 9.899950 s
Elapsed time is 7.853439 seconds.
Data saved at t = 9.9 s
Elapsed time is 0.033974 seconds.
Data saved at t = 9.91 s
Elapsed time is 0.029966 seconds.
Data saved at t = 9.92 s
Elapsed time is 0.033307 seconds.
Data saved at t = 9.9299 s
Elapsed time is 0.035837 seconds.
Data saved at t = 9.9399 s
Elapsed time is 0.032611 seconds.
Data saved at t = 9.95 s
Elapsed time is 0.029829 seconds.
199200 / 300000 time steps completed. t = 9.959950 s
Elapsed time is 7.851845 seconds.
Data saved at t = 9.96 s
Elapsed time is 0.073075 seconds.
Data saved at t = 9.97 s
Elapsed time is 0.030525 seconds.
Data saved at t = 9.98 s
Elapsed time is 0.033696 seconds.
Data saved at t = 9.99 s
Elapsed time is 0.039310 seconds.
Data saved at t = 10 s
Elapsed time is 0.030717 seconds.
Data saved at t = 10.0099 s
Elapsed time is 0.035482 seconds.
200400 / 300000 time steps completed. t = 10.019950 s
Elapsed time is 7.854463 seconds.
Data saved at t = 10.02 s
Elapsed time is 0.030450 seconds.
Data saved at t = 10.03 s
Elapsed time is 0.034139 seconds.
Data saved at t = 10.0399 s
Elapsed time is 0.108910 seconds.
Data saved at t = 10.05 s
Elapsed time is 0.030211 seconds.
Data saved at t = 10.06 s
Elapsed time is 0.030500 seconds.
Data saved at t = 10.07 s
Elapsed time is 0.033311 seconds.
201600 / 300000 time steps completed. t = 10.079950 s
Elapsed time is 7.791876 seconds.
Data saved at t = 10.08 s
Elapsed time is 0.031715 seconds.
Data saved at t = 10.09 s
Elapsed time is 0.030169 seconds.
Data saved at t = 10.0999 s
Elapsed time is 0.032702 seconds.
Data saved at t = 10.1099 s
Elapsed time is 0.031789 seconds.
Data saved at t = 10.12 s
Elapsed time is 0.061435 seconds.
Data saved at t = 10.13 s
Elapsed time is 0.030603 seconds.
202800 / 300000 time steps completed. t = 10.139950 s
Elapsed time is 7.791014 seconds.
Data saved at t = 10.14 s
Elapsed time is 0.030270 seconds.
Data saved at t = 10.15 s
Elapsed time is 0.029628 seconds.
Data saved at t = 10.16 s
Elapsed time is 0.035173 seconds.
Data saved at t = 10.17 s
Elapsed time is 0.030234 seconds.
Data saved at t = 10.1799 s
Elapsed time is 0.033683 seconds.
Data saved at t = 10.19 s
Elapsed time is 0.030221 seconds.
204000 / 300000 time steps completed. t = 10.199950 s
Elapsed time is 7.837886 seconds.
Data saved at t = 10.2 s
Elapsed time is 0.029793 seconds.
Data saved at t = 10.21 s
Elapsed time is 0.033367 seconds.
Data saved at t = 10.22 s
Elapsed time is 0.031382 seconds.
Data saved at t = 10.23 s
Elapsed time is 0.031527 seconds.
Data saved at t = 10.24 s
Elapsed time is 0.029060 seconds.
Data saved at t = 10.25 s
Elapsed time is 0.030790 seconds.
205200 / 300000 time steps completed. t = 10.259950 s
Elapsed time is 7.222573 seconds.
Data saved at t = 10.26 s
Elapsed time is 0.028747 seconds.
Data saved at t = 10.27 s
Elapsed time is 0.033424 seconds.
Data saved at t = 10.2799 s
Elapsed time is 0.030080 seconds.
Data saved at t = 10.29 s
Elapsed time is 0.031393 seconds.
Data saved at t = 10.3 s
Elapsed time is 0.033974 seconds.
Data saved at t = 10.31 s
Elapsed time is 0.030958 seconds.
206400 / 300000 time steps completed. t = 10.319950 s
Elapsed time is 7.795903 seconds.
Data saved at t = 10.32 s
Elapsed time is 0.041231 seconds.
Data saved at t = 10.33 s
Elapsed time is 0.030012 seconds.
Data saved at t = 10.3399 s
Elapsed time is 0.033761 seconds.
Data saved at t = 10.3499 s
Elapsed time is 0.029552 seconds.
Data saved at t = 10.36 s
Elapsed time is 0.033723 seconds.
Data saved at t = 10.37 s
Elapsed time is 0.029907 seconds.
207600 / 300000 time steps completed. t = 10.379950 s
Elapsed time is 7.720203 seconds.
Data saved at t = 10.38 s
Elapsed time is 0.033624 seconds.
Data saved at t = 10.39 s
Elapsed time is 0.030524 seconds.
Data saved at t = 10.4 s
Elapsed time is 0.029854 seconds.
Data saved at t = 10.41 s
Elapsed time is 0.034082 seconds.
Data saved at t = 10.42 s
Elapsed time is 0.030344 seconds.
Data saved at t = 10.43 s
Elapsed time is 0.032601 seconds.
208800 / 300000 time steps completed. t = 10.439950 s
Elapsed time is 7.747927 seconds.
Data saved at t = 10.44 s
Elapsed time is 0.029529 seconds.
Data saved at t = 10.45 s
Elapsed time is 0.033271 seconds.
Data saved at t = 10.4599 s
Elapsed time is 0.029447 seconds.
Data saved at t = 10.47 s
Elapsed time is 0.034699 seconds.
Data saved at t = 10.48 s
Elapsed time is 0.029089 seconds.
Data saved at t = 10.49 s
Elapsed time is 0.030544 seconds.
210000 / 300000 time steps completed. t = 10.499950 s
Elapsed time is 7.679655 seconds.
Data saved at t = 10.5 s
Elapsed time is 0.033648 seconds.
Data saved at t = 10.51 s
Elapsed time is 0.030106 seconds.
Data saved at t = 10.5199 s
Elapsed time is 0.033587 seconds.
Data saved at t = 10.5299 s
Elapsed time is 0.029506 seconds.
Data saved at t = 10.54 s
Elapsed time is 0.033740 seconds.
Data saved at t = 10.55 s
Elapsed time is 0.030444 seconds.
211200 / 300000 time steps completed. t = 10.559950 s
Elapsed time is 7.697125 seconds.
Data saved at t = 10.56 s
Elapsed time is 0.033567 seconds.
Data saved at t = 10.57 s
Elapsed time is 0.031008 seconds.
Data saved at t = 10.58 s
Elapsed time is 0.034067 seconds.
Data saved at t = 10.5899 s
Elapsed time is 0.029608 seconds.
Data saved at t = 10.5999 s
Elapsed time is 0.032815 seconds.
Data saved at t = 10.61 s
Elapsed time is 0.035383 seconds.
212400 / 300000 time steps completed. t = 10.619950 s
Elapsed time is 7.746925 seconds.
Data saved at t = 10.62 s
Elapsed time is 0.029371 seconds.
Data saved at t = 10.63 s
Elapsed time is 0.038593 seconds.
Data saved at t = 10.64 s
Elapsed time is 0.030893 seconds.
Data saved at t = 10.65 s
Elapsed time is 0.033406 seconds.
Data saved at t = 10.66 s
Elapsed time is 0.029956 seconds.
Data saved at t = 10.67 s
Elapsed time is 0.033334 seconds.
213600 / 300000 time steps completed. t = 10.679950 s
Elapsed time is 7.721883 seconds.
Data saved at t = 10.68 s
Elapsed time is 0.029659 seconds.
Data saved at t = 10.69 s
Elapsed time is 0.032873 seconds.
Data saved at t = 10.6999 s
Elapsed time is 0.030657 seconds.
Data saved at t = 10.71 s
Elapsed time is 0.030064 seconds.
Data saved at t = 10.72 s
Elapsed time is 0.033395 seconds.
Data saved at t = 10.73 s
Elapsed time is 0.029583 seconds.
214800 / 300000 time steps completed. t = 10.739950 s
Elapsed time is 7.751329 seconds.
Data saved at t = 10.74 s
Elapsed time is 0.031443 seconds.
Data saved at t = 10.75 s
Elapsed time is 0.030211 seconds.
Data saved at t = 10.7599 s
Elapsed time is 0.033982 seconds.
Data saved at t = 10.7699 s
Elapsed time is 0.038574 seconds.
Data saved at t = 10.78 s
Elapsed time is 0.040976 seconds.
Data saved at t = 10.79 s
Elapsed time is 0.030019 seconds.
216000 / 300000 time steps completed. t = 10.799950 s
Elapsed time is 7.706549 seconds.
Data saved at t = 10.8 s
Elapsed time is 0.030535 seconds.
Data saved at t = 10.81 s
Elapsed time is 0.033817 seconds.
Data saved at t = 10.82 s
Elapsed time is 0.029934 seconds.
Data saved at t = 10.83 s
Elapsed time is 0.033018 seconds.
Data saved at t = 10.8399 s
Elapsed time is 0.029713 seconds.
Data saved at t = 10.85 s
Elapsed time is 0.033380 seconds.
217200 / 300000 time steps completed. t = 10.859950 s
Elapsed time is 7.646445 seconds.
Data saved at t = 10.86 s
Elapsed time is 0.029809 seconds.
Data saved at t = 10.87 s
Elapsed time is 0.029604 seconds.
Data saved at t = 10.8799 s
Elapsed time is 0.029968 seconds.
Data saved at t = 10.89 s
Elapsed time is 0.076733 seconds.
Data saved at t = 10.9 s
Elapsed time is 0.030510 seconds.
Data saved at t = 10.91 s
Elapsed time is 0.034332 seconds.
218400 / 300000 time steps completed. t = 10.919950 s
Elapsed time is 7.602648 seconds.
Data saved at t = 10.92 s
Elapsed time is 0.030852 seconds.
Data saved at t = 10.93 s
Elapsed time is 0.029413 seconds.
Data saved at t = 10.9399 s
Elapsed time is 0.030466 seconds.
Data saved at t = 10.9499 s
Elapsed time is 0.029988 seconds.
Data saved at t = 10.96 s
Elapsed time is 0.036843 seconds.
Data saved at t = 10.97 s
Elapsed time is 0.029672 seconds.
219600 / 300000 time steps completed. t = 10.979950 s
Elapsed time is 7.643856 seconds.
Data saved at t = 10.98 s
Elapsed time is 0.029610 seconds.
Data saved at t = 10.99 s
Elapsed time is 0.030432 seconds.
Data saved at t = 11 s
Elapsed time is 0.038289 seconds.
Data saved at t = 11.0099 s
Elapsed time is 0.029629 seconds.
Data saved at t = 11.0199 s
Elapsed time is 0.029536 seconds.
Data saved at t = 11.03 s
Elapsed time is 0.035804 seconds.
220800 / 300000 time steps completed. t = 11.039950 s
Elapsed time is 7.598003 seconds.
Data saved at t = 11.04 s
Elapsed time is 0.029585 seconds.
Data saved at t = 11.05 s
Elapsed time is 0.031622 seconds.
Data saved at t = 11.06 s
Elapsed time is 0.029645 seconds.
Data saved at t = 11.07 s
Elapsed time is 0.032520 seconds.
Data saved at t = 11.08 s
Elapsed time is 0.029264 seconds.
Data saved at t = 11.0899 s
Elapsed time is 0.029358 seconds.
222000 / 300000 time steps completed. t = 11.099950 s
Elapsed time is 7.576695 seconds.
Data saved at t = 11.1 s
Elapsed time is 0.029706 seconds.
Data saved at t = 11.11 s
Elapsed time is 0.030008 seconds.
Data saved at t = 11.1199 s
Elapsed time is 0.035772 seconds.
Data saved at t = 11.13 s
Elapsed time is 0.029862 seconds.
Data saved at t = 11.14 s
Elapsed time is 0.033387 seconds.
Data saved at t = 11.15 s
Elapsed time is 0.031570 seconds.
223200 / 300000 time steps completed. t = 11.159950 s
Elapsed time is 7.576622 seconds.
Data saved at t = 11.16 s
Elapsed time is 0.033066 seconds.
Data saved at t = 11.17 s
Elapsed time is 0.030705 seconds.
Data saved at t = 11.1799 s
Elapsed time is 0.029257 seconds.
Data saved at t = 11.1899 s
Elapsed time is 0.031204 seconds.
Data saved at t = 11.2 s
Elapsed time is 0.033259 seconds.
Data saved at t = 11.21 s
Elapsed time is 0.029285 seconds.
224400 / 300000 time steps completed. t = 11.219950 s
Elapsed time is 7.562620 seconds.
Data saved at t = 11.22 s
Elapsed time is 0.030183 seconds.
Data saved at t = 11.23 s
Elapsed time is 0.030560 seconds.
Data saved at t = 11.24 s
Elapsed time is 0.039527 seconds.
Data saved at t = 11.25 s
Elapsed time is 0.032152 seconds.
Data saved at t = 11.2599 s
Elapsed time is 0.029812 seconds.
Data saved at t = 11.27 s
Elapsed time is 0.033537 seconds.
225600 / 300000 time steps completed. t = 11.279950 s
Elapsed time is 7.545422 seconds.
Data saved at t = 11.28 s
Elapsed time is 0.030207 seconds.
Data saved at t = 11.29 s
Elapsed time is 0.032924 seconds.
Data saved at t = 11.2999 s
Elapsed time is 0.032598 seconds.
Data saved at t = 11.31 s
Elapsed time is 0.029469 seconds.
Data saved at t = 11.32 s
Elapsed time is 0.029106 seconds.
Data saved at t = 11.33 s
Elapsed time is 0.029625 seconds.
226800 / 300000 time steps completed. t = 11.339950 s
Elapsed time is 7.477679 seconds.
Data saved at t = 11.34 s
Elapsed time is 0.033723 seconds.
Data saved at t = 11.35 s
Elapsed time is 0.029903 seconds.
Data saved at t = 11.3599 s
Elapsed time is 0.029753 seconds.
Data saved at t = 11.3699 s
Elapsed time is 0.029574 seconds.
Data saved at t = 11.38 s
Elapsed time is 0.040054 seconds.
Data saved at t = 11.39 s
Elapsed time is 0.029728 seconds.
228000 / 300000 time steps completed. t = 11.399950 s
Elapsed time is 7.560818 seconds.
Data saved at t = 11.4 s
Elapsed time is 0.029738 seconds.
Data saved at t = 11.41 s
Elapsed time is 0.033964 seconds.
Data saved at t = 11.42 s
Elapsed time is 0.029486 seconds.
Data saved at t = 11.4299 s
Elapsed time is 0.034512 seconds.
Data saved at t = 11.4399 s
Elapsed time is 0.037965 seconds.
Data saved at t = 11.45 s
Elapsed time is 0.039486 seconds.
229200 / 300000 time steps completed. t = 11.459950 s
Elapsed time is 7.598076 seconds.
Data saved at t = 11.46 s
Elapsed time is 0.030623 seconds.
Data saved at t = 11.47 s
Elapsed time is 0.033339 seconds.
Data saved at t = 11.48 s
Elapsed time is 0.029942 seconds.
Data saved at t = 11.49 s
Elapsed time is 0.030044 seconds.
Data saved at t = 11.5 s
Elapsed time is 0.036446 seconds.
Data saved at t = 11.5099 s
Elapsed time is 0.029657 seconds.
230400 / 300000 time steps completed. t = 11.519950 s
Elapsed time is 7.589860 seconds.
Data saved at t = 11.52 s
Elapsed time is 0.035446 seconds.
Data saved at t = 11.53 s
Elapsed time is 0.031633 seconds.
Data saved at t = 11.54 s
Elapsed time is 0.030894 seconds.
Data saved at t = 11.55 s
Elapsed time is 0.038006 seconds.
Data saved at t = 11.56 s
Elapsed time is 0.030064 seconds.
Data saved at t = 11.57 s
Elapsed time is 0.041726 seconds.
231600 / 300000 time steps completed. t = 11.579950 s
Elapsed time is 7.576595 seconds.
Data saved at t = 11.58 s
Elapsed time is 0.070685 seconds.
Data saved at t = 11.59 s
Elapsed time is 0.030639 seconds.
Data saved at t = 11.6 s
Elapsed time is 0.042212 seconds.
Data saved at t = 11.6099 s
Elapsed time is 0.031411 seconds.
Data saved at t = 11.62 s
Elapsed time is 0.028240 seconds.
Data saved at t = 11.63 s
Elapsed time is 0.051331 seconds.
232800 / 300000 time steps completed. t = 11.639950 s
Elapsed time is 7.009046 seconds.
Data saved at t = 11.64 s
Elapsed time is 0.027487 seconds.
Data saved at t = 11.65 s
Elapsed time is 0.041460 seconds.
Data saved at t = 11.66 s
Elapsed time is 0.032810 seconds.
Data saved at t = 11.67 s
Elapsed time is 0.032873 seconds.
Data saved at t = 11.6799 s
Elapsed time is 0.029281 seconds.
Data saved at t = 11.69 s
Elapsed time is 0.033647 seconds.
234000 / 300000 time steps completed. t = 11.699950 s
Elapsed time is 7.541401 seconds.
Data saved at t = 11.7 s
Elapsed time is 0.029448 seconds.
Data saved at t = 11.71 s
Elapsed time is 0.029733 seconds.
Data saved at t = 11.72 s
Elapsed time is 0.034617 seconds.
Data saved at t = 11.73 s
Elapsed time is 0.029972 seconds.
Data saved at t = 11.74 s
Elapsed time is 0.033495 seconds.
Data saved at t = 11.75 s
Elapsed time is 0.030196 seconds.
235200 / 300000 time steps completed. t = 11.759950 s
Elapsed time is 7.520109 seconds.
Data saved at t = 11.76 s
Elapsed time is 0.030273 seconds.
Data saved at t = 11.77 s
Elapsed time is 0.029661 seconds.
Data saved at t = 11.78 s
Elapsed time is 0.032931 seconds.
Data saved at t = 11.7899 s
Elapsed time is 0.030121 seconds.
Data saved at t = 11.8 s
Elapsed time is 0.032758 seconds.
Data saved at t = 11.81 s
Elapsed time is 0.033793 seconds.
236400 / 300000 time steps completed. t = 11.819950 s
Elapsed time is 7.567456 seconds.
Data saved at t = 11.82 s
Elapsed time is 0.029501 seconds.
Data saved at t = 11.83 s
Elapsed time is 0.029243 seconds.
Data saved at t = 11.84 s
Elapsed time is 0.028995 seconds.
Data saved at t = 11.8499 s
Elapsed time is 0.032654 seconds.
Data saved at t = 11.8599 s
Elapsed time is 0.030483 seconds.
Data saved at t = 11.87 s
Elapsed time is 0.048429 seconds.
237600 / 300000 time steps completed. t = 11.879950 s
Elapsed time is 7.588941 seconds.
Data saved at t = 11.88 s
Elapsed time is 0.028735 seconds.
Data saved at t = 11.89 s
Elapsed time is 0.031365 seconds.
Data saved at t = 11.9 s
Elapsed time is 0.029336 seconds.
Data saved at t = 11.91 s
Elapsed time is 0.031152 seconds.
Data saved at t = 11.92 s
Elapsed time is 0.034991 seconds.
Data saved at t = 11.9299 s
Elapsed time is 0.036148 seconds.
238800 / 300000 time steps completed. t = 11.939950 s
Elapsed time is 7.539764 seconds.
Data saved at t = 11.94 s
Elapsed time is 0.033251 seconds.
Data saved at t = 11.95 s
Elapsed time is 0.029627 seconds.
Data saved at t = 11.96 s
Elapsed time is 0.033072 seconds.
Data saved at t = 11.97 s
Elapsed time is 0.029609 seconds.
Data saved at t = 11.98 s
Elapsed time is 0.032512 seconds.
Data saved at t = 11.99 s
Elapsed time is 0.029400 seconds.
240000 / 300000 time steps completed. t = 11.999950 s
Elapsed time is 7.593114 seconds.
Data saved at t = 12 s
Elapsed time is 0.030641 seconds.
Data saved at t = 12.01 s
Elapsed time is 0.032525 seconds.
Data saved at t = 12.02 s
Elapsed time is 0.029927 seconds.
Data saved at t = 12.0299 s
Elapsed time is 0.030520 seconds.
Data saved at t = 12.04 s
Elapsed time is 0.028843 seconds.
Data saved at t = 12.05 s
Elapsed time is 0.032996 seconds.
241200 / 300000 time steps completed. t = 12.059950 s
Elapsed time is 7.541252 seconds.
Data saved at t = 12.06 s
Elapsed time is 0.029239 seconds.
Data saved at t = 12.07 s
Elapsed time is 0.032679 seconds.
Data saved at t = 12.08 s
Elapsed time is 0.034015 seconds.
Data saved at t = 12.0899 s
Elapsed time is 0.038953 seconds.
Data saved at t = 12.0999 s
Elapsed time is 0.033757 seconds.
Data saved at t = 12.11 s
Elapsed time is 0.033301 seconds.
242400 / 300000 time steps completed. t = 12.119950 s
Elapsed time is 7.638684 seconds.
Data saved at t = 12.12 s
Elapsed time is 0.055464 seconds.
Data saved at t = 12.13 s
Elapsed time is 0.030042 seconds.
Data saved at t = 12.14 s
Elapsed time is 0.031093 seconds.
Data saved at t = 12.15 s
Elapsed time is 0.029699 seconds.
Data saved at t = 12.16 s
Elapsed time is 0.032804 seconds.
Data saved at t = 12.17 s
Elapsed time is 0.032621 seconds.
243600 / 300000 time steps completed. t = 12.179950 s
Elapsed time is 7.533042 seconds.
Data saved at t = 12.18 s
Elapsed time is 0.033841 seconds.
Data saved at t = 12.19 s
Elapsed time is 0.033335 seconds.
Data saved at t = 12.2 s
Elapsed time is 0.050855 seconds.
Data saved at t = 12.2099 s
Elapsed time is 0.038580 seconds.
Data saved at t = 12.22 s
Elapsed time is 0.029456 seconds.
Data saved at t = 12.23 s
Elapsed time is 0.032833 seconds.
244800 / 300000 time steps completed. t = 12.239950 s
Elapsed time is 7.256879 seconds.
Data saved at t = 12.24 s
Elapsed time is 0.034955 seconds.
Data saved at t = 12.25 s
Elapsed time is 0.035801 seconds.
Data saved at t = 12.26 s
Elapsed time is 0.028453 seconds.
Data saved at t = 12.2699 s
Elapsed time is 0.036481 seconds.
Data saved at t = 12.2799 s
Elapsed time is 0.031183 seconds.
Data saved at t = 12.29 s
Elapsed time is 0.052556 seconds.
246000 / 300000 time steps completed. t = 12.299950 s
Elapsed time is 7.695376 seconds.
Data saved at t = 12.3 s
Elapsed time is 0.030547 seconds.
Data saved at t = 12.31 s
Elapsed time is 0.033243 seconds.
Data saved at t = 12.32 s
Elapsed time is 0.032202 seconds.
Data saved at t = 12.33 s
Elapsed time is 0.029553 seconds.
Data saved at t = 12.3399 s
Elapsed time is 0.035205 seconds.
Data saved at t = 12.3499 s
Elapsed time is 0.029913 seconds.
247200 / 300000 time steps completed. t = 12.359950 s
Elapsed time is 7.701439 seconds.
Data saved at t = 12.36 s
Elapsed time is 0.052783 seconds.
Data saved at t = 12.37 s
Elapsed time is 0.030435 seconds.
Data saved at t = 12.38 s
Elapsed time is 0.032806 seconds.
Data saved at t = 12.39 s
Elapsed time is 0.030507 seconds.
Data saved at t = 12.4 s
Elapsed time is 0.030084 seconds.
Data saved at t = 12.41 s
Elapsed time is 0.033179 seconds.
248400 / 300000 time steps completed. t = 12.419950 s
Elapsed time is 7.701974 seconds.
Data saved at t = 12.42 s
Elapsed time is 0.029660 seconds.
Data saved at t = 12.43 s
Elapsed time is 0.032911 seconds.
Data saved at t = 12.44 s
Elapsed time is 0.030604 seconds.
Data saved at t = 12.4499 s
Elapsed time is 0.033392 seconds.
Data saved at t = 12.46 s
Elapsed time is 0.030385 seconds.
Data saved at t = 12.47 s
Elapsed time is 0.033285 seconds.
249600 / 300000 time steps completed. t = 12.479950 s
Elapsed time is 7.660969 seconds.
Data saved at t = 12.48 s
Elapsed time is 0.029638 seconds.
Data saved at t = 12.49 s
Elapsed time is 0.036733 seconds.
Data saved at t = 12.5 s
Elapsed time is 0.030643 seconds.
Data saved at t = 12.5099 s
Elapsed time is 0.029306 seconds.
Data saved at t = 12.5199 s
Elapsed time is 0.033169 seconds.
Data saved at t = 12.53 s
Elapsed time is 0.033367 seconds.
250800 / 300000 time steps completed. t = 12.539950 s
Elapsed time is 7.683505 seconds.
Data saved at t = 12.54 s
Elapsed time is 0.033355 seconds.
Data saved at t = 12.55 s
Elapsed time is 0.032127 seconds.
Data saved at t = 12.56 s
Elapsed time is 0.032921 seconds.
Data saved at t = 12.57 s
Elapsed time is 0.031864 seconds.
Data saved at t = 12.58 s
Elapsed time is 0.033288 seconds.
Data saved at t = 12.5899 s
Elapsed time is 0.029510 seconds.
252000 / 300000 time steps completed. t = 12.599950 s
Elapsed time is 7.682135 seconds.
Data saved at t = 12.6 s
Elapsed time is 0.031558 seconds.
Data saved at t = 12.61 s
Elapsed time is 0.029521 seconds.
Data saved at t = 12.62 s
Elapsed time is 0.031546 seconds.
Data saved at t = 12.6299 s
Elapsed time is 0.038027 seconds.
Data saved at t = 12.64 s
Elapsed time is 0.037612 seconds.
Data saved at t = 12.65 s
Elapsed time is 0.033245 seconds.
253200 / 300000 time steps completed. t = 12.659950 s
Elapsed time is 7.728473 seconds.
Data saved at t = 12.66 s
Elapsed time is 0.029266 seconds.
Data saved at t = 12.67 s
Elapsed time is 0.034112 seconds.
Data saved at t = 12.68 s
Elapsed time is 0.029786 seconds.
Data saved at t = 12.6899 s
Elapsed time is 0.032716 seconds.
Data saved at t = 12.6999 s
Elapsed time is 0.030782 seconds.
Data saved at t = 12.71 s
Elapsed time is 0.029532 seconds.
254400 / 300000 time steps completed. t = 12.719950 s
Elapsed time is 7.745232 seconds.
Data saved at t = 12.72 s
Elapsed time is 0.043343 seconds.
Data saved at t = 12.73 s
Elapsed time is 0.031078 seconds.
Data saved at t = 12.74 s
Elapsed time is 0.032757 seconds.
Data saved at t = 12.75 s
Elapsed time is 0.030281 seconds.
Data saved at t = 12.7599 s
Elapsed time is 0.034593 seconds.
Data saved at t = 12.7699 s
Elapsed time is 0.089721 seconds.
255600 / 300000 time steps completed. t = 12.779950 s
Elapsed time is 7.744922 seconds.
Data saved at t = 12.78 s
Elapsed time is 0.038703 seconds.
Data saved at t = 12.79 s
Elapsed time is 0.029608 seconds.
Data saved at t = 12.8 s
Elapsed time is 0.033894 seconds.
Data saved at t = 12.81 s
Elapsed time is 0.030667 seconds.
Data saved at t = 12.82 s
Elapsed time is 0.029115 seconds.
Data saved at t = 12.83 s
Elapsed time is 0.033666 seconds.
256800 / 300000 time steps completed. t = 12.839950 s
Elapsed time is 7.760866 seconds.
Data saved at t = 12.8399 s
Elapsed time is 0.030590 seconds.
Data saved at t = 12.85 s
Elapsed time is 0.033458 seconds.
Data saved at t = 12.86 s
Elapsed time is 0.029955 seconds.
Data saved at t = 12.8699 s
Elapsed time is 0.034346 seconds.
Data saved at t = 12.88 s
Elapsed time is 0.029731 seconds.
Data saved at t = 12.89 s
Elapsed time is 0.034084 seconds.
258000 / 300000 time steps completed. t = 12.899950 s
Elapsed time is 7.655767 seconds.
Data saved at t = 12.9 s
Elapsed time is 0.028967 seconds.
Data saved at t = 12.91 s
Elapsed time is 0.029499 seconds.
Data saved at t = 12.92 s
Elapsed time is 0.032611 seconds.
Data saved at t = 12.9299 s
Elapsed time is 0.029561 seconds.
Data saved at t = 12.9399 s
Elapsed time is 0.034001 seconds.
Data saved at t = 12.95 s
Elapsed time is 0.029386 seconds.
259200 / 300000 time steps completed. t = 12.959950 s
Elapsed time is 7.718924 seconds.
Data saved at t = 12.96 s
Elapsed time is 0.033792 seconds.
Data saved at t = 12.97 s
Elapsed time is 0.029575 seconds.
Data saved at t = 12.98 s
Elapsed time is 0.032493 seconds.
Data saved at t = 12.99 s
Elapsed time is 0.028562 seconds.
Data saved at t = 13 s
Elapsed time is 0.030724 seconds.
Data saved at t = 13.0099 s
Elapsed time is 0.027820 seconds.
260400 / 300000 time steps completed. t = 13.019950 s
Elapsed time is 6.889533 seconds.
Data saved at t = 13.02 s
Elapsed time is 0.027657 seconds.
Data saved at t = 13.03 s
Elapsed time is 0.033214 seconds.
Data saved at t = 13.04 s
Elapsed time is 0.029419 seconds.
Data saved at t = 13.0499 s
Elapsed time is 0.032676 seconds.
Data saved at t = 13.06 s
Elapsed time is 0.029751 seconds.
Data saved at t = 13.07 s
Elapsed time is 0.032037 seconds.
261600 / 300000 time steps completed. t = 13.079950 s
Elapsed time is 7.544500 seconds.
Data saved at t = 13.08 s
Elapsed time is 0.029334 seconds.
Data saved at t = 13.09 s
Elapsed time is 0.032664 seconds.
Data saved at t = 13.1 s
Elapsed time is 0.029348 seconds.
Data saved at t = 13.1099 s
Elapsed time is 0.032292 seconds.
Data saved at t = 13.1199 s
Elapsed time is 0.029611 seconds.
Data saved at t = 13.13 s
Elapsed time is 0.028835 seconds.
262800 / 300000 time steps completed. t = 13.139950 s
Elapsed time is 7.405045 seconds.
Data saved at t = 13.14 s
Elapsed time is 0.032318 seconds.
Data saved at t = 13.15 s
Elapsed time is 0.031248 seconds.
Data saved at t = 13.16 s
Elapsed time is 0.032972 seconds.
Data saved at t = 13.17 s
Elapsed time is 0.029384 seconds.
Data saved at t = 13.1799 s
Elapsed time is 0.040963 seconds.
Data saved at t = 13.1899 s
Elapsed time is 0.030807 seconds.
264000 / 300000 time steps completed. t = 13.199950 s
Elapsed time is 7.398914 seconds.
Data saved at t = 13.2 s
Elapsed time is 0.032000 seconds.
Data saved at t = 13.21 s
Elapsed time is 0.030673 seconds.
Data saved at t = 13.22 s
Elapsed time is 0.033340 seconds.
Data saved at t = 13.23 s
Elapsed time is 0.028721 seconds.
Data saved at t = 13.24 s
Elapsed time is 0.030090 seconds.
Data saved at t = 13.25 s
Elapsed time is 0.032925 seconds.
265200 / 300000 time steps completed. t = 13.259950 s
Elapsed time is 7.424542 seconds.
Data saved at t = 13.2599 s
Elapsed time is 0.028579 seconds.
Data saved at t = 13.27 s
Elapsed time is 0.031712 seconds.
Data saved at t = 13.28 s
Elapsed time is 0.029167 seconds.
Data saved at t = 13.29 s
Elapsed time is 0.032047 seconds.
Data saved at t = 13.3 s
Elapsed time is 0.031205 seconds.
Data saved at t = 13.31 s
Elapsed time is 0.033142 seconds.
266400 / 300000 time steps completed. t = 13.319950 s
Elapsed time is 7.473199 seconds.
Data saved at t = 13.32 s
Elapsed time is 0.029676 seconds.
Data saved at t = 13.33 s
Elapsed time is 0.029218 seconds.
Data saved at t = 13.34 s
Elapsed time is 0.032388 seconds.
Data saved at t = 13.35 s
Elapsed time is 0.029408 seconds.
Data saved at t = 13.3599 s
Elapsed time is 0.034726 seconds.
Data saved at t = 13.37 s
Elapsed time is 0.058752 seconds.
267600 / 300000 time steps completed. t = 13.379950 s
Elapsed time is 7.486290 seconds.
Data saved at t = 13.38 s
Elapsed time is 0.031996 seconds.
Data saved at t = 13.39 s
Elapsed time is 0.029267 seconds.
Data saved at t = 13.4 s
Elapsed time is 0.032423 seconds.
Data saved at t = 13.41 s
Elapsed time is 0.029627 seconds.
Data saved at t = 13.42 s
Elapsed time is 0.033720 seconds.
Data saved at t = 13.4299 s
Elapsed time is 0.029314 seconds.
268800 / 300000 time steps completed. t = 13.439950 s
Elapsed time is 7.435909 seconds.
Data saved at t = 13.44 s
Elapsed time is 0.030677 seconds.
Data saved at t = 13.45 s
Elapsed time is 0.031762 seconds.
Data saved at t = 13.46 s
Elapsed time is 0.028724 seconds.
Data saved at t = 13.47 s
Elapsed time is 0.033394 seconds.
Data saved at t = 13.48 s
Elapsed time is 0.028908 seconds.
Data saved at t = 13.49 s
Elapsed time is 0.033279 seconds.
270000 / 300000 time steps completed. t = 13.499950 s
Elapsed time is 7.430741 seconds.
Data saved at t = 13.5 s
Elapsed time is 0.030252 seconds.
Data saved at t = 13.51 s
Elapsed time is 0.033285 seconds.
Data saved at t = 13.52 s
Elapsed time is 0.029175 seconds.
Data saved at t = 13.53 s
Elapsed time is 0.028610 seconds.
Data saved at t = 13.5399 s
Elapsed time is 0.032718 seconds.
Data saved at t = 13.55 s
Elapsed time is 0.029345 seconds.
271200 / 300000 time steps completed. t = 13.559950 s
Elapsed time is 7.454795 seconds.
Data saved at t = 13.56 s
Elapsed time is 0.034787 seconds.
Data saved at t = 13.57 s
Elapsed time is 0.029177 seconds.
Data saved at t = 13.58 s
Elapsed time is 0.032864 seconds.
Data saved at t = 13.59 s
Elapsed time is 0.029356 seconds.
Data saved at t = 13.5999 s
Elapsed time is 0.033498 seconds.
Data saved at t = 13.6099 s
Elapsed time is 0.030249 seconds.
272400 / 300000 time steps completed. t = 13.619950 s
Elapsed time is 7.487344 seconds.
Data saved at t = 13.62 s
Elapsed time is 0.028999 seconds.
Data saved at t = 13.63 s
Elapsed time is 0.032592 seconds.
Data saved at t = 13.64 s
Elapsed time is 0.029812 seconds.
Data saved at t = 13.65 s
Elapsed time is 0.033247 seconds.
Data saved at t = 13.66 s
Elapsed time is 0.030876 seconds.
Data saved at t = 13.67 s
Elapsed time is 0.034423 seconds.
273600 / 300000 time steps completed. t = 13.679950 s
Elapsed time is 7.899599 seconds.
Data saved at t = 13.6799 s
Elapsed time is 0.029964 seconds.
Data saved at t = 13.69 s
Elapsed time is 0.034259 seconds.
Data saved at t = 13.7 s
Elapsed time is 0.030375 seconds.
Data saved at t = 13.71 s
Elapsed time is 0.033719 seconds.
Data saved at t = 13.72 s
Elapsed time is 0.031174 seconds.
Data saved at t = 13.73 s
Elapsed time is 0.029516 seconds.
274800 / 300000 time steps completed. t = 13.739950 s
Elapsed time is 7.878067 seconds.
Data saved at t = 13.74 s
Elapsed time is 0.034195 seconds.
Data saved at t = 13.75 s
Elapsed time is 0.030583 seconds.
Data saved at t = 13.76 s
Elapsed time is 0.032858 seconds.
Data saved at t = 13.77 s
Elapsed time is 0.029460 seconds.
Data saved at t = 13.7799 s
Elapsed time is 0.033382 seconds.
Data saved at t = 13.79 s
Elapsed time is 0.029897 seconds.
276000 / 300000 time steps completed. t = 13.799950 s
Elapsed time is 7.924311 seconds.
Data saved at t = 13.8 s
Elapsed time is 0.030495 seconds.
Data saved at t = 13.81 s
Elapsed time is 0.030822 seconds.
Data saved at t = 13.82 s
Elapsed time is 0.033609 seconds.
Data saved at t = 13.83 s
Elapsed time is 0.029980 seconds.
Data saved at t = 13.8399 s
Elapsed time is 0.030010 seconds.
Data saved at t = 13.8499 s
Elapsed time is 0.033590 seconds.
277200 / 300000 time steps completed. t = 13.859950 s
Elapsed time is 7.906198 seconds.
Data saved at t = 13.86 s
Elapsed time is 0.030537 seconds.
Data saved at t = 13.87 s
Elapsed time is 0.033845 seconds.
Data saved at t = 13.88 s
Elapsed time is 0.030178 seconds.
Data saved at t = 13.89 s
Elapsed time is 0.034731 seconds.
Data saved at t = 13.9 s
Elapsed time is 0.030746 seconds.
Data saved at t = 13.91 s
Elapsed time is 0.033522 seconds.
278400 / 300000 time steps completed. t = 13.919950 s
Elapsed time is 7.833796 seconds.
Data saved at t = 13.92 s
Elapsed time is 0.035395 seconds.
Data saved at t = 13.93 s
Elapsed time is 0.031386 seconds.
Data saved at t = 13.94 s
Elapsed time is 0.036179 seconds.
Data saved at t = 13.95 s
Elapsed time is 0.030311 seconds.
Data saved at t = 13.9599 s
Elapsed time is 0.030542 seconds.
Data saved at t = 13.97 s
Elapsed time is 0.034934 seconds.
279600 / 300000 time steps completed. t = 13.979950 s
Elapsed time is 7.924271 seconds.
Data saved at t = 13.98 s
Elapsed time is 0.033081 seconds.
Data saved at t = 13.99 s
Elapsed time is 0.030160 seconds.
Data saved at t = 14 s
Elapsed time is 0.033850 seconds.
Data saved at t = 14.01 s
Elapsed time is 0.032410 seconds.
Data saved at t = 14.0199 s
Elapsed time is 0.030467 seconds.
Data saved at t = 14.0299 s
Elapsed time is 0.034440 seconds.
280800 / 300000 time steps completed. t = 14.039950 s
Elapsed time is 7.929517 seconds.
Data saved at t = 14.04 s
Elapsed time is 0.030551 seconds.
Data saved at t = 14.05 s
Elapsed time is 0.034659 seconds.
Data saved at t = 14.06 s
Elapsed time is 0.029959 seconds.
Data saved at t = 14.07 s
Elapsed time is 0.033794 seconds.
Data saved at t = 14.08 s
Elapsed time is 0.031825 seconds.
Data saved at t = 14.0899 s
Elapsed time is 0.032091 seconds.
282000 / 300000 time steps completed. t = 14.099950 s
Elapsed time is 7.839292 seconds.
Data saved at t = 14.0999 s
Elapsed time is 0.029763 seconds.
Data saved at t = 14.11 s
Elapsed time is 0.030181 seconds.
Data saved at t = 14.12 s
Elapsed time is 0.030132 seconds.
Data saved at t = 14.13 s
Elapsed time is 0.030082 seconds.
Data saved at t = 14.14 s
Elapsed time is 0.033435 seconds.
Data saved at t = 14.15 s
Elapsed time is 0.029921 seconds.
283200 / 300000 time steps completed. t = 14.159950 s
Elapsed time is 7.855957 seconds.
Data saved at t = 14.16 s
Elapsed time is 0.033223 seconds.
Data saved at t = 14.17 s
Elapsed time is 0.035077 seconds.
Data saved at t = 14.18 s
Elapsed time is 0.033632 seconds.
Data saved at t = 14.19 s
Elapsed time is 0.035895 seconds.
Data saved at t = 14.1999 s
Elapsed time is 0.033784 seconds.
Data saved at t = 14.21 s
Elapsed time is 0.030757 seconds.
284400 / 300000 time steps completed. t = 14.219950 s
Elapsed time is 7.854720 seconds.
Data saved at t = 14.22 s
Elapsed time is 0.030096 seconds.
Data saved at t = 14.23 s
Elapsed time is 0.032290 seconds.
Data saved at t = 14.24 s
Elapsed time is 0.030466 seconds.
Data saved at t = 14.25 s
Elapsed time is 0.033426 seconds.
Data saved at t = 14.2599 s
Elapsed time is 0.029935 seconds.
Data saved at t = 14.2699 s
Elapsed time is 0.032886 seconds.
285600 / 300000 time steps completed. t = 14.279950 s
Elapsed time is 7.842998 seconds.
Data saved at t = 14.28 s
Elapsed time is 0.029797 seconds.
Data saved at t = 14.29 s
Elapsed time is 0.033149 seconds.
Data saved at t = 14.3 s
Elapsed time is 0.030374 seconds.
Data saved at t = 14.31 s
Elapsed time is 0.030184 seconds.
Data saved at t = 14.32 s
Elapsed time is 0.032992 seconds.
Data saved at t = 14.33 s
Elapsed time is 0.030424 seconds.
286800 / 300000 time steps completed. t = 14.339950 s
Elapsed time is 7.819111 seconds.
Data saved at t = 14.3399 s
Elapsed time is 0.032831 seconds.
Data saved at t = 14.35 s
Elapsed time is 0.030005 seconds.
Data saved at t = 14.36 s
Elapsed time is 0.033755 seconds.
Data saved at t = 14.37 s
Elapsed time is 0.029455 seconds.
Data saved at t = 14.3799 s
Elapsed time is 0.030436 seconds.
Data saved at t = 14.39 s
Elapsed time is 0.028844 seconds.
288000 / 300000 time steps completed. t = 14.399950 s
Elapsed time is 7.238966 seconds.
Data saved at t = 14.4 s
Elapsed time is 0.032145 seconds.
Data saved at t = 14.41 s
Elapsed time is 0.029822 seconds.
Data saved at t = 14.42 s
Elapsed time is 0.030440 seconds.
Data saved at t = 14.43 s
Elapsed time is 0.040383 seconds.
Data saved at t = 14.4399 s
Elapsed time is 0.031757 seconds.
Data saved at t = 14.4499 s
Elapsed time is 0.032394 seconds.
289200 / 300000 time steps completed. t = 14.459950 s
Elapsed time is 7.793776 seconds.
Data saved at t = 14.46 s
Elapsed time is 0.029666 seconds.
Data saved at t = 14.47 s
Elapsed time is 0.033622 seconds.
Data saved at t = 14.48 s
Elapsed time is 0.030557 seconds.
Data saved at t = 14.49 s
Elapsed time is 0.032942 seconds.
Data saved at t = 14.5 s
Elapsed time is 0.030450 seconds.
Data saved at t = 14.5099 s
Elapsed time is 0.034735 seconds.
290400 / 300000 time steps completed. t = 14.519950 s
Elapsed time is 7.834686 seconds.
Data saved at t = 14.5199 s
Elapsed time is 0.030312 seconds.
Data saved at t = 14.53 s
Elapsed time is 0.031231 seconds.
Data saved at t = 14.54 s
Elapsed time is 0.033393 seconds.
Data saved at t = 14.55 s
Elapsed time is 0.031060 seconds.
Data saved at t = 14.56 s
Elapsed time is 0.033313 seconds.
Data saved at t = 14.57 s
Elapsed time is 0.030500 seconds.
291600 / 300000 time steps completed. t = 14.579950 s
Elapsed time is 7.825884 seconds.
Data saved at t = 14.58 s
Elapsed time is 0.034198 seconds.
Data saved at t = 14.5899 s
Elapsed time is 0.031254 seconds.
Data saved at t = 14.6 s
Elapsed time is 0.034072 seconds.
Data saved at t = 14.61 s
Elapsed time is 0.030399 seconds.
Data saved at t = 14.6199 s
Elapsed time is 0.030591 seconds.
Data saved at t = 14.63 s
Elapsed time is 0.035396 seconds.
292800 / 300000 time steps completed. t = 14.639950 s
Elapsed time is 7.792922 seconds.
Data saved at t = 14.64 s
Elapsed time is 0.032236 seconds.
Data saved at t = 14.65 s
Elapsed time is 0.032977 seconds.
Data saved at t = 14.66 s
Elapsed time is 0.040000 seconds.
Data saved at t = 14.67 s
Elapsed time is 0.034422 seconds.
Data saved at t = 14.6799 s
Elapsed time is 0.030198 seconds.
Data saved at t = 14.6899 s
Elapsed time is 0.033313 seconds.
294000 / 300000 time steps completed. t = 14.699950 s
Elapsed time is 7.824123 seconds.
Data saved at t = 14.7 s
Elapsed time is 0.029950 seconds.
Data saved at t = 14.71 s
Elapsed time is 0.032157 seconds.
Data saved at t = 14.72 s
Elapsed time is 0.033549 seconds.
Data saved at t = 14.73 s
Elapsed time is 0.030180 seconds.
Data saved at t = 14.74 s
Elapsed time is 0.103722 seconds.
Data saved at t = 14.75 s
Elapsed time is 0.030510 seconds.
295200 / 300000 time steps completed. t = 14.759950 s
Elapsed time is 7.832499 seconds.
Data saved at t = 14.7599 s
Elapsed time is 0.032955 seconds.
Data saved at t = 14.77 s
Elapsed time is 0.030818 seconds.
Data saved at t = 14.78 s
Elapsed time is 0.052700 seconds.
Data saved at t = 14.79 s
Elapsed time is 0.030316 seconds.
Data saved at t = 14.7999 s
Elapsed time is 0.033521 seconds.
Data saved at t = 14.81 s
Elapsed time is 0.030628 seconds.
296400 / 300000 time steps completed. t = 14.819950 s
Elapsed time is 7.837704 seconds.
Data saved at t = 14.82 s
Elapsed time is 0.032085 seconds.
Data saved at t = 14.83 s
Elapsed time is 0.033611 seconds.
Data saved at t = 14.84 s
Elapsed time is 0.029453 seconds.
Data saved at t = 14.85 s
Elapsed time is 0.033613 seconds.
Data saved at t = 14.86 s
Elapsed time is 0.031007 seconds.
Data saved at t = 14.8699 s
Elapsed time is 0.033814 seconds.
297600 / 300000 time steps completed. t = 14.879950 s
Elapsed time is 7.810332 seconds.
Data saved at t = 14.88 s
Elapsed time is 0.031802 seconds.
Data saved at t = 14.89 s
Elapsed time is 0.034356 seconds.
Data saved at t = 14.9 s
Elapsed time is 0.032153 seconds.
Data saved at t = 14.91 s
Elapsed time is 0.034085 seconds.
Data saved at t = 14.92 s
Elapsed time is 0.031706 seconds.
Data saved at t = 14.9299 s
Elapsed time is 0.031282 seconds.
298800 / 300000 time steps completed. t = 14.939950 s
Elapsed time is 7.855717 seconds.
Data saved at t = 14.9399 s
Elapsed time is 0.035479 seconds.
Data saved at t = 14.95 s
Elapsed time is 0.030086 seconds.
Data saved at t = 14.96 s
Elapsed time is 0.034325 seconds.
Data saved at t = 14.97 s
Elapsed time is 0.030819 seconds.
Data saved at t = 14.98 s
Elapsed time is 0.035010 seconds.
Data saved at t = 14.99 s
Elapsed time is 0.064085 seconds.
300000 / 300000 time steps completed. t = 14.999950 s
Elapsed time is 7.896759 seconds.
Data saved at t = 15 s
Elapsed time is 0.034647 seconds.
[2026-07-07T16:46:43.681] error: *** JOB 36519063 ON c0704a-s22 CANCELLED AT 2026-07-07T16:46:43 DUE to SIGNAL Terminated ***
